sample_id,t,trafo_index,loading_pct
s0001,0,0,58.738525
s0001,1,0,52.049683
s0001,2,0,51.14266
s0001,3,0,43.600643
s0001,4,0,51.017216
s0001,5,0,59.3602
s0001,6,0,50.291107
s0001,7,0,54.525913
s0001,8,0,54.439323
s0001,9,0,61.158077
s0001,10,0,61.847942
s0001,11,0,61.127884
s0001,12,0,67.49517
s0001,13,0,65.95199
s0001,14,0,70.86941
s0001,15,0,67.69666
s0001,16,0,62.256718
s0001,17,0,63.592335
s0001,18,0,68.882904
s0001,19,0,67.00067
s0001,20,0,70.1546
s0001,21,0,68.53458
s0001,22,0,64.65357
s0001,23,0,65.037346
s0001,24,0,67.95683
s0001,25,0,68.88668
s0001,26,0,57.483227
s0001,27,0,67.69831
s0001,28,0,66.7971
s0001,29,0,71.37226
s0001,30,0,61.51942
s0001,31,0,56.90046
s0001,32,0,60.389473
s0001,33,0,50.578693
s0001,34,0,56.1669
s0001,35,0,71.118
s0001,36,0,56.543438
s0001,37,0,62.28501
s0001,38,0,49.357693
s0001,39,0,49.315228
s0001,40,0,62.358875
s0001,41,0,46.375477
s0001,42,0,43.89114
s0001,43,0,72.43005
s0001,44,0,38.520866
s0001,45,0,57.11468
s0001,46,0,17.834661
s0001,47,0,36.60935
s0001,48,0,50.74083
s0001,49,0,70.34851
s0001,50,0,46.623
s0001,51,0,59.190567
s0001,52,0,54.134026
s0001,53,0,53.33657
s0001,54,0,45.643326
s0001,55,0,53.721283
s0001,56,0,62.39176
s0001,57,0,66.02844
s0001,58,0,61.922825
s0001,59,0,69.20593
s0001,60,0,59.670174
s0001,61,0,53.86131
s0001,62,0,69.90615
s0001,63,0,69.48679
s0001,64,0,61.56744
s0001,65,0,62.048054
s0001,66,0,77.373505
s0001,67,0,63.68642
s0001,68,0,64.75433
s0001,69,0,62.193233
s0001,70,0,44.59371
s0001,71,0,62.75787
s0001,72,0,73.7543
s0001,73,0,74.8507
s0001,74,0,71.87845
s0001,75,0,70.88851
s0001,76,0,77.2324
s0001,77,0,73.14673
s0001,78,0,76.11623
s0001,79,0,71.69567
s0001,80,0,74.32432
s0001,81,0,72.82754
s0001,82,0,61.82175
s0001,83,0,55.957428
s0001,84,0,69.201225
s0001,85,0,71.88276
s0001,86,0,62.094143
s0001,87,0,61.037834
s0001,88,0,74.261284
s0001,89,0,69.41712
s0001,90,0,59.779064
s0001,91,0,72.35671
s0001,92,0,64.97765
s0001,93,0,77.01801
s0001,94,0,65.85206
s0001,95,0,65.67905
s0002,0,0,51.29575
s0002,1,0,43.765854
s0002,2,0,34.993214
s0002,3,0,35.907547
s0002,4,0,55.56405
s0002,5,0,51.758167
s0002,6,0,59.883797
s0002,7,0,59.777813
s0002,8,0,58.281845
s0002,9,0,54.420937
s0002,10,0,69.32506
s0002,11,0,69.389915
s0002,12,0,62.91394
s0002,13,0,72.94076
s0002,14,0,64.822975
s0002,15,0,69.3904
s0002,16,0,68.36431
s0002,17,0,60.23374
s0002,18,0,63.312996
s0002,19,0,67.173874
s0002,20,0,66.52165
s0002,21,0,57.661354
s0002,22,0,65.0694
s0002,23,0,51.053173
s0002,24,0,59.518646
s0002,25,0,59.777103
s0002,26,0,67.09124
s0002,27,0,59.927437
s0002,28,0,71.74844
s0002,29,0,74.00789
s0002,30,0,61.147972
s0002,31,0,58.649574
s0002,32,0,58.64624
s0002,33,0,55.283653
s0002,34,0,55.60906
s0002,35,0,56.321453
s0002,36,0,55.627716
s0002,37,0,55.903275
s0002,38,0,48.43977
s0002,39,0,64.37924
s0002,40,0,69.352
s0002,41,0,46.32806
s0002,42,0,45.84522
s0002,43,0,37.73398
s0002,44,0,25.239862
s0002,45,0,47.973743
s0002,46,0,42.447014
s0002,47,0,50.41299
s0002,48,0,49.77222
s0002,49,0,51.067226
s0002,50,0,42.75198
s0002,51,0,43.33262
s0002,52,0,55.285206
s0002,53,0,55.87623
s0002,54,0,41.940517
s0002,55,0,51.5842
s0002,56,0,65.53506
s0002,57,0,59.75868
s0002,58,0,61.58229
s0002,59,0,63.480007
s0002,60,0,60.834293
s0002,61,0,62.31712
s0002,62,0,87.35572
s0002,63,0,69.48614
s0002,64,0,60.430454
s0002,65,0,67.50511
s0002,66,0,70.386284
s0002,67,0,69.922874
s0002,68,0,71.79622
s0002,69,0,72.00426
s0002,70,0,44.650192
s0002,71,0,52.80417
s0002,72,0,62.21664
s0002,73,0,69.057785
s0002,74,0,72.04228
s0002,75,0,73.09453
s0002,76,0,64.582085
s0002,77,0,69.81404
s0002,78,0,59.795002
s0002,79,0,69.77014
s0002,80,0,77.26182
s0002,81,0,69.63741
s0002,82,0,64.77618
s0002,83,0,60.618614
s0002,84,0,68.64717
s0002,85,0,69.55856
s0002,86,0,71.762665
s0002,87,0,59.43306
s0002,88,0,57.286636
s0002,89,0,61.242275
s0002,90,0,60.19514
s0002,91,0,74.8348
s0002,92,0,62.15174
s0002,93,0,67.46545
s0002,94,0,69.72611
s0002,95,0,68.39516
s0003,0,0,59.116512
s0003,1,0,47.689224
s0003,2,0,45.65823
s0003,3,0,47.969994
s0003,4,0,39.82632
s0003,5,0,50.688583
s0003,6,0,59.09578
s0003,7,0,54.23457
s0003,8,0,60.032238
s0003,9,0,63.033203
s0003,10,0,53.171066
s0003,11,0,58.986008
s0003,12,0,82.87761
s0003,13,0,69.32042
s0003,14,0,66.514854
s0003,15,0,73.61773
s0003,16,0,67.05932
s0003,17,0,60.22101
s0003,18,0,65.12382
s0003,19,0,66.24361
s0003,20,0,73.72667
s0003,21,0,67.59442
s0003,22,0,65.99933
s0003,23,0,62.47035
s0003,24,0,80.07653
s0003,25,0,72.65985
s0003,26,0,64.81569
s0003,27,0,59.560474
s0003,28,0,61.556606
s0003,29,0,54.806675
s0003,30,0,52.011242
s0003,31,0,68.95972
s0003,32,0,61.479187
s0003,33,0,41.82447
s0003,34,0,58.61753
s0003,35,0,52.53006
s0003,36,0,59.59862
s0003,37,0,44.915466
s0003,38,0,70.98065
s0003,39,0,47.370113
s0003,40,0,55.802654
s0003,41,0,45.76563
s0003,42,0,41.34939
s0003,43,0,57.758347
s0003,44,0,66.860535
s0003,45,0,42.123646
s0003,46,0,33.9776
s0003,47,0,42.18112
s0003,48,0,63.907238
s0003,49,0,36.965588
s0003,50,0,67.1218
s0003,51,0,66.631966
s0003,52,0,46.63224
s0003,53,0,44.770916
s0003,54,0,51.429783
s0003,55,0,52.958206
s0003,56,0,65.74689
s0003,57,0,68.68876
s0003,58,0,53.816177
s0003,59,0,69.47477
s0003,60,0,63.252186
s0003,61,0,68.3706
s0003,62,0,69.55712
s0003,63,0,75.1025
s0003,64,0,56.20254
s0003,65,0,63.462086
s0003,66,0,70.17529
s0003,67,0,62.264236
s0003,68,0,66.02308
s0003,69,0,69.702484
s0003,70,0,59.84778
s0003,71,0,63.61547
s0003,72,0,60.62882
s0003,73,0,70.54822
s0003,74,0,71.75441
s0003,75,0,72.870575
s0003,76,0,71.728355
s0003,77,0,73.85808
s0003,78,0,57.014786
s0003,79,0,71.64578
s0003,80,0,85.66777
s0003,81,0,68.57318
s0003,82,0,63.968086
s0003,83,0,67.88897
s0003,84,0,71.653694
s0003,85,0,65.37594
s0003,86,0,59.699272
s0003,87,0,61.43806
s0003,88,0,67.69624
s0003,89,0,58.171577
s0003,90,0,63.405884
s0003,91,0,79.040955
s0003,92,0,61.052826
s0003,93,0,67.54962
s0003,94,0,61.65288
s0003,95,0,54.87645
s0004,0,0,52.814404
s0004,1,0,36.768005
s0004,2,0,51.65444
s0004,3,0,38.834946
s0004,4,0,58.26839
s0004,5,0,53.976955
s0004,6,0,51.368607
s0004,7,0,54.073456
s0004,8,0,63.735073
s0004,9,0,60.383595
s0004,10,0,53.853153
s0004,11,0,64.58629
s0004,12,0,75.0406
s0004,13,0,66.44249
s0004,14,0,66.28987
s0004,15,0,60.65562
s0004,16,0,64.503426
s0004,17,0,59.697094
s0004,18,0,57.63409
s0004,19,0,63.998676
s0004,20,0,74.860825
s0004,21,0,69.18853
s0004,22,0,54.285477
s0004,23,0,72.351204
s0004,24,0,75.336426
s0004,25,0,62.17058
s0004,26,0,69.02965
s0004,27,0,71.39412
s0004,28,0,69.947754
s0004,29,0,72.79215
s0004,30,0,60.71299
s0004,31,0,61.15818
s0004,32,0,61.05069
s0004,33,0,58.45185
s0004,34,0,50.087322
s0004,35,0,43.736275
s0004,36,0,55.578346
s0004,37,0,62.548077
s0004,38,0,48.900257
s0004,39,0,51.806316
s0004,40,0,53.284504
s0004,41,0,59.633717
s0004,42,0,45.727287
s0004,43,0,52.86395
s0004,44,0,48.297466
s0004,45,0,53.837997
s0004,46,0,63.662674
s0004,47,0,49.695118
s0004,48,0,51.1183
s0004,49,0,57.424644
s0004,50,0,57.446484
s0004,51,0,53.64175
s0004,52,0,51.569317
s0004,53,0,51.811886
s0004,54,0,60.827835
s0004,55,0,54.254253
s0004,56,0,58.42914
s0004,57,0,62.810207
s0004,58,0,60.83866
s0004,59,0,65.91025
s0004,60,0,59.406704
s0004,61,0,64.7961
s0004,62,0,72.7407
s0004,63,0,76.35392
s0004,64,0,62.513023
s0004,65,0,65.82284
s0004,66,0,67.80911
s0004,67,0,58.33736
s0004,68,0,63.115173
s0004,69,0,65.91804
s0004,70,0,63.24677
s0004,71,0,59.11991
s0004,72,0,65.61395
s0004,73,0,69.24441
s0004,74,0,79.96573
s0004,75,0,73.71535
s0004,76,0,78.73758
s0004,77,0,78.558205
s0004,78,0,70.76233
s0004,79,0,74.49004
s0004,80,0,70.43347
s0004,81,0,75.01453
s0004,82,0,70.087654
s0004,83,0,77.50761
s0004,84,0,76.12797
s0004,85,0,75.78366
s0004,86,0,64.021
s0004,87,0,65.93065
s0004,88,0,59.716087
s0004,89,0,49.335526
s0004,90,0,57.391804
s0004,91,0,65.53402
s0004,92,0,60.141808
s0004,93,0,81.49304
s0004,94,0,65.20365
s0004,95,0,62.643784
s0005,0,0,52.212963
s0005,1,0,58.724106
s0005,2,0,44.87222
s0005,3,0,42.029
s0005,4,0,55.95206
s0005,5,0,56.880764
s0005,6,0,52.126846
s0005,7,0,59.00321
s0005,8,0,61.15062
s0005,9,0,56.46792
s0005,10,0,50.482643
s0005,11,0,68.60283
s0005,12,0,63.21063
s0005,13,0,61.63157
s0005,14,0,63.285316
s0005,15,0,74.076065
s0005,16,0,64.58364
s0005,17,0,58.224907
s0005,18,0,69.99569
s0005,19,0,68.94338
s0005,20,0,77.06379
s0005,21,0,70.521515
s0005,22,0,63.00829
s0005,23,0,68.11558
s0005,24,0,74.37113
s0005,25,0,67.53139
s0005,26,0,71.74506
s0005,27,0,68.553665
s0005,28,0,70.62935
s0005,29,0,63.381577
s0005,30,0,65.22021
s0005,31,0,64.0424
s0005,32,0,58.44895
s0005,33,0,48.86131
s0005,34,0,46.18088
s0005,35,0,46.239094
s0005,36,0,59.01241
s0005,37,0,60.99353
s0005,38,0,51.44944
s0005,39,0,41.035286
s0005,40,0,65.9361
s0005,41,0,48.675125
s0005,42,0,40.465664
s0005,43,0,48.517277
s0005,44,0,71.4024
s0005,45,0,69.693825
s0005,46,0,51.40689
s0005,47,0,49.342556
s0005,48,0,27.15465
s0005,49,0,44.364643
s0005,50,0,44.98694
s0005,51,0,57.67162
s0005,52,0,51.010345
s0005,53,0,56.279705
s0005,54,0,49.984093
s0005,55,0,60.487316
s0005,56,0,59.57491
s0005,57,0,75.34457
s0005,58,0,47.372417
s0005,59,0,66.18812
s0005,60,0,62.0825
s0005,61,0,58.968437
s0005,62,0,74.88096
s0005,63,0,76.9223
s0005,64,0,64.29382
s0005,65,0,66.78642
s0005,66,0,73.98275
s0005,67,0,63.556374
s0005,68,0,68.87268
s0005,69,0,70.29968
s0005,70,0,62.47327
s0005,71,0,57.617935
s0005,72,0,48.052647
s0005,73,0,73.87892
s0005,74,0,69.90532
s0005,75,0,67.00233
s0005,76,0,68.70824
s0005,77,0,65.24686
s0005,78,0,71.498566
s0005,79,0,67.78947
s0005,80,0,70.12707
s0005,81,0,75.26538
s0005,82,0,70.59533
s0005,83,0,60.17468
s0005,84,0,75.319695
s0005,85,0,64.20049
s0005,86,0,70.343
s0005,87,0,61.00529
s0005,88,0,59.123226
s0005,89,0,60.73498
s0005,90,0,57.099415
s0005,91,0,64.43004
s0005,92,0,70.01411
s0005,93,0,67.93877
s0005,94,0,64.12888
s0005,95,0,72.76797
s0006,0,0,59.65612
s0006,1,0,41.412277
s0006,2,0,46.73253
s0006,3,0,39.937016
s0006,4,0,52.579025
s0006,5,0,62.819885
s0006,6,0,48.538933
s0006,7,0,51.98637
s0006,8,0,59.9103
s0006,9,0,54.148018
s0006,10,0,58.89075
s0006,11,0,62.647327
s0006,12,0,75.287094
s0006,13,0,64.84384
s0006,14,0,71.42366
s0006,15,0,75.72939
s0006,16,0,67.36764
s0006,17,0,70.57848
s0006,18,0,67.09757
s0006,19,0,70.67471
s0006,20,0,66.20099
s0006,21,0,69.2352
s0006,22,0,64.802765
s0006,23,0,63.54412
s0006,24,0,59.1411
s0006,25,0,74.89839
s0006,26,0,73.88081
s0006,27,0,61.966774
s0006,28,0,76.94137
s0006,29,0,73.19632
s0006,30,0,55.753555
s0006,31,0,67.12435
s0006,32,0,57.101543
s0006,33,0,58.44405
s0006,34,0,56.746883
s0006,35,0,43.482143
s0006,36,0,58.33578
s0006,37,0,51.492905
s0006,38,0,54.604385
s0006,39,0,56.647007
s0006,40,0,50.653545
s0006,41,0,45.475037
s0006,42,0,43.35167
s0006,43,0,46.43501
s0006,44,0,45.78059
s0006,45,0,45.200073
s0006,46,0,36.081333
s0006,47,0,56.558308
s0006,48,0,76.615105
s0006,49,0,63.681416
s0006,50,0,61.32929
s0006,51,0,63.926617
s0006,52,0,48.65213
s0006,53,0,57.894016
s0006,54,0,50.51689
s0006,55,0,52.15958
s0006,56,0,54.800312
s0006,57,0,63.142387
s0006,58,0,59.95391
s0006,59,0,75.407
s0006,60,0,58.41445
s0006,61,0,60.86002
s0006,62,0,74.06566
s0006,63,0,66.74017
s0006,64,0,63.28602
s0006,65,0,65.31508
s0006,66,0,76.01313
s0006,67,0,63.978554
s0006,68,0,72.050644
s0006,69,0,58.75278
s0006,70,0,61.708027
s0006,71,0,62.25318
s0006,72,0,62.204544
s0006,73,0,67.47208
s0006,74,0,62.748734
s0006,75,0,66.778336
s0006,76,0,77.3244
s0006,77,0,74.83929
s0006,78,0,67.49617
s0006,79,0,68.15502
s0006,80,0,68.41153
s0006,81,0,69.60558
s0006,82,0,62.261505
s0006,83,0,65.42746
s0006,84,0,76.197754
s0006,85,0,65.66105
s0006,86,0,57.000614
s0006,87,0,59.877575
s0006,88,0,64.16134
s0006,89,0,71.267654
s0006,90,0,62.346523
s0006,91,0,61.168713
s0006,92,0,65.6999
s0006,93,0,66.97593
s0006,94,0,64.026436
s0006,95,0,57.148964
s0007,0,0,53.838955
s0007,1,0,43.104225
s0007,2,0,59.479347
s0007,3,0,47.388485
s0007,4,0,60.088062
s0007,5,0,59.168644
s0007,6,0,57.710697
s0007,7,0,60.55766
s0007,8,0,63.092377
s0007,9,0,54.43597
s0007,10,0,60.113335
s0007,11,0,61.40743
s0007,12,0,71.156784
s0007,13,0,67.45296
s0007,14,0,70.64408
s0007,15,0,67.064964
s0007,16,0,64.40885
s0007,17,0,72.171135
s0007,18,0,64.037506
s0007,19,0,62.199787
s0007,20,0,63.019264
s0007,21,0,60.865013
s0007,22,0,58.099674
s0007,23,0,69.03548
s0007,24,0,74.51545
s0007,25,0,60.49696
s0007,26,0,76.33777
s0007,27,0,54.21338
s0007,28,0,68.79213
s0007,29,0,67.67678
s0007,30,0,70.18924
s0007,31,0,58.38755
s0007,32,0,57.946213
s0007,33,0,62.556057
s0007,34,0,56.3064
s0007,35,0,60.64553
s0007,36,0,62.098896
s0007,37,0,55.777405
s0007,38,0,45.10578
s0007,39,0,57.345936
s0007,40,0,65.687706
s0007,41,0,50.297314
s0007,42,0,63.523125
s0007,43,0,51.883095
s0007,44,0,41.355103
s0007,45,0,38.901203
s0007,46,0,40.985973
s0007,47,0,65.06055
s0007,48,0,51.291664
s0007,49,0,53.590343
s0007,50,0,36.806507
s0007,51,0,50.733055
s0007,52,0,62.845512
s0007,53,0,55.593323
s0007,54,0,41.32345
s0007,55,0,50.16129
s0007,56,0,54.254974
s0007,57,0,69.754555
s0007,58,0,58.96236
s0007,59,0,63.74544
s0007,60,0,61.43194
s0007,61,0,54.366833
s0007,62,0,82.83754
s0007,63,0,71.26686
s0007,64,0,61.08076
s0007,65,0,69.47226
s0007,66,0,76.926735
s0007,67,0,52.732555
s0007,68,0,63.898678
s0007,69,0,64.45538
s0007,70,0,62.021526
s0007,71,0,54.98964
s0007,72,0,53.229248
s0007,73,0,69.844864
s0007,74,0,77.33089
s0007,75,0,60.370674
s0007,76,0,65.79211
s0007,77,0,70.05284
s0007,78,0,71.09949
s0007,79,0,73.95107
s0007,80,0,63.476383
s0007,81,0,63.801838
s0007,82,0,72.20852
s0007,83,0,61.300274
s0007,84,0,75.59012
s0007,85,0,80.29432
s0007,86,0,65.8603
s0007,87,0,66.13641
s0007,88,0,59.57165
s0007,89,0,58.841038
s0007,90,0,55.78171
s0007,91,0,71.842514
s0007,92,0,60.85506
s0007,93,0,75.05423
s0007,94,0,67.47887
s0007,95,0,64.234245
s0008,0,0,63.3153
s0008,1,0,52.806236
s0008,2,0,55.323265
s0008,3,0,41.50243
s0008,4,0,52.925304
s0008,5,0,50.701694
s0008,6,0,53.67185
s0008,7,0,54.187195
s0008,8,0,62.59977
s0008,9,0,64.45917
s0008,10,0,55.226387
s0008,11,0,62.707348
s0008,12,0,66.1555
s0008,13,0,65.99942
s0008,14,0,73.239944
s0008,15,0,71.67533
s0008,16,0,63.540993
s0008,17,0,56.961533
s0008,18,0,58.20271
s0008,19,0,73.74651
s0008,20,0,71.25015
s0008,21,0,64.61584
s0008,22,0,58.775696
s0008,23,0,66.86149
s0008,24,0,69.14047
s0008,25,0,58.18097
s0008,26,0,65.668365
s0008,27,0,63.36373
s0008,28,0,73.14415
s0008,29,0,76.21046
s0008,30,0,53.7933
s0008,31,0,65.99939
s0008,32,0,62.23199
s0008,33,0,58.971355
s0008,34,0,66.49991
s0008,35,0,53.517597
s0008,36,0,43.535805
s0008,37,0,52.657497
s0008,38,0,71.44399
s0008,39,0,57.39275
s0008,40,0,61.448166
s0008,41,0,52.24011
s0008,42,0,31.554186
s0008,43,0,47.24014
s0008,44,0,51.069233
s0008,45,0,52.086124
s0008,46,0,21.702793
s0008,47,0,35.876026
s0008,48,0,62.312252
s0008,49,0,55.86125
s0008,50,0,37.33533
s0008,51,0,43.02398
s0008,52,0,57.031338
s0008,53,0,43.50141
s0008,54,0,36.32652
s0008,55,0,71.95002
s0008,56,0,54.91897
s0008,57,0,63.8195
s0008,58,0,53.387547
s0008,59,0,60.895214
s0008,60,0,63.709682
s0008,61,0,67.79922
s0008,62,0,75.64168
s0008,63,0,73.98794
s0008,64,0,65.90756
s0008,65,0,63.07065
s0008,66,0,72.65074
s0008,67,0,70.817894
s0008,68,0,65.93422
s0008,69,0,63.054993
s0008,70,0,61.041733
s0008,71,0,57.302975
s0008,72,0,67.96049
s0008,73,0,72.706474
s0008,74,0,73.29807
s0008,75,0,68.39632
s0008,76,0,77.042786
s0008,77,0,76.35453
s0008,78,0,66.82674
s0008,79,0,65.25806
s0008,80,0,72.32655
s0008,81,0,71.077194
s0008,82,0,57.151173
s0008,83,0,66.51462
s0008,84,0,63.618416
s0008,85,0,69.101974
s0008,86,0,63.712643
s0008,87,0,61.661793
s0008,88,0,59.62474
s0008,89,0,58.77778
s0008,90,0,55.547794
s0008,91,0,61.14914
s0008,92,0,62.62698
s0008,93,0,70.003296
s0008,94,0,75.163795
s0008,95,0,76.33577
s0009,0,0,55.300194
s0009,1,0,39.58999
s0009,2,0,41.93238
s0009,3,0,55.359486
s0009,4,0,49.808872
s0009,5,0,52.93972
s0009,6,0,48.503204
s0009,7,0,65.713615
s0009,8,0,64.2051
s0009,9,0,51.482967
s0009,10,0,56.969486
s0009,11,0,64.89364
s0009,12,0,58.745316
s0009,13,0,64.29492
s0009,14,0,66.804344
s0009,15,0,63.294056
s0009,16,0,70.89761
s0009,17,0,68.00384
s0009,18,0,71.86259
s0009,19,0,64.992966
s0009,20,0,63.80866
s0009,21,0,64.42846
s0009,22,0,62.69803
s0009,23,0,67.06393
s0009,24,0,74.92151
s0009,25,0,75.07723
s0009,26,0,68.56153
s0009,27,0,60.075558
s0009,28,0,67.2535
s0009,29,0,65.47644
s0009,30,0,57.25039
s0009,31,0,61.289314
s0009,32,0,57.71995
s0009,33,0,54.22652
s0009,34,0,37.57778
s0009,35,0,54.80237
s0009,36,0,52.418705
s0009,37,0,66.66007
s0009,38,0,51.901993
s0009,39,0,49.494232
s0009,40,0,59.965733
s0009,41,0,42.012894
s0009,42,0,44.056316
s0009,43,0,59.614452
s0009,44,0,54.277233
s0009,45,0,60.08351
s0009,46,0,60.055923
s0009,47,0,27.105694
s0009,48,0,27.203695
s0009,49,0,47.084373
s0009,50,0,41.409943
s0009,51,0,51.291218
s0009,52,0,53.59684
s0009,53,0,63.77986
s0009,54,0,70.17477
s0009,55,0,46.135468
s0009,56,0,46.767
s0009,57,0,65.18726
s0009,58,0,52.933487
s0009,59,0,60.045532
s0009,60,0,65.52831
s0009,61,0,65.473816
s0009,62,0,73.348145
s0009,63,0,71.97996
s0009,64,0,64.457695
s0009,65,0,61.86416
s0009,66,0,69.40752
s0009,67,0,58.180584
s0009,68,0,67.23363
s0009,69,0,61.03274
s0009,70,0,54.501812
s0009,71,0,64.732635
s0009,72,0,60.091434
s0009,73,0,77.28702
s0009,74,0,65.12687
s0009,75,0,69.14186
s0009,76,0,66.314125
s0009,77,0,59.365154
s0009,78,0,69.25885
s0009,79,0,74.84878
s0009,80,0,72.00041
s0009,81,0,75.75641
s0009,82,0,72.13528
s0009,83,0,60.76036
s0009,84,0,73.41257
s0009,85,0,63.895226
s0009,86,0,67.600784
s0009,87,0,57.8434
s0009,88,0,61.385696
s0009,89,0,60.267857
s0009,90,0,59.066936
s0009,91,0,67.24724
s0009,92,0,69.189026
s0009,93,0,70.13652
s0009,94,0,63.790295
s0009,95,0,69.4964
s0010,0,0,53.59601
s0010,1,0,53.954185
s0010,2,0,45.0938
s0010,3,0,47.1172
s0010,4,0,46.049557
s0010,5,0,55.216106
s0010,6,0,52.66359
s0010,7,0,63.300903
s0010,8,0,71.15668
s0010,9,0,54.96512
s0010,10,0,55.861816
s0010,11,0,64.62964
s0010,12,0,77.37499
s0010,13,0,70.36889
s0010,14,0,64.54738
s0010,15,0,71.0527
s0010,16,0,59.38426
s0010,17,0,61.495693
s0010,18,0,54.05573
s0010,19,0,63.06826
s0010,20,0,68.927895
s0010,21,0,69.04049
s0010,22,0,70.7092
s0010,23,0,59.0014
s0010,24,0,61.2674
s0010,25,0,71.06951
s0010,26,0,60.42922
s0010,27,0,55.77294
s0010,28,0,59.324993
s0010,29,0,70.88356
s0010,30,0,56.848953
s0010,31,0,60.13438
s0010,32,0,63.879948
s0010,33,0,43.36512
s0010,34,0,48.88693
s0010,35,0,61.23548
s0010,36,0,47.38043
s0010,37,0,59.025368
s0010,38,0,57.086395
s0010,39,0,68.64451
s0010,40,0,63.387928
s0010,41,0,61.061714
s0010,42,0,61.57589
s0010,43,0,64.21648
s0010,44,0,64.79442
s0010,45,0,56.337593
s0010,46,0,44.70039
s0010,47,0,39.264477
s0010,48,0,68.71453
s0010,49,0,48.31376
s0010,50,0,51.342655
s0010,51,0,61.39535
s0010,52,0,51.346836
s0010,53,0,46.675747
s0010,54,0,44.89271
s0010,55,0,55.586617
s0010,56,0,62.984646
s0010,57,0,55.443325
s0010,58,0,62.81621
s0010,59,0,65.12772
s0010,60,0,59.651417
s0010,61,0,64.447075
s0010,62,0,65.4909
s0010,63,0,73.86872
s0010,64,0,69.547874
s0010,65,0,60.463882
s0010,66,0,66.510475
s0010,67,0,59.017345
s0010,68,0,59.13204
s0010,69,0,64.591545
s0010,70,0,65.00083
s0010,71,0,62.11053
s0010,72,0,63.55773
s0010,73,0,62.671062
s0010,74,0,77.14327
s0010,75,0,80.0524
s0010,76,0,70.13417
s0010,77,0,70.89572
s0010,78,0,77.52979
s0010,79,0,84.10227
s0010,80,0,80.59673
s0010,81,0,65.58681
s0010,82,0,72.151245
s0010,83,0,63.937214
s0010,84,0,58.180202
s0010,85,0,65.79671
s0010,86,0,50.38793
s0010,87,0,55.72779
s0010,88,0,59.44613
s0010,89,0,62.328686
s0010,90,0,53.051003
s0010,91,0,60.1943
s0010,92,0,63.752525
s0010,93,0,64.69375
s0010,94,0,70.42056
s0010,95,0,71.14852
s0011,0,0,52.18127
s0011,1,0,51.218422
s0011,2,0,38.441578
s0011,3,0,49.393642
s0011,4,0,46.379444
s0011,5,0,51.98474
s0011,6,0,64.31534
s0011,7,0,55.79135
s0011,8,0,58.55144
s0011,9,0,58.676414
s0011,10,0,54.388607
s0011,11,0,61.83174
s0011,12,0,63.50315
s0011,13,0,71.17888
s0011,14,0,64.74626
s0011,15,0,71.898766
s0011,16,0,61.622257
s0011,17,0,62.634403
s0011,18,0,63.946266
s0011,19,0,60.995117
s0011,20,0,69.20104
s0011,21,0,67.90126
s0011,22,0,59.882404
s0011,23,0,70.89702
s0011,24,0,77.912834
s0011,25,0,65.548965
s0011,26,0,72.89106
s0011,27,0,62.701157
s0011,28,0,67.84293
s0011,29,0,71.87077
s0011,30,0,53.04547
s0011,31,0,65.30042
s0011,32,0,66.129944
s0011,33,0,54.055103
s0011,34,0,60.94958
s0011,35,0,49.814255
s0011,36,0,51.147606
s0011,37,0,54.984432
s0011,38,0,56.870396
s0011,39,0,61.581924
s0011,40,0,67.11311
s0011,41,0,40.003956
s0011,42,0,52.626213
s0011,43,0,27.46494
s0011,44,0,21.074701
s0011,45,0,31.31759
s0011,46,0,34.556793
s0011,47,0,62.33507
s0011,48,0,41.235374
s0011,49,0,45.881584
s0011,50,0,39.15512
s0011,51,0,51.241467
s0011,52,0,54.9534
s0011,53,0,61.97889
s0011,54,0,63.32164
s0011,55,0,66.58282
s0011,56,0,60.103542
s0011,57,0,63.51821
s0011,58,0,60.31225
s0011,59,0,64.35364
s0011,60,0,65.999344
s0011,61,0,61.455822
s0011,62,0,77.78584
s0011,63,0,76.656685
s0011,64,0,71.19553
s0011,65,0,73.40602
s0011,66,0,71.91687
s0011,67,0,70.14791
s0011,68,0,57.488914
s0011,69,0,58.891968
s0011,70,0,61.450283
s0011,71,0,60.816036
s0011,72,0,60.867035
s0011,73,0,72.34806
s0011,74,0,70.29805
s0011,75,0,71.21193
s0011,76,0,81.40692
s0011,77,0,68.86809
s0011,78,0,75.0945
s0011,79,0,77.135376
s0011,80,0,71.2329
s0011,81,0,80.52742
s0011,82,0,55.365925
s0011,83,0,59.480206
s0011,84,0,66.49048
s0011,85,0,59.371452
s0011,86,0,68.82414
s0011,87,0,62.40421
s0011,88,0,69.33616
s0011,89,0,63.520485
s0011,90,0,55.22307
s0011,91,0,54.906414
s0011,92,0,60.51518
s0011,93,0,58.21655
s0011,94,0,67.042274
s0011,95,0,69.521126
s0012,0,0,50.085957
s0012,1,0,41.901745
s0012,2,0,44.163254
s0012,3,0,41.951447
s0012,4,0,49.015297
s0012,5,0,52.82461
s0012,6,0,46.688618
s0012,7,0,56.49018
s0012,8,0,61.862335
s0012,9,0,62.019234
s0012,10,0,45.37414
s0012,11,0,68.255035
s0012,12,0,73.428986
s0012,13,0,64.31012
s0012,14,0,75.82467
s0012,15,0,72.22177
s0012,16,0,76.40998
s0012,17,0,72.79126
s0012,18,0,68.00335
s0012,19,0,74.21451
s0012,20,0,67.55995
s0012,21,0,67.11901
s0012,22,0,61.397743
s0012,23,0,66.358116
s0012,24,0,61.072105
s0012,25,0,69.18843
s0012,26,0,69.3049
s0012,27,0,70.23287
s0012,28,0,65.6263
s0012,29,0,66.13553
s0012,30,0,64.58699
s0012,31,0,53.670273
s0012,32,0,55.729134
s0012,33,0,46.494377
s0012,34,0,54.93384
s0012,35,0,55.23442
s0012,36,0,56.14578
s0012,37,0,60.45484
s0012,38,0,41.68872
s0012,39,0,48.733665
s0012,40,0,61.459156
s0012,41,0,51.82426
s0012,42,0,59.04223
s0012,43,0,60.146824
s0012,44,0,27.457342
s0012,45,0,33.329563
s0012,46,0,21.91484
s0012,47,0,64.96429
s0012,48,0,47.03587
s0012,49,0,46.93527
s0012,50,0,48.43401
s0012,51,0,42.070625
s0012,52,0,57.064198
s0012,53,0,50.92334
s0012,54,0,60.441708
s0012,55,0,60.764824
s0012,56,0,54.31295
s0012,57,0,65.40069
s0012,58,0,65.77064
s0012,59,0,65.82257
s0012,60,0,65.69276
s0012,61,0,67.03549
s0012,62,0,74.88947
s0012,63,0,63.796303
s0012,64,0,57.647232
s0012,65,0,64.13935
s0012,66,0,74.35578
s0012,67,0,66.29735
s0012,68,0,68.67181
s0012,69,0,62.44924
s0012,70,0,57.094654
s0012,71,0,59.462334
s0012,72,0,60.61703
s0012,73,0,69.57924
s0012,74,0,69.336235
s0012,75,0,76.023026
s0012,76,0,72.12153
s0012,77,0,68.57282
s0012,78,0,77.12141
s0012,79,0,68.554344
s0012,80,0,82.21791
s0012,81,0,77.858086
s0012,82,0,70.129654
s0012,83,0,73.62336
s0012,84,0,72.43282
s0012,85,0,77.001755
s0012,86,0,70.820496
s0012,87,0,60.02085
s0012,88,0,73.600716
s0012,89,0,59.210503
s0012,90,0,53.185577
s0012,91,0,64.10186
s0012,92,0,66.04367
s0012,93,0,71.07645
s0012,94,0,75.73139
s0012,95,0,69.64644
s0013,0,0,50.95086
s0013,1,0,48.72359
s0013,2,0,48.995934
s0013,3,0,46.865425
s0013,4,0,50.08249
s0013,5,0,55.47597
s0013,6,0,44.183025
s0013,7,0,60.293873
s0013,8,0,58.518738
s0013,9,0,57.933544
s0013,10,0,61.17444
s0013,11,0,64.14608
s0013,12,0,64.1811
s0013,13,0,63.41199
s0013,14,0,60.173462
s0013,15,0,71.23908
s0013,16,0,68.733795
s0013,17,0,63.591633
s0013,18,0,58.653786
s0013,19,0,57.791286
s0013,20,0,66.58672
s0013,21,0,60.632126
s0013,22,0,63.62494
s0013,23,0,75.062004
s0013,24,0,74.18836
s0013,25,0,66.56018
s0013,26,0,60.369488
s0013,27,0,60.93454
s0013,28,0,74.98215
s0013,29,0,64.60997
s0013,30,0,65.92221
s0013,31,0,64.167046
s0013,32,0,68.696556
s0013,33,0,58.0356
s0013,34,0,63.170742
s0013,35,0,52.018353
s0013,36,0,57.168823
s0013,37,0,52.536526
s0013,38,0,58.013187
s0013,39,0,43.203773
s0013,40,0,68.419815
s0013,41,0,47.566563
s0013,42,0,59.997707
s0013,43,0,59.79653
s0013,44,0,46.620285
s0013,45,0,51.348827
s0013,46,0,36.753353
s0013,47,0,44.926296
s0013,48,0,57.274754
s0013,49,0,52.752033
s0013,50,0,52.05902
s0013,51,0,35.348026
s0013,52,0,53.587784
s0013,53,0,52.047222
s0013,54,0,46.79632
s0013,55,0,47.696724
s0013,56,0,50.516396
s0013,57,0,66.4394
s0013,58,0,48.440567
s0013,59,0,63.246105
s0013,60,0,58.877335
s0013,61,0,65.248146
s0013,62,0,69.32796
s0013,63,0,56.82894
s0013,64,0,52.357365
s0013,65,0,66.23918
s0013,66,0,63.057823
s0013,67,0,76.09841
s0013,68,0,66.52548
s0013,69,0,62.753418
s0013,70,0,58.33778
s0013,71,0,55.85009
s0013,72,0,55.819378
s0013,73,0,59.956646
s0013,74,0,73.71054
s0013,75,0,72.03973
s0013,76,0,72.81086
s0013,77,0,65.14191
s0013,78,0,77.88665
s0013,79,0,70.53312
s0013,80,0,68.67995
s0013,81,0,76.04077
s0013,82,0,64.25216
s0013,83,0,62.993137
s0013,84,0,67.9551
s0013,85,0,69.54422
s0013,86,0,65.23221
s0013,87,0,61.37649
s0013,88,0,56.759026
s0013,89,0,66.41075
s0013,90,0,59.67141
s0013,91,0,69.61774
s0013,92,0,63.567486
s0013,93,0,74.9421
s0013,94,0,70.82948
s0013,95,0,63.351948
s0014,0,0,55.891308
s0014,1,0,52.459656
s0014,2,0,35.5356
s0014,3,0,46.643345
s0014,4,0,52.417843
s0014,5,0,61.384163
s0014,6,0,61.830822
s0014,7,0,55.01626
s0014,8,0,56.10095
s0014,9,0,56.198673
s0014,10,0,66.50019
s0014,11,0,67.84547
s0014,12,0,57.891476
s0014,13,0,60.757713
s0014,14,0,74.783295
s0014,15,0,72.73243
s0014,16,0,65.97147
s0014,17,0,60.1619
s0014,18,0,63.52938
s0014,19,0,64.390884
s0014,20,0,72.4255
s0014,21,0,63.979237
s0014,22,0,64.12571
s0014,23,0,72.5869
s0014,24,0,63.39642
s0014,25,0,68.79977
s0014,26,0,67.63159
s0014,27,0,68.54517
s0014,28,0,72.053665
s0014,29,0,73.179695
s0014,30,0,51.58976
s0014,31,0,57.821598
s0014,32,0,61.48561
s0014,33,0,56.676052
s0014,34,0,52.280815
s0014,35,0,44.98248
s0014,36,0,51.43284
s0014,37,0,59.851643
s0014,38,0,68.042336
s0014,39,0,48.087288
s0014,40,0,68.01981
s0014,41,0,38.236034
s0014,42,0,32.514336
s0014,43,0,67.14241
s0014,44,0,50.08624
s0014,45,0,69.904076
s0014,46,0,15.699145
s0014,47,0,66.648544
s0014,48,0,42.378872
s0014,49,0,52.0466
s0014,50,0,56.40439
s0014,51,0,62.570934
s0014,52,0,48.459133
s0014,53,0,43.36175
s0014,54,0,62.309708
s0014,55,0,55.52255
s0014,56,0,65.86447
s0014,57,0,59.60661
s0014,58,0,54.59796
s0014,59,0,73.09214
s0014,60,0,64.177826
s0014,61,0,52.723705
s0014,62,0,70.95211
s0014,63,0,77.659645
s0014,64,0,59.976585
s0014,65,0,64.64428
s0014,66,0,71.77547
s0014,67,0,71.92208
s0014,68,0,61.69857
s0014,69,0,64.62919
s0014,70,0,57.003483
s0014,71,0,62.41653
s0014,72,0,63.66881
s0014,73,0,71.38075
s0014,74,0,66.923935
s0014,75,0,69.17471
s0014,76,0,67.48976
s0014,77,0,67.38051
s0014,78,0,68.747574
s0014,79,0,78.24495
s0014,80,0,65.28003
s0014,81,0,61.473526
s0014,82,0,66.51981
s0014,83,0,63.640865
s0014,84,0,64.4177
s0014,85,0,74.45957
s0014,86,0,56.894184
s0014,87,0,56.34183
s0014,88,0,62.951443
s0014,89,0,67.27017
s0014,90,0,58.183464
s0014,91,0,64.95528
s0014,92,0,73.38575
s0014,93,0,72.793
s0014,94,0,62.500076
s0014,95,0,65.39995
s0015,0,0,54.34875
s0015,1,0,38.052376
s0015,2,0,52.161972
s0015,3,0,41.583782
s0015,4,0,50.60246
s0015,5,0,53.25449
s0015,6,0,43.6095
s0015,7,0,57.28808
s0015,8,0,57.898277
s0015,9,0,50.095562
s0015,10,0,57.126717
s0015,11,0,64.465546
s0015,12,0,72.649956
s0015,13,0,65.809006
s0015,14,0,65.4898
s0015,15,0,77.67228
s0015,16,0,63.105247
s0015,17,0,78.869896
s0015,18,0,67.55523
s0015,19,0,61.180454
s0015,20,0,60.30561
s0015,21,0,60.0626
s0015,22,0,64.39441
s0015,23,0,69.89522
s0015,24,0,69.69973
s0015,25,0,60.786198
s0015,26,0,65.65929
s0015,27,0,62.299797
s0015,28,0,69.43632
s0015,29,0,64.37648
s0015,30,0,56.463997
s0015,31,0,61.32622
s0015,32,0,63.44719
s0015,33,0,55.302383
s0015,34,0,48.67429
s0015,35,0,50.41553
s0015,36,0,56.374203
s0015,37,0,46.06562
s0015,38,0,55.174355
s0015,39,0,42.17482
s0015,40,0,55.507607
s0015,41,0,50.868015
s0015,42,0,44.30812
s0015,43,0,62.446053
s0015,44,0,45.160942
s0015,45,0,44.227566
s0015,46,0,32.49596
s0015,47,0,52.908176
s0015,48,0,55.166153
s0015,49,0,32.447365
s0015,50,0,61.429527
s0015,51,0,45.476536
s0015,52,0,43.61429
s0015,53,0,40.000698
s0015,54,0,59.523403
s0015,55,0,61.83663
s0015,56,0,65.99969
s0015,57,0,66.05247
s0015,58,0,57.25741
s0015,59,0,72.12896
s0015,60,0,62.47289
s0015,61,0,64.84356
s0015,62,0,69.01682
s0015,63,0,66.52907
s0015,64,0,60.385784
s0015,65,0,69.05141
s0015,66,0,71.99928
s0015,67,0,61.02363
s0015,68,0,68.44222
s0015,69,0,66.652275
s0015,70,0,60.99686
s0015,71,0,54.46928
s0015,72,0,62.29577
s0015,73,0,64.17755
s0015,74,0,72.310326
s0015,75,0,63.46491
s0015,76,0,75.62155
s0015,77,0,64.935844
s0015,78,0,68.939285
s0015,79,0,82.05869
s0015,80,0,80.26292
s0015,81,0,69.38848
s0015,82,0,65.61611
s0015,83,0,61.58323
s0015,84,0,71.785965
s0015,85,0,71.989975
s0015,86,0,62.987106
s0015,87,0,56.566574
s0015,88,0,58.88943
s0015,89,0,73.14184
s0015,90,0,60.635017
s0015,91,0,69.27205
s0015,92,0,66.34863
s0015,93,0,76.57874
s0015,94,0,75.991585
s0015,95,0,61.95525
s0016,0,0,62.157104
s0016,1,0,51.516758
s0016,2,0,53.115623
s0016,3,0,48.973526
s0016,4,0,45.131172
s0016,5,0,45.4016
s0016,6,0,53.093033
s0016,7,0,46.37271
s0016,8,0,61.771423
s0016,9,0,54.824097
s0016,10,0,59.98406
s0016,11,0,55.919857
s0016,12,0,59.803383
s0016,13,0,69.680115
s0016,14,0,64.51939
s0016,15,0,67.838524
s0016,16,0,67.66049
s0016,17,0,72.53007
s0016,18,0,55.936485
s0016,19,0,66.024635
s0016,20,0,54.545753
s0016,21,0,66.438484
s0016,22,0,57.96199
s0016,23,0,68.5956
s0016,24,0,73.1883
s0016,25,0,59.312096
s0016,26,0,66.14982
s0016,27,0,54.093117
s0016,28,0,75.095695
s0016,29,0,75.59246
s0016,30,0,50.10321
s0016,31,0,50.594433
s0016,32,0,58.68798
s0016,33,0,53.509403
s0016,34,0,47.75739
s0016,35,0,59.29242
s0016,36,0,49.771023
s0016,37,0,57.709106
s0016,38,0,63.974415
s0016,39,0,71.35477
s0016,40,0,50.445694
s0016,41,0,43.57133
s0016,42,0,48.43996
s0016,43,0,39.8968
s0016,44,0,46.65403
s0016,45,0,58.85847
s0016,46,0,35.1945
s0016,47,0,58.312992
s0016,48,0,37.608253
s0016,49,0,50.699535
s0016,50,0,47.562916
s0016,51,0,53.94705
s0016,52,0,60.42671
s0016,53,0,43.45647
s0016,54,0,64.77479
s0016,55,0,50.173027
s0016,56,0,63.005047
s0016,57,0,69.2628
s0016,58,0,58.483948
s0016,59,0,66.19047
s0016,60,0,66.01958
s0016,61,0,55.366146
s0016,62,0,67.346115
s0016,63,0,71.49315
s0016,64,0,67.48135
s0016,65,0,68.761375
s0016,66,0,75.76733
s0016,67,0,62.27224
s0016,68,0,64.452736
s0016,69,0,69.47644
s0016,70,0,63.378582
s0016,71,0,59.298923
s0016,72,0,55.714706
s0016,73,0,76.29858
s0016,74,0,72.64
s0016,75,0,77.05481
s0016,76,0,69.57515
s0016,77,0,81.081184
s0016,78,0,67.49041
s0016,79,0,73.55242
s0016,80,0,74.75063
s0016,81,0,67.32704
s0016,82,0,67.21959
s0016,83,0,70.50059
s0016,84,0,68.70131
s0016,85,0,69.96191
s0016,86,0,60.745037
s0016,87,0,53.7672
s0016,88,0,65.21472
s0016,89,0,63.71786
s0016,90,0,55.45532
s0016,91,0,70.2378
s0016,92,0,71.85935
s0016,93,0,69.96539
s0016,94,0,74.116356
s0016,95,0,74.90676
s0017,0,0,46.885853
s0017,1,0,46.669937
s0017,2,0,40.770115
s0017,3,0,47.031406
s0017,4,0,50.576256
s0017,5,0,52.071037
s0017,6,0,52.136818
s0017,7,0,60.979317
s0017,8,0,58.501198
s0017,9,0,59.806232
s0017,10,0,56.391003
s0017,11,0,58.021706
s0017,12,0,67.94545
s0017,13,0,80.7229
s0017,14,0,67.95435
s0017,15,0,69.366974
s0017,16,0,66.10914
s0017,17,0,57.227478
s0017,18,0,63.506298
s0017,19,0,70.22219
s0017,20,0,78.50802
s0017,21,0,60.526783
s0017,22,0,52.41131
s0017,23,0,63.996857
s0017,24,0,81.905235
s0017,25,0,69.47091
s0017,26,0,72.47946
s0017,27,0,65.61733
s0017,28,0,75.09619
s0017,29,0,69.32993
s0017,30,0,52.972332
s0017,31,0,60.45498
s0017,32,0,56.169704
s0017,33,0,55.938618
s0017,34,0,53.23002
s0017,35,0,59.143345
s0017,36,0,46.386494
s0017,37,0,57.585663
s0017,38,0,54.957413
s0017,39,0,50.065918
s0017,40,0,57.306515
s0017,41,0,44.55265
s0017,42,0,68.5975
s0017,43,0,50.88693
s0017,44,0,48.370785
s0017,45,0,66.66969
s0017,46,0,53.44291
s0017,47,0,39.974083
s0017,48,0,51.56577
s0017,49,0,34.9297
s0017,50,0,39.539536
s0017,51,0,32.41458
s0017,52,0,45.300674
s0017,53,0,57.14317
s0017,54,0,66.83783
s0017,55,0,57.427265
s0017,56,0,71.93605
s0017,57,0,63.062454
s0017,58,0,46.65274
s0017,59,0,65.85082
s0017,60,0,61.89058
s0017,61,0,66.59045
s0017,62,0,78.645004
s0017,63,0,76.03642
s0017,64,0,65.94326
s0017,65,0,56.94756
s0017,66,0,70.7633
s0017,67,0,55.661186
s0017,68,0,62.063698
s0017,69,0,57.602303
s0017,70,0,56.540154
s0017,71,0,54.561375
s0017,72,0,54.674274
s0017,73,0,67.994545
s0017,74,0,85.045074
s0017,75,0,80.49754
s0017,76,0,75.5174
s0017,77,0,72.00022
s0017,78,0,76.00292
s0017,79,0,77.178894
s0017,80,0,66.89056
s0017,81,0,80.05078
s0017,82,0,72.5458
s0017,83,0,66.191444
s0017,84,0,72.154175
s0017,85,0,63.141357
s0017,86,0,60.444096
s0017,87,0,62.492977
s0017,88,0,63.197712
s0017,89,0,59.72931
s0017,90,0,58.68632
s0017,91,0,63.81837
s0017,92,0,75.987526
s0017,93,0,72.542854
s0017,94,0,70.50549
s0017,95,0,72.55712
s0018,0,0,58.42602
s0018,1,0,43.448154
s0018,2,0,43.814003
s0018,3,0,56.76337
s0018,4,0,55.2468
s0018,5,0,58.21969
s0018,6,0,53.29994
s0018,7,0,55.221027
s0018,8,0,65.517296
s0018,9,0,59.873505
s0018,10,0,61.941586
s0018,11,0,57.881313
s0018,12,0,64.00289
s0018,13,0,66.39503
s0018,14,0,73.64134
s0018,15,0,69.54643
s0018,16,0,62.438347
s0018,17,0,63.765106
s0018,18,0,61.01173
s0018,19,0,68.058685
s0018,20,0,69.88611
s0018,21,0,64.24673
s0018,22,0,64.11257
s0018,23,0,74.96716
s0018,24,0,67.30444
s0018,25,0,72.54085
s0018,26,0,71.13908
s0018,27,0,61.591953
s0018,28,0,69.55857
s0018,29,0,58.367928
s0018,30,0,70.63828
s0018,31,0,61.47216
s0018,32,0,51.830494
s0018,33,0,56.966614
s0018,34,0,48.550068
s0018,35,0,44.58993
s0018,36,0,57.486656
s0018,37,0,59.929398
s0018,38,0,48.408176
s0018,39,0,45.59522
s0018,40,0,58.893974
s0018,41,0,42.57092
s0018,42,0,65.57778
s0018,43,0,50.30846
s0018,44,0,45.70005
s0018,45,0,58.772163
s0018,46,0,29.706291
s0018,47,0,68.755394
s0018,48,0,47.04511
s0018,49,0,48.364033
s0018,50,0,45.11504
s0018,51,0,57.89153
s0018,52,0,55.009758
s0018,53,0,47.048298
s0018,54,0,57.765152
s0018,55,0,61.14842
s0018,56,0,52.683132
s0018,57,0,66.46929
s0018,58,0,58.68038
s0018,59,0,57.112225
s0018,60,0,60.366688
s0018,61,0,55.04487
s0018,62,0,71.32576
s0018,63,0,82.954735
s0018,64,0,55.63745
s0018,65,0,69.62739
s0018,66,0,67.38985
s0018,67,0,64.81848
s0018,68,0,72.266304
s0018,69,0,65.54878
s0018,70,0,53.410137
s0018,71,0,70.37032
s0018,72,0,71.09856
s0018,73,0,73.72777
s0018,74,0,79.534004
s0018,75,0,71.73557
s0018,76,0,65.60126
s0018,77,0,75.86007
s0018,78,0,82.97664
s0018,79,0,73.67436
s0018,80,0,68.10834
s0018,81,0,72.32685
s0018,82,0,71.260574
s0018,83,0,69.09425
s0018,84,0,70.32972
s0018,85,0,70.627594
s0018,86,0,67.5017
s0018,87,0,64.91957
s0018,88,0,57.6195
s0018,89,0,50.960403
s0018,90,0,56.219166
s0018,91,0,72.57739
s0018,92,0,69.3022
s0018,93,0,63.788364
s0018,94,0,63.85502
s0018,95,0,64.82674
s0019,0,0,57.164577
s0019,1,0,47.73533
s0019,2,0,51.174255
s0019,3,0,42.459396
s0019,4,0,60.482048
s0019,5,0,54.992252
s0019,6,0,47.073933
s0019,7,0,56.82633
s0019,8,0,63.079742
s0019,9,0,59.13765
s0019,10,0,53.356857
s0019,11,0,68.18494
s0019,12,0,69.56944
s0019,13,0,69.69468
s0019,14,0,66.29755
s0019,15,0,64.68099
s0019,16,0,64.305176
s0019,17,0,63.956863
s0019,18,0,62.276325
s0019,19,0,68.17848
s0019,20,0,66.40312
s0019,21,0,74.332794
s0019,22,0,61.437027
s0019,23,0,67.96211
s0019,24,0,71.96674
s0019,25,0,69.96605
s0019,26,0,67.06406
s0019,27,0,58.441017
s0019,28,0,80.99571
s0019,29,0,68.634285
s0019,30,0,47.10325
s0019,31,0,59.975513
s0019,32,0,60.473763
s0019,33,0,48.074112
s0019,34,0,64.65611
s0019,35,0,52.919327
s0019,36,0,66.03186
s0019,37,0,60.240223
s0019,38,0,57.845608
s0019,39,0,52.817963
s0019,40,0,60.95637
s0019,41,0,52.68066
s0019,42,0,38.986443
s0019,43,0,53.726864
s0019,44,0,41.119843
s0019,45,0,39.121117
s0019,46,0,43.187397
s0019,47,0,55.741707
s0019,48,0,49.73932
s0019,49,0,52.27866
s0019,50,0,59.027412
s0019,51,0,57.616543
s0019,52,0,60.009617
s0019,53,0,56.365837
s0019,54,0,66.76352
s0019,55,0,55.10029
s0019,56,0,48.869488
s0019,57,0,59.317345
s0019,58,0,58.527836
s0019,59,0,64.63122
s0019,60,0,69.55522
s0019,61,0,58.67831
s0019,62,0,69.49801
s0019,63,0,70.207375
s0019,64,0,64.4717
s0019,65,0,58.14372
s0019,66,0,67.64171
s0019,67,0,59.875767
s0019,68,0,69.46995
s0019,69,0,65.963455
s0019,70,0,65.52142
s0019,71,0,62.01311
s0019,72,0,60.757782
s0019,73,0,67.15596
s0019,74,0,78.56867
s0019,75,0,73.75483
s0019,76,0,74.40843
s0019,77,0,74.13944
s0019,78,0,71.68594
s0019,79,0,76.278786
s0019,80,0,70.01581
s0019,81,0,73.31338
s0019,82,0,71.47503
s0019,83,0,63.63547
s0019,84,0,60.856224
s0019,85,0,70.52908
s0019,86,0,66.61589
s0019,87,0,66.82762
s0019,88,0,57.212296
s0019,89,0,63.754562
s0019,90,0,61.333595
s0019,91,0,72.184425
s0019,92,0,63.305775
s0019,93,0,62.115597
s0019,94,0,73.022285
s0019,95,0,66.973465
s0020,0,0,57.790337
s0020,1,0,40.539837
s0020,2,0,56.106865
s0020,3,0,54.195934
s0020,4,0,59.502537
s0020,5,0,52.67135
s0020,6,0,45.40764
s0020,7,0,64.30253
s0020,8,0,56.748783
s0020,9,0,64.77079
s0020,10,0,52.848858
s0020,11,0,66.31554
s0020,12,0,77.215126
s0020,13,0,69.63239
s0020,14,0,76.14908
s0020,15,0,72.074844
s0020,16,0,65.61388
s0020,17,0,63.230587
s0020,18,0,69.81711
s0020,19,0,67.69699
s0020,20,0,70.72159
s0020,21,0,66.846436
s0020,22,0,61.949234
s0020,23,0,69.8723
s0020,24,0,71.56664
s0020,25,0,60.87092
s0020,26,0,68.53894
s0020,27,0,55.820137
s0020,28,0,73.71785
s0020,29,0,68.53088
s0020,30,0,59.910835
s0020,31,0,66.67724
s0020,32,0,44.15092
s0020,33,0,62.451168
s0020,34,0,59.227577
s0020,35,0,52.182896
s0020,36,0,50.31589
s0020,37,0,62.89674
s0020,38,0,63.33416
s0020,39,0,40.42036
s0020,40,0,55.266838
s0020,41,0,50.279858
s0020,42,0,23.237257
s0020,43,0,62.407185
s0020,44,0,55.69682
s0020,45,0,55.964794
s0020,46,0,64.55696
s0020,47,0,51.285213
s0020,48,0,62.26066
s0020,49,0,38.39857
s0020,50,0,63.60471
s0020,51,0,52.56958
s0020,52,0,44.897144
s0020,53,0,59.334667
s0020,54,0,60.976944
s0020,55,0,57.77928
s0020,56,0,53.336464
s0020,57,0,63.74708
s0020,58,0,56.25122
s0020,59,0,64.50091
s0020,60,0,58.43313
s0020,61,0,64.04317
s0020,62,0,71.41844
s0020,63,0,69.34694
s0020,64,0,66.24705
s0020,65,0,64.92004
s0020,66,0,82.41257
s0020,67,0,62.990658
s0020,68,0,54.098022
s0020,69,0,65.58902
s0020,70,0,57.64669
s0020,71,0,62.184166
s0020,72,0,64.917755
s0020,73,0,69.77869
s0020,74,0,76.370544
s0020,75,0,85.19173
s0020,76,0,68.651245
s0020,77,0,71.18638
s0020,78,0,75.151855
s0020,79,0,68.71006
s0020,80,0,75.279686
s0020,81,0,70.56551
s0020,82,0,62.281376
s0020,83,0,63.107258
s0020,84,0,59.785965
s0020,85,0,68.912224
s0020,86,0,65.09546
s0020,87,0,61.364292
s0020,88,0,56.644794
s0020,89,0,62.30988
s0020,90,0,57.586502
s0020,91,0,76.66128
s0020,92,0,62.86229
s0020,93,0,71.796524
s0020,94,0,68.107704
s0020,95,0,70.90032
s0021,0,0,58.565872
s0021,1,0,42.228954
s0021,2,0,48.56853
s0021,3,0,41.839397
s0021,4,0,48.64302
s0021,5,0,61.325863
s0021,6,0,53.074314
s0021,7,0,63.18522
s0021,8,0,71.61416
s0021,9,0,52.33454
s0021,10,0,56.33618
s0021,11,0,75.18232
s0021,12,0,64.31688
s0021,13,0,66.46208
s0021,14,0,71.54427
s0021,15,0,70.73938
s0021,16,0,64.47878
s0021,17,0,66.15816
s0021,18,0,62.642036
s0021,19,0,69.08149
s0021,20,0,58.702675
s0021,21,0,64.79721
s0021,22,0,58.894135
s0021,23,0,75.30016
s0021,24,0,64.64026
s0021,25,0,68.28342
s0021,26,0,73.582245
s0021,27,0,58.652325
s0021,28,0,70.372986
s0021,29,0,75.28008
s0021,30,0,59.594387
s0021,31,0,68.06387
s0021,32,0,59.891914
s0021,33,0,59.60339
s0021,34,0,55.255726
s0021,35,0,58.08487
s0021,36,0,53.509148
s0021,37,0,57.279522
s0021,38,0,58.449837
s0021,39,0,48.7931
s0021,40,0,57.01096
s0021,41,0,58.1529
s0021,42,0,47.554527
s0021,43,0,58.371407
s0021,44,0,39.91186
s0021,45,0,37.220337
s0021,46,0,24.248516
s0021,47,0,74.379974
s0021,48,0,45.36219
s0021,49,0,45.45546
s0021,50,0,67.332855
s0021,51,0,44.090862
s0021,52,0,56.37509
s0021,53,0,40.16096
s0021,54,0,65.33559
s0021,55,0,68.35838
s0021,56,0,60.503635
s0021,57,0,58.137947
s0021,58,0,64.66399
s0021,59,0,74.71791
s0021,60,0,58.65171
s0021,61,0,62.27211
s0021,62,0,65.59786
s0021,63,0,74.466385
s0021,64,0,71.6473
s0021,65,0,61.981293
s0021,66,0,54.886047
s0021,67,0,55.11704
s0021,68,0,64.09388
s0021,69,0,65.902466
s0021,70,0,56.395416
s0021,71,0,55.50723
s0021,72,0,57.874054
s0021,73,0,72.457954
s0021,74,0,68.181984
s0021,75,0,77.271904
s0021,76,0,82.061455
s0021,77,0,66.704704
s0021,78,0,73.374176
s0021,79,0,67.82593
s0021,80,0,75.15726
s0021,81,0,73.03922
s0021,82,0,69.378494
s0021,83,0,57.091717
s0021,84,0,77.66289
s0021,85,0,74.52632
s0021,86,0,69.4667
s0021,87,0,53.197952
s0021,88,0,61.566265
s0021,89,0,66.38388
s0021,90,0,59.515797
s0021,91,0,78.96594
s0021,92,0,56.13912
s0021,93,0,71.39398
s0021,94,0,73.51978
s0021,95,0,74.20577
s0022,0,0,58.66157
s0022,1,0,52.837006
s0022,2,0,40.845703
s0022,3,0,50.092545
s0022,4,0,39.59325
s0022,5,0,58.669853
s0022,6,0,46.163628
s0022,7,0,52.591396
s0022,8,0,50.83734
s0022,9,0,61.037254
s0022,10,0,53.120903
s0022,11,0,60.978718
s0022,12,0,69.65891
s0022,13,0,69.171844
s0022,14,0,68.10969
s0022,15,0,62.170517
s0022,16,0,60.28401
s0022,17,0,75.87405
s0022,18,0,69.83439
s0022,19,0,65.766914
s0022,20,0,76.236694
s0022,21,0,64.84482
s0022,22,0,63.621048
s0022,23,0,72.17505
s0022,24,0,71.28398
s0022,25,0,71.21232
s0022,26,0,76.99993
s0022,27,0,61.658157
s0022,28,0,70.46647
s0022,29,0,60.503414
s0022,30,0,51.591923
s0022,31,0,58.247734
s0022,32,0,57.897667
s0022,33,0,56.03799
s0022,34,0,56.39611
s0022,35,0,48.61212
s0022,36,0,57.31599
s0022,37,0,64.79633
s0022,38,0,44.14828
s0022,39,0,37.548553
s0022,40,0,74.7905
s0022,41,0,57.595196
s0022,42,0,46.10223
s0022,43,0,44.218586
s0022,44,0,47.68941
s0022,45,0,28.75319
s0022,46,0,33.35866
s0022,47,0,66.10048
s0022,48,0,61.987602
s0022,49,0,45.9778
s0022,50,0,37.443844
s0022,51,0,42.459164
s0022,52,0,46.6506
s0022,53,0,50.603264
s0022,54,0,67.80042
s0022,55,0,58.69546
s0022,56,0,54.652042
s0022,57,0,72.975204
s0022,58,0,49.526184
s0022,59,0,58.308807
s0022,60,0,63.42055
s0022,61,0,66.99954
s0022,62,0,78.04734
s0022,63,0,77.12864
s0022,64,0,62.881752
s0022,65,0,66.98072
s0022,66,0,70.12549
s0022,67,0,66.00258
s0022,68,0,64.010826
s0022,69,0,69.12859
s0022,70,0,50.997505
s0022,71,0,62.4997
s0022,72,0,65.085144
s0022,73,0,75.59558
s0022,74,0,72.201
s0022,75,0,72.929405
s0022,76,0,78.55682
s0022,77,0,71.14706
s0022,78,0,72.59434
s0022,79,0,72.36707
s0022,80,0,78.722855
s0022,81,0,78.32694
s0022,82,0,61.955437
s0022,83,0,67.902306
s0022,84,0,66.752304
s0022,85,0,79.66706
s0022,86,0,74.13006
s0022,87,0,65.34434
s0022,88,0,69.50002
s0022,89,0,61.528706
s0022,90,0,59.489166
s0022,91,0,69.36599
s0022,92,0,67.82807
s0022,93,0,72.5915
s0022,94,0,69.242424
s0022,95,0,65.458244
s0023,0,0,40.555798
s0023,1,0,61.366283
s0023,2,0,43.013775
s0023,3,0,52.766495
s0023,4,0,45.63038
s0023,5,0,51.838165
s0023,6,0,51.317577
s0023,7,0,54.51483
s0023,8,0,60.176903
s0023,9,0,63.71435
s0023,10,0,60.70151
s0023,11,0,56.03677
s0023,12,0,67.18438
s0023,13,0,56.671192
s0023,14,0,60.775887
s0023,15,0,59.274483
s0023,16,0,60.68266
s0023,17,0,64.040306
s0023,18,0,62.424553
s0023,19,0,60.18413
s0023,20,0,65.855545
s0023,21,0,62.44665
s0023,22,0,63.125633
s0023,23,0,66.96804
s0023,24,0,68.303185
s0023,25,0,72.44496
s0023,26,0,67.974655
s0023,27,0,64.346664
s0023,28,0,75.672714
s0023,29,0,67.822075
s0023,30,0,69.10423
s0023,31,0,61.8836
s0023,32,0,48.149033
s0023,33,0,52.268806
s0023,34,0,44.42184
s0023,35,0,60.334614
s0023,36,0,60.314346
s0023,37,0,59.038277
s0023,38,0,54.951942
s0023,39,0,65.59412
s0023,40,0,72.53668
s0023,41,0,50.700115
s0023,42,0,45.704273
s0023,43,0,63.612442
s0023,44,0,29.709515
s0023,45,0,65.97512
s0023,46,0,63.969288
s0023,47,0,48.011814
s0023,48,0,53.64222
s0023,49,0,50.001926
s0023,50,0,58.313717
s0023,51,0,43.9394
s0023,52,0,47.682518
s0023,53,0,69.65134
s0023,54,0,50.136818
s0023,55,0,59.50659
s0023,56,0,44.30615
s0023,57,0,53.458054
s0023,58,0,60.65881
s0023,59,0,64.86512
s0023,60,0,58.93961
s0023,61,0,60.2554
s0023,62,0,71.041885
s0023,63,0,61.269737
s0023,64,0,64.02328
s0023,65,0,66.44281
s0023,66,0,62.404346
s0023,67,0,66.480064
s0023,68,0,78.059395
s0023,69,0,68.73479
s0023,70,0,56.614834
s0023,71,0,53.781063
s0023,72,0,57.161057
s0023,73,0,71.49204
s0023,74,0,74.82959
s0023,75,0,72.16448
s0023,76,0,77.490974
s0023,77,0,77.685646
s0023,78,0,72.35591
s0023,79,0,63.821693
s0023,80,0,67.77895
s0023,81,0,74.79635
s0023,82,0,67.89198
s0023,83,0,54.98887
s0023,84,0,68.48062
s0023,85,0,72.08212
s0023,86,0,67.71064
s0023,87,0,66.100655
s0023,88,0,69.37121
s0023,89,0,71.41025
s0023,90,0,64.334206
s0023,91,0,72.20736
s0023,92,0,66.11545
s0023,93,0,64.25931
s0023,94,0,82.653435
s0023,95,0,72.30512
s0024,0,0,54.099472
s0024,1,0,52.11573
s0024,2,0,52.014874
s0024,3,0,49.470886
s0024,4,0,56.57621
s0024,5,0,52.46306
s0024,6,0,47.610367
s0024,7,0,59.992672
s0024,8,0,65.93873
s0024,9,0,58.299454
s0024,10,0,55.954838
s0024,11,0,67.486534
s0024,12,0,73.83762
s0024,13,0,73.165924
s0024,14,0,60.41907
s0024,15,0,73.426674
s0024,16,0,60.389545
s0024,17,0,72.232185
s0024,18,0,56.012646
s0024,19,0,61.22829
s0024,20,0,62.922054
s0024,21,0,67.643105
s0024,22,0,76.842255
s0024,23,0,71.592865
s0024,24,0,64.522095
s0024,25,0,66.405655
s0024,26,0,69.82977
s0024,27,0,58.04122
s0024,28,0,74.65122
s0024,29,0,62.400795
s0024,30,0,61.996223
s0024,31,0,58.094227
s0024,32,0,54.2387
s0024,33,0,47.81569
s0024,34,0,56.352455
s0024,35,0,61.56252
s0024,36,0,47.944725
s0024,37,0,55.108997
s0024,38,0,65.37254
s0024,39,0,50.595963
s0024,40,0,63.603184
s0024,41,0,49.214687
s0024,42,0,39.17627
s0024,43,0,51.24415
s0024,44,0,63.57028
s0024,45,0,47.973194
s0024,46,0,45.459343
s0024,47,0,66.710144
s0024,48,0,56.7354
s0024,49,0,52.2919
s0024,50,0,44.324318
s0024,51,0,61.930046
s0024,52,0,60.973293
s0024,53,0,54.41346
s0024,54,0,55.571617
s0024,55,0,56.913986
s0024,56,0,49.743397
s0024,57,0,68.445404
s0024,58,0,58.363956
s0024,59,0,63.143925
s0024,60,0,67.48958
s0024,61,0,60.387375
s0024,62,0,67.37008
s0024,63,0,71.014244
s0024,64,0,65.074615
s0024,65,0,67.297485
s0024,66,0,63.51111
s0024,67,0,62.878567
s0024,68,0,77.66352
s0024,69,0,69.722176
s0024,70,0,58.24116
s0024,71,0,62.583572
s0024,72,0,56.761993
s0024,73,0,62.009865
s0024,74,0,74.168526
s0024,75,0,71.33327
s0024,76,0,67.80601
s0024,77,0,70.151794
s0024,78,0,73.78456
s0024,79,0,72.09028
s0024,80,0,64.67454
s0024,81,0,71.09002
s0024,82,0,61.181534
s0024,83,0,69.936356
s0024,84,0,66.0987
s0024,85,0,64.03675
s0024,86,0,65.61813
s0024,87,0,62.178265
s0024,88,0,53.079597
s0024,89,0,61.707375
s0024,90,0,56.68756
s0024,91,0,70.07894
s0024,92,0,75.912155
s0024,93,0,64.491516
s0024,94,0,71.765526
s0024,95,0,59.931023
s0025,0,0,57.442596
s0025,1,0,44.193325
s0025,2,0,44.054646
s0025,3,0,38.999428
s0025,4,0,65.63164
s0025,5,0,58.279408
s0025,6,0,46.15475
s0025,7,0,60.28728
s0025,8,0,61.66997
s0025,9,0,64.27908
s0025,10,0,56.746494
s0025,11,0,58.51936
s0025,12,0,64.89159
s0025,13,0,61.10721
s0025,14,0,73.68503
s0025,15,0,71.266884
s0025,16,0,65.91964
s0025,17,0,72.140335
s0025,18,0,65.06854
s0025,19,0,70.071655
s0025,20,0,68.40588
s0025,21,0,66.26707
s0025,22,0,60.350555
s0025,23,0,71.124306
s0025,24,0,70.70328
s0025,25,0,72.93505
s0025,26,0,66.99158
s0025,27,0,59.36279
s0025,28,0,67.206535
s0025,29,0,75.839195
s0025,30,0,58.04937
s0025,31,0,69.5681
s0025,32,0,61.347763
s0025,33,0,50.06837
s0025,34,0,47.66706
s0025,35,0,49.761353
s0025,36,0,44.925636
s0025,37,0,57.959965
s0025,38,0,55.467876
s0025,39,0,50.911873
s0025,40,0,64.76804
s0025,41,0,61.84971
s0025,42,0,51.19102
s0025,43,0,38.686924
s0025,44,0,44.583645
s0025,45,0,58.755405
s0025,46,0,21.104696
s0025,47,0,40.05268
s0025,48,0,72.35995
s0025,49,0,56.347847
s0025,50,0,52.32457
s0025,51,0,65.20953
s0025,52,0,43.678886
s0025,53,0,39.84157
s0025,54,0,47.956276
s0025,55,0,49.581688
s0025,56,0,57.990227
s0025,57,0,69.29339
s0025,58,0,55.169075
s0025,59,0,68.48146
s0025,60,0,56.33021
s0025,61,0,68.4253
s0025,62,0,70.21632
s0025,63,0,78.269066
s0025,64,0,75.284836
s0025,65,0,71.04669
s0025,66,0,73.43241
s0025,67,0,68.288246
s0025,68,0,66.585915
s0025,69,0,73.28146
s0025,70,0,57.42747
s0025,71,0,62.375427
s0025,72,0,53.478
s0025,73,0,74.423164
s0025,74,0,61.7351
s0025,75,0,75.35709
s0025,76,0,75.62584
s0025,77,0,74.51903
s0025,78,0,76.0318
s0025,79,0,81.57989
s0025,80,0,69.48747
s0025,81,0,73.45308
s0025,82,0,71.83393
s0025,83,0,62.725227
s0025,84,0,67.20581
s0025,85,0,68.299286
s0025,86,0,69.51987
s0025,87,0,60.39911
s0025,88,0,69.51447
s0025,89,0,62.643665
s0025,90,0,68.615074
s0025,91,0,58.649426
s0025,92,0,68.20938
s0025,93,0,67.371605
s0025,94,0,65.24688
s0025,95,0,70.71932
s0026,0,0,52.647068
s0026,1,0,36.97728
s0026,2,0,45.401894
s0026,3,0,52.2933
s0026,4,0,57.28756
s0026,5,0,52.053883
s0026,6,0,49.64167
s0026,7,0,58.96902
s0026,8,0,62.78097
s0026,9,0,65.138145
s0026,10,0,62.15699
s0026,11,0,53.523163
s0026,12,0,67.04576
s0026,13,0,74.47707
s0026,14,0,60.478855
s0026,15,0,71.32852
s0026,16,0,64.315605
s0026,17,0,69.36133
s0026,18,0,59.58491
s0026,19,0,65.38599
s0026,20,0,74.84856
s0026,21,0,71.209366
s0026,22,0,61.512474
s0026,23,0,67.19133
s0026,24,0,70.12826
s0026,25,0,69.14555
s0026,26,0,73.330376
s0026,27,0,68.17
s0026,28,0,63.874393
s0026,29,0,71.84638
s0026,30,0,57.31135
s0026,31,0,70.64615
s0026,32,0,62.961086
s0026,33,0,54.49161
s0026,34,0,53.051876
s0026,35,0,47.779247
s0026,36,0,52.265347
s0026,37,0,64.82748
s0026,38,0,58.592228
s0026,39,0,49.978832
s0026,40,0,64.954155
s0026,41,0,53.07255
s0026,42,0,47.502453
s0026,43,0,55.483166
s0026,44,0,43.357548
s0026,45,0,50.22315
s0026,46,0,31.590689
s0026,47,0,52.65152
s0026,48,0,42.981365
s0026,49,0,54.50161
s0026,50,0,53.975254
s0026,51,0,59.279762
s0026,52,0,54.443844
s0026,53,0,32.411606
s0026,54,0,52.444046
s0026,55,0,49.78818
s0026,56,0,68.48869
s0026,57,0,59.667213
s0026,58,0,55.883247
s0026,59,0,60.280582
s0026,60,0,59.061535
s0026,61,0,66.87441
s0026,62,0,62.399723
s0026,63,0,71.88326
s0026,64,0,57.86124
s0026,65,0,68.97211
s0026,66,0,75.02472
s0026,67,0,59.214283
s0026,68,0,65.09819
s0026,69,0,64.556915
s0026,70,0,59.90533
s0026,71,0,52.383553
s0026,72,0,61.471054
s0026,73,0,63.525513
s0026,74,0,72.063866
s0026,75,0,79.15087
s0026,76,0,72.79719
s0026,77,0,70.156136
s0026,78,0,69.178246
s0026,79,0,71.85262
s0026,80,0,65.067696
s0026,81,0,78.82953
s0026,82,0,64.40208
s0026,83,0,58.5858
s0026,84,0,67.606415
s0026,85,0,73.36312
s0026,86,0,59.883987
s0026,87,0,64.94588
s0026,88,0,65.076294
s0026,89,0,64.63497
s0026,90,0,60.93916
s0026,91,0,70.71202
s0026,92,0,58.945538
s0026,93,0,58.277027
s0026,94,0,61.935596
s0026,95,0,72.299965
s0027,0,0,41.787872
s0027,1,0,41.18864
s0027,2,0,36.79033
s0027,3,0,56.600986
s0027,4,0,49.177948
s0027,5,0,64.12967
s0027,6,0,51.764038
s0027,7,0,61.016315
s0027,8,0,58.118122
s0027,9,0,57.35946
s0027,10,0,58.44515
s0027,11,0,60.386852
s0027,12,0,76.04916
s0027,13,0,68.50139
s0027,14,0,60.021027
s0027,15,0,56.349266
s0027,16,0,71.33527
s0027,17,0,75.20597
s0027,18,0,66.87922
s0027,19,0,61.388668
s0027,20,0,73.08714
s0027,21,0,61.11656
s0027,22,0,61.52146
s0027,23,0,71.22381
s0027,24,0,73.01816
s0027,25,0,63.78229
s0027,26,0,66.50145
s0027,27,0,77.74273
s0027,28,0,60.614098
s0027,29,0,66.87151
s0027,30,0,65.516655
s0027,31,0,73.25469
s0027,32,0,61.17571
s0027,33,0,43.61565
s0027,34,0,48.18195
s0027,35,0,47.503437
s0027,36,0,54.096615
s0027,37,0,61.13805
s0027,38,0,54.84298
s0027,39,0,63.33538
s0027,40,0,60.86157
s0027,41,0,55.380863
s0027,42,0,64.55388
s0027,43,0,53.72405
s0027,44,0,39.12351
s0027,45,0,53.324192
s0027,46,0,42.61335
s0027,47,0,53.351406
s0027,48,0,60.926422
s0027,49,0,50.299107
s0027,50,0,49.11031
s0027,51,0,53.034904
s0027,52,0,57.31543
s0027,53,0,38.097652
s0027,54,0,66.5485
s0027,55,0,43.368282
s0027,56,0,56.558887
s0027,57,0,69.26004
s0027,58,0,62.791454
s0027,59,0,67.122894
s0027,60,0,69.710495
s0027,61,0,64.09604
s0027,62,0,67.94647
s0027,63,0,72.51664
s0027,64,0,65.30254
s0027,65,0,63.03941
s0027,66,0,60.578194
s0027,67,0,66.227165
s0027,68,0,76.60224
s0027,69,0,68.11535
s0027,70,0,63.731293
s0027,71,0,57.50319
s0027,72,0,63.850933
s0027,73,0,59.661053
s0027,74,0,65.7067
s0027,75,0,82.240105
s0027,76,0,67.87836
s0027,77,0,65.60644
s0027,78,0,71.57607
s0027,79,0,70.66593
s0027,80,0,75.9751
s0027,81,0,77.163925
s0027,82,0,62.423695
s0027,83,0,61.11725
s0027,84,0,68.44181
s0027,85,0,69.72914
s0027,86,0,53.350212
s0027,87,0,56.70841
s0027,88,0,63.245243
s0027,89,0,61.809566
s0027,90,0,56.587048
s0027,91,0,68.09427
s0027,92,0,63.597027
s0027,93,0,69.508224
s0027,94,0,67.646805
s0027,95,0,74.36801
s0028,0,0,65.202354
s0028,1,0,54.939533
s0028,2,0,54.387077
s0028,3,0,37.653496
s0028,4,0,47.595543
s0028,5,0,56.223217
s0028,6,0,63.591423
s0028,7,0,54.300068
s0028,8,0,60.855396
s0028,9,0,58.94363
s0028,10,0,63.209187
s0028,11,0,50.85411
s0028,12,0,69.6621
s0028,13,0,63.45125
s0028,14,0,65.873215
s0028,15,0,76.02368
s0028,16,0,65.32418
s0028,17,0,63.100315
s0028,18,0,54.63051
s0028,19,0,66.38109
s0028,20,0,74.30458
s0028,21,0,78.20508
s0028,22,0,62.173862
s0028,23,0,70.74199
s0028,24,0,71.96368
s0028,25,0,65.918915
s0028,26,0,72.18916
s0028,27,0,65.12505
s0028,28,0,64.34645
s0028,29,0,67.508354
s0028,30,0,63.108364
s0028,31,0,63.96985
s0028,32,0,55.60598
s0028,33,0,52.660305
s0028,34,0,54.215164
s0028,35,0,51.547386
s0028,36,0,53.383423
s0028,37,0,57.308502
s0028,38,0,57.02473
s0028,39,0,61.02452
s0028,40,0,61.374306
s0028,41,0,45.362408
s0028,42,0,64.41638
s0028,43,0,37.693874
s0028,44,0,61.08535
s0028,45,0,45.11765
s0028,46,0,51.61028
s0028,47,0,45.54816
s0028,48,0,58.23033
s0028,49,0,57.919228
s0028,50,0,54.22852
s0028,51,0,45.846123
s0028,52,0,59.163525
s0028,53,0,48.23686
s0028,54,0,57.781544
s0028,55,0,52.797585
s0028,56,0,61.365707
s0028,57,0,60.049057
s0028,58,0,54.76701
s0028,59,0,64.042725
s0028,60,0,55.335857
s0028,61,0,62.010838
s0028,62,0,74.14484
s0028,63,0,65.22381
s0028,64,0,58.599514
s0028,65,0,65.975815
s0028,66,0,61.77791
s0028,67,0,52.888832
s0028,68,0,65.94367
s0028,69,0,72.32751
s0028,70,0,54.800224
s0028,71,0,60.983936
s0028,72,0,55.136326
s0028,73,0,68.46271
s0028,74,0,74.76
s0028,75,0,70.95708
s0028,76,0,79.422615
s0028,77,0,74.72084
s0028,78,0,74.48256
s0028,79,0,65.706635
s0028,80,0,71.48176
s0028,81,0,72.04775
s0028,82,0,73.633705
s0028,83,0,60.36579
s0028,84,0,70.49708
s0028,85,0,75.60742
s0028,86,0,62.84107
s0028,87,0,56.294765
s0028,88,0,58.65072
s0028,89,0,58.880016
s0028,90,0,54.669506
s0028,91,0,63.519382
s0028,92,0,65.11288
s0028,93,0,70.95943
s0028,94,0,69.43683
s0028,95,0,70.93331
s0029,0,0,64.56617
s0029,1,0,48.301117
s0029,2,0,42.762215
s0029,3,0,40.48829
s0029,4,0,47.06073
s0029,5,0,49.402645
s0029,6,0,53.467678
s0029,7,0,52.97623
s0029,8,0,50.89129
s0029,9,0,66.54338
s0029,10,0,54.28202
s0029,11,0,67.830956
s0029,12,0,67.32825
s0029,13,0,63.31919
s0029,14,0,61.787262
s0029,15,0,63.930653
s0029,16,0,61.030643
s0029,17,0,66.35294
s0029,18,0,59.22382
s0029,19,0,62.00992
s0029,20,0,69.63745
s0029,21,0,60.571373
s0029,22,0,62.08681
s0029,23,0,80.239456
s0029,24,0,70.51465
s0029,25,0,61.576683
s0029,26,0,69.49992
s0029,27,0,63.88144
s0029,28,0,73.41979
s0029,29,0,72.73158
s0029,30,0,56.464073
s0029,31,0,65.872986
s0029,32,0,55.216225
s0029,33,0,51.18196
s0029,34,0,43.264683
s0029,35,0,60.61735
s0029,36,0,52.669304
s0029,37,0,52.463764
s0029,38,0,58.790703
s0029,39,0,39.83015
s0029,40,0,69.36987
s0029,41,0,50.131138
s0029,42,0,41.543472
s0029,43,0,64.54817
s0029,44,0,35.522865
s0029,45,0,54.47779
s0029,46,0,50.389236
s0029,47,0,47.335342
s0029,48,0,30.159555
s0029,49,0,43.665016
s0029,50,0,58.499428
s0029,51,0,55.216663
s0029,52,0,62.356956
s0029,53,0,50.23766
s0029,54,0,62.352673
s0029,55,0,67.74105
s0029,56,0,58.022224
s0029,57,0,73.20708
s0029,58,0,56.497147
s0029,59,0,63.25782
s0029,60,0,71.165146
s0029,61,0,60.8466
s0029,62,0,66.94398
s0029,63,0,72.115395
s0029,64,0,62.628254
s0029,65,0,72.244965
s0029,66,0,72.40446
s0029,67,0,81.52916
s0029,68,0,60.92583
s0029,69,0,73.08679
s0029,70,0,62.018246
s0029,71,0,62.990604
s0029,72,0,52.385067
s0029,73,0,72.55948
s0029,74,0,75.547844
s0029,75,0,74.16661
s0029,76,0,81.535225
s0029,77,0,69.20604
s0029,78,0,79.58538
s0029,79,0,76.25129
s0029,80,0,64.82805
s0029,81,0,69.12062
s0029,82,0,66.183556
s0029,83,0,62.304775
s0029,84,0,77.034935
s0029,85,0,72.58287
s0029,86,0,75.788445
s0029,87,0,50.15735
s0029,88,0,73.145515
s0029,89,0,62.289883
s0029,90,0,70.45686
s0029,91,0,68.133606
s0029,92,0,56.16461
s0029,93,0,65.0375
s0029,94,0,67.285805
s0029,95,0,60.0401
s0030,0,0,50.28581
s0030,1,0,50.782013
s0030,2,0,44.733803
s0030,3,0,47.354195
s0030,4,0,61.496456
s0030,5,0,53.292526
s0030,6,0,46.72595
s0030,7,0,56.5278
s0030,8,0,54.581554
s0030,9,0,56.819927
s0030,10,0,63.234856
s0030,11,0,63.563564
s0030,12,0,70.26415
s0030,13,0,66.40209
s0030,14,0,70.38314
s0030,15,0,67.72405
s0030,16,0,63.235397
s0030,17,0,52.362206
s0030,18,0,65.02839
s0030,19,0,70.60164
s0030,20,0,67.384926
s0030,21,0,72.13768
s0030,22,0,58.43356
s0030,23,0,61.789772
s0030,24,0,69.48774
s0030,25,0,65.75233
s0030,26,0,76.067696
s0030,27,0,60.040985
s0030,28,0,70.148155
s0030,29,0,70.84328
s0030,30,0,54.60916
s0030,31,0,65.450096
s0030,32,0,65.2362
s0030,33,0,52.697163
s0030,34,0,53.536972
s0030,35,0,48.816307
s0030,36,0,49.684586
s0030,37,0,66.06588
s0030,38,0,47.69559
s0030,39,0,47.631367
s0030,40,0,66.94827
s0030,41,0,58.99489
s0030,42,0,41.44498
s0030,43,0,41.147144
s0030,44,0,52.469482
s0030,45,0,45.48888
s0030,46,0,54.05353
s0030,47,0,45.116573
s0030,48,0,63.579258
s0030,49,0,46.521954
s0030,50,0,60.98259
s0030,51,0,41.33672
s0030,52,0,73.52012
s0030,53,0,52.15922
s0030,54,0,53.33425
s0030,55,0,53.70788
s0030,56,0,47.291553
s0030,57,0,61.87307
s0030,58,0,58.113472
s0030,59,0,62.703136
s0030,60,0,61.889004
s0030,61,0,60.836666
s0030,62,0,68.480255
s0030,63,0,69.85822
s0030,64,0,70.80387
s0030,65,0,62.673492
s0030,66,0,69.726974
s0030,67,0,63.743587
s0030,68,0,60.85752
s0030,69,0,57.964905
s0030,70,0,56.54286
s0030,71,0,52.681297
s0030,72,0,63.65376
s0030,73,0,63.13985
s0030,74,0,64.18665
s0030,75,0,77.44487
s0030,76,0,74.598595
s0030,77,0,65.209206
s0030,78,0,68.34188
s0030,79,0,77.95591
s0030,80,0,72.47811
s0030,81,0,69.46885
s0030,82,0,65.10516
s0030,83,0,73.43514
s0030,84,0,61.421783
s0030,85,0,74.26874
s0030,86,0,69.07531
s0030,87,0,55.528362
s0030,88,0,60.5019
s0030,89,0,57.062706
s0030,90,0,58.75128
s0030,91,0,69.102516
s0030,92,0,71.273575
s0030,93,0,66.44429
s0030,94,0,70.48946
s0030,95,0,76.942726
s0031,0,0,53.52757
s0031,1,0,50.257187
s0031,2,0,47.220486
s0031,3,0,47.88459
s0031,4,0,43.28829
s0031,5,0,55.23358
s0031,6,0,54.7914
s0031,7,0,53.54035
s0031,8,0,53.26751
s0031,9,0,59.948257
s0031,10,0,60.52928
s0031,11,0,60.655502
s0031,12,0,68.550545
s0031,13,0,65.39178
s0031,14,0,68.94518
s0031,15,0,61.789326
s0031,16,0,54.317204
s0031,17,0,69.53454
s0031,18,0,76.74437
s0031,19,0,61.110233
s0031,20,0,66.74195
s0031,21,0,59.601395
s0031,22,0,66.4737
s0031,23,0,56.803024
s0031,24,0,65.89222
s0031,25,0,68.03478
s0031,26,0,79.06049
s0031,27,0,62.95384
s0031,28,0,65.66134
s0031,29,0,84.91521
s0031,30,0,58.13511
s0031,31,0,65.20403
s0031,32,0,63.26114
s0031,33,0,53.248177
s0031,34,0,46.108
s0031,35,0,44.21921
s0031,36,0,54.03764
s0031,37,0,49.620033
s0031,38,0,62.553192
s0031,39,0,45.517254
s0031,40,0,74.32863
s0031,41,0,52.004414
s0031,42,0,56.762856
s0031,43,0,48.695393
s0031,44,0,46.01717
s0031,45,0,54.094746
s0031,46,0,64.3884
s0031,47,0,61.482567
s0031,48,0,59.937126
s0031,49,0,42.571384
s0031,50,0,44.199398
s0031,51,0,47.863808
s0031,52,0,60.128567
s0031,53,0,50.37455
s0031,54,0,44.403725
s0031,55,0,50.414303
s0031,56,0,50.596878
s0031,57,0,64.227486
s0031,58,0,62.031017
s0031,59,0,61.96477
s0031,60,0,50.573437
s0031,61,0,61.31876
s0031,62,0,67.45472
s0031,63,0,70.71838
s0031,64,0,68.4409
s0031,65,0,66.50908
s0031,66,0,69.901405
s0031,67,0,60.538563
s0031,68,0,69.54641
s0031,69,0,63.416374
s0031,70,0,64.70038
s0031,71,0,67.55379
s0031,72,0,57.774628
s0031,73,0,64.203
s0031,74,0,67.08841
s0031,75,0,77.53475
s0031,76,0,81.4852
s0031,77,0,69.981636
s0031,78,0,80.77188
s0031,79,0,72.41758
s0031,80,0,73.26297
s0031,81,0,75.244934
s0031,82,0,72.24994
s0031,83,0,61.648113
s0031,84,0,61.48655
s0031,85,0,70.72909
s0031,86,0,69.487206
s0031,87,0,69.3226
s0031,88,0,62.90756
s0031,89,0,68.146935
s0031,90,0,58.268616
s0031,91,0,64.30572
s0031,92,0,67.90525
s0031,93,0,77.357056
s0031,94,0,70.3609
s0031,95,0,64.295685
s0032,0,0,45.384064
s0032,1,0,40.76006
s0032,2,0,51.008293
s0032,3,0,44.242424
s0032,4,0,56.278957
s0032,5,0,56.879105
s0032,6,0,46.92617
s0032,7,0,53.68538
s0032,8,0,64.34131
s0032,9,0,60.19892
s0032,10,0,60.82013
s0032,11,0,60.86009
s0032,12,0,70.291275
s0032,13,0,63.795254
s0032,14,0,67.530716
s0032,15,0,70.892494
s0032,16,0,66.858284
s0032,17,0,64.05653
s0032,18,0,61.03218
s0032,19,0,73.44718
s0032,20,0,60.722603
s0032,21,0,60.393135
s0032,22,0,67.19985
s0032,23,0,69.568054
s0032,24,0,82.08672
s0032,25,0,64.13404
s0032,26,0,69.27567
s0032,27,0,67.83391
s0032,28,0,74.97723
s0032,29,0,71.70406
s0032,30,0,57.843864
s0032,31,0,73.87715
s0032,32,0,57.353443
s0032,33,0,52.99937
s0032,34,0,55.560505
s0032,35,0,44.893124
s0032,36,0,57.2076
s0032,37,0,50.665337
s0032,38,0,59.040855
s0032,39,0,45.1213
s0032,40,0,72.831795
s0032,41,0,62.928776
s0032,42,0,62.910103
s0032,43,0,61.42089
s0032,44,0,54.444115
s0032,45,0,32.74395
s0032,46,0,23.42864
s0032,47,0,25.318253
s0032,48,0,71.43751
s0032,49,0,60.073902
s0032,50,0,46.416317
s0032,51,0,54.20931
s0032,52,0,51.324303
s0032,53,0,57.76581
s0032,54,0,50.42846
s0032,55,0,54.770405
s0032,56,0,58.842583
s0032,57,0,67.52858
s0032,58,0,65.64895
s0032,59,0,64.93179
s0032,60,0,61.398506
s0032,61,0,65.37171
s0032,62,0,60.74326
s0032,63,0,71.91631
s0032,64,0,61.381893
s0032,65,0,71.7579
s0032,66,0,68.11965
s0032,67,0,65.05166
s0032,68,0,74.73117
s0032,69,0,59.091194
s0032,70,0,54.90913
s0032,71,0,59.041843
s0032,72,0,60.655342
s0032,73,0,67.407265
s0032,74,0,69.06169
s0032,75,0,63.690723
s0032,76,0,77.10781
s0032,77,0,82.04319
s0032,78,0,67.66008
s0032,79,0,75.68362
s0032,80,0,73.92442
s0032,81,0,69.926834
s0032,82,0,68.36071
s0032,83,0,62.435658
s0032,84,0,71.094505
s0032,85,0,72.953835
s0032,86,0,61.916065
s0032,87,0,60.98831
s0032,88,0,67.42437
s0032,89,0,68.61699
s0032,90,0,55.925953
s0032,91,0,72.15317
s0032,92,0,59.3025
s0032,93,0,73.059845
s0032,94,0,66.101006
s0032,95,0,73.6685
s0033,0,0,54.872658
s0033,1,0,52.31882
s0033,2,0,47.00464
s0033,3,0,45.21253
s0033,4,0,60.81113
s0033,5,0,58.680412
s0033,6,0,46.552616
s0033,7,0,55.472847
s0033,8,0,55.45716
s0033,9,0,60.891144
s0033,10,0,56.044422
s0033,11,0,68.361
s0033,12,0,66.30196
s0033,13,0,67.34958
s0033,14,0,70.96896
s0033,15,0,70.14675
s0033,16,0,66.43527
s0033,17,0,67.01877
s0033,18,0,60.722805
s0033,19,0,56.581944
s0033,20,0,69.460915
s0033,21,0,74.233246
s0033,22,0,59.42572
s0033,23,0,75.14379
s0033,24,0,74.975235
s0033,25,0,69.33941
s0033,26,0,63.957874
s0033,27,0,62.083004
s0033,28,0,66.81979
s0033,29,0,69.79711
s0033,30,0,53.9415
s0033,31,0,67.07246
s0033,32,0,61.19219
s0033,33,0,50.54611
s0033,34,0,58.187115
s0033,35,0,56.884415
s0033,36,0,48.31455
s0033,37,0,56.63066
s0033,38,0,58.984673
s0033,39,0,51.800922
s0033,40,0,57.558193
s0033,41,0,47.082466
s0033,42,0,38.673847
s0033,43,0,38.33083
s0033,44,0,49.577248
s0033,45,0,30.986835
s0033,46,0,62.684437
s0033,47,0,42.44417
s0033,48,0,35.220562
s0033,49,0,39.77371
s0033,50,0,53.036953
s0033,51,0,47.06688
s0033,52,0,28.88294
s0033,53,0,54.3581
s0033,54,0,47.47716
s0033,55,0,49.43128
s0033,56,0,52.662693
s0033,57,0,75.69363
s0033,58,0,54.910908
s0033,59,0,66.67585
s0033,60,0,56.642605
s0033,61,0,68.35472
s0033,62,0,70.925804
s0033,63,0,75.18884
s0033,64,0,66.49497
s0033,65,0,66.55045
s0033,66,0,77.534996
s0033,67,0,74.17355
s0033,68,0,68.09861
s0033,69,0,64.545944
s0033,70,0,58.32765
s0033,71,0,61.791523
s0033,72,0,68.55156
s0033,73,0,72.04541
s0033,74,0,68.56302
s0033,75,0,72.85873
s0033,76,0,73.608406
s0033,77,0,74.08141
s0033,78,0,77.30925
s0033,79,0,76.41224
s0033,80,0,82.49377
s0033,81,0,76.86869
s0033,82,0,58.931614
s0033,83,0,60.212578
s0033,84,0,66.911415
s0033,85,0,67.74088
s0033,86,0,67.47801
s0033,87,0,66.562386
s0033,88,0,62.067043
s0033,89,0,64.044525
s0033,90,0,56.89861
s0033,91,0,72.26366
s0033,92,0,66.03978
s0033,93,0,66.491234
s0033,94,0,76.1313
s0033,95,0,67.72303
s0034,0,0,55.182858
s0034,1,0,40.032764
s0034,2,0,41.552624
s0034,3,0,48.500313
s0034,4,0,51.846172
s0034,5,0,54.64624
s0034,6,0,55.301632
s0034,7,0,59.027687
s0034,8,0,50.46289
s0034,9,0,52.576897
s0034,10,0,62.631958
s0034,11,0,70.64017
s0034,12,0,69.102425
s0034,13,0,59.088753
s0034,14,0,69.53009
s0034,15,0,64.63796
s0034,16,0,65.2997
s0034,17,0,66.84527
s0034,18,0,68.943855
s0034,19,0,63.21117
s0034,20,0,58.266888
s0034,21,0,62.052467
s0034,22,0,60.502434
s0034,23,0,68.02462
s0034,24,0,77.04616
s0034,25,0,74.59348
s0034,26,0,69.6385
s0034,27,0,65.162704
s0034,28,0,70.646515
s0034,29,0,74.78646
s0034,30,0,61.984787
s0034,31,0,64.87827
s0034,32,0,59.140835
s0034,33,0,42.63854
s0034,34,0,55.16649
s0034,35,0,53.701523
s0034,36,0,53.58135
s0034,37,0,62.985035
s0034,38,0,50.23273
s0034,39,0,55.77652
s0034,40,0,69.98832
s0034,41,0,53.738377
s0034,42,0,40.39593
s0034,43,0,48.66523
s0034,44,0,34.40562
s0034,45,0,44.494263
s0034,46,0,27.710455
s0034,47,0,38.016422
s0034,48,0,28.97877
s0034,49,0,57.48198
s0034,50,0,37.197594
s0034,51,0,44.079742
s0034,52,0,52.913605
s0034,53,0,49.919006
s0034,54,0,57.326675
s0034,55,0,69.38368
s0034,56,0,61.099174
s0034,57,0,61.20445
s0034,58,0,51.543026
s0034,59,0,65.79127
s0034,60,0,58.658436
s0034,61,0,65.69341
s0034,62,0,69.645996
s0034,63,0,72.829636
s0034,64,0,66.81007
s0034,65,0,65.366776
s0034,66,0,64.1732
s0034,67,0,61.136044
s0034,68,0,57.80406
s0034,69,0,64.12085
s0034,70,0,64.885544
s0034,71,0,65.14627
s0034,72,0,59.656567
s0034,73,0,65.649536
s0034,74,0,77.723694
s0034,75,0,66.3803
s0034,76,0,76.73158
s0034,77,0,60.90458
s0034,78,0,78.38712
s0034,79,0,75.85306
s0034,80,0,72.40321
s0034,81,0,82.63778
s0034,82,0,62.94023
s0034,83,0,62.17836
s0034,84,0,73.89372
s0034,85,0,78.031784
s0034,86,0,52.320587
s0034,87,0,59.636913
s0034,88,0,67.19813
s0034,89,0,57.994865
s0034,90,0,53.84782
s0034,91,0,70.153496
s0034,92,0,60.21148
s0034,93,0,72.53198
s0034,94,0,72.74769
s0034,95,0,79.67153
s0035,0,0,49.219376
s0035,1,0,49.628944
s0035,2,0,48.851402
s0035,3,0,50.346844
s0035,4,0,54.626064
s0035,5,0,56.22139
s0035,6,0,52.88866
s0035,7,0,52.671185
s0035,8,0,60.64367
s0035,9,0,64.18364
s0035,10,0,64.428024
s0035,11,0,72.61626
s0035,12,0,63.34108
s0035,13,0,78.28451
s0035,14,0,68.44561
s0035,15,0,67.303505
s0035,16,0,61.03025
s0035,17,0,59.379368
s0035,18,0,63.9874
s0035,19,0,58.860775
s0035,20,0,64.52395
s0035,21,0,70.61661
s0035,22,0,61.18239
s0035,23,0,68.24364
s0035,24,0,67.49969
s0035,25,0,70.954895
s0035,26,0,64.21778
s0035,27,0,68.48557
s0035,28,0,71.32586
s0035,29,0,59.24575
s0035,30,0,60.11206
s0035,31,0,56.999683
s0035,32,0,49.787437
s0035,33,0,67.25355
s0035,34,0,57.109722
s0035,35,0,61.532364
s0035,36,0,54.13735
s0035,37,0,61.35079
s0035,38,0,59.330597
s0035,39,0,57.95534
s0035,40,0,61.62429
s0035,41,0,63.30838
s0035,42,0,45.122948
s0035,43,0,36.32733
s0035,44,0,29.678854
s0035,45,0,52.004757
s0035,46,0,40.85755
s0035,47,0,29.148506
s0035,48,0,31.560549
s0035,49,0,41.712395
s0035,50,0,40.99926
s0035,51,0,56.505005
s0035,52,0,43.849525
s0035,53,0,54.621113
s0035,54,0,64.20861
s0035,55,0,53.996128
s0035,56,0,46.804195
s0035,57,0,67.99053
s0035,58,0,56.885956
s0035,59,0,70.13261
s0035,60,0,60.57562
s0035,61,0,66.243805
s0035,62,0,72.36734
s0035,63,0,68.737915
s0035,64,0,61.35832
s0035,65,0,64.74271
s0035,66,0,73.02648
s0035,67,0,65.14962
s0035,68,0,65.235054
s0035,69,0,68.9861
s0035,70,0,52.453205
s0035,71,0,68.702736
s0035,72,0,58.64219
s0035,73,0,75.81862
s0035,74,0,70.57672
s0035,75,0,76.40777
s0035,76,0,78.63091
s0035,77,0,80.84768
s0035,78,0,86.6083
s0035,79,0,78.038795
s0035,80,0,71.47587
s0035,81,0,85.16907
s0035,82,0,73.78024
s0035,83,0,60.511467
s0035,84,0,67.66593
s0035,85,0,74.70726
s0035,86,0,60.47241
s0035,87,0,72.3594
s0035,88,0,56.716557
s0035,89,0,58.267406
s0035,90,0,56.030983
s0035,91,0,68.25177
s0035,92,0,71.76008
s0035,93,0,64.99754
s0035,94,0,60.252403
s0035,95,0,70.59383
s0036,0,0,59.371
s0036,1,0,48.05239
s0036,2,0,42.355274
s0036,3,0,48.428097
s0036,4,0,60.739697
s0036,5,0,53.307194
s0036,6,0,55.04073
s0036,7,0,52.519516
s0036,8,0,60.44323
s0036,9,0,53.770443
s0036,10,0,62.055134
s0036,11,0,67.193054
s0036,12,0,62.00241
s0036,13,0,64.45722
s0036,14,0,57.345585
s0036,15,0,72.33555
s0036,16,0,69.353195
s0036,17,0,60.93123
s0036,18,0,67.78624
s0036,19,0,77.13465
s0036,20,0,69.00316
s0036,21,0,67.29805
s0036,22,0,66.3055
s0036,23,0,75.081856
s0036,24,0,69.630295
s0036,25,0,67.87949
s0036,26,0,69.00992
s0036,27,0,67.94786
s0036,28,0,71.87493
s0036,29,0,66.26589
s0036,30,0,48.548588
s0036,31,0,69.18669
s0036,32,0,61.77522
s0036,33,0,63.527702
s0036,34,0,59.22363
s0036,35,0,55.0858
s0036,36,0,43.709667
s0036,37,0,49.550694
s0036,38,0,66.469215
s0036,39,0,64.13007
s0036,40,0,63.04545
s0036,41,0,37.702744
s0036,42,0,31.73456
s0036,43,0,43.31261
s0036,44,0,43.045563
s0036,45,0,50.54418
s0036,46,0,49.43695
s0036,47,0,49.590923
s0036,48,0,50.62656
s0036,49,0,55.382755
s0036,50,0,57.466488
s0036,51,0,45.20418
s0036,52,0,62.362972
s0036,53,0,50.77064
s0036,54,0,39.79874
s0036,55,0,50.19364
s0036,56,0,59.922184
s0036,57,0,61.374916
s0036,58,0,65.15748
s0036,59,0,64.72498
s0036,60,0,53.2721
s0036,61,0,60.207546
s0036,62,0,71.18904
s0036,63,0,67.09549
s0036,64,0,67.82025
s0036,65,0,66.67777
s0036,66,0,62.71877
s0036,67,0,57.385883
s0036,68,0,69.175415
s0036,69,0,64.79284
s0036,70,0,60.42652
s0036,71,0,65.33922
s0036,72,0,56.28293
s0036,73,0,56.663628
s0036,74,0,67.616844
s0036,75,0,76.40572
s0036,76,0,63.866985
s0036,77,0,85.4226
s0036,78,0,76.75568
s0036,79,0,70.117836
s0036,80,0,72.571594
s0036,81,0,64.50825
s0036,82,0,65.73502
s0036,83,0,59.57051
s0036,84,0,63.137398
s0036,85,0,71.9405
s0036,86,0,62.353992
s0036,87,0,62.876347
s0036,88,0,73.32106
s0036,89,0,58.865032
s0036,90,0,55.418926
s0036,91,0,64.34849
s0036,92,0,69.7672
s0036,93,0,75.89087
s0036,94,0,78.464874
s0036,95,0,66.2953
s0037,0,0,53.64543
s0037,1,0,40.97025
s0037,2,0,44.218044
s0037,3,0,51.077316
s0037,4,0,50.993385
s0037,5,0,51.838516
s0037,6,0,50.853573
s0037,7,0,53.315323
s0037,8,0,55.76112
s0037,9,0,58.45274
s0037,10,0,49.324238
s0037,11,0,70.273
s0037,12,0,65.09753
s0037,13,0,67.2647
s0037,14,0,62.8369
s0037,15,0,63.092617
s0037,16,0,55.501392
s0037,17,0,63.37892
s0037,18,0,76.19615
s0037,19,0,69.41297
s0037,20,0,70.60143
s0037,21,0,68.08432
s0037,22,0,68.51783
s0037,23,0,71.22891
s0037,24,0,65.6319
s0037,25,0,68.186905
s0037,26,0,71.94669
s0037,27,0,68.784515
s0037,28,0,69.20231
s0037,29,0,65.0144
s0037,30,0,51.819244
s0037,31,0,69.62754
s0037,32,0,53.15444
s0037,33,0,60.366768
s0037,34,0,52.517155
s0037,35,0,37.15396
s0037,36,0,51.437206
s0037,37,0,47.947968
s0037,38,0,53.770817
s0037,39,0,71.66303
s0037,40,0,78.84668
s0037,41,0,36.41839
s0037,42,0,59.096245
s0037,43,0,48.01201
s0037,44,0,40.302834
s0037,45,0,56.896904
s0037,46,0,58.3446
s0037,47,0,30.875967
s0037,48,0,50.879322
s0037,49,0,54.026382
s0037,50,0,46.897808
s0037,51,0,69.05199
s0037,52,0,33.080105
s0037,53,0,55.860065
s0037,54,0,52.634975
s0037,55,0,50.831554
s0037,56,0,62.255295
s0037,57,0,64.70464
s0037,58,0,58.42378
s0037,59,0,64.47879
s0037,60,0,69.40988
s0037,61,0,69.02174
s0037,62,0,73.11915
s0037,63,0,79.40525
s0037,64,0,73.34581
s0037,65,0,62.06279
s0037,66,0,71.001495
s0037,67,0,57.32912
s0037,68,0,60.65026
s0037,69,0,66.30127
s0037,70,0,65.53322
s0037,71,0,63.97886
s0037,72,0,64.87332
s0037,73,0,79.06089
s0037,74,0,72.125946
s0037,75,0,87.56902
s0037,76,0,67.42702
s0037,77,0,72.83703
s0037,78,0,81.66404
s0037,79,0,80.00024
s0037,80,0,63.900917
s0037,81,0,74.53899
s0037,82,0,58.39356
s0037,83,0,71.81326
s0037,84,0,74.33057
s0037,85,0,67.14711
s0037,86,0,71.845276
s0037,87,0,65.38998
s0037,88,0,66.88657
s0037,89,0,71.779495
s0037,90,0,76.298065
s0037,91,0,64.72353
s0037,92,0,69.989395
s0037,93,0,67.4072
s0037,94,0,67.28155
s0037,95,0,61.92734
s0038,0,0,47.406963
s0038,1,0,52.993546
s0038,2,0,65.23037
s0038,3,0,45.15663
s0038,4,0,53.36201
s0038,5,0,51.305565
s0038,6,0,60.425407
s0038,7,0,53.191204
s0038,8,0,65.95945
s0038,9,0,58.388752
s0038,10,0,60.094177
s0038,11,0,66.27209
s0038,12,0,67.374176
s0038,13,0,58.473743
s0038,14,0,68.99193
s0038,15,0,65.71678
s0038,16,0,68.15943
s0038,17,0,65.30956
s0038,18,0,65.755684
s0038,19,0,59.97522
s0038,20,0,69.236015
s0038,21,0,66.56732
s0038,22,0,56.95449
s0038,23,0,74.40237
s0038,24,0,69.31316
s0038,25,0,73.29191
s0038,26,0,68.034874
s0038,27,0,59.947983
s0038,28,0,67.49564
s0038,29,0,73.935455
s0038,30,0,64.24296
s0038,31,0,63.956135
s0038,32,0,59.94099
s0038,33,0,55.76397
s0038,34,0,56.255287
s0038,35,0,42.983078
s0038,36,0,57.83848
s0038,37,0,51.83711
s0038,38,0,70.19035
s0038,39,0,49.61279
s0038,40,0,61.52203
s0038,41,0,50.353317
s0038,42,0,50.42695
s0038,43,0,41.119896
s0038,44,0,47.34105
s0038,45,0,33.911945
s0038,46,0,40.37368
s0038,47,0,43.80905
s0038,48,0,56.114746
s0038,49,0,32.928646
s0038,50,0,56.25925
s0038,51,0,40.167408
s0038,52,0,42.128067
s0038,53,0,50.42105
s0038,54,0,61.493427
s0038,55,0,50.455452
s0038,56,0,66.10266
s0038,57,0,66.64955
s0038,58,0,59.833916
s0038,59,0,65.98888
s0038,60,0,56.880318
s0038,61,0,54.886463
s0038,62,0,65.35967
s0038,63,0,70.4202
s0038,64,0,64.72073
s0038,65,0,66.362076
s0038,66,0,70.49128
s0038,67,0,57.417053
s0038,68,0,56.518303
s0038,69,0,69.2324
s0038,70,0,53.614243
s0038,71,0,60.824226
s0038,72,0,55.298748
s0038,73,0,72.71022
s0038,74,0,62.06379
s0038,75,0,71.44227
s0038,76,0,77.347046
s0038,77,0,73.17842
s0038,78,0,73.737915
s0038,79,0,65.44533
s0038,80,0,78.33536
s0038,81,0,66.469986
s0038,82,0,76.56959
s0038,83,0,70.71195
s0038,84,0,68.73793
s0038,85,0,66.82645
s0038,86,0,61.87031
s0038,87,0,58.70903
s0038,88,0,61.87181
s0038,89,0,54.831573
s0038,90,0,55.40992
s0038,91,0,74.65319
s0038,92,0,63.515583
s0038,93,0,60.33629
s0038,94,0,76.651924
s0038,95,0,73.65384
s0039,0,0,52.553673
s0039,1,0,37.770573
s0039,2,0,38.80839
s0039,3,0,54.989204
s0039,4,0,56.305542
s0039,5,0,57.349533
s0039,6,0,46.477448
s0039,7,0,56.318478
s0039,8,0,55.88421
s0039,9,0,62.227627
s0039,10,0,51.546574
s0039,11,0,61.62601
s0039,12,0,68.43921
s0039,13,0,74.29594
s0039,14,0,66.89311
s0039,15,0,73.733986
s0039,16,0,71.419106
s0039,17,0,58.880543
s0039,18,0,62.311165
s0039,19,0,50.346577
s0039,20,0,66.69332
s0039,21,0,61.712486
s0039,22,0,60.82575
s0039,23,0,62.680054
s0039,24,0,66.258156
s0039,25,0,74.27626
s0039,26,0,67.319435
s0039,27,0,74.00429
s0039,28,0,56.057724
s0039,29,0,70.58025
s0039,30,0,61.645966
s0039,31,0,67.20399
s0039,32,0,53.366413
s0039,33,0,50.941517
s0039,34,0,58.027668
s0039,35,0,54.200676
s0039,36,0,52.63845
s0039,37,0,52.810314
s0039,38,0,61.92448
s0039,39,0,50.37069
s0039,40,0,70.69689
s0039,41,0,49.69448
s0039,42,0,41.292255
s0039,43,0,44.59104
s0039,44,0,63.703735
s0039,45,0,38.774765
s0039,46,0,31.028772
s0039,47,0,51.116344
s0039,48,0,49.3128
s0039,49,0,39.84909
s0039,50,0,63.673218
s0039,51,0,47.375355
s0039,52,0,59.275227
s0039,53,0,47.4865
s0039,54,0,56.370975
s0039,55,0,64.96013
s0039,56,0,58.29415
s0039,57,0,55.157402
s0039,58,0,58.63981
s0039,59,0,67.114815
s0039,60,0,56.453175
s0039,61,0,60.678486
s0039,62,0,72.50587
s0039,63,0,69.15056
s0039,64,0,62.65457
s0039,65,0,68.23727
s0039,66,0,70.23515
s0039,67,0,63.643703
s0039,68,0,64.04361
s0039,69,0,69.876564
s0039,70,0,52.01552
s0039,71,0,62.15967
s0039,72,0,61.50929
s0039,73,0,64.78603
s0039,74,0,71.64784
s0039,75,0,67.15421
s0039,76,0,69.13361
s0039,77,0,78.07744
s0039,78,0,74.71479
s0039,79,0,69.589294
s0039,80,0,62.377995
s0039,81,0,73.06603
s0039,82,0,61.64096
s0039,83,0,71.90951
s0039,84,0,61.837482
s0039,85,0,68.815254
s0039,86,0,70.50261
s0039,87,0,70.98237
s0039,88,0,67.43035
s0039,89,0,54.94954
s0039,90,0,52.335392
s0039,91,0,61.904568
s0039,92,0,60.053112
s0039,93,0,70.90556
s0039,94,0,69.848656
s0039,95,0,65.8901
s0040,0,0,47.2799
s0040,1,0,54.489548
s0040,2,0,56.131283
s0040,3,0,49.86887
s0040,4,0,50.095795
s0040,5,0,55.128544
s0040,6,0,50.427357
s0040,7,0,58.333874
s0040,8,0,54.16004
s0040,9,0,62.121475
s0040,10,0,56.92879
s0040,11,0,63.033195
s0040,12,0,74.08667
s0040,13,0,68.508446
s0040,14,0,66.9743
s0040,15,0,70.888565
s0040,16,0,70.07238
s0040,17,0,60.195137
s0040,18,0,71.31712
s0040,19,0,67.776596
s0040,20,0,68.57104
s0040,21,0,63.65321
s0040,22,0,65.83319
s0040,23,0,69.526985
s0040,24,0,64.04799
s0040,25,0,68.53986
s0040,26,0,66.524605
s0040,27,0,72.11692
s0040,28,0,64.672134
s0040,29,0,69.7483
s0040,30,0,60.628063
s0040,31,0,63.49365
s0040,32,0,55.439148
s0040,33,0,54.91668
s0040,34,0,48.511593
s0040,35,0,62.916157
s0040,36,0,49.747234
s0040,37,0,65.39773
s0040,38,0,61.357124
s0040,39,0,41.807724
s0040,40,0,69.01729
s0040,41,0,54.93261
s0040,42,0,46.462284
s0040,43,0,49.465385
s0040,44,0,32.1617
s0040,45,0,43.721947
s0040,46,0,54.282074
s0040,47,0,61.700867
s0040,48,0,38.71381
s0040,49,0,38.624325
s0040,50,0,46.469383
s0040,51,0,52.78503
s0040,52,0,53.423058
s0040,53,0,38.91406
s0040,54,0,54.69584
s0040,55,0,56.88028
s0040,56,0,51.37284
s0040,57,0,60.533844
s0040,58,0,57.647495
s0040,59,0,57.08798
s0040,60,0,67.66482
s0040,61,0,66.83941
s0040,62,0,72.830055
s0040,63,0,80.83608
s0040,64,0,69.91265
s0040,65,0,63.32875
s0040,66,0,73.28111
s0040,67,0,68.4662
s0040,68,0,69.88985
s0040,69,0,62.22292
s0040,70,0,66.50491
s0040,71,0,72.71376
s0040,72,0,62.268055
s0040,73,0,72.59314
s0040,74,0,69.82034
s0040,75,0,70.38918
s0040,76,0,71.60383
s0040,77,0,68.889
s0040,78,0,73.40443
s0040,79,0,67.79475
s0040,80,0,68.06739
s0040,81,0,67.01973
s0040,82,0,64.94499
s0040,83,0,69.27595
s0040,84,0,64.267654
s0040,85,0,66.92283
s0040,86,0,65.917305
s0040,87,0,58.311764
s0040,88,0,50.380188
s0040,89,0,58.396988
s0040,90,0,51.234653
s0040,91,0,67.10638
s0040,92,0,72.16779
s0040,93,0,67.61111
s0040,94,0,63.012993
s0040,95,0,68.73584
s0041,0,0,55.426765
s0041,1,0,49.296917
s0041,2,0,44.248222
s0041,3,0,40.470108
s0041,4,0,57.251713
s0041,5,0,51.654682
s0041,6,0,57.253643
s0041,7,0,58.49902
s0041,8,0,56.372158
s0041,9,0,58.874157
s0041,10,0,73.16078
s0041,11,0,52.92934
s0041,12,0,65.2941
s0041,13,0,70.960495
s0041,14,0,57.492916
s0041,15,0,55.899796
s0041,16,0,60.070793
s0041,17,0,70.8992
s0041,18,0,70.27529
s0041,19,0,74.28477
s0041,20,0,73.63033
s0041,21,0,59.463356
s0041,22,0,62.304688
s0041,23,0,74.50085
s0041,24,0,64.950035
s0041,25,0,61.041744
s0041,26,0,70.02473
s0041,27,0,61.630146
s0041,28,0,66.35146
s0041,29,0,69.34331
s0041,30,0,59.69026
s0041,31,0,61.061222
s0041,32,0,60.930523
s0041,33,0,47.971935
s0041,34,0,51.11305
s0041,35,0,51.264256
s0041,36,0,57.268005
s0041,37,0,63.550823
s0041,38,0,54.504448
s0041,39,0,52.70862
s0041,40,0,54.224228
s0041,41,0,59.63615
s0041,42,0,47.447083
s0041,43,0,63.712524
s0041,44,0,37.444862
s0041,45,0,44.391865
s0041,46,0,43.187496
s0041,47,0,72.26529
s0041,48,0,65.73227
s0041,49,0,43.296844
s0041,50,0,57.794704
s0041,51,0,47.147182
s0041,52,0,47.49682
s0041,53,0,51.470963
s0041,54,0,54.296135
s0041,55,0,55.94179
s0041,56,0,65.45212
s0041,57,0,50.217705
s0041,58,0,61.77428
s0041,59,0,72.326035
s0041,60,0,56.398914
s0041,61,0,54.11601
s0041,62,0,61.195496
s0041,63,0,71.80155
s0041,64,0,62.30655
s0041,65,0,73.76179
s0041,66,0,60.282795
s0041,67,0,71.43793
s0041,68,0,70.579094
s0041,69,0,58.2525
s0041,70,0,56.917263
s0041,71,0,59.82872
s0041,72,0,61.99545
s0041,73,0,76.977165
s0041,74,0,75.32635
s0041,75,0,74.87188
s0041,76,0,57.6765
s0041,77,0,71.16295
s0041,78,0,75.76368
s0041,79,0,78.71197
s0041,80,0,74.69502
s0041,81,0,82.124794
s0041,82,0,71.40342
s0041,83,0,72.50604
s0041,84,0,51.587807
s0041,85,0,75.83701
s0041,86,0,73.057755
s0041,87,0,63.91425
s0041,88,0,60.971737
s0041,89,0,61.219585
s0041,90,0,64.67325
s0041,91,0,73.38352
s0041,92,0,69.62113
s0041,93,0,68.6499
s0041,94,0,72.02033
s0041,95,0,71.16615
s0042,0,0,55.482174
s0042,1,0,49.868717
s0042,2,0,34.712234
s0042,3,0,56.318825
s0042,4,0,58.80815
s0042,5,0,56.887268
s0042,6,0,58.55872
s0042,7,0,54.76328
s0042,8,0,60.45395
s0042,9,0,58.123207
s0042,10,0,71.70165
s0042,11,0,64.25949
s0042,12,0,65.360916
s0042,13,0,60.361702
s0042,14,0,72.634094
s0042,15,0,68.922134
s0042,16,0,70.25798
s0042,17,0,67.65441
s0042,18,0,55.182743
s0042,19,0,63.456554
s0042,20,0,68.91157
s0042,21,0,55.79753
s0042,22,0,51.782375
s0042,23,0,63.954304
s0042,24,0,74.72222
s0042,25,0,76.086075
s0042,26,0,66.99884
s0042,27,0,69.913826
s0042,28,0,67.55024
s0042,29,0,56.94141
s0042,30,0,59.557934
s0042,31,0,52.66357
s0042,32,0,54.726223
s0042,33,0,61.451477
s0042,34,0,59.273907
s0042,35,0,47.48415
s0042,36,0,47.235477
s0042,37,0,57.646667
s0042,38,0,48.70127
s0042,39,0,51.950687
s0042,40,0,56.81828
s0042,41,0,50.859657
s0042,42,0,44.110886
s0042,43,0,52.328857
s0042,44,0,53.282063
s0042,45,0,44.34555
s0042,46,0,53.87866
s0042,47,0,39.244686
s0042,48,0,72.19792
s0042,49,0,38.543346
s0042,50,0,43.74013
s0042,51,0,39.74452
s0042,52,0,66.50608
s0042,53,0,55.43592
s0042,54,0,47.615883
s0042,55,0,63.986263
s0042,56,0,60.22205
s0042,57,0,66.39506
s0042,58,0,63.6939
s0042,59,0,65.655426
s0042,60,0,53.18334
s0042,61,0,60.56479
s0042,62,0,75.773895
s0042,63,0,77.787575
s0042,64,0,66.40056
s0042,65,0,57.246544
s0042,66,0,71.22202
s0042,67,0,61.791588
s0042,68,0,73.780464
s0042,69,0,68.29264
s0042,70,0,52.025814
s0042,71,0,56.493504
s0042,72,0,61.50275
s0042,73,0,66.329
s0042,74,0,76.215034
s0042,75,0,75.0196
s0042,76,0,73.51436
s0042,77,0,64.1832
s0042,78,0,66.81443
s0042,79,0,74.702736
s0042,80,0,76.521774
s0042,81,0,61.902687
s0042,82,0,60.314472
s0042,83,0,69.76954
s0042,84,0,66.02596
s0042,85,0,70.304
s0042,86,0,61.488068
s0042,87,0,55.067043
s0042,88,0,59.814854
s0042,89,0,63.11296
s0042,90,0,57.320896
s0042,91,0,71.79069
s0042,92,0,66.62123
s0042,93,0,59.118355
s0042,94,0,70.085396
s0042,95,0,72.163574
s0043,0,0,50.43654
s0043,1,0,52.376106
s0043,2,0,46.762547
s0043,3,0,56.754646
s0043,4,0,61.779728
s0043,5,0,42.56643
s0043,6,0,57.615013
s0043,7,0,57.47686
s0043,8,0,62.145596
s0043,9,0,51.645115
s0043,10,0,54.375504
s0043,11,0,64.81905
s0043,12,0,70.27138
s0043,13,0,63.735363
s0043,14,0,60.748905
s0043,15,0,67.497955
s0043,16,0,63.9156
s0043,17,0,68.03914
s0043,18,0,70.32223
s0043,19,0,66.329865
s0043,20,0,74.19509
s0043,21,0,67.087456
s0043,22,0,62.896408
s0043,23,0,62.657673
s0043,24,0,73.276794
s0043,25,0,77.7304
s0043,26,0,69.21501
s0043,27,0,62.670395
s0043,28,0,73.530045
s0043,29,0,62.68859
s0043,30,0,55.842133
s0043,31,0,63.42731
s0043,32,0,60.02306
s0043,33,0,62.16838
s0043,34,0,52.27471
s0043,35,0,56.348804
s0043,36,0,46.911427
s0043,37,0,63.395573
s0043,38,0,56.853134
s0043,39,0,50.23909
s0043,40,0,57.39704
s0043,41,0,43.964348
s0043,42,0,31.90097
s0043,43,0,29.666971
s0043,44,0,37.15653
s0043,45,0,35.9598
s0043,46,0,34.604168
s0043,47,0,37.782097
s0043,48,0,51.83299
s0043,49,0,54.56573
s0043,50,0,52.314877
s0043,51,0,65.104225
s0043,52,0,66.6842
s0043,53,0,41.8333
s0043,54,0,64.18373
s0043,55,0,56.111816
s0043,56,0,54.842613
s0043,57,0,69.02175
s0043,58,0,55.51716
s0043,59,0,56.01254
s0043,60,0,57.766064
s0043,61,0,61.164845
s0043,62,0,75.77096
s0043,63,0,64.64274
s0043,64,0,64.92065
s0043,65,0,64.41741
s0043,66,0,74.00557
s0043,67,0,60.1412
s0043,68,0,68.902245
s0043,69,0,69.44123
s0043,70,0,50.56309
s0043,71,0,54.6374
s0043,72,0,64.59936
s0043,73,0,75.22873
s0043,74,0,75.09418
s0043,75,0,68.265045
s0043,76,0,75.77234
s0043,77,0,84.40398
s0043,78,0,80.461784
s0043,79,0,69.31196
s0043,80,0,73.71589
s0043,81,0,68.46869
s0043,82,0,70.63792
s0043,83,0,67.37414
s0043,84,0,54.362103
s0043,85,0,61.293266
s0043,86,0,62.640846
s0043,87,0,67.188965
s0043,88,0,57.53136
s0043,89,0,59.501644
s0043,90,0,53.624462
s0043,91,0,65.62305
s0043,92,0,62.21514
s0043,93,0,65.445724
s0043,94,0,68.29779
s0043,95,0,71.01613
s0044,0,0,46.403095
s0044,1,0,53.16915
s0044,2,0,49.369324
s0044,3,0,44.4498
s0044,4,0,51.443928
s0044,5,0,41.63443
s0044,6,0,54.76726
s0044,7,0,73.86929
s0044,8,0,68.53283
s0044,9,0,61.585503
s0044,10,0,60.520687
s0044,11,0,64.59698
s0044,12,0,68.505554
s0044,13,0,77.61339
s0044,14,0,71.12462
s0044,15,0,71.19469
s0044,16,0,67.30506
s0044,17,0,62.158493
s0044,18,0,67.64318
s0044,19,0,64.86108
s0044,20,0,68.12667
s0044,21,0,62.560158
s0044,22,0,68.965355
s0044,23,0,69.228
s0044,24,0,74.61215
s0044,25,0,70.549934
s0044,26,0,67.50251
s0044,27,0,62.17594
s0044,28,0,70.58967
s0044,29,0,57.90036
s0044,30,0,59.318787
s0044,31,0,59.140255
s0044,32,0,52.90868
s0044,33,0,47.071507
s0044,34,0,66.24908
s0044,35,0,48.939674
s0044,36,0,40.256332
s0044,37,0,51.750168
s0044,38,0,50.48938
s0044,39,0,43.319607
s0044,40,0,54.282093
s0044,41,0,52.550095
s0044,42,0,51.25243
s0044,43,0,42.64198
s0044,44,0,58.817924
s0044,45,0,42.322964
s0044,46,0,63.15315
s0044,47,0,62.62687
s0044,48,0,44.19404
s0044,49,0,57.261555
s0044,50,0,52.62689
s0044,51,0,70.550804
s0044,52,0,47.29554
s0044,53,0,49.76639
s0044,54,0,66.40679
s0044,55,0,58.551125
s0044,56,0,67.2106
s0044,57,0,57.74085
s0044,58,0,61.915344
s0044,59,0,66.21042
s0044,60,0,63.06738
s0044,61,0,63.09512
s0044,62,0,68.69019
s0044,63,0,67.69241
s0044,64,0,67.34146
s0044,65,0,73.31554
s0044,66,0,71.03527
s0044,67,0,66.33019
s0044,68,0,61.01728
s0044,69,0,68.08834
s0044,70,0,55.80716
s0044,71,0,64.73242
s0044,72,0,61.46377
s0044,73,0,72.21157
s0044,74,0,70.47619
s0044,75,0,75.49187
s0044,76,0,71.97819
s0044,77,0,67.36404
s0044,78,0,80.51137
s0044,79,0,73.23395
s0044,80,0,70.31288
s0044,81,0,61.559666
s0044,82,0,65.424576
s0044,83,0,65.54861
s0044,84,0,65.43372
s0044,85,0,68.873436
s0044,86,0,51.152187
s0044,87,0,68.48714
s0044,88,0,63.1105
s0044,89,0,59.353455
s0044,90,0,55.34627
s0044,91,0,74.18297
s0044,92,0,68.18782
s0044,93,0,70.931946
s0044,94,0,69.750496
s0044,95,0,73.06176
s0045,0,0,57.985058
s0045,1,0,53.36204
s0045,2,0,55.478245
s0045,3,0,44.728603
s0045,4,0,60.665264
s0045,5,0,61.16132
s0045,6,0,47.568455
s0045,7,0,56.8303
s0045,8,0,52.876244
s0045,9,0,56.5617
s0045,10,0,67.93778
s0045,11,0,58.235634
s0045,12,0,59.989315
s0045,13,0,71.73102
s0045,14,0,66.62214
s0045,15,0,67.18647
s0045,16,0,66.60149
s0045,17,0,66.53682
s0045,18,0,59.75816
s0045,19,0,59.324398
s0045,20,0,69.9229
s0045,21,0,54.86795
s0045,22,0,59.680027
s0045,23,0,71.51779
s0045,24,0,68.18374
s0045,25,0,62.253902
s0045,26,0,64.464966
s0045,27,0,60.23749
s0045,28,0,70.21288
s0045,29,0,66.145035
s0045,30,0,58.597126
s0045,31,0,61.32889
s0045,32,0,60.66588
s0045,33,0,58.14243
s0045,34,0,48.905403
s0045,35,0,54.973145
s0045,36,0,53.402428
s0045,37,0,57.71927
s0045,38,0,68.689125
s0045,39,0,45.54312
s0045,40,0,55.131794
s0045,41,0,62.54709
s0045,42,0,42.277515
s0045,43,0,43.662308
s0045,44,0,45.52337
s0045,45,0,56.947453
s0045,46,0,40.59045
s0045,47,0,67.05022
s0045,48,0,45.515293
s0045,49,0,50.279118
s0045,50,0,48.71907
s0045,51,0,53.36433
s0045,52,0,58.570408
s0045,53,0,52.793365
s0045,54,0,52.1528
s0045,55,0,40.199852
s0045,56,0,56.159203
s0045,57,0,75.10825
s0045,58,0,62.50873
s0045,59,0,71.58804
s0045,60,0,76.93457
s0045,61,0,60.511917
s0045,62,0,62.108425
s0045,63,0,66.655945
s0045,64,0,56.656334
s0045,65,0,65.20152
s0045,66,0,75.35758
s0045,67,0,58.003654
s0045,68,0,65.95509
s0045,69,0,59.65048
s0045,70,0,61.325146
s0045,71,0,62.58339
s0045,72,0,59.7505
s0045,73,0,65.947075
s0045,74,0,78.84141
s0045,75,0,75.72712
s0045,76,0,72.16579
s0045,77,0,75.253105
s0045,78,0,61.385956
s0045,79,0,76.28149
s0045,80,0,73.80284
s0045,81,0,65.960365
s0045,82,0,66.195076
s0045,83,0,71.4691
s0045,84,0,66.34487
s0045,85,0,66.14065
s0045,86,0,61.386555
s0045,87,0,66.792175
s0045,88,0,56.14314
s0045,89,0,67.73408
s0045,90,0,49.097122
s0045,91,0,64.56479
s0045,92,0,69.39753
s0045,93,0,71.59359
s0045,94,0,72.87605
s0045,95,0,69.09733
s0046,0,0,55.811325
s0046,1,0,52.323017
s0046,2,0,43.127083
s0046,3,0,36.4561
s0046,4,0,49.653656
s0046,5,0,43.985622
s0046,6,0,49.317783
s0046,7,0,47.88961
s0046,8,0,60.871956
s0046,9,0,57.480713
s0046,10,0,54.0013
s0046,11,0,69.1148
s0046,12,0,65.56699
s0046,13,0,72.040764
s0046,14,0,71.94164
s0046,15,0,74.20092
s0046,16,0,63.91094
s0046,17,0,59.431236
s0046,18,0,64.746826
s0046,19,0,68.07616
s0046,20,0,67.980736
s0046,21,0,68.29454
s0046,22,0,63.528572
s0046,23,0,65.90367
s0046,24,0,64.31131
s0046,25,0,66.20634
s0046,26,0,66.11143
s0046,27,0,64.958466
s0046,28,0,73.71732
s0046,29,0,60.13839
s0046,30,0,65.1188
s0046,31,0,68.476524
s0046,32,0,56.323483
s0046,33,0,47.590183
s0046,34,0,53.900665
s0046,35,0,50.383167
s0046,36,0,55.1222
s0046,37,0,67.55165
s0046,38,0,47.60178
s0046,39,0,46.416695
s0046,40,0,54.73638
s0046,41,0,47.81497
s0046,42,0,45.933346
s0046,43,0,48.056957
s0046,44,0,34.9335
s0046,45,0,57.98517
s0046,46,0,44.282047
s0046,47,0,38.723305
s0046,48,0,69.79247
s0046,49,0,66.122856
s0046,50,0,35.070927
s0046,51,0,52.57667
s0046,52,0,45.196102
s0046,53,0,58.332962
s0046,54,0,49.47456
s0046,55,0,44.149933
s0046,56,0,58.71812
s0046,57,0,56.06378
s0046,58,0,64.28493
s0046,59,0,59.901535
s0046,60,0,56.701454
s0046,61,0,66.67761
s0046,62,0,69.75785
s0046,63,0,80.13841
s0046,64,0,62.804234
s0046,65,0,70.595955
s0046,66,0,69.901924
s0046,67,0,53.273056
s0046,68,0,55.676456
s0046,69,0,65.82423
s0046,70,0,60.40631
s0046,71,0,56.78175
s0046,72,0,59.301186
s0046,73,0,74.12787
s0046,74,0,84.3067
s0046,75,0,68.96385
s0046,76,0,78.806465
s0046,77,0,67.74493
s0046,78,0,80.24293
s0046,79,0,86.55332
s0046,80,0,62.88754
s0046,81,0,73.42102
s0046,82,0,63.76517
s0046,83,0,65.67634
s0046,84,0,76.816505
s0046,85,0,75.68609
s0046,86,0,74.40365
s0046,87,0,62.010143
s0046,88,0,58.63406
s0046,89,0,65.965546
s0046,90,0,57.821148
s0046,91,0,66.411476
s0046,92,0,66.51839
s0046,93,0,68.05459
s0046,94,0,68.014656
s0046,95,0,69.743004
s0047,0,0,52.767056
s0047,1,0,52.38312
s0047,2,0,44.06041
s0047,3,0,42.558445
s0047,4,0,49.906334
s0047,5,0,46.990425
s0047,6,0,55.704884
s0047,7,0,62.09537
s0047,8,0,55.47622
s0047,9,0,54.829815
s0047,10,0,49.90097
s0047,11,0,68.75288
s0047,12,0,74.76902
s0047,13,0,65.49193
s0047,14,0,67.89332
s0047,15,0,66.093475
s0047,16,0,63.055073
s0047,17,0,67.078514
s0047,18,0,55.03437
s0047,19,0,65.901115
s0047,20,0,68.23254
s0047,21,0,56.259842
s0047,22,0,53.714893
s0047,23,0,78.322235
s0047,24,0,65.633766
s0047,25,0,72.31627
s0047,26,0,61.20425
s0047,27,0,68.68448
s0047,28,0,67.31214
s0047,29,0,74.5241
s0047,30,0,62.769566
s0047,31,0,63.294487
s0047,32,0,56.733856
s0047,33,0,59.962624
s0047,34,0,48.094574
s0047,35,0,53.89937
s0047,36,0,61.976337
s0047,37,0,63.67904
s0047,38,0,55.918232
s0047,39,0,54.986015
s0047,40,0,57.75982
s0047,41,0,45.63494
s0047,42,0,64.96094
s0047,43,0,67.01132
s0047,44,0,65.61426
s0047,45,0,52.997322
s0047,46,0,35.285877
s0047,47,0,36.181236
s0047,48,0,44.659313
s0047,49,0,47.12442
s0047,50,0,36.767338
s0047,51,0,54.537735
s0047,52,0,47.742516
s0047,53,0,50.409737
s0047,54,0,40.858387
s0047,55,0,59.687252
s0047,56,0,56.188282
s0047,57,0,63.975983
s0047,58,0,56.93179
s0047,59,0,69.347855
s0047,60,0,63.5944
s0047,61,0,66.00279
s0047,62,0,82.01851
s0047,63,0,76.95444
s0047,64,0,65.48468
s0047,65,0,74.75609
s0047,66,0,76.09652
s0047,67,0,70.6423
s0047,68,0,61.53893
s0047,69,0,54.167503
s0047,70,0,56.77956
s0047,71,0,65.524536
s0047,72,0,59.77877
s0047,73,0,73.92202
s0047,74,0,68.609634
s0047,75,0,72.25578
s0047,76,0,77.05609
s0047,77,0,80.144394
s0047,78,0,70.71957
s0047,79,0,75.32341
s0047,80,0,72.999504
s0047,81,0,73.76321
s0047,82,0,81.453964
s0047,83,0,68.156166
s0047,84,0,72.387856
s0047,85,0,70.94941
s0047,86,0,68.677635
s0047,87,0,57.426113
s0047,88,0,62.383846
s0047,89,0,71.624596
s0047,90,0,69.05601
s0047,91,0,60.57448
s0047,92,0,63.7688
s0047,93,0,62.923843
s0047,94,0,73.69679
s0047,95,0,65.13933
s0048,0,0,44.724567
s0048,1,0,48.076283
s0048,2,0,40.087566
s0048,3,0,47.209488
s0048,4,0,50.929028
s0048,5,0,58.17031
s0048,6,0,46.861256
s0048,7,0,57.10386
s0048,8,0,62.641323
s0048,9,0,61.387024
s0048,10,0,55.545956
s0048,11,0,67.34901
s0048,12,0,73.10042
s0048,13,0,68.325554
s0048,14,0,68.04575
s0048,15,0,81.520294
s0048,16,0,64.6529
s0048,17,0,69.14081
s0048,18,0,67.190834
s0048,19,0,66.36141
s0048,20,0,68.13342
s0048,21,0,64.46959
s0048,22,0,59.090374
s0048,23,0,65.153435
s0048,24,0,80.28213
s0048,25,0,71.59148
s0048,26,0,68.08528
s0048,27,0,67.457596
s0048,28,0,71.920425
s0048,29,0,64.49497
s0048,30,0,63.896336
s0048,31,0,66.36538
s0048,32,0,51.854008
s0048,33,0,62.225105
s0048,34,0,45.175102
s0048,35,0,55.07601
s0048,36,0,48.130035
s0048,37,0,49.55406
s0048,38,0,49.990707
s0048,39,0,55.892384
s0048,40,0,58.753323
s0048,41,0,38.221813
s0048,42,0,57.579906
s0048,43,0,52.06285
s0048,44,0,39.462105
s0048,45,0,25.722046
s0048,46,0,37.037857
s0048,47,0,62.4551
s0048,48,0,55.072254
s0048,49,0,51.422543
s0048,50,0,39.461758
s0048,51,0,36.716644
s0048,52,0,56.703053
s0048,53,0,54.6731
s0048,54,0,63.986942
s0048,55,0,54.129807
s0048,56,0,55.399185
s0048,57,0,67.653244
s0048,58,0,66.74563
s0048,59,0,67.05343
s0048,60,0,61.14195
s0048,61,0,62.358562
s0048,62,0,77.04259
s0048,63,0,63.681084
s0048,64,0,59.38376
s0048,65,0,62.407078
s0048,66,0,76.173645
s0048,67,0,70.787445
s0048,68,0,66.64957
s0048,69,0,63.109222
s0048,70,0,54.94848
s0048,71,0,49.93843
s0048,72,0,61.562073
s0048,73,0,59.714138
s0048,74,0,70.62002
s0048,75,0,61.161835
s0048,76,0,69.70367
s0048,77,0,68.04613
s0048,78,0,71.91157
s0048,79,0,64.34007
s0048,80,0,78.21948
s0048,81,0,78.940674
s0048,82,0,65.50773
s0048,83,0,66.167336
s0048,84,0,66.31063
s0048,85,0,70.4174
s0048,86,0,72.95255
s0048,87,0,59.256382
s0048,88,0,63.381397
s0048,89,0,53.81468
s0048,90,0,58.12537
s0048,91,0,76.129585
s0048,92,0,63.930782
s0048,93,0,74.074
s0048,94,0,73.41165
s0048,95,0,72.462425
s0049,0,0,56.134304
s0049,1,0,52.709984
s0049,2,0,35.06272
s0049,3,0,49.613636
s0049,4,0,60.76581
s0049,5,0,55.621136
s0049,6,0,54.664894
s0049,7,0,54.478252
s0049,8,0,65.82989
s0049,9,0,53.777557
s0049,10,0,55.046124
s0049,11,0,70.54836
s0049,12,0,66.19046
s0049,13,0,64.56754
s0049,14,0,63.780956
s0049,15,0,66.08529
s0049,16,0,63.49096
s0049,17,0,67.6419
s0049,18,0,67.522026
s0049,19,0,65.251686
s0049,20,0,60.99194
s0049,21,0,71.23737
s0049,22,0,65.23827
s0049,23,0,74.78994
s0049,24,0,74.1563
s0049,25,0,63.783318
s0049,26,0,71.89654
s0049,27,0,64.001015
s0049,28,0,72.16056
s0049,29,0,61.793762
s0049,30,0,54.68234
s0049,31,0,55.91638
s0049,32,0,62.396637
s0049,33,0,57.532207
s0049,34,0,51.14666
s0049,35,0,56.964214
s0049,36,0,65.369064
s0049,37,0,55.938065
s0049,38,0,51.670906
s0049,39,0,58.80507
s0049,40,0,62.09434
s0049,41,0,45.988636
s0049,42,0,27.107574
s0049,43,0,61.10116
s0049,44,0,49.32405
s0049,45,0,66.19099
s0049,46,0,28.252426
s0049,47,0,70.35819
s0049,48,0,61.73473
s0049,49,0,51.917915
s0049,50,0,47.218464
s0049,51,0,55.519917
s0049,52,0,48.256634
s0049,53,0,53.88411
s0049,54,0,57.714798
s0049,55,0,59.875843
s0049,56,0,52.75973
s0049,57,0,72.75512
s0049,58,0,59.420948
s0049,59,0,68.900604
s0049,60,0,56.396927
s0049,61,0,55.203957
s0049,62,0,62.881115
s0049,63,0,77.62858
s0049,64,0,62.46233
s0049,65,0,63.79364
s0049,66,0,62.398354
s0049,67,0,55.80345
s0049,68,0,71.32861
s0049,69,0,63.681034
s0049,70,0,64.7599
s0049,71,0,66.18366
s0049,72,0,71.28278
s0049,73,0,66.2797
s0049,74,0,80.69794
s0049,75,0,78.71266
s0049,76,0,72.55454
s0049,77,0,66.48411
s0049,78,0,74.65434
s0049,79,0,83.74857
s0049,80,0,79.475235
s0049,81,0,67.63099
s0049,82,0,62.50655
s0049,83,0,63.790638
s0049,84,0,59.555897
s0049,85,0,64.993484
s0049,86,0,67.046295
s0049,87,0,53.873573
s0049,88,0,54.270298
s0049,89,0,65.68248
s0049,90,0,58.90576
s0049,91,0,67.76543
s0049,92,0,66.54103
s0049,93,0,65.65449
s0049,94,0,69.97982
s0049,95,0,65.171
s0050,0,0,57.27849
s0050,1,0,49.695904
s0050,2,0,53.245506
s0050,3,0,49.17507
s0050,4,0,48.037994
s0050,5,0,46.154953
s0050,6,0,51.084137
s0050,7,0,58.16779
s0050,8,0,60.190205
s0050,9,0,51.55391
s0050,10,0,57.79033
s0050,11,0,64.12227
s0050,12,0,81.26307
s0050,13,0,66.67273
s0050,14,0,66.711464
s0050,15,0,74.40747
s0050,16,0,67.50007
s0050,17,0,65.134056
s0050,18,0,64.59643
s0050,19,0,65.5845
s0050,20,0,67.0631
s0050,21,0,69.20441
s0050,22,0,64.690155
s0050,23,0,68.36407
s0050,24,0,67.54059
s0050,25,0,69.48747
s0050,26,0,69.6642
s0050,27,0,63.973316
s0050,28,0,54.428192
s0050,29,0,76.44654
s0050,30,0,45.723053
s0050,31,0,67.21799
s0050,32,0,62.39535
s0050,33,0,56.79733
s0050,34,0,53.46876
s0050,35,0,56.090733
s0050,36,0,53.03238
s0050,37,0,58.5591
s0050,38,0,53.274513
s0050,39,0,51.17815
s0050,40,0,56.029305
s0050,41,0,45.56525
s0050,42,0,36.787548
s0050,43,0,46.33751
s0050,44,0,56.567715
s0050,45,0,46.48475
s0050,46,0,33.110317
s0050,47,0,41.314983
s0050,48,0,74.00676
s0050,49,0,55.679638
s0050,50,0,33.47959
s0050,51,0,59.651546
s0050,52,0,45.036625
s0050,53,0,47.013615
s0050,54,0,54.640675
s0050,55,0,58.190456
s0050,56,0,54.215477
s0050,57,0,65.71702
s0050,58,0,57.334995
s0050,59,0,73.10412
s0050,60,0,60.82108
s0050,61,0,57.660545
s0050,62,0,70.13518
s0050,63,0,71.276764
s0050,64,0,67.76125
s0050,65,0,60.8014
s0050,66,0,73.35754
s0050,67,0,60.606113
s0050,68,0,70.95529
s0050,69,0,73.933044
s0050,70,0,57.39212
s0050,71,0,70.02478
s0050,72,0,61.2706
s0050,73,0,66.287766
s0050,74,0,75.15784
s0050,75,0,79.79963
s0050,76,0,79.971375
s0050,77,0,70.83596
s0050,78,0,69.00425
s0050,79,0,74.50663
s0050,80,0,72.093414
s0050,81,0,76.026306
s0050,82,0,75.30859
s0050,83,0,62.075325
s0050,84,0,69.25517
s0050,85,0,69.61012
s0050,86,0,63.475708
s0050,87,0,67.04793
s0050,88,0,64.91422
s0050,89,0,59.57286
s0050,90,0,57.72388
s0050,91,0,75.04088
s0050,92,0,66.93747
s0050,93,0,81.239204
s0050,94,0,69.47305
s0050,95,0,66.29233
s0051,0,0,59.186413
s0051,1,0,44.44511
s0051,2,0,45.767982
s0051,3,0,54.933434
s0051,4,0,51.82491
s0051,5,0,44.807903
s0051,6,0,50.31789
s0051,7,0,67.56159
s0051,8,0,54.536438
s0051,9,0,57.319736
s0051,10,0,52.141598
s0051,11,0,59.93139
s0051,12,0,63.194885
s0051,13,0,61.292377
s0051,14,0,74.56921
s0051,15,0,78.84957
s0051,16,0,66.633766
s0051,17,0,71.143364
s0051,18,0,63.375195
s0051,19,0,67.20741
s0051,20,0,76.074356
s0051,21,0,61.86348
s0051,22,0,54.550518
s0051,23,0,68.829796
s0051,24,0,66.46836
s0051,25,0,65.634995
s0051,26,0,62.811203
s0051,27,0,66.34482
s0051,28,0,69.38379
s0051,29,0,71.3956
s0051,30,0,58.627323
s0051,31,0,67.452034
s0051,32,0,56.12896
s0051,33,0,48.415195
s0051,34,0,47.4496
s0051,35,0,59.33425
s0051,36,0,39.750748
s0051,37,0,56.52379
s0051,38,0,66.864746
s0051,39,0,56.157284
s0051,40,0,66.039444
s0051,41,0,42.42808
s0051,42,0,34.635784
s0051,43,0,28.134628
s0051,44,0,39.11588
s0051,45,0,48.864876
s0051,46,0,31.061974
s0051,47,0,35.066113
s0051,48,0,56.476078
s0051,49,0,46.391
s0051,50,0,40.761425
s0051,51,0,61.42903
s0051,52,0,45.037174
s0051,53,0,69.786064
s0051,54,0,57.409576
s0051,55,0,53.228245
s0051,56,0,55.456543
s0051,57,0,46.431343
s0051,58,0,59.785515
s0051,59,0,64.91973
s0051,60,0,62.646076
s0051,61,0,67.16127
s0051,62,0,76.05179
s0051,63,0,70.829025
s0051,64,0,73.66868
s0051,65,0,55.974075
s0051,66,0,71.444786
s0051,67,0,63.68983
s0051,68,0,68.318016
s0051,69,0,57.1012
s0051,70,0,60.884727
s0051,71,0,60.16795
s0051,72,0,53.040043
s0051,73,0,75.17519
s0051,74,0,69.622444
s0051,75,0,78.7994
s0051,76,0,71.866196
s0051,77,0,82.084496
s0051,78,0,74.89597
s0051,79,0,71.38185
s0051,80,0,75.982704
s0051,81,0,70.072754
s0051,82,0,67.94081
s0051,83,0,66.92618
s0051,84,0,67.856255
s0051,85,0,77.979164
s0051,86,0,73.062675
s0051,87,0,67.342926
s0051,88,0,61.66084
s0051,89,0,61.963345
s0051,90,0,46.748135
s0051,91,0,59.398537
s0051,92,0,66.41995
s0051,93,0,70.818405
s0051,94,0,70.63945
s0051,95,0,74.34868
s0052,0,0,56.042393
s0052,1,0,52.19884
s0052,2,0,37.454258
s0052,3,0,50.819393
s0052,4,0,56.70093
s0052,5,0,59.03028
s0052,6,0,59.30331
s0052,7,0,62.389603
s0052,8,0,63.83507
s0052,9,0,59.63012
s0052,10,0,58.147602
s0052,11,0,71.75411
s0052,12,0,68.33928
s0052,13,0,58.428814
s0052,14,0,72.19176
s0052,15,0,66.593636
s0052,16,0,53.142303
s0052,17,0,66.98725
s0052,18,0,59.149708
s0052,19,0,65.9751
s0052,20,0,76.545135
s0052,21,0,62.103413
s0052,22,0,52.62239
s0052,23,0,74.00588
s0052,24,0,74.34219
s0052,25,0,60.353912
s0052,26,0,77.94859
s0052,27,0,64.36285
s0052,28,0,70.64029
s0052,29,0,62.81182
s0052,30,0,51.764538
s0052,31,0,59.319424
s0052,32,0,60.729702
s0052,33,0,53.022953
s0052,34,0,54.38532
s0052,35,0,53.473717
s0052,36,0,53.803947
s0052,37,0,55.478844
s0052,38,0,66.57092
s0052,39,0,53.18073
s0052,40,0,60.583263
s0052,41,0,55.91494
s0052,42,0,65.52071
s0052,43,0,32.223343
s0052,44,0,68.64164
s0052,45,0,43.794033
s0052,46,0,43.30072
s0052,47,0,66.366425
s0052,48,0,67.05626
s0052,49,0,40.137577
s0052,50,0,44.65238
s0052,51,0,56.81664
s0052,52,0,53.025814
s0052,53,0,60.52876
s0052,54,0,56.847366
s0052,55,0,61.003242
s0052,56,0,51.740955
s0052,57,0,61.600258
s0052,58,0,58.771698
s0052,59,0,59.850025
s0052,60,0,57.07025
s0052,61,0,62.723522
s0052,62,0,64.3811
s0052,63,0,70.66056
s0052,64,0,62.547413
s0052,65,0,67.625305
s0052,66,0,65.02965
s0052,67,0,68.72731
s0052,68,0,78.31156
s0052,69,0,68.83014
s0052,70,0,58.394463
s0052,71,0,57.23713
s0052,72,0,66.58324
s0052,73,0,74.27746
s0052,74,0,64.79745
s0052,75,0,74.788605
s0052,76,0,65.362816
s0052,77,0,79.912025
s0052,78,0,71.420654
s0052,79,0,72.65529
s0052,80,0,68.21297
s0052,81,0,72.96197
s0052,82,0,60.162636
s0052,83,0,66.13641
s0052,84,0,68.76585
s0052,85,0,77.1826
s0052,86,0,66.88889
s0052,87,0,69.214294
s0052,88,0,64.33088
s0052,89,0,57.070972
s0052,90,0,60.555096
s0052,91,0,66.27016
s0052,92,0,67.62624
s0052,93,0,67.15201
s0052,94,0,75.89208
s0052,95,0,60.355503
s0053,0,0,51.542854
s0053,1,0,59.92691
s0053,2,0,42.21361
s0053,3,0,59.052235
s0053,4,0,57.178528
s0053,5,0,56.452213
s0053,6,0,50.221798
s0053,7,0,57.36577
s0053,8,0,58.417637
s0053,9,0,62.81675
s0053,10,0,60.161762
s0053,11,0,71.780876
s0053,12,0,70.30812
s0053,13,0,70.55966
s0053,14,0,62.746296
s0053,15,0,69.9596
s0053,16,0,68.27325
s0053,17,0,65.62409
s0053,18,0,62.948246
s0053,19,0,66.42285
s0053,20,0,63.00971
s0053,21,0,68.007576
s0053,22,0,63.72506
s0053,23,0,68.65884
s0053,24,0,58.59275
s0053,25,0,74.205246
s0053,26,0,66.381325
s0053,27,0,57.90517
s0053,28,0,76.20121
s0053,29,0,65.47443
s0053,30,0,56.18003
s0053,31,0,61.15966
s0053,32,0,69.399666
s0053,33,0,60.00842
s0053,34,0,48.676796
s0053,35,0,61.118538
s0053,36,0,59.912704
s0053,37,0,58.963463
s0053,38,0,59.758194
s0053,39,0,38.21475
s0053,40,0,61.14067
s0053,41,0,51.394802
s0053,42,0,28.351622
s0053,43,0,46.50256
s0053,44,0,56.616352
s0053,45,0,32.178722
s0053,46,0,52.876842
s0053,47,0,50.37531
s0053,48,0,67.45832
s0053,49,0,59.840332
s0053,50,0,40.350307
s0053,51,0,36.185783
s0053,52,0,51.94919
s0053,53,0,60.1276
s0053,54,0,60.658173
s0053,55,0,53.566643
s0053,56,0,46.75565
s0053,57,0,62.55436
s0053,58,0,59.72185
s0053,59,0,60.93908
s0053,60,0,57.97632
s0053,61,0,68.60631
s0053,62,0,69.80335
s0053,63,0,58.946846
s0053,64,0,68.449486
s0053,65,0,77.81116
s0053,66,0,69.39743
s0053,67,0,60.007267
s0053,68,0,58.72813
s0053,69,0,63.129833
s0053,70,0,51.158077
s0053,71,0,63.227425
s0053,72,0,49.747917
s0053,73,0,67.95647
s0053,74,0,77.389946
s0053,75,0,73.162796
s0053,76,0,75.9529
s0053,77,0,73.50718
s0053,78,0,78.179985
s0053,79,0,69.722
s0053,80,0,87.80222
s0053,81,0,70.81471
s0053,82,0,68.13283
s0053,83,0,68.62309
s0053,84,0,63.376934
s0053,85,0,77.33845
s0053,86,0,65.44645
s0053,87,0,71.25361
s0053,88,0,67.457466
s0053,89,0,65.7069
s0053,90,0,61.54373
s0053,91,0,64.65637
s0053,92,0,65.04969
s0053,93,0,72.02563
s0053,94,0,72.280754
s0053,95,0,67.32236
s0054,0,0,56.790604
s0054,1,0,49.49183
s0054,2,0,44.622047
s0054,3,0,46.044296
s0054,4,0,40.997833
s0054,5,0,55.14109
s0054,6,0,46.72944
s0054,7,0,58.480892
s0054,8,0,62.599094
s0054,9,0,59.287296
s0054,10,0,62.0395
s0054,11,0,54.61763
s0054,12,0,73.413895
s0054,13,0,65.53432
s0054,14,0,63.916515
s0054,15,0,66.55515
s0054,16,0,68.95347
s0054,17,0,62.353363
s0054,18,0,58.302174
s0054,19,0,65.55471
s0054,20,0,71.79362
s0054,21,0,68.33156
s0054,22,0,69.65342
s0054,23,0,59.177757
s0054,24,0,63.592564
s0054,25,0,73.10472
s0054,26,0,72.69384
s0054,27,0,68.93525
s0054,28,0,61.6747
s0054,29,0,73.4068
s0054,30,0,56.18253
s0054,31,0,62.834404
s0054,32,0,54.56365
s0054,33,0,61.49213
s0054,34,0,41.08766
s0054,35,0,55.2953
s0054,36,0,45.826057
s0054,37,0,65.92891
s0054,38,0,58.881313
s0054,39,0,46.118164
s0054,40,0,55.005615
s0054,41,0,35.65953
s0054,42,0,51.734436
s0054,43,0,60.342697
s0054,44,0,55.571396
s0054,45,0,46.420116
s0054,46,0,59.187336
s0054,47,0,24.787916
s0054,48,0,58.27189
s0054,49,0,45.314835
s0054,50,0,62.172527
s0054,51,0,39.202667
s0054,52,0,41.74683
s0054,53,0,48.53587
s0054,54,0,69.579346
s0054,55,0,60.57042
s0054,56,0,61.88847
s0054,57,0,65.62342
s0054,58,0,52.976982
s0054,59,0,68.08474
s0054,60,0,52.933884
s0054,61,0,58.14817
s0054,62,0,67.836876
s0054,63,0,73.19665
s0054,64,0,67.55206
s0054,65,0,72.377945
s0054,66,0,74.907074
s0054,67,0,70.599815
s0054,68,0,66.33677
s0054,69,0,62.052425
s0054,70,0,49.158047
s0054,71,0,58.61122
s0054,72,0,58.0793
s0054,73,0,77.19283
s0054,74,0,77.840706
s0054,75,0,73.82303
s0054,76,0,65.728165
s0054,77,0,70.839874
s0054,78,0,63.992947
s0054,79,0,72.36359
s0054,80,0,78.146805
s0054,81,0,68.72112
s0054,82,0,62.402718
s0054,83,0,65.68978
s0054,84,0,68.943756
s0054,85,0,71.957825
s0054,86,0,64.04108
s0054,87,0,58.603954
s0054,88,0,54.16545
s0054,89,0,59.749397
s0054,90,0,55.93877
s0054,91,0,68.71615
s0054,92,0,64.504234
s0054,93,0,64.747765
s0054,94,0,72.18509
s0054,95,0,73.398415
s0055,0,0,55.672318
s0055,1,0,41.83318
s0055,2,0,43.835693
s0055,3,0,47.215942
s0055,4,0,57.641666
s0055,5,0,51.105526
s0055,6,0,48.411713
s0055,7,0,56.89606
s0055,8,0,53.61634
s0055,9,0,55.76323
s0055,10,0,66.17874
s0055,11,0,60.06476
s0055,12,0,67.543686
s0055,13,0,70.86399
s0055,14,0,79.74645
s0055,15,0,68.247635
s0055,16,0,61.36887
s0055,17,0,68.15247
s0055,18,0,67.05891
s0055,19,0,60.10563
s0055,20,0,63.568714
s0055,21,0,70.37005
s0055,22,0,63.238335
s0055,23,0,67.111404
s0055,24,0,73.50855
s0055,25,0,71.567
s0055,26,0,68.451416
s0055,27,0,69.95533
s0055,28,0,65.96152
s0055,29,0,68.62945
s0055,30,0,45.02981
s0055,31,0,68.38203
s0055,32,0,62.41203
s0055,33,0,58.70958
s0055,34,0,53.868607
s0055,35,0,49.514862
s0055,36,0,51.657173
s0055,37,0,49.897915
s0055,38,0,47.918697
s0055,39,0,42.22519
s0055,40,0,63.132397
s0055,41,0,45.528694
s0055,42,0,37.338657
s0055,43,0,45.96372
s0055,44,0,72.19843
s0055,45,0,33.54326
s0055,46,0,22.67021
s0055,47,0,28.693527
s0055,48,0,43.671333
s0055,49,0,34.706905
s0055,50,0,45.64071
s0055,51,0,61.758404
s0055,52,0,49.584923
s0055,53,0,54.49165
s0055,54,0,47.97619
s0055,55,0,55.410988
s0055,56,0,58.05028
s0055,57,0,61.524868
s0055,58,0,50.500267
s0055,59,0,67.62782
s0055,60,0,67.14781
s0055,61,0,63.517437
s0055,62,0,73.96036
s0055,63,0,68.354645
s0055,64,0,68.37712
s0055,65,0,58.17192
s0055,66,0,69.18701
s0055,67,0,58.438774
s0055,68,0,68.97121
s0055,69,0,57.35791
s0055,70,0,57.153236
s0055,71,0,49.90196
s0055,72,0,56.84098
s0055,73,0,76.57872
s0055,74,0,77.71413
s0055,75,0,64.23204
s0055,76,0,73.227
s0055,77,0,73.27174
s0055,78,0,64.672005
s0055,79,0,77.88121
s0055,80,0,75.832924
s0055,81,0,68.80592
s0055,82,0,65.895546
s0055,83,0,63.773003
s0055,84,0,73.17081
s0055,85,0,69.8042
s0055,86,0,65.74212
s0055,87,0,62.19068
s0055,88,0,58.92097
s0055,89,0,59.096764
s0055,90,0,57.25712
s0055,91,0,68.22666
s0055,92,0,55.981968
s0055,93,0,67.59195
s0055,94,0,64.81041
s0055,95,0,78.01588
s0056,0,0,50.86437
s0056,1,0,48.59421
s0056,2,0,45.942245
s0056,3,0,46.758213
s0056,4,0,50.537262
s0056,5,0,51.862595
s0056,6,0,58.52885
s0056,7,0,66.75841
s0056,8,0,53.542465
s0056,9,0,60.944576
s0056,10,0,63.03447
s0056,11,0,55.225925
s0056,12,0,63.616463
s0056,13,0,71.46974
s0056,14,0,66.62776
s0056,15,0,71.97784
s0056,16,0,65.14422
s0056,17,0,72.0068
s0056,18,0,58.546318
s0056,19,0,63.35442
s0056,20,0,59.721466
s0056,21,0,65.650665
s0056,22,0,68.730225
s0056,23,0,74.11343
s0056,24,0,65.75701
s0056,25,0,65.40475
s0056,26,0,70.36707
s0056,27,0,66.40023
s0056,28,0,77.83819
s0056,29,0,65.69658
s0056,30,0,49.63026
s0056,31,0,58.243176
s0056,32,0,66.2264
s0056,33,0,57.37894
s0056,34,0,55.211838
s0056,35,0,36.281334
s0056,36,0,66.13724
s0056,37,0,52.584038
s0056,38,0,62.697422
s0056,39,0,37.56387
s0056,40,0,40.066883
s0056,41,0,42.643887
s0056,42,0,47.960247
s0056,43,0,55.03491
s0056,44,0,57.309345
s0056,45,0,41.780132
s0056,46,0,53.65775
s0056,47,0,29.79683
s0056,48,0,23.64418
s0056,49,0,44.283886
s0056,50,0,41.93762
s0056,51,0,53.17128
s0056,52,0,47.36509
s0056,53,0,51.39002
s0056,54,0,62.860306
s0056,55,0,55.011913
s0056,56,0,64.39596
s0056,57,0,66.86414
s0056,58,0,53.724125
s0056,59,0,57.299015
s0056,60,0,54.278706
s0056,61,0,64.12296
s0056,62,0,72.72544
s0056,63,0,74.14353
s0056,64,0,59.614304
s0056,65,0,60.61646
s0056,66,0,76.09623
s0056,67,0,61.368645
s0056,68,0,74.20977
s0056,69,0,61.785797
s0056,70,0,57.24822
s0056,71,0,58.34034
s0056,72,0,57.425587
s0056,73,0,59.464226
s0056,74,0,84.76149
s0056,75,0,76.801254
s0056,76,0,74.339676
s0056,77,0,69.68349
s0056,78,0,70.72355
s0056,79,0,77.70963
s0056,80,0,81.45394
s0056,81,0,74.11484
s0056,82,0,71.38451
s0056,83,0,70.4632
s0056,84,0,64.673744
s0056,85,0,72.67256
s0056,86,0,78.05573
s0056,87,0,63.48
s0056,88,0,67.33667
s0056,89,0,57.778202
s0056,90,0,61.908787
s0056,91,0,72.07081
s0056,92,0,61.424843
s0056,93,0,74.23789
s0056,94,0,71.39108
s0056,95,0,66.86803
s0057,0,0,48.589638
s0057,1,0,45.61203
s0057,2,0,47.703575
s0057,3,0,51.503834
s0057,4,0,39.066807
s0057,5,0,49.632706
s0057,6,0,54.94837
s0057,7,0,60.09647
s0057,8,0,59.1415
s0057,9,0,54.608677
s0057,10,0,65.26367
s0057,11,0,71.07196
s0057,12,0,62.895416
s0057,13,0,70.38328
s0057,14,0,71.979126
s0057,15,0,70.9334
s0057,16,0,71.25895
s0057,17,0,57.089485
s0057,18,0,63.17393
s0057,19,0,73.0759
s0057,20,0,65.01312
s0057,21,0,66.80333
s0057,22,0,72.732834
s0057,23,0,63.279766
s0057,24,0,73.26586
s0057,25,0,64.596535
s0057,26,0,57.061832
s0057,27,0,57.58047
s0057,28,0,77.69182
s0057,29,0,75.11196
s0057,30,0,67.60739
s0057,31,0,59.17459
s0057,32,0,59.36826
s0057,33,0,55.17275
s0057,34,0,55.00925
s0057,35,0,55.397278
s0057,36,0,55.003407
s0057,37,0,46.208813
s0057,38,0,48.012646
s0057,39,0,42.52491
s0057,40,0,58.245777
s0057,41,0,34.75224
s0057,42,0,47.5612
s0057,43,0,47.65865
s0057,44,0,55.42194
s0057,45,0,61.552437
s0057,46,0,29.84794
s0057,47,0,22.437393
s0057,48,0,42.4348
s0057,49,0,55.03761
s0057,50,0,52.56536
s0057,51,0,54.946705
s0057,52,0,47.87603
s0057,53,0,48.64254
s0057,54,0,46.816154
s0057,55,0,66.49953
s0057,56,0,56.942493
s0057,57,0,66.224236
s0057,58,0,62.108627
s0057,59,0,67.122215
s0057,60,0,51.24512
s0057,61,0,60.27507
s0057,62,0,72.17375
s0057,63,0,74.82212
s0057,64,0,63.73602
s0057,65,0,70.87734
s0057,66,0,63.318367
s0057,67,0,54.55877
s0057,68,0,62.902584
s0057,69,0,70.45695
s0057,70,0,60.98315
s0057,71,0,57.377712
s0057,72,0,70.35611
s0057,73,0,75.30954
s0057,74,0,64.48948
s0057,75,0,65.6463
s0057,76,0,74.774254
s0057,77,0,69.182495
s0057,78,0,75.7115
s0057,79,0,63.65527
s0057,80,0,69.59988
s0057,81,0,70.99441
s0057,82,0,63.006912
s0057,83,0,69.53513
s0057,84,0,63.493374
s0057,85,0,73.03762
s0057,86,0,74.539856
s0057,87,0,65.4327
s0057,88,0,57.04935
s0057,89,0,61.3018
s0057,90,0,55.23882
s0057,91,0,64.55311
s0057,92,0,65.3847
s0057,93,0,78.873405
s0057,94,0,63.85531
s0057,95,0,71.85621
s0058,0,0,61.496685
s0058,1,0,48.710526
s0058,2,0,46.33441
s0058,3,0,52.785454
s0058,4,0,53.380657
s0058,5,0,51.70262
s0058,6,0,44.713337
s0058,7,0,46.05318
s0058,8,0,64.83268
s0058,9,0,51.774254
s0058,10,0,58.57829
s0058,11,0,65.10463
s0058,12,0,69.94741
s0058,13,0,73.86729
s0058,14,0,77.04536
s0058,15,0,72.59616
s0058,16,0,66.155304
s0058,17,0,62.54677
s0058,18,0,63.41293
s0058,19,0,65.37609
s0058,20,0,66.5133
s0058,21,0,74.159256
s0058,22,0,59.605263
s0058,23,0,63.965683
s0058,24,0,74.770226
s0058,25,0,71.260635
s0058,26,0,58.91334
s0058,27,0,70.29109
s0058,28,0,62.564198
s0058,29,0,69.82108
s0058,30,0,52.54517
s0058,31,0,64.94004
s0058,32,0,59.579304
s0058,33,0,56.284134
s0058,34,0,57.508976
s0058,35,0,54.89644
s0058,36,0,48.191536
s0058,37,0,57.722847
s0058,38,0,66.46993
s0058,39,0,59.19586
s0058,40,0,64.03418
s0058,41,0,52.375195
s0058,42,0,50.52509
s0058,43,0,55.272285
s0058,44,0,41.94712
s0058,45,0,60.30449
s0058,46,0,46.86449
s0058,47,0,47.386955
s0058,48,0,56.803226
s0058,49,0,41.14665
s0058,50,0,39.918957
s0058,51,0,53.66161
s0058,52,0,38.986275
s0058,53,0,62.23534
s0058,54,0,48.74244
s0058,55,0,58.19309
s0058,56,0,52.24579
s0058,57,0,59.37867
s0058,58,0,57.88896
s0058,59,0,64.234924
s0058,60,0,60.923126
s0058,61,0,67.38187
s0058,62,0,74.2657
s0058,63,0,66.82533
s0058,64,0,66.1854
s0058,65,0,65.4683
s0058,66,0,81.202194
s0058,67,0,61.28756
s0058,68,0,63.686882
s0058,69,0,70.31191
s0058,70,0,48.831787
s0058,71,0,63.168
s0058,72,0,56.823746
s0058,73,0,68.29414
s0058,74,0,74.299835
s0058,75,0,67.89124
s0058,76,0,66.38407
s0058,77,0,72.02211
s0058,78,0,74.64296
s0058,79,0,89.21447
s0058,80,0,83.40733
s0058,81,0,74.848755
s0058,82,0,71.86887
s0058,83,0,68.107315
s0058,84,0,55.198364
s0058,85,0,70.09441
s0058,86,0,67.27743
s0058,87,0,64.44185
s0058,88,0,62.811085
s0058,89,0,76.431625
s0058,90,0,54.9002
s0058,91,0,76.59519
s0058,92,0,67.628654
s0058,93,0,83.929794
s0058,94,0,72.43006
s0058,95,0,62.14311
s0059,0,0,51.169693
s0059,1,0,60.79705
s0059,2,0,52.76275
s0059,3,0,42.92835
s0059,4,0,58.305294
s0059,5,0,48.707066
s0059,6,0,48.04405
s0059,7,0,55.83475
s0059,8,0,51.122654
s0059,9,0,62.124733
s0059,10,0,72.03107
s0059,11,0,61.369392
s0059,12,0,73.81783
s0059,13,0,66.935875
s0059,14,0,71.21534
s0059,15,0,71.01688
s0059,16,0,68.853004
s0059,17,0,56.74084
s0059,18,0,67.357864
s0059,19,0,62.502934
s0059,20,0,67.40064
s0059,21,0,66.28548
s0059,22,0,66.577484
s0059,23,0,62.38212
s0059,24,0,63.469807
s0059,25,0,54.99143
s0059,26,0,63.925964
s0059,27,0,57.303467
s0059,28,0,72.7533
s0059,29,0,63.865734
s0059,30,0,57.179195
s0059,31,0,66.09867
s0059,32,0,59.288296
s0059,33,0,58.80837
s0059,34,0,49.551582
s0059,35,0,49.102757
s0059,36,0,52.82069
s0059,37,0,49.051823
s0059,38,0,64.01873
s0059,39,0,63.19422
s0059,40,0,63.495888
s0059,41,0,60.280163
s0059,42,0,58.47538
s0059,43,0,49.46007
s0059,44,0,59.110104
s0059,45,0,27.010454
s0059,46,0,20.131351
s0059,47,0,50.159847
s0059,48,0,49.79654
s0059,49,0,56.169296
s0059,50,0,44.82318
s0059,51,0,36.792587
s0059,52,0,45.391045
s0059,53,0,66.16008
s0059,54,0,43.58386
s0059,55,0,45.80899
s0059,56,0,55.794365
s0059,57,0,71.12108
s0059,58,0,51.715153
s0059,59,0,61.819443
s0059,60,0,66.89679
s0059,61,0,54.619617
s0059,62,0,72.48523
s0059,63,0,74.32124
s0059,64,0,64.83671
s0059,65,0,72.289345
s0059,66,0,68.26438
s0059,67,0,54.80787
s0059,68,0,64.9524
s0059,69,0,61.55231
s0059,70,0,56.638214
s0059,71,0,53.170948
s0059,72,0,59.73463
s0059,73,0,68.3104
s0059,74,0,74.85986
s0059,75,0,72.134636
s0059,76,0,71.2743
s0059,77,0,74.367004
s0059,78,0,71.550156
s0059,79,0,74.74083
s0059,80,0,82.8273
s0059,81,0,70.99039
s0059,82,0,63.378
s0059,83,0,63.865532
s0059,84,0,69.31173
s0059,85,0,69.34998
s0059,86,0,64.90173
s0059,87,0,54.571507
s0059,88,0,62.822742
s0059,89,0,59.724308
s0059,90,0,54.232502
s0059,91,0,62.479553
s0059,92,0,74.73225
s0059,93,0,62.9322
s0059,94,0,65.83842
s0059,95,0,70.850174
s0060,0,0,61.28054
s0060,1,0,39.08649
s0060,2,0,44.547714
s0060,3,0,49.178383
s0060,4,0,46.943665
s0060,5,0,45.080086
s0060,6,0,58.56778
s0060,7,0,54.13023
s0060,8,0,59.056698
s0060,9,0,58.500282
s0060,10,0,63.614223
s0060,11,0,55.5793
s0060,12,0,68.298706
s0060,13,0,64.84203
s0060,14,0,62.536293
s0060,15,0,75.04461
s0060,16,0,63.291428
s0060,17,0,73.623
s0060,18,0,62.38324
s0060,19,0,61.51969
s0060,20,0,69.562744
s0060,21,0,64.41123
s0060,22,0,59.739166
s0060,23,0,75.97125
s0060,24,0,71.36299
s0060,25,0,73.795074
s0060,26,0,78.53599
s0060,27,0,60.78495
s0060,28,0,73.79096
s0060,29,0,58.614136
s0060,30,0,64.44723
s0060,31,0,61.280373
s0060,32,0,61.147125
s0060,33,0,53.936863
s0060,34,0,66.531334
s0060,35,0,52.339016
s0060,36,0,54.690567
s0060,37,0,47.987953
s0060,38,0,58.091343
s0060,39,0,31.083807
s0060,40,0,62.111332
s0060,41,0,36.88696
s0060,42,0,52.57844
s0060,43,0,50.036346
s0060,44,0,71.90518
s0060,45,0,54.647552
s0060,46,0,49.82597
s0060,47,0,54.59287
s0060,48,0,28.230663
s0060,49,0,50.04581
s0060,50,0,51.852215
s0060,51,0,54.721695
s0060,52,0,68.625465
s0060,53,0,43.073658
s0060,54,0,50.457653
s0060,55,0,66.302605
s0060,56,0,61.555904
s0060,57,0,57.496223
s0060,58,0,49.94311
s0060,59,0,73.71708
s0060,60,0,58.815323
s0060,61,0,69.83534
s0060,62,0,71.194336
s0060,63,0,76.48344
s0060,64,0,57.773434
s0060,65,0,65.566376
s0060,66,0,59.08386
s0060,67,0,67.56211
s0060,68,0,74.916794
s0060,69,0,65.16027
s0060,70,0,59.35193
s0060,71,0,66.722046
s0060,72,0,58.021782
s0060,73,0,73.44344
s0060,74,0,76.45632
s0060,75,0,76.9365
s0060,76,0,69.74506
s0060,77,0,74.441925
s0060,78,0,72.78015
s0060,79,0,75.71103
s0060,80,0,71.13931
s0060,81,0,75.494835
s0060,82,0,56.66531
s0060,83,0,66.88495
s0060,84,0,61.645855
s0060,85,0,74.65979
s0060,86,0,51.667595
s0060,87,0,55.996105
s0060,88,0,66.61554
s0060,89,0,56.498474
s0060,90,0,54.55507
s0060,91,0,85.25486
s0060,92,0,60.079727
s0060,93,0,56.438793
s0060,94,0,60.956924
s0060,95,0,71.37362
s0061,0,0,60.56218
s0061,1,0,48.769173
s0061,2,0,52.793446
s0061,3,0,37.735508
s0061,4,0,61.076035
s0061,5,0,67.2577
s0061,6,0,47.257797
s0061,7,0,61.47839
s0061,8,0,56.347977
s0061,9,0,53.352776
s0061,10,0,62.26489
s0061,11,0,58.05433
s0061,12,0,74.09283
s0061,13,0,57.68406
s0061,14,0,63.280643
s0061,15,0,72.30109
s0061,16,0,62.4874
s0061,17,0,57.12181
s0061,18,0,57.32332
s0061,19,0,76.528625
s0061,20,0,64.7767
s0061,21,0,59.61549
s0061,22,0,57.091434
s0061,23,0,66.61997
s0061,24,0,69.08954
s0061,25,0,61.568325
s0061,26,0,71.89884
s0061,27,0,58.893036
s0061,28,0,76.071266
s0061,29,0,67.02269
s0061,30,0,57.841278
s0061,31,0,60.189102
s0061,32,0,59.350193
s0061,33,0,60.905697
s0061,34,0,57.632656
s0061,35,0,50.694454
s0061,36,0,64.23638
s0061,37,0,52.801525
s0061,38,0,57.991024
s0061,39,0,71.89119
s0061,40,0,48.659492
s0061,41,0,55.103336
s0061,42,0,55.49035
s0061,43,0,26.48649
s0061,44,0,63.20545
s0061,45,0,43.05736
s0061,46,0,45.990437
s0061,47,0,40.431366
s0061,48,0,66.42159
s0061,49,0,66.38329
s0061,50,0,44.29807
s0061,51,0,55.864727
s0061,52,0,56.433556
s0061,53,0,53.110714
s0061,54,0,54.90639
s0061,55,0,58.89125
s0061,56,0,60.05132
s0061,57,0,64.080086
s0061,58,0,57.710968
s0061,59,0,65.33176
s0061,60,0,62.42184
s0061,61,0,59.79854
s0061,62,0,74.41668
s0061,63,0,71.246284
s0061,64,0,64.56024
s0061,65,0,66.461716
s0061,66,0,71.129684
s0061,67,0,67.18305
s0061,68,0,57.750916
s0061,69,0,60.79352
s0061,70,0,57.061886
s0061,71,0,61.75517
s0061,72,0,65.87957
s0061,73,0,71.34725
s0061,74,0,75.31984
s0061,75,0,67.00908
s0061,76,0,72.69612
s0061,77,0,66.82814
s0061,78,0,69.80416
s0061,79,0,74.26089
s0061,80,0,80.07099
s0061,81,0,67.5069
s0061,82,0,68.05654
s0061,83,0,60.140034
s0061,84,0,67.69744
s0061,85,0,70.35924
s0061,86,0,60.707447
s0061,87,0,60.35
s0061,88,0,71.3399
s0061,89,0,69.307625
s0061,90,0,49.82418
s0061,91,0,61.853146
s0061,92,0,62.909424
s0061,93,0,64.21858
s0061,94,0,80.95229
s0061,95,0,76.86255
s0062,0,0,54.37555
s0062,1,0,57.341663
s0062,2,0,42.997765
s0062,3,0,41.041485
s0062,4,0,52.552258
s0062,5,0,67.17331
s0062,6,0,53.554073
s0062,7,0,63.628067
s0062,8,0,69.79881
s0062,9,0,58.815815
s0062,10,0,57.76894
s0062,11,0,65.13414
s0062,12,0,58.673424
s0062,13,0,62.89339
s0062,14,0,68.64378
s0062,15,0,58.28835
s0062,16,0,62.57617
s0062,17,0,56.18492
s0062,18,0,70.502335
s0062,19,0,61.331844
s0062,20,0,71.692
s0062,21,0,71.18301
s0062,22,0,63.2033
s0062,23,0,70.20079
s0062,24,0,61.70784
s0062,25,0,61.648865
s0062,26,0,71.25321
s0062,27,0,63.518867
s0062,28,0,68.87245
s0062,29,0,63.299343
s0062,30,0,56.70422
s0062,31,0,63.816868
s0062,32,0,55.090458
s0062,33,0,62.589954
s0062,34,0,58.404472
s0062,35,0,46.874638
s0062,36,0,44.970238
s0062,37,0,57.797974
s0062,38,0,59.487034
s0062,39,0,58.864063
s0062,40,0,58.52492
s0062,41,0,46.945644
s0062,42,0,54.556866
s0062,43,0,48.370617
s0062,44,0,50.537086
s0062,45,0,62.001125
s0062,46,0,40.934555
s0062,47,0,48.080975
s0062,48,0,45.862675
s0062,49,0,53.716877
s0062,50,0,43.848927
s0062,51,0,56.47543
s0062,52,0,60.83807
s0062,53,0,63.17329
s0062,54,0,45.98966
s0062,55,0,52.110565
s0062,56,0,67.553986
s0062,57,0,62.115093
s0062,58,0,50.719704
s0062,59,0,71.21829
s0062,60,0,66.9714
s0062,61,0,55.976803
s0062,62,0,74.30352
s0062,63,0,62.634937
s0062,64,0,63.51443
s0062,65,0,61.244473
s0062,66,0,68.251114
s0062,67,0,70.199486
s0062,68,0,70.88154
s0062,69,0,68.617546
s0062,70,0,63.124596
s0062,71,0,63.46075
s0062,72,0,49.52243
s0062,73,0,72.60113
s0062,74,0,71.75979
s0062,75,0,69.5381
s0062,76,0,72.88249
s0062,77,0,70.24361
s0062,78,0,71.92724
s0062,79,0,70.02052
s0062,80,0,67.047386
s0062,81,0,80.40693
s0062,82,0,62.815094
s0062,83,0,65.85508
s0062,84,0,67.12934
s0062,85,0,64.79673
s0062,86,0,60.645634
s0062,87,0,69.34276
s0062,88,0,59.74307
s0062,89,0,65.508095
s0062,90,0,55.177258
s0062,91,0,73.928665
s0062,92,0,78.84642
s0062,93,0,65.95827
s0062,94,0,69.93121
s0062,95,0,70.39598
s0063,0,0,53.944138
s0063,1,0,47.299458
s0063,2,0,46.11567
s0063,3,0,42.5602
s0063,4,0,43.04643
s0063,5,0,50.611404
s0063,6,0,54.294647
s0063,7,0,48.807117
s0063,8,0,60.39992
s0063,9,0,57.19267
s0063,10,0,64.698685
s0063,11,0,67.025024
s0063,12,0,61.41158
s0063,13,0,71.181755
s0063,14,0,70.870384
s0063,15,0,74.94965
s0063,16,0,61.773457
s0063,17,0,67.97347
s0063,18,0,55.687214
s0063,19,0,63.511337
s0063,20,0,65.347916
s0063,21,0,65.69748
s0063,22,0,74.79223
s0063,23,0,72.97644
s0063,24,0,66.2177
s0063,25,0,70.86909
s0063,26,0,71.65908
s0063,27,0,62.601955
s0063,28,0,74.58744
s0063,29,0,66.26154
s0063,30,0,61.427006
s0063,31,0,58.715607
s0063,32,0,53.904694
s0063,33,0,55.434147
s0063,34,0,59.760994
s0063,35,0,60.893307
s0063,36,0,53.450233
s0063,37,0,49.909798
s0063,38,0,53.24926
s0063,39,0,61.746243
s0063,40,0,70.68007
s0063,41,0,61.001408
s0063,42,0,34.800728
s0063,43,0,42.53455
s0063,44,0,62.721348
s0063,45,0,64.238075
s0063,46,0,45.2951
s0063,47,0,31.32333
s0063,48,0,65.22161
s0063,49,0,49.364796
s0063,50,0,41.109085
s0063,51,0,47.60244
s0063,52,0,61.85566
s0063,53,0,42.42189
s0063,54,0,35.24088
s0063,55,0,64.87952
s0063,56,0,60.046497
s0063,57,0,63.11713
s0063,58,0,48.575226
s0063,59,0,69.9514
s0063,60,0,50.365543
s0063,61,0,69.65132
s0063,62,0,81.9097
s0063,63,0,73.498024
s0063,64,0,65.09863
s0063,65,0,58.26307
s0063,66,0,74.71925
s0063,67,0,64.876396
s0063,68,0,60.894325
s0063,69,0,65.87825
s0063,70,0,54.217014
s0063,71,0,57.91844
s0063,72,0,61.202263
s0063,73,0,70.675804
s0063,74,0,77.57419
s0063,75,0,64.72913
s0063,76,0,78.18194
s0063,77,0,58.317337
s0063,78,0,75.466576
s0063,79,0,82.62274
s0063,80,0,66.34142
s0063,81,0,77.37644
s0063,82,0,64.97156
s0063,83,0,66.692276
s0063,84,0,76.6384
s0063,85,0,71.8368
s0063,86,0,67.62493
s0063,87,0,56.689304
s0063,88,0,58.014767
s0063,89,0,66.487595
s0063,90,0,54.82413
s0063,91,0,69.448586
s0063,92,0,77.84854
s0063,93,0,65.92494
s0063,94,0,66.94558
s0063,95,0,63.3129
s0064,0,0,50.403763
s0064,1,0,49.055138
s0064,2,0,45.9741
s0064,3,0,48.49951
s0064,4,0,46.777634
s0064,5,0,50.7106
s0064,6,0,56.05345
s0064,7,0,58.586887
s0064,8,0,65.07779
s0064,9,0,52.25992
s0064,10,0,71.44312
s0064,11,0,61.11064
s0064,12,0,70.638275
s0064,13,0,73.04518
s0064,14,0,72.94287
s0064,15,0,59.186546
s0064,16,0,68.62259
s0064,17,0,63.70808
s0064,18,0,66.747444
s0064,19,0,55.777103
s0064,20,0,71.92718
s0064,21,0,59.6512
s0064,22,0,66.85831
s0064,23,0,67.90906
s0064,24,0,71.4474
s0064,25,0,71.22714
s0064,26,0,75.858635
s0064,27,0,66.29762
s0064,28,0,69.40327
s0064,29,0,71.38211
s0064,30,0,56.905174
s0064,31,0,53.958202
s0064,32,0,53.897064
s0064,33,0,55.728104
s0064,34,0,40.886242
s0064,35,0,52.049503
s0064,36,0,60.089775
s0064,37,0,69.06097
s0064,38,0,60.3417
s0064,39,0,49.750015
s0064,40,0,67.601326
s0064,41,0,40.546074
s0064,42,0,54.764324
s0064,43,0,37.897682
s0064,44,0,40.162827
s0064,45,0,63.003113
s0064,46,0,22.64037
s0064,47,0,55.95794
s0064,48,0,70.061844
s0064,49,0,51.754612
s0064,50,0,58.538868
s0064,51,0,32.670177
s0064,52,0,45.26214
s0064,53,0,54.950344
s0064,54,0,38.6266
s0064,55,0,61.857914
s0064,56,0,54.26695
s0064,57,0,63.150608
s0064,58,0,55.746494
s0064,59,0,65.751854
s0064,60,0,57.96748
s0064,61,0,68.691505
s0064,62,0,72.8934
s0064,63,0,70.384865
s0064,64,0,62.894016
s0064,65,0,57.204514
s0064,66,0,76.117584
s0064,67,0,61.99518
s0064,68,0,58.019028
s0064,69,0,67.374855
s0064,70,0,58.55936
s0064,71,0,67.067024
s0064,72,0,68.26639
s0064,73,0,64.583466
s0064,74,0,75.79671
s0064,75,0,82.61308
s0064,76,0,79.199295
s0064,77,0,71.49788
s0064,78,0,88.2188
s0064,79,0,71.512344
s0064,80,0,78.5645
s0064,81,0,71.43625
s0064,82,0,64.51371
s0064,83,0,61.23331
s0064,84,0,77.23498
s0064,85,0,67.4028
s0064,86,0,69.08028
s0064,87,0,68.088264
s0064,88,0,64.61541
s0064,89,0,52.14283
s0064,90,0,52.09742
s0064,91,0,67.996796
s0064,92,0,70.37397
s0064,93,0,64.14892
s0064,94,0,74.20408
s0064,95,0,67.94943
s0065,0,0,53.967503
s0065,1,0,48.33239
s0065,2,0,57.198177
s0065,3,0,47.85431
s0065,4,0,46.170685
s0065,5,0,53.486748
s0065,6,0,46.973568
s0065,7,0,53.700306
s0065,8,0,60.996296
s0065,9,0,59.144115
s0065,10,0,60.019764
s0065,11,0,64.62209
s0065,12,0,74.93832
s0065,13,0,64.95837
s0065,14,0,57.801884
s0065,15,0,57.66801
s0065,16,0,64.18931
s0065,17,0,57.906567
s0065,18,0,63.567135
s0065,19,0,61.116955
s0065,20,0,71.30769
s0065,21,0,60.795265
s0065,22,0,63.765423
s0065,23,0,65.52829
s0065,24,0,70.69337
s0065,25,0,58.32201
s0065,26,0,69.843094
s0065,27,0,61.17433
s0065,28,0,63.19375
s0065,29,0,71.65121
s0065,30,0,59.492653
s0065,31,0,65.321915
s0065,32,0,62.77149
s0065,33,0,49.334606
s0065,34,0,42.751163
s0065,35,0,55.541763
s0065,36,0,64.35258
s0065,37,0,54.180637
s0065,38,0,46.939526
s0065,39,0,58.862465
s0065,40,0,63.084255
s0065,41,0,43.590225
s0065,42,0,49.411053
s0065,43,0,56.076565
s0065,44,0,42.11081
s0065,45,0,28.12879
s0065,46,0,46.106762
s0065,47,0,36.53558
s0065,48,0,19.00468
s0065,49,0,50.426426
s0065,50,0,39.262444
s0065,51,0,61.26429
s0065,52,0,44.214043
s0065,53,0,50.10381
s0065,54,0,54.95717
s0065,55,0,42.711987
s0065,56,0,55.335808
s0065,57,0,59.735344
s0065,58,0,56.250854
s0065,59,0,64.45106
s0065,60,0,62.605934
s0065,61,0,64.22282
s0065,62,0,68.27924
s0065,63,0,77.50081
s0065,64,0,60.281075
s0065,65,0,63.288773
s0065,66,0,73.33061
s0065,67,0,69.024414
s0065,68,0,61.650345
s0065,69,0,60.65178
s0065,70,0,61.752365
s0065,71,0,60.87419
s0065,72,0,61.893974
s0065,73,0,68.853806
s0065,74,0,69.3095
s0065,75,0,74.95458
s0065,76,0,71.10312
s0065,77,0,76.684525
s0065,78,0,62.4293
s0065,79,0,71.02838
s0065,80,0,70.53806
s0065,81,0,76.08843
s0065,82,0,70.09244
s0065,83,0,66.33249
s0065,84,0,70.08552
s0065,85,0,75.18383
s0065,86,0,68.96244
s0065,87,0,57.03974
s0065,88,0,60.705364
s0065,89,0,66.18893
s0065,90,0,52.75023
s0065,91,0,68.72035
s0065,92,0,69.46864
s0065,93,0,78.33686
s0065,94,0,72.2459
s0065,95,0,63.88837
s0066,0,0,59.364548
s0066,1,0,43.045025
s0066,2,0,44.73646
s0066,3,0,47.30994
s0066,4,0,43.979877
s0066,5,0,48.343662
s0066,6,0,52.066418
s0066,7,0,63.610584
s0066,8,0,65.607376
s0066,9,0,63.1304
s0066,10,0,63.49126
s0066,11,0,68.19251
s0066,12,0,64.974304
s0066,13,0,72.80027
s0066,14,0,69.19389
s0066,15,0,69.313736
s0066,16,0,56.419514
s0066,17,0,69.20606
s0066,18,0,58.49182
s0066,19,0,67.14658
s0066,20,0,65.84347
s0066,21,0,66.78801
s0066,22,0,56.392475
s0066,23,0,63.487362
s0066,24,0,68.75803
s0066,25,0,66.03337
s0066,26,0,72.532455
s0066,27,0,64.935455
s0066,28,0,75.37023
s0066,29,0,65.603004
s0066,30,0,56.123898
s0066,31,0,64.33463
s0066,32,0,50.260727
s0066,33,0,46.1009
s0066,34,0,40.249226
s0066,35,0,53.540955
s0066,36,0,59.669205
s0066,37,0,70.08199
s0066,38,0,58.843185
s0066,39,0,53.485916
s0066,40,0,70.08804
s0066,41,0,43.668888
s0066,42,0,36.35235
s0066,43,0,44.34245
s0066,44,0,45.13146
s0066,45,0,37.53092
s0066,46,0,39.962635
s0066,47,0,39.622406
s0066,48,0,30.883463
s0066,49,0,54.913044
s0066,50,0,59.166504
s0066,51,0,45.542664
s0066,52,0,67.14379
s0066,53,0,57.482872
s0066,54,0,54.468845
s0066,55,0,62.42807
s0066,56,0,57.253754
s0066,57,0,65.120255
s0066,58,0,55.471443
s0066,59,0,56.754913
s0066,60,0,56.412888
s0066,61,0,67.25189
s0066,62,0,71.19785
s0066,63,0,66.20306
s0066,64,0,64.05029
s0066,65,0,59.552097
s0066,66,0,75.88436
s0066,67,0,58.158115
s0066,68,0,66.44843
s0066,69,0,56.92369
s0066,70,0,48.642086
s0066,71,0,67.08549
s0066,72,0,61.49969
s0066,73,0,72.72213
s0066,74,0,73.60537
s0066,75,0,64.47869
s0066,76,0,79.45974
s0066,77,0,77.90614
s0066,78,0,68.85249
s0066,79,0,73.5258
s0066,80,0,71.15706
s0066,81,0,74.39318
s0066,82,0,64.583405
s0066,83,0,66.12425
s0066,84,0,67.14682
s0066,85,0,71.82593
s0066,86,0,64.24513
s0066,87,0,69.394424
s0066,88,0,70.85905
s0066,89,0,71.97194
s0066,90,0,63.261703
s0066,91,0,66.75289
s0066,92,0,72.71218
s0066,93,0,70.99941
s0066,94,0,71.73901
s0066,95,0,65.38057
s0067,0,0,51.5972
s0067,1,0,52.982166
s0067,2,0,42.070873
s0067,3,0,47.20766
s0067,4,0,55.586468
s0067,5,0,56.297882
s0067,6,0,53.832726
s0067,7,0,59.853462
s0067,8,0,54.113655
s0067,9,0,68.30102
s0067,10,0,56.417973
s0067,11,0,64.98227
s0067,12,0,66.688095
s0067,13,0,74.03489
s0067,14,0,68.92998
s0067,15,0,69.89764
s0067,16,0,62.80507
s0067,17,0,58.87693
s0067,18,0,63.668964
s0067,19,0,66.012215
s0067,20,0,64.594055
s0067,21,0,71.68429
s0067,22,0,55.414635
s0067,23,0,66.41667
s0067,24,0,60.151405
s0067,25,0,71.16541
s0067,26,0,65.62066
s0067,27,0,49.206882
s0067,28,0,69.08853
s0067,29,0,77.03875
s0067,30,0,64.43419
s0067,31,0,67.7908
s0067,32,0,50.836395
s0067,33,0,48.68256
s0067,34,0,46.85929
s0067,35,0,56.554577
s0067,36,0,54.478832
s0067,37,0,53.008923
s0067,38,0,36.424038
s0067,39,0,52.14056
s0067,40,0,67.603
s0067,41,0,51.460453
s0067,42,0,35.97116
s0067,43,0,29.208176
s0067,44,0,59.81242
s0067,45,0,39.323742
s0067,46,0,59.11333
s0067,47,0,53.5203
s0067,48,0,29.2946
s0067,49,0,47.312244
s0067,50,0,64.47976
s0067,51,0,57.395004
s0067,52,0,40.80821
s0067,53,0,49.694225
s0067,54,0,53.190052
s0067,55,0,56.91074
s0067,56,0,52.075096
s0067,57,0,53.611965
s0067,58,0,53.867607
s0067,59,0,61.486866
s0067,60,0,63.37988
s0067,61,0,69.32161
s0067,62,0,75.021034
s0067,63,0,71.25807
s0067,64,0,66.59575
s0067,65,0,68.99104
s0067,66,0,69.944954
s0067,67,0,59.395985
s0067,68,0,70.182495
s0067,69,0,67.88368
s0067,70,0,52.45265
s0067,71,0,65.3476
s0067,72,0,61.392178
s0067,73,0,74.34681
s0067,74,0,67.02761
s0067,75,0,68.36963
s0067,76,0,85.34983
s0067,77,0,69.97164
s0067,78,0,70.02177
s0067,79,0,64.99127
s0067,80,0,74.68292
s0067,81,0,73.45073
s0067,82,0,64.398674
s0067,83,0,71.93461
s0067,84,0,57.402817
s0067,85,0,69.863266
s0067,86,0,69.242096
s0067,87,0,58.847786
s0067,88,0,69.68759
s0067,89,0,59.65155
s0067,90,0,50.114708
s0067,91,0,70.50426
s0067,92,0,68.33527
s0067,93,0,61.995876
s0067,94,0,68.32754
s0067,95,0,66.77873
s0068,0,0,62.190563
s0068,1,0,55.857063
s0068,2,0,48.749706
s0068,3,0,57.88027
s0068,4,0,62.598316
s0068,5,0,53.19084
s0068,6,0,60.63922
s0068,7,0,56.845093
s0068,8,0,66.57969
s0068,9,0,61.731003
s0068,10,0,61.40019
s0068,11,0,63.901493
s0068,12,0,66.503204
s0068,13,0,64.72936
s0068,14,0,68.794975
s0068,15,0,64.133255
s0068,16,0,67.68196
s0068,17,0,58.885258
s0068,18,0,64.004036
s0068,19,0,62.510216
s0068,20,0,76.30739
s0068,21,0,64.10295
s0068,22,0,67.13516
s0068,23,0,69.19257
s0068,24,0,70.51565
s0068,25,0,66.463844
s0068,26,0,74.636795
s0068,27,0,54.951405
s0068,28,0,73.42701
s0068,29,0,75.4908
s0068,30,0,53.960316
s0068,31,0,64.707794
s0068,32,0,47.666595
s0068,33,0,56.891518
s0068,34,0,46.866196
s0068,35,0,55.98756
s0068,36,0,60.677773
s0068,37,0,62.57471
s0068,38,0,61.15334
s0068,39,0,57.750828
s0068,40,0,60.30433
s0068,41,0,45.035942
s0068,42,0,38.300808
s0068,43,0,40.626675
s0068,44,0,66.03733
s0068,45,0,31.00899
s0068,46,0,26.524853
s0068,47,0,59.863117
s0068,48,0,56.11142
s0068,49,0,41.28825
s0068,50,0,52.680023
s0068,51,0,71.551674
s0068,52,0,51.9114
s0068,53,0,48.99313
s0068,54,0,47.74404
s0068,55,0,70.56054
s0068,56,0,60.694717
s0068,57,0,59.99141
s0068,58,0,58.127415
s0068,59,0,62.06941
s0068,60,0,54.313694
s0068,61,0,71.00793
s0068,62,0,71.18947
s0068,63,0,74.4132
s0068,64,0,63.340843
s0068,65,0,66.49956
s0068,66,0,72.45449
s0068,67,0,59.949154
s0068,68,0,60.40667
s0068,69,0,76.77953
s0068,70,0,54.79849
s0068,71,0,59.65359
s0068,72,0,63.88149
s0068,73,0,60.355618
s0068,74,0,72.31831
s0068,75,0,69.487335
s0068,76,0,76.212265
s0068,77,0,73.651276
s0068,78,0,75.58895
s0068,79,0,70.71396
s0068,80,0,74.35785
s0068,81,0,79.40252
s0068,82,0,71.33793
s0068,83,0,76.62625
s0068,84,0,74.59185
s0068,85,0,56.736496
s0068,86,0,64.085594
s0068,87,0,60.64131
s0068,88,0,59.59302
s0068,89,0,52.49174
s0068,90,0,54.96046
s0068,91,0,72.42635
s0068,92,0,69.64858
s0068,93,0,82.666405
s0068,94,0,74.102036
s0068,95,0,59.891468
s0069,0,0,44.39166
s0069,1,0,43.56164
s0069,2,0,34.54059
s0069,3,0,43.988037
s0069,4,0,65.913956
s0069,5,0,57.25421
s0069,6,0,49.90176
s0069,7,0,46.83739
s0069,8,0,62.75126
s0069,9,0,56.68085
s0069,10,0,60.977093
s0069,11,0,65.86046
s0069,12,0,66.37137
s0069,13,0,68.62312
s0069,14,0,67.58523
s0069,15,0,67.27011
s0069,16,0,67.67916
s0069,17,0,62.6403
s0069,18,0,59.677467
s0069,19,0,64.638824
s0069,20,0,73.00203
s0069,21,0,64.18763
s0069,22,0,67.3944
s0069,23,0,75.55909
s0069,24,0,65.480865
s0069,25,0,68.11787
s0069,26,0,61.48472
s0069,27,0,60.262074
s0069,28,0,70.844864
s0069,29,0,67.32795
s0069,30,0,59.271584
s0069,31,0,61.523987
s0069,32,0,56.221424
s0069,33,0,51.166645
s0069,34,0,56.52862
s0069,35,0,50.26072
s0069,36,0,53.2966
s0069,37,0,76.038795
s0069,38,0,59.816303
s0069,39,0,58.191338
s0069,40,0,51.83176
s0069,41,0,77.00458
s0069,42,0,46.008427
s0069,43,0,35.808365
s0069,44,0,61.21389
s0069,45,0,48.122356
s0069,46,0,37.26317
s0069,47,0,42.40081
s0069,48,0,72.81763
s0069,49,0,41.523846
s0069,50,0,56.363396
s0069,51,0,53.66916
s0069,52,0,47.063725
s0069,53,0,55.257687
s0069,54,0,58.13883
s0069,55,0,59.453125
s0069,56,0,55.015625
s0069,57,0,55.910957
s0069,58,0,58.29636
s0069,59,0,60.835228
s0069,60,0,54.576134
s0069,61,0,60.62154
s0069,62,0,78.76495
s0069,63,0,76.337135
s0069,64,0,55.780045
s0069,65,0,66.39798
s0069,66,0,68.39145
s0069,67,0,59.343056
s0069,68,0,71.34653
s0069,69,0,60.693813
s0069,70,0,54.67922
s0069,71,0,64.80322
s0069,72,0,59.685596
s0069,73,0,64.38949
s0069,74,0,85.38933
s0069,75,0,73.829636
s0069,76,0,66.810104
s0069,77,0,70.423
s0069,78,0,71.95833
s0069,79,0,68.73767
s0069,80,0,79.20689
s0069,81,0,70.639534
s0069,82,0,67.86948
s0069,83,0,63.05198
s0069,84,0,64.11665
s0069,85,0,74.73016
s0069,86,0,60.56634
s0069,87,0,61.479805
s0069,88,0,50.33423
s0069,89,0,60.037766
s0069,90,0,57.684116
s0069,91,0,66.653046
s0069,92,0,69.650894
s0069,93,0,65.75246
s0069,94,0,72.82294
s0069,95,0,72.457924
s0070,0,0,50.002144
s0070,1,0,48.31823
s0070,2,0,51.35682
s0070,3,0,51.604256
s0070,4,0,52.825233
s0070,5,0,56.75928
s0070,6,0,54.680317
s0070,7,0,57.49432
s0070,8,0,61.95727
s0070,9,0,56.456894
s0070,10,0,64.68021
s0070,11,0,71.45862
s0070,12,0,77.24806
s0070,13,0,66.78775
s0070,14,0,70.08366
s0070,15,0,68.49849
s0070,16,0,62.720806
s0070,17,0,67.73261
s0070,18,0,55.923508
s0070,19,0,66.5152
s0070,20,0,59.8633
s0070,21,0,66.739006
s0070,22,0,59.076538
s0070,23,0,71.17735
s0070,24,0,76.42934
s0070,25,0,64.00554
s0070,26,0,77.77366
s0070,27,0,69.43682
s0070,28,0,71.49555
s0070,29,0,72.31105
s0070,30,0,63.173397
s0070,31,0,62.35311
s0070,32,0,54.764294
s0070,33,0,45.500957
s0070,34,0,51.47574
s0070,35,0,54.446625
s0070,36,0,49.230175
s0070,37,0,53.667004
s0070,38,0,57.97532
s0070,39,0,58.813393
s0070,40,0,75.546555
s0070,41,0,43.50436
s0070,42,0,30.239584
s0070,43,0,51.064384
s0070,44,0,65.233925
s0070,45,0,49.315704
s0070,46,0,28.039104
s0070,47,0,48.539425
s0070,48,0,46.34434
s0070,49,0,50.603664
s0070,50,0,39.68549
s0070,51,0,44.513428
s0070,52,0,65.20174
s0070,53,0,45.705303
s0070,54,0,59.790215
s0070,55,0,56.84864
s0070,56,0,57.34716
s0070,57,0,51.538082
s0070,58,0,55.66417
s0070,59,0,66.41309
s0070,60,0,60.91734
s0070,61,0,48.599236
s0070,62,0,74.760124
s0070,63,0,70.003265
s0070,64,0,63.690617
s0070,65,0,68.81229
s0070,66,0,65.61139
s0070,67,0,62.34186
s0070,68,0,60.350594
s0070,69,0,73.629684
s0070,70,0,65.20908
s0070,71,0,63.33458
s0070,72,0,57.653698
s0070,73,0,61.870564
s0070,74,0,69.94868
s0070,75,0,79.817825
s0070,76,0,74.06673
s0070,77,0,72.58062
s0070,78,0,71.74012
s0070,79,0,70.78249
s0070,80,0,74.726456
s0070,81,0,75.55585
s0070,82,0,68.635475
s0070,83,0,70.217445
s0070,84,0,63.78995
s0070,85,0,72.93998
s0070,86,0,55.340866
s0070,87,0,55.565456
s0070,88,0,57.93456
s0070,89,0,61.123714
s0070,90,0,59.024014
s0070,91,0,68.41234
s0070,92,0,69.474304
s0070,93,0,70.38951
s0070,94,0,67.19905
s0070,95,0,69.830894
s0071,0,0,60.457104
s0071,1,0,50.051205
s0071,2,0,33.166546
s0071,3,0,40.758514
s0071,4,0,55.335033
s0071,5,0,55.343304
s0071,6,0,60.729816
s0071,7,0,47.930645
s0071,8,0,63.06906
s0071,9,0,58.84708
s0071,10,0,59.345554
s0071,11,0,63.907917
s0071,12,0,68.00492
s0071,13,0,71.807526
s0071,14,0,64.25328
s0071,15,0,67.408775
s0071,16,0,61.302406
s0071,17,0,69.79785
s0071,18,0,58.326336
s0071,19,0,74.19563
s0071,20,0,61.77711
s0071,21,0,60.876427
s0071,22,0,71.240944
s0071,23,0,66.14878
s0071,24,0,70.290535
s0071,25,0,66.20127
s0071,26,0,73.29618
s0071,27,0,59.13918
s0071,28,0,65.57688
s0071,29,0,70.77269
s0071,30,0,62.134235
s0071,31,0,64.53378
s0071,32,0,61.42256
s0071,33,0,55.067307
s0071,34,0,45.51777
s0071,35,0,45.2499
s0071,36,0,41.334805
s0071,37,0,55.912655
s0071,38,0,60.001892
s0071,39,0,35.621838
s0071,40,0,45.837307
s0071,41,0,52.153515
s0071,42,0,31.167023
s0071,43,0,58.19498
s0071,44,0,69.75351
s0071,45,0,50.649155
s0071,46,0,40.7299
s0071,47,0,39.648136
s0071,48,0,58.77274
s0071,49,0,50.92672
s0071,50,0,48.493397
s0071,51,0,33.27927
s0071,52,0,65.65627
s0071,53,0,63.633247
s0071,54,0,57.99078
s0071,55,0,48.71167
s0071,56,0,68.41575
s0071,57,0,66.056786
s0071,58,0,62.32883
s0071,59,0,67.510185
s0071,60,0,58.86635
s0071,61,0,58.700245
s0071,62,0,78.8337
s0071,63,0,78.709145
s0071,64,0,56.62692
s0071,65,0,70.89786
s0071,66,0,64.94813
s0071,67,0,68.08028
s0071,68,0,60.552006
s0071,69,0,64.58195
s0071,70,0,59.996235
s0071,71,0,60.18399
s0071,72,0,62.43252
s0071,73,0,66.16742
s0071,74,0,73.63575
s0071,75,0,75.952644
s0071,76,0,66.77628
s0071,77,0,65.12912
s0071,78,0,73.601
s0071,79,0,78.481155
s0071,80,0,73.04908
s0071,81,0,70.05307
s0071,82,0,63.588814
s0071,83,0,61.120068
s0071,84,0,73.27496
s0071,85,0,73.753075
s0071,86,0,67.64947
s0071,87,0,59.33373
s0071,88,0,63.070667
s0071,89,0,72.69269
s0071,90,0,49.79505
s0071,91,0,74.92372
s0071,92,0,59.732834
s0071,93,0,66.73098
s0071,94,0,62.690228
s0071,95,0,70.36965
s0072,0,0,56.82222
s0072,1,0,46.083176
s0072,2,0,47.819416
s0072,3,0,43.05013
s0072,4,0,59.06235
s0072,5,0,54.09544
s0072,6,0,56.602493
s0072,7,0,49.916393
s0072,8,0,56.046974
s0072,9,0,57.462246
s0072,10,0,60.138676
s0072,11,0,59.63857
s0072,12,0,54.436924
s0072,13,0,68.07994
s0072,14,0,70.04644
s0072,15,0,62.129326
s0072,16,0,73.09282
s0072,17,0,62.052036
s0072,18,0,67.775505
s0072,19,0,63.948456
s0072,20,0,61.398506
s0072,21,0,68.367584
s0072,22,0,55.937122
s0072,23,0,67.95286
s0072,24,0,70.41495
s0072,25,0,69.10733
s0072,26,0,66.281075
s0072,27,0,68.89922
s0072,28,0,61.35243
s0072,29,0,70.49589
s0072,30,0,50.572437
s0072,31,0,68.13249
s0072,32,0,61.92468
s0072,33,0,51.922882
s0072,34,0,49.67368
s0072,35,0,54.61465
s0072,36,0,57.447403
s0072,37,0,66.63144
s0072,38,0,43.057236
s0072,39,0,58.726284
s0072,40,0,45.14704
s0072,41,0,52.362335
s0072,42,0,41.94079
s0072,43,0,45.429962
s0072,44,0,54.352585
s0072,45,0,45.951054
s0072,46,0,53.989574
s0072,47,0,40.963055
s0072,48,0,33.879707
s0072,49,0,41.763985
s0072,50,0,34.243916
s0072,51,0,38.811356
s0072,52,0,68.33053
s0072,53,0,50.44591
s0072,54,0,60.565666
s0072,55,0,40.74631
s0072,56,0,63.294056
s0072,57,0,65.092705
s0072,58,0,54.201687
s0072,59,0,67.77891
s0072,60,0,54.9976
s0072,61,0,66.71107
s0072,62,0,69.19584
s0072,63,0,76.19489
s0072,64,0,50.525345
s0072,65,0,66.56373
s0072,66,0,69.97893
s0072,67,0,69.93637
s0072,68,0,64.19931
s0072,69,0,70.88353
s0072,70,0,56.50393
s0072,71,0,57.0376
s0072,72,0,59.948105
s0072,73,0,75.34569
s0072,74,0,70.91965
s0072,75,0,71.83457
s0072,76,0,69.60839
s0072,77,0,67.789696
s0072,78,0,71.548515
s0072,79,0,71.63649
s0072,80,0,70.80538
s0072,81,0,79.92461
s0072,82,0,64.43555
s0072,83,0,64.40219
s0072,84,0,66.12846
s0072,85,0,77.575745
s0072,86,0,66.72931
s0072,87,0,60.502453
s0072,88,0,60.13631
s0072,89,0,61.80932
s0072,90,0,58.435402
s0072,91,0,70.00353
s0072,92,0,54.040607
s0072,93,0,66.48804
s0072,94,0,66.642044
s0072,95,0,67.47439
s0073,0,0,55.653023
s0073,1,0,53.22782
s0073,2,0,53.803986
s0073,3,0,55.192444
s0073,4,0,50.62386
s0073,5,0,57.652466
s0073,6,0,64.38665
s0073,7,0,57.53741
s0073,8,0,65.818054
s0073,9,0,63.28418
s0073,10,0,60.37832
s0073,11,0,60.420383
s0073,12,0,64.691345
s0073,13,0,68.0117
s0073,14,0,70.23462
s0073,15,0,70.35231
s0073,16,0,64.77931
s0073,17,0,67.93752
s0073,18,0,67.729546
s0073,19,0,67.419556
s0073,20,0,59.81637
s0073,21,0,66.20599
s0073,22,0,57.145374
s0073,23,0,79.94783
s0073,24,0,68.053955
s0073,25,0,58.21244
s0073,26,0,67.64656
s0073,27,0,69.516785
s0073,28,0,63.42067
s0073,29,0,60.53536
s0073,30,0,53.134052
s0073,31,0,73.0711
s0073,32,0,56.240345
s0073,33,0,48.499306
s0073,34,0,44.422386
s0073,35,0,61.423344
s0073,36,0,58.775043
s0073,37,0,62.336166
s0073,38,0,59.00474
s0073,39,0,53.84863
s0073,40,0,47.55323
s0073,41,0,53.4329
s0073,42,0,54.591267
s0073,43,0,42.450848
s0073,44,0,46.378246
s0073,45,0,34.275066
s0073,46,0,21.076712
s0073,47,0,55.843006
s0073,48,0,57.151672
s0073,49,0,47.458637
s0073,50,0,49.890697
s0073,51,0,60.428123
s0073,52,0,63.273262
s0073,53,0,42.054527
s0073,54,0,47.687405
s0073,55,0,55.858852
s0073,56,0,62.406673
s0073,57,0,72.400536
s0073,58,0,60.184937
s0073,59,0,62.70087
s0073,60,0,59.50576
s0073,61,0,67.71541
s0073,62,0,68.86662
s0073,63,0,69.599144
s0073,64,0,59.854324
s0073,65,0,70.21744
s0073,66,0,73.86776
s0073,67,0,67.79863
s0073,68,0,70.19463
s0073,69,0,64.06931
s0073,70,0,53.50957
s0073,71,0,68.67982
s0073,72,0,56.372105
s0073,73,0,64.92851
s0073,74,0,64.811356
s0073,75,0,71.93841
s0073,76,0,70.333206
s0073,77,0,77.63863
s0073,78,0,73.14617
s0073,79,0,71.48155
s0073,80,0,70.6725
s0073,81,0,72.1842
s0073,82,0,66.14416
s0073,83,0,69.51747
s0073,84,0,55.945976
s0073,85,0,77.105576
s0073,86,0,54.387974
s0073,87,0,58.888702
s0073,88,0,57.76869
s0073,89,0,56.535507
s0073,90,0,54.527477
s0073,91,0,67.24445
s0073,92,0,70.69883
s0073,93,0,63.32122
s0073,94,0,75.15213
s0073,95,0,62.09815
s0074,0,0,61.665398
s0074,1,0,58.118713
s0074,2,0,48.05756
s0074,3,0,44.376495
s0074,4,0,52.120758
s0074,5,0,50.116837
s0074,6,0,46.498997
s0074,7,0,50.938534
s0074,8,0,57.49271
s0074,9,0,54.8131
s0074,10,0,61.59422
s0074,11,0,58.360695
s0074,12,0,68.4506
s0074,13,0,74.78265
s0074,14,0,64.2811
s0074,15,0,76.20741
s0074,16,0,54.52849
s0074,17,0,66.32749
s0074,18,0,65.04664
s0074,19,0,65.11434
s0074,20,0,73.229324
s0074,21,0,69.76483
s0074,22,0,65.04718
s0074,23,0,68.00592
s0074,24,0,74.30211
s0074,25,0,64.389755
s0074,26,0,72.50037
s0074,27,0,63.854427
s0074,28,0,67.21675
s0074,29,0,69.80629
s0074,30,0,55.868553
s0074,31,0,59.22803
s0074,32,0,53.764477
s0074,33,0,61.034878
s0074,34,0,48.595306
s0074,35,0,55.5762
s0074,36,0,43.538498
s0074,37,0,52.406208
s0074,38,0,48.157547
s0074,39,0,58.728092
s0074,40,0,59.328224
s0074,41,0,61.01528
s0074,42,0,38.704475
s0074,43,0,49.615192
s0074,44,0,42.98444
s0074,45,0,37.129177
s0074,46,0,54.18033
s0074,47,0,25.19885
s0074,48,0,57.477062
s0074,49,0,50.760464
s0074,50,0,49.47304
s0074,51,0,44.818554
s0074,52,0,34.209282
s0074,53,0,61.02557
s0074,54,0,50.95654
s0074,55,0,55.810055
s0074,56,0,57.727688
s0074,57,0,60.953125
s0074,58,0,52.055347
s0074,59,0,68.39914
s0074,60,0,58.953865
s0074,61,0,59.294754
s0074,62,0,72.92216
s0074,63,0,74.3812
s0074,64,0,68.15557
s0074,65,0,60.06838
s0074,66,0,67.56714
s0074,67,0,63.133434
s0074,68,0,63.428326
s0074,69,0,72.25553
s0074,70,0,57.999226
s0074,71,0,59.53607
s0074,72,0,65.71313
s0074,73,0,68.015045
s0074,74,0,66.82294
s0074,75,0,67.61935
s0074,76,0,72.63076
s0074,77,0,77.25488
s0074,78,0,72.36269
s0074,79,0,75.89135
s0074,80,0,82.15766
s0074,81,0,70.51775
s0074,82,0,68.68438
s0074,83,0,62.480076
s0074,84,0,73.07125
s0074,85,0,72.935555
s0074,86,0,59.405514
s0074,87,0,56.846508
s0074,88,0,60.792507
s0074,89,0,56.87091
s0074,90,0,60.7561
s0074,91,0,68.90738
s0074,92,0,72.873405
s0074,93,0,74.91347
s0074,94,0,70.47411
s0074,95,0,68.89886
s0075,0,0,55.506413
s0075,1,0,44.828
s0075,2,0,53.614895
s0075,3,0,49.697525
s0075,4,0,49.56365
s0075,5,0,57.076023
s0075,6,0,50.136986
s0075,7,0,44.96087
s0075,8,0,60.31655
s0075,9,0,59.59639
s0075,10,0,54.554207
s0075,11,0,61.93317
s0075,12,0,73.48886
s0075,13,0,58.33266
s0075,14,0,76.60358
s0075,15,0,73.97212
s0075,16,0,70.77387
s0075,17,0,64.98802
s0075,18,0,64.19863
s0075,19,0,64.19769
s0075,20,0,68.33047
s0075,21,0,64.61715
s0075,22,0,71.89256
s0075,23,0,71.09463
s0075,24,0,74.36702
s0075,25,0,68.71416
s0075,26,0,69.17414
s0075,27,0,67.33124
s0075,28,0,64.36483
s0075,29,0,72.66137
s0075,30,0,51.99288
s0075,31,0,56.740623
s0075,32,0,55.516056
s0075,33,0,54.829853
s0075,34,0,51.125607
s0075,35,0,54.987236
s0075,36,0,52.23139
s0075,37,0,71.89862
s0075,38,0,46.71187
s0075,39,0,49.090435
s0075,40,0,65.10582
s0075,41,0,48.215122
s0075,42,0,38.520256
s0075,43,0,37.519455
s0075,44,0,45.420025
s0075,45,0,50.146248
s0075,46,0,42.000675
s0075,47,0,46.135536
s0075,48,0,29.793556
s0075,49,0,33.802834
s0075,50,0,56.967236
s0075,51,0,49.87023
s0075,52,0,39.12299
s0075,53,0,30.608414
s0075,54,0,52.922268
s0075,55,0,57.157013
s0075,56,0,50.74765
s0075,57,0,59.56451
s0075,58,0,57.992725
s0075,59,0,67.30075
s0075,60,0,54.306007
s0075,61,0,55.032887
s0075,62,0,65.1036
s0075,63,0,74.617615
s0075,64,0,64.63248
s0075,65,0,60.680508
s0075,66,0,67.60217
s0075,67,0,66.61125
s0075,68,0,64.79557
s0075,69,0,69.49477
s0075,70,0,51.5026
s0075,71,0,49.65213
s0075,72,0,62.911015
s0075,73,0,57.581486
s0075,74,0,72.361755
s0075,75,0,78.02024
s0075,76,0,68.75491
s0075,77,0,73.079384
s0075,78,0,72.47549
s0075,79,0,80.34393
s0075,80,0,71.23447
s0075,81,0,70.91597
s0075,82,0,64.73501
s0075,83,0,66.431076
s0075,84,0,79.249916
s0075,85,0,61.832485
s0075,86,0,62.757607
s0075,87,0,63.977364
s0075,88,0,71.66112
s0075,89,0,64.01122
s0075,90,0,46.858536
s0075,91,0,64.568954
s0075,92,0,73.08354
s0075,93,0,60.848915
s0075,94,0,69.63958
s0075,95,0,64.826164
s0076,0,0,50.466404
s0076,1,0,44.246655
s0076,2,0,41.6526
s0076,3,0,47.942726
s0076,4,0,55.678616
s0076,5,0,59.902466
s0076,6,0,61.462345
s0076,7,0,52.197414
s0076,8,0,63.941933
s0076,9,0,64.07409
s0076,10,0,63.12109
s0076,11,0,64.8285
s0076,12,0,72.737045
s0076,13,0,69.508
s0076,14,0,59.916122
s0076,15,0,66.771835
s0076,16,0,65.38011
s0076,17,0,67.22516
s0076,18,0,66.8069
s0076,19,0,67.27258
s0076,20,0,67.15373
s0076,21,0,62.06527
s0076,22,0,56.617672
s0076,23,0,75.137794
s0076,24,0,76.46356
s0076,25,0,69.51207
s0076,26,0,73.938705
s0076,27,0,67.58749
s0076,28,0,70.43027
s0076,29,0,66.76875
s0076,30,0,59.92786
s0076,31,0,61.49083
s0076,32,0,54.719116
s0076,33,0,56.662495
s0076,34,0,55.146873
s0076,35,0,57.445724
s0076,36,0,57.07356
s0076,37,0,50.944134
s0076,38,0,63.26757
s0076,39,0,46.90481
s0076,40,0,66.57609
s0076,41,0,54.43362
s0076,42,0,28.397892
s0076,43,0,44.39556
s0076,44,0,26.528164
s0076,45,0,48.494278
s0076,46,0,57.617687
s0076,47,0,41.862343
s0076,48,0,40.990776
s0076,49,0,46.090675
s0076,50,0,49.745712
s0076,51,0,69.55594
s0076,52,0,53.224316
s0076,53,0,58.868584
s0076,54,0,64.32266
s0076,55,0,55.134995
s0076,56,0,57.433315
s0076,57,0,69.908615
s0076,58,0,50.7744
s0076,59,0,58.4607
s0076,60,0,58.18043
s0076,61,0,62.614372
s0076,62,0,68.394585
s0076,63,0,78.96268
s0076,64,0,71.41054
s0076,65,0,70.510315
s0076,66,0,68.45109
s0076,67,0,64.60014
s0076,68,0,69.68577
s0076,69,0,57.52464
s0076,70,0,58.040913
s0076,71,0,55.460567
s0076,72,0,62.495193
s0076,73,0,73.85508
s0076,74,0,77.57572
s0076,75,0,68.57453
s0076,76,0,71.29877
s0076,77,0,78.747284
s0076,78,0,70.310425
s0076,79,0,75.60076
s0076,80,0,73.502396
s0076,81,0,71.31198
s0076,82,0,67.029175
s0076,83,0,70.74504
s0076,84,0,80.343704
s0076,85,0,75.83797
s0076,86,0,58.023373
s0076,87,0,61.17816
s0076,88,0,63.410122
s0076,89,0,67.065895
s0076,90,0,53.380375
s0076,91,0,67.57219
s0076,92,0,65.84211
s0076,93,0,64.45919
s0076,94,0,62.55001
s0076,95,0,68.85639
s0077,0,0,46.05891
s0077,1,0,35.87989
s0077,2,0,49.16072
s0077,3,0,56.065556
s0077,4,0,54.98609
s0077,5,0,45.740498
s0077,6,0,45.038593
s0077,7,0,56.7112
s0077,8,0,70.693
s0077,9,0,57.86759
s0077,10,0,60.065926
s0077,11,0,65.889366
s0077,12,0,72.38101
s0077,13,0,68.54332
s0077,14,0,71.70791
s0077,15,0,73.40363
s0077,16,0,59.51436
s0077,17,0,68.387505
s0077,18,0,58.157238
s0077,19,0,64.48122
s0077,20,0,63.67383
s0077,21,0,55.196632
s0077,22,0,71.86183
s0077,23,0,61.10238
s0077,24,0,70.226555
s0077,25,0,60.30933
s0077,26,0,74.12765
s0077,27,0,63.800423
s0077,28,0,70.27528
s0077,29,0,74.717224
s0077,30,0,51.523323
s0077,31,0,67.71801
s0077,32,0,63.09127
s0077,33,0,55.573017
s0077,34,0,48.344383
s0077,35,0,52.720264
s0077,36,0,52.06607
s0077,37,0,47.71012
s0077,38,0,61.501976
s0077,39,0,47.07561
s0077,40,0,54.420597
s0077,41,0,60.928898
s0077,42,0,53.352158
s0077,43,0,34.926857
s0077,44,0,39.505463
s0077,45,0,33.095394
s0077,46,0,64.46247
s0077,47,0,40.393894
s0077,48,0,42.190422
s0077,49,0,45.70694
s0077,50,0,34.939934
s0077,51,0,36.685696
s0077,52,0,46.687935
s0077,53,0,47.929962
s0077,54,0,41.665485
s0077,55,0,51.91747
s0077,56,0,61.7759
s0077,57,0,56.84168
s0077,58,0,62.111755
s0077,59,0,64.3292
s0077,60,0,65.25646
s0077,61,0,57.619057
s0077,62,0,64.21454
s0077,63,0,64.31373
s0077,64,0,65.17942
s0077,65,0,68.94733
s0077,66,0,64.98717
s0077,67,0,63.28489
s0077,68,0,62.326244
s0077,69,0,62.333855
s0077,70,0,54.45541
s0077,71,0,67.72297
s0077,72,0,56.2574
s0077,73,0,68.50566
s0077,74,0,74.86178
s0077,75,0,79.123726
s0077,76,0,63.139523
s0077,77,0,70.54729
s0077,78,0,81.82401
s0077,79,0,72.68552
s0077,80,0,82.71945
s0077,81,0,73.846306
s0077,82,0,63.94502
s0077,83,0,76.25877
s0077,84,0,70.738464
s0077,85,0,71.28519
s0077,86,0,65.83485
s0077,87,0,63.26771
s0077,88,0,58.42932
s0077,89,0,59.561813
s0077,90,0,66.378876
s0077,91,0,75.368645
s0077,92,0,69.18564
s0077,93,0,69.00145
s0077,94,0,70.472
s0077,95,0,74.006714
s0078,0,0,51.68531
s0078,1,0,55.592163
s0078,2,0,42.39592
s0078,3,0,35.299694
s0078,4,0,56.22063
s0078,5,0,43.513622
s0078,6,0,48.99457
s0078,7,0,56.425293
s0078,8,0,60.292183
s0078,9,0,57.999973
s0078,10,0,63.43057
s0078,11,0,69.30538
s0078,12,0,59.84817
s0078,13,0,74.342354
s0078,14,0,66.25893
s0078,15,0,59.432278
s0078,16,0,64.44335
s0078,17,0,70.16485
s0078,18,0,64.34682
s0078,19,0,62.064205
s0078,20,0,73.58539
s0078,21,0,62.904
s0078,22,0,61.67192
s0078,23,0,75.09176
s0078,24,0,68.38216
s0078,25,0,70.57403
s0078,26,0,71.39137
s0078,27,0,54.173916
s0078,28,0,65.11262
s0078,29,0,68.51508
s0078,30,0,62.18384
s0078,31,0,64.78502
s0078,32,0,59.06411
s0078,33,0,55.195328
s0078,34,0,48.72304
s0078,35,0,56.34995
s0078,36,0,38.3575
s0078,37,0,54.768627
s0078,38,0,61.39009
s0078,39,0,43.10487
s0078,40,0,59.04748
s0078,41,0,50.305096
s0078,42,0,58.77977
s0078,43,0,43.85237
s0078,44,0,63.792763
s0078,45,0,52.62689
s0078,46,0,20.623734
s0078,47,0,58.118816
s0078,48,0,64.000885
s0078,49,0,34.80021
s0078,50,0,59.431057
s0078,51,0,46.800396
s0078,52,0,49.35647
s0078,53,0,60.074997
s0078,54,0,41.531223
s0078,55,0,51.26222
s0078,56,0,45.249798
s0078,57,0,73.70924
s0078,58,0,60.31123
s0078,59,0,58.816483
s0078,60,0,66.84414
s0078,61,0,72.22301
s0078,62,0,78.12606
s0078,63,0,71.358604
s0078,64,0,70.86951
s0078,65,0,65.84855
s0078,66,0,63.002922
s0078,67,0,58.064034
s0078,68,0,55.53401
s0078,69,0,66.61585
s0078,70,0,62.77355
s0078,71,0,60.673176
s0078,72,0,54.31522
s0078,73,0,66.50389
s0078,74,0,79.48786
s0078,75,0,66.222336
s0078,76,0,75.7169
s0078,77,0,72.41948
s0078,78,0,74.973335
s0078,79,0,70.31892
s0078,80,0,67.19658
s0078,81,0,68.76539
s0078,82,0,74.89072
s0078,83,0,54.496387
s0078,84,0,68.93617
s0078,85,0,74.23588
s0078,86,0,57.455643
s0078,87,0,71.73494
s0078,88,0,67.96781
s0078,89,0,56.95921
s0078,90,0,55.869324
s0078,91,0,62.70571
s0078,92,0,67.141556
s0078,93,0,62.97159
s0078,94,0,65.16639
s0078,95,0,72.20991
s0079,0,0,45.620037
s0079,1,0,42.443863
s0079,2,0,55.40267
s0079,3,0,43.647026
s0079,4,0,56.53119
s0079,5,0,58.741413
s0079,6,0,47.750763
s0079,7,0,53.365067
s0079,8,0,63.80579
s0079,9,0,52.69381
s0079,10,0,61.009583
s0079,11,0,67.92111
s0079,12,0,72.06852
s0079,13,0,66.22768
s0079,14,0,66.92886
s0079,15,0,75.77328
s0079,16,0,69.51961
s0079,17,0,64.047745
s0079,18,0,56.075108
s0079,19,0,69.30543
s0079,20,0,71.349754
s0079,21,0,64.8564
s0079,22,0,61.963814
s0079,23,0,72.01918
s0079,24,0,51.989723
s0079,25,0,70.1775
s0079,26,0,68.38211
s0079,27,0,61.217278
s0079,28,0,76.34838
s0079,29,0,77.248055
s0079,30,0,49.391182
s0079,31,0,55.986362
s0079,32,0,64.90135
s0079,33,0,52.87483
s0079,34,0,50.995613
s0079,35,0,53.902477
s0079,36,0,45.700504
s0079,37,0,65.77299
s0079,38,0,58.61366
s0079,39,0,62.89148
s0079,40,0,57.849922
s0079,41,0,55.133057
s0079,42,0,62.73415
s0079,43,0,38.854584
s0079,44,0,42.221638
s0079,45,0,62.397755
s0079,46,0,37.121265
s0079,47,0,66.98869
s0079,48,0,29.207514
s0079,49,0,54.611156
s0079,50,0,50.443497
s0079,51,0,66.418785
s0079,52,0,52.326996
s0079,53,0,51.591465
s0079,54,0,59.665592
s0079,55,0,45.78917
s0079,56,0,55.760956
s0079,57,0,60.841385
s0079,58,0,56.69814
s0079,59,0,80.68015
s0079,60,0,54.23278
s0079,61,0,60.78184
s0079,62,0,66.166176
s0079,63,0,73.815895
s0079,64,0,63.15626
s0079,65,0,70.314476
s0079,66,0,67.628586
s0079,67,0,55.33058
s0079,68,0,57.419426
s0079,69,0,67.41973
s0079,70,0,61.728176
s0079,71,0,53.06771
s0079,72,0,69.47282
s0079,73,0,74.26695
s0079,74,0,74.294174
s0079,75,0,79.44131
s0079,76,0,76.745865
s0079,77,0,80.70855
s0079,78,0,73.87596
s0079,79,0,67.13126
s0079,80,0,72.337814
s0079,81,0,65.31931
s0079,82,0,70.58441
s0079,83,0,72.23853
s0079,84,0,72.61289
s0079,85,0,70.84515
s0079,86,0,68.89998
s0079,87,0,55.849106
s0079,88,0,59.981384
s0079,89,0,56.68424
s0079,90,0,57.781704
s0079,91,0,67.37833
s0079,92,0,75.329
s0079,93,0,61.542534
s0079,94,0,64.52303
s0079,95,0,68.858246
s0080,0,0,54.859177
s0080,1,0,47.54064
s0080,2,0,44.987347
s0080,3,0,46.300186
s0080,4,0,57.86702
s0080,5,0,45.128845
s0080,6,0,64.31991
s0080,7,0,51.401566
s0080,8,0,56.05331
s0080,9,0,68.08941
s0080,10,0,53.599823
s0080,11,0,60.064945
s0080,12,0,68.607254
s0080,13,0,72.056305
s0080,14,0,57.590546
s0080,15,0,78.37745
s0080,16,0,69.493065
s0080,17,0,60.446857
s0080,18,0,65.06356
s0080,19,0,63.039967
s0080,20,0,73.073135
s0080,21,0,68.63651
s0080,22,0,60.07053
s0080,23,0,76.66098
s0080,24,0,63.920906
s0080,25,0,69.09872
s0080,26,0,71.62446
s0080,27,0,62.07166
s0080,28,0,77.19596
s0080,29,0,58.739006
s0080,30,0,58.844162
s0080,31,0,60.249977
s0080,32,0,65.26012
s0080,33,0,50.868546
s0080,34,0,51.56119
s0080,35,0,49.720795
s0080,36,0,54.101273
s0080,37,0,61.154163
s0080,38,0,59.800797
s0080,39,0,51.994713
s0080,40,0,52.524395
s0080,41,0,48.473053
s0080,42,0,57.685966
s0080,43,0,41.74678
s0080,44,0,40.556385
s0080,45,0,48.72937
s0080,46,0,57.68528
s0080,47,0,33.82689
s0080,48,0,58.376015
s0080,49,0,44.942078
s0080,50,0,29.323374
s0080,51,0,39.059177
s0080,52,0,60.972008
s0080,53,0,53.267372
s0080,54,0,57.474003
s0080,55,0,58.88591
s0080,56,0,55.72262
s0080,57,0,65.81131
s0080,58,0,58.06524
s0080,59,0,71.09163
s0080,60,0,63.864197
s0080,61,0,63.578243
s0080,62,0,72.85582
s0080,63,0,76.51167
s0080,64,0,60.5676
s0080,65,0,60.90779
s0080,66,0,70.49095
s0080,67,0,66.744545
s0080,68,0,74.49962
s0080,69,0,66.43819
s0080,70,0,56.193962
s0080,71,0,57.93637
s0080,72,0,60.72563
s0080,73,0,71.52142
s0080,74,0,70.2317
s0080,75,0,71.89114
s0080,76,0,72.81248
s0080,77,0,65.91457
s0080,78,0,72.65054
s0080,79,0,65.47677
s0080,80,0,65.6878
s0080,81,0,66.858894
s0080,82,0,78.75462
s0080,83,0,65.31665
s0080,84,0,66.86267
s0080,85,0,70.9708
s0080,86,0,73.50105
s0080,87,0,67.76439
s0080,88,0,66.345436
s0080,89,0,64.89866
s0080,90,0,54.915905
s0080,91,0,67.426994
s0080,92,0,73.88336
s0080,93,0,62.02622
s0080,94,0,69.27509
s0080,95,0,74.606735
s0081,0,0,52.6401
s0081,1,0,46.849403
s0081,2,0,46.44194
s0081,3,0,43.09871
s0081,4,0,53.430687
s0081,5,0,55.013638
s0081,6,0,51.720867
s0081,7,0,53.092876
s0081,8,0,57.24813
s0081,9,0,61.992805
s0081,10,0,58.81277
s0081,11,0,58.986454
s0081,12,0,65.650566
s0081,13,0,65.632454
s0081,14,0,71.71324
s0081,15,0,69.945656
s0081,16,0,61.330196
s0081,17,0,56.86131
s0081,18,0,65.6216
s0081,19,0,72.38146
s0081,20,0,70.11657
s0081,21,0,68.93991
s0081,22,0,60.24794
s0081,23,0,72.01414
s0081,24,0,78.39641
s0081,25,0,65.72908
s0081,26,0,61.809402
s0081,27,0,55.680824
s0081,28,0,62.24802
s0081,29,0,68.07642
s0081,30,0,58.320847
s0081,31,0,58.77904
s0081,32,0,62.092346
s0081,33,0,47.523193
s0081,34,0,61.61543
s0081,35,0,54.664444
s0081,36,0,62.335503
s0081,37,0,50.715946
s0081,38,0,64.67736
s0081,39,0,48.11806
s0081,40,0,59.241264
s0081,41,0,51.226337
s0081,42,0,42.266773
s0081,43,0,58.739204
s0081,44,0,52.67583
s0081,45,0,59.832386
s0081,46,0,34.553894
s0081,47,0,35.08225
s0081,48,0,51.30139
s0081,49,0,34.307743
s0081,50,0,37.847614
s0081,51,0,50.59402
s0081,52,0,45.022022
s0081,53,0,52.627384
s0081,54,0,54.963066
s0081,55,0,50.804874
s0081,56,0,59.89278
s0081,57,0,56.524704
s0081,58,0,60.57483
s0081,59,0,63.38732
s0081,60,0,56.53824
s0081,61,0,61.947174
s0081,62,0,74.74752
s0081,63,0,71.42854
s0081,64,0,74.100716
s0081,65,0,69.76441
s0081,66,0,67.2159
s0081,67,0,64.651085
s0081,68,0,67.66063
s0081,69,0,62.67634
s0081,70,0,52.97015
s0081,71,0,58.427616
s0081,72,0,63.971172
s0081,73,0,73.73237
s0081,74,0,74.61151
s0081,75,0,73.770935
s0081,76,0,64.72299
s0081,77,0,74.451515
s0081,78,0,68.18635
s0081,79,0,68.14346
s0081,80,0,72.50211
s0081,81,0,72.24037
s0081,82,0,69.7582
s0081,83,0,74.68592
s0081,84,0,66.53558
s0081,85,0,70.14196
s0081,86,0,58.43511
s0081,87,0,58.594486
s0081,88,0,60.539043
s0081,89,0,58.599705
s0081,90,0,61.1907
s0081,91,0,66.369095
s0081,92,0,65.40196
s0081,93,0,68.64714
s0081,94,0,70.63228
s0081,95,0,73.27782
s0082,0,0,56.240368
s0082,1,0,45.308746
s0082,2,0,43.496147
s0082,3,0,38.636963
s0082,4,0,52.860195
s0082,5,0,54.02418
s0082,6,0,50.336662
s0082,7,0,55.992035
s0082,8,0,64.35877
s0082,9,0,53.150585
s0082,10,0,67.43906
s0082,11,0,67.88118
s0082,12,0,68.372086
s0082,13,0,70.14572
s0082,14,0,65.033295
s0082,15,0,71.06468
s0082,16,0,68.87631
s0082,17,0,67.23323
s0082,18,0,67.821335
s0082,19,0,67.51687
s0082,20,0,69.802284
s0082,21,0,66.98566
s0082,22,0,67.71228
s0082,23,0,70.617744
s0082,24,0,70.98946
s0082,25,0,72.13087
s0082,26,0,69.79711
s0082,27,0,67.097336
s0082,28,0,67.04069
s0082,29,0,68.47069
s0082,30,0,57.191986
s0082,31,0,58.433792
s0082,32,0,57.793324
s0082,33,0,59.884506
s0082,34,0,59.944435
s0082,35,0,46.908283
s0082,36,0,54.243782
s0082,37,0,65.172615
s0082,38,0,58.71084
s0082,39,0,37.108894
s0082,40,0,72.7518
s0082,41,0,42.923576
s0082,42,0,38.37723
s0082,43,0,55.673695
s0082,44,0,53.02934
s0082,45,0,57.715675
s0082,46,0,38.322266
s0082,47,0,53.367065
s0082,48,0,55.17272
s0082,49,0,52.81652
s0082,50,0,52.931652
s0082,51,0,58.641346
s0082,52,0,49.31884
s0082,53,0,46.925777
s0082,54,0,58.92438
s0082,55,0,53.868233
s0082,56,0,50.321392
s0082,57,0,68.06499
s0082,58,0,61.55961
s0082,59,0,64.150665
s0082,60,0,58.284344
s0082,61,0,68.69836
s0082,62,0,67.72795
s0082,63,0,64.74105
s0082,64,0,52.908802
s0082,65,0,72.08224
s0082,66,0,77.462456
s0082,67,0,69.128944
s0082,68,0,66.27583
s0082,69,0,59.82423
s0082,70,0,68.131096
s0082,71,0,66.12255
s0082,72,0,62.031876
s0082,73,0,70.78464
s0082,74,0,76.57187
s0082,75,0,68.019135
s0082,76,0,68.73352
s0082,77,0,72.80909
s0082,78,0,70.962715
s0082,79,0,72.3642
s0082,80,0,72.80008
s0082,81,0,67.19398
s0082,82,0,64.93637
s0082,83,0,69.87235
s0082,84,0,65.22308
s0082,85,0,65.9318
s0082,86,0,60.00492
s0082,87,0,66.05051
s0082,88,0,54.387962
s0082,89,0,54.98717
s0082,90,0,54.15628
s0082,91,0,74.551735
s0082,92,0,63.555584
s0082,93,0,80.78627
s0082,94,0,76.6069
s0082,95,0,71.600494
s0083,0,0,57.588314
s0083,1,0,49.639755
s0083,2,0,41.708508
s0083,3,0,49.25419
s0083,4,0,52.79479
s0083,5,0,52.268093
s0083,6,0,51.685432
s0083,7,0,63.816055
s0083,8,0,55.735252
s0083,9,0,56.84084
s0083,10,0,60.64458
s0083,11,0,62.45193
s0083,12,0,68.49496
s0083,13,0,67.69529
s0083,14,0,69.06155
s0083,15,0,70.54561
s0083,16,0,68.72658
s0083,17,0,62.035683
s0083,18,0,62.74762
s0083,19,0,60.823544
s0083,20,0,69.98487
s0083,21,0,69.92005
s0083,22,0,64.60183
s0083,23,0,58.111023
s0083,24,0,72.90953
s0083,25,0,68.19691
s0083,26,0,73.76199
s0083,27,0,61.966354
s0083,28,0,75.95595
s0083,29,0,70.03277
s0083,30,0,57.739273
s0083,31,0,61.699913
s0083,32,0,64.70759
s0083,33,0,47.857067
s0083,34,0,57.74076
s0083,35,0,61.012966
s0083,36,0,54.27479
s0083,37,0,59.713596
s0083,38,0,59.03089
s0083,39,0,61.15804
s0083,40,0,61.14898
s0083,41,0,53.298687
s0083,42,0,44.24727
s0083,43,0,32.673534
s0083,44,0,48.87097
s0083,45,0,47.233524
s0083,46,0,58.655087
s0083,47,0,62.314453
s0083,48,0,45.61329
s0083,49,0,52.315674
s0083,50,0,51.772373
s0083,51,0,43.522934
s0083,52,0,37.953835
s0083,53,0,50.32913
s0083,54,0,53.092865
s0083,55,0,56.21637
s0083,56,0,51.17238
s0083,57,0,69.64857
s0083,58,0,66.069336
s0083,59,0,64.227196
s0083,60,0,60.329304
s0083,61,0,65.00202
s0083,62,0,72.34843
s0083,63,0,73.41159
s0083,64,0,55.570644
s0083,65,0,74.42563
s0083,66,0,60.72663
s0083,67,0,62.93944
s0083,68,0,71.745705
s0083,69,0,67.050964
s0083,70,0,52.974033
s0083,71,0,61.11158
s0083,72,0,63.49925
s0083,73,0,73.69908
s0083,74,0,80.831566
s0083,75,0,72.99873
s0083,76,0,78.29094
s0083,77,0,69.529305
s0083,78,0,70.79559
s0083,79,0,67.869286
s0083,80,0,66.939354
s0083,81,0,71.53024
s0083,82,0,67.67969
s0083,83,0,59.973576
s0083,84,0,63.5927
s0083,85,0,76.722404
s0083,86,0,76.30596
s0083,87,0,61.021244
s0083,88,0,67.87911
s0083,89,0,63.618896
s0083,90,0,55.43358
s0083,91,0,70.12133
s0083,92,0,64.88464
s0083,93,0,72.951614
s0083,94,0,72.33462
s0083,95,0,64.31179
s0084,0,0,55.37191
s0084,1,0,50.02433
s0084,2,0,38.542458
s0084,3,0,50.606487
s0084,4,0,51.39575
s0084,5,0,47.344116
s0084,6,0,53.319412
s0084,7,0,53.787304
s0084,8,0,66.1202
s0084,9,0,59.979195
s0084,10,0,59.487648
s0084,11,0,70.05887
s0084,12,0,68.5817
s0084,13,0,72.218575
s0084,14,0,57.729683
s0084,15,0,65.35614
s0084,16,0,64.35557
s0084,17,0,68.87738
s0084,18,0,71.21574
s0084,19,0,57.488697
s0084,20,0,60.56516
s0084,21,0,70.95923
s0084,22,0,64.78708
s0084,23,0,65.33493
s0084,24,0,67.5977
s0084,25,0,64.66318
s0084,26,0,76.66016
s0084,27,0,70.90977
s0084,28,0,74.14194
s0084,29,0,67.150276
s0084,30,0,64.241486
s0084,31,0,49.881824
s0084,32,0,59.839676
s0084,33,0,49.355587
s0084,34,0,55.679283
s0084,35,0,53.068806
s0084,36,0,55.833694
s0084,37,0,42.55777
s0084,38,0,55.920403
s0084,39,0,64.82566
s0084,40,0,56.924847
s0084,41,0,52.436417
s0084,42,0,64.47136
s0084,43,0,41.36405
s0084,44,0,44.802402
s0084,45,0,30.701553
s0084,46,0,28.925493
s0084,47,0,66.365295
s0084,48,0,50.633747
s0084,49,0,62.70164
s0084,50,0,45.078037
s0084,51,0,51.371094
s0084,52,0,49.097744
s0084,53,0,42.003094
s0084,54,0,47.751057
s0084,55,0,56.994537
s0084,56,0,64.41429
s0084,57,0,60.7389
s0084,58,0,67.108284
s0084,59,0,65.10185
s0084,60,0,51.83978
s0084,61,0,60.419853
s0084,62,0,72.56363
s0084,63,0,75.11961
s0084,64,0,61.743122
s0084,65,0,65.73276
s0084,66,0,76.14356
s0084,67,0,54.900146
s0084,68,0,68.6219
s0084,69,0,63.7279
s0084,70,0,55.03113
s0084,71,0,64.09784
s0084,72,0,62.89742
s0084,73,0,68.2799
s0084,74,0,68.3906
s0084,75,0,67.47242
s0084,76,0,80.54673
s0084,77,0,79.31498
s0084,78,0,76.95464
s0084,79,0,71.52175
s0084,80,0,69.405975
s0084,81,0,71.70388
s0084,82,0,64.47022
s0084,83,0,70.88683
s0084,84,0,69.52036
s0084,85,0,69.165565
s0084,86,0,61.826355
s0084,87,0,52.91557
s0084,88,0,58.705254
s0084,89,0,66.42276
s0084,90,0,62.705242
s0084,91,0,71.20171
s0084,92,0,78.5607
s0084,93,0,63.349686
s0084,94,0,79.45625
s0084,95,0,62.12403
s0085,0,0,54.212353
s0085,1,0,41.611477
s0085,2,0,33.434933
s0085,3,0,47.662636
s0085,4,0,50.704678
s0085,5,0,50.469757
s0085,6,0,54.311607
s0085,7,0,57.256832
s0085,8,0,56.96755
s0085,9,0,52.787754
s0085,10,0,55.575047
s0085,11,0,75.14494
s0085,12,0,71.621506
s0085,13,0,70.43493
s0085,14,0,64.241264
s0085,15,0,63.333168
s0085,16,0,69.00674
s0085,17,0,63.754124
s0085,18,0,63.516685
s0085,19,0,56.215954
s0085,20,0,60.38711
s0085,21,0,70.78267
s0085,22,0,61.016857
s0085,23,0,72.18022
s0085,24,0,70.265976
s0085,25,0,64.725006
s0085,26,0,66.31946
s0085,27,0,66.911476
s0085,28,0,64.337364
s0085,29,0,67.12816
s0085,30,0,54.92876
s0085,31,0,61.329567
s0085,32,0,58.794224
s0085,33,0,50.091167
s0085,34,0,49.60825
s0085,35,0,72.850716
s0085,36,0,58.010063
s0085,37,0,59.09943
s0085,38,0,63.321598
s0085,39,0,48.802242
s0085,40,0,57.508194
s0085,41,0,44.38753
s0085,42,0,43.724854
s0085,43,0,54.419846
s0085,44,0,65.990585
s0085,45,0,73.15438
s0085,46,0,44.39917
s0085,47,0,48.931927
s0085,48,0,31.470257
s0085,49,0,58.39827
s0085,50,0,45.44068
s0085,51,0,67.677505
s0085,52,0,41.119267
s0085,53,0,59.130688
s0085,54,0,52.731495
s0085,55,0,61.306496
s0085,56,0,51.504765
s0085,57,0,53.809208
s0085,58,0,60.967064
s0085,59,0,66.784935
s0085,60,0,72.28513
s0085,61,0,65.18136
s0085,62,0,75.51784
s0085,63,0,56.955227
s0085,64,0,61.541237
s0085,65,0,74.47936
s0085,66,0,69.336655
s0085,67,0,68.5226
s0085,68,0,62.40625
s0085,69,0,64.208626
s0085,70,0,48.766907
s0085,71,0,58.761826
s0085,72,0,55.052963
s0085,73,0,78.51113
s0085,74,0,70.48153
s0085,75,0,77.56336
s0085,76,0,73.3948
s0085,77,0,65.03952
s0085,78,0,62.42868
s0085,79,0,70.617966
s0085,80,0,67.33583
s0085,81,0,72.816246
s0085,82,0,58.898636
s0085,83,0,70.34886
s0085,84,0,71.69499
s0085,85,0,67.26636
s0085,86,0,62.702934
s0085,87,0,65.03551
s0085,88,0,56.32874
s0085,89,0,59.178165
s0085,90,0,52.08906
s0085,91,0,70.257225
s0085,92,0,70.32215
s0085,93,0,73.96994
s0085,94,0,60.464333
s0085,95,0,71.05095
s0086,0,0,54.050358
s0086,1,0,40.362423
s0086,2,0,49.365303
s0086,3,0,49.271233
s0086,4,0,46.54488
s0086,5,0,51.421204
s0086,6,0,54.955044
s0086,7,0,57.781338
s0086,8,0,62.764904
s0086,9,0,57.471718
s0086,10,0,56.480946
s0086,11,0,71.09433
s0086,12,0,67.53944
s0086,13,0,74.66054
s0086,14,0,75.11885
s0086,15,0,71.32594
s0086,16,0,59.172092
s0086,17,0,64.950134
s0086,18,0,56.77444
s0086,19,0,75.65384
s0086,20,0,68.77944
s0086,21,0,62.211716
s0086,22,0,61.878735
s0086,23,0,62.334766
s0086,24,0,71.30892
s0086,25,0,65.1938
s0086,26,0,80.43635
s0086,27,0,58.479042
s0086,28,0,68.085594
s0086,29,0,71.68945
s0086,30,0,62.182175
s0086,31,0,67.55829
s0086,32,0,57.227375
s0086,33,0,55.42676
s0086,34,0,56.190067
s0086,35,0,52.225574
s0086,36,0,44.69247
s0086,37,0,50.56987
s0086,38,0,50.660454
s0086,39,0,38.025963
s0086,40,0,73.92864
s0086,41,0,46.57766
s0086,42,0,36.510777
s0086,43,0,60.773315
s0086,44,0,47.517773
s0086,45,0,36.31955
s0086,46,0,34.98112
s0086,47,0,36.742813
s0086,48,0,50.082962
s0086,49,0,51.657295
s0086,50,0,39.42846
s0086,51,0,64.659134
s0086,52,0,52.073307
s0086,53,0,55.240437
s0086,54,0,56.70245
s0086,55,0,57.463894
s0086,56,0,62.072334
s0086,57,0,64.325485
s0086,58,0,62.49848
s0086,59,0,67.113625
s0086,60,0,56.762016
s0086,61,0,65.645515
s0086,62,0,74.876114
s0086,63,0,63.984154
s0086,64,0,72.48973
s0086,65,0,72.351585
s0086,66,0,70.28702
s0086,67,0,68.81634
s0086,68,0,74.47311
s0086,69,0,64.822876
s0086,70,0,63.571163
s0086,71,0,66.98977
s0086,72,0,58.30179
s0086,73,0,78.151344
s0086,74,0,69.69361
s0086,75,0,70.39748
s0086,76,0,79.13993
s0086,77,0,79.9427
s0086,78,0,74.451416
s0086,79,0,74.94522
s0086,80,0,76.71914
s0086,81,0,70.21676
s0086,82,0,63.46645
s0086,83,0,67.52453
s0086,84,0,71.60501
s0086,85,0,68.23439
s0086,86,0,69.034355
s0086,87,0,68.9372
s0086,88,0,68.1149
s0086,89,0,66.75268
s0086,90,0,57.238785
s0086,91,0,76.8584
s0086,92,0,63.17635
s0086,93,0,65.05014
s0086,94,0,75.69611
s0086,95,0,83.178795
s0087,0,0,54.38134
s0087,1,0,50.138943
s0087,2,0,42.044064
s0087,3,0,37.927868
s0087,4,0,59.154617
s0087,5,0,50.031235
s0087,6,0,66.442726
s0087,7,0,57.98154
s0087,8,0,61.563366
s0087,9,0,63.12177
s0087,10,0,60.704994
s0087,11,0,65.820915
s0087,12,0,69.56099
s0087,13,0,66.14554
s0087,14,0,67.53415
s0087,15,0,68.98482
s0087,16,0,66.07906
s0087,17,0,66.11902
s0087,18,0,63.713787
s0087,19,0,65.43575
s0087,20,0,70.6085
s0087,21,0,67.678406
s0087,22,0,57.593586
s0087,23,0,72.154015
s0087,24,0,62.56705
s0087,25,0,57.12245
s0087,26,0,70.43844
s0087,27,0,65.466446
s0087,28,0,73.65905
s0087,29,0,59.069405
s0087,30,0,57.253426
s0087,31,0,61.37427
s0087,32,0,55.294952
s0087,33,0,47.317383
s0087,34,0,54.463585
s0087,35,0,49.54902
s0087,36,0,54.490215
s0087,37,0,56.83248
s0087,38,0,51.193516
s0087,39,0,56.472286
s0087,40,0,60.354668
s0087,41,0,54.340256
s0087,42,0,42.740555
s0087,43,0,47.681763
s0087,44,0,57.005238
s0087,45,0,59.708717
s0087,46,0,45.07347
s0087,47,0,52.706963
s0087,48,0,38.4311
s0087,49,0,45.230785
s0087,50,0,40.897247
s0087,51,0,61.87917
s0087,52,0,44.646996
s0087,53,0,47.440857
s0087,54,0,53.217262
s0087,55,0,40.31038
s0087,56,0,59.154858
s0087,57,0,65.04766
s0087,58,0,59.679993
s0087,59,0,62.863846
s0087,60,0,63.79982
s0087,61,0,55.195724
s0087,62,0,63.58361
s0087,63,0,69.64526
s0087,64,0,57.51882
s0087,65,0,60.953693
s0087,66,0,65.538086
s0087,67,0,67.14965
s0087,68,0,64.2934
s0087,69,0,68.96736
s0087,70,0,61.587193
s0087,71,0,68.18793
s0087,72,0,54.394634
s0087,73,0,67.53619
s0087,74,0,66.8951
s0087,75,0,82.623695
s0087,76,0,76.62887
s0087,77,0,66.01964
s0087,78,0,81.78406
s0087,79,0,76.69884
s0087,80,0,64.397064
s0087,81,0,73.67391
s0087,82,0,64.50135
s0087,83,0,67.99025
s0087,84,0,66.64079
s0087,85,0,69.48547
s0087,86,0,64.316765
s0087,87,0,61.016006
s0087,88,0,61.085445
s0087,89,0,60.130253
s0087,90,0,53.499702
s0087,91,0,75.23127
s0087,92,0,64.38476
s0087,93,0,64.12696
s0087,94,0,71.494705
s0087,95,0,72.81708
s0088,0,0,54.222862
s0088,1,0,45.596394
s0088,2,0,36.635094
s0088,3,0,51.074734
s0088,4,0,52.40762
s0088,5,0,54.521328
s0088,6,0,47.47277
s0088,7,0,55.24703
s0088,8,0,69.62495
s0088,9,0,57.66458
s0088,10,0,62.746124
s0088,11,0,69.17467
s0088,12,0,66.351456
s0088,13,0,67.05816
s0088,14,0,70.98598
s0088,15,0,69.304794
s0088,16,0,61.401978
s0088,17,0,58.15253
s0088,18,0,61.582138
s0088,19,0,70.08528
s0088,20,0,68.21013
s0088,21,0,68.20189
s0088,22,0,66.32675
s0088,23,0,60.784985
s0088,24,0,62.310738
s0088,25,0,75.63271
s0088,26,0,65.7419
s0088,27,0,62.297466
s0088,28,0,73.103584
s0088,29,0,76.83319
s0088,30,0,56.502716
s0088,31,0,62.463573
s0088,32,0,55.523205
s0088,33,0,56.810505
s0088,34,0,53.555862
s0088,35,0,38.30322
s0088,36,0,65.16448
s0088,37,0,64.110886
s0088,38,0,63.45753
s0088,39,0,47.092033
s0088,40,0,59.521564
s0088,41,0,64.2688
s0088,42,0,35.73907
s0088,43,0,53.911564
s0088,44,0,26.924318
s0088,45,0,41.91748
s0088,46,0,61.374546
s0088,47,0,29.530628
s0088,48,0,26.514654
s0088,49,0,55.389606
s0088,50,0,46.056114
s0088,51,0,47.703342
s0088,52,0,59.520493
s0088,53,0,59.914307
s0088,54,0,51.422104
s0088,55,0,64.273605
s0088,56,0,72.35343
s0088,57,0,54.98037
s0088,58,0,55.743263
s0088,59,0,58.277233
s0088,60,0,63.48546
s0088,61,0,66.10779
s0088,62,0,80.27307
s0088,63,0,71.36692
s0088,64,0,61.63714
s0088,65,0,70.72236
s0088,66,0,74.10053
s0088,67,0,63.42869
s0088,68,0,66.22615
s0088,69,0,65.08509
s0088,70,0,68.27398
s0088,71,0,48.4069
s0088,72,0,51.985386
s0088,73,0,71.77522
s0088,74,0,70.186325
s0088,75,0,72.50195
s0088,76,0,86.19412
s0088,77,0,74.99342
s0088,78,0,60.455368
s0088,79,0,72.75053
s0088,80,0,63.35177
s0088,81,0,67.67817
s0088,82,0,64.2639
s0088,83,0,77.35222
s0088,84,0,62.70588
s0088,85,0,81.595184
s0088,86,0,64.75986
s0088,87,0,57.50964
s0088,88,0,68.00074
s0088,89,0,64.27339
s0088,90,0,45.091095
s0088,91,0,62.117596
s0088,92,0,67.15872
s0088,93,0,73.64799
s0088,94,0,73.99105
s0088,95,0,61.435616
s0089,0,0,55.22826
s0089,1,0,52.548935
s0089,2,0,34.057564
s0089,3,0,56.228966
s0089,4,0,55.252712
s0089,5,0,57.012627
s0089,6,0,50.557247
s0089,7,0,53.02296
s0089,8,0,68.211784
s0089,9,0,63.796303
s0089,10,0,58.09033
s0089,11,0,66.96683
s0089,12,0,71.07036
s0089,13,0,74.31501
s0089,14,0,66.86559
s0089,15,0,67.04574
s0089,16,0,70.11638
s0089,17,0,68.17181
s0089,18,0,65.91093
s0089,19,0,68.49257
s0089,20,0,69.70394
s0089,21,0,69.766365
s0089,22,0,61.050354
s0089,23,0,73.234856
s0089,24,0,68.75926
s0089,25,0,61.162582
s0089,26,0,67.76428
s0089,27,0,65.60652
s0089,28,0,73.43821
s0089,29,0,66.94436
s0089,30,0,53.804485
s0089,31,0,76.33253
s0089,32,0,56.844967
s0089,33,0,54.174225
s0089,34,0,54.70117
s0089,35,0,58.226913
s0089,36,0,54.498554
s0089,37,0,54.812355
s0089,38,0,52.46594
s0089,39,0,40.822044
s0089,40,0,58.207264
s0089,41,0,53.366287
s0089,42,0,43.8858
s0089,43,0,46.481743
s0089,44,0,59.13868
s0089,45,0,68.301384
s0089,46,0,43.391323
s0089,47,0,31.528934
s0089,48,0,56.56065
s0089,49,0,64.74331
s0089,50,0,43.241817
s0089,51,0,58.425194
s0089,52,0,52.18597
s0089,53,0,52.895252
s0089,54,0,47.64397
s0089,55,0,49.700245
s0089,56,0,53.689106
s0089,57,0,60.987827
s0089,58,0,52.676167
s0089,59,0,66.284515
s0089,60,0,71.75143
s0089,61,0,55.918
s0089,62,0,70.1014
s0089,63,0,67.922226
s0089,64,0,70.49118
s0089,65,0,73.723564
s0089,66,0,65.72162
s0089,67,0,56.927296
s0089,68,0,72.551384
s0089,69,0,59.12744
s0089,70,0,60.16905
s0089,71,0,58.441986
s0089,72,0,67.92452
s0089,73,0,76.42606
s0089,74,0,70.54996
s0089,75,0,77.09352
s0089,76,0,67.47077
s0089,77,0,76.03355
s0089,78,0,72.00314
s0089,79,0,71.39672
s0089,80,0,60.629215
s0089,81,0,69.09275
s0089,82,0,56.465584
s0089,83,0,63.97156
s0089,84,0,70.943695
s0089,85,0,71.64796
s0089,86,0,64.65705
s0089,87,0,72.465614
s0089,88,0,62.89834
s0089,89,0,66.0652
s0089,90,0,49.931812
s0089,91,0,66.922264
s0089,92,0,64.37316
s0089,93,0,67.48155
s0089,94,0,77.226685
s0089,95,0,62.304085
s0090,0,0,56.374382
s0090,1,0,51.151356
s0090,2,0,44.4837
s0090,3,0,50.249924
s0090,4,0,62.271698
s0090,5,0,55.260136
s0090,6,0,49.59046
s0090,7,0,56.58644
s0090,8,0,60.20609
s0090,9,0,61.037464
s0090,10,0,67.384186
s0090,11,0,79.16583
s0090,12,0,74.37099
s0090,13,0,72.25709
s0090,14,0,62.090557
s0090,15,0,60.442932
s0090,16,0,62.986202
s0090,17,0,58.885403
s0090,18,0,51.19616
s0090,19,0,74.97795
s0090,20,0,57.259556
s0090,21,0,62.394894
s0090,22,0,61.38042
s0090,23,0,73.564896
s0090,24,0,66.58719
s0090,25,0,71.74086
s0090,26,0,77.88909
s0090,27,0,66.16344
s0090,28,0,71.645905
s0090,29,0,58.831936
s0090,30,0,53.999435
s0090,31,0,56.227497
s0090,32,0,54.816532
s0090,33,0,58.40652
s0090,34,0,41.309002
s0090,35,0,63.074505
s0090,36,0,61.163437
s0090,37,0,53.31791
s0090,38,0,62.841446
s0090,39,0,52.12458
s0090,40,0,68.41712
s0090,41,0,40.73748
s0090,42,0,26.186485
s0090,43,0,26.859232
s0090,44,0,50.83241
s0090,45,0,46.731873
s0090,46,0,24.090448
s0090,47,0,67.71439
s0090,48,0,48.733887
s0090,49,0,63.806606
s0090,50,0,51.227936
s0090,51,0,48.24543
s0090,52,0,49.048042
s0090,53,0,50.85757
s0090,54,0,42.739273
s0090,55,0,41.313725
s0090,56,0,57.649876
s0090,57,0,63.118378
s0090,58,0,58.441444
s0090,59,0,71.942535
s0090,60,0,58.22393
s0090,61,0,56.632347
s0090,62,0,68.76494
s0090,63,0,69.303635
s0090,64,0,66.22941
s0090,65,0,58.59591
s0090,66,0,70.483925
s0090,67,0,62.187794
s0090,68,0,66.04672
s0090,69,0,55.391758
s0090,70,0,62.20729
s0090,71,0,60.348473
s0090,72,0,67.54626
s0090,73,0,70.344154
s0090,74,0,66.940094
s0090,75,0,75.91664
s0090,76,0,83.050064
s0090,77,0,76.01028
s0090,78,0,67.634575
s0090,79,0,84.66627
s0090,80,0,79.27373
s0090,81,0,72.05149
s0090,82,0,66.40924
s0090,83,0,71.18575
s0090,84,0,67.2719
s0090,85,0,72.187355
s0090,86,0,62.105755
s0090,87,0,62.185204
s0090,88,0,56.312614
s0090,89,0,61.17096
s0090,90,0,53.327095
s0090,91,0,71.40743
s0090,92,0,62.53402
s0090,93,0,80.613655
s0090,94,0,63.251812
s0090,95,0,63.659286
s0091,0,0,59.26223
s0091,1,0,52.45358
s0091,2,0,48.240116
s0091,3,0,37.037567
s0091,4,0,63.390182
s0091,5,0,49.875317
s0091,6,0,52.844627
s0091,7,0,55.048103
s0091,8,0,58.868206
s0091,9,0,62.50454
s0091,10,0,58.32058
s0091,11,0,64.69713
s0091,12,0,62.653458
s0091,13,0,71.307724
s0091,14,0,56.344208
s0091,15,0,70.22605
s0091,16,0,63.329533
s0091,17,0,58.443474
s0091,18,0,70.173645
s0091,19,0,64.12276
s0091,20,0,64.09384
s0091,21,0,66.44876
s0091,22,0,65.0401
s0091,23,0,66.382774
s0091,24,0,74.4698
s0091,25,0,69.72898
s0091,26,0,67.92693
s0091,27,0,63.695915
s0091,28,0,72.102516
s0091,29,0,68.247574
s0091,30,0,63.160515
s0091,31,0,68.999245
s0091,32,0,60.92085
s0091,33,0,51.767845
s0091,34,0,50.965797
s0091,35,0,48.60228
s0091,36,0,49.573578
s0091,37,0,37.85483
s0091,38,0,59.519024
s0091,39,0,55.9437
s0091,40,0,53.6098
s0091,41,0,68.96618
s0091,42,0,46.170753
s0091,43,0,64.0892
s0091,44,0,63.720547
s0091,45,0,31.887337
s0091,46,0,31.586563
s0091,47,0,47.26313
s0091,48,0,41.70814
s0091,49,0,40.742676
s0091,50,0,54.84216
s0091,51,0,54.58766
s0091,52,0,54.49744
s0091,53,0,44.139965
s0091,54,0,49.70319
s0091,55,0,53.159622
s0091,56,0,60.70576
s0091,57,0,71.71637
s0091,58,0,56.090122
s0091,59,0,57.101532
s0091,60,0,59.879295
s0091,61,0,62.927616
s0091,62,0,71.98352
s0091,63,0,83.1085
s0091,64,0,70.972115
s0091,65,0,64.66198
s0091,66,0,69.53748
s0091,67,0,64.47156
s0091,68,0,67.14627
s0091,69,0,60.38435
s0091,70,0,65.305374
s0091,71,0,64.31888
s0091,72,0,66.39834
s0091,73,0,73.42504
s0091,74,0,70.11615
s0091,75,0,69.31875
s0091,76,0,72.701836
s0091,77,0,64.5922
s0091,78,0,82.41231
s0091,79,0,63.487007
s0091,80,0,70.18259
s0091,81,0,70.25419
s0091,82,0,62.917103
s0091,83,0,64.58919
s0091,84,0,68.80639
s0091,85,0,76.78536
s0091,86,0,59.936375
s0091,87,0,59.99478
s0091,88,0,59.69176
s0091,89,0,64.93662
s0091,90,0,59.110275
s0091,91,0,60.912384
s0091,92,0,73.51803
s0091,93,0,74.8912
s0091,94,0,74.46826
s0091,95,0,75.22624
s0092,0,0,53.439873
s0092,1,0,43.02951
s0092,2,0,53.468525
s0092,3,0,49.286716
s0092,4,0,48.045288
s0092,5,0,56.782574
s0092,6,0,53.858356
s0092,7,0,54.55821
s0092,8,0,60.627563
s0092,9,0,61.465324
s0092,10,0,52.47872
s0092,11,0,66.93534
s0092,12,0,63.381954
s0092,13,0,66.66057
s0092,14,0,69.54431
s0092,15,0,67.67295
s0092,16,0,74.79687
s0092,17,0,70.10679
s0092,18,0,52.91343
s0092,19,0,64.03493
s0092,20,0,69.068214
s0092,21,0,69.518684
s0092,22,0,68.619415
s0092,23,0,65.30465
s0092,24,0,78.856186
s0092,25,0,69.32636
s0092,26,0,69.64017
s0092,27,0,67.31835
s0092,28,0,74.65736
s0092,29,0,64.25893
s0092,30,0,64.747925
s0092,31,0,64.90075
s0092,32,0,61.002987
s0092,33,0,55.99193
s0092,34,0,55.784107
s0092,35,0,54.655754
s0092,36,0,49.481953
s0092,37,0,62.565258
s0092,38,0,61.1491
s0092,39,0,56.094494
s0092,40,0,65.01678
s0092,41,0,47.94332
s0092,42,0,57.0408
s0092,43,0,31.934713
s0092,44,0,48.651062
s0092,45,0,78.42985
s0092,46,0,18.637077
s0092,47,0,42.186913
s0092,48,0,58.889156
s0092,49,0,38.62677
s0092,50,0,59.74874
s0092,51,0,50.37606
s0092,52,0,56.360504
s0092,53,0,65.99527
s0092,54,0,56.103767
s0092,55,0,58.838703
s0092,56,0,65.7315
s0092,57,0,63.478153
s0092,58,0,56.366104
s0092,59,0,64.254684
s0092,60,0,65.801575
s0092,61,0,66.37293
s0092,62,0,69.30795
s0092,63,0,71.3059
s0092,64,0,54.946938
s0092,65,0,58.657116
s0092,66,0,63.711243
s0092,67,0,63.248283
s0092,68,0,64.00106
s0092,69,0,56.466152
s0092,70,0,52.253548
s0092,71,0,60.964157
s0092,72,0,53.07401
s0092,73,0,75.24374
s0092,74,0,76.87386
s0092,75,0,65.92633
s0092,76,0,76.08734
s0092,77,0,69.52475
s0092,78,0,67.10122
s0092,79,0,80.28672
s0092,80,0,73.51581
s0092,81,0,70.18073
s0092,82,0,71.46941
s0092,83,0,65.12453
s0092,84,0,66.482735
s0092,85,0,68.53116
s0092,86,0,68.89899
s0092,87,0,63.66803
s0092,88,0,61.3359
s0092,89,0,63.94528
s0092,90,0,62.46981
s0092,91,0,75.52679
s0092,92,0,75.74002
s0092,93,0,68.47015
s0092,94,0,60.286396
s0092,95,0,80.02626
s0093,0,0,53.9766
s0093,1,0,52.76003
s0093,2,0,41.79446
s0093,3,0,49.51475
s0093,4,0,47.576725
s0093,5,0,60.24988
s0093,6,0,51.596363
s0093,7,0,49.993465
s0093,8,0,55.60042
s0093,9,0,62.0608
s0093,10,0,64.40167
s0093,11,0,64.21499
s0093,12,0,69.09568
s0093,13,0,67.17676
s0093,14,0,66.3455
s0093,15,0,69.99937
s0093,16,0,70.08261
s0093,17,0,65.742455
s0093,18,0,65.93542
s0093,19,0,59.812527
s0093,20,0,67.65137
s0093,21,0,62.088
s0093,22,0,58.698723
s0093,23,0,70.68914
s0093,24,0,69.30573
s0093,25,0,61.27116
s0093,26,0,65.42331
s0093,27,0,55.50279
s0093,28,0,77.90596
s0093,29,0,64.822876
s0093,30,0,59.67565
s0093,31,0,65.45171
s0093,32,0,50.690292
s0093,33,0,52.34732
s0093,34,0,47.336018
s0093,35,0,52.05362
s0093,36,0,59.99072
s0093,37,0,58.390533
s0093,38,0,54.149395
s0093,39,0,54.022606
s0093,40,0,65.24589
s0093,41,0,57.400925
s0093,42,0,59.596016
s0093,43,0,57.760403
s0093,44,0,39.21781
s0093,45,0,55.941395
s0093,46,0,37.20589
s0093,47,0,44.165947
s0093,48,0,39.701576
s0093,49,0,45.590645
s0093,50,0,51.595867
s0093,51,0,61.864193
s0093,52,0,46.632946
s0093,53,0,56.46809
s0093,54,0,61.486843
s0093,55,0,54.949066
s0093,56,0,63.349445
s0093,57,0,63.848255
s0093,58,0,60.843327
s0093,59,0,64.098694
s0093,60,0,64.83841
s0093,61,0,63.553646
s0093,62,0,72.187996
s0093,63,0,71.70766
s0093,64,0,66.527885
s0093,65,0,64.041664
s0093,66,0,68.32108
s0093,67,0,63.624783
s0093,68,0,61.11867
s0093,69,0,58.692997
s0093,70,0,57.661583
s0093,71,0,60.434284
s0093,72,0,56.060684
s0093,73,0,61.374123
s0093,74,0,74.48734
s0093,75,0,81.98755
s0093,76,0,69.45269
s0093,77,0,67.432686
s0093,78,0,76.6791
s0093,79,0,65.52007
s0093,80,0,62.747307
s0093,81,0,74.6252
s0093,82,0,66.59415
s0093,83,0,67.12692
s0093,84,0,56.08409
s0093,85,0,79.649
s0093,86,0,62.241993
s0093,87,0,68.72797
s0093,88,0,59.725525
s0093,89,0,64.049324
s0093,90,0,57.34789
s0093,91,0,75.57731
s0093,92,0,73.05813
s0093,93,0,79.43881
s0093,94,0,79.854965
s0093,95,0,72.054565
s0094,0,0,53.038296
s0094,1,0,48.522778
s0094,2,0,56.233776
s0094,3,0,50.582798
s0094,4,0,50.84932
s0094,5,0,56.107307
s0094,6,0,52.871983
s0094,7,0,66.79402
s0094,8,0,60.317123
s0094,9,0,67.44064
s0094,10,0,55.62529
s0094,11,0,67.44794
s0094,12,0,64.884476
s0094,13,0,65.26441
s0094,14,0,61.303146
s0094,15,0,70.935455
s0094,16,0,53.171513
s0094,17,0,66.195465
s0094,18,0,62.58325
s0094,19,0,63.888615
s0094,20,0,73.221115
s0094,21,0,62.414196
s0094,22,0,63.457546
s0094,23,0,61.6039
s0094,24,0,63.794197
s0094,25,0,76.283745
s0094,26,0,72.63011
s0094,27,0,69.67425
s0094,28,0,66.96047
s0094,29,0,78.84789
s0094,30,0,63.02526
s0094,31,0,55.47355
s0094,32,0,60.518913
s0094,33,0,63.69602
s0094,34,0,43.628872
s0094,35,0,56.504406
s0094,36,0,48.482483
s0094,37,0,60.559315
s0094,38,0,59.874985
s0094,39,0,48.876995
s0094,40,0,59.405594
s0094,41,0,64.0029
s0094,42,0,56.649483
s0094,43,0,41.716877
s0094,44,0,64.72177
s0094,45,0,37.8005
s0094,46,0,31.962156
s0094,47,0,54.419632
s0094,48,0,49.4676
s0094,49,0,46.0479
s0094,50,0,43.676132
s0094,51,0,50.848286
s0094,52,0,42.71405
s0094,53,0,36.835938
s0094,54,0,52.824055
s0094,55,0,69.24299
s0094,56,0,64.30976
s0094,57,0,51.286686
s0094,58,0,61.57561
s0094,59,0,64.304924
s0094,60,0,65.03643
s0094,61,0,57.750095
s0094,62,0,65.938095
s0094,63,0,67.74385
s0094,64,0,62.87611
s0094,65,0,59.734257
s0094,66,0,60.017445
s0094,67,0,70.35163
s0094,68,0,60.008755
s0094,69,0,63.743626
s0094,70,0,50.926228
s0094,71,0,72.852554
s0094,72,0,65.93993
s0094,73,0,65.065506
s0094,74,0,73.05514
s0094,75,0,75.4802
s0094,76,0,68.50118
s0094,77,0,63.88774
s0094,78,0,66.26432
s0094,79,0,65.03166
s0094,80,0,68.13261
s0094,81,0,75.2734
s0094,82,0,68.09122
s0094,83,0,77.82363
s0094,84,0,67.24378
s0094,85,0,73.676476
s0094,86,0,69.955864
s0094,87,0,60.78073
s0094,88,0,70.51663
s0094,89,0,58.620182
s0094,90,0,54.59689
s0094,91,0,68.95156
s0094,92,0,60.5197
s0094,93,0,69.14481
s0094,94,0,64.87511
s0094,95,0,75.48483
s0095,0,0,56.927834
s0095,1,0,46.80421
s0095,2,0,55.654205
s0095,3,0,38.921604
s0095,4,0,49.555187
s0095,5,0,47.064564
s0095,6,0,40.680428
s0095,7,0,57.85723
s0095,8,0,62.383694
s0095,9,0,63.570305
s0095,10,0,57.464706
s0095,11,0,65.92208
s0095,12,0,68.84686
s0095,13,0,75.31143
s0095,14,0,64.63413
s0095,15,0,72.372055
s0095,16,0,60.233948
s0095,17,0,70.68338
s0095,18,0,72.09532
s0095,19,0,58.08142
s0095,20,0,65.24528
s0095,21,0,60.872528
s0095,22,0,64.452965
s0095,23,0,71.913666
s0095,24,0,65.486534
s0095,25,0,72.64647
s0095,26,0,78.58269
s0095,27,0,60.51422
s0095,28,0,71.63503
s0095,29,0,60.890594
s0095,30,0,61.262836
s0095,31,0,67.9545
s0095,32,0,62.70529
s0095,33,0,49.519516
s0095,34,0,43.96125
s0095,35,0,57.901417
s0095,36,0,60.162594
s0095,37,0,68.54796
s0095,38,0,53.260113
s0095,39,0,51.89735
s0095,40,0,61.334927
s0095,41,0,38.64713
s0095,42,0,31.879824
s0095,43,0,52.341698
s0095,44,0,61.659794
s0095,45,0,41.32293
s0095,46,0,22.258755
s0095,47,0,61.197613
s0095,48,0,39.806076
s0095,49,0,42.39388
s0095,50,0,44.92542
s0095,51,0,51.70506
s0095,52,0,56.59409
s0095,53,0,46.62695
s0095,54,0,47.7533
s0095,55,0,52.598206
s0095,56,0,55.093956
s0095,57,0,70.58791
s0095,58,0,52.061726
s0095,59,0,60.146904
s0095,60,0,63.04755
s0095,61,0,63.595493
s0095,62,0,69.07662
s0095,63,0,67.22236
s0095,64,0,75.56082
s0095,65,0,62.81971
s0095,66,0,59.524452
s0095,67,0,58.443253
s0095,68,0,69.659065
s0095,69,0,63.370327
s0095,70,0,57.72543
s0095,71,0,53.90514
s0095,72,0,61.2484
s0095,73,0,67.32114
s0095,74,0,83.43598
s0095,75,0,63.334347
s0095,76,0,66.66107
s0095,77,0,63.04688
s0095,78,0,66.36893
s0095,79,0,78.016495
s0095,80,0,69.866875
s0095,81,0,69.148705
s0095,82,0,69.180756
s0095,83,0,61.660686
s0095,84,0,71.589485
s0095,85,0,73.80952
s0095,86,0,64.27922
s0095,87,0,61.03869
s0095,88,0,59.029655
s0095,89,0,59.740993
s0095,90,0,66.82506
s0095,91,0,68.75762
s0095,92,0,69.496735
s0095,93,0,61.69776
s0095,94,0,70.38119
s0095,95,0,78.19659
s0096,0,0,58.795097
s0096,1,0,44.09856
s0096,2,0,46.373398
s0096,3,0,53.71448
s0096,4,0,52.604866
s0096,5,0,56.701553
s0096,6,0,56.350082
s0096,7,0,62.511215
s0096,8,0,60.45405
s0096,9,0,49.82954
s0096,10,0,61.41087
s0096,11,0,62.095993
s0096,12,0,64.61394
s0096,13,0,59.626514
s0096,14,0,65.401344
s0096,15,0,70.18761
s0096,16,0,68.701904
s0096,17,0,70.376945
s0096,18,0,62.238197
s0096,19,0,61.15702
s0096,20,0,71.76061
s0096,21,0,64.96367
s0096,22,0,69.91308
s0096,23,0,66.25297
s0096,24,0,69.49968
s0096,25,0,64.54684
s0096,26,0,73.38727
s0096,27,0,67.20853
s0096,28,0,70.75402
s0096,29,0,72.671906
s0096,30,0,45.731014
s0096,31,0,69.25114
s0096,32,0,66.69082
s0096,33,0,45.31125
s0096,34,0,38.98063
s0096,35,0,48.06461
s0096,36,0,52.26369
s0096,37,0,62.88442
s0096,38,0,56.36869
s0096,39,0,51.350376
s0096,40,0,65.503456
s0096,41,0,45.95261
s0096,42,0,47.124878
s0096,43,0,39.159367
s0096,44,0,52.74876
s0096,45,0,62.65292
s0096,46,0,46.23142
s0096,47,0,50.17453
s0096,48,0,45.19491
s0096,49,0,67.30062
s0096,50,0,37.161236
s0096,51,0,50.967335
s0096,52,0,32.81929
s0096,53,0,62.801224
s0096,54,0,49.847237
s0096,55,0,55.417625
s0096,56,0,57.896717
s0096,57,0,54.988018
s0096,58,0,50.050686
s0096,59,0,65.919014
s0096,60,0,66.473305
s0096,61,0,64.66908
s0096,62,0,80.7253
s0096,63,0,74.117645
s0096,64,0,66.517525
s0096,65,0,58.7223
s0096,66,0,66.4386
s0096,67,0,59.80923
s0096,68,0,61.560535
s0096,69,0,68.11907
s0096,70,0,52.28723
s0096,71,0,62.55096
s0096,72,0,61.82078
s0096,73,0,68.73109
s0096,74,0,74.91658
s0096,75,0,78.499245
s0096,76,0,64.8147
s0096,77,0,67.71175
s0096,78,0,68.48985
s0096,79,0,73.896484
s0096,80,0,69.177025
s0096,81,0,80.91326
s0096,82,0,68.138306
s0096,83,0,62.027542
s0096,84,0,68.95945
s0096,85,0,75.67891
s0096,86,0,63.309273
s0096,87,0,57.714024
s0096,88,0,62.86333
s0096,89,0,60.638126
s0096,90,0,61.412487
s0096,91,0,71.58638
s0096,92,0,72.09762
s0096,93,0,78.91717
s0096,94,0,72.82421
s0096,95,0,66.71425
s0097,0,0,50.302082
s0097,1,0,50.242245
s0097,2,0,39.53081
s0097,3,0,38.0009
s0097,4,0,53.91143
s0097,5,0,52.859753
s0097,6,0,49.307312
s0097,7,0,57.423447
s0097,8,0,56.57966
s0097,9,0,62.018906
s0097,10,0,56.30098
s0097,11,0,64.29926
s0097,12,0,72.60664
s0097,13,0,69.36634
s0097,14,0,73.51147
s0097,15,0,67.33834
s0097,16,0,65.28005
s0097,17,0,66.33859
s0097,18,0,72.97239
s0097,19,0,68.12317
s0097,20,0,66.46869
s0097,21,0,57.786335
s0097,22,0,57.59276
s0097,23,0,59.289024
s0097,24,0,69.823746
s0097,25,0,74.410355
s0097,26,0,73.58831
s0097,27,0,61.297504
s0097,28,0,66.25696
s0097,29,0,65.89883
s0097,30,0,60.640785
s0097,31,0,62.898155
s0097,32,0,64.522675
s0097,33,0,59.951942
s0097,34,0,40.157524
s0097,35,0,61.490776
s0097,36,0,48.229176
s0097,37,0,62.441105
s0097,38,0,57.412277
s0097,39,0,48.74442
s0097,40,0,70.02296
s0097,41,0,46.79404
s0097,42,0,47.039185
s0097,43,0,55.471184
s0097,44,0,27.9695
s0097,45,0,67.8451
s0097,46,0,56.26406
s0097,47,0,56.922752
s0097,48,0,46.734943
s0097,49,0,37.776676
s0097,50,0,62.01665
s0097,51,0,55.40853
s0097,52,0,47.93235
s0097,53,0,49.211575
s0097,54,0,62.710262
s0097,55,0,62.42954
s0097,56,0,62.870804
s0097,57,0,58.160652
s0097,58,0,53.092552
s0097,59,0,65.913475
s0097,60,0,70.44099
s0097,61,0,62.75168
s0097,62,0,71.40106
s0097,63,0,72.97178
s0097,64,0,67.63587
s0097,65,0,59.833366
s0097,66,0,68.73656
s0097,67,0,71.08333
s0097,68,0,71.02214
s0097,69,0,62.92386
s0097,70,0,61.330566
s0097,71,0,52.092445
s0097,72,0,54.593323
s0097,73,0,58.752125
s0097,74,0,77.48768
s0097,75,0,75.73863
s0097,76,0,71.389694
s0097,77,0,69.28425
s0097,78,0,72.37323
s0097,79,0,78.65998
s0097,80,0,67.09556
s0097,81,0,68.4348
s0097,82,0,64.46541
s0097,83,0,62.16161
s0097,84,0,74.31767
s0097,85,0,67.599205
s0097,86,0,63.55105
s0097,87,0,56.825775
s0097,88,0,58.268158
s0097,89,0,70.63175
s0097,90,0,55.50171
s0097,91,0,71.84688
s0097,92,0,62.34593
s0097,93,0,76.30611
s0097,94,0,72.03392
s0097,95,0,71.48289
s0098,0,0,58.45491
s0098,1,0,48.131386
s0098,2,0,44.97029
s0098,3,0,40.01595
s0098,4,0,55.36178
s0098,5,0,52.837772
s0098,6,0,38.185352
s0098,7,0,47.43323
s0098,8,0,61.263443
s0098,9,0,63.11478
s0098,10,0,50.024807
s0098,11,0,65.656395
s0098,12,0,63.576584
s0098,13,0,64.62593
s0098,14,0,72.06502
s0098,15,0,89.9845
s0098,16,0,66.47954
s0098,17,0,60.05487
s0098,18,0,67.96732
s0098,19,0,53.240604
s0098,20,0,59.059834
s0098,21,0,63.32219
s0098,22,0,65.01311
s0098,23,0,64.60071
s0098,24,0,72.873344
s0098,25,0,70.6134
s0098,26,0,89.19653
s0098,27,0,70.50794
s0098,28,0,74.54594
s0098,29,0,75.39637
s0098,30,0,57.357815
s0098,31,0,67.80084
s0098,32,0,55.12818
s0098,33,0,50.44486
s0098,34,0,57.536293
s0098,35,0,56.185986
s0098,36,0,51.40251
s0098,37,0,59.025894
s0098,38,0,62.64852
s0098,39,0,52.855404
s0098,40,0,62.732254
s0098,41,0,49.887062
s0098,42,0,53.708168
s0098,43,0,51.21137
s0098,44,0,47.9912
s0098,45,0,60.945747
s0098,46,0,26.338882
s0098,47,0,55.286232
s0098,48,0,46.26443
s0098,49,0,38.22863
s0098,50,0,39.26519
s0098,51,0,58.4213
s0098,52,0,59.420265
s0098,53,0,57.778667
s0098,54,0,51.625957
s0098,55,0,58.813847
s0098,56,0,64.99227
s0098,57,0,57.667454
s0098,58,0,61.269985
s0098,59,0,67.18428
s0098,60,0,59.337856
s0098,61,0,62.09064
s0098,62,0,61.641895
s0098,63,0,76.00684
s0098,64,0,66.857796
s0098,65,0,65.20489
s0098,66,0,66.13406
s0098,67,0,67.74868
s0098,68,0,71.18379
s0098,69,0,70.238625
s0098,70,0,66.528145
s0098,71,0,54.56353
s0098,72,0,61.420162
s0098,73,0,70.42487
s0098,74,0,80.64043
s0098,75,0,70.80904
s0098,76,0,69.98683
s0098,77,0,65.35611
s0098,78,0,74.96074
s0098,79,0,62.659576
s0098,80,0,70.78767
s0098,81,0,76.34626
s0098,82,0,67.190994
s0098,83,0,60.958244
s0098,84,0,64.647255
s0098,85,0,73.476616
s0098,86,0,52.757248
s0098,87,0,57.147465
s0098,88,0,60.17094
s0098,89,0,74.46782
s0098,90,0,54.68826
s0098,91,0,67.8391
s0098,92,0,60.62423
s0098,93,0,71.81228
s0098,94,0,63.30029
s0098,95,0,66.717705
s0099,0,0,41.11567
s0099,1,0,39.296566
s0099,2,0,52.530853
s0099,3,0,46.28993
s0099,4,0,50.513924
s0099,5,0,48.655403
s0099,6,0,50.043068
s0099,7,0,56.42443
s0099,8,0,58.46053
s0099,9,0,65.45186
s0099,10,0,55.087696
s0099,11,0,70.71043
s0099,12,0,64.20144
s0099,13,0,64.83973
s0099,14,0,68.31729
s0099,15,0,81.28708
s0099,16,0,70.974754
s0099,17,0,60.704403
s0099,18,0,66.1113
s0099,19,0,66.42466
s0099,20,0,57.751186
s0099,21,0,67.63989
s0099,22,0,53.925945
s0099,23,0,67.97605
s0099,24,0,60.26343
s0099,25,0,72.516556
s0099,26,0,74.40222
s0099,27,0,58.07552
s0099,28,0,78.05387
s0099,29,0,66.19585
s0099,30,0,60.970886
s0099,31,0,60.431133
s0099,32,0,58.538055
s0099,33,0,46.311386
s0099,34,0,62.54292
s0099,35,0,57.08053
s0099,36,0,57.48255
s0099,37,0,47.351463
s0099,38,0,61.993423
s0099,39,0,53.586285
s0099,40,0,53.466522
s0099,41,0,58.95375
s0099,42,0,39.84776
s0099,43,0,49.756874
s0099,44,0,53.160503
s0099,45,0,52.550613
s0099,46,0,48.3841
s0099,47,0,54.19488
s0099,48,0,22.817564
s0099,49,0,47.716415
s0099,50,0,57.150486
s0099,51,0,59.72984
s0099,52,0,48.541367
s0099,53,0,49.472363
s0099,54,0,57.582966
s0099,55,0,46.778893
s0099,56,0,61.29412
s0099,57,0,63.69481
s0099,58,0,49.107044
s0099,59,0,66.49437
s0099,60,0,60.147312
s0099,61,0,55.632294
s0099,62,0,68.070496
s0099,63,0,65.55911
s0099,64,0,57.594975
s0099,65,0,64.69304
s0099,66,0,73.61597
s0099,67,0,66.54176
s0099,68,0,76.92854
s0099,69,0,70.80398
s0099,70,0,58.744442
s0099,71,0,59.112804
s0099,72,0,68.06155
s0099,73,0,64.57263
s0099,74,0,70.06429
s0099,75,0,75.34186
s0099,76,0,70.08194
s0099,77,0,72.802444
s0099,78,0,70.05773
s0099,79,0,74.6144
s0099,80,0,64.17136
s0099,81,0,68.76956
s0099,82,0,62.772854
s0099,83,0,76.15402
s0099,84,0,64.44709
s0099,85,0,72.30223
s0099,86,0,63.85726
s0099,87,0,63.179543
s0099,88,0,62.829975
s0099,89,0,57.8169
s0099,90,0,61.0003
s0099,91,0,75.79968
s0099,92,0,74.54425
s0099,93,0,74.6362
s0099,94,0,69.743965
s0099,95,0,62.055878
s0100,0,0,56.094784
s0100,1,0,46.78825
s0100,2,0,32.664165
s0100,3,0,47.536873
s0100,4,0,54.570866
s0100,5,0,46.332935
s0100,6,0,50.332184
s0100,7,0,48.53258
s0100,8,0,56.9076
s0100,9,0,65.381714
s0100,10,0,56.895107
s0100,11,0,64.19724
s0100,12,0,59.77267
s0100,13,0,62.97833
s0100,14,0,63.649075
s0100,15,0,82.378586
s0100,16,0,68.318825
s0100,17,0,69.61042
s0100,18,0,62.52375
s0100,19,0,72.679886
s0100,20,0,65.97068
s0100,21,0,61.513786
s0100,22,0,58.17612
s0100,23,0,65.06044
s0100,24,0,68.59312
s0100,25,0,69.58783
s0100,26,0,68.76558
s0100,27,0,64.1169
s0100,28,0,64.00984
s0100,29,0,70.23974
s0100,30,0,56.692757
s0100,31,0,67.71607
s0100,32,0,54.944527
s0100,33,0,53.78614
s0100,34,0,61.75892
s0100,35,0,67.06328
s0100,36,0,52.516987
s0100,37,0,54.107426
s0100,38,0,50.681652
s0100,39,0,45.38797
s0100,40,0,78.2191
s0100,41,0,63.292484
s0100,42,0,51.878483
s0100,43,0,48.836346
s0100,44,0,60.02121
s0100,45,0,30.815237
s0100,46,0,24.484623
s0100,47,0,36.47856
s0100,48,0,41.121174
s0100,49,0,57.39599
s0100,50,0,53.854
s0100,51,0,32.334045
s0100,52,0,55.11201
s0100,53,0,59.265465
s0100,54,0,57.357986
s0100,55,0,59.837723
s0100,56,0,53.12419
s0100,57,0,51.880627
s0100,58,0,62.07731
s0100,59,0,59.722168
s0100,60,0,61.144203
s0100,61,0,52.124023
s0100,62,0,64.19538
s0100,63,0,64.86793
s0100,64,0,60.074463
s0100,65,0,67.2313
s0100,66,0,61.21168
s0100,67,0,69.866486
s0100,68,0,60.932575
s0100,69,0,65.73771
s0100,70,0,63.587532
s0100,71,0,63.214634
s0100,72,0,53.54101
s0100,73,0,72.65
s0100,74,0,81.44662
s0100,75,0,78.219795
s0100,76,0,77.15252
s0100,77,0,78.20583
s0100,78,0,62.129025
s0100,79,0,71.19837
s0100,80,0,73.346054
s0100,81,0,80.01706
s0100,82,0,75.00314
s0100,83,0,66.226006
s0100,84,0,69.48789
s0100,85,0,69.84718
s0100,86,0,57.552685
s0100,87,0,58.904114
s0100,88,0,65.714935
s0100,89,0,58.520844
s0100,90,0,58.49912
s0100,91,0,66.23294
s0100,92,0,66.0842
s0100,93,0,65.15175
s0100,94,0,66.7808
s0100,95,0,64.64174
s0001,0,0,58.738525
s0001,1,0,52.049683
s0001,2,0,51.14266
s0001,3,0,43.600643
s0001,4,0,51.017216
s0001,5,0,59.3602
s0001,6,0,50.291107
s0001,7,0,54.525913
s0001,8,0,54.439323
s0001,9,0,61.158077
s0001,10,0,61.847942
s0001,11,0,61.127884
s0001,12,0,67.49517
s0001,13,0,65.95199
s0001,14,0,70.86941
s0001,15,0,67.69666
s0001,16,0,62.256718
s0001,17,0,63.592335
s0001,18,0,68.882904
s0001,19,0,67.00067
s0001,20,0,70.1546
s0001,21,0,68.53458
s0001,22,0,64.65357
s0001,23,0,65.037346
s0001,24,0,67.95683
s0001,25,0,68.88668
s0001,26,0,57.483227
s0001,27,0,67.69831
s0001,28,0,66.7971
s0001,29,0,71.37226
s0001,30,0,61.51942
s0001,31,0,56.90046
s0001,32,0,60.389473
s0001,33,0,50.578693
s0001,34,0,56.1669
s0001,35,0,71.118
s0001,36,0,56.543438
s0001,37,0,62.28501
s0001,38,0,49.357693
s0001,39,0,49.315228
s0001,40,0,62.358875
s0001,41,0,46.375477
s0001,42,0,43.89114
s0001,43,0,72.43005
s0001,44,0,38.520866
s0001,45,0,57.11468
s0001,46,0,17.834661
s0001,47,0,36.60935
s0001,48,0,50.74083
s0001,49,0,70.34851
s0001,50,0,46.623
s0001,51,0,59.190567
s0001,52,0,54.134026
s0001,53,0,53.33657
s0001,54,0,45.643326
s0001,55,0,53.721283
s0001,56,0,62.39176
s0001,57,0,66.02844
s0001,58,0,61.922825
s0001,59,0,69.20593
s0001,60,0,59.670174
s0001,61,0,53.86131
s0001,62,0,69.90615
s0001,63,0,69.48679
s0001,64,0,61.56744
s0001,65,0,62.048054
s0001,66,0,77.373505
s0001,67,0,63.68642
s0001,68,0,64.75433
s0001,69,0,62.193233
s0001,70,0,44.59371
s0001,71,0,62.75787
s0001,72,0,73.7543
s0001,73,0,74.8507
s0001,74,0,71.87845
s0001,75,0,70.88851
s0001,76,0,77.2324
s0001,77,0,73.14673
s0001,78,0,76.11623
s0001,79,0,71.69567
s0001,80,0,74.32432
s0001,81,0,72.82754
s0001,82,0,61.82175
s0001,83,0,55.957428
s0001,84,0,69.201225
s0001,85,0,71.88276
s0001,86,0,62.094143
s0001,87,0,61.037834
s0001,88,0,74.261284
s0001,89,0,69.41712
s0001,90,0,59.779064
s0001,91,0,72.35671
s0001,92,0,64.97765
s0001,93,0,77.01801
s0001,94,0,65.85206
s0001,95,0,65.67905
s0002,0,0,51.29575
s0002,1,0,43.765854
s0002,2,0,34.993214
s0002,3,0,35.907547
s0002,4,0,55.56405
s0002,5,0,51.758167
s0002,6,0,59.883797
s0002,7,0,59.777813
s0002,8,0,58.281845
s0002,9,0,54.420937
s0002,10,0,69.32506
s0002,11,0,69.389915
s0002,12,0,62.91394
s0002,13,0,72.94076
s0002,14,0,64.822975
s0002,15,0,69.3904
s0002,16,0,68.36431
s0002,17,0,60.23374
s0002,18,0,63.312996
s0002,19,0,67.173874
s0002,20,0,66.52165
s0002,21,0,57.661354
s0002,22,0,65.0694
s0002,23,0,51.053173
s0002,24,0,59.518646
s0002,25,0,59.777103
s0002,26,0,67.09124
s0002,27,0,59.927437
s0002,28,0,71.74844
s0002,29,0,74.00789
s0002,30,0,61.147972
s0002,31,0,58.649574
s0002,32,0,58.64624
s0002,33,0,55.283653
s0002,34,0,55.60906
s0002,35,0,56.321453
s0002,36,0,55.627716
s0002,37,0,55.903275
s0002,38,0,48.43977
s0002,39,0,64.37924
s0002,40,0,69.352
s0002,41,0,46.32806
s0002,42,0,45.84522
s0002,43,0,37.73398
s0002,44,0,25.239862
s0002,45,0,47.973743
s0002,46,0,42.447014
s0002,47,0,50.41299
s0002,48,0,49.77222
s0002,49,0,51.067226
s0002,50,0,42.75198
s0002,51,0,43.33262
s0002,52,0,55.285206
s0002,53,0,55.87623
s0002,54,0,41.940517
s0002,55,0,51.5842
s0002,56,0,65.53506
s0002,57,0,59.75868
s0002,58,0,61.58229
s0002,59,0,63.480007
s0002,60,0,60.834293
s0002,61,0,62.31712
s0002,62,0,87.35572
s0002,63,0,69.48614
s0002,64,0,60.430454
s0002,65,0,67.50511
s0002,66,0,70.386284
s0002,67,0,69.922874
s0002,68,0,71.79622
s0002,69,0,72.00426
s0002,70,0,44.650192
s0002,71,0,52.80417
s0002,72,0,62.21664
s0002,73,0,69.057785
s0002,74,0,72.04228
s0002,75,0,73.09453
s0002,76,0,64.582085
s0002,77,0,69.81404
s0002,78,0,59.795002
s0002,79,0,69.77014
s0002,80,0,77.26182
s0002,81,0,69.63741
s0002,82,0,64.77618
s0002,83,0,60.618614
s0002,84,0,68.64717
s0002,85,0,69.55856
s0002,86,0,71.762665
s0002,87,0,59.43306
s0002,88,0,57.286636
s0002,89,0,61.242275
s0002,90,0,60.19514
s0002,91,0,74.8348
s0002,92,0,62.15174
s0002,93,0,67.46545
s0002,94,0,69.72611
s0002,95,0,68.39516
s0003,0,0,59.116512
s0003,1,0,47.689224
s0003,2,0,45.65823
s0003,3,0,47.969994
s0003,4,0,39.82632
s0003,5,0,50.688583
s0003,6,0,59.09578
s0003,7,0,54.23457
s0003,8,0,60.032238
s0003,9,0,63.033203
s0003,10,0,53.171066
s0003,11,0,58.986008
s0003,12,0,82.87761
s0003,13,0,69.32042
s0003,14,0,66.514854
s0003,15,0,73.61773
s0003,16,0,67.05932
s0003,17,0,60.22101
s0003,18,0,65.12382
s0003,19,0,66.24361
s0003,20,0,73.72667
s0003,21,0,67.59442
s0003,22,0,65.99933
s0003,23,0,62.47035
s0003,24,0,80.07653
s0003,25,0,72.65985
s0003,26,0,64.81569
s0003,27,0,59.560474
s0003,28,0,61.556606
s0003,29,0,54.806675
s0003,30,0,52.011242
s0003,31,0,68.95972
s0003,32,0,61.479187
s0003,33,0,41.82447
s0003,34,0,58.61753
s0003,35,0,52.53006
s0003,36,0,59.59862
s0003,37,0,44.915466
s0003,38,0,70.98065
s0003,39,0,47.370113
s0003,40,0,55.802654
s0003,41,0,45.76563
s0003,42,0,41.34939
s0003,43,0,57.758347
s0003,44,0,66.860535
s0003,45,0,42.123646
s0003,46,0,33.9776
s0003,47,0,42.18112
s0003,48,0,63.907238
s0003,49,0,36.965588
s0003,50,0,67.1218
s0003,51,0,66.631966
s0003,52,0,46.63224
s0003,53,0,44.770916
s0003,54,0,51.429783
s0003,55,0,52.958206
s0003,56,0,65.74689
s0003,57,0,68.68876
s0003,58,0,53.816177
s0003,59,0,69.47477
s0003,60,0,63.252186
s0003,61,0,68.3706
s0003,62,0,69.55712
s0003,63,0,75.1025
s0003,64,0,56.20254
s0003,65,0,63.462086
s0003,66,0,70.17529
s0003,67,0,62.264236
s0003,68,0,66.02308
s0003,69,0,69.702484
s0003,70,0,59.84778
s0003,71,0,63.61547
s0003,72,0,60.62882
s0003,73,0,70.54822
s0003,74,0,71.75441
s0003,75,0,72.870575
s0003,76,0,71.728355
s0003,77,0,73.85808
s0003,78,0,57.014786
s0003,79,0,71.64578
s0003,80,0,85.66777
s0003,81,0,68.57318
s0003,82,0,63.968086
s0003,83,0,67.88897
s0003,84,0,71.653694
s0003,85,0,65.37594
s0003,86,0,59.699272
s0003,87,0,61.43806
s0003,88,0,67.69624
s0003,89,0,58.171577
s0003,90,0,63.405884
s0003,91,0,79.040955
s0003,92,0,61.052826
s0003,93,0,67.54962
s0003,94,0,61.65288
s0003,95,0,54.87645
s0004,0,0,52.814404
s0004,1,0,36.768005
s0004,2,0,51.65444
s0004,3,0,38.834946
s0004,4,0,58.26839
s0004,5,0,53.976955
s0004,6,0,51.368607
s0004,7,0,54.073456
s0004,8,0,63.735073
s0004,9,0,60.383595
s0004,10,0,53.853153
s0004,11,0,64.58629
s0004,12,0,75.0406
s0004,13,0,66.44249
s0004,14,0,66.28987
s0004,15,0,60.65562
s0004,16,0,64.503426
s0004,17,0,59.697094
s0004,18,0,57.63409
s0004,19,0,63.998676
s0004,20,0,74.860825
s0004,21,0,69.18853
s0004,22,0,54.285477
s0004,23,0,72.351204
s0004,24,0,75.336426
s0004,25,0,62.17058
s0004,26,0,69.02965
s0004,27,0,71.39412
s0004,28,0,69.947754
s0004,29,0,72.79215
s0004,30,0,60.71299
s0004,31,0,61.15818
s0004,32,0,61.05069
s0004,33,0,58.45185
s0004,34,0,50.087322
s0004,35,0,43.736275
s0004,36,0,55.578346
s0004,37,0,62.548077
s0004,38,0,48.900257
s0004,39,0,51.806316
s0004,40,0,53.284504
s0004,41,0,59.633717
s0004,42,0,45.727287
s0004,43,0,52.86395
s0004,44,0,48.297466
s0004,45,0,53.837997
s0004,46,0,63.662674
s0004,47,0,49.695118
s0004,48,0,51.1183
s0004,49,0,57.424644
s0004,50,0,57.446484
s0004,51,0,53.64175
s0004,52,0,51.569317
s0004,53,0,51.811886
s0004,54,0,60.827835
s0004,55,0,54.254253
s0004,56,0,58.42914
s0004,57,0,62.810207
s0004,58,0,60.83866
s0004,59,0,65.91025
s0004,60,0,59.406704
s0004,61,0,64.7961
s0004,62,0,72.7407
s0004,63,0,76.35392
s0004,64,0,62.513023
s0004,65,0,65.82284
s0004,66,0,67.80911
s0004,67,0,58.33736
s0004,68,0,63.115173
s0004,69,0,65.91804
s0004,70,0,63.24677
s0004,71,0,59.11991
s0004,72,0,65.61395
s0004,73,0,69.24441
s0004,74,0,79.96573
s0004,75,0,73.71535
s0004,76,0,78.73758
s0004,77,0,78.558205
s0004,78,0,70.76233
s0004,79,0,74.49004
s0004,80,0,70.43347
s0004,81,0,75.01453
s0004,82,0,70.087654
s0004,83,0,77.50761
s0004,84,0,76.12797
s0004,85,0,75.78366
s0004,86,0,64.021
s0004,87,0,65.93065
s0004,88,0,59.716087
s0004,89,0,49.335526
s0004,90,0,57.391804
s0004,91,0,65.53402
s0004,92,0,60.141808
s0004,93,0,81.49304
s0004,94,0,65.20365
s0004,95,0,62.643784
s0005,0,0,52.212963
s0005,1,0,58.724106
s0005,2,0,44.87222
s0005,3,0,42.029
s0005,4,0,55.95206
s0005,5,0,56.880764
s0005,6,0,52.126846
s0005,7,0,59.00321
s0005,8,0,61.15062
s0005,9,0,56.46792
s0005,10,0,50.482643
s0005,11,0,68.60283
s0005,12,0,63.21063
s0005,13,0,61.63157
s0005,14,0,63.285316
s0005,15,0,74.076065
s0005,16,0,64.58364
s0005,17,0,58.224907
s0005,18,0,69.99569
s0005,19,0,68.94338
s0005,20,0,77.06379
s0005,21,0,70.521515
s0005,22,0,63.00829
s0005,23,0,68.11558
s0005,24,0,74.37113
s0005,25,0,67.53139
s0005,26,0,71.74506
s0005,27,0,68.553665
s0005,28,0,70.62935
s0005,29,0,63.381577
s0005,30,0,65.22021
s0005,31,0,64.0424
s0005,32,0,58.44895
s0005,33,0,48.86131
s0005,34,0,46.18088
s0005,35,0,46.239094
s0005,36,0,59.01241
s0005,37,0,60.99353
s0005,38,0,51.44944
s0005,39,0,41.035286
s0005,40,0,65.9361
s0005,41,0,48.675125
s0005,42,0,40.465664
s0005,43,0,48.517277
s0005,44,0,71.4024
s0005,45,0,69.693825
s0005,46,0,51.40689
s0005,47,0,49.342556
s0005,48,0,27.15465
s0005,49,0,44.364643
s0005,50,0,44.98694
s0005,51,0,57.67162
s0005,52,0,51.010345
s0005,53,0,56.279705
s0005,54,0,49.984093
s0005,55,0,60.487316
s0005,56,0,59.57491
s0005,57,0,75.34457
s0005,58,0,47.372417
s0005,59,0,66.18812
s0005,60,0,62.0825
s0005,61,0,58.968437
s0005,62,0,74.88096
s0005,63,0,76.9223
s0005,64,0,64.29382
s0005,65,0,66.78642
s0005,66,0,73.98275
s0005,67,0,63.556374
s0005,68,0,68.87268
s0005,69,0,70.29968
s0005,70,0,62.47327
s0005,71,0,57.617935
s0005,72,0,48.052647
s0005,73,0,73.87892
s0005,74,0,69.90532
s0005,75,0,67.00233
s0005,76,0,68.70824
s0005,77,0,65.24686
s0005,78,0,71.498566
s0005,79,0,67.78947
s0005,80,0,70.12707
s0005,81,0,75.26538
s0005,82,0,70.59533
s0005,83,0,60.17468
s0005,84,0,75.319695
s0005,85,0,64.20049
s0005,86,0,70.343
s0005,87,0,61.00529
s0005,88,0,59.123226
s0005,89,0,60.73498
s0005,90,0,57.099415
s0005,91,0,64.43004
s0005,92,0,70.01411
s0005,93,0,67.93877
s0005,94,0,64.12888
s0005,95,0,72.76797
s0006,0,0,59.65612
s0006,1,0,41.412277
s0006,2,0,46.73253
s0006,3,0,39.937016
s0006,4,0,52.579025
s0006,5,0,62.819885
s0006,6,0,48.538933
s0006,7,0,51.98637
s0006,8,0,59.9103
s0006,9,0,54.148018
s0006,10,0,58.89075
s0006,11,0,62.647327
s0006,12,0,75.287094
s0006,13,0,64.84384
s0006,14,0,71.42366
s0006,15,0,75.72939
s0006,16,0,67.36764
s0006,17,0,70.57848
s0006,18,0,67.09757
s0006,19,0,70.67471
s0006,20,0,66.20099
s0006,21,0,69.2352
s0006,22,0,64.802765
s0006,23,0,63.54412
s0006,24,0,59.1411
s0006,25,0,74.89839
s0006,26,0,73.88081
s0006,27,0,61.966774
s0006,28,0,76.94137
s0006,29,0,73.19632
s0006,30,0,55.753555
s0006,31,0,67.12435
s0006,32,0,57.101543
s0006,33,0,58.44405
s0006,34,0,56.746883
s0006,35,0,43.482143
s0006,36,0,58.33578
s0006,37,0,51.492905
s0006,38,0,54.604385
s0006,39,0,56.647007
s0006,40,0,50.653545
s0006,41,0,45.475037
s0006,42,0,43.35167
s0006,43,0,46.43501
s0006,44,0,45.78059
s0006,45,0,45.200073
s0006,46,0,36.081333
s0006,47,0,56.558308
s0006,48,0,76.615105
s0006,49,0,63.681416
s0006,50,0,61.32929
s0006,51,0,63.926617
s0006,52,0,48.65213
s0006,53,0,57.894016
s0006,54,0,50.51689
s0006,55,0,52.15958
s0006,56,0,54.800312
s0006,57,0,63.142387
s0006,58,0,59.95391
s0006,59,0,75.407
s0006,60,0,58.41445
s0006,61,0,60.86002
s0006,62,0,74.06566
s0006,63,0,66.74017
s0006,64,0,63.28602
s0006,65,0,65.31508
s0006,66,0,76.01313
s0006,67,0,63.978554
s0006,68,0,72.050644
s0006,69,0,58.75278
s0006,70,0,61.708027
s0006,71,0,62.25318
s0006,72,0,62.204544
s0006,73,0,67.47208
s0006,74,0,62.748734
s0006,75,0,66.778336
s0006,76,0,77.3244
s0006,77,0,74.83929
s0006,78,0,67.49617
s0006,79,0,68.15502
s0006,80,0,68.41153
s0006,81,0,69.60558
s0006,82,0,62.261505
s0006,83,0,65.42746
s0006,84,0,76.197754
s0006,85,0,65.66105
s0006,86,0,57.000614
s0006,87,0,59.877575
s0006,88,0,64.16134
s0006,89,0,71.267654
s0006,90,0,62.346523
s0006,91,0,61.168713
s0006,92,0,65.6999
s0006,93,0,66.97593
s0006,94,0,64.026436
s0006,95,0,57.148964
s0007,0,0,53.838955
s0007,1,0,43.104225
s0007,2,0,59.479347
s0007,3,0,47.388485
s0007,4,0,60.088062
s0007,5,0,59.168644
s0007,6,0,57.710697
s0007,7,0,60.55766
s0007,8,0,63.092377
s0007,9,0,54.43597
s0007,10,0,60.113335
s0007,11,0,61.40743
s0007,12,0,71.156784
s0007,13,0,67.45296
s0007,14,0,70.64408
s0007,15,0,67.064964
s0007,16,0,64.40885
s0007,17,0,72.171135
s0007,18,0,64.037506
s0007,19,0,62.199787
s0007,20,0,63.019264
s0007,21,0,60.865013
s0007,22,0,58.099674
s0007,23,0,69.03548
s0007,24,0,74.51545
s0007,25,0,60.49696
s0007,26,0,76.33777
s0007,27,0,54.21338
s0007,28,0,68.79213
s0007,29,0,67.67678
s0007,30,0,70.18924
s0007,31,0,58.38755
s0007,32,0,57.946213
s0007,33,0,62.556057
s0007,34,0,56.3064
s0007,35,0,60.64553
s0007,36,0,62.098896
s0007,37,0,55.777405
s0007,38,0,45.10578
s0007,39,0,57.345936
s0007,40,0,65.687706
s0007,41,0,50.297314
s0007,42,0,63.523125
s0007,43,0,51.883095
s0007,44,0,41.355103
s0007,45,0,38.901203
s0007,46,0,40.985973
s0007,47,0,65.06055
s0007,48,0,51.291664
s0007,49,0,53.590343
s0007,50,0,36.806507
s0007,51,0,50.733055
s0007,52,0,62.845512
s0007,53,0,55.593323
s0007,54,0,41.32345
s0007,55,0,50.16129
s0007,56,0,54.254974
s0007,57,0,69.754555
s0007,58,0,58.96236
s0007,59,0,63.74544
s0007,60,0,61.43194
s0007,61,0,54.366833
s0007,62,0,82.83754
s0007,63,0,71.26686
s0007,64,0,61.08076
s0007,65,0,69.47226
s0007,66,0,76.926735
s0007,67,0,52.732555
s0007,68,0,63.898678
s0007,69,0,64.45538
s0007,70,0,62.021526
s0007,71,0,54.98964
s0007,72,0,53.229248
s0007,73,0,69.844864
s0007,74,0,77.33089
s0007,75,0,60.370674
s0007,76,0,65.79211
s0007,77,0,70.05284
s0007,78,0,71.09949
s0007,79,0,73.95107
s0007,80,0,63.476383
s0007,81,0,63.801838
s0007,82,0,72.20852
s0007,83,0,61.300274
s0007,84,0,75.59012
s0007,85,0,80.29432
s0007,86,0,65.8603
s0007,87,0,66.13641
s0007,88,0,59.57165
s0007,89,0,58.841038
s0007,90,0,55.78171
s0007,91,0,71.842514
s0007,92,0,60.85506
s0007,93,0,75.05423
s0007,94,0,67.47887
s0007,95,0,64.234245
s0008,0,0,63.3153
s0008,1,0,52.806236
s0008,2,0,55.323265
s0008,3,0,41.50243
s0008,4,0,52.925304
s0008,5,0,50.701694
s0008,6,0,53.67185
s0008,7,0,54.187195
s0008,8,0,62.59977
s0008,9,0,64.45917
s0008,10,0,55.226387
s0008,11,0,62.707348
s0008,12,0,66.1555
s0008,13,0,65.99942
s0008,14,0,73.239944
s0008,15,0,71.67533
s0008,16,0,63.540993
s0008,17,0,56.961533
s0008,18,0,58.20271
s0008,19,0,73.74651
s0008,20,0,71.25015
s0008,21,0,64.61584
s0008,22,0,58.775696
s0008,23,0,66.86149
s0008,24,0,69.14047
s0008,25,0,58.18097
s0008,26,0,65.668365
s0008,27,0,63.36373
s0008,28,0,73.14415
s0008,29,0,76.21046
s0008,30,0,53.7933
s0008,31,0,65.99939
s0008,32,0,62.23199
s0008,33,0,58.971355
s0008,34,0,66.49991
s0008,35,0,53.517597
s0008,36,0,43.535805
s0008,37,0,52.657497
s0008,38,0,71.44399
s0008,39,0,57.39275
s0008,40,0,61.448166
s0008,41,0,52.24011
s0008,42,0,31.554186
s0008,43,0,47.24014
s0008,44,0,51.069233
s0008,45,0,52.086124
s0008,46,0,21.702793
s0008,47,0,35.876026
s0008,48,0,62.312252
s0008,49,0,55.86125
s0008,50,0,37.33533
s0008,51,0,43.02398
s0008,52,0,57.031338
s0008,53,0,43.50141
s0008,54,0,36.32652
s0008,55,0,71.95002
s0008,56,0,54.91897
s0008,57,0,63.8195
s0008,58,0,53.387547
s0008,59,0,60.895214
s0008,60,0,63.709682
s0008,61,0,67.79922
s0008,62,0,75.64168
s0008,63,0,73.98794
s0008,64,0,65.90756
s0008,65,0,63.07065
s0008,66,0,72.65074
s0008,67,0,70.817894
s0008,68,0,65.93422
s0008,69,0,63.054993
s0008,70,0,61.041733
s0008,71,0,57.302975
s0008,72,0,67.96049
s0008,73,0,72.706474
s0008,74,0,73.29807
s0008,75,0,68.39632
s0008,76,0,77.042786
s0008,77,0,76.35453
s0008,78,0,66.82674
s0008,79,0,65.25806
s0008,80,0,72.32655
s0008,81,0,71.077194
s0008,82,0,57.151173
s0008,83,0,66.51462
s0008,84,0,63.618416
s0008,85,0,69.101974
s0008,86,0,63.712643
s0008,87,0,61.661793
s0008,88,0,59.62474
s0008,89,0,58.77778
s0008,90,0,55.547794
s0008,91,0,61.14914
s0008,92,0,62.62698
s0008,93,0,70.003296
s0008,94,0,75.163795
s0008,95,0,76.33577
s0009,0,0,55.300194
s0009,1,0,39.58999
s0009,2,0,41.93238
s0009,3,0,55.359486
s0009,4,0,49.808872
s0009,5,0,52.93972
s0009,6,0,48.503204
s0009,7,0,65.713615
s0009,8,0,64.2051
s0009,9,0,51.482967
s0009,10,0,56.969486
s0009,11,0,64.89364
s0009,12,0,58.745316
s0009,13,0,64.29492
s0009,14,0,66.804344
s0009,15,0,63.294056
s0009,16,0,70.89761
s0009,17,0,68.00384
s0009,18,0,71.86259
s0009,19,0,64.992966
s0009,20,0,63.80866
s0009,21,0,64.42846
s0009,22,0,62.69803
s0009,23,0,67.06393
s0009,24,0,74.92151
s0009,25,0,75.07723
s0009,26,0,68.56153
s0009,27,0,60.075558
s0009,28,0,67.2535
s0009,29,0,65.47644
s0009,30,0,57.25039
s0009,31,0,61.289314
s0009,32,0,57.71995
s0009,33,0,54.22652
s0009,34,0,37.57778
s0009,35,0,54.80237
s0009,36,0,52.418705
s0009,37,0,66.66007
s0009,38,0,51.901993
s0009,39,0,49.494232
s0009,40,0,59.965733
s0009,41,0,42.012894
s0009,42,0,44.056316
s0009,43,0,59.614452
s0009,44,0,54.277233
s0009,45,0,60.08351
s0009,46,0,60.055923
s0009,47,0,27.105694
s0009,48,0,27.203695
s0009,49,0,47.084373
s0009,50,0,41.409943
s0009,51,0,51.291218
s0009,52,0,53.59684
s0009,53,0,63.77986
s0009,54,0,70.17477
s0009,55,0,46.135468
s0009,56,0,46.767
s0009,57,0,65.18726
s0009,58,0,52.933487
s0009,59,0,60.045532
s0009,60,0,65.52831
s0009,61,0,65.473816
s0009,62,0,73.348145
s0009,63,0,71.97996
s0009,64,0,64.457695
s0009,65,0,61.86416
s0009,66,0,69.40752
s0009,67,0,58.180584
s0009,68,0,67.23363
s0009,69,0,61.03274
s0009,70,0,54.501812
s0009,71,0,64.732635
s0009,72,0,60.091434
s0009,73,0,77.28702
s0009,74,0,65.12687
s0009,75,0,69.14186
s0009,76,0,66.314125
s0009,77,0,59.365154
s0009,78,0,69.25885
s0009,79,0,74.84878
s0009,80,0,72.00041
s0009,81,0,75.75641
s0009,82,0,72.13528
s0009,83,0,60.76036
s0009,84,0,73.41257
s0009,85,0,63.895226
s0009,86,0,67.600784
s0009,87,0,57.8434
s0009,88,0,61.385696
s0009,89,0,60.267857
s0009,90,0,59.066936
s0009,91,0,67.24724
s0009,92,0,69.189026
s0009,93,0,70.13652
s0009,94,0,63.790295
s0009,95,0,69.4964
s0010,0,0,53.59601
s0010,1,0,53.954185
s0010,2,0,45.0938
s0010,3,0,47.1172
s0010,4,0,46.049557
s0010,5,0,55.216106
s0010,6,0,52.66359
s0010,7,0,63.300903
s0010,8,0,71.15668
s0010,9,0,54.96512
s0010,10,0,55.861816
s0010,11,0,64.62964
s0010,12,0,77.37499
s0010,13,0,70.36889
s0010,14,0,64.54738
s0010,15,0,71.0527
s0010,16,0,59.38426
s0010,17,0,61.495693
s0010,18,0,54.05573
s0010,19,0,63.06826
s0010,20,0,68.927895
s0010,21,0,69.04049
s0010,22,0,70.7092
s0010,23,0,59.0014
s0010,24,0,61.2674
s0010,25,0,71.06951
s0010,26,0,60.42922
s0010,27,0,55.77294
s0010,28,0,59.324993
s0010,29,0,70.88356
s0010,30,0,56.848953
s0010,31,0,60.13438
s0010,32,0,63.879948
s0010,33,0,43.36512
s0010,34,0,48.88693
s0010,35,0,61.23548
s0010,36,0,47.38043
s0010,37,0,59.025368
s0010,38,0,57.086395
s0010,39,0,68.64451
s0010,40,0,63.387928
s0010,41,0,61.061714
s0010,42,0,61.57589
s0010,43,0,64.21648
s0010,44,0,64.79442
s0010,45,0,56.337593
s0010,46,0,44.70039
s0010,47,0,39.264477
s0010,48,0,68.71453
s0010,49,0,48.31376
s0010,50,0,51.342655
s0010,51,0,61.39535
s0010,52,0,51.346836
s0010,53,0,46.675747
s0010,54,0,44.89271
s0010,55,0,55.586617
s0010,56,0,62.984646
s0010,57,0,55.443325
s0010,58,0,62.81621
s0010,59,0,65.12772
s0010,60,0,59.651417
s0010,61,0,64.447075
s0010,62,0,65.4909
s0010,63,0,73.86872
s0010,64,0,69.547874
s0010,65,0,60.463882
s0010,66,0,66.510475
s0010,67,0,59.017345
s0010,68,0,59.13204
s0010,69,0,64.591545
s0010,70,0,65.00083
s0010,71,0,62.11053
s0010,72,0,63.55773
s0010,73,0,62.671062
s0010,74,0,77.14327
s0010,75,0,80.0524
s0010,76,0,70.13417
s0010,77,0,70.89572
s0010,78,0,77.52979
s0010,79,0,84.10227
s0010,80,0,80.59673
s0010,81,0,65.58681
s0010,82,0,72.151245
s0010,83,0,63.937214
s0010,84,0,58.180202
s0010,85,0,65.79671
s0010,86,0,50.38793
s0010,87,0,55.72779
s0010,88,0,59.44613
s0010,89,0,62.328686
s0010,90,0,53.051003
s0010,91,0,60.1943
s0010,92,0,63.752525
s0010,93,0,64.69375
s0010,94,0,70.42056
s0010,95,0,71.14852
s0011,0,0,52.18127
s0011,1,0,51.218422
s0011,2,0,38.441578
s0011,3,0,49.393642
s0011,4,0,46.379444
s0011,5,0,51.98474
s0011,6,0,64.31534
s0011,7,0,55.79135
s0011,8,0,58.55144
s0011,9,0,58.676414
s0011,10,0,54.388607
s0011,11,0,61.83174
s0011,12,0,63.50315
s0011,13,0,71.17888
s0011,14,0,64.74626
s0011,15,0,71.898766
s0011,16,0,61.622257
s0011,17,0,62.634403
s0011,18,0,63.946266
s0011,19,0,60.995117
s0011,20,0,69.20104
s0011,21,0,67.90126
s0011,22,0,59.882404
s0011,23,0,70.89702
s0011,24,0,77.912834
s0011,25,0,65.548965
s0011,26,0,72.89106
s0011,27,0,62.701157
s0011,28,0,67.84293
s0011,29,0,71.87077
s0011,30,0,53.04547
s0011,31,0,65.30042
s0011,32,0,66.129944
s0011,33,0,54.055103
s0011,34,0,60.94958
s0011,35,0,49.814255
s0011,36,0,51.147606
s0011,37,0,54.984432
s0011,38,0,56.870396
s0011,39,0,61.581924
s0011,40,0,67.11311
s0011,41,0,40.003956
s0011,42,0,52.626213
s0011,43,0,27.46494
s0011,44,0,21.074701
s0011,45,0,31.31759
s0011,46,0,34.556793
s0011,47,0,62.33507
s0011,48,0,41.235374
s0011,49,0,45.881584
s0011,50,0,39.15512
s0011,51,0,51.241467
s0011,52,0,54.9534
s0011,53,0,61.97889
s0011,54,0,63.32164
s0011,55,0,66.58282
s0011,56,0,60.103542
s0011,57,0,63.51821
s0011,58,0,60.31225
s0011,59,0,64.35364
s0011,60,0,65.999344
s0011,61,0,61.455822
s0011,62,0,77.78584
s0011,63,0,76.656685
s0011,64,0,71.19553
s0011,65,0,73.40602
s0011,66,0,71.91687
s0011,67,0,70.14791
s0011,68,0,57.488914
s0011,69,0,58.891968
s0011,70,0,61.450283
s0011,71,0,60.816036
s0011,72,0,60.867035
s0011,73,0,72.34806
s0011,74,0,70.29805
s0011,75,0,71.21193
s0011,76,0,81.40692
s0011,77,0,68.86809
s0011,78,0,75.0945
s0011,79,0,77.135376
s0011,80,0,71.2329
s0011,81,0,80.52742
s0011,82,0,55.365925
s0011,83,0,59.480206
s0011,84,0,66.49048
s0011,85,0,59.371452
s0011,86,0,68.82414
s0011,87,0,62.40421
s0011,88,0,69.33616
s0011,89,0,63.520485
s0011,90,0,55.22307
s0011,91,0,54.906414
s0011,92,0,60.51518
s0011,93,0,58.21655
s0011,94,0,67.042274
s0011,95,0,69.521126
s0012,0,0,50.085957
s0012,1,0,41.901745
s0012,2,0,44.163254
s0012,3,0,41.951447
s0012,4,0,49.015297
s0012,5,0,52.82461
s0012,6,0,46.688618
s0012,7,0,56.49018
s0012,8,0,61.862335
s0012,9,0,62.019234
s0012,10,0,45.37414
s0012,11,0,68.255035
s0012,12,0,73.428986
s0012,13,0,64.31012
s0012,14,0,75.82467
s0012,15,0,72.22177
s0012,16,0,76.40998
s0012,17,0,72.79126
s0012,18,0,68.00335
s0012,19,0,74.21451
s0012,20,0,67.55995
s0012,21,0,67.11901
s0012,22,0,61.397743
s0012,23,0,66.358116
s0012,24,0,61.072105
s0012,25,0,69.18843
s0012,26,0,69.3049
s0012,27,0,70.23287
s0012,28,0,65.6263
s0012,29,0,66.13553
s0012,30,0,64.58699
s0012,31,0,53.670273
s0012,32,0,55.729134
s0012,33,0,46.494377
s0012,34,0,54.93384
s0012,35,0,55.23442
s0012,36,0,56.14578
s0012,37,0,60.45484
s0012,38,0,41.68872
s0012,39,0,48.733665
s0012,40,0,61.459156
s0012,41,0,51.82426
s0012,42,0,59.04223
s0012,43,0,60.146824
s0012,44,0,27.457342
s0012,45,0,33.329563
s0012,46,0,21.91484
s0012,47,0,64.96429
s0012,48,0,47.03587
s0012,49,0,46.93527
s0012,50,0,48.43401
s0012,51,0,42.070625
s0012,52,0,57.064198
s0012,53,0,50.92334
s0012,54,0,60.441708
s0012,55,0,60.764824
s0012,56,0,54.31295
s0012,57,0,65.40069
s0012,58,0,65.77064
s0012,59,0,65.82257
s0012,60,0,65.69276
s0012,61,0,67.03549
s0012,62,0,74.88947
s0012,63,0,63.796303
s0012,64,0,57.647232
s0012,65,0,64.13935
s0012,66,0,74.35578
s0012,67,0,66.29735
s0012,68,0,68.67181
s0012,69,0,62.44924
s0012,70,0,57.094654
s0012,71,0,59.462334
s0012,72,0,60.61703
s0012,73,0,69.57924
s0012,74,0,69.336235
s0012,75,0,76.023026
s0012,76,0,72.12153
s0012,77,0,68.57282
s0012,78,0,77.12141
s0012,79,0,68.554344
s0012,80,0,82.21791
s0012,81,0,77.858086
s0012,82,0,70.129654
s0012,83,0,73.62336
s0012,84,0,72.43282
s0012,85,0,77.001755
s0012,86,0,70.820496
s0012,87,0,60.02085
s0012,88,0,73.600716
s0012,89,0,59.210503
s0012,90,0,53.185577
s0012,91,0,64.10186
s0012,92,0,66.04367
s0012,93,0,71.07645
s0012,94,0,75.73139
s0012,95,0,69.64644
s0013,0,0,50.95086
s0013,1,0,48.72359
s0013,2,0,48.995934
s0013,3,0,46.865425
s0013,4,0,50.08249
s0013,5,0,55.47597
s0013,6,0,44.183025
s0013,7,0,60.293873
s0013,8,0,58.518738
s0013,9,0,57.933544
s0013,10,0,61.17444
s0013,11,0,64.14608
s0013,12,0,64.1811
s0013,13,0,63.41199
s0013,14,0,60.173462
s0013,15,0,71.23908
s0013,16,0,68.733795
s0013,17,0,63.591633
s0013,18,0,58.653786
s0013,19,0,57.791286
s0013,20,0,66.58672
s0013,21,0,60.632126
s0013,22,0,63.62494
s0013,23,0,75.062004
s0013,24,0,74.18836
s0013,25,0,66.56018
s0013,26,0,60.369488
s0013,27,0,60.93454
s0013,28,0,74.98215
s0013,29,0,64.60997
s0013,30,0,65.92221
s0013,31,0,64.167046
s0013,32,0,68.696556
s0013,33,0,58.0356
s0013,34,0,63.170742
s0013,35,0,52.018353
s0013,36,0,57.168823
s0013,37,0,52.536526
s0013,38,0,58.013187
s0013,39,0,43.203773
s0013,40,0,68.419815
s0013,41,0,47.566563
s0013,42,0,59.997707
s0013,43,0,59.79653
s0013,44,0,46.620285
s0013,45,0,51.348827
s0013,46,0,36.753353
s0013,47,0,44.926296
s0013,48,0,57.274754
s0013,49,0,52.752033
s0013,50,0,52.05902
s0013,51,0,35.348026
s0013,52,0,53.587784
s0013,53,0,52.047222
s0013,54,0,46.79632
s0013,55,0,47.696724
s0013,56,0,50.516396
s0013,57,0,66.4394
s0013,58,0,48.440567
s0013,59,0,63.246105
s0013,60,0,58.877335
s0013,61,0,65.248146
s0013,62,0,69.32796
s0013,63,0,56.82894
s0013,64,0,52.357365
s0013,65,0,66.23918
s0013,66,0,63.057823
s0013,67,0,76.09841
s0013,68,0,66.52548
s0013,69,0,62.753418
s0013,70,0,58.33778
s0013,71,0,55.85009
s0013,72,0,55.819378
s0013,73,0,59.956646
s0013,74,0,73.71054
s0013,75,0,72.03973
s0013,76,0,72.81086
s0013,77,0,65.14191
s0013,78,0,77.88665
s0013,79,0,70.53312
s0013,80,0,68.67995
s0013,81,0,76.04077
s0013,82,0,64.25216
s0013,83,0,62.993137
s0013,84,0,67.9551
s0013,85,0,69.54422
s0013,86,0,65.23221
s0013,87,0,61.37649
s0013,88,0,56.759026
s0013,89,0,66.41075
s0013,90,0,59.67141
s0013,91,0,69.61774
s0013,92,0,63.567486
s0013,93,0,74.9421
s0013,94,0,70.82948
s0013,95,0,63.351948
s0014,0,0,55.891308
s0014,1,0,52.459656
s0014,2,0,35.5356
s0014,3,0,46.643345
s0014,4,0,52.417843
s0014,5,0,61.384163
s0014,6,0,61.830822
s0014,7,0,55.01626
s0014,8,0,56.10095
s0014,9,0,56.198673
s0014,10,0,66.50019
s0014,11,0,67.84547
s0014,12,0,57.891476
s0014,13,0,60.757713
s0014,14,0,74.783295
s0014,15,0,72.73243
s0014,16,0,65.97147
s0014,17,0,60.1619
s0014,18,0,63.52938
s0014,19,0,64.390884
s0014,20,0,72.4255
s0014,21,0,63.979237
s0014,22,0,64.12571
s0014,23,0,72.5869
s0014,24,0,63.39642
s0014,25,0,68.79977
s0014,26,0,67.63159
s0014,27,0,68.54517
s0014,28,0,72.053665
s0014,29,0,73.179695
s0014,30,0,51.58976
s0014,31,0,57.821598
s0014,32,0,61.48561
s0014,33,0,56.676052
s0014,34,0,52.280815
s0014,35,0,44.98248
s0014,36,0,51.43284
s0014,37,0,59.851643
s0014,38,0,68.042336
s0014,39,0,48.087288
s0014,40,0,68.01981
s0014,41,0,38.236034
s0014,42,0,32.514336
s0014,43,0,67.14241
s0014,44,0,50.08624
s0014,45,0,69.904076
s0014,46,0,15.699145
s0014,47,0,66.648544
s0014,48,0,42.378872
s0014,49,0,52.0466
s0014,50,0,56.40439
s0014,51,0,62.570934
s0014,52,0,48.459133
s0014,53,0,43.36175
s0014,54,0,62.309708
s0014,55,0,55.52255
s0014,56,0,65.86447
s0014,57,0,59.60661
s0014,58,0,54.59796
s0014,59,0,73.09214
s0014,60,0,64.177826
s0014,61,0,52.723705
s0014,62,0,70.95211
s0014,63,0,77.659645
s0014,64,0,59.976585
s0014,65,0,64.64428
s0014,66,0,71.77547
s0014,67,0,71.92208
s0014,68,0,61.69857
s0014,69,0,64.62919
s0014,70,0,57.003483
s0014,71,0,62.41653
s0014,72,0,63.66881
s0014,73,0,71.38075
s0014,74,0,66.923935
s0014,75,0,69.17471
s0014,76,0,67.48976
s0014,77,0,67.38051
s0014,78,0,68.747574
s0014,79,0,78.24495
s0014,80,0,65.28003
s0014,81,0,61.473526
s0014,82,0,66.51981
s0014,83,0,63.640865
s0014,84,0,64.4177
s0014,85,0,74.45957
s0014,86,0,56.894184
s0014,87,0,56.34183
s0014,88,0,62.951443
s0014,89,0,67.27017
s0014,90,0,58.183464
s0014,91,0,64.95528
s0014,92,0,73.38575
s0014,93,0,72.793
s0014,94,0,62.500076
s0014,95,0,65.39995
s0015,0,0,54.34875
s0015,1,0,38.052376
s0015,2,0,52.161972
s0015,3,0,41.583782
s0015,4,0,50.60246
s0015,5,0,53.25449
s0015,6,0,43.6095
s0015,7,0,57.28808
s0015,8,0,57.898277
s0015,9,0,50.095562
s0015,10,0,57.126717
s0015,11,0,64.465546
s0015,12,0,72.649956
s0015,13,0,65.809006
s0015,14,0,65.4898
s0015,15,0,77.67228
s0015,16,0,63.105247
s0015,17,0,78.869896
s0015,18,0,67.55523
s0015,19,0,61.180454
s0015,20,0,60.30561
s0015,21,0,60.0626
s0015,22,0,64.39441
s0015,23,0,69.89522
s0015,24,0,69.69973
s0015,25,0,60.786198
s0015,26,0,65.65929
s0015,27,0,62.299797
s0015,28,0,69.43632
s0015,29,0,64.37648
s0015,30,0,56.463997
s0015,31,0,61.32622
s0015,32,0,63.44719
s0015,33,0,55.302383
s0015,34,0,48.67429
s0015,35,0,50.41553
s0015,36,0,56.374203
s0015,37,0,46.06562
s0015,38,0,55.174355
s0015,39,0,42.17482
s0015,40,0,55.507607
s0015,41,0,50.868015
s0015,42,0,44.30812
s0015,43,0,62.446053
s0015,44,0,45.160942
s0015,45,0,44.227566
s0015,46,0,32.49596
s0015,47,0,52.908176
s0015,48,0,55.166153
s0015,49,0,32.447365
s0015,50,0,61.429527
s0015,51,0,45.476536
s0015,52,0,43.61429
s0015,53,0,40.000698
s0015,54,0,59.523403
s0015,55,0,61.83663
s0015,56,0,65.99969
s0015,57,0,66.05247
s0015,58,0,57.25741
s0015,59,0,72.12896
s0015,60,0,62.47289
s0015,61,0,64.84356
s0015,62,0,69.01682
s0015,63,0,66.52907
s0015,64,0,60.385784
s0015,65,0,69.05141
s0015,66,0,71.99928
s0015,67,0,61.02363
s0015,68,0,68.44222
s0015,69,0,66.652275
s0015,70,0,60.99686
s0015,71,0,54.46928
s0015,72,0,62.29577
s0015,73,0,64.17755
s0015,74,0,72.310326
s0015,75,0,63.46491
s0015,76,0,75.62155
s0015,77,0,64.935844
s0015,78,0,68.939285
s0015,79,0,82.05869
s0015,80,0,80.26292
s0015,81,0,69.38848
s0015,82,0,65.61611
s0015,83,0,61.58323
s0015,84,0,71.785965
s0015,85,0,71.989975
s0015,86,0,62.987106
s0015,87,0,56.566574
s0015,88,0,58.88943
s0015,89,0,73.14184
s0015,90,0,60.635017
s0015,91,0,69.27205
s0015,92,0,66.34863
s0015,93,0,76.57874
s0015,94,0,75.991585
s0015,95,0,61.95525
s0016,0,0,62.157104
s0016,1,0,51.516758
s0016,2,0,53.115623
s0016,3,0,48.973526
s0016,4,0,45.131172
s0016,5,0,45.4016
s0016,6,0,53.093033
s0016,7,0,46.37271
s0016,8,0,61.771423
s0016,9,0,54.824097
s0016,10,0,59.98406
s0016,11,0,55.919857
s0016,12,0,59.803383
s0016,13,0,69.680115
s0016,14,0,64.51939
s0016,15,0,67.838524
s0016,16,0,67.66049
s0016,17,0,72.53007
s0016,18,0,55.936485
s0016,19,0,66.024635
s0016,20,0,54.545753
s0016,21,0,66.438484
s0016,22,0,57.96199
s0016,23,0,68.5956
s0016,24,0,73.1883
s0016,25,0,59.312096
s0016,26,0,66.14982
s0016,27,0,54.093117
s0016,28,0,75.095695
s0016,29,0,75.59246
s0016,30,0,50.10321
s0016,31,0,50.594433
s0016,32,0,58.68798
s0016,33,0,53.509403
s0016,34,0,47.75739
s0016,35,0,59.29242
s0016,36,0,49.771023
s0016,37,0,57.709106
s0016,38,0,63.974415
s0016,39,0,71.35477
s0016,40,0,50.445694
s0016,41,0,43.57133
s0016,42,0,48.43996
s0016,43,0,39.8968
s0016,44,0,46.65403
s0016,45,0,58.85847
s0016,46,0,35.1945
s0016,47,0,58.312992
s0016,48,0,37.608253
s0016,49,0,50.699535
s0016,50,0,47.562916
s0016,51,0,53.94705
s0016,52,0,60.42671
s0016,53,0,43.45647
s0016,54,0,64.77479
s0016,55,0,50.173027
s0016,56,0,63.005047
s0016,57,0,69.2628
s0016,58,0,58.483948
s0016,59,0,66.19047
s0016,60,0,66.01958
s0016,61,0,55.366146
s0016,62,0,67.346115
s0016,63,0,71.49315
s0016,64,0,67.48135
s0016,65,0,68.761375
s0016,66,0,75.76733
s0016,67,0,62.27224
s0016,68,0,64.452736
s0016,69,0,69.47644
s0016,70,0,63.378582
s0016,71,0,59.298923
s0016,72,0,55.714706
s0016,73,0,76.29858
s0016,74,0,72.64
s0016,75,0,77.05481
s0016,76,0,69.57515
s0016,77,0,81.081184
s0016,78,0,67.49041
s0016,79,0,73.55242
s0016,80,0,74.75063
s0016,81,0,67.32704
s0016,82,0,67.21959
s0016,83,0,70.50059
s0016,84,0,68.70131
s0016,85,0,69.96191
s0016,86,0,60.745037
s0016,87,0,53.7672
s0016,88,0,65.21472
s0016,89,0,63.71786
s0016,90,0,55.45532
s0016,91,0,70.2378
s0016,92,0,71.85935
s0016,93,0,69.96539
s0016,94,0,74.116356
s0016,95,0,74.90676
s0017,0,0,46.885853
s0017,1,0,46.669937
s0017,2,0,40.770115
s0017,3,0,47.031406
s0017,4,0,50.576256
s0017,5,0,52.071037
s0017,6,0,52.136818
s0017,7,0,60.979317
s0017,8,0,58.501198
s0017,9,0,59.806232
s0017,10,0,56.391003
s0017,11,0,58.021706
s0017,12,0,67.94545
s0017,13,0,80.7229
s0017,14,0,67.95435
s0017,15,0,69.366974
s0017,16,0,66.10914
s0017,17,0,57.227478
s0017,18,0,63.506298
s0017,19,0,70.22219
s0017,20,0,78.50802
s0017,21,0,60.526783
s0017,22,0,52.41131
s0017,23,0,63.996857
s0017,24,0,81.905235
s0017,25,0,69.47091
s0017,26,0,72.47946
s0017,27,0,65.61733
s0017,28,0,75.09619
s0017,29,0,69.32993
s0017,30,0,52.972332
s0017,31,0,60.45498
s0017,32,0,56.169704
s0017,33,0,55.938618
s0017,34,0,53.23002
s0017,35,0,59.143345
s0017,36,0,46.386494
s0017,37,0,57.585663
s0017,38,0,54.957413
s0017,39,0,50.065918
s0017,40,0,57.306515
s0017,41,0,44.55265
s0017,42,0,68.5975
s0017,43,0,50.88693
s0017,44,0,48.370785
s0017,45,0,66.66969
s0017,46,0,53.44291
s0017,47,0,39.974083
s0017,48,0,51.56577
s0017,49,0,34.9297
s0017,50,0,39.539536
s0017,51,0,32.41458
s0017,52,0,45.300674
s0017,53,0,57.14317
s0017,54,0,66.83783
s0017,55,0,57.427265
s0017,56,0,71.93605
s0017,57,0,63.062454
s0017,58,0,46.65274
s0017,59,0,65.85082
s0017,60,0,61.89058
s0017,61,0,66.59045
s0017,62,0,78.645004
s0017,63,0,76.03642
s0017,64,0,65.94326
s0017,65,0,56.94756
s0017,66,0,70.7633
s0017,67,0,55.661186
s0017,68,0,62.063698
s0017,69,0,57.602303
s0017,70,0,56.540154
s0017,71,0,54.561375
s0017,72,0,54.674274
s0017,73,0,67.994545
s0017,74,0,85.045074
s0017,75,0,80.49754
s0017,76,0,75.5174
s0017,77,0,72.00022
s0017,78,0,76.00292
s0017,79,0,77.178894
s0017,80,0,66.89056
s0017,81,0,80.05078
s0017,82,0,72.5458
s0017,83,0,66.191444
s0017,84,0,72.154175
s0017,85,0,63.141357
s0017,86,0,60.444096
s0017,87,0,62.492977
s0017,88,0,63.197712
s0017,89,0,59.72931
s0017,90,0,58.68632
s0017,91,0,63.81837
s0017,92,0,75.987526
s0017,93,0,72.542854
s0017,94,0,70.50549
s0017,95,0,72.55712
s0018,0,0,58.42602
s0018,1,0,43.448154
s0018,2,0,43.814003
s0018,3,0,56.76337
s0018,4,0,55.2468
s0018,5,0,58.21969
s0018,6,0,53.29994
s0018,7,0,55.221027
s0018,8,0,65.517296
s0018,9,0,59.873505
s0018,10,0,61.941586
s0018,11,0,57.881313
s0018,12,0,64.00289
s0018,13,0,66.39503
s0018,14,0,73.64134
s0018,15,0,69.54643
s0018,16,0,62.438347
s0018,17,0,63.765106
s0018,18,0,61.01173
s0018,19,0,68.058685
s0018,20,0,69.88611
s0018,21,0,64.24673
s0018,22,0,64.11257
s0018,23,0,74.96716
s0018,24,0,67.30444
s0018,25,0,72.54085
s0018,26,0,71.13908
s0018,27,0,61.591953
s0018,28,0,69.55857
s0018,29,0,58.367928
s0018,30,0,70.63828
s0018,31,0,61.47216
s0018,32,0,51.830494
s0018,33,0,56.966614
s0018,34,0,48.550068
s0018,35,0,44.58993
s0018,36,0,57.486656
s0018,37,0,59.929398
s0018,38,0,48.408176
s0018,39,0,45.59522
s0018,40,0,58.893974
s0018,41,0,42.57092
s0018,42,0,65.57778
s0018,43,0,50.30846
s0018,44,0,45.70005
s0018,45,0,58.772163
s0018,46,0,29.706291
s0018,47,0,68.755394
s0018,48,0,47.04511
s0018,49,0,48.364033
s0018,50,0,45.11504
s0018,51,0,57.89153
s0018,52,0,55.009758
s0018,53,0,47.048298
s0018,54,0,57.765152
s0018,55,0,61.14842
s0018,56,0,52.683132
s0018,57,0,66.46929
s0018,58,0,58.68038
s0018,59,0,57.112225
s0018,60,0,60.366688
s0018,61,0,55.04487
s0018,62,0,71.32576
s0018,63,0,82.954735
s0018,64,0,55.63745
s0018,65,0,69.62739
s0018,66,0,67.38985
s0018,67,0,64.81848
s0018,68,0,72.266304
s0018,69,0,65.54878
s0018,70,0,53.410137
s0018,71,0,70.37032
s0018,72,0,71.09856
s0018,73,0,73.72777
s0018,74,0,79.534004
s0018,75,0,71.73557
s0018,76,0,65.60126
s0018,77,0,75.86007
s0018,78,0,82.97664
s0018,79,0,73.67436
s0018,80,0,68.10834
s0018,81,0,72.32685
s0018,82,0,71.260574
s0018,83,0,69.09425
s0018,84,0,70.32972
s0018,85,0,70.627594
s0018,86,0,67.5017
s0018,87,0,64.91957
s0018,88,0,57.6195
s0018,89,0,50.960403
s0018,90,0,56.219166
s0018,91,0,72.57739
s0018,92,0,69.3022
s0018,93,0,63.788364
s0018,94,0,63.85502
s0018,95,0,64.82674
s0019,0,0,57.164577
s0019,1,0,47.73533
s0019,2,0,51.174255
s0019,3,0,42.459396
s0019,4,0,60.482048
s0019,5,0,54.992252
s0019,6,0,47.073933
s0019,7,0,56.82633
s0019,8,0,63.079742
s0019,9,0,59.13765
s0019,10,0,53.356857
s0019,11,0,68.18494
s0019,12,0,69.56944
s0019,13,0,69.69468
s0019,14,0,66.29755
s0019,15,0,64.68099
s0019,16,0,64.305176
s0019,17,0,63.956863
s0019,18,0,62.276325
s0019,19,0,68.17848
s0019,20,0,66.40312
s0019,21,0,74.332794
s0019,22,0,61.437027
s0019,23,0,67.96211
s0019,24,0,71.96674
s0019,25,0,69.96605
s0019,26,0,67.06406
s0019,27,0,58.441017
s0019,28,0,80.99571
s0019,29,0,68.634285
s0019,30,0,47.10325
s0019,31,0,59.975513
s0019,32,0,60.473763
s0019,33,0,48.074112
s0019,34,0,64.65611
s0019,35,0,52.919327
s0019,36,0,66.03186
s0019,37,0,60.240223
s0019,38,0,57.845608
s0019,39,0,52.817963
s0019,40,0,60.95637
s0019,41,0,52.68066
s0019,42,0,38.986443
s0019,43,0,53.726864
s0019,44,0,41.119843
s0019,45,0,39.121117
s0019,46,0,43.187397
s0019,47,0,55.741707
s0019,48,0,49.73932
s0019,49,0,52.27866
s0019,50,0,59.027412
s0019,51,0,57.616543
s0019,52,0,60.009617
s0019,53,0,56.365837
s0019,54,0,66.76352
s0019,55,0,55.10029
s0019,56,0,48.869488
s0019,57,0,59.317345
s0019,58,0,58.527836
s0019,59,0,64.63122
s0019,60,0,69.55522
s0019,61,0,58.67831
s0019,62,0,69.49801
s0019,63,0,70.207375
s0019,64,0,64.4717
s0019,65,0,58.14372
s0019,66,0,67.64171
s0019,67,0,59.875767
s0019,68,0,69.46995
s0019,69,0,65.963455
s0019,70,0,65.52142
s0019,71,0,62.01311
s0019,72,0,60.757782
s0019,73,0,67.15596
s0019,74,0,78.56867
s0019,75,0,73.75483
s0019,76,0,74.40843
s0019,77,0,74.13944
s0019,78,0,71.68594
s0019,79,0,76.278786
s0019,80,0,70.01581
s0019,81,0,73.31338
s0019,82,0,71.47503
s0019,83,0,63.63547
s0019,84,0,60.856224
s0019,85,0,70.52908
s0019,86,0,66.61589
s0019,87,0,66.82762
s0019,88,0,57.212296
s0019,89,0,63.754562
s0019,90,0,61.333595
s0019,91,0,72.184425
s0019,92,0,63.305775
s0019,93,0,62.115597
s0019,94,0,73.022285
s0019,95,0,66.973465
s0020,0,0,57.790337
s0020,1,0,40.539837
s0020,2,0,56.106865
s0020,3,0,54.195934
s0020,4,0,59.502537
s0020,5,0,52.67135
s0020,6,0,45.40764
s0020,7,0,64.30253
s0020,8,0,56.748783
s0020,9,0,64.77079
s0020,10,0,52.848858
s0020,11,0,66.31554
s0020,12,0,77.215126
s0020,13,0,69.63239
s0020,14,0,76.14908
s0020,15,0,72.074844
s0020,16,0,65.61388
s0020,17,0,63.230587
s0020,18,0,69.81711
s0020,19,0,67.69699
s0020,20,0,70.72159
s0020,21,0,66.846436
s0020,22,0,61.949234
s0020,23,0,69.8723
s0020,24,0,71.56664
s0020,25,0,60.87092
s0020,26,0,68.53894
s0020,27,0,55.820137
s0020,28,0,73.71785
s0020,29,0,68.53088
s0020,30,0,59.910835
s0020,31,0,66.67724
s0020,32,0,44.15092
s0020,33,0,62.451168
s0020,34,0,59.227577
s0020,35,0,52.182896
s0020,36,0,50.31589
s0020,37,0,62.89674
s0020,38,0,63.33416
s0020,39,0,40.42036
s0020,40,0,55.266838
s0020,41,0,50.279858
s0020,42,0,23.237257
s0020,43,0,62.407185
s0020,44,0,55.69682
s0020,45,0,55.964794
s0020,46,0,64.55696
s0020,47,0,51.285213
s0020,48,0,62.26066
s0020,49,0,38.39857
s0020,50,0,63.60471
s0020,51,0,52.56958
s0020,52,0,44.897144
s0020,53,0,59.334667
s0020,54,0,60.976944
s0020,55,0,57.77928
s0020,56,0,53.336464
s0020,57,0,63.74708
s0020,58,0,56.25122
s0020,59,0,64.50091
s0020,60,0,58.43313
s0020,61,0,64.04317
s0020,62,0,71.41844
s0020,63,0,69.34694
s0020,64,0,66.24705
s0020,65,0,64.92004
s0020,66,0,82.41257
s0020,67,0,62.990658
s0020,68,0,54.098022
s0020,69,0,65.58902
s0020,70,0,57.64669
s0020,71,0,62.184166
s0020,72,0,64.917755
s0020,73,0,69.77869
s0020,74,0,76.370544
s0020,75,0,85.19173
s0020,76,0,68.651245
s0020,77,0,71.18638
s0020,78,0,75.151855
s0020,79,0,68.71006
s0020,80,0,75.279686
s0020,81,0,70.56551
s0020,82,0,62.281376
s0020,83,0,63.107258
s0020,84,0,59.785965
s0020,85,0,68.912224
s0020,86,0,65.09546
s0020,87,0,61.364292
s0020,88,0,56.644794
s0020,89,0,62.30988
s0020,90,0,57.586502
s0020,91,0,76.66128
s0020,92,0,62.86229
s0020,93,0,71.796524
s0020,94,0,68.107704
s0020,95,0,70.90032
s0021,0,0,58.565872
s0021,1,0,42.228954
s0021,2,0,48.56853
s0021,3,0,41.839397
s0021,4,0,48.64302
s0021,5,0,61.325863
s0021,6,0,53.074314
s0021,7,0,63.18522
s0021,8,0,71.61416
s0021,9,0,52.33454
s0021,10,0,56.33618
s0021,11,0,75.18232
s0021,12,0,64.31688
s0021,13,0,66.46208
s0021,14,0,71.54427
s0021,15,0,70.73938
s0021,16,0,64.47878
s0021,17,0,66.15816
s0021,18,0,62.642036
s0021,19,0,69.08149
s0021,20,0,58.702675
s0021,21,0,64.79721
s0021,22,0,58.894135
s0021,23,0,75.30016
s0021,24,0,64.64026
s0021,25,0,68.28342
s0021,26,0,73.582245
s0021,27,0,58.652325
s0021,28,0,70.372986
s0021,29,0,75.28008
s0021,30,0,59.594387
s0021,31,0,68.06387
s0021,32,0,59.891914
s0021,33,0,59.60339
s0021,34,0,55.255726
s0021,35,0,58.08487
s0021,36,0,53.509148
s0021,37,0,57.279522
s0021,38,0,58.449837
s0021,39,0,48.7931
s0021,40,0,57.01096
s0021,41,0,58.1529
s0021,42,0,47.554527
s0021,43,0,58.371407
s0021,44,0,39.91186
s0021,45,0,37.220337
s0021,46,0,24.248516
s0021,47,0,74.379974
s0021,48,0,45.36219
s0021,49,0,45.45546
s0021,50,0,67.332855
s0021,51,0,44.090862
s0021,52,0,56.37509
s0021,53,0,40.16096
s0021,54,0,65.33559
s0021,55,0,68.35838
s0021,56,0,60.503635
s0021,57,0,58.137947
s0021,58,0,64.66399
s0021,59,0,74.71791
s0021,60,0,58.65171
s0021,61,0,62.27211
s0021,62,0,65.59786
s0021,63,0,74.466385
s0021,64,0,71.6473
s0021,65,0,61.981293
s0021,66,0,54.886047
s0021,67,0,55.11704
s0021,68,0,64.09388
s0021,69,0,65.902466
s0021,70,0,56.395416
s0021,71,0,55.50723
s0021,72,0,57.874054
s0021,73,0,72.457954
s0021,74,0,68.181984
s0021,75,0,77.271904
s0021,76,0,82.061455
s0021,77,0,66.704704
s0021,78,0,73.374176
s0021,79,0,67.82593
s0021,80,0,75.15726
s0021,81,0,73.03922
s0021,82,0,69.378494
s0021,83,0,57.091717
s0021,84,0,77.66289
s0021,85,0,74.52632
s0021,86,0,69.4667
s0021,87,0,53.197952
s0021,88,0,61.566265
s0021,89,0,66.38388
s0021,90,0,59.515797
s0021,91,0,78.96594
s0021,92,0,56.13912
s0021,93,0,71.39398
s0021,94,0,73.51978
s0021,95,0,74.20577
s0022,0,0,58.66157
s0022,1,0,52.837006
s0022,2,0,40.845703
s0022,3,0,50.092545
s0022,4,0,39.59325
s0022,5,0,58.669853
s0022,6,0,46.163628
s0022,7,0,52.591396
s0022,8,0,50.83734
s0022,9,0,61.037254
s0022,10,0,53.120903
s0022,11,0,60.978718
s0022,12,0,69.65891
s0022,13,0,69.171844
s0022,14,0,68.10969
s0022,15,0,62.170517
s0022,16,0,60.28401
s0022,17,0,75.87405
s0022,18,0,69.83439
s0022,19,0,65.766914
s0022,20,0,76.236694
s0022,21,0,64.84482
s0022,22,0,63.621048
s0022,23,0,72.17505
s0022,24,0,71.28398
s0022,25,0,71.21232
s0022,26,0,76.99993
s0022,27,0,61.658157
s0022,28,0,70.46647
s0022,29,0,60.503414
s0022,30,0,51.591923
s0022,31,0,58.247734
s0022,32,0,57.897667
s0022,33,0,56.03799
s0022,34,0,56.39611
s0022,35,0,48.61212
s0022,36,0,57.31599
s0022,37,0,64.79633
s0022,38,0,44.14828
s0022,39,0,37.548553
s0022,40,0,74.7905
s0022,41,0,57.595196
s0022,42,0,46.10223
s0022,43,0,44.218586
s0022,44,0,47.68941
s0022,45,0,28.75319
s0022,46,0,33.35866
s0022,47,0,66.10048
s0022,48,0,61.987602
s0022,49,0,45.9778
s0022,50,0,37.443844
s0022,51,0,42.459164
s0022,52,0,46.6506
s0022,53,0,50.603264
s0022,54,0,67.80042
s0022,55,0,58.69546
s0022,56,0,54.652042
s0022,57,0,72.975204
s0022,58,0,49.526184
s0022,59,0,58.308807
s0022,60,0,63.42055
s0022,61,0,66.99954
s0022,62,0,78.04734
s0022,63,0,77.12864
s0022,64,0,62.881752
s0022,65,0,66.98072
s0022,66,0,70.12549
s0022,67,0,66.00258
s0022,68,0,64.010826
s0022,69,0,69.12859
s0022,70,0,50.997505
s0022,71,0,62.4997
s0022,72,0,65.085144
s0022,73,0,75.59558
s0022,74,0,72.201
s0022,75,0,72.929405
s0022,76,0,78.55682
s0022,77,0,71.14706
s0022,78,0,72.59434
s0022,79,0,72.36707
s0022,80,0,78.722855
s0022,81,0,78.32694
s0022,82,0,61.955437
s0022,83,0,67.902306
s0022,84,0,66.752304
s0022,85,0,79.66706
s0022,86,0,74.13006
s0022,87,0,65.34434
s0022,88,0,69.50002
s0022,89,0,61.528706
s0022,90,0,59.489166
s0022,91,0,69.36599
s0022,92,0,67.82807
s0022,93,0,72.5915
s0022,94,0,69.242424
s0022,95,0,65.458244
s0023,0,0,40.555798
s0023,1,0,61.366283
s0023,2,0,43.013775
s0023,3,0,52.766495
s0023,4,0,45.63038
s0023,5,0,51.838165
s0023,6,0,51.317577
s0023,7,0,54.51483
s0023,8,0,60.176903
s0023,9,0,63.71435
s0023,10,0,60.70151
s0023,11,0,56.03677
s0023,12,0,67.18438
s0023,13,0,56.671192
s0023,14,0,60.775887
s0023,15,0,59.274483
s0023,16,0,60.68266
s0023,17,0,64.040306
s0023,18,0,62.424553
s0023,19,0,60.18413
s0023,20,0,65.855545
s0023,21,0,62.44665
s0023,22,0,63.125633
s0023,23,0,66.96804
s0023,24,0,68.303185
s0023,25,0,72.44496
s0023,26,0,67.974655
s0023,27,0,64.346664
s0023,28,0,75.672714
s0023,29,0,67.822075
s0023,30,0,69.10423
s0023,31,0,61.8836
s0023,32,0,48.149033
s0023,33,0,52.268806
s0023,34,0,44.42184
s0023,35,0,60.334614
s0023,36,0,60.314346
s0023,37,0,59.038277
s0023,38,0,54.951942
s0023,39,0,65.59412
s0023,40,0,72.53668
s0023,41,0,50.700115
s0023,42,0,45.704273
s0023,43,0,63.612442
s0023,44,0,29.709515
s0023,45,0,65.97512
s0023,46,0,63.969288
s0023,47,0,48.011814
s0023,48,0,53.64222
s0023,49,0,50.001926
s0023,50,0,58.313717
s0023,51,0,43.9394
s0023,52,0,47.682518
s0023,53,0,69.65134
s0023,54,0,50.136818
s0023,55,0,59.50659
s0023,56,0,44.30615
s0023,57,0,53.458054
s0023,58,0,60.65881
s0023,59,0,64.86512
s0023,60,0,58.93961
s0023,61,0,60.2554
s0023,62,0,71.041885
s0023,63,0,61.269737
s0023,64,0,64.02328
s0023,65,0,66.44281
s0023,66,0,62.404346
s0023,67,0,66.480064
s0023,68,0,78.059395
s0023,69,0,68.73479
s0023,70,0,56.614834
s0023,71,0,53.781063
s0023,72,0,57.161057
s0023,73,0,71.49204
s0023,74,0,74.82959
s0023,75,0,72.16448
s0023,76,0,77.490974
s0023,77,0,77.685646
s0023,78,0,72.35591
s0023,79,0,63.821693
s0023,80,0,67.77895
s0023,81,0,74.79635
s0023,82,0,67.89198
s0023,83,0,54.98887
s0023,84,0,68.48062
s0023,85,0,72.08212
s0023,86,0,67.71064
s0023,87,0,66.100655
s0023,88,0,69.37121
s0023,89,0,71.41025
s0023,90,0,64.334206
s0023,91,0,72.20736
s0023,92,0,66.11545
s0023,93,0,64.25931
s0023,94,0,82.653435
s0023,95,0,72.30512
s0024,0,0,54.099472
s0024,1,0,52.11573
s0024,2,0,52.014874
s0024,3,0,49.470886
s0024,4,0,56.57621
s0024,5,0,52.46306
s0024,6,0,47.610367
s0024,7,0,59.992672
s0024,8,0,65.93873
s0024,9,0,58.299454
s0024,10,0,55.954838
s0024,11,0,67.486534
s0024,12,0,73.83762
s0024,13,0,73.165924
s0024,14,0,60.41907
s0024,15,0,73.426674
s0024,16,0,60.389545
s0024,17,0,72.232185
s0024,18,0,56.012646
s0024,19,0,61.22829
s0024,20,0,62.922054
s0024,21,0,67.643105
s0024,22,0,76.842255
s0024,23,0,71.592865
s0024,24,0,64.522095
s0024,25,0,66.405655
s0024,26,0,69.82977
s0024,27,0,58.04122
s0024,28,0,74.65122
s0024,29,0,62.400795
s0024,30,0,61.996223
s0024,31,0,58.094227
s0024,32,0,54.2387
s0024,33,0,47.81569
s0024,34,0,56.352455
s0024,35,0,61.56252
s0024,36,0,47.944725
s0024,37,0,55.108997
s0024,38,0,65.37254
s0024,39,0,50.595963
s0024,40,0,63.603184
s0024,41,0,49.214687
s0024,42,0,39.17627
s0024,43,0,51.24415
s0024,44,0,63.57028
s0024,45,0,47.973194
s0024,46,0,45.459343
s0024,47,0,66.710144
s0024,48,0,56.7354
s0024,49,0,52.2919
s0024,50,0,44.324318
s0024,51,0,61.930046
s0024,52,0,60.973293
s0024,53,0,54.41346
s0024,54,0,55.571617
s0024,55,0,56.913986
s0024,56,0,49.743397
s0024,57,0,68.445404
s0024,58,0,58.363956
s0024,59,0,63.143925
s0024,60,0,67.48958
s0024,61,0,60.387375
s0024,62,0,67.37008
s0024,63,0,71.014244
s0024,64,0,65.074615
s0024,65,0,67.297485
s0024,66,0,63.51111
s0024,67,0,62.878567
s0024,68,0,77.66352
s0024,69,0,69.722176
s0024,70,0,58.24116
s0024,71,0,62.583572
s0024,72,0,56.761993
s0024,73,0,62.009865
s0024,74,0,74.168526
s0024,75,0,71.33327
s0024,76,0,67.80601
s0024,77,0,70.151794
s0024,78,0,73.78456
s0024,79,0,72.09028
s0024,80,0,64.67454
s0024,81,0,71.09002
s0024,82,0,61.181534
s0024,83,0,69.936356
s0024,84,0,66.0987
s0024,85,0,64.03675
s0024,86,0,65.61813
s0024,87,0,62.178265
s0024,88,0,53.079597
s0024,89,0,61.707375
s0024,90,0,56.68756
s0024,91,0,70.07894
s0024,92,0,75.912155
s0024,93,0,64.491516
s0024,94,0,71.765526
s0024,95,0,59.931023
s0025,0,0,57.442596
s0025,1,0,44.193325
s0025,2,0,44.054646
s0025,3,0,38.999428
s0025,4,0,65.63164
s0025,5,0,58.279408
s0025,6,0,46.15475
s0025,7,0,60.28728
s0025,8,0,61.66997
s0025,9,0,64.27908
s0025,10,0,56.746494
s0025,11,0,58.51936
s0025,12,0,64.89159
s0025,13,0,61.10721
s0025,14,0,73.68503
s0025,15,0,71.266884
s0025,16,0,65.91964
s0025,17,0,72.140335
s0025,18,0,65.06854
s0025,19,0,70.071655
s0025,20,0,68.40588
s0025,21,0,66.26707
s0025,22,0,60.350555
s0025,23,0,71.124306
s0025,24,0,70.70328
s0025,25,0,72.93505
s0025,26,0,66.99158
s0025,27,0,59.36279
s0025,28,0,67.206535
s0025,29,0,75.839195
s0025,30,0,58.04937
s0025,31,0,69.5681
s0025,32,0,61.347763
s0025,33,0,50.06837
s0025,34,0,47.66706
s0025,35,0,49.761353
s0025,36,0,44.925636
s0025,37,0,57.959965
s0025,38,0,55.467876
s0025,39,0,50.911873
s0025,40,0,64.76804
s0025,41,0,61.84971
s0025,42,0,51.19102
s0025,43,0,38.686924
s0025,44,0,44.583645
s0025,45,0,58.755405
s0025,46,0,21.104696
s0025,47,0,40.05268
s0025,48,0,72.35995
s0025,49,0,56.347847
s0025,50,0,52.32457
s0025,51,0,65.20953
s0025,52,0,43.678886
s0025,53,0,39.84157
s0025,54,0,47.956276
s0025,55,0,49.581688
s0025,56,0,57.990227
s0025,57,0,69.29339
s0025,58,0,55.169075
s0025,59,0,68.48146
s0025,60,0,56.33021
s0025,61,0,68.4253
s0025,62,0,70.21632
s0025,63,0,78.269066
s0025,64,0,75.284836
s0025,65,0,71.04669
s0025,66,0,73.43241
s0025,67,0,68.288246
s0025,68,0,66.585915
s0025,69,0,73.28146
s0025,70,0,57.42747
s0025,71,0,62.375427
s0025,72,0,53.478
s0025,73,0,74.423164
s0025,74,0,61.7351
s0025,75,0,75.35709
s0025,76,0,75.62584
s0025,77,0,74.51903
s0025,78,0,76.0318
s0025,79,0,81.57989
s0025,80,0,69.48747
s0025,81,0,73.45308
s0025,82,0,71.83393
s0025,83,0,62.725227
s0025,84,0,67.20581
s0025,85,0,68.299286
s0025,86,0,69.51987
s0025,87,0,60.39911
s0025,88,0,69.51447
s0025,89,0,62.643665
s0025,90,0,68.615074
s0025,91,0,58.649426
s0025,92,0,68.20938
s0025,93,0,67.371605
s0025,94,0,65.24688
s0025,95,0,70.71932
s0026,0,0,52.647068
s0026,1,0,36.97728
s0026,2,0,45.401894
s0026,3,0,52.2933
s0026,4,0,57.28756
s0026,5,0,52.053883
s0026,6,0,49.64167
s0026,7,0,58.96902
s0026,8,0,62.78097
s0026,9,0,65.138145
s0026,10,0,62.15699
s0026,11,0,53.523163
s0026,12,0,67.04576
s0026,13,0,74.47707
s0026,14,0,60.478855
s0026,15,0,71.32852
s0026,16,0,64.315605
s0026,17,0,69.36133
s0026,18,0,59.58491
s0026,19,0,65.38599
s0026,20,0,74.84856
s0026,21,0,71.209366
s0026,22,0,61.512474
s0026,23,0,67.19133
s0026,24,0,70.12826
s0026,25,0,69.14555
s0026,26,0,73.330376
s0026,27,0,68.17
s0026,28,0,63.874393
s0026,29,0,71.84638
s0026,30,0,57.31135
s0026,31,0,70.64615
s0026,32,0,62.961086
s0026,33,0,54.49161
s0026,34,0,53.051876
s0026,35,0,47.779247
s0026,36,0,52.265347
s0026,37,0,64.82748
s0026,38,0,58.592228
s0026,39,0,49.978832
s0026,40,0,64.954155
s0026,41,0,53.07255
s0026,42,0,47.502453
s0026,43,0,55.483166
s0026,44,0,43.357548
s0026,45,0,50.22315
s0026,46,0,31.590689
s0026,47,0,52.65152
s0026,48,0,42.981365
s0026,49,0,54.50161
s0026,50,0,53.975254
s0026,51,0,59.279762
s0026,52,0,54.443844
s0026,53,0,32.411606
s0026,54,0,52.444046
s0026,55,0,49.78818
s0026,56,0,68.48869
s0026,57,0,59.667213
s0026,58,0,55.883247
s0026,59,0,60.280582
s0026,60,0,59.061535
s0026,61,0,66.87441
s0026,62,0,62.399723
s0026,63,0,71.88326
s0026,64,0,57.86124
s0026,65,0,68.97211
s0026,66,0,75.02472
s0026,67,0,59.214283
s0026,68,0,65.09819
s0026,69,0,64.556915
s0026,70,0,59.90533
s0026,71,0,52.383553
s0026,72,0,61.471054
s0026,73,0,63.525513
s0026,74,0,72.063866
s0026,75,0,79.15087
s0026,76,0,72.79719
s0026,77,0,70.156136
s0026,78,0,69.178246
s0026,79,0,71.85262
s0026,80,0,65.067696
s0026,81,0,78.82953
s0026,82,0,64.40208
s0026,83,0,58.5858
s0026,84,0,67.606415
s0026,85,0,73.36312
s0026,86,0,59.883987
s0026,87,0,64.94588
s0026,88,0,65.076294
s0026,89,0,64.63497
s0026,90,0,60.93916
s0026,91,0,70.71202
s0026,92,0,58.945538
s0026,93,0,58.277027
s0026,94,0,61.935596
s0026,95,0,72.299965
s0027,0,0,41.787872
s0027,1,0,41.18864
s0027,2,0,36.79033
s0027,3,0,56.600986
s0027,4,0,49.177948
s0027,5,0,64.12967
s0027,6,0,51.764038
s0027,7,0,61.016315
s0027,8,0,58.118122
s0027,9,0,57.35946
s0027,10,0,58.44515
s0027,11,0,60.386852
s0027,12,0,76.04916
s0027,13,0,68.50139
s0027,14,0,60.021027
s0027,15,0,56.349266
s0027,16,0,71.33527
s0027,17,0,75.20597
s0027,18,0,66.87922
s0027,19,0,61.388668
s0027,20,0,73.08714
s0027,21,0,61.11656
s0027,22,0,61.52146
s0027,23,0,71.22381
s0027,24,0,73.01816
s0027,25,0,63.78229
s0027,26,0,66.50145
s0027,27,0,77.74273
s0027,28,0,60.614098
s0027,29,0,66.87151
s0027,30,0,65.516655
s0027,31,0,73.25469
s0027,32,0,61.17571
s0027,33,0,43.61565
s0027,34,0,48.18195
s0027,35,0,47.503437
s0027,36,0,54.096615
s0027,37,0,61.13805
s0027,38,0,54.84298
s0027,39,0,63.33538
s0027,40,0,60.86157
s0027,41,0,55.380863
s0027,42,0,64.55388
s0027,43,0,53.72405
s0027,44,0,39.12351
s0027,45,0,53.324192
s0027,46,0,42.61335
s0027,47,0,53.351406
s0027,48,0,60.926422
s0027,49,0,50.299107
s0027,50,0,49.11031
s0027,51,0,53.034904
s0027,52,0,57.31543
s0027,53,0,38.097652
s0027,54,0,66.5485
s0027,55,0,43.368282
s0027,56,0,56.558887
s0027,57,0,69.26004
s0027,58,0,62.791454
s0027,59,0,67.122894
s0027,60,0,69.710495
s0027,61,0,64.09604
s0027,62,0,67.94647
s0027,63,0,72.51664
s0027,64,0,65.30254
s0027,65,0,63.03941
s0027,66,0,60.578194
s0027,67,0,66.227165
s0027,68,0,76.60224
s0027,69,0,68.11535
s0027,70,0,63.731293
s0027,71,0,57.50319
s0027,72,0,63.850933
s0027,73,0,59.661053
s0027,74,0,65.7067
s0027,75,0,82.240105
s0027,76,0,67.87836
s0027,77,0,65.60644
s0027,78,0,71.57607
s0027,79,0,70.66593
s0027,80,0,75.9751
s0027,81,0,77.163925
s0027,82,0,62.423695
s0027,83,0,61.11725
s0027,84,0,68.44181
s0027,85,0,69.72914
s0027,86,0,53.350212
s0027,87,0,56.70841
s0027,88,0,63.245243
s0027,89,0,61.809566
s0027,90,0,56.587048
s0027,91,0,68.09427
s0027,92,0,63.597027
s0027,93,0,69.508224
s0027,94,0,67.646805
s0027,95,0,74.36801
s0028,0,0,65.202354
s0028,1,0,54.939533
s0028,2,0,54.387077
s0028,3,0,37.653496
s0028,4,0,47.595543
s0028,5,0,56.223217
s0028,6,0,63.591423
s0028,7,0,54.300068
s0028,8,0,60.855396
s0028,9,0,58.94363
s0028,10,0,63.209187
s0028,11,0,50.85411
s0028,12,0,69.6621
s0028,13,0,63.45125
s0028,14,0,65.873215
s0028,15,0,76.02368
s0028,16,0,65.32418
s0028,17,0,63.100315
s0028,18,0,54.63051
s0028,19,0,66.38109
s0028,20,0,74.30458
s0028,21,0,78.20508
s0028,22,0,62.173862
s0028,23,0,70.74199
s0028,24,0,71.96368
s0028,25,0,65.918915
s0028,26,0,72.18916
s0028,27,0,65.12505
s0028,28,0,64.34645
s0028,29,0,67.508354
s0028,30,0,63.108364
s0028,31,0,63.96985
s0028,32,0,55.60598
s0028,33,0,52.660305
s0028,34,0,54.215164
s0028,35,0,51.547386
s0028,36,0,53.383423
s0028,37,0,57.308502
s0028,38,0,57.02473
s0028,39,0,61.02452
s0028,40,0,61.374306
s0028,41,0,45.362408
s0028,42,0,64.41638
s0028,43,0,37.693874
s0028,44,0,61.08535
s0028,45,0,45.11765
s0028,46,0,51.61028
s0028,47,0,45.54816
s0028,48,0,58.23033
s0028,49,0,57.919228
s0028,50,0,54.22852
s0028,51,0,45.846123
s0028,52,0,59.163525
s0028,53,0,48.23686
s0028,54,0,57.781544
s0028,55,0,52.797585
s0028,56,0,61.365707
s0028,57,0,60.049057
s0028,58,0,54.76701
s0028,59,0,64.042725
s0028,60,0,55.335857
s0028,61,0,62.010838
s0028,62,0,74.14484
s0028,63,0,65.22381
s0028,64,0,58.599514
s0028,65,0,65.975815
s0028,66,0,61.77791
s0028,67,0,52.888832
s0028,68,0,65.94367
s0028,69,0,72.32751
s0028,70,0,54.800224
s0028,71,0,60.983936
s0028,72,0,55.136326
s0028,73,0,68.46271
s0028,74,0,74.76
s0028,75,0,70.95708
s0028,76,0,79.422615
s0028,77,0,74.72084
s0028,78,0,74.48256
s0028,79,0,65.706635
s0028,80,0,71.48176
s0028,81,0,72.04775
s0028,82,0,73.633705
s0028,83,0,60.36579
s0028,84,0,70.49708
s0028,85,0,75.60742
s0028,86,0,62.84107
s0028,87,0,56.294765
s0028,88,0,58.65072
s0028,89,0,58.880016
s0028,90,0,54.669506
s0028,91,0,63.519382
s0028,92,0,65.11288
s0028,93,0,70.95943
s0028,94,0,69.43683
s0028,95,0,70.93331
s0029,0,0,64.56617
s0029,1,0,48.301117
s0029,2,0,42.762215
s0029,3,0,40.48829
s0029,4,0,47.06073
s0029,5,0,49.402645
s0029,6,0,53.467678
s0029,7,0,52.97623
s0029,8,0,50.89129
s0029,9,0,66.54338
s0029,10,0,54.28202
s0029,11,0,67.830956
s0029,12,0,67.32825
s0029,13,0,63.31919
s0029,14,0,61.787262
s0029,15,0,63.930653
s0029,16,0,61.030643
s0029,17,0,66.35294
s0029,18,0,59.22382
s0029,19,0,62.00992
s0029,20,0,69.63745
s0029,21,0,60.571373
s0029,22,0,62.08681
s0029,23,0,80.239456
s0029,24,0,70.51465
s0029,25,0,61.576683
s0029,26,0,69.49992
s0029,27,0,63.88144
s0029,28,0,73.41979
s0029,29,0,72.73158
s0029,30,0,56.464073
s0029,31,0,65.872986
s0029,32,0,55.216225
s0029,33,0,51.18196
s0029,34,0,43.264683
s0029,35,0,60.61735
s0029,36,0,52.669304
s0029,37,0,52.463764
s0029,38,0,58.790703
s0029,39,0,39.83015
s0029,40,0,69.36987
s0029,41,0,50.131138
s0029,42,0,41.543472
s0029,43,0,64.54817
s0029,44,0,35.522865
s0029,45,0,54.47779
s0029,46,0,50.389236
s0029,47,0,47.335342
s0029,48,0,30.159555
s0029,49,0,43.665016
s0029,50,0,58.499428
s0029,51,0,55.216663
s0029,52,0,62.356956
s0029,53,0,50.23766
s0029,54,0,62.352673
s0029,55,0,67.74105
s0029,56,0,58.022224
s0029,57,0,73.20708
s0029,58,0,56.497147
s0029,59,0,63.25782
s0029,60,0,71.165146
s0029,61,0,60.8466
s0029,62,0,66.94398
s0029,63,0,72.115395
s0029,64,0,62.628254
s0029,65,0,72.244965
s0029,66,0,72.40446
s0029,67,0,81.52916
s0029,68,0,60.92583
s0029,69,0,73.08679
s0029,70,0,62.018246
s0029,71,0,62.990604
s0029,72,0,52.385067
s0029,73,0,72.55948
s0029,74,0,75.547844
s0029,75,0,74.16661
s0029,76,0,81.535225
s0029,77,0,69.20604
s0029,78,0,79.58538
s0029,79,0,76.25129
s0029,80,0,64.82805
s0029,81,0,69.12062
s0029,82,0,66.183556
s0029,83,0,62.304775
s0029,84,0,77.034935
s0029,85,0,72.58287
s0029,86,0,75.788445
s0029,87,0,50.15735
s0029,88,0,73.145515
s0029,89,0,62.289883
s0029,90,0,70.45686
s0029,91,0,68.133606
s0029,92,0,56.16461
s0029,93,0,65.0375
s0029,94,0,67.285805
s0029,95,0,60.0401
s0030,0,0,50.28581
s0030,1,0,50.782013
s0030,2,0,44.733803
s0030,3,0,47.354195
s0030,4,0,61.496456
s0030,5,0,53.292526
s0030,6,0,46.72595
s0030,7,0,56.5278
s0030,8,0,54.581554
s0030,9,0,56.819927
s0030,10,0,63.234856
s0030,11,0,63.563564
s0030,12,0,70.26415
s0030,13,0,66.40209
s0030,14,0,70.38314
s0030,15,0,67.72405
s0030,16,0,63.235397
s0030,17,0,52.362206
s0030,18,0,65.02839
s0030,19,0,70.60164
s0030,20,0,67.384926
s0030,21,0,72.13768
s0030,22,0,58.43356
s0030,23,0,61.789772
s0030,24,0,69.48774
s0030,25,0,65.75233
s0030,26,0,76.067696
s0030,27,0,60.040985
s0030,28,0,70.148155
s0030,29,0,70.84328
s0030,30,0,54.60916
s0030,31,0,65.450096
s0030,32,0,65.2362
s0030,33,0,52.697163
s0030,34,0,53.536972
s0030,35,0,48.816307
s0030,36,0,49.684586
s0030,37,0,66.06588
s0030,38,0,47.69559
s0030,39,0,47.631367
s0030,40,0,66.94827
s0030,41,0,58.99489
s0030,42,0,41.44498
s0030,43,0,41.147144
s0030,44,0,52.469482
s0030,45,0,45.48888
s0030,46,0,54.05353
s0030,47,0,45.116573
s0030,48,0,63.579258
s0030,49,0,46.521954
s0030,50,0,60.98259
s0030,51,0,41.33672
s0030,52,0,73.52012
s0030,53,0,52.15922
s0030,54,0,53.33425
s0030,55,0,53.70788
s0030,56,0,47.291553
s0030,57,0,61.87307
s0030,58,0,58.113472
s0030,59,0,62.703136
s0030,60,0,61.889004
s0030,61,0,60.836666
s0030,62,0,68.480255
s0030,63,0,69.85822
s0030,64,0,70.80387
s0030,65,0,62.673492
s0030,66,0,69.726974
s0030,67,0,63.743587
s0030,68,0,60.85752
s0030,69,0,57.964905
s0030,70,0,56.54286
s0030,71,0,52.681297
s0030,72,0,63.65376
s0030,73,0,63.13985
s0030,74,0,64.18665
s0030,75,0,77.44487
s0030,76,0,74.598595
s0030,77,0,65.209206
s0030,78,0,68.34188
s0030,79,0,77.95591
s0030,80,0,72.47811
s0030,81,0,69.46885
s0030,82,0,65.10516
s0030,83,0,73.43514
s0030,84,0,61.421783
s0030,85,0,74.26874
s0030,86,0,69.07531
s0030,87,0,55.528362
s0030,88,0,60.5019
s0030,89,0,57.062706
s0030,90,0,58.75128
s0030,91,0,69.102516
s0030,92,0,71.273575
s0030,93,0,66.44429
s0030,94,0,70.48946
s0030,95,0,76.942726
s0031,0,0,53.52757
s0031,1,0,50.257187
s0031,2,0,47.220486
s0031,3,0,47.88459
s0031,4,0,43.28829
s0031,5,0,55.23358
s0031,6,0,54.7914
s0031,7,0,53.54035
s0031,8,0,53.26751
s0031,9,0,59.948257
s0031,10,0,60.52928
s0031,11,0,60.655502
s0031,12,0,68.550545
s0031,13,0,65.39178
s0031,14,0,68.94518
s0031,15,0,61.789326
s0031,16,0,54.317204
s0031,17,0,69.53454
s0031,18,0,76.74437
s0031,19,0,61.110233
s0031,20,0,66.74195
s0031,21,0,59.601395
s0031,22,0,66.4737
s0031,23,0,56.803024
s0031,24,0,65.89222
s0031,25,0,68.03478
s0031,26,0,79.06049
s0031,27,0,62.95384
s0031,28,0,65.66134
s0031,29,0,84.91521
s0031,30,0,58.13511
s0031,31,0,65.20403
s0031,32,0,63.26114
s0031,33,0,53.248177
s0031,34,0,46.108
s0031,35,0,44.21921
s0031,36,0,54.03764
s0031,37,0,49.620033
s0031,38,0,62.553192
s0031,39,0,45.517254
s0031,40,0,74.32863
s0031,41,0,52.004414
s0031,42,0,56.762856
s0031,43,0,48.695393
s0031,44,0,46.01717
s0031,45,0,54.094746
s0031,46,0,64.3884
s0031,47,0,61.482567
s0031,48,0,59.937126
s0031,49,0,42.571384
s0031,50,0,44.199398
s0031,51,0,47.863808
s0031,52,0,60.128567
s0031,53,0,50.37455
s0031,54,0,44.403725
s0031,55,0,50.414303
s0031,56,0,50.596878
s0031,57,0,64.227486
s0031,58,0,62.031017
s0031,59,0,61.96477
s0031,60,0,50.573437
s0031,61,0,61.31876
s0031,62,0,67.45472
s0031,63,0,70.71838
s0031,64,0,68.4409
s0031,65,0,66.50908
s0031,66,0,69.901405
s0031,67,0,60.538563
s0031,68,0,69.54641
s0031,69,0,63.416374
s0031,70,0,64.70038
s0031,71,0,67.55379
s0031,72,0,57.774628
s0031,73,0,64.203
s0031,74,0,67.08841
s0031,75,0,77.53475
s0031,76,0,81.4852
s0031,77,0,69.981636
s0031,78,0,80.77188
s0031,79,0,72.41758
s0031,80,0,73.26297
s0031,81,0,75.244934
s0031,82,0,72.24994
s0031,83,0,61.648113
s0031,84,0,61.48655
s0031,85,0,70.72909
s0031,86,0,69.487206
s0031,87,0,69.3226
s0031,88,0,62.90756
s0031,89,0,68.146935
s0031,90,0,58.268616
s0031,91,0,64.30572
s0031,92,0,67.90525
s0031,93,0,77.357056
s0031,94,0,70.3609
s0031,95,0,64.295685
s0032,0,0,45.384064
s0032,1,0,40.76006
s0032,2,0,51.008293
s0032,3,0,44.242424
s0032,4,0,56.278957
s0032,5,0,56.879105
s0032,6,0,46.92617
s0032,7,0,53.68538
s0032,8,0,64.34131
s0032,9,0,60.19892
s0032,10,0,60.82013
s0032,11,0,60.86009
s0032,12,0,70.291275
s0032,13,0,63.795254
s0032,14,0,67.530716
s0032,15,0,70.892494
s0032,16,0,66.858284
s0032,17,0,64.05653
s0032,18,0,61.03218
s0032,19,0,73.44718
s0032,20,0,60.722603
s0032,21,0,60.393135
s0032,22,0,67.19985
s0032,23,0,69.568054
s0032,24,0,82.08672
s0032,25,0,64.13404
s0032,26,0,69.27567
s0032,27,0,67.83391
s0032,28,0,74.97723
s0032,29,0,71.70406
s0032,30,0,57.843864
s0032,31,0,73.87715
s0032,32,0,57.353443
s0032,33,0,52.99937
s0032,34,0,55.560505
s0032,35,0,44.893124
s0032,36,0,57.2076
s0032,37,0,50.665337
s0032,38,0,59.040855
s0032,39,0,45.1213
s0032,40,0,72.831795
s0032,41,0,62.928776
s0032,42,0,62.910103
s0032,43,0,61.42089
s0032,44,0,54.444115
s0032,45,0,32.74395
s0032,46,0,23.42864
s0032,47,0,25.318253
s0032,48,0,71.43751
s0032,49,0,60.073902
s0032,50,0,46.416317
s0032,51,0,54.20931
s0032,52,0,51.324303
s0032,53,0,57.76581
s0032,54,0,50.42846
s0032,55,0,54.770405
s0032,56,0,58.842583
s0032,57,0,67.52858
s0032,58,0,65.64895
s0032,59,0,64.93179
s0032,60,0,61.398506
s0032,61,0,65.37171
s0032,62,0,60.74326
s0032,63,0,71.91631
s0032,64,0,61.381893
s0032,65,0,71.7579
s0032,66,0,68.11965
s0032,67,0,65.05166
s0032,68,0,74.73117
s0032,69,0,59.091194
s0032,70,0,54.90913
s0032,71,0,59.041843
s0032,72,0,60.655342
s0032,73,0,67.407265
s0032,74,0,69.06169
s0032,75,0,63.690723
s0032,76,0,77.10781
s0032,77,0,82.04319
s0032,78,0,67.66008
s0032,79,0,75.68362
s0032,80,0,73.92442
s0032,81,0,69.926834
s0032,82,0,68.36071
s0032,83,0,62.435658
s0032,84,0,71.094505
s0032,85,0,72.953835
s0032,86,0,61.916065
s0032,87,0,60.98831
s0032,88,0,67.42437
s0032,89,0,68.61699
s0032,90,0,55.925953
s0032,91,0,72.15317
s0032,92,0,59.3025
s0032,93,0,73.059845
s0032,94,0,66.101006
s0032,95,0,73.6685
s0033,0,0,54.872658
s0033,1,0,52.31882
s0033,2,0,47.00464
s0033,3,0,45.21253
s0033,4,0,60.81113
s0033,5,0,58.680412
s0033,6,0,46.552616
s0033,7,0,55.472847
s0033,8,0,55.45716
s0033,9,0,60.891144
s0033,10,0,56.044422
s0033,11,0,68.361
s0033,12,0,66.30196
s0033,13,0,67.34958
s0033,14,0,70.96896
s0033,15,0,70.14675
s0033,16,0,66.43527
s0033,17,0,67.01877
s0033,18,0,60.722805
s0033,19,0,56.581944
s0033,20,0,69.460915
s0033,21,0,74.233246
s0033,22,0,59.42572
s0033,23,0,75.14379
s0033,24,0,74.975235
s0033,25,0,69.33941
s0033,26,0,63.957874
s0033,27,0,62.083004
s0033,28,0,66.81979
s0033,29,0,69.79711
s0033,30,0,53.9415
s0033,31,0,67.07246
s0033,32,0,61.19219
s0033,33,0,50.54611
s0033,34,0,58.187115
s0033,35,0,56.884415
s0033,36,0,48.31455
s0033,37,0,56.63066
s0033,38,0,58.984673
s0033,39,0,51.800922
s0033,40,0,57.558193
s0033,41,0,47.082466
s0033,42,0,38.673847
s0033,43,0,38.33083
s0033,44,0,49.577248
s0033,45,0,30.986835
s0033,46,0,62.684437
s0033,47,0,42.44417
s0033,48,0,35.220562
s0033,49,0,39.77371
s0033,50,0,53.036953
s0033,51,0,47.06688
s0033,52,0,28.88294
s0033,53,0,54.3581
s0033,54,0,47.47716
s0033,55,0,49.43128
s0033,56,0,52.662693
s0033,57,0,75.69363
s0033,58,0,54.910908
s0033,59,0,66.67585
s0033,60,0,56.642605
s0033,61,0,68.35472
s0033,62,0,70.925804
s0033,63,0,75.18884
s0033,64,0,66.49497
s0033,65,0,66.55045
s0033,66,0,77.534996
s0033,67,0,74.17355
s0033,68,0,68.09861
s0033,69,0,64.545944
s0033,70,0,58.32765
s0033,71,0,61.791523
s0033,72,0,68.55156
s0033,73,0,72.04541
s0033,74,0,68.56302
s0033,75,0,72.85873
s0033,76,0,73.608406
s0033,77,0,74.08141
s0033,78,0,77.30925
s0033,79,0,76.41224
s0033,80,0,82.49377
s0033,81,0,76.86869
s0033,82,0,58.931614
s0033,83,0,60.212578
s0033,84,0,66.911415
s0033,85,0,67.74088
s0033,86,0,67.47801
s0033,87,0,66.562386
s0033,88,0,62.067043
s0033,89,0,64.044525
s0033,90,0,56.89861
s0033,91,0,72.26366
s0033,92,0,66.03978
s0033,93,0,66.491234
s0033,94,0,76.1313
s0033,95,0,67.72303
s0034,0,0,55.182858
s0034,1,0,40.032764
s0034,2,0,41.552624
s0034,3,0,48.500313
s0034,4,0,51.846172
s0034,5,0,54.64624
s0034,6,0,55.301632
s0034,7,0,59.027687
s0034,8,0,50.46289
s0034,9,0,52.576897
s0034,10,0,62.631958
s0034,11,0,70.64017
s0034,12,0,69.102425
s0034,13,0,59.088753
s0034,14,0,69.53009
s0034,15,0,64.63796
s0034,16,0,65.2997
s0034,17,0,66.84527
s0034,18,0,68.943855
s0034,19,0,63.21117
s0034,20,0,58.266888
s0034,21,0,62.052467
s0034,22,0,60.502434
s0034,23,0,68.02462
s0034,24,0,77.04616
s0034,25,0,74.59348
s0034,26,0,69.6385
s0034,27,0,65.162704
s0034,28,0,70.646515
s0034,29,0,74.78646
s0034,30,0,61.984787
s0034,31,0,64.87827
s0034,32,0,59.140835
s0034,33,0,42.63854
s0034,34,0,55.16649
s0034,35,0,53.701523
s0034,36,0,53.58135
s0034,37,0,62.985035
s0034,38,0,50.23273
s0034,39,0,55.77652
s0034,40,0,69.98832
s0034,41,0,53.738377
s0034,42,0,40.39593
s0034,43,0,48.66523
s0034,44,0,34.40562
s0034,45,0,44.494263
s0034,46,0,27.710455
s0034,47,0,38.016422
s0034,48,0,28.97877
s0034,49,0,57.48198
s0034,50,0,37.197594
s0034,51,0,44.079742
s0034,52,0,52.913605
s0034,53,0,49.919006
s0034,54,0,57.326675
s0034,55,0,69.38368
s0034,56,0,61.099174
s0034,57,0,61.20445
s0034,58,0,51.543026
s0034,59,0,65.79127
s0034,60,0,58.658436
s0034,61,0,65.69341
s0034,62,0,69.645996
s0034,63,0,72.829636
s0034,64,0,66.81007
s0034,65,0,65.366776
s0034,66,0,64.1732
s0034,67,0,61.136044
s0034,68,0,57.80406
s0034,69,0,64.12085
s0034,70,0,64.885544
s0034,71,0,65.14627
s0034,72,0,59.656567
s0034,73,0,65.649536
s0034,74,0,77.723694
s0034,75,0,66.3803
s0034,76,0,76.73158
s0034,77,0,60.90458
s0034,78,0,78.38712
s0034,79,0,75.85306
s0034,80,0,72.40321
s0034,81,0,82.63778
s0034,82,0,62.94023
s0034,83,0,62.17836
s0034,84,0,73.89372
s0034,85,0,78.031784
s0034,86,0,52.320587
s0034,87,0,59.636913
s0034,88,0,67.19813
s0034,89,0,57.994865
s0034,90,0,53.84782
s0034,91,0,70.153496
s0034,92,0,60.21148
s0034,93,0,72.53198
s0034,94,0,72.74769
s0034,95,0,79.67153
s0035,0,0,49.219376
s0035,1,0,49.628944
s0035,2,0,48.851402
s0035,3,0,50.346844
s0035,4,0,54.626064
s0035,5,0,56.22139
s0035,6,0,52.88866
s0035,7,0,52.671185
s0035,8,0,60.64367
s0035,9,0,64.18364
s0035,10,0,64.428024
s0035,11,0,72.61626
s0035,12,0,63.34108
s0035,13,0,78.28451
s0035,14,0,68.44561
s0035,15,0,67.303505
s0035,16,0,61.03025
s0035,17,0,59.379368
s0035,18,0,63.9874
s0035,19,0,58.860775
s0035,20,0,64.52395
s0035,21,0,70.61661
s0035,22,0,61.18239
s0035,23,0,68.24364
s0035,24,0,67.49969
s0035,25,0,70.954895
s0035,26,0,64.21778
s0035,27,0,68.48557
s0035,28,0,71.32586
s0035,29,0,59.24575
s0035,30,0,60.11206
s0035,31,0,56.999683
s0035,32,0,49.787437
s0035,33,0,67.25355
s0035,34,0,57.109722
s0035,35,0,61.532364
s0035,36,0,54.13735
s0035,37,0,61.35079
s0035,38,0,59.330597
s0035,39,0,57.95534
s0035,40,0,61.62429
s0035,41,0,63.30838
s0035,42,0,45.122948
s0035,43,0,36.32733
s0035,44,0,29.678854
s0035,45,0,52.004757
s0035,46,0,40.85755
s0035,47,0,29.148506
s0035,48,0,31.560549
s0035,49,0,41.712395
s0035,50,0,40.99926
s0035,51,0,56.505005
s0035,52,0,43.849525
s0035,53,0,54.621113
s0035,54,0,64.20861
s0035,55,0,53.996128
s0035,56,0,46.804195
s0035,57,0,67.99053
s0035,58,0,56.885956
s0035,59,0,70.13261
s0035,60,0,60.57562
s0035,61,0,66.243805
s0035,62,0,72.36734
s0035,63,0,68.737915
s0035,64,0,61.35832
s0035,65,0,64.74271
s0035,66,0,73.02648
s0035,67,0,65.14962
s0035,68,0,65.235054
s0035,69,0,68.9861
s0035,70,0,52.453205
s0035,71,0,68.702736
s0035,72,0,58.64219
s0035,73,0,75.81862
s0035,74,0,70.57672
s0035,75,0,76.40777
s0035,76,0,78.63091
s0035,77,0,80.84768
s0035,78,0,86.6083
s0035,79,0,78.038795
s0035,80,0,71.47587
s0035,81,0,85.16907
s0035,82,0,73.78024
s0035,83,0,60.511467
s0035,84,0,67.66593
s0035,85,0,74.70726
s0035,86,0,60.47241
s0035,87,0,72.3594
s0035,88,0,56.716557
s0035,89,0,58.267406
s0035,90,0,56.030983
s0035,91,0,68.25177
s0035,92,0,71.76008
s0035,93,0,64.99754
s0035,94,0,60.252403
s0035,95,0,70.59383
s0036,0,0,59.371
s0036,1,0,48.05239
s0036,2,0,42.355274
s0036,3,0,48.428097
s0036,4,0,60.739697
s0036,5,0,53.307194
s0036,6,0,55.04073
s0036,7,0,52.519516
s0036,8,0,60.44323
s0036,9,0,53.770443
s0036,10,0,62.055134
s0036,11,0,67.193054
s0036,12,0,62.00241
s0036,13,0,64.45722
s0036,14,0,57.345585
s0036,15,0,72.33555
s0036,16,0,69.353195
s0036,17,0,60.93123
s0036,18,0,67.78624
s0036,19,0,77.13465
s0036,20,0,69.00316
s0036,21,0,67.29805
s0036,22,0,66.3055
s0036,23,0,75.081856
s0036,24,0,69.630295
s0036,25,0,67.87949
s0036,26,0,69.00992
s0036,27,0,67.94786
s0036,28,0,71.87493
s0036,29,0,66.26589
s0036,30,0,48.548588
s0036,31,0,69.18669
s0036,32,0,61.77522
s0036,33,0,63.527702
s0036,34,0,59.22363
s0036,35,0,55.0858
s0036,36,0,43.709667
s0036,37,0,49.550694
s0036,38,0,66.469215
s0036,39,0,64.13007
s0036,40,0,63.04545
s0036,41,0,37.702744
s0036,42,0,31.73456
s0036,43,0,43.31261
s0036,44,0,43.045563
s0036,45,0,50.54418
s0036,46,0,49.43695
s0036,47,0,49.590923
s0036,48,0,50.62656
s0036,49,0,55.382755
s0036,50,0,57.466488
s0036,51,0,45.20418
s0036,52,0,62.362972
s0036,53,0,50.77064
s0036,54,0,39.79874
s0036,55,0,50.19364
s0036,56,0,59.922184
s0036,57,0,61.374916
s0036,58,0,65.15748
s0036,59,0,64.72498
s0036,60,0,53.2721
s0036,61,0,60.207546
s0036,62,0,71.18904
s0036,63,0,67.09549
s0036,64,0,67.82025
s0036,65,0,66.67777
s0036,66,0,62.71877
s0036,67,0,57.385883
s0036,68,0,69.175415
s0036,69,0,64.79284
s0036,70,0,60.42652
s0036,71,0,65.33922
s0036,72,0,56.28293
s0036,73,0,56.663628
s0036,74,0,67.616844
s0036,75,0,76.40572
s0036,76,0,63.866985
s0036,77,0,85.4226
s0036,78,0,76.75568
s0036,79,0,70.117836
s0036,80,0,72.571594
s0036,81,0,64.50825
s0036,82,0,65.73502
s0036,83,0,59.57051
s0036,84,0,63.137398
s0036,85,0,71.9405
s0036,86,0,62.353992
s0036,87,0,62.876347
s0036,88,0,73.32106
s0036,89,0,58.865032
s0036,90,0,55.418926
s0036,91,0,64.34849
s0036,92,0,69.7672
s0036,93,0,75.89087
s0036,94,0,78.464874
s0036,95,0,66.2953
s0037,0,0,53.64543
s0037,1,0,40.97025
s0037,2,0,44.218044
s0037,3,0,51.077316
s0037,4,0,50.993385
s0037,5,0,51.838516
s0037,6,0,50.853573
s0037,7,0,53.315323
s0037,8,0,55.76112
s0037,9,0,58.45274
s0037,10,0,49.324238
s0037,11,0,70.273
s0037,12,0,65.09753
s0037,13,0,67.2647
s0037,14,0,62.8369
s0037,15,0,63.092617
s0037,16,0,55.501392
s0037,17,0,63.37892
s0037,18,0,76.19615
s0037,19,0,69.41297
s0037,20,0,70.60143
s0037,21,0,68.08432
s0037,22,0,68.51783
s0037,23,0,71.22891
s0037,24,0,65.6319
s0037,25,0,68.186905
s0037,26,0,71.94669
s0037,27,0,68.784515
s0037,28,0,69.20231
s0037,29,0,65.0144
s0037,30,0,51.819244
s0037,31,0,69.62754
s0037,32,0,53.15444
s0037,33,0,60.366768
s0037,34,0,52.517155
s0037,35,0,37.15396
s0037,36,0,51.437206
s0037,37,0,47.947968
s0037,38,0,53.770817
s0037,39,0,71.66303
s0037,40,0,78.84668
s0037,41,0,36.41839
s0037,42,0,59.096245
s0037,43,0,48.01201
s0037,44,0,40.302834
s0037,45,0,56.896904
s0037,46,0,58.3446
s0037,47,0,30.875967
s0037,48,0,50.879322
s0037,49,0,54.026382
s0037,50,0,46.897808
s0037,51,0,69.05199
s0037,52,0,33.080105
s0037,53,0,55.860065
s0037,54,0,52.634975
s0037,55,0,50.831554
s0037,56,0,62.255295
s0037,57,0,64.70464
s0037,58,0,58.42378
s0037,59,0,64.47879
s0037,60,0,69.40988
s0037,61,0,69.02174
s0037,62,0,73.11915
s0037,63,0,79.40525
s0037,64,0,73.34581
s0037,65,0,62.06279
s0037,66,0,71.001495
s0037,67,0,57.32912
s0037,68,0,60.65026
s0037,69,0,66.30127
s0037,70,0,65.53322
s0037,71,0,63.97886
s0037,72,0,64.87332
s0037,73,0,79.06089
s0037,74,0,72.125946
s0037,75,0,87.56902
s0037,76,0,67.42702
s0037,77,0,72.83703
s0037,78,0,81.66404
s0037,79,0,80.00024
s0037,80,0,63.900917
s0037,81,0,74.53899
s0037,82,0,58.39356
s0037,83,0,71.81326
s0037,84,0,74.33057
s0037,85,0,67.14711
s0037,86,0,71.845276
s0037,87,0,65.38998
s0037,88,0,66.88657
s0037,89,0,71.779495
s0037,90,0,76.298065
s0037,91,0,64.72353
s0037,92,0,69.989395
s0037,93,0,67.4072
s0037,94,0,67.28155
s0037,95,0,61.92734
s0038,0,0,47.406963
s0038,1,0,52.993546
s0038,2,0,65.23037
s0038,3,0,45.15663
s0038,4,0,53.36201
s0038,5,0,51.305565
s0038,6,0,60.425407
s0038,7,0,53.191204
s0038,8,0,65.95945
s0038,9,0,58.388752
s0038,10,0,60.094177
s0038,11,0,66.27209
s0038,12,0,67.374176
s0038,13,0,58.473743
s0038,14,0,68.99193
s0038,15,0,65.71678
s0038,16,0,68.15943
s0038,17,0,65.30956
s0038,18,0,65.755684
s0038,19,0,59.97522
s0038,20,0,69.236015
s0038,21,0,66.56732
s0038,22,0,56.95449
s0038,23,0,74.40237
s0038,24,0,69.31316
s0038,25,0,73.29191
s0038,26,0,68.034874
s0038,27,0,59.947983
s0038,28,0,67.49564
s0038,29,0,73.935455
s0038,30,0,64.24296
s0038,31,0,63.956135
s0038,32,0,59.94099
s0038,33,0,55.76397
s0038,34,0,56.255287
s0038,35,0,42.983078
s0038,36,0,57.83848
s0038,37,0,51.83711
s0038,38,0,70.19035
s0038,39,0,49.61279
s0038,40,0,61.52203
s0038,41,0,50.353317
s0038,42,0,50.42695
s0038,43,0,41.119896
s0038,44,0,47.34105
s0038,45,0,33.911945
s0038,46,0,40.37368
s0038,47,0,43.80905
s0038,48,0,56.114746
s0038,49,0,32.928646
s0038,50,0,56.25925
s0038,51,0,40.167408
s0038,52,0,42.128067
s0038,53,0,50.42105
s0038,54,0,61.493427
s0038,55,0,50.455452
s0038,56,0,66.10266
s0038,57,0,66.64955
s0038,58,0,59.833916
s0038,59,0,65.98888
s0038,60,0,56.880318
s0038,61,0,54.886463
s0038,62,0,65.35967
s0038,63,0,70.4202
s0038,64,0,64.72073
s0038,65,0,66.362076
s0038,66,0,70.49128
s0038,67,0,57.417053
s0038,68,0,56.518303
s0038,69,0,69.2324
s0038,70,0,53.614243
s0038,71,0,60.824226
s0038,72,0,55.298748
s0038,73,0,72.71022
s0038,74,0,62.06379
s0038,75,0,71.44227
s0038,76,0,77.347046
s0038,77,0,73.17842
s0038,78,0,73.737915
s0038,79,0,65.44533
s0038,80,0,78.33536
s0038,81,0,66.469986
s0038,82,0,76.56959
s0038,83,0,70.71195
s0038,84,0,68.73793
s0038,85,0,66.82645
s0038,86,0,61.87031
s0038,87,0,58.70903
s0038,88,0,61.87181
s0038,89,0,54.831573
s0038,90,0,55.40992
s0038,91,0,74.65319
s0038,92,0,63.515583
s0038,93,0,60.33629
s0038,94,0,76.651924
s0038,95,0,73.65384
s0039,0,0,52.553673
s0039,1,0,37.770573
s0039,2,0,38.80839
s0039,3,0,54.989204
s0039,4,0,56.305542
s0039,5,0,57.349533
s0039,6,0,46.477448
s0039,7,0,56.318478
s0039,8,0,55.88421
s0039,9,0,62.227627
s0039,10,0,51.546574
s0039,11,0,61.62601
s0039,12,0,68.43921
s0039,13,0,74.29594
s0039,14,0,66.89311
s0039,15,0,73.733986
s0039,16,0,71.419106
s0039,17,0,58.880543
s0039,18,0,62.311165
s0039,19,0,50.346577
s0039,20,0,66.69332
s0039,21,0,61.712486
s0039,22,0,60.82575
s0039,23,0,62.680054
s0039,24,0,66.258156
s0039,25,0,74.27626
s0039,26,0,67.319435
s0039,27,0,74.00429
s0039,28,0,56.057724
s0039,29,0,70.58025
s0039,30,0,61.645966
s0039,31,0,67.20399
s0039,32,0,53.366413
s0039,33,0,50.941517
s0039,34,0,58.027668
s0039,35,0,54.200676
s0039,36,0,52.63845
s0039,37,0,52.810314
s0039,38,0,61.92448
s0039,39,0,50.37069
s0039,40,0,70.69689
s0039,41,0,49.69448
s0039,42,0,41.292255
s0039,43,0,44.59104
s0039,44,0,63.703735
s0039,45,0,38.774765
s0039,46,0,31.028772
s0039,47,0,51.116344
s0039,48,0,49.3128
s0039,49,0,39.84909
s0039,50,0,63.673218
s0039,51,0,47.375355
s0039,52,0,59.275227
s0039,53,0,47.4865
s0039,54,0,56.370975
s0039,55,0,64.96013
s0039,56,0,58.29415
s0039,57,0,55.157402
s0039,58,0,58.63981
s0039,59,0,67.114815
s0039,60,0,56.453175
s0039,61,0,60.678486
s0039,62,0,72.50587
s0039,63,0,69.15056
s0039,64,0,62.65457
s0039,65,0,68.23727
s0039,66,0,70.23515
s0039,67,0,63.643703
s0039,68,0,64.04361
s0039,69,0,69.876564
s0039,70,0,52.01552
s0039,71,0,62.15967
s0039,72,0,61.50929
s0039,73,0,64.78603
s0039,74,0,71.64784
s0039,75,0,67.15421
s0039,76,0,69.13361
s0039,77,0,78.07744
s0039,78,0,74.71479
s0039,79,0,69.589294
s0039,80,0,62.377995
s0039,81,0,73.06603
s0039,82,0,61.64096
s0039,83,0,71.90951
s0039,84,0,61.837482
s0039,85,0,68.815254
s0039,86,0,70.50261
s0039,87,0,70.98237
s0039,88,0,67.43035
s0039,89,0,54.94954
s0039,90,0,52.335392
s0039,91,0,61.904568
s0039,92,0,60.053112
s0039,93,0,70.90556
s0039,94,0,69.848656
s0039,95,0,65.8901
s0040,0,0,47.2799
s0040,1,0,54.489548
s0040,2,0,56.131283
s0040,3,0,49.86887
s0040,4,0,50.095795
s0040,5,0,55.128544
s0040,6,0,50.427357
s0040,7,0,58.333874
s0040,8,0,54.16004
s0040,9,0,62.121475
s0040,10,0,56.92879
s0040,11,0,63.033195
s0040,12,0,74.08667
s0040,13,0,68.508446
s0040,14,0,66.9743
s0040,15,0,70.888565
s0040,16,0,70.07238
s0040,17,0,60.195137
s0040,18,0,71.31712
s0040,19,0,67.776596
s0040,20,0,68.57104
s0040,21,0,63.65321
s0040,22,0,65.83319
s0040,23,0,69.526985
s0040,24,0,64.04799
s0040,25,0,68.53986
s0040,26,0,66.524605
s0040,27,0,72.11692
s0040,28,0,64.672134
s0040,29,0,69.7483
s0040,30,0,60.628063
s0040,31,0,63.49365
s0040,32,0,55.439148
s0040,33,0,54.91668
s0040,34,0,48.511593
s0040,35,0,62.916157
s0040,36,0,49.747234
s0040,37,0,65.39773
s0040,38,0,61.357124
s0040,39,0,41.807724
s0040,40,0,69.01729
s0040,41,0,54.93261
s0040,42,0,46.462284
s0040,43,0,49.465385
s0040,44,0,32.1617
s0040,45,0,43.721947
s0040,46,0,54.282074
s0040,47,0,61.700867
s0040,48,0,38.71381
s0040,49,0,38.624325
s0040,50,0,46.469383
s0040,51,0,52.78503
s0040,52,0,53.423058
s0040,53,0,38.91406
s0040,54,0,54.69584
s0040,55,0,56.88028
s0040,56,0,51.37284
s0040,57,0,60.533844
s0040,58,0,57.647495
s0040,59,0,57.08798
s0040,60,0,67.66482
s0040,61,0,66.83941
s0040,62,0,72.830055
s0040,63,0,80.83608
s0040,64,0,69.91265
s0040,65,0,63.32875
s0040,66,0,73.28111
s0040,67,0,68.4662
s0040,68,0,69.88985
s0040,69,0,62.22292
s0040,70,0,66.50491
s0040,71,0,72.71376
s0040,72,0,62.268055
s0040,73,0,72.59314
s0040,74,0,69.82034
s0040,75,0,70.38918
s0040,76,0,71.60383
s0040,77,0,68.889
s0040,78,0,73.40443
s0040,79,0,67.79475
s0040,80,0,68.06739
s0040,81,0,67.01973
s0040,82,0,64.94499
s0040,83,0,69.27595
s0040,84,0,64.267654
s0040,85,0,66.92283
s0040,86,0,65.917305
s0040,87,0,58.311764
s0040,88,0,50.380188
s0040,89,0,58.396988
s0040,90,0,51.234653
s0040,91,0,67.10638
s0040,92,0,72.16779
s0040,93,0,67.61111
s0040,94,0,63.012993
s0040,95,0,68.73584
s0041,0,0,55.426765
s0041,1,0,49.296917
s0041,2,0,44.248222
s0041,3,0,40.470108
s0041,4,0,57.251713
s0041,5,0,51.654682
s0041,6,0,57.253643
s0041,7,0,58.49902
s0041,8,0,56.372158
s0041,9,0,58.874157
s0041,10,0,73.16078
s0041,11,0,52.92934
s0041,12,0,65.2941
s0041,13,0,70.960495
s0041,14,0,57.492916
s0041,15,0,55.899796
s0041,16,0,60.070793
s0041,17,0,70.8992
s0041,18,0,70.27529
s0041,19,0,74.28477
s0041,20,0,73.63033
s0041,21,0,59.463356
s0041,22,0,62.304688
s0041,23,0,74.50085
s0041,24,0,64.950035
s0041,25,0,61.041744
s0041,26,0,70.02473
s0041,27,0,61.630146
s0041,28,0,66.35146
s0041,29,0,69.34331
s0041,30,0,59.69026
s0041,31,0,61.061222
s0041,32,0,60.930523
s0041,33,0,47.971935
s0041,34,0,51.11305
s0041,35,0,51.264256
s0041,36,0,57.268005
s0041,37,0,63.550823
s0041,38,0,54.504448
s0041,39,0,52.70862
s0041,40,0,54.224228
s0041,41,0,59.63615
s0041,42,0,47.447083
s0041,43,0,63.712524
s0041,44,0,37.444862
s0041,45,0,44.391865
s0041,46,0,43.187496
s0041,47,0,72.26529
s0041,48,0,65.73227
s0041,49,0,43.296844
s0041,50,0,57.794704
s0041,51,0,47.147182
s0041,52,0,47.49682
s0041,53,0,51.470963
s0041,54,0,54.296135
s0041,55,0,55.94179
s0041,56,0,65.45212
s0041,57,0,50.217705
s0041,58,0,61.77428
s0041,59,0,72.326035
s0041,60,0,56.398914
s0041,61,0,54.11601
s0041,62,0,61.195496
s0041,63,0,71.80155
s0041,64,0,62.30655
s0041,65,0,73.76179
s0041,66,0,60.282795
s0041,67,0,71.43793
s0041,68,0,70.579094
s0041,69,0,58.2525
s0041,70,0,56.917263
s0041,71,0,59.82872
s0041,72,0,61.99545
s0041,73,0,76.977165
s0041,74,0,75.32635
s0041,75,0,74.87188
s0041,76,0,57.6765
s0041,77,0,71.16295
s0041,78,0,75.76368
s0041,79,0,78.71197
s0041,80,0,74.69502
s0041,81,0,82.124794
s0041,82,0,71.40342
s0041,83,0,72.50604
s0041,84,0,51.587807
s0041,85,0,75.83701
s0041,86,0,73.057755
s0041,87,0,63.91425
s0041,88,0,60.971737
s0041,89,0,61.219585
s0041,90,0,64.67325
s0041,91,0,73.38352
s0041,92,0,69.62113
s0041,93,0,68.6499
s0041,94,0,72.02033
s0041,95,0,71.16615
s0042,0,0,55.482174
s0042,1,0,49.868717
s0042,2,0,34.712234
s0042,3,0,56.318825
s0042,4,0,58.80815
s0042,5,0,56.887268
s0042,6,0,58.55872
s0042,7,0,54.76328
s0042,8,0,60.45395
s0042,9,0,58.123207
s0042,10,0,71.70165
s0042,11,0,64.25949
s0042,12,0,65.360916
s0042,13,0,60.361702
s0042,14,0,72.634094
s0042,15,0,68.922134
s0042,16,0,70.25798
s0042,17,0,67.65441
s0042,18,0,55.182743
s0042,19,0,63.456554
s0042,20,0,68.91157
s0042,21,0,55.79753
s0042,22,0,51.782375
s0042,23,0,63.954304
s0042,24,0,74.72222
s0042,25,0,76.086075
s0042,26,0,66.99884
s0042,27,0,69.913826
s0042,28,0,67.55024
s0042,29,0,56.94141
s0042,30,0,59.557934
s0042,31,0,52.66357
s0042,32,0,54.726223
s0042,33,0,61.451477
s0042,34,0,59.273907
s0042,35,0,47.48415
s0042,36,0,47.235477
s0042,37,0,57.646667
s0042,38,0,48.70127
s0042,39,0,51.950687
s0042,40,0,56.81828
s0042,41,0,50.859657
s0042,42,0,44.110886
s0042,43,0,52.328857
s0042,44,0,53.282063
s0042,45,0,44.34555
s0042,46,0,53.87866
s0042,47,0,39.244686
s0042,48,0,72.19792
s0042,49,0,38.543346
s0042,50,0,43.74013
s0042,51,0,39.74452
s0042,52,0,66.50608
s0042,53,0,55.43592
s0042,54,0,47.615883
s0042,55,0,63.986263
s0042,56,0,60.22205
s0042,57,0,66.39506
s0042,58,0,63.6939
s0042,59,0,65.655426
s0042,60,0,53.18334
s0042,61,0,60.56479
s0042,62,0,75.773895
s0042,63,0,77.787575
s0042,64,0,66.40056
s0042,65,0,57.246544
s0042,66,0,71.22202
s0042,67,0,61.791588
s0042,68,0,73.780464
s0042,69,0,68.29264
s0042,70,0,52.025814
s0042,71,0,56.493504
s0042,72,0,61.50275
s0042,73,0,66.329
s0042,74,0,76.215034
s0042,75,0,75.0196
s0042,76,0,73.51436
s0042,77,0,64.1832
s0042,78,0,66.81443
s0042,79,0,74.702736
s0042,80,0,76.521774
s0042,81,0,61.902687
s0042,82,0,60.314472
s0042,83,0,69.76954
s0042,84,0,66.02596
s0042,85,0,70.304
s0042,86,0,61.488068
s0042,87,0,55.067043
s0042,88,0,59.814854
s0042,89,0,63.11296
s0042,90,0,57.320896
s0042,91,0,71.79069
s0042,92,0,66.62123
s0042,93,0,59.118355
s0042,94,0,70.085396
s0042,95,0,72.163574
s0043,0,0,50.43654
s0043,1,0,52.376106
s0043,2,0,46.762547
s0043,3,0,56.754646
s0043,4,0,61.779728
s0043,5,0,42.56643
s0043,6,0,57.615013
s0043,7,0,57.47686
s0043,8,0,62.145596
s0043,9,0,51.645115
s0043,10,0,54.375504
s0043,11,0,64.81905
s0043,12,0,70.27138
s0043,13,0,63.735363
s0043,14,0,60.748905
s0043,15,0,67.497955
s0043,16,0,63.9156
s0043,17,0,68.03914
s0043,18,0,70.32223
s0043,19,0,66.329865
s0043,20,0,74.19509
s0043,21,0,67.087456
s0043,22,0,62.896408
s0043,23,0,62.657673
s0043,24,0,73.276794
s0043,25,0,77.7304
s0043,26,0,69.21501
s0043,27,0,62.670395
s0043,28,0,73.530045
s0043,29,0,62.68859
s0043,30,0,55.842133
s0043,31,0,63.42731
s0043,32,0,60.02306
s0043,33,0,62.16838
s0043,34,0,52.27471
s0043,35,0,56.348804
s0043,36,0,46.911427
s0043,37,0,63.395573
s0043,38,0,56.853134
s0043,39,0,50.23909
s0043,40,0,57.39704
s0043,41,0,43.964348
s0043,42,0,31.90097
s0043,43,0,29.666971
s0043,44,0,37.15653
s0043,45,0,35.9598
s0043,46,0,34.604168
s0043,47,0,37.782097
s0043,48,0,51.83299
s0043,49,0,54.56573
s0043,50,0,52.314877
s0043,51,0,65.104225
s0043,52,0,66.6842
s0043,53,0,41.8333
s0043,54,0,64.18373
s0043,55,0,56.111816
s0043,56,0,54.842613
s0043,57,0,69.02175
s0043,58,0,55.51716
s0043,59,0,56.01254
s0043,60,0,57.766064
s0043,61,0,61.164845
s0043,62,0,75.77096
s0043,63,0,64.64274
s0043,64,0,64.92065
s0043,65,0,64.41741
s0043,66,0,74.00557
s0043,67,0,60.1412
s0043,68,0,68.902245
s0043,69,0,69.44123
s0043,70,0,50.56309
s0043,71,0,54.6374
s0043,72,0,64.59936
s0043,73,0,75.22873
s0043,74,0,75.09418
s0043,75,0,68.265045
s0043,76,0,75.77234
s0043,77,0,84.40398
s0043,78,0,80.461784
s0043,79,0,69.31196
s0043,80,0,73.71589
s0043,81,0,68.46869
s0043,82,0,70.63792
s0043,83,0,67.37414
s0043,84,0,54.362103
s0043,85,0,61.293266
s0043,86,0,62.640846
s0043,87,0,67.188965
s0043,88,0,57.53136
s0043,89,0,59.501644
s0043,90,0,53.624462
s0043,91,0,65.62305
s0043,92,0,62.21514
s0043,93,0,65.445724
s0043,94,0,68.29779
s0043,95,0,71.01613
s0044,0,0,46.403095
s0044,1,0,53.16915
s0044,2,0,49.369324
s0044,3,0,44.4498
s0044,4,0,51.443928
s0044,5,0,41.63443
s0044,6,0,54.76726
s0044,7,0,73.86929
s0044,8,0,68.53283
s0044,9,0,61.585503
s0044,10,0,60.520687
s0044,11,0,64.59698
s0044,12,0,68.505554
s0044,13,0,77.61339
s0044,14,0,71.12462
s0044,15,0,71.19469
s0044,16,0,67.30506
s0044,17,0,62.158493
s0044,18,0,67.64318
s0044,19,0,64.86108
s0044,20,0,68.12667
s0044,21,0,62.560158
s0044,22,0,68.965355
s0044,23,0,69.228
s0044,24,0,74.61215
s0044,25,0,70.549934
s0044,26,0,67.50251
s0044,27,0,62.17594
s0044,28,0,70.58967
s0044,29,0,57.90036
s0044,30,0,59.318787
s0044,31,0,59.140255
s0044,32,0,52.90868
s0044,33,0,47.071507
s0044,34,0,66.24908
s0044,35,0,48.939674
s0044,36,0,40.256332
s0044,37,0,51.750168
s0044,38,0,50.48938
s0044,39,0,43.319607
s0044,40,0,54.282093
s0044,41,0,52.550095
s0044,42,0,51.25243
s0044,43,0,42.64198
s0044,44,0,58.817924
s0044,45,0,42.322964
s0044,46,0,63.15315
s0044,47,0,62.62687
s0044,48,0,44.19404
s0044,49,0,57.261555
s0044,50,0,52.62689
s0044,51,0,70.550804
s0044,52,0,47.29554
s0044,53,0,49.76639
s0044,54,0,66.40679
s0044,55,0,58.551125
s0044,56,0,67.2106
s0044,57,0,57.74085
s0044,58,0,61.915344
s0044,59,0,66.21042
s0044,60,0,63.06738
s0044,61,0,63.09512
s0044,62,0,68.69019
s0044,63,0,67.69241
s0044,64,0,67.34146
s0044,65,0,73.31554
s0044,66,0,71.03527
s0044,67,0,66.33019
s0044,68,0,61.01728
s0044,69,0,68.08834
s0044,70,0,55.80716
s0044,71,0,64.73242
s0044,72,0,61.46377
s0044,73,0,72.21157
s0044,74,0,70.47619
s0044,75,0,75.49187
s0044,76,0,71.97819
s0044,77,0,67.36404
s0044,78,0,80.51137
s0044,79,0,73.23395
s0044,80,0,70.31288
s0044,81,0,61.559666
s0044,82,0,65.424576
s0044,83,0,65.54861
s0044,84,0,65.43372
s0044,85,0,68.873436
s0044,86,0,51.152187
s0044,87,0,68.48714
s0044,88,0,63.1105
s0044,89,0,59.353455
s0044,90,0,55.34627
s0044,91,0,74.18297
s0044,92,0,68.18782
s0044,93,0,70.931946
s0044,94,0,69.750496
s0044,95,0,73.06176
s0045,0,0,57.985058
s0045,1,0,53.36204
s0045,2,0,55.478245
s0045,3,0,44.728603
s0045,4,0,60.665264
s0045,5,0,61.16132
s0045,6,0,47.568455
s0045,7,0,56.8303
s0045,8,0,52.876244
s0045,9,0,56.5617
s0045,10,0,67.93778
s0045,11,0,58.235634
s0045,12,0,59.989315
s0045,13,0,71.73102
s0045,14,0,66.62214
s0045,15,0,67.18647
s0045,16,0,66.60149
s0045,17,0,66.53682
s0045,18,0,59.75816
s0045,19,0,59.324398
s0045,20,0,69.9229
s0045,21,0,54.86795
s0045,22,0,59.680027
s0045,23,0,71.51779
s0045,24,0,68.18374
s0045,25,0,62.253902
s0045,26,0,64.464966
s0045,27,0,60.23749
s0045,28,0,70.21288
s0045,29,0,66.145035
s0045,30,0,58.597126
s0045,31,0,61.32889
s0045,32,0,60.66588
s0045,33,0,58.14243
s0045,34,0,48.905403
s0045,35,0,54.973145
s0045,36,0,53.402428
s0045,37,0,57.71927
s0045,38,0,68.689125
s0045,39,0,45.54312
s0045,40,0,55.131794
s0045,41,0,62.54709
s0045,42,0,42.277515
s0045,43,0,43.662308
s0045,44,0,45.52337
s0045,45,0,56.947453
s0045,46,0,40.59045
s0045,47,0,67.05022
s0045,48,0,45.515293
s0045,49,0,50.279118
s0045,50,0,48.71907
s0045,51,0,53.36433
s0045,52,0,58.570408
s0045,53,0,52.793365
s0045,54,0,52.1528
s0045,55,0,40.199852
s0045,56,0,56.159203
s0045,57,0,75.10825
s0045,58,0,62.50873
s0045,59,0,71.58804
s0045,60,0,76.93457
s0045,61,0,60.511917
s0045,62,0,62.108425
s0045,63,0,66.655945
s0045,64,0,56.656334
s0045,65,0,65.20152
s0045,66,0,75.35758
s0045,67,0,58.003654
s0045,68,0,65.95509
s0045,69,0,59.65048
s0045,70,0,61.325146
s0045,71,0,62.58339
s0045,72,0,59.7505
s0045,73,0,65.947075
s0045,74,0,78.84141
s0045,75,0,75.72712
s0045,76,0,72.16579
s0045,77,0,75.253105
s0045,78,0,61.385956
s0045,79,0,76.28149
s0045,80,0,73.80284
s0045,81,0,65.960365
s0045,82,0,66.195076
s0045,83,0,71.4691
s0045,84,0,66.34487
s0045,85,0,66.14065
s0045,86,0,61.386555
s0045,87,0,66.792175
s0045,88,0,56.14314
s0045,89,0,67.73408
s0045,90,0,49.097122
s0045,91,0,64.56479
s0045,92,0,69.39753
s0045,93,0,71.59359
s0045,94,0,72.87605
s0045,95,0,69.09733
s0046,0,0,55.811325
s0046,1,0,52.323017
s0046,2,0,43.127083
s0046,3,0,36.4561
s0046,4,0,49.653656
s0046,5,0,43.985622
s0046,6,0,49.317783
s0046,7,0,47.88961
s0046,8,0,60.871956
s0046,9,0,57.480713
s0046,10,0,54.0013
s0046,11,0,69.1148
s0046,12,0,65.56699
s0046,13,0,72.040764
s0046,14,0,71.94164
s0046,15,0,74.20092
s0046,16,0,63.91094
s0046,17,0,59.431236
s0046,18,0,64.746826
s0046,19,0,68.07616
s0046,20,0,67.980736
s0046,21,0,68.29454
s0046,22,0,63.528572
s0046,23,0,65.90367
s0046,24,0,64.31131
s0046,25,0,66.20634
s0046,26,0,66.11143
s0046,27,0,64.958466
s0046,28,0,73.71732
s0046,29,0,60.13839
s0046,30,0,65.1188
s0046,31,0,68.476524
s0046,32,0,56.323483
s0046,33,0,47.590183
s0046,34,0,53.900665
s0046,35,0,50.383167
s0046,36,0,55.1222
s0046,37,0,67.55165
s0046,38,0,47.60178
s0046,39,0,46.416695
s0046,40,0,54.73638
s0046,41,0,47.81497
s0046,42,0,45.933346
s0046,43,0,48.056957
s0046,44,0,34.9335
s0046,45,0,57.98517
s0046,46,0,44.282047
s0046,47,0,38.723305
s0046,48,0,69.79247
s0046,49,0,66.122856
s0046,50,0,35.070927
s0046,51,0,52.57667
s0046,52,0,45.196102
s0046,53,0,58.332962
s0046,54,0,49.47456
s0046,55,0,44.149933
s0046,56,0,58.71812
s0046,57,0,56.06378
s0046,58,0,64.28493
s0046,59,0,59.901535
s0046,60,0,56.701454
s0046,61,0,66.67761
s0046,62,0,69.75785
s0046,63,0,80.13841
s0046,64,0,62.804234
s0046,65,0,70.595955
s0046,66,0,69.901924
s0046,67,0,53.273056
s0046,68,0,55.676456
s0046,69,0,65.82423
s0046,70,0,60.40631
s0046,71,0,56.78175
s0046,72,0,59.301186
s0046,73,0,74.12787
s0046,74,0,84.3067
s0046,75,0,68.96385
s0046,76,0,78.806465
s0046,77,0,67.74493
s0046,78,0,80.24293
s0046,79,0,86.55332
s0046,80,0,62.88754
s0046,81,0,73.42102
s0046,82,0,63.76517
s0046,83,0,65.67634
s0046,84,0,76.816505
s0046,85,0,75.68609
s0046,86,0,74.40365
s0046,87,0,62.010143
s0046,88,0,58.63406
s0046,89,0,65.965546
s0046,90,0,57.821148
s0046,91,0,66.411476
s0046,92,0,66.51839
s0046,93,0,68.05459
s0046,94,0,68.014656
s0046,95,0,69.743004
s0047,0,0,52.767056
s0047,1,0,52.38312
s0047,2,0,44.06041
s0047,3,0,42.558445
s0047,4,0,49.906334
s0047,5,0,46.990425
s0047,6,0,55.704884
s0047,7,0,62.09537
s0047,8,0,55.47622
s0047,9,0,54.829815
s0047,10,0,49.90097
s0047,11,0,68.75288
s0047,12,0,74.76902
s0047,13,0,65.49193
s0047,14,0,67.89332
s0047,15,0,66.093475
s0047,16,0,63.055073
s0047,17,0,67.078514
s0047,18,0,55.03437
s0047,19,0,65.901115
s0047,20,0,68.23254
s0047,21,0,56.259842
s0047,22,0,53.714893
s0047,23,0,78.322235
s0047,24,0,65.633766
s0047,25,0,72.31627
s0047,26,0,61.20425
s0047,27,0,68.68448
s0047,28,0,67.31214
s0047,29,0,74.5241
s0047,30,0,62.769566
s0047,31,0,63.294487
s0047,32,0,56.733856
s0047,33,0,59.962624
s0047,34,0,48.094574
s0047,35,0,53.89937
s0047,36,0,61.976337
s0047,37,0,63.67904
s0047,38,0,55.918232
s0047,39,0,54.986015
s0047,40,0,57.75982
s0047,41,0,45.63494
s0047,42,0,64.96094
s0047,43,0,67.01132
s0047,44,0,65.61426
s0047,45,0,52.997322
s0047,46,0,35.285877
s0047,47,0,36.181236
s0047,48,0,44.659313
s0047,49,0,47.12442
s0047,50,0,36.767338
s0047,51,0,54.537735
s0047,52,0,47.742516
s0047,53,0,50.409737
s0047,54,0,40.858387
s0047,55,0,59.687252
s0047,56,0,56.188282
s0047,57,0,63.975983
s0047,58,0,56.93179
s0047,59,0,69.347855
s0047,60,0,63.5944
s0047,61,0,66.00279
s0047,62,0,82.01851
s0047,63,0,76.95444
s0047,64,0,65.48468
s0047,65,0,74.75609
s0047,66,0,76.09652
s0047,67,0,70.6423
s0047,68,0,61.53893
s0047,69,0,54.167503
s0047,70,0,56.77956
s0047,71,0,65.524536
s0047,72,0,59.77877
s0047,73,0,73.92202
s0047,74,0,68.609634
s0047,75,0,72.25578
s0047,76,0,77.05609
s0047,77,0,80.144394
s0047,78,0,70.71957
s0047,79,0,75.32341
s0047,80,0,72.999504
s0047,81,0,73.76321
s0047,82,0,81.453964
s0047,83,0,68.156166
s0047,84,0,72.387856
s0047,85,0,70.94941
s0047,86,0,68.677635
s0047,87,0,57.426113
s0047,88,0,62.383846
s0047,89,0,71.624596
s0047,90,0,69.05601
s0047,91,0,60.57448
s0047,92,0,63.7688
s0047,93,0,62.923843
s0047,94,0,73.69679
s0047,95,0,65.13933
s0048,0,0,44.724567
s0048,1,0,48.076283
s0048,2,0,40.087566
s0048,3,0,47.209488
s0048,4,0,50.929028
s0048,5,0,58.17031
s0048,6,0,46.861256
s0048,7,0,57.10386
s0048,8,0,62.641323
s0048,9,0,61.387024
s0048,10,0,55.545956
s0048,11,0,67.34901
s0048,12,0,73.10042
s0048,13,0,68.325554
s0048,14,0,68.04575
s0048,15,0,81.520294
s0048,16,0,64.6529
s0048,17,0,69.14081
s0048,18,0,67.190834
s0048,19,0,66.36141
s0048,20,0,68.13342
s0048,21,0,64.46959
s0048,22,0,59.090374
s0048,23,0,65.153435
s0048,24,0,80.28213
s0048,25,0,71.59148
s0048,26,0,68.08528
s0048,27,0,67.457596
s0048,28,0,71.920425
s0048,29,0,64.49497
s0048,30,0,63.896336
s0048,31,0,66.36538
s0048,32,0,51.854008
s0048,33,0,62.225105
s0048,34,0,45.175102
s0048,35,0,55.07601
s0048,36,0,48.130035
s0048,37,0,49.55406
s0048,38,0,49.990707
s0048,39,0,55.892384
s0048,40,0,58.753323
s0048,41,0,38.221813
s0048,42,0,57.579906
s0048,43,0,52.06285
s0048,44,0,39.462105
s0048,45,0,25.722046
s0048,46,0,37.037857
s0048,47,0,62.4551
s0048,48,0,55.072254
s0048,49,0,51.422543
s0048,50,0,39.461758
s0048,51,0,36.716644
s0048,52,0,56.703053
s0048,53,0,54.6731
s0048,54,0,63.986942
s0048,55,0,54.129807
s0048,56,0,55.399185
s0048,57,0,67.653244
s0048,58,0,66.74563
s0048,59,0,67.05343
s0048,60,0,61.14195
s0048,61,0,62.358562
s0048,62,0,77.04259
s0048,63,0,63.681084
s0048,64,0,59.38376
s0048,65,0,62.407078
s0048,66,0,76.173645
s0048,67,0,70.787445
s0048,68,0,66.64957
s0048,69,0,63.109222
s0048,70,0,54.94848
s0048,71,0,49.93843
s0048,72,0,61.562073
s0048,73,0,59.714138
s0048,74,0,70.62002
s0048,75,0,61.161835
s0048,76,0,69.70367
s0048,77,0,68.04613
s0048,78,0,71.91157
s0048,79,0,64.34007
s0048,80,0,78.21948
s0048,81,0,78.940674
s0048,82,0,65.50773
s0048,83,0,66.167336
s0048,84,0,66.31063
s0048,85,0,70.4174
s0048,86,0,72.95255
s0048,87,0,59.256382
s0048,88,0,63.381397
s0048,89,0,53.81468
s0048,90,0,58.12537
s0048,91,0,76.129585
s0048,92,0,63.930782
s0048,93,0,74.074
s0048,94,0,73.41165
s0048,95,0,72.462425
s0049,0,0,56.134304
s0049,1,0,52.709984
s0049,2,0,35.06272
s0049,3,0,49.613636
s0049,4,0,60.76581
s0049,5,0,55.621136
s0049,6,0,54.664894
s0049,7,0,54.478252
s0049,8,0,65.82989
s0049,9,0,53.777557
s0049,10,0,55.046124
s0049,11,0,70.54836
s0049,12,0,66.19046
s0049,13,0,64.56754
s0049,14,0,63.780956
s0049,15,0,66.08529
s0049,16,0,63.49096
s0049,17,0,67.6419
s0049,18,0,67.522026
s0049,19,0,65.251686
s0049,20,0,60.99194
s0049,21,0,71.23737
s0049,22,0,65.23827
s0049,23,0,74.78994
s0049,24,0,74.1563
s0049,25,0,63.783318
s0049,26,0,71.89654
s0049,27,0,64.001015
s0049,28,0,72.16056
s0049,29,0,61.793762
s0049,30,0,54.68234
s0049,31,0,55.91638
s0049,32,0,62.396637
s0049,33,0,57.532207
s0049,34,0,51.14666
s0049,35,0,56.964214
s0049,36,0,65.369064
s0049,37,0,55.938065
s0049,38,0,51.670906
s0049,39,0,58.80507
s0049,40,0,62.09434
s0049,41,0,45.988636
s0049,42,0,27.107574
s0049,43,0,61.10116
s0049,44,0,49.32405
s0049,45,0,66.19099
s0049,46,0,28.252426
s0049,47,0,70.35819
s0049,48,0,61.73473
s0049,49,0,51.917915
s0049,50,0,47.218464
s0049,51,0,55.519917
s0049,52,0,48.256634
s0049,53,0,53.88411
s0049,54,0,57.714798
s0049,55,0,59.875843
s0049,56,0,52.75973
s0049,57,0,72.75512
s0049,58,0,59.420948
s0049,59,0,68.900604
s0049,60,0,56.396927
s0049,61,0,55.203957
s0049,62,0,62.881115
s0049,63,0,77.62858
s0049,64,0,62.46233
s0049,65,0,63.79364
s0049,66,0,62.398354
s0049,67,0,55.80345
s0049,68,0,71.32861
s0049,69,0,63.681034
s0049,70,0,64.7599
s0049,71,0,66.18366
s0049,72,0,71.28278
s0049,73,0,66.2797
s0049,74,0,80.69794
s0049,75,0,78.71266
s0049,76,0,72.55454
s0049,77,0,66.48411
s0049,78,0,74.65434
s0049,79,0,83.74857
s0049,80,0,79.475235
s0049,81,0,67.63099
s0049,82,0,62.50655
s0049,83,0,63.790638
s0049,84,0,59.555897
s0049,85,0,64.993484
s0049,86,0,67.046295
s0049,87,0,53.873573
s0049,88,0,54.270298
s0049,89,0,65.68248
s0049,90,0,58.90576
s0049,91,0,67.76543
s0049,92,0,66.54103
s0049,93,0,65.65449
s0049,94,0,69.97982
s0049,95,0,65.171
s0050,0,0,57.27849
s0050,1,0,49.695904
s0050,2,0,53.245506
s0050,3,0,49.17507
s0050,4,0,48.037994
s0050,5,0,46.154953
s0050,6,0,51.084137
s0050,7,0,58.16779
s0050,8,0,60.190205
s0050,9,0,51.55391
s0050,10,0,57.79033
s0050,11,0,64.12227
s0050,12,0,81.26307
s0050,13,0,66.67273
s0050,14,0,66.711464
s0050,15,0,74.40747
s0050,16,0,67.50007
s0050,17,0,65.134056
s0050,18,0,64.59643
s0050,19,0,65.5845
s0050,20,0,67.0631
s0050,21,0,69.20441
s0050,22,0,64.690155
s0050,23,0,68.36407
s0050,24,0,67.54059
s0050,25,0,69.48747
s0050,26,0,69.6642
s0050,27,0,63.973316
s0050,28,0,54.428192
s0050,29,0,76.44654
s0050,30,0,45.723053
s0050,31,0,67.21799
s0050,32,0,62.39535
s0050,33,0,56.79733
s0050,34,0,53.46876
s0050,35,0,56.090733
s0050,36,0,53.03238
s0050,37,0,58.5591
s0050,38,0,53.274513
s0050,39,0,51.17815
s0050,40,0,56.029305
s0050,41,0,45.56525
s0050,42,0,36.787548
s0050,43,0,46.33751
s0050,44,0,56.567715
s0050,45,0,46.48475
s0050,46,0,33.110317
s0050,47,0,41.314983
s0050,48,0,74.00676
s0050,49,0,55.679638
s0050,50,0,33.47959
s0050,51,0,59.651546
s0050,52,0,45.036625
s0050,53,0,47.013615
s0050,54,0,54.640675
s0050,55,0,58.190456
s0050,56,0,54.215477
s0050,57,0,65.71702
s0050,58,0,57.334995
s0050,59,0,73.10412
s0050,60,0,60.82108
s0050,61,0,57.660545
s0050,62,0,70.13518
s0050,63,0,71.276764
s0050,64,0,67.76125
s0050,65,0,60.8014
s0050,66,0,73.35754
s0050,67,0,60.606113
s0050,68,0,70.95529
s0050,69,0,73.933044
s0050,70,0,57.39212
s0050,71,0,70.02478
s0050,72,0,61.2706
s0050,73,0,66.287766
s0050,74,0,75.15784
s0050,75,0,79.79963
s0050,76,0,79.971375
s0050,77,0,70.83596
s0050,78,0,69.00425
s0050,79,0,74.50663
s0050,80,0,72.093414
s0050,81,0,76.026306
s0050,82,0,75.30859
s0050,83,0,62.075325
s0050,84,0,69.25517
s0050,85,0,69.61012
s0050,86,0,63.475708
s0050,87,0,67.04793
s0050,88,0,64.91422
s0050,89,0,59.57286
s0050,90,0,57.72388
s0050,91,0,75.04088
s0050,92,0,66.93747
s0050,93,0,81.239204
s0050,94,0,69.47305
s0050,95,0,66.29233
s0051,0,0,59.186413
s0051,1,0,44.44511
s0051,2,0,45.767982
s0051,3,0,54.933434
s0051,4,0,51.82491
s0051,5,0,44.807903
s0051,6,0,50.31789
s0051,7,0,67.56159
s0051,8,0,54.536438
s0051,9,0,57.319736
s0051,10,0,52.141598
s0051,11,0,59.93139
s0051,12,0,63.194885
s0051,13,0,61.292377
s0051,14,0,74.56921
s0051,15,0,78.84957
s0051,16,0,66.633766
s0051,17,0,71.143364
s0051,18,0,63.375195
s0051,19,0,67.20741
s0051,20,0,76.074356
s0051,21,0,61.86348
s0051,22,0,54.550518
s0051,23,0,68.829796
s0051,24,0,66.46836
s0051,25,0,65.634995
s0051,26,0,62.811203
s0051,27,0,66.34482
s0051,28,0,69.38379
s0051,29,0,71.3956
s0051,30,0,58.627323
s0051,31,0,67.452034
s0051,32,0,56.12896
s0051,33,0,48.415195
s0051,34,0,47.4496
s0051,35,0,59.33425
s0051,36,0,39.750748
s0051,37,0,56.52379
s0051,38,0,66.864746
s0051,39,0,56.157284
s0051,40,0,66.039444
s0051,41,0,42.42808
s0051,42,0,34.635784
s0051,43,0,28.134628
s0051,44,0,39.11588
s0051,45,0,48.864876
s0051,46,0,31.061974
s0051,47,0,35.066113
s0051,48,0,56.476078
s0051,49,0,46.391
s0051,50,0,40.761425
s0051,51,0,61.42903
s0051,52,0,45.037174
s0051,53,0,69.786064
s0051,54,0,57.409576
s0051,55,0,53.228245
s0051,56,0,55.456543
s0051,57,0,46.431343
s0051,58,0,59.785515
s0051,59,0,64.91973
s0051,60,0,62.646076
s0051,61,0,67.16127
s0051,62,0,76.05179
s0051,63,0,70.829025
s0051,64,0,73.66868
s0051,65,0,55.974075
s0051,66,0,71.444786
s0051,67,0,63.68983
s0051,68,0,68.318016
s0051,69,0,57.1012
s0051,70,0,60.884727
s0051,71,0,60.16795
s0051,72,0,53.040043
s0051,73,0,75.17519
s0051,74,0,69.622444
s0051,75,0,78.7994
s0051,76,0,71.866196
s0051,77,0,82.084496
s0051,78,0,74.89597
s0051,79,0,71.38185
s0051,80,0,75.982704
s0051,81,0,70.072754
s0051,82,0,67.94081
s0051,83,0,66.92618
s0051,84,0,67.856255
s0051,85,0,77.979164
s0051,86,0,73.062675
s0051,87,0,67.342926
s0051,88,0,61.66084
s0051,89,0,61.963345
s0051,90,0,46.748135
s0051,91,0,59.398537
s0051,92,0,66.41995
s0051,93,0,70.818405
s0051,94,0,70.63945
s0051,95,0,74.34868
s0052,0,0,56.042393
s0052,1,0,52.19884
s0052,2,0,37.454258
s0052,3,0,50.819393
s0052,4,0,56.70093
s0052,5,0,59.03028
s0052,6,0,59.30331
s0052,7,0,62.389603
s0052,8,0,63.83507
s0052,9,0,59.63012
s0052,10,0,58.147602
s0052,11,0,71.75411
s0052,12,0,68.33928
s0052,13,0,58.428814
s0052,14,0,72.19176
s0052,15,0,66.593636
s0052,16,0,53.142303
s0052,17,0,66.98725
s0052,18,0,59.149708
s0052,19,0,65.9751
s0052,20,0,76.545135
s0052,21,0,62.103413
s0052,22,0,52.62239
s0052,23,0,74.00588
s0052,24,0,74.34219
s0052,25,0,60.353912
s0052,26,0,77.94859
s0052,27,0,64.36285
s0052,28,0,70.64029
s0052,29,0,62.81182
s0052,30,0,51.764538
s0052,31,0,59.319424
s0052,32,0,60.729702
s0052,33,0,53.022953
s0052,34,0,54.38532
s0052,35,0,53.473717
s0052,36,0,53.803947
s0052,37,0,55.478844
s0052,38,0,66.57092
s0052,39,0,53.18073
s0052,40,0,60.583263
s0052,41,0,55.91494
s0052,42,0,65.52071
s0052,43,0,32.223343
s0052,44,0,68.64164
s0052,45,0,43.794033
s0052,46,0,43.30072
s0052,47,0,66.366425
s0052,48,0,67.05626
s0052,49,0,40.137577
s0052,50,0,44.65238
s0052,51,0,56.81664
s0052,52,0,53.025814
s0052,53,0,60.52876
s0052,54,0,56.847366
s0052,55,0,61.003242
s0052,56,0,51.740955
s0052,57,0,61.600258
s0052,58,0,58.771698
s0052,59,0,59.850025
s0052,60,0,57.07025
s0052,61,0,62.723522
s0052,62,0,64.3811
s0052,63,0,70.66056
s0052,64,0,62.547413
s0052,65,0,67.625305
s0052,66,0,65.02965
s0052,67,0,68.72731
s0052,68,0,78.31156
s0052,69,0,68.83014
s0052,70,0,58.394463
s0052,71,0,57.23713
s0052,72,0,66.58324
s0052,73,0,74.27746
s0052,74,0,64.79745
s0052,75,0,74.788605
s0052,76,0,65.362816
s0052,77,0,79.912025
s0052,78,0,71.420654
s0052,79,0,72.65529
s0052,80,0,68.21297
s0052,81,0,72.96197
s0052,82,0,60.162636
s0052,83,0,66.13641
s0052,84,0,68.76585
s0052,85,0,77.1826
s0052,86,0,66.88889
s0052,87,0,69.214294
s0052,88,0,64.33088
s0052,89,0,57.070972
s0052,90,0,60.555096
s0052,91,0,66.27016
s0052,92,0,67.62624
s0052,93,0,67.15201
s0052,94,0,75.89208
s0052,95,0,60.355503
s0053,0,0,51.542854
s0053,1,0,59.92691
s0053,2,0,42.21361
s0053,3,0,59.052235
s0053,4,0,57.178528
s0053,5,0,56.452213
s0053,6,0,50.221798
s0053,7,0,57.36577
s0053,8,0,58.417637
s0053,9,0,62.81675
s0053,10,0,60.161762
s0053,11,0,71.780876
s0053,12,0,70.30812
s0053,13,0,70.55966
s0053,14,0,62.746296
s0053,15,0,69.9596
s0053,16,0,68.27325
s0053,17,0,65.62409
s0053,18,0,62.948246
s0053,19,0,66.42285
s0053,20,0,63.00971
s0053,21,0,68.007576
s0053,22,0,63.72506
s0053,23,0,68.65884
s0053,24,0,58.59275
s0053,25,0,74.205246
s0053,26,0,66.381325
s0053,27,0,57.90517
s0053,28,0,76.20121
s0053,29,0,65.47443
s0053,30,0,56.18003
s0053,31,0,61.15966
s0053,32,0,69.399666
s0053,33,0,60.00842
s0053,34,0,48.676796
s0053,35,0,61.118538
s0053,36,0,59.912704
s0053,37,0,58.963463
s0053,38,0,59.758194
s0053,39,0,38.21475
s0053,40,0,61.14067
s0053,41,0,51.394802
s0053,42,0,28.351622
s0053,43,0,46.50256
s0053,44,0,56.616352
s0053,45,0,32.178722
s0053,46,0,52.876842
s0053,47,0,50.37531
s0053,48,0,67.45832
s0053,49,0,59.840332
s0053,50,0,40.350307
s0053,51,0,36.185783
s0053,52,0,51.94919
s0053,53,0,60.1276
s0053,54,0,60.658173
s0053,55,0,53.566643
s0053,56,0,46.75565
s0053,57,0,62.55436
s0053,58,0,59.72185
s0053,59,0,60.93908
s0053,60,0,57.97632
s0053,61,0,68.60631
s0053,62,0,69.80335
s0053,63,0,58.946846
s0053,64,0,68.449486
s0053,65,0,77.81116
s0053,66,0,69.39743
s0053,67,0,60.007267
s0053,68,0,58.72813
s0053,69,0,63.129833
s0053,70,0,51.158077
s0053,71,0,63.227425
s0053,72,0,49.747917
s0053,73,0,67.95647
s0053,74,0,77.389946
s0053,75,0,73.162796
s0053,76,0,75.9529
s0053,77,0,73.50718
s0053,78,0,78.179985
s0053,79,0,69.722
s0053,80,0,87.80222
s0053,81,0,70.81471
s0053,82,0,68.13283
s0053,83,0,68.62309
s0053,84,0,63.376934
s0053,85,0,77.33845
s0053,86,0,65.44645
s0053,87,0,71.25361
s0053,88,0,67.457466
s0053,89,0,65.7069
s0053,90,0,61.54373
s0053,91,0,64.65637
s0053,92,0,65.04969
s0053,93,0,72.02563
s0053,94,0,72.280754
s0053,95,0,67.32236
s0054,0,0,56.790604
s0054,1,0,49.49183
s0054,2,0,44.622047
s0054,3,0,46.044296
s0054,4,0,40.997833
s0054,5,0,55.14109
s0054,6,0,46.72944
s0054,7,0,58.480892
s0054,8,0,62.599094
s0054,9,0,59.287296
s0054,10,0,62.0395
s0054,11,0,54.61763
s0054,12,0,73.413895
s0054,13,0,65.53432
s0054,14,0,63.916515
s0054,15,0,66.55515
s0054,16,0,68.95347
s0054,17,0,62.353363
s0054,18,0,58.302174
s0054,19,0,65.55471
s0054,20,0,71.79362
s0054,21,0,68.33156
s0054,22,0,69.65342
s0054,23,0,59.177757
s0054,24,0,63.592564
s0054,25,0,73.10472
s0054,26,0,72.69384
s0054,27,0,68.93525
s0054,28,0,61.6747
s0054,29,0,73.4068
s0054,30,0,56.18253
s0054,31,0,62.834404
s0054,32,0,54.56365
s0054,33,0,61.49213
s0054,34,0,41.08766
s0054,35,0,55.2953
s0054,36,0,45.826057
s0054,37,0,65.92891
s0054,38,0,58.881313
s0054,39,0,46.118164
s0054,40,0,55.005615
s0054,41,0,35.65953
s0054,42,0,51.734436
s0054,43,0,60.342697
s0054,44,0,55.571396
s0054,45,0,46.420116
s0054,46,0,59.187336
s0054,47,0,24.787916
s0054,48,0,58.27189
s0054,49,0,45.314835
s0054,50,0,62.172527
s0054,51,0,39.202667
s0054,52,0,41.74683
s0054,53,0,48.53587
s0054,54,0,69.579346
s0054,55,0,60.57042
s0054,56,0,61.88847
s0054,57,0,65.62342
s0054,58,0,52.976982
s0054,59,0,68.08474
s0054,60,0,52.933884
s0054,61,0,58.14817
s0054,62,0,67.836876
s0054,63,0,73.19665
s0054,64,0,67.55206
s0054,65,0,72.377945
s0054,66,0,74.907074
s0054,67,0,70.599815
s0054,68,0,66.33677
s0054,69,0,62.052425
s0054,70,0,49.158047
s0054,71,0,58.61122
s0054,72,0,58.0793
s0054,73,0,77.19283
s0054,74,0,77.840706
s0054,75,0,73.82303
s0054,76,0,65.728165
s0054,77,0,70.839874
s0054,78,0,63.992947
s0054,79,0,72.36359
s0054,80,0,78.146805
s0054,81,0,68.72112
s0054,82,0,62.402718
s0054,83,0,65.68978
s0054,84,0,68.943756
s0054,85,0,71.957825
s0054,86,0,64.04108
s0054,87,0,58.603954
s0054,88,0,54.16545
s0054,89,0,59.749397
s0054,90,0,55.93877
s0054,91,0,68.71615
s0054,92,0,64.504234
s0054,93,0,64.747765
s0054,94,0,72.18509
s0054,95,0,73.398415
s0055,0,0,55.672318
s0055,1,0,41.83318
s0055,2,0,43.835693
s0055,3,0,47.215942
s0055,4,0,57.641666
s0055,5,0,51.105526
s0055,6,0,48.411713
s0055,7,0,56.89606
s0055,8,0,53.61634
s0055,9,0,55.76323
s0055,10,0,66.17874
s0055,11,0,60.06476
s0055,12,0,67.543686
s0055,13,0,70.86399
s0055,14,0,79.74645
s0055,15,0,68.247635
s0055,16,0,61.36887
s0055,17,0,68.15247
s0055,18,0,67.05891
s0055,19,0,60.10563
s0055,20,0,63.568714
s0055,21,0,70.37005
s0055,22,0,63.238335
s0055,23,0,67.111404
s0055,24,0,73.50855
s0055,25,0,71.567
s0055,26,0,68.451416
s0055,27,0,69.95533
s0055,28,0,65.96152
s0055,29,0,68.62945
s0055,30,0,45.02981
s0055,31,0,68.38203
s0055,32,0,62.41203
s0055,33,0,58.70958
s0055,34,0,53.868607
s0055,35,0,49.514862
s0055,36,0,51.657173
s0055,37,0,49.897915
s0055,38,0,47.918697
s0055,39,0,42.22519
s0055,40,0,63.132397
s0055,41,0,45.528694
s0055,42,0,37.338657
s0055,43,0,45.96372
s0055,44,0,72.19843
s0055,45,0,33.54326
s0055,46,0,22.67021
s0055,47,0,28.693527
s0055,48,0,43.671333
s0055,49,0,34.706905
s0055,50,0,45.64071
s0055,51,0,61.758404
s0055,52,0,49.584923
s0055,53,0,54.49165
s0055,54,0,47.97619
s0055,55,0,55.410988
s0055,56,0,58.05028
s0055,57,0,61.524868
s0055,58,0,50.500267
s0055,59,0,67.62782
s0055,60,0,67.14781
s0055,61,0,63.517437
s0055,62,0,73.96036
s0055,63,0,68.354645
s0055,64,0,68.37712
s0055,65,0,58.17192
s0055,66,0,69.18701
s0055,67,0,58.438774
s0055,68,0,68.97121
s0055,69,0,57.35791
s0055,70,0,57.153236
s0055,71,0,49.90196
s0055,72,0,56.84098
s0055,73,0,76.57872
s0055,74,0,77.71413
s0055,75,0,64.23204
s0055,76,0,73.227
s0055,77,0,73.27174
s0055,78,0,64.672005
s0055,79,0,77.88121
s0055,80,0,75.832924
s0055,81,0,68.80592
s0055,82,0,65.895546
s0055,83,0,63.773003
s0055,84,0,73.17081
s0055,85,0,69.8042
s0055,86,0,65.74212
s0055,87,0,62.19068
s0055,88,0,58.92097
s0055,89,0,59.096764
s0055,90,0,57.25712
s0055,91,0,68.22666
s0055,92,0,55.981968
s0055,93,0,67.59195
s0055,94,0,64.81041
s0055,95,0,78.01588
s0056,0,0,50.86437
s0056,1,0,48.59421
s0056,2,0,45.942245
s0056,3,0,46.758213
s0056,4,0,50.537262
s0056,5,0,51.862595
s0056,6,0,58.52885
s0056,7,0,66.75841
s0056,8,0,53.542465
s0056,9,0,60.944576
s0056,10,0,63.03447
s0056,11,0,55.225925
s0056,12,0,63.616463
s0056,13,0,71.46974
s0056,14,0,66.62776
s0056,15,0,71.97784
s0056,16,0,65.14422
s0056,17,0,72.0068
s0056,18,0,58.546318
s0056,19,0,63.35442
s0056,20,0,59.721466
s0056,21,0,65.650665
s0056,22,0,68.730225
s0056,23,0,74.11343
s0056,24,0,65.75701
s0056,25,0,65.40475
s0056,26,0,70.36707
s0056,27,0,66.40023
s0056,28,0,77.83819
s0056,29,0,65.69658
s0056,30,0,49.63026
s0056,31,0,58.243176
s0056,32,0,66.2264
s0056,33,0,57.37894
s0056,34,0,55.211838
s0056,35,0,36.281334
s0056,36,0,66.13724
s0056,37,0,52.584038
s0056,38,0,62.697422
s0056,39,0,37.56387
s0056,40,0,40.066883
s0056,41,0,42.643887
s0056,42,0,47.960247
s0056,43,0,55.03491
s0056,44,0,57.309345
s0056,45,0,41.780132
s0056,46,0,53.65775
s0056,47,0,29.79683
s0056,48,0,23.64418
s0056,49,0,44.283886
s0056,50,0,41.93762
s0056,51,0,53.17128
s0056,52,0,47.36509
s0056,53,0,51.39002
s0056,54,0,62.860306
s0056,55,0,55.011913
s0056,56,0,64.39596
s0056,57,0,66.86414
s0056,58,0,53.724125
s0056,59,0,57.299015
s0056,60,0,54.278706
s0056,61,0,64.12296
s0056,62,0,72.72544
s0056,63,0,74.14353
s0056,64,0,59.614304
s0056,65,0,60.61646
s0056,66,0,76.09623
s0056,67,0,61.368645
s0056,68,0,74.20977
s0056,69,0,61.785797
s0056,70,0,57.24822
s0056,71,0,58.34034
s0056,72,0,57.425587
s0056,73,0,59.464226
s0056,74,0,84.76149
s0056,75,0,76.801254
s0056,76,0,74.339676
s0056,77,0,69.68349
s0056,78,0,70.72355
s0056,79,0,77.70963
s0056,80,0,81.45394
s0056,81,0,74.11484
s0056,82,0,71.38451
s0056,83,0,70.4632
s0056,84,0,64.673744
s0056,85,0,72.67256
s0056,86,0,78.05573
s0056,87,0,63.48
s0056,88,0,67.33667
s0056,89,0,57.778202
s0056,90,0,61.908787
s0056,91,0,72.07081
s0056,92,0,61.424843
s0056,93,0,74.23789
s0056,94,0,71.39108
s0056,95,0,66.86803
s0057,0,0,48.589638
s0057,1,0,45.61203
s0057,2,0,47.703575
s0057,3,0,51.503834
s0057,4,0,39.066807
s0057,5,0,49.632706
s0057,6,0,54.94837
s0057,7,0,60.09647
s0057,8,0,59.1415
s0057,9,0,54.608677
s0057,10,0,65.26367
s0057,11,0,71.07196
s0057,12,0,62.895416
s0057,13,0,70.38328
s0057,14,0,71.979126
s0057,15,0,70.9334
s0057,16,0,71.25895
s0057,17,0,57.089485
s0057,18,0,63.17393
s0057,19,0,73.0759
s0057,20,0,65.01312
s0057,21,0,66.80333
s0057,22,0,72.732834
s0057,23,0,63.279766
s0057,24,0,73.26586
s0057,25,0,64.596535
s0057,26,0,57.061832
s0057,27,0,57.58047
s0057,28,0,77.69182
s0057,29,0,75.11196
s0057,30,0,67.60739
s0057,31,0,59.17459
s0057,32,0,59.36826
s0057,33,0,55.17275
s0057,34,0,55.00925
s0057,35,0,55.397278
s0057,36,0,55.003407
s0057,37,0,46.208813
s0057,38,0,48.012646
s0057,39,0,42.52491
s0057,40,0,58.245777
s0057,41,0,34.75224
s0057,42,0,47.5612
s0057,43,0,47.65865
s0057,44,0,55.42194
s0057,45,0,61.552437
s0057,46,0,29.84794
s0057,47,0,22.437393
s0057,48,0,42.4348
s0057,49,0,55.03761
s0057,50,0,52.56536
s0057,51,0,54.946705
s0057,52,0,47.87603
s0057,53,0,48.64254
s0057,54,0,46.816154
s0057,55,0,66.49953
s0057,56,0,56.942493
s0057,57,0,66.224236
s0057,58,0,62.108627
s0057,59,0,67.122215
s0057,60,0,51.24512
s0057,61,0,60.27507
s0057,62,0,72.17375
s0057,63,0,74.82212
s0057,64,0,63.73602
s0057,65,0,70.87734
s0057,66,0,63.318367
s0057,67,0,54.55877
s0057,68,0,62.902584
s0057,69,0,70.45695
s0057,70,0,60.98315
s0057,71,0,57.377712
s0057,72,0,70.35611
s0057,73,0,75.30954
s0057,74,0,64.48948
s0057,75,0,65.6463
s0057,76,0,74.774254
s0057,77,0,69.182495
s0057,78,0,75.7115
s0057,79,0,63.65527
s0057,80,0,69.59988
s0057,81,0,70.99441
s0057,82,0,63.006912
s0057,83,0,69.53513
s0057,84,0,63.493374
s0057,85,0,73.03762
s0057,86,0,74.539856
s0057,87,0,65.4327
s0057,88,0,57.04935
s0057,89,0,61.3018
s0057,90,0,55.23882
s0057,91,0,64.55311
s0057,92,0,65.3847
s0057,93,0,78.873405
s0057,94,0,63.85531
s0057,95,0,71.85621
s0058,0,0,61.496685
s0058,1,0,48.710526
s0058,2,0,46.33441
s0058,3,0,52.785454
s0058,4,0,53.380657
s0058,5,0,51.70262
s0058,6,0,44.713337
s0058,7,0,46.05318
s0058,8,0,64.83268
s0058,9,0,51.774254
s0058,10,0,58.57829
s0058,11,0,65.10463
s0058,12,0,69.94741
s0058,13,0,73.86729
s0058,14,0,77.04536
s0058,15,0,72.59616
s0058,16,0,66.155304
s0058,17,0,62.54677
s0058,18,0,63.41293
s0058,19,0,65.37609
s0058,20,0,66.5133
s0058,21,0,74.159256
s0058,22,0,59.605263
s0058,23,0,63.965683
s0058,24,0,74.770226
s0058,25,0,71.260635
s0058,26,0,58.91334
s0058,27,0,70.29109
s0058,28,0,62.564198
s0058,29,0,69.82108
s0058,30,0,52.54517
s0058,31,0,64.94004
s0058,32,0,59.579304
s0058,33,0,56.284134
s0058,34,0,57.508976
s0058,35,0,54.89644
s0058,36,0,48.191536
s0058,37,0,57.722847
s0058,38,0,66.46993
s0058,39,0,59.19586
s0058,40,0,64.03418
s0058,41,0,52.375195
s0058,42,0,50.52509
s0058,43,0,55.272285
s0058,44,0,41.94712
s0058,45,0,60.30449
s0058,46,0,46.86449
s0058,47,0,47.386955
s0058,48,0,56.803226
s0058,49,0,41.14665
s0058,50,0,39.918957
s0058,51,0,53.66161
s0058,52,0,38.986275
s0058,53,0,62.23534
s0058,54,0,48.74244
s0058,55,0,58.19309
s0058,56,0,52.24579
s0058,57,0,59.37867
s0058,58,0,57.88896
s0058,59,0,64.234924
s0058,60,0,60.923126
s0058,61,0,67.38187
s0058,62,0,74.2657
s0058,63,0,66.82533
s0058,64,0,66.1854
s0058,65,0,65.4683
s0058,66,0,81.202194
s0058,67,0,61.28756
s0058,68,0,63.686882
s0058,69,0,70.31191
s0058,70,0,48.831787
s0058,71,0,63.168
s0058,72,0,56.823746
s0058,73,0,68.29414
s0058,74,0,74.299835
s0058,75,0,67.89124
s0058,76,0,66.38407
s0058,77,0,72.02211
s0058,78,0,74.64296
s0058,79,0,89.21447
s0058,80,0,83.40733
s0058,81,0,74.848755
s0058,82,0,71.86887
s0058,83,0,68.107315
s0058,84,0,55.198364
s0058,85,0,70.09441
s0058,86,0,67.27743
s0058,87,0,64.44185
s0058,88,0,62.811085
s0058,89,0,76.431625
s0058,90,0,54.9002
s0058,91,0,76.59519
s0058,92,0,67.628654
s0058,93,0,83.929794
s0058,94,0,72.43006
s0058,95,0,62.14311
s0059,0,0,51.169693
s0059,1,0,60.79705
s0059,2,0,52.76275
s0059,3,0,42.92835
s0059,4,0,58.305294
s0059,5,0,48.707066
s0059,6,0,48.04405
s0059,7,0,55.83475
s0059,8,0,51.122654
s0059,9,0,62.124733
s0059,10,0,72.03107
s0059,11,0,61.369392
s0059,12,0,73.81783
s0059,13,0,66.935875
s0059,14,0,71.21534
s0059,15,0,71.01688
s0059,16,0,68.853004
s0059,17,0,56.74084
s0059,18,0,67.357864
s0059,19,0,62.502934
s0059,20,0,67.40064
s0059,21,0,66.28548
s0059,22,0,66.577484
s0059,23,0,62.38212
s0059,24,0,63.469807
s0059,25,0,54.99143
s0059,26,0,63.925964
s0059,27,0,57.303467
s0059,28,0,72.7533
s0059,29,0,63.865734
s0059,30,0,57.179195
s0059,31,0,66.09867
s0059,32,0,59.288296
s0059,33,0,58.80837
s0059,34,0,49.551582
s0059,35,0,49.102757
s0059,36,0,52.82069
s0059,37,0,49.051823
s0059,38,0,64.01873
s0059,39,0,63.19422
s0059,40,0,63.495888
s0059,41,0,60.280163
s0059,42,0,58.47538
s0059,43,0,49.46007
s0059,44,0,59.110104
s0059,45,0,27.010454
s0059,46,0,20.131351
s0059,47,0,50.159847
s0059,48,0,49.79654
s0059,49,0,56.169296
s0059,50,0,44.82318
s0059,51,0,36.792587
s0059,52,0,45.391045
s0059,53,0,66.16008
s0059,54,0,43.58386
s0059,55,0,45.80899
s0059,56,0,55.794365
s0059,57,0,71.12108
s0059,58,0,51.715153
s0059,59,0,61.819443
s0059,60,0,66.89679
s0059,61,0,54.619617
s0059,62,0,72.48523
s0059,63,0,74.32124
s0059,64,0,64.83671
s0059,65,0,72.289345
s0059,66,0,68.26438
s0059,67,0,54.80787
s0059,68,0,64.9524
s0059,69,0,61.55231
s0059,70,0,56.638214
s0059,71,0,53.170948
s0059,72,0,59.73463
s0059,73,0,68.3104
s0059,74,0,74.85986
s0059,75,0,72.134636
s0059,76,0,71.2743
s0059,77,0,74.367004
s0059,78,0,71.550156
s0059,79,0,74.74083
s0059,80,0,82.8273
s0059,81,0,70.99039
s0059,82,0,63.378
s0059,83,0,63.865532
s0059,84,0,69.31173
s0059,85,0,69.34998
s0059,86,0,64.90173
s0059,87,0,54.571507
s0059,88,0,62.822742
s0059,89,0,59.724308
s0059,90,0,54.232502
s0059,91,0,62.479553
s0059,92,0,74.73225
s0059,93,0,62.9322
s0059,94,0,65.83842
s0059,95,0,70.850174
s0060,0,0,61.28054
s0060,1,0,39.08649
s0060,2,0,44.547714
s0060,3,0,49.178383
s0060,4,0,46.943665
s0060,5,0,45.080086
s0060,6,0,58.56778
s0060,7,0,54.13023
s0060,8,0,59.056698
s0060,9,0,58.500282
s0060,10,0,63.614223
s0060,11,0,55.5793
s0060,12,0,68.298706
s0060,13,0,64.84203
s0060,14,0,62.536293
s0060,15,0,75.04461
s0060,16,0,63.291428
s0060,17,0,73.623
s0060,18,0,62.38324
s0060,19,0,61.51969
s0060,20,0,69.562744
s0060,21,0,64.41123
s0060,22,0,59.739166
s0060,23,0,75.97125
s0060,24,0,71.36299
s0060,25,0,73.795074
s0060,26,0,78.53599
s0060,27,0,60.78495
s0060,28,0,73.79096
s0060,29,0,58.614136
s0060,30,0,64.44723
s0060,31,0,61.280373
s0060,32,0,61.147125
s0060,33,0,53.936863
s0060,34,0,66.531334
s0060,35,0,52.339016
s0060,36,0,54.690567
s0060,37,0,47.987953
s0060,38,0,58.091343
s0060,39,0,31.083807
s0060,40,0,62.111332
s0060,41,0,36.88696
s0060,42,0,52.57844
s0060,43,0,50.036346
s0060,44,0,71.90518
s0060,45,0,54.647552
s0060,46,0,49.82597
s0060,47,0,54.59287
s0060,48,0,28.230663
s0060,49,0,50.04581
s0060,50,0,51.852215
s0060,51,0,54.721695
s0060,52,0,68.625465
s0060,53,0,43.073658
s0060,54,0,50.457653
s0060,55,0,66.302605
s0060,56,0,61.555904
s0060,57,0,57.496223
s0060,58,0,49.94311
s0060,59,0,73.71708
s0060,60,0,58.815323
s0060,61,0,69.83534
s0060,62,0,71.194336
s0060,63,0,76.48344
s0060,64,0,57.773434
s0060,65,0,65.566376
s0060,66,0,59.08386
s0060,67,0,67.56211
s0060,68,0,74.916794
s0060,69,0,65.16027
s0060,70,0,59.35193
s0060,71,0,66.722046
s0060,72,0,58.021782
s0060,73,0,73.44344
s0060,74,0,76.45632
s0060,75,0,76.9365
s0060,76,0,69.74506
s0060,77,0,74.441925
s0060,78,0,72.78015
s0060,79,0,75.71103
s0060,80,0,71.13931
s0060,81,0,75.494835
s0060,82,0,56.66531
s0060,83,0,66.88495
s0060,84,0,61.645855
s0060,85,0,74.65979
s0060,86,0,51.667595
s0060,87,0,55.996105
s0060,88,0,66.61554
s0060,89,0,56.498474
s0060,90,0,54.55507
s0060,91,0,85.25486
s0060,92,0,60.079727
s0060,93,0,56.438793
s0060,94,0,60.956924
s0060,95,0,71.37362
s0061,0,0,60.56218
s0061,1,0,48.769173
s0061,2,0,52.793446
s0061,3,0,37.735508
s0061,4,0,61.076035
s0061,5,0,67.2577
s0061,6,0,47.257797
s0061,7,0,61.47839
s0061,8,0,56.347977
s0061,9,0,53.352776
s0061,10,0,62.26489
s0061,11,0,58.05433
s0061,12,0,74.09283
s0061,13,0,57.68406
s0061,14,0,63.280643
s0061,15,0,72.30109
s0061,16,0,62.4874
s0061,17,0,57.12181
s0061,18,0,57.32332
s0061,19,0,76.528625
s0061,20,0,64.7767
s0061,21,0,59.61549
s0061,22,0,57.091434
s0061,23,0,66.61997
s0061,24,0,69.08954
s0061,25,0,61.568325
s0061,26,0,71.89884
s0061,27,0,58.893036
s0061,28,0,76.071266
s0061,29,0,67.02269
s0061,30,0,57.841278
s0061,31,0,60.189102
s0061,32,0,59.350193
s0061,33,0,60.905697
s0061,34,0,57.632656
s0061,35,0,50.694454
s0061,36,0,64.23638
s0061,37,0,52.801525
s0061,38,0,57.991024
s0061,39,0,71.89119
s0061,40,0,48.659492
s0061,41,0,55.103336
s0061,42,0,55.49035
s0061,43,0,26.48649
s0061,44,0,63.20545
s0061,45,0,43.05736
s0061,46,0,45.990437
s0061,47,0,40.431366
s0061,48,0,66.42159
s0061,49,0,66.38329
s0061,50,0,44.29807
s0061,51,0,55.864727
s0061,52,0,56.433556
s0061,53,0,53.110714
s0061,54,0,54.90639
s0061,55,0,58.89125
s0061,56,0,60.05132
s0061,57,0,64.080086
s0061,58,0,57.710968
s0061,59,0,65.33176
s0061,60,0,62.42184
s0061,61,0,59.79854
s0061,62,0,74.41668
s0061,63,0,71.246284
s0061,64,0,64.56024
s0061,65,0,66.461716
s0061,66,0,71.129684
s0061,67,0,67.18305
s0061,68,0,57.750916
s0061,69,0,60.79352
s0061,70,0,57.061886
s0061,71,0,61.75517
s0061,72,0,65.87957
s0061,73,0,71.34725
s0061,74,0,75.31984
s0061,75,0,67.00908
s0061,76,0,72.69612
s0061,77,0,66.82814
s0061,78,0,69.80416
s0061,79,0,74.26089
s0061,80,0,80.07099
s0061,81,0,67.5069
s0061,82,0,68.05654
s0061,83,0,60.140034
s0061,84,0,67.69744
s0061,85,0,70.35924
s0061,86,0,60.707447
s0061,87,0,60.35
s0061,88,0,71.3399
s0061,89,0,69.307625
s0061,90,0,49.82418
s0061,91,0,61.853146
s0061,92,0,62.909424
s0061,93,0,64.21858
s0061,94,0,80.95229
s0061,95,0,76.86255
s0062,0,0,54.37555
s0062,1,0,57.341663
s0062,2,0,42.997765
s0062,3,0,41.041485
s0062,4,0,52.552258
s0062,5,0,67.17331
s0062,6,0,53.554073
s0062,7,0,63.628067
s0062,8,0,69.79881
s0062,9,0,58.815815
s0062,10,0,57.76894
s0062,11,0,65.13414
s0062,12,0,58.673424
s0062,13,0,62.89339
s0062,14,0,68.64378
s0062,15,0,58.28835
s0062,16,0,62.57617
s0062,17,0,56.18492
s0062,18,0,70.502335
s0062,19,0,61.331844
s0062,20,0,71.692
s0062,21,0,71.18301
s0062,22,0,63.2033
s0062,23,0,70.20079
s0062,24,0,61.70784
s0062,25,0,61.648865
s0062,26,0,71.25321
s0062,27,0,63.518867
s0062,28,0,68.87245
s0062,29,0,63.299343
s0062,30,0,56.70422
s0062,31,0,63.816868
s0062,32,0,55.090458
s0062,33,0,62.589954
s0062,34,0,58.404472
s0062,35,0,46.874638
s0062,36,0,44.970238
s0062,37,0,57.797974
s0062,38,0,59.487034
s0062,39,0,58.864063
s0062,40,0,58.52492
s0062,41,0,46.945644
s0062,42,0,54.556866
s0062,43,0,48.370617
s0062,44,0,50.537086
s0062,45,0,62.001125
s0062,46,0,40.934555
s0062,47,0,48.080975
s0062,48,0,45.862675
s0062,49,0,53.716877
s0062,50,0,43.848927
s0062,51,0,56.47543
s0062,52,0,60.83807
s0062,53,0,63.17329
s0062,54,0,45.98966
s0062,55,0,52.110565
s0062,56,0,67.553986
s0062,57,0,62.115093
s0062,58,0,50.719704
s0062,59,0,71.21829
s0062,60,0,66.9714
s0062,61,0,55.976803
s0062,62,0,74.30352
s0062,63,0,62.634937
s0062,64,0,63.51443
s0062,65,0,61.244473
s0062,66,0,68.251114
s0062,67,0,70.199486
s0062,68,0,70.88154
s0062,69,0,68.617546
s0062,70,0,63.124596
s0062,71,0,63.46075
s0062,72,0,49.52243
s0062,73,0,72.60113
s0062,74,0,71.75979
s0062,75,0,69.5381
s0062,76,0,72.88249
s0062,77,0,70.24361
s0062,78,0,71.92724
s0062,79,0,70.02052
s0062,80,0,67.047386
s0062,81,0,80.40693
s0062,82,0,62.815094
s0062,83,0,65.85508
s0062,84,0,67.12934
s0062,85,0,64.79673
s0062,86,0,60.645634
s0062,87,0,69.34276
s0062,88,0,59.74307
s0062,89,0,65.508095
s0062,90,0,55.177258
s0062,91,0,73.928665
s0062,92,0,78.84642
s0062,93,0,65.95827
s0062,94,0,69.93121
s0062,95,0,70.39598
s0063,0,0,53.944138
s0063,1,0,47.299458
s0063,2,0,46.11567
s0063,3,0,42.5602
s0063,4,0,43.04643
s0063,5,0,50.611404
s0063,6,0,54.294647
s0063,7,0,48.807117
s0063,8,0,60.39992
s0063,9,0,57.19267
s0063,10,0,64.698685
s0063,11,0,67.025024
s0063,12,0,61.41158
s0063,13,0,71.181755
s0063,14,0,70.870384
s0063,15,0,74.94965
s0063,16,0,61.773457
s0063,17,0,67.97347
s0063,18,0,55.687214
s0063,19,0,63.511337
s0063,20,0,65.347916
s0063,21,0,65.69748
s0063,22,0,74.79223
s0063,23,0,72.97644
s0063,24,0,66.2177
s0063,25,0,70.86909
s0063,26,0,71.65908
s0063,27,0,62.601955
s0063,28,0,74.58744
s0063,29,0,66.26154
s0063,30,0,61.427006
s0063,31,0,58.715607
s0063,32,0,53.904694
s0063,33,0,55.434147
s0063,34,0,59.760994
s0063,35,0,60.893307
s0063,36,0,53.450233
s0063,37,0,49.909798
s0063,38,0,53.24926
s0063,39,0,61.746243
s0063,40,0,70.68007
s0063,41,0,61.001408
s0063,42,0,34.800728
s0063,43,0,42.53455
s0063,44,0,62.721348
s0063,45,0,64.238075
s0063,46,0,45.2951
s0063,47,0,31.32333
s0063,48,0,65.22161
s0063,49,0,49.364796
s0063,50,0,41.109085
s0063,51,0,47.60244
s0063,52,0,61.85566
s0063,53,0,42.42189
s0063,54,0,35.24088
s0063,55,0,64.87952
s0063,56,0,60.046497
s0063,57,0,63.11713
s0063,58,0,48.575226
s0063,59,0,69.9514
s0063,60,0,50.365543
s0063,61,0,69.65132
s0063,62,0,81.9097
s0063,63,0,73.498024
s0063,64,0,65.09863
s0063,65,0,58.26307
s0063,66,0,74.71925
s0063,67,0,64.876396
s0063,68,0,60.894325
s0063,69,0,65.87825
s0063,70,0,54.217014
s0063,71,0,57.91844
s0063,72,0,61.202263
s0063,73,0,70.675804
s0063,74,0,77.57419
s0063,75,0,64.72913
s0063,76,0,78.18194
s0063,77,0,58.317337
s0063,78,0,75.466576
s0063,79,0,82.62274
s0063,80,0,66.34142
s0063,81,0,77.37644
s0063,82,0,64.97156
s0063,83,0,66.692276
s0063,84,0,76.6384
s0063,85,0,71.8368
s0063,86,0,67.62493
s0063,87,0,56.689304
s0063,88,0,58.014767
s0063,89,0,66.487595
s0063,90,0,54.82413
s0063,91,0,69.448586
s0063,92,0,77.84854
s0063,93,0,65.92494
s0063,94,0,66.94558
s0063,95,0,63.3129
s0064,0,0,50.403763
s0064,1,0,49.055138
s0064,2,0,45.9741
s0064,3,0,48.49951
s0064,4,0,46.777634
s0064,5,0,50.7106
s0064,6,0,56.05345
s0064,7,0,58.586887
s0064,8,0,65.07779
s0064,9,0,52.25992
s0064,10,0,71.44312
s0064,11,0,61.11064
s0064,12,0,70.638275
s0064,13,0,73.04518
s0064,14,0,72.94287
s0064,15,0,59.186546
s0064,16,0,68.62259
s0064,17,0,63.70808
s0064,18,0,66.747444
s0064,19,0,55.777103
s0064,20,0,71.92718
s0064,21,0,59.6512
s0064,22,0,66.85831
s0064,23,0,67.90906
s0064,24,0,71.4474
s0064,25,0,71.22714
s0064,26,0,75.858635
s0064,27,0,66.29762
s0064,28,0,69.40327
s0064,29,0,71.38211
s0064,30,0,56.905174
s0064,31,0,53.958202
s0064,32,0,53.897064
s0064,33,0,55.728104
s0064,34,0,40.886242
s0064,35,0,52.049503
s0064,36,0,60.089775
s0064,37,0,69.06097
s0064,38,0,60.3417
s0064,39,0,49.750015
s0064,40,0,67.601326
s0064,41,0,40.546074
s0064,42,0,54.764324
s0064,43,0,37.897682
s0064,44,0,40.162827
s0064,45,0,63.003113
s0064,46,0,22.64037
s0064,47,0,55.95794
s0064,48,0,70.061844
s0064,49,0,51.754612
s0064,50,0,58.538868
s0064,51,0,32.670177
s0064,52,0,45.26214
s0064,53,0,54.950344
s0064,54,0,38.6266
s0064,55,0,61.857914
s0064,56,0,54.26695
s0064,57,0,63.150608
s0064,58,0,55.746494
s0064,59,0,65.751854
s0064,60,0,57.96748
s0064,61,0,68.691505
s0064,62,0,72.8934
s0064,63,0,70.384865
s0064,64,0,62.894016
s0064,65,0,57.204514
s0064,66,0,76.117584
s0064,67,0,61.99518
s0064,68,0,58.019028
s0064,69,0,67.374855
s0064,70,0,58.55936
s0064,71,0,67.067024
s0064,72,0,68.26639
s0064,73,0,64.583466
s0064,74,0,75.79671
s0064,75,0,82.61308
s0064,76,0,79.199295
s0064,77,0,71.49788
s0064,78,0,88.2188
s0064,79,0,71.512344
s0064,80,0,78.5645
s0064,81,0,71.43625
s0064,82,0,64.51371
s0064,83,0,61.23331
s0064,84,0,77.23498
s0064,85,0,67.4028
s0064,86,0,69.08028
s0064,87,0,68.088264
s0064,88,0,64.61541
s0064,89,0,52.14283
s0064,90,0,52.09742
s0064,91,0,67.996796
s0064,92,0,70.37397
s0064,93,0,64.14892
s0064,94,0,74.20408
s0064,95,0,67.94943
s0065,0,0,53.967503
s0065,1,0,48.33239
s0065,2,0,57.198177
s0065,3,0,47.85431
s0065,4,0,46.170685
s0065,5,0,53.486748
s0065,6,0,46.973568
s0065,7,0,53.700306
s0065,8,0,60.996296
s0065,9,0,59.144115
s0065,10,0,60.019764
s0065,11,0,64.62209
s0065,12,0,74.93832
s0065,13,0,64.95837
s0065,14,0,57.801884
s0065,15,0,57.66801
s0065,16,0,64.18931
s0065,17,0,57.906567
s0065,18,0,63.567135
s0065,19,0,61.116955
s0065,20,0,71.30769
s0065,21,0,60.795265
s0065,22,0,63.765423
s0065,23,0,65.52829
s0065,24,0,70.69337
s0065,25,0,58.32201
s0065,26,0,69.843094
s0065,27,0,61.17433
s0065,28,0,63.19375
s0065,29,0,71.65121
s0065,30,0,59.492653
s0065,31,0,65.321915
s0065,32,0,62.77149
s0065,33,0,49.334606
s0065,34,0,42.751163
s0065,35,0,55.541763
s0065,36,0,64.35258
s0065,37,0,54.180637
s0065,38,0,46.939526
s0065,39,0,58.862465
s0065,40,0,63.084255
s0065,41,0,43.590225
s0065,42,0,49.411053
s0065,43,0,56.076565
s0065,44,0,42.11081
s0065,45,0,28.12879
s0065,46,0,46.106762
s0065,47,0,36.53558
s0065,48,0,19.00468
s0065,49,0,50.426426
s0065,50,0,39.262444
s0065,51,0,61.26429
s0065,52,0,44.214043
s0065,53,0,50.10381
s0065,54,0,54.95717
s0065,55,0,42.711987
s0065,56,0,55.335808
s0065,57,0,59.735344
s0065,58,0,56.250854
s0065,59,0,64.45106
s0065,60,0,62.605934
s0065,61,0,64.22282
s0065,62,0,68.27924
s0065,63,0,77.50081
s0065,64,0,60.281075
s0065,65,0,63.288773
s0065,66,0,73.33061
s0065,67,0,69.024414
s0065,68,0,61.650345
s0065,69,0,60.65178
s0065,70,0,61.752365
s0065,71,0,60.87419
s0065,72,0,61.893974
s0065,73,0,68.853806
s0065,74,0,69.3095
s0065,75,0,74.95458
s0065,76,0,71.10312
s0065,77,0,76.684525
s0065,78,0,62.4293
s0065,79,0,71.02838
s0065,80,0,70.53806
s0065,81,0,76.08843
s0065,82,0,70.09244
s0065,83,0,66.33249
s0065,84,0,70.08552
s0065,85,0,75.18383
s0065,86,0,68.96244
s0065,87,0,57.03974
s0065,88,0,60.705364
s0065,89,0,66.18893
s0065,90,0,52.75023
s0065,91,0,68.72035
s0065,92,0,69.46864
s0065,93,0,78.33686
s0065,94,0,72.2459
s0065,95,0,63.88837
s0066,0,0,59.364548
s0066,1,0,43.045025
s0066,2,0,44.73646
s0066,3,0,47.30994
s0066,4,0,43.979877
s0066,5,0,48.343662
s0066,6,0,52.066418
s0066,7,0,63.610584
s0066,8,0,65.607376
s0066,9,0,63.1304
s0066,10,0,63.49126
s0066,11,0,68.19251
s0066,12,0,64.974304
s0066,13,0,72.80027
s0066,14,0,69.19389
s0066,15,0,69.313736
s0066,16,0,56.419514
s0066,17,0,69.20606
s0066,18,0,58.49182
s0066,19,0,67.14658
s0066,20,0,65.84347
s0066,21,0,66.78801
s0066,22,0,56.392475
s0066,23,0,63.487362
s0066,24,0,68.75803
s0066,25,0,66.03337
s0066,26,0,72.532455
s0066,27,0,64.935455
s0066,28,0,75.37023
s0066,29,0,65.603004
s0066,30,0,56.123898
s0066,31,0,64.33463
s0066,32,0,50.260727
s0066,33,0,46.1009
s0066,34,0,40.249226
s0066,35,0,53.540955
s0066,36,0,59.669205
s0066,37,0,70.08199
s0066,38,0,58.843185
s0066,39,0,53.485916
s0066,40,0,70.08804
s0066,41,0,43.668888
s0066,42,0,36.35235
s0066,43,0,44.34245
s0066,44,0,45.13146
s0066,45,0,37.53092
s0066,46,0,39.962635
s0066,47,0,39.622406
s0066,48,0,30.883463
s0066,49,0,54.913044
s0066,50,0,59.166504
s0066,51,0,45.542664
s0066,52,0,67.14379
s0066,53,0,57.482872
s0066,54,0,54.468845
s0066,55,0,62.42807
s0066,56,0,57.253754
s0066,57,0,65.120255
s0066,58,0,55.471443
s0066,59,0,56.754913
s0066,60,0,56.412888
s0066,61,0,67.25189
s0066,62,0,71.19785
s0066,63,0,66.20306
s0066,64,0,64.05029
s0066,65,0,59.552097
s0066,66,0,75.88436
s0066,67,0,58.158115
s0066,68,0,66.44843
s0066,69,0,56.92369
s0066,70,0,48.642086
s0066,71,0,67.08549
s0066,72,0,61.49969
s0066,73,0,72.72213
s0066,74,0,73.60537
s0066,75,0,64.47869
s0066,76,0,79.45974
s0066,77,0,77.90614
s0066,78,0,68.85249
s0066,79,0,73.5258
s0066,80,0,71.15706
s0066,81,0,74.39318
s0066,82,0,64.583405
s0066,83,0,66.12425
s0066,84,0,67.14682
s0066,85,0,71.82593
s0066,86,0,64.24513
s0066,87,0,69.394424
s0066,88,0,70.85905
s0066,89,0,71.97194
s0066,90,0,63.261703
s0066,91,0,66.75289
s0066,92,0,72.71218
s0066,93,0,70.99941
s0066,94,0,71.73901
s0066,95,0,65.38057
s0067,0,0,51.5972
s0067,1,0,52.982166
s0067,2,0,42.070873
s0067,3,0,47.20766
s0067,4,0,55.586468
s0067,5,0,56.297882
s0067,6,0,53.832726
s0067,7,0,59.853462
s0067,8,0,54.113655
s0067,9,0,68.30102
s0067,10,0,56.417973
s0067,11,0,64.98227
s0067,12,0,66.688095
s0067,13,0,74.03489
s0067,14,0,68.92998
s0067,15,0,69.89764
s0067,16,0,62.80507
s0067,17,0,58.87693
s0067,18,0,63.668964
s0067,19,0,66.012215
s0067,20,0,64.594055
s0067,21,0,71.68429
s0067,22,0,55.414635
s0067,23,0,66.41667
s0067,24,0,60.151405
s0067,25,0,71.16541
s0067,26,0,65.62066
s0067,27,0,49.206882
s0067,28,0,69.08853
s0067,29,0,77.03875
s0067,30,0,64.43419
s0067,31,0,67.7908
s0067,32,0,50.836395
s0067,33,0,48.68256
s0067,34,0,46.85929
s0067,35,0,56.554577
s0067,36,0,54.478832
s0067,37,0,53.008923
s0067,38,0,36.424038
s0067,39,0,52.14056
s0067,40,0,67.603
s0067,41,0,51.460453
s0067,42,0,35.97116
s0067,43,0,29.208176
s0067,44,0,59.81242
s0067,45,0,39.323742
s0067,46,0,59.11333
s0067,47,0,53.5203
s0067,48,0,29.2946
s0067,49,0,47.312244
s0067,50,0,64.47976
s0067,51,0,57.395004
s0067,52,0,40.80821
s0067,53,0,49.694225
s0067,54,0,53.190052
s0067,55,0,56.91074
s0067,56,0,52.075096
s0067,57,0,53.611965
s0067,58,0,53.867607
s0067,59,0,61.486866
s0067,60,0,63.37988
s0067,61,0,69.32161
s0067,62,0,75.021034
s0067,63,0,71.25807
s0067,64,0,66.59575
s0067,65,0,68.99104
s0067,66,0,69.944954
s0067,67,0,59.395985
s0067,68,0,70.182495
s0067,69,0,67.88368
s0067,70,0,52.45265
s0067,71,0,65.3476
s0067,72,0,61.392178
s0067,73,0,74.34681
s0067,74,0,67.02761
s0067,75,0,68.36963
s0067,76,0,85.34983
s0067,77,0,69.97164
s0067,78,0,70.02177
s0067,79,0,64.99127
s0067,80,0,74.68292
s0067,81,0,73.45073
s0067,82,0,64.398674
s0067,83,0,71.93461
s0067,84,0,57.402817
s0067,85,0,69.863266
s0067,86,0,69.242096
s0067,87,0,58.847786
s0067,88,0,69.68759
s0067,89,0,59.65155
s0067,90,0,50.114708
s0067,91,0,70.50426
s0067,92,0,68.33527
s0067,93,0,61.995876
s0067,94,0,68.32754
s0067,95,0,66.77873
s0068,0,0,62.190563
s0068,1,0,55.857063
s0068,2,0,48.749706
s0068,3,0,57.88027
s0068,4,0,62.598316
s0068,5,0,53.19084
s0068,6,0,60.63922
s0068,7,0,56.845093
s0068,8,0,66.57969
s0068,9,0,61.731003
s0068,10,0,61.40019
s0068,11,0,63.901493
s0068,12,0,66.503204
s0068,13,0,64.72936
s0068,14,0,68.794975
s0068,15,0,64.133255
s0068,16,0,67.68196
s0068,17,0,58.885258
s0068,18,0,64.004036
s0068,19,0,62.510216
s0068,20,0,76.30739
s0068,21,0,64.10295
s0068,22,0,67.13516
s0068,23,0,69.19257
s0068,24,0,70.51565
s0068,25,0,66.463844
s0068,26,0,74.636795
s0068,27,0,54.951405
s0068,28,0,73.42701
s0068,29,0,75.4908
s0068,30,0,53.960316
s0068,31,0,64.707794
s0068,32,0,47.666595
s0068,33,0,56.891518
s0068,34,0,46.866196
s0068,35,0,55.98756
s0068,36,0,60.677773
s0068,37,0,62.57471
s0068,38,0,61.15334
s0068,39,0,57.750828
s0068,40,0,60.30433
s0068,41,0,45.035942
s0068,42,0,38.300808
s0068,43,0,40.626675
s0068,44,0,66.03733
s0068,45,0,31.00899
s0068,46,0,26.524853
s0068,47,0,59.863117
s0068,48,0,56.11142
s0068,49,0,41.28825
s0068,50,0,52.680023
s0068,51,0,71.551674
s0068,52,0,51.9114
s0068,53,0,48.99313
s0068,54,0,47.74404
s0068,55,0,70.56054
s0068,56,0,60.694717
s0068,57,0,59.99141
s0068,58,0,58.127415
s0068,59,0,62.06941
s0068,60,0,54.313694
s0068,61,0,71.00793
s0068,62,0,71.18947
s0068,63,0,74.4132
s0068,64,0,63.340843
s0068,65,0,66.49956
s0068,66,0,72.45449
s0068,67,0,59.949154
s0068,68,0,60.40667
s0068,69,0,76.77953
s0068,70,0,54.79849
s0068,71,0,59.65359
s0068,72,0,63.88149
s0068,73,0,60.355618
s0068,74,0,72.31831
s0068,75,0,69.487335
s0068,76,0,76.212265
s0068,77,0,73.651276
s0068,78,0,75.58895
s0068,79,0,70.71396
s0068,80,0,74.35785
s0068,81,0,79.40252
s0068,82,0,71.33793
s0068,83,0,76.62625
s0068,84,0,74.59185
s0068,85,0,56.736496
s0068,86,0,64.085594
s0068,87,0,60.64131
s0068,88,0,59.59302
s0068,89,0,52.49174
s0068,90,0,54.96046
s0068,91,0,72.42635
s0068,92,0,69.64858
s0068,93,0,82.666405
s0068,94,0,74.102036
s0068,95,0,59.891468
s0069,0,0,44.39166
s0069,1,0,43.56164
s0069,2,0,34.54059
s0069,3,0,43.988037
s0069,4,0,65.913956
s0069,5,0,57.25421
s0069,6,0,49.90176
s0069,7,0,46.83739
s0069,8,0,62.75126
s0069,9,0,56.68085
s0069,10,0,60.977093
s0069,11,0,65.86046
s0069,12,0,66.37137
s0069,13,0,68.62312
s0069,14,0,67.58523
s0069,15,0,67.27011
s0069,16,0,67.67916
s0069,17,0,62.6403
s0069,18,0,59.677467
s0069,19,0,64.638824
s0069,20,0,73.00203
s0069,21,0,64.18763
s0069,22,0,67.3944
s0069,23,0,75.55909
s0069,24,0,65.480865
s0069,25,0,68.11787
s0069,26,0,61.48472
s0069,27,0,60.262074
s0069,28,0,70.844864
s0069,29,0,67.32795
s0069,30,0,59.271584
s0069,31,0,61.523987
s0069,32,0,56.221424
s0069,33,0,51.166645
s0069,34,0,56.52862
s0069,35,0,50.26072
s0069,36,0,53.2966
s0069,37,0,76.038795
s0069,38,0,59.816303
s0069,39,0,58.191338
s0069,40,0,51.83176
s0069,41,0,77.00458
s0069,42,0,46.008427
s0069,43,0,35.808365
s0069,44,0,61.21389
s0069,45,0,48.122356
s0069,46,0,37.26317
s0069,47,0,42.40081
s0069,48,0,72.81763
s0069,49,0,41.523846
s0069,50,0,56.363396
s0069,51,0,53.66916
s0069,52,0,47.063725
s0069,53,0,55.257687
s0069,54,0,58.13883
s0069,55,0,59.453125
s0069,56,0,55.015625
s0069,57,0,55.910957
s0069,58,0,58.29636
s0069,59,0,60.835228
s0069,60,0,54.576134
s0069,61,0,60.62154
s0069,62,0,78.76495
s0069,63,0,76.337135
s0069,64,0,55.780045
s0069,65,0,66.39798
s0069,66,0,68.39145
s0069,67,0,59.343056
s0069,68,0,71.34653
s0069,69,0,60.693813
s0069,70,0,54.67922
s0069,71,0,64.80322
s0069,72,0,59.685596
s0069,73,0,64.38949
s0069,74,0,85.38933
s0069,75,0,73.829636
s0069,76,0,66.810104
s0069,77,0,70.423
s0069,78,0,71.95833
s0069,79,0,68.73767
s0069,80,0,79.20689
s0069,81,0,70.639534
s0069,82,0,67.86948
s0069,83,0,63.05198
s0069,84,0,64.11665
s0069,85,0,74.73016
s0069,86,0,60.56634
s0069,87,0,61.479805
s0069,88,0,50.33423
s0069,89,0,60.037766
s0069,90,0,57.684116
s0069,91,0,66.653046
s0069,92,0,69.650894
s0069,93,0,65.75246
s0069,94,0,72.82294
s0069,95,0,72.457924
s0070,0,0,50.002144
s0070,1,0,48.31823
s0070,2,0,51.35682
s0070,3,0,51.604256
s0070,4,0,52.825233
s0070,5,0,56.75928
s0070,6,0,54.680317
s0070,7,0,57.49432
s0070,8,0,61.95727
s0070,9,0,56.456894
s0070,10,0,64.68021
s0070,11,0,71.45862
s0070,12,0,77.24806
s0070,13,0,66.78775
s0070,14,0,70.08366
s0070,15,0,68.49849
s0070,16,0,62.720806
s0070,17,0,67.73261
s0070,18,0,55.923508
s0070,19,0,66.5152
s0070,20,0,59.8633
s0070,21,0,66.739006
s0070,22,0,59.076538
s0070,23,0,71.17735
s0070,24,0,76.42934
s0070,25,0,64.00554
s0070,26,0,77.77366
s0070,27,0,69.43682
s0070,28,0,71.49555
s0070,29,0,72.31105
s0070,30,0,63.173397
s0070,31,0,62.35311
s0070,32,0,54.764294
s0070,33,0,45.500957
s0070,34,0,51.47574
s0070,35,0,54.446625
s0070,36,0,49.230175
s0070,37,0,53.667004
s0070,38,0,57.97532
s0070,39,0,58.813393
s0070,40,0,75.546555
s0070,41,0,43.50436
s0070,42,0,30.239584
s0070,43,0,51.064384
s0070,44,0,65.233925
s0070,45,0,49.315704
s0070,46,0,28.039104
s0070,47,0,48.539425
s0070,48,0,46.34434
s0070,49,0,50.603664
s0070,50,0,39.68549
s0070,51,0,44.513428
s0070,52,0,65.20174
s0070,53,0,45.705303
s0070,54,0,59.790215
s0070,55,0,56.84864
s0070,56,0,57.34716
s0070,57,0,51.538082
s0070,58,0,55.66417
s0070,59,0,66.41309
s0070,60,0,60.91734
s0070,61,0,48.599236
s0070,62,0,74.760124
s0070,63,0,70.003265
s0070,64,0,63.690617
s0070,65,0,68.81229
s0070,66,0,65.61139
s0070,67,0,62.34186
s0070,68,0,60.350594
s0070,69,0,73.629684
s0070,70,0,65.20908
s0070,71,0,63.33458
s0070,72,0,57.653698
s0070,73,0,61.870564
s0070,74,0,69.94868
s0070,75,0,79.817825
s0070,76,0,74.06673
s0070,77,0,72.58062
s0070,78,0,71.74012
s0070,79,0,70.78249
s0070,80,0,74.726456
s0070,81,0,75.55585
s0070,82,0,68.635475
s0070,83,0,70.217445
s0070,84,0,63.78995
s0070,85,0,72.93998
s0070,86,0,55.340866
s0070,87,0,55.565456
s0070,88,0,57.93456
s0070,89,0,61.123714
s0070,90,0,59.024014
s0070,91,0,68.41234
s0070,92,0,69.474304
s0070,93,0,70.38951
s0070,94,0,67.19905
s0070,95,0,69.830894
s0071,0,0,60.457104
s0071,1,0,50.051205
s0071,2,0,33.166546
s0071,3,0,40.758514
s0071,4,0,55.335033
s0071,5,0,55.343304
s0071,6,0,60.729816
s0071,7,0,47.930645
s0071,8,0,63.06906
s0071,9,0,58.84708
s0071,10,0,59.345554
s0071,11,0,63.907917
s0071,12,0,68.00492
s0071,13,0,71.807526
s0071,14,0,64.25328
s0071,15,0,67.408775
s0071,16,0,61.302406
s0071,17,0,69.79785
s0071,18,0,58.326336
s0071,19,0,74.19563
s0071,20,0,61.77711
s0071,21,0,60.876427
s0071,22,0,71.240944
s0071,23,0,66.14878
s0071,24,0,70.290535
s0071,25,0,66.20127
s0071,26,0,73.29618
s0071,27,0,59.13918
s0071,28,0,65.57688
s0071,29,0,70.77269
s0071,30,0,62.134235
s0071,31,0,64.53378
s0071,32,0,61.42256
s0071,33,0,55.067307
s0071,34,0,45.51777
s0071,35,0,45.2499
s0071,36,0,41.334805
s0071,37,0,55.912655
s0071,38,0,60.001892
s0071,39,0,35.621838
s0071,40,0,45.837307
s0071,41,0,52.153515
s0071,42,0,31.167023
s0071,43,0,58.19498
s0071,44,0,69.75351
s0071,45,0,50.649155
s0071,46,0,40.7299
s0071,47,0,39.648136
s0071,48,0,58.77274
s0071,49,0,50.92672
s0071,50,0,48.493397
s0071,51,0,33.27927
s0071,52,0,65.65627
s0071,53,0,63.633247
s0071,54,0,57.99078
s0071,55,0,48.71167
s0071,56,0,68.41575
s0071,57,0,66.056786
s0071,58,0,62.32883
s0071,59,0,67.510185
s0071,60,0,58.86635
s0071,61,0,58.700245
s0071,62,0,78.8337
s0071,63,0,78.709145
s0071,64,0,56.62692
s0071,65,0,70.89786
s0071,66,0,64.94813
s0071,67,0,68.08028
s0071,68,0,60.552006
s0071,69,0,64.58195
s0071,70,0,59.996235
s0071,71,0,60.18399
s0071,72,0,62.43252
s0071,73,0,66.16742
s0071,74,0,73.63575
s0071,75,0,75.952644
s0071,76,0,66.77628
s0071,77,0,65.12912
s0071,78,0,73.601
s0071,79,0,78.481155
s0071,80,0,73.04908
s0071,81,0,70.05307
s0071,82,0,63.588814
s0071,83,0,61.120068
s0071,84,0,73.27496
s0071,85,0,73.753075
s0071,86,0,67.64947
s0071,87,0,59.33373
s0071,88,0,63.070667
s0071,89,0,72.69269
s0071,90,0,49.79505
s0071,91,0,74.92372
s0071,92,0,59.732834
s0071,93,0,66.73098
s0071,94,0,62.690228
s0071,95,0,70.36965
s0072,0,0,56.82222
s0072,1,0,46.083176
s0072,2,0,47.819416
s0072,3,0,43.05013
s0072,4,0,59.06235
s0072,5,0,54.09544
s0072,6,0,56.602493
s0072,7,0,49.916393
s0072,8,0,56.046974
s0072,9,0,57.462246
s0072,10,0,60.138676
s0072,11,0,59.63857
s0072,12,0,54.436924
s0072,13,0,68.07994
s0072,14,0,70.04644
s0072,15,0,62.129326
s0072,16,0,73.09282
s0072,17,0,62.052036
s0072,18,0,67.775505
s0072,19,0,63.948456
s0072,20,0,61.398506
s0072,21,0,68.367584
s0072,22,0,55.937122
s0072,23,0,67.95286
s0072,24,0,70.41495
s0072,25,0,69.10733
s0072,26,0,66.281075
s0072,27,0,68.89922
s0072,28,0,61.35243
s0072,29,0,70.49589
s0072,30,0,50.572437
s0072,31,0,68.13249
s0072,32,0,61.92468
s0072,33,0,51.922882
s0072,34,0,49.67368
s0072,35,0,54.61465
s0072,36,0,57.447403
s0072,37,0,66.63144
s0072,38,0,43.057236
s0072,39,0,58.726284
s0072,40,0,45.14704
s0072,41,0,52.362335
s0072,42,0,41.94079
s0072,43,0,45.429962
s0072,44,0,54.352585
s0072,45,0,45.951054
s0072,46,0,53.989574
s0072,47,0,40.963055
s0072,48,0,33.879707
s0072,49,0,41.763985
s0072,50,0,34.243916
s0072,51,0,38.811356
s0072,52,0,68.33053
s0072,53,0,50.44591
s0072,54,0,60.565666
s0072,55,0,40.74631
s0072,56,0,63.294056
s0072,57,0,65.092705
s0072,58,0,54.201687
s0072,59,0,67.77891
s0072,60,0,54.9976
s0072,61,0,66.71107
s0072,62,0,69.19584
s0072,63,0,76.19489
s0072,64,0,50.525345
s0072,65,0,66.56373
s0072,66,0,69.97893
s0072,67,0,69.93637
s0072,68,0,64.19931
s0072,69,0,70.88353
s0072,70,0,56.50393
s0072,71,0,57.0376
s0072,72,0,59.948105
s0072,73,0,75.34569
s0072,74,0,70.91965
s0072,75,0,71.83457
s0072,76,0,69.60839
s0072,77,0,67.789696
s0072,78,0,71.548515
s0072,79,0,71.63649
s0072,80,0,70.80538
s0072,81,0,79.92461
s0072,82,0,64.43555
s0072,83,0,64.40219
s0072,84,0,66.12846
s0072,85,0,77.575745
s0072,86,0,66.72931
s0072,87,0,60.502453
s0072,88,0,60.13631
s0072,89,0,61.80932
s0072,90,0,58.435402
s0072,91,0,70.00353
s0072,92,0,54.040607
s0072,93,0,66.48804
s0072,94,0,66.642044
s0072,95,0,67.47439
s0073,0,0,55.653023
s0073,1,0,53.22782
s0073,2,0,53.803986
s0073,3,0,55.192444
s0073,4,0,50.62386
s0073,5,0,57.652466
s0073,6,0,64.38665
s0073,7,0,57.53741
s0073,8,0,65.818054
s0073,9,0,63.28418
s0073,10,0,60.37832
s0073,11,0,60.420383
s0073,12,0,64.691345
s0073,13,0,68.0117
s0073,14,0,70.23462
s0073,15,0,70.35231
s0073,16,0,64.77931
s0073,17,0,67.93752
s0073,18,0,67.729546
s0073,19,0,67.419556
s0073,20,0,59.81637
s0073,21,0,66.20599
s0073,22,0,57.145374
s0073,23,0,79.94783
s0073,24,0,68.053955
s0073,25,0,58.21244
s0073,26,0,67.64656
s0073,27,0,69.516785
s0073,28,0,63.42067
s0073,29,0,60.53536
s0073,30,0,53.134052
s0073,31,0,73.0711
s0073,32,0,56.240345
s0073,33,0,48.499306
s0073,34,0,44.422386
s0073,35,0,61.423344
s0073,36,0,58.775043
s0073,37,0,62.336166
s0073,38,0,59.00474
s0073,39,0,53.84863
s0073,40,0,47.55323
s0073,41,0,53.4329
s0073,42,0,54.591267
s0073,43,0,42.450848
s0073,44,0,46.378246
s0073,45,0,34.275066
s0073,46,0,21.076712
s0073,47,0,55.843006
s0073,48,0,57.151672
s0073,49,0,47.458637
s0073,50,0,49.890697
s0073,51,0,60.428123
s0073,52,0,63.273262
s0073,53,0,42.054527
s0073,54,0,47.687405
s0073,55,0,55.858852
s0073,56,0,62.406673
s0073,57,0,72.400536
s0073,58,0,60.184937
s0073,59,0,62.70087
s0073,60,0,59.50576
s0073,61,0,67.71541
s0073,62,0,68.86662
s0073,63,0,69.599144
s0073,64,0,59.854324
s0073,65,0,70.21744
s0073,66,0,73.86776
s0073,67,0,67.79863
s0073,68,0,70.19463
s0073,69,0,64.06931
s0073,70,0,53.50957
s0073,71,0,68.67982
s0073,72,0,56.372105
s0073,73,0,64.92851
s0073,74,0,64.811356
s0073,75,0,71.93841
s0073,76,0,70.333206
s0073,77,0,77.63863
s0073,78,0,73.14617
s0073,79,0,71.48155
s0073,80,0,70.6725
s0073,81,0,72.1842
s0073,82,0,66.14416
s0073,83,0,69.51747
s0073,84,0,55.945976
s0073,85,0,77.105576
s0073,86,0,54.387974
s0073,87,0,58.888702
s0073,88,0,57.76869
s0073,89,0,56.535507
s0073,90,0,54.527477
s0073,91,0,67.24445
s0073,92,0,70.69883
s0073,93,0,63.32122
s0073,94,0,75.15213
s0073,95,0,62.09815
s0074,0,0,61.665398
s0074,1,0,58.118713
s0074,2,0,48.05756
s0074,3,0,44.376495
s0074,4,0,52.120758
s0074,5,0,50.116837
s0074,6,0,46.498997
s0074,7,0,50.938534
s0074,8,0,57.49271
s0074,9,0,54.8131
s0074,10,0,61.59422
s0074,11,0,58.360695
s0074,12,0,68.4506
s0074,13,0,74.78265
s0074,14,0,64.2811
s0074,15,0,76.20741
s0074,16,0,54.52849
s0074,17,0,66.32749
s0074,18,0,65.04664
s0074,19,0,65.11434
s0074,20,0,73.229324
s0074,21,0,69.76483
s0074,22,0,65.04718
s0074,23,0,68.00592
s0074,24,0,74.30211
s0074,25,0,64.389755
s0074,26,0,72.50037
s0074,27,0,63.854427
s0074,28,0,67.21675
s0074,29,0,69.80629
s0074,30,0,55.868553
s0074,31,0,59.22803
s0074,32,0,53.764477
s0074,33,0,61.034878
s0074,34,0,48.595306
s0074,35,0,55.5762
s0074,36,0,43.538498
s0074,37,0,52.406208
s0074,38,0,48.157547
s0074,39,0,58.728092
s0074,40,0,59.328224
s0074,41,0,61.01528
s0074,42,0,38.704475
s0074,43,0,49.615192
s0074,44,0,42.98444
s0074,45,0,37.129177
s0074,46,0,54.18033
s0074,47,0,25.19885
s0074,48,0,57.477062
s0074,49,0,50.760464
s0074,50,0,49.47304
s0074,51,0,44.818554
s0074,52,0,34.209282
s0074,53,0,61.02557
s0074,54,0,50.95654
s0074,55,0,55.810055
s0074,56,0,57.727688
s0074,57,0,60.953125
s0074,58,0,52.055347
s0074,59,0,68.39914
s0074,60,0,58.953865
s0074,61,0,59.294754
s0074,62,0,72.92216
s0074,63,0,74.3812
s0074,64,0,68.15557
s0074,65,0,60.06838
s0074,66,0,67.56714
s0074,67,0,63.133434
s0074,68,0,63.428326
s0074,69,0,72.25553
s0074,70,0,57.999226
s0074,71,0,59.53607
s0074,72,0,65.71313
s0074,73,0,68.015045
s0074,74,0,66.82294
s0074,75,0,67.61935
s0074,76,0,72.63076
s0074,77,0,77.25488
s0074,78,0,72.36269
s0074,79,0,75.89135
s0074,80,0,82.15766
s0074,81,0,70.51775
s0074,82,0,68.68438
s0074,83,0,62.480076
s0074,84,0,73.07125
s0074,85,0,72.935555
s0074,86,0,59.405514
s0074,87,0,56.846508
s0074,88,0,60.792507
s0074,89,0,56.87091
s0074,90,0,60.7561
s0074,91,0,68.90738
s0074,92,0,72.873405
s0074,93,0,74.91347
s0074,94,0,70.47411
s0074,95,0,68.89886
s0075,0,0,55.506413
s0075,1,0,44.828
s0075,2,0,53.614895
s0075,3,0,49.697525
s0075,4,0,49.56365
s0075,5,0,57.076023
s0075,6,0,50.136986
s0075,7,0,44.96087
s0075,8,0,60.31655
s0075,9,0,59.59639
s0075,10,0,54.554207
s0075,11,0,61.93317
s0075,12,0,73.48886
s0075,13,0,58.33266
s0075,14,0,76.60358
s0075,15,0,73.97212
s0075,16,0,70.77387
s0075,17,0,64.98802
s0075,18,0,64.19863
s0075,19,0,64.19769
s0075,20,0,68.33047
s0075,21,0,64.61715
s0075,22,0,71.89256
s0075,23,0,71.09463
s0075,24,0,74.36702
s0075,25,0,68.71416
s0075,26,0,69.17414
s0075,27,0,67.33124
s0075,28,0,64.36483
s0075,29,0,72.66137
s0075,30,0,51.99288
s0075,31,0,56.740623
s0075,32,0,55.516056
s0075,33,0,54.829853
s0075,34,0,51.125607
s0075,35,0,54.987236
s0075,36,0,52.23139
s0075,37,0,71.89862
s0075,38,0,46.71187
s0075,39,0,49.090435
s0075,40,0,65.10582
s0075,41,0,48.215122
s0075,42,0,38.520256
s0075,43,0,37.519455
s0075,44,0,45.420025
s0075,45,0,50.146248
s0075,46,0,42.000675
s0075,47,0,46.135536
s0075,48,0,29.793556
s0075,49,0,33.802834
s0075,50,0,56.967236
s0075,51,0,49.87023
s0075,52,0,39.12299
s0075,53,0,30.608414
s0075,54,0,52.922268
s0075,55,0,57.157013
s0075,56,0,50.74765
s0075,57,0,59.56451
s0075,58,0,57.992725
s0075,59,0,67.30075
s0075,60,0,54.306007
s0075,61,0,55.032887
s0075,62,0,65.1036
s0075,63,0,74.617615
s0075,64,0,64.63248
s0075,65,0,60.680508
s0075,66,0,67.60217
s0075,67,0,66.61125
s0075,68,0,64.79557
s0075,69,0,69.49477
s0075,70,0,51.5026
s0075,71,0,49.65213
s0075,72,0,62.911015
s0075,73,0,57.581486
s0075,74,0,72.361755
s0075,75,0,78.02024
s0075,76,0,68.75491
s0075,77,0,73.079384
s0075,78,0,72.47549
s0075,79,0,80.34393
s0075,80,0,71.23447
s0075,81,0,70.91597
s0075,82,0,64.73501
s0075,83,0,66.431076
s0075,84,0,79.249916
s0075,85,0,61.832485
s0075,86,0,62.757607
s0075,87,0,63.977364
s0075,88,0,71.66112
s0075,89,0,64.01122
s0075,90,0,46.858536
s0075,91,0,64.568954
s0075,92,0,73.08354
s0075,93,0,60.848915
s0075,94,0,69.63958
s0075,95,0,64.826164
s0076,0,0,50.466404
s0076,1,0,44.246655
s0076,2,0,41.6526
s0076,3,0,47.942726
s0076,4,0,55.678616
s0076,5,0,59.902466
s0076,6,0,61.462345
s0076,7,0,52.197414
s0076,8,0,63.941933
s0076,9,0,64.07409
s0076,10,0,63.12109
s0076,11,0,64.8285
s0076,12,0,72.737045
s0076,13,0,69.508
s0076,14,0,59.916122
s0076,15,0,66.771835
s0076,16,0,65.38011
s0076,17,0,67.22516
s0076,18,0,66.8069
s0076,19,0,67.27258
s0076,20,0,67.15373
s0076,21,0,62.06527
s0076,22,0,56.617672
s0076,23,0,75.137794
s0076,24,0,76.46356
s0076,25,0,69.51207
s0076,26,0,73.938705
s0076,27,0,67.58749
s0076,28,0,70.43027
s0076,29,0,66.76875
s0076,30,0,59.92786
s0076,31,0,61.49083
s0076,32,0,54.719116
s0076,33,0,56.662495
s0076,34,0,55.146873
s0076,35,0,57.445724
s0076,36,0,57.07356
s0076,37,0,50.944134
s0076,38,0,63.26757
s0076,39,0,46.90481
s0076,40,0,66.57609
s0076,41,0,54.43362
s0076,42,0,28.397892
s0076,43,0,44.39556
s0076,44,0,26.528164
s0076,45,0,48.494278
s0076,46,0,57.617687
s0076,47,0,41.862343
s0076,48,0,40.990776
s0076,49,0,46.090675
s0076,50,0,49.745712
s0076,51,0,69.55594
s0076,52,0,53.224316
s0076,53,0,58.868584
s0076,54,0,64.32266
s0076,55,0,55.134995
s0076,56,0,57.433315
s0076,57,0,69.908615
s0076,58,0,50.7744
s0076,59,0,58.4607
s0076,60,0,58.18043
s0076,61,0,62.614372
s0076,62,0,68.394585
s0076,63,0,78.96268
s0076,64,0,71.41054
s0076,65,0,70.510315
s0076,66,0,68.45109
s0076,67,0,64.60014
s0076,68,0,69.68577
s0076,69,0,57.52464
s0076,70,0,58.040913
s0076,71,0,55.460567
s0076,72,0,62.495193
s0076,73,0,73.85508
s0076,74,0,77.57572
s0076,75,0,68.57453
s0076,76,0,71.29877
s0076,77,0,78.747284
s0076,78,0,70.310425
s0076,79,0,75.60076
s0076,80,0,73.502396
s0076,81,0,71.31198
s0076,82,0,67.029175
s0076,83,0,70.74504
s0076,84,0,80.343704
s0076,85,0,75.83797
s0076,86,0,58.023373
s0076,87,0,61.17816
s0076,88,0,63.410122
s0076,89,0,67.065895
s0076,90,0,53.380375
s0076,91,0,67.57219
s0076,92,0,65.84211
s0076,93,0,64.45919
s0076,94,0,62.55001
s0076,95,0,68.85639
s0077,0,0,46.05891
s0077,1,0,35.87989
s0077,2,0,49.16072
s0077,3,0,56.065556
s0077,4,0,54.98609
s0077,5,0,45.740498
s0077,6,0,45.038593
s0077,7,0,56.7112
s0077,8,0,70.693
s0077,9,0,57.86759
s0077,10,0,60.065926
s0077,11,0,65.889366
s0077,12,0,72.38101
s0077,13,0,68.54332
s0077,14,0,71.70791
s0077,15,0,73.40363
s0077,16,0,59.51436
s0077,17,0,68.387505
s0077,18,0,58.157238
s0077,19,0,64.48122
s0077,20,0,63.67383
s0077,21,0,55.196632
s0077,22,0,71.86183
s0077,23,0,61.10238
s0077,24,0,70.226555
s0077,25,0,60.30933
s0077,26,0,74.12765
s0077,27,0,63.800423
s0077,28,0,70.27528
s0077,29,0,74.717224
s0077,30,0,51.523323
s0077,31,0,67.71801
s0077,32,0,63.09127
s0077,33,0,55.573017
s0077,34,0,48.344383
s0077,35,0,52.720264
s0077,36,0,52.06607
s0077,37,0,47.71012
s0077,38,0,61.501976
s0077,39,0,47.07561
s0077,40,0,54.420597
s0077,41,0,60.928898
s0077,42,0,53.352158
s0077,43,0,34.926857
s0077,44,0,39.505463
s0077,45,0,33.095394
s0077,46,0,64.46247
s0077,47,0,40.393894
s0077,48,0,42.190422
s0077,49,0,45.70694
s0077,50,0,34.939934
s0077,51,0,36.685696
s0077,52,0,46.687935
s0077,53,0,47.929962
s0077,54,0,41.665485
s0077,55,0,51.91747
s0077,56,0,61.7759
s0077,57,0,56.84168
s0077,58,0,62.111755
s0077,59,0,64.3292
s0077,60,0,65.25646
s0077,61,0,57.619057
s0077,62,0,64.21454
s0077,63,0,64.31373
s0077,64,0,65.17942
s0077,65,0,68.94733
s0077,66,0,64.98717
s0077,67,0,63.28489
s0077,68,0,62.326244
s0077,69,0,62.333855
s0077,70,0,54.45541
s0077,71,0,67.72297
s0077,72,0,56.2574
s0077,73,0,68.50566
s0077,74,0,74.86178
s0077,75,0,79.123726
s0077,76,0,63.139523
s0077,77,0,70.54729
s0077,78,0,81.82401
s0077,79,0,72.68552
s0077,80,0,82.71945
s0077,81,0,73.846306
s0077,82,0,63.94502
s0077,83,0,76.25877
s0077,84,0,70.738464
s0077,85,0,71.28519
s0077,86,0,65.83485
s0077,87,0,63.26771
s0077,88,0,58.42932
s0077,89,0,59.561813
s0077,90,0,66.378876
s0077,91,0,75.368645
s0077,92,0,69.18564
s0077,93,0,69.00145
s0077,94,0,70.472
s0077,95,0,74.006714
s0078,0,0,51.68531
s0078,1,0,55.592163
s0078,2,0,42.39592
s0078,3,0,35.299694
s0078,4,0,56.22063
s0078,5,0,43.513622
s0078,6,0,48.99457
s0078,7,0,56.425293
s0078,8,0,60.292183
s0078,9,0,57.999973
s0078,10,0,63.43057
s0078,11,0,69.30538
s0078,12,0,59.84817
s0078,13,0,74.342354
s0078,14,0,66.25893
s0078,15,0,59.432278
s0078,16,0,64.44335
s0078,17,0,70.16485
s0078,18,0,64.34682
s0078,19,0,62.064205
s0078,20,0,73.58539
s0078,21,0,62.904
s0078,22,0,61.67192
s0078,23,0,75.09176
s0078,24,0,68.38216
s0078,25,0,70.57403
s0078,26,0,71.39137
s0078,27,0,54.173916
s0078,28,0,65.11262
s0078,29,0,68.51508
s0078,30,0,62.18384
s0078,31,0,64.78502
s0078,32,0,59.06411
s0078,33,0,55.195328
s0078,34,0,48.72304
s0078,35,0,56.34995
s0078,36,0,38.3575
s0078,37,0,54.768627
s0078,38,0,61.39009
s0078,39,0,43.10487
s0078,40,0,59.04748
s0078,41,0,50.305096
s0078,42,0,58.77977
s0078,43,0,43.85237
s0078,44,0,63.792763
s0078,45,0,52.62689
s0078,46,0,20.623734
s0078,47,0,58.118816
s0078,48,0,64.000885
s0078,49,0,34.80021
s0078,50,0,59.431057
s0078,51,0,46.800396
s0078,52,0,49.35647
s0078,53,0,60.074997
s0078,54,0,41.531223
s0078,55,0,51.26222
s0078,56,0,45.249798
s0078,57,0,73.70924
s0078,58,0,60.31123
s0078,59,0,58.816483
s0078,60,0,66.84414
s0078,61,0,72.22301
s0078,62,0,78.12606
s0078,63,0,71.358604
s0078,64,0,70.86951
s0078,65,0,65.84855
s0078,66,0,63.002922
s0078,67,0,58.064034
s0078,68,0,55.53401
s0078,69,0,66.61585
s0078,70,0,62.77355
s0078,71,0,60.673176
s0078,72,0,54.31522
s0078,73,0,66.50389
s0078,74,0,79.48786
s0078,75,0,66.222336
s0078,76,0,75.7169
s0078,77,0,72.41948
s0078,78,0,74.973335
s0078,79,0,70.31892
s0078,80,0,67.19658
s0078,81,0,68.76539
s0078,82,0,74.89072
s0078,83,0,54.496387
s0078,84,0,68.93617
s0078,85,0,74.23588
s0078,86,0,57.455643
s0078,87,0,71.73494
s0078,88,0,67.96781
s0078,89,0,56.95921
s0078,90,0,55.869324
s0078,91,0,62.70571
s0078,92,0,67.141556
s0078,93,0,62.97159
s0078,94,0,65.16639
s0078,95,0,72.20991
s0079,0,0,45.620037
s0079,1,0,42.443863
s0079,2,0,55.40267
s0079,3,0,43.647026
s0079,4,0,56.53119
s0079,5,0,58.741413
s0079,6,0,47.750763
s0079,7,0,53.365067
s0079,8,0,63.80579
s0079,9,0,52.69381
s0079,10,0,61.009583
s0079,11,0,67.92111
s0079,12,0,72.06852
s0079,13,0,66.22768
s0079,14,0,66.92886
s0079,15,0,75.77328
s0079,16,0,69.51961
s0079,17,0,64.047745
s0079,18,0,56.075108
s0079,19,0,69.30543
s0079,20,0,71.349754
s0079,21,0,64.8564
s0079,22,0,61.963814
s0079,23,0,72.01918
s0079,24,0,51.989723
s0079,25,0,70.1775
s0079,26,0,68.38211
s0079,27,0,61.217278
s0079,28,0,76.34838
s0079,29,0,77.248055
s0079,30,0,49.391182
s0079,31,0,55.986362
s0079,32,0,64.90135
s0079,33,0,52.87483
s0079,34,0,50.995613
s0079,35,0,53.902477
s0079,36,0,45.700504
s0079,37,0,65.77299
s0079,38,0,58.61366
s0079,39,0,62.89148
s0079,40,0,57.849922
s0079,41,0,55.133057
s0079,42,0,62.73415
s0079,43,0,38.854584
s0079,44,0,42.221638
s0079,45,0,62.397755
s0079,46,0,37.121265
s0079,47,0,66.98869
s0079,48,0,29.207514
s0079,49,0,54.611156
s0079,50,0,50.443497
s0079,51,0,66.418785
s0079,52,0,52.326996
s0079,53,0,51.591465
s0079,54,0,59.665592
s0079,55,0,45.78917
s0079,56,0,55.760956
s0079,57,0,60.841385
s0079,58,0,56.69814
s0079,59,0,80.68015
s0079,60,0,54.23278
s0079,61,0,60.78184
s0079,62,0,66.166176
s0079,63,0,73.815895
s0079,64,0,63.15626
s0079,65,0,70.314476
s0079,66,0,67.628586
s0079,67,0,55.33058
s0079,68,0,57.419426
s0079,69,0,67.41973
s0079,70,0,61.728176
s0079,71,0,53.06771
s0079,72,0,69.47282
s0079,73,0,74.26695
s0079,74,0,74.294174
s0079,75,0,79.44131
s0079,76,0,76.745865
s0079,77,0,80.70855
s0079,78,0,73.87596
s0079,79,0,67.13126
s0079,80,0,72.337814
s0079,81,0,65.31931
s0079,82,0,70.58441
s0079,83,0,72.23853
s0079,84,0,72.61289
s0079,85,0,70.84515
s0079,86,0,68.89998
s0079,87,0,55.849106
s0079,88,0,59.981384
s0079,89,0,56.68424
s0079,90,0,57.781704
s0079,91,0,67.37833
s0079,92,0,75.329
s0079,93,0,61.542534
s0079,94,0,64.52303
s0079,95,0,68.858246
s0080,0,0,54.859177
s0080,1,0,47.54064
s0080,2,0,44.987347
s0080,3,0,46.300186
s0080,4,0,57.86702
s0080,5,0,45.128845
s0080,6,0,64.31991
s0080,7,0,51.401566
s0080,8,0,56.05331
s0080,9,0,68.08941
s0080,10,0,53.599823
s0080,11,0,60.064945
s0080,12,0,68.607254
s0080,13,0,72.056305
s0080,14,0,57.590546
s0080,15,0,78.37745
s0080,16,0,69.493065
s0080,17,0,60.446857
s0080,18,0,65.06356
s0080,19,0,63.039967
s0080,20,0,73.073135
s0080,21,0,68.63651
s0080,22,0,60.07053
s0080,23,0,76.66098
s0080,24,0,63.920906
s0080,25,0,69.09872
s0080,26,0,71.62446
s0080,27,0,62.07166
s0080,28,0,77.19596
s0080,29,0,58.739006
s0080,30,0,58.844162
s0080,31,0,60.249977
s0080,32,0,65.26012
s0080,33,0,50.868546
s0080,34,0,51.56119
s0080,35,0,49.720795
s0080,36,0,54.101273
s0080,37,0,61.154163
s0080,38,0,59.800797
s0080,39,0,51.994713
s0080,40,0,52.524395
s0080,41,0,48.473053
s0080,42,0,57.685966
s0080,43,0,41.74678
s0080,44,0,40.556385
s0080,45,0,48.72937
s0080,46,0,57.68528
s0080,47,0,33.82689
s0080,48,0,58.376015
s0080,49,0,44.942078
s0080,50,0,29.323374
s0080,51,0,39.059177
s0080,52,0,60.972008
s0080,53,0,53.267372
s0080,54,0,57.474003
s0080,55,0,58.88591
s0080,56,0,55.72262
s0080,57,0,65.81131
s0080,58,0,58.06524
s0080,59,0,71.09163
s0080,60,0,63.864197
s0080,61,0,63.578243
s0080,62,0,72.85582
s0080,63,0,76.51167
s0080,64,0,60.5676
s0080,65,0,60.90779
s0080,66,0,70.49095
s0080,67,0,66.744545
s0080,68,0,74.49962
s0080,69,0,66.43819
s0080,70,0,56.193962
s0080,71,0,57.93637
s0080,72,0,60.72563
s0080,73,0,71.52142
s0080,74,0,70.2317
s0080,75,0,71.89114
s0080,76,0,72.81248
s0080,77,0,65.91457
s0080,78,0,72.65054
s0080,79,0,65.47677
s0080,80,0,65.6878
s0080,81,0,66.858894
s0080,82,0,78.75462
s0080,83,0,65.31665
s0080,84,0,66.86267
s0080,85,0,70.9708
s0080,86,0,73.50105
s0080,87,0,67.76439
s0080,88,0,66.345436
s0080,89,0,64.89866
s0080,90,0,54.915905
s0080,91,0,67.426994
s0080,92,0,73.88336
s0080,93,0,62.02622
s0080,94,0,69.27509
s0080,95,0,74.606735
s0081,0,0,52.6401
s0081,1,0,46.849403
s0081,2,0,46.44194
s0081,3,0,43.09871
s0081,4,0,53.430687
s0081,5,0,55.013638
s0081,6,0,51.720867
s0081,7,0,53.092876
s0081,8,0,57.24813
s0081,9,0,61.992805
s0081,10,0,58.81277
s0081,11,0,58.986454
s0081,12,0,65.650566
s0081,13,0,65.632454
s0081,14,0,71.71324
s0081,15,0,69.945656
s0081,16,0,61.330196
s0081,17,0,56.86131
s0081,18,0,65.6216
s0081,19,0,72.38146
s0081,20,0,70.11657
s0081,21,0,68.93991
s0081,22,0,60.24794
s0081,23,0,72.01414
s0081,24,0,78.39641
s0081,25,0,65.72908
s0081,26,0,61.809402
s0081,27,0,55.680824
s0081,28,0,62.24802
s0081,29,0,68.07642
s0081,30,0,58.320847
s0081,31,0,58.77904
s0081,32,0,62.092346
s0081,33,0,47.523193
s0081,34,0,61.61543
s0081,35,0,54.664444
s0081,36,0,62.335503
s0081,37,0,50.715946
s0081,38,0,64.67736
s0081,39,0,48.11806
s0081,40,0,59.241264
s0081,41,0,51.226337
s0081,42,0,42.266773
s0081,43,0,58.739204
s0081,44,0,52.67583
s0081,45,0,59.832386
s0081,46,0,34.553894
s0081,47,0,35.08225
s0081,48,0,51.30139
s0081,49,0,34.307743
s0081,50,0,37.847614
s0081,51,0,50.59402
s0081,52,0,45.022022
s0081,53,0,52.627384
s0081,54,0,54.963066
s0081,55,0,50.804874
s0081,56,0,59.89278
s0081,57,0,56.524704
s0081,58,0,60.57483
s0081,59,0,63.38732
s0081,60,0,56.53824
s0081,61,0,61.947174
s0081,62,0,74.74752
s0081,63,0,71.42854
s0081,64,0,74.100716
s0081,65,0,69.76441
s0081,66,0,67.2159
s0081,67,0,64.651085
s0081,68,0,67.66063
s0081,69,0,62.67634
s0081,70,0,52.97015
s0081,71,0,58.427616
s0081,72,0,63.971172
s0081,73,0,73.73237
s0081,74,0,74.61151
s0081,75,0,73.770935
s0081,76,0,64.72299
s0081,77,0,74.451515
s0081,78,0,68.18635
s0081,79,0,68.14346
s0081,80,0,72.50211
s0081,81,0,72.24037
s0081,82,0,69.7582
s0081,83,0,74.68592
s0081,84,0,66.53558
s0081,85,0,70.14196
s0081,86,0,58.43511
s0081,87,0,58.594486
s0081,88,0,60.539043
s0081,89,0,58.599705
s0081,90,0,61.1907
s0081,91,0,66.369095
s0081,92,0,65.40196
s0081,93,0,68.64714
s0081,94,0,70.63228
s0081,95,0,73.27782
s0082,0,0,56.240368
s0082,1,0,45.308746
s0082,2,0,43.496147
s0082,3,0,38.636963
s0082,4,0,52.860195
s0082,5,0,54.02418
s0082,6,0,50.336662
s0082,7,0,55.992035
s0082,8,0,64.35877
s0082,9,0,53.150585
s0082,10,0,67.43906
s0082,11,0,67.88118
s0082,12,0,68.372086
s0082,13,0,70.14572
s0082,14,0,65.033295
s0082,15,0,71.06468
s0082,16,0,68.87631
s0082,17,0,67.23323
s0082,18,0,67.821335
s0082,19,0,67.51687
s0082,20,0,69.802284
s0082,21,0,66.98566
s0082,22,0,67.71228
s0082,23,0,70.617744
s0082,24,0,70.98946
s0082,25,0,72.13087
s0082,26,0,69.79711
s0082,27,0,67.097336
s0082,28,0,67.04069
s0082,29,0,68.47069
s0082,30,0,57.191986
s0082,31,0,58.433792
s0082,32,0,57.793324
s0082,33,0,59.884506
s0082,34,0,59.944435
s0082,35,0,46.908283
s0082,36,0,54.243782
s0082,37,0,65.172615
s0082,38,0,58.71084
s0082,39,0,37.108894
s0082,40,0,72.7518
s0082,41,0,42.923576
s0082,42,0,38.37723
s0082,43,0,55.673695
s0082,44,0,53.02934
s0082,45,0,57.715675
s0082,46,0,38.322266
s0082,47,0,53.367065
s0082,48,0,55.17272
s0082,49,0,52.81652
s0082,50,0,52.931652
s0082,51,0,58.641346
s0082,52,0,49.31884
s0082,53,0,46.925777
s0082,54,0,58.92438
s0082,55,0,53.868233
s0082,56,0,50.321392
s0082,57,0,68.06499
s0082,58,0,61.55961
s0082,59,0,64.150665
s0082,60,0,58.284344
s0082,61,0,68.69836
s0082,62,0,67.72795
s0082,63,0,64.74105
s0082,64,0,52.908802
s0082,65,0,72.08224
s0082,66,0,77.462456
s0082,67,0,69.128944
s0082,68,0,66.27583
s0082,69,0,59.82423
s0082,70,0,68.131096
s0082,71,0,66.12255
s0082,72,0,62.031876
s0082,73,0,70.78464
s0082,74,0,76.57187
s0082,75,0,68.019135
s0082,76,0,68.73352
s0082,77,0,72.80909
s0082,78,0,70.962715
s0082,79,0,72.3642
s0082,80,0,72.80008
s0082,81,0,67.19398
s0082,82,0,64.93637
s0082,83,0,69.87235
s0082,84,0,65.22308
s0082,85,0,65.9318
s0082,86,0,60.00492
s0082,87,0,66.05051
s0082,88,0,54.387962
s0082,89,0,54.98717
s0082,90,0,54.15628
s0082,91,0,74.551735
s0082,92,0,63.555584
s0082,93,0,80.78627
s0082,94,0,76.6069
s0082,95,0,71.600494
s0083,0,0,57.588314
s0083,1,0,49.639755
s0083,2,0,41.708508
s0083,3,0,49.25419
s0083,4,0,52.79479
s0083,5,0,52.268093
s0083,6,0,51.685432
s0083,7,0,63.816055
s0083,8,0,55.735252
s0083,9,0,56.84084
s0083,10,0,60.64458
s0083,11,0,62.45193
s0083,12,0,68.49496
s0083,13,0,67.69529
s0083,14,0,69.06155
s0083,15,0,70.54561
s0083,16,0,68.72658
s0083,17,0,62.035683
s0083,18,0,62.74762
s0083,19,0,60.823544
s0083,20,0,69.98487
s0083,21,0,69.92005
s0083,22,0,64.60183
s0083,23,0,58.111023
s0083,24,0,72.90953
s0083,25,0,68.19691
s0083,26,0,73.76199
s0083,27,0,61.966354
s0083,28,0,75.95595
s0083,29,0,70.03277
s0083,30,0,57.739273
s0083,31,0,61.699913
s0083,32,0,64.70759
s0083,33,0,47.857067
s0083,34,0,57.74076
s0083,35,0,61.012966
s0083,36,0,54.27479
s0083,37,0,59.713596
s0083,38,0,59.03089
s0083,39,0,61.15804
s0083,40,0,61.14898
s0083,41,0,53.298687
s0083,42,0,44.24727
s0083,43,0,32.673534
s0083,44,0,48.87097
s0083,45,0,47.233524
s0083,46,0,58.655087
s0083,47,0,62.314453
s0083,48,0,45.61329
s0083,49,0,52.315674
s0083,50,0,51.772373
s0083,51,0,43.522934
s0083,52,0,37.953835
s0083,53,0,50.32913
s0083,54,0,53.092865
s0083,55,0,56.21637
s0083,56,0,51.17238
s0083,57,0,69.64857
s0083,58,0,66.069336
s0083,59,0,64.227196
s0083,60,0,60.329304
s0083,61,0,65.00202
s0083,62,0,72.34843
s0083,63,0,73.41159
s0083,64,0,55.570644
s0083,65,0,74.42563
s0083,66,0,60.72663
s0083,67,0,62.93944
s0083,68,0,71.745705
s0083,69,0,67.050964
s0083,70,0,52.974033
s0083,71,0,61.11158
s0083,72,0,63.49925
s0083,73,0,73.69908
s0083,74,0,80.831566
s0083,75,0,72.99873
s0083,76,0,78.29094
s0083,77,0,69.529305
s0083,78,0,70.79559
s0083,79,0,67.869286
s0083,80,0,66.939354
s0083,81,0,71.53024
s0083,82,0,67.67969
s0083,83,0,59.973576
s0083,84,0,63.5927
s0083,85,0,76.722404
s0083,86,0,76.30596
s0083,87,0,61.021244
s0083,88,0,67.87911
s0083,89,0,63.618896
s0083,90,0,55.43358
s0083,91,0,70.12133
s0083,92,0,64.88464
s0083,93,0,72.951614
s0083,94,0,72.33462
s0083,95,0,64.31179
s0084,0,0,55.37191
s0084,1,0,50.02433
s0084,2,0,38.542458
s0084,3,0,50.606487
s0084,4,0,51.39575
s0084,5,0,47.344116
s0084,6,0,53.319412
s0084,7,0,53.787304
s0084,8,0,66.1202
s0084,9,0,59.979195
s0084,10,0,59.487648
s0084,11,0,70.05887
s0084,12,0,68.5817
s0084,13,0,72.218575
s0084,14,0,57.729683
s0084,15,0,65.35614
s0084,16,0,64.35557
s0084,17,0,68.87738
s0084,18,0,71.21574
s0084,19,0,57.488697
s0084,20,0,60.56516
s0084,21,0,70.95923
s0084,22,0,64.78708
s0084,23,0,65.33493
s0084,24,0,67.5977
s0084,25,0,64.66318
s0084,26,0,76.66016
s0084,27,0,70.90977
s0084,28,0,74.14194
s0084,29,0,67.150276
s0084,30,0,64.241486
s0084,31,0,49.881824
s0084,32,0,59.839676
s0084,33,0,49.355587
s0084,34,0,55.679283
s0084,35,0,53.068806
s0084,36,0,55.833694
s0084,37,0,42.55777
s0084,38,0,55.920403
s0084,39,0,64.82566
s0084,40,0,56.924847
s0084,41,0,52.436417
s0084,42,0,64.47136
s0084,43,0,41.36405
s0084,44,0,44.802402
s0084,45,0,30.701553
s0084,46,0,28.925493
s0084,47,0,66.365295
s0084,48,0,50.633747
s0084,49,0,62.70164
s0084,50,0,45.078037
s0084,51,0,51.371094
s0084,52,0,49.097744
s0084,53,0,42.003094
s0084,54,0,47.751057
s0084,55,0,56.994537
s0084,56,0,64.41429
s0084,57,0,60.7389
s0084,58,0,67.108284
s0084,59,0,65.10185
s0084,60,0,51.83978
s0084,61,0,60.419853
s0084,62,0,72.56363
s0084,63,0,75.11961
s0084,64,0,61.743122
s0084,65,0,65.73276
s0084,66,0,76.14356
s0084,67,0,54.900146
s0084,68,0,68.6219
s0084,69,0,63.7279
s0084,70,0,55.03113
s0084,71,0,64.09784
s0084,72,0,62.89742
s0084,73,0,68.2799
s0084,74,0,68.3906
s0084,75,0,67.47242
s0084,76,0,80.54673
s0084,77,0,79.31498
s0084,78,0,76.95464
s0084,79,0,71.52175
s0084,80,0,69.405975
s0084,81,0,71.70388
s0084,82,0,64.47022
s0084,83,0,70.88683
s0084,84,0,69.52036
s0084,85,0,69.165565
s0084,86,0,61.826355
s0084,87,0,52.91557
s0084,88,0,58.705254
s0084,89,0,66.42276
s0084,90,0,62.705242
s0084,91,0,71.20171
s0084,92,0,78.5607
s0084,93,0,63.349686
s0084,94,0,79.45625
s0084,95,0,62.12403
s0085,0,0,54.212353
s0085,1,0,41.611477
s0085,2,0,33.434933
s0085,3,0,47.662636
s0085,4,0,50.704678
s0085,5,0,50.469757
s0085,6,0,54.311607
s0085,7,0,57.256832
s0085,8,0,56.96755
s0085,9,0,52.787754
s0085,10,0,55.575047
s0085,11,0,75.14494
s0085,12,0,71.621506
s0085,13,0,70.43493
s0085,14,0,64.241264
s0085,15,0,63.333168
s0085,16,0,69.00674
s0085,17,0,63.754124
s0085,18,0,63.516685
s0085,19,0,56.215954
s0085,20,0,60.38711
s0085,21,0,70.78267
s0085,22,0,61.016857
s0085,23,0,72.18022
s0085,24,0,70.265976
s0085,25,0,64.725006
s0085,26,0,66.31946
s0085,27,0,66.911476
s0085,28,0,64.337364
s0085,29,0,67.12816
s0085,30,0,54.92876
s0085,31,0,61.329567
s0085,32,0,58.794224
s0085,33,0,50.091167
s0085,34,0,49.60825
s0085,35,0,72.850716
s0085,36,0,58.010063
s0085,37,0,59.09943
s0085,38,0,63.321598
s0085,39,0,48.802242
s0085,40,0,57.508194
s0085,41,0,44.38753
s0085,42,0,43.724854
s0085,43,0,54.419846
s0085,44,0,65.990585
s0085,45,0,73.15438
s0085,46,0,44.39917
s0085,47,0,48.931927
s0085,48,0,31.470257
s0085,49,0,58.39827
s0085,50,0,45.44068
s0085,51,0,67.677505
s0085,52,0,41.119267
s0085,53,0,59.130688
s0085,54,0,52.731495
s0085,55,0,61.306496
s0085,56,0,51.504765
s0085,57,0,53.809208
s0085,58,0,60.967064
s0085,59,0,66.784935
s0085,60,0,72.28513
s0085,61,0,65.18136
s0085,62,0,75.51784
s0085,63,0,56.955227
s0085,64,0,61.541237
s0085,65,0,74.47936
s0085,66,0,69.336655
s0085,67,0,68.5226
s0085,68,0,62.40625
s0085,69,0,64.208626
s0085,70,0,48.766907
s0085,71,0,58.761826
s0085,72,0,55.052963
s0085,73,0,78.51113
s0085,74,0,70.48153
s0085,75,0,77.56336
s0085,76,0,73.3948
s0085,77,0,65.03952
s0085,78,0,62.42868
s0085,79,0,70.617966
s0085,80,0,67.33583
s0085,81,0,72.816246
s0085,82,0,58.898636
s0085,83,0,70.34886
s0085,84,0,71.69499
s0085,85,0,67.26636
s0085,86,0,62.702934
s0085,87,0,65.03551
s0085,88,0,56.32874
s0085,89,0,59.178165
s0085,90,0,52.08906
s0085,91,0,70.257225
s0085,92,0,70.32215
s0085,93,0,73.96994
s0085,94,0,60.464333
s0085,95,0,71.05095
s0086,0,0,54.050358
s0086,1,0,40.362423
s0086,2,0,49.365303
s0086,3,0,49.271233
s0086,4,0,46.54488
s0086,5,0,51.421204
s0086,6,0,54.955044
s0086,7,0,57.781338
s0086,8,0,62.764904
s0086,9,0,57.471718
s0086,10,0,56.480946
s0086,11,0,71.09433
s0086,12,0,67.53944
s0086,13,0,74.66054
s0086,14,0,75.11885
s0086,15,0,71.32594
s0086,16,0,59.172092
s0086,17,0,64.950134
s0086,18,0,56.77444
s0086,19,0,75.65384
s0086,20,0,68.77944
s0086,21,0,62.211716
s0086,22,0,61.878735
s0086,23,0,62.334766
s0086,24,0,71.30892
s0086,25,0,65.1938
s0086,26,0,80.43635
s0086,27,0,58.479042
s0086,28,0,68.085594
s0086,29,0,71.68945
s0086,30,0,62.182175
s0086,31,0,67.55829
s0086,32,0,57.227375
s0086,33,0,55.42676
s0086,34,0,56.190067
s0086,35,0,52.225574
s0086,36,0,44.69247
s0086,37,0,50.56987
s0086,38,0,50.660454
s0086,39,0,38.025963
s0086,40,0,73.92864
s0086,41,0,46.57766
s0086,42,0,36.510777
s0086,43,0,60.773315
s0086,44,0,47.517773
s0086,45,0,36.31955
s0086,46,0,34.98112
s0086,47,0,36.742813
s0086,48,0,50.082962
s0086,49,0,51.657295
s0086,50,0,39.42846
s0086,51,0,64.659134
s0086,52,0,52.073307
s0086,53,0,55.240437
s0086,54,0,56.70245
s0086,55,0,57.463894
s0086,56,0,62.072334
s0086,57,0,64.325485
s0086,58,0,62.49848
s0086,59,0,67.113625
s0086,60,0,56.762016
s0086,61,0,65.645515
s0086,62,0,74.876114
s0086,63,0,63.984154
s0086,64,0,72.48973
s0086,65,0,72.351585
s0086,66,0,70.28702
s0086,67,0,68.81634
s0086,68,0,74.47311
s0086,69,0,64.822876
s0086,70,0,63.571163
s0086,71,0,66.98977
s0086,72,0,58.30179
s0086,73,0,78.151344
s0086,74,0,69.69361
s0086,75,0,70.39748
s0086,76,0,79.13993
s0086,77,0,79.9427
s0086,78,0,74.451416
s0086,79,0,74.94522
s0086,80,0,76.71914
s0086,81,0,70.21676
s0086,82,0,63.46645
s0086,83,0,67.52453
s0086,84,0,71.60501
s0086,85,0,68.23439
s0086,86,0,69.034355
s0086,87,0,68.9372
s0086,88,0,68.1149
s0086,89,0,66.75268
s0086,90,0,57.238785
s0086,91,0,76.8584
s0086,92,0,63.17635
s0086,93,0,65.05014
s0086,94,0,75.69611
s0086,95,0,83.178795
s0087,0,0,54.38134
s0087,1,0,50.138943
s0087,2,0,42.044064
s0087,3,0,37.927868
s0087,4,0,59.154617
s0087,5,0,50.031235
s0087,6,0,66.442726
s0087,7,0,57.98154
s0087,8,0,61.563366
s0087,9,0,63.12177
s0087,10,0,60.704994
s0087,11,0,65.820915
s0087,12,0,69.56099
s0087,13,0,66.14554
s0087,14,0,67.53415
s0087,15,0,68.98482
s0087,16,0,66.07906
s0087,17,0,66.11902
s0087,18,0,63.713787
s0087,19,0,65.43575
s0087,20,0,70.6085
s0087,21,0,67.678406
s0087,22,0,57.593586
s0087,23,0,72.154015
s0087,24,0,62.56705
s0087,25,0,57.12245
s0087,26,0,70.43844
s0087,27,0,65.466446
s0087,28,0,73.65905
s0087,29,0,59.069405
s0087,30,0,57.253426
s0087,31,0,61.37427
s0087,32,0,55.294952
s0087,33,0,47.317383
s0087,34,0,54.463585
s0087,35,0,49.54902
s0087,36,0,54.490215
s0087,37,0,56.83248
s0087,38,0,51.193516
s0087,39,0,56.472286
s0087,40,0,60.354668
s0087,41,0,54.340256
s0087,42,0,42.740555
s0087,43,0,47.681763
s0087,44,0,57.005238
s0087,45,0,59.708717
s0087,46,0,45.07347
s0087,47,0,52.706963
s0087,48,0,38.4311
s0087,49,0,45.230785
s0087,50,0,40.897247
s0087,51,0,61.87917
s0087,52,0,44.646996
s0087,53,0,47.440857
s0087,54,0,53.217262
s0087,55,0,40.31038
s0087,56,0,59.154858
s0087,57,0,65.04766
s0087,58,0,59.679993
s0087,59,0,62.863846
s0087,60,0,63.79982
s0087,61,0,55.195724
s0087,62,0,63.58361
s0087,63,0,69.64526
s0087,64,0,57.51882
s0087,65,0,60.953693
s0087,66,0,65.538086
s0087,67,0,67.14965
s0087,68,0,64.2934
s0087,69,0,68.96736
s0087,70,0,61.587193
s0087,71,0,68.18793
s0087,72,0,54.394634
s0087,73,0,67.53619
s0087,74,0,66.8951
s0087,75,0,82.623695
s0087,76,0,76.62887
s0087,77,0,66.01964
s0087,78,0,81.78406
s0087,79,0,76.69884
s0087,80,0,64.397064
s0087,81,0,73.67391
s0087,82,0,64.50135
s0087,83,0,67.99025
s0087,84,0,66.64079
s0087,85,0,69.48547
s0087,86,0,64.316765
s0087,87,0,61.016006
s0087,88,0,61.085445
s0087,89,0,60.130253
s0087,90,0,53.499702
s0087,91,0,75.23127
s0087,92,0,64.38476
s0087,93,0,64.12696
s0087,94,0,71.494705
s0087,95,0,72.81708
s0088,0,0,54.222862
s0088,1,0,45.596394
s0088,2,0,36.635094
s0088,3,0,51.074734
s0088,4,0,52.40762
s0088,5,0,54.521328
s0088,6,0,47.47277
s0088,7,0,55.24703
s0088,8,0,69.62495
s0088,9,0,57.66458
s0088,10,0,62.746124
s0088,11,0,69.17467
s0088,12,0,66.351456
s0088,13,0,67.05816
s0088,14,0,70.98598
s0088,15,0,69.304794
s0088,16,0,61.401978
s0088,17,0,58.15253
s0088,18,0,61.582138
s0088,19,0,70.08528
s0088,20,0,68.21013
s0088,21,0,68.20189
s0088,22,0,66.32675
s0088,23,0,60.784985
s0088,24,0,62.310738
s0088,25,0,75.63271
s0088,26,0,65.7419
s0088,27,0,62.297466
s0088,28,0,73.103584
s0088,29,0,76.83319
s0088,30,0,56.502716
s0088,31,0,62.463573
s0088,32,0,55.523205
s0088,33,0,56.810505
s0088,34,0,53.555862
s0088,35,0,38.30322
s0088,36,0,65.16448
s0088,37,0,64.110886
s0088,38,0,63.45753
s0088,39,0,47.092033
s0088,40,0,59.521564
s0088,41,0,64.2688
s0088,42,0,35.73907
s0088,43,0,53.911564
s0088,44,0,26.924318
s0088,45,0,41.91748
s0088,46,0,61.374546
s0088,47,0,29.530628
s0088,48,0,26.514654
s0088,49,0,55.389606
s0088,50,0,46.056114
s0088,51,0,47.703342
s0088,52,0,59.520493
s0088,53,0,59.914307
s0088,54,0,51.422104
s0088,55,0,64.273605
s0088,56,0,72.35343
s0088,57,0,54.98037
s0088,58,0,55.743263
s0088,59,0,58.277233
s0088,60,0,63.48546
s0088,61,0,66.10779
s0088,62,0,80.27307
s0088,63,0,71.36692
s0088,64,0,61.63714
s0088,65,0,70.72236
s0088,66,0,74.10053
s0088,67,0,63.42869
s0088,68,0,66.22615
s0088,69,0,65.08509
s0088,70,0,68.27398
s0088,71,0,48.4069
s0088,72,0,51.985386
s0088,73,0,71.77522
s0088,74,0,70.186325
s0088,75,0,72.50195
s0088,76,0,86.19412
s0088,77,0,74.99342
s0088,78,0,60.455368
s0088,79,0,72.75053
s0088,80,0,63.35177
s0088,81,0,67.67817
s0088,82,0,64.2639
s0088,83,0,77.35222
s0088,84,0,62.70588
s0088,85,0,81.595184
s0088,86,0,64.75986
s0088,87,0,57.50964
s0088,88,0,68.00074
s0088,89,0,64.27339
s0088,90,0,45.091095
s0088,91,0,62.117596
s0088,92,0,67.15872
s0088,93,0,73.64799
s0088,94,0,73.99105
s0088,95,0,61.435616
s0089,0,0,55.22826
s0089,1,0,52.548935
s0089,2,0,34.057564
s0089,3,0,56.228966
s0089,4,0,55.252712
s0089,5,0,57.012627
s0089,6,0,50.557247
s0089,7,0,53.02296
s0089,8,0,68.211784
s0089,9,0,63.796303
s0089,10,0,58.09033
s0089,11,0,66.96683
s0089,12,0,71.07036
s0089,13,0,74.31501
s0089,14,0,66.86559
s0089,15,0,67.04574
s0089,16,0,70.11638
s0089,17,0,68.17181
s0089,18,0,65.91093
s0089,19,0,68.49257
s0089,20,0,69.70394
s0089,21,0,69.766365
s0089,22,0,61.050354
s0089,23,0,73.234856
s0089,24,0,68.75926
s0089,25,0,61.162582
s0089,26,0,67.76428
s0089,27,0,65.60652
s0089,28,0,73.43821
s0089,29,0,66.94436
s0089,30,0,53.804485
s0089,31,0,76.33253
s0089,32,0,56.844967
s0089,33,0,54.174225
s0089,34,0,54.70117
s0089,35,0,58.226913
s0089,36,0,54.498554
s0089,37,0,54.812355
s0089,38,0,52.46594
s0089,39,0,40.822044
s0089,40,0,58.207264
s0089,41,0,53.366287
s0089,42,0,43.8858
s0089,43,0,46.481743
s0089,44,0,59.13868
s0089,45,0,68.301384
s0089,46,0,43.391323
s0089,47,0,31.528934
s0089,48,0,56.56065
s0089,49,0,64.74331
s0089,50,0,43.241817
s0089,51,0,58.425194
s0089,52,0,52.18597
s0089,53,0,52.895252
s0089,54,0,47.64397
s0089,55,0,49.700245
s0089,56,0,53.689106
s0089,57,0,60.987827
s0089,58,0,52.676167
s0089,59,0,66.284515
s0089,60,0,71.75143
s0089,61,0,55.918
s0089,62,0,70.1014
s0089,63,0,67.922226
s0089,64,0,70.49118
s0089,65,0,73.723564
s0089,66,0,65.72162
s0089,67,0,56.927296
s0089,68,0,72.551384
s0089,69,0,59.12744
s0089,70,0,60.16905
s0089,71,0,58.441986
s0089,72,0,67.92452
s0089,73,0,76.42606
s0089,74,0,70.54996
s0089,75,0,77.09352
s0089,76,0,67.47077
s0089,77,0,76.03355
s0089,78,0,72.00314
s0089,79,0,71.39672
s0089,80,0,60.629215
s0089,81,0,69.09275
s0089,82,0,56.465584
s0089,83,0,63.97156
s0089,84,0,70.943695
s0089,85,0,71.64796
s0089,86,0,64.65705
s0089,87,0,72.465614
s0089,88,0,62.89834
s0089,89,0,66.0652
s0089,90,0,49.931812
s0089,91,0,66.922264
s0089,92,0,64.37316
s0089,93,0,67.48155
s0089,94,0,77.226685
s0089,95,0,62.304085
s0090,0,0,56.374382
s0090,1,0,51.151356
s0090,2,0,44.4837
s0090,3,0,50.249924
s0090,4,0,62.271698
s0090,5,0,55.260136
s0090,6,0,49.59046
s0090,7,0,56.58644
s0090,8,0,60.20609
s0090,9,0,61.037464
s0090,10,0,67.384186
s0090,11,0,79.16583
s0090,12,0,74.37099
s0090,13,0,72.25709
s0090,14,0,62.090557
s0090,15,0,60.442932
s0090,16,0,62.986202
s0090,17,0,58.885403
s0090,18,0,51.19616
s0090,19,0,74.97795
s0090,20,0,57.259556
s0090,21,0,62.394894
s0090,22,0,61.38042
s0090,23,0,73.564896
s0090,24,0,66.58719
s0090,25,0,71.74086
s0090,26,0,77.88909
s0090,27,0,66.16344
s0090,28,0,71.645905
s0090,29,0,58.831936
s0090,30,0,53.999435
s0090,31,0,56.227497
s0090,32,0,54.816532
s0090,33,0,58.40652
s0090,34,0,41.309002
s0090,35,0,63.074505
s0090,36,0,61.163437
s0090,37,0,53.31791
s0090,38,0,62.841446
s0090,39,0,52.12458
s0090,40,0,68.41712
s0090,41,0,40.73748
s0090,42,0,26.186485
s0090,43,0,26.859232
s0090,44,0,50.83241
s0090,45,0,46.731873
s0090,46,0,24.090448
s0090,47,0,67.71439
s0090,48,0,48.733887
s0090,49,0,63.806606
s0090,50,0,51.227936
s0090,51,0,48.24543
s0090,52,0,49.048042
s0090,53,0,50.85757
s0090,54,0,42.739273
s0090,55,0,41.313725
s0090,56,0,57.649876
s0090,57,0,63.118378
s0090,58,0,58.441444
s0090,59,0,71.942535
s0090,60,0,58.22393
s0090,61,0,56.632347
s0090,62,0,68.76494
s0090,63,0,69.303635
s0090,64,0,66.22941
s0090,65,0,58.59591
s0090,66,0,70.483925
s0090,67,0,62.187794
s0090,68,0,66.04672
s0090,69,0,55.391758
s0090,70,0,62.20729
s0090,71,0,60.348473
s0090,72,0,67.54626
s0090,73,0,70.344154
s0090,74,0,66.940094
s0090,75,0,75.91664
s0090,76,0,83.050064
s0090,77,0,76.01028
s0090,78,0,67.634575
s0090,79,0,84.66627
s0090,80,0,79.27373
s0090,81,0,72.05149
s0090,82,0,66.40924
s0090,83,0,71.18575
s0090,84,0,67.2719
s0090,85,0,72.187355
s0090,86,0,62.105755
s0090,87,0,62.185204
s0090,88,0,56.312614
s0090,89,0,61.17096
s0090,90,0,53.327095
s0090,91,0,71.40743
s0090,92,0,62.53402
s0090,93,0,80.613655
s0090,94,0,63.251812
s0090,95,0,63.659286
s0091,0,0,59.26223
s0091,1,0,52.45358
s0091,2,0,48.240116
s0091,3,0,37.037567
s0091,4,0,63.390182
s0091,5,0,49.875317
s0091,6,0,52.844627
s0091,7,0,55.048103
s0091,8,0,58.868206
s0091,9,0,62.50454
s0091,10,0,58.32058
s0091,11,0,64.69713
s0091,12,0,62.653458
s0091,13,0,71.307724
s0091,14,0,56.344208
s0091,15,0,70.22605
s0091,16,0,63.329533
s0091,17,0,58.443474
s0091,18,0,70.173645
s0091,19,0,64.12276
s0091,20,0,64.09384
s0091,21,0,66.44876
s0091,22,0,65.0401
s0091,23,0,66.382774
s0091,24,0,74.4698
s0091,25,0,69.72898
s0091,26,0,67.92693
s0091,27,0,63.695915
s0091,28,0,72.102516
s0091,29,0,68.247574
s0091,30,0,63.160515
s0091,31,0,68.999245
s0091,32,0,60.92085
s0091,33,0,51.767845
s0091,34,0,50.965797
s0091,35,0,48.60228
s0091,36,0,49.573578
s0091,37,0,37.85483
s0091,38,0,59.519024
s0091,39,0,55.9437
s0091,40,0,53.6098
s0091,41,0,68.96618
s0091,42,0,46.170753
s0091,43,0,64.0892
s0091,44,0,63.720547
s0091,45,0,31.887337
s0091,46,0,31.586563
s0091,47,0,47.26313
s0091,48,0,41.70814
s0091,49,0,40.742676
s0091,50,0,54.84216
s0091,51,0,54.58766
s0091,52,0,54.49744
s0091,53,0,44.139965
s0091,54,0,49.70319
s0091,55,0,53.159622
s0091,56,0,60.70576
s0091,57,0,71.71637
s0091,58,0,56.090122
s0091,59,0,57.101532
s0091,60,0,59.879295
s0091,61,0,62.927616
s0091,62,0,71.98352
s0091,63,0,83.1085
s0091,64,0,70.972115
s0091,65,0,64.66198
s0091,66,0,69.53748
s0091,67,0,64.47156
s0091,68,0,67.14627
s0091,69,0,60.38435
s0091,70,0,65.305374
s0091,71,0,64.31888
s0091,72,0,66.39834
s0091,73,0,73.42504
s0091,74,0,70.11615
s0091,75,0,69.31875
s0091,76,0,72.701836
s0091,77,0,64.5922
s0091,78,0,82.41231
s0091,79,0,63.487007
s0091,80,0,70.18259
s0091,81,0,70.25419
s0091,82,0,62.917103
s0091,83,0,64.58919
s0091,84,0,68.80639
s0091,85,0,76.78536
s0091,86,0,59.936375
s0091,87,0,59.99478
s0091,88,0,59.69176
s0091,89,0,64.93662
s0091,90,0,59.110275
s0091,91,0,60.912384
s0091,92,0,73.51803
s0091,93,0,74.8912
s0091,94,0,74.46826
s0091,95,0,75.22624
s0092,0,0,53.439873
s0092,1,0,43.02951
s0092,2,0,53.468525
s0092,3,0,49.286716
s0092,4,0,48.045288
s0092,5,0,56.782574
s0092,6,0,53.858356
s0092,7,0,54.55821
s0092,8,0,60.627563
s0092,9,0,61.465324
s0092,10,0,52.47872
s0092,11,0,66.93534
s0092,12,0,63.381954
s0092,13,0,66.66057
s0092,14,0,69.54431
s0092,15,0,67.67295
s0092,16,0,74.79687
s0092,17,0,70.10679
s0092,18,0,52.91343
s0092,19,0,64.03493
s0092,20,0,69.068214
s0092,21,0,69.518684
s0092,22,0,68.619415
s0092,23,0,65.30465
s0092,24,0,78.856186
s0092,25,0,69.32636
s0092,26,0,69.64017
s0092,27,0,67.31835
s0092,28,0,74.65736
s0092,29,0,64.25893
s0092,30,0,64.747925
s0092,31,0,64.90075
s0092,32,0,61.002987
s0092,33,0,55.99193
s0092,34,0,55.784107
s0092,35,0,54.655754
s0092,36,0,49.481953
s0092,37,0,62.565258
s0092,38,0,61.1491
s0092,39,0,56.094494
s0092,40,0,65.01678
s0092,41,0,47.94332
s0092,42,0,57.0408
s0092,43,0,31.934713
s0092,44,0,48.651062
s0092,45,0,78.42985
s0092,46,0,18.637077
s0092,47,0,42.186913
s0092,48,0,58.889156
s0092,49,0,38.62677
s0092,50,0,59.74874
s0092,51,0,50.37606
s0092,52,0,56.360504
s0092,53,0,65.99527
s0092,54,0,56.103767
s0092,55,0,58.838703
s0092,56,0,65.7315
s0092,57,0,63.478153
s0092,58,0,56.366104
s0092,59,0,64.254684
s0092,60,0,65.801575
s0092,61,0,66.37293
s0092,62,0,69.30795
s0092,63,0,71.3059
s0092,64,0,54.946938
s0092,65,0,58.657116
s0092,66,0,63.711243
s0092,67,0,63.248283
s0092,68,0,64.00106
s0092,69,0,56.466152
s0092,70,0,52.253548
s0092,71,0,60.964157
s0092,72,0,53.07401
s0092,73,0,75.24374
s0092,74,0,76.87386
s0092,75,0,65.92633
s0092,76,0,76.08734
s0092,77,0,69.52475
s0092,78,0,67.10122
s0092,79,0,80.28672
s0092,80,0,73.51581
s0092,81,0,70.18073
s0092,82,0,71.46941
s0092,83,0,65.12453
s0092,84,0,66.482735
s0092,85,0,68.53116
s0092,86,0,68.89899
s0092,87,0,63.66803
s0092,88,0,61.3359
s0092,89,0,63.94528
s0092,90,0,62.46981
s0092,91,0,75.52679
s0092,92,0,75.74002
s0092,93,0,68.47015
s0092,94,0,60.286396
s0092,95,0,80.02626
s0093,0,0,53.9766
s0093,1,0,52.76003
s0093,2,0,41.79446
s0093,3,0,49.51475
s0093,4,0,47.576725
s0093,5,0,60.24988
s0093,6,0,51.596363
s0093,7,0,49.993465
s0093,8,0,55.60042
s0093,9,0,62.0608
s0093,10,0,64.40167
s0093,11,0,64.21499
s0093,12,0,69.09568
s0093,13,0,67.17676
s0093,14,0,66.3455
s0093,15,0,69.99937
s0093,16,0,70.08261
s0093,17,0,65.742455
s0093,18,0,65.93542
s0093,19,0,59.812527
s0093,20,0,67.65137
s0093,21,0,62.088
s0093,22,0,58.698723
s0093,23,0,70.68914
s0093,24,0,69.30573
s0093,25,0,61.27116
s0093,26,0,65.42331
s0093,27,0,55.50279
s0093,28,0,77.90596
s0093,29,0,64.822876
s0093,30,0,59.67565
s0093,31,0,65.45171
s0093,32,0,50.690292
s0093,33,0,52.34732
s0093,34,0,47.336018
s0093,35,0,52.05362
s0093,36,0,59.99072
s0093,37,0,58.390533
s0093,38,0,54.149395
s0093,39,0,54.022606
s0093,40,0,65.24589
s0093,41,0,57.400925
s0093,42,0,59.596016
s0093,43,0,57.760403
s0093,44,0,39.21781
s0093,45,0,55.941395
s0093,46,0,37.20589
s0093,47,0,44.165947
s0093,48,0,39.701576
s0093,49,0,45.590645
s0093,50,0,51.595867
s0093,51,0,61.864193
s0093,52,0,46.632946
s0093,53,0,56.46809
s0093,54,0,61.486843
s0093,55,0,54.949066
s0093,56,0,63.349445
s0093,57,0,63.848255
s0093,58,0,60.843327
s0093,59,0,64.098694
s0093,60,0,64.83841
s0093,61,0,63.553646
s0093,62,0,72.187996
s0093,63,0,71.70766
s0093,64,0,66.527885
s0093,65,0,64.041664
s0093,66,0,68.32108
s0093,67,0,63.624783
s0093,68,0,61.11867
s0093,69,0,58.692997
s0093,70,0,57.661583
s0093,71,0,60.434284
s0093,72,0,56.060684
s0093,73,0,61.374123
s0093,74,0,74.48734
s0093,75,0,81.98755
s0093,76,0,69.45269
s0093,77,0,67.432686
s0093,78,0,76.6791
s0093,79,0,65.52007
s0093,80,0,62.747307
s0093,81,0,74.6252
s0093,82,0,66.59415
s0093,83,0,67.12692
s0093,84,0,56.08409
s0093,85,0,79.649
s0093,86,0,62.241993
s0093,87,0,68.72797
s0093,88,0,59.725525
s0093,89,0,64.049324
s0093,90,0,57.34789
s0093,91,0,75.57731
s0093,92,0,73.05813
s0093,93,0,79.43881
s0093,94,0,79.854965
s0093,95,0,72.054565
s0094,0,0,53.038296
s0094,1,0,48.522778
s0094,2,0,56.233776
s0094,3,0,50.582798
s0094,4,0,50.84932
s0094,5,0,56.107307
s0094,6,0,52.871983
s0094,7,0,66.79402
s0094,8,0,60.317123
s0094,9,0,67.44064
s0094,10,0,55.62529
s0094,11,0,67.44794
s0094,12,0,64.884476
s0094,13,0,65.26441
s0094,14,0,61.303146
s0094,15,0,70.935455
s0094,16,0,53.171513
s0094,17,0,66.195465
s0094,18,0,62.58325
s0094,19,0,63.888615
s0094,20,0,73.221115
s0094,21,0,62.414196
s0094,22,0,63.457546
s0094,23,0,61.6039
s0094,24,0,63.794197
s0094,25,0,76.283745
s0094,26,0,72.63011
s0094,27,0,69.67425
s0094,28,0,66.96047
s0094,29,0,78.84789
s0094,30,0,63.02526
s0094,31,0,55.47355
s0094,32,0,60.518913
s0094,33,0,63.69602
s0094,34,0,43.628872
s0094,35,0,56.504406
s0094,36,0,48.482483
s0094,37,0,60.559315
s0094,38,0,59.874985
s0094,39,0,48.876995
s0094,40,0,59.405594
s0094,41,0,64.0029
s0094,42,0,56.649483
s0094,43,0,41.716877
s0094,44,0,64.72177
s0094,45,0,37.8005
s0094,46,0,31.962156
s0094,47,0,54.419632
s0094,48,0,49.4676
s0094,49,0,46.0479
s0094,50,0,43.676132
s0094,51,0,50.848286
s0094,52,0,42.71405
s0094,53,0,36.835938
s0094,54,0,52.824055
s0094,55,0,69.24299
s0094,56,0,64.30976
s0094,57,0,51.286686
s0094,58,0,61.57561
s0094,59,0,64.304924
s0094,60,0,65.03643
s0094,61,0,57.750095
s0094,62,0,65.938095
s0094,63,0,67.74385
s0094,64,0,62.87611
s0094,65,0,59.734257
s0094,66,0,60.017445
s0094,67,0,70.35163
s0094,68,0,60.008755
s0094,69,0,63.743626
s0094,70,0,50.926228
s0094,71,0,72.852554
s0094,72,0,65.93993
s0094,73,0,65.065506
s0094,74,0,73.05514
s0094,75,0,75.4802
s0094,76,0,68.50118
s0094,77,0,63.88774
s0094,78,0,66.26432
s0094,79,0,65.03166
s0094,80,0,68.13261
s0094,81,0,75.2734
s0094,82,0,68.09122
s0094,83,0,77.82363
s0094,84,0,67.24378
s0094,85,0,73.676476
s0094,86,0,69.955864
s0094,87,0,60.78073
s0094,88,0,70.51663
s0094,89,0,58.620182
s0094,90,0,54.59689
s0094,91,0,68.95156
s0094,92,0,60.5197
s0094,93,0,69.14481
s0094,94,0,64.87511
s0094,95,0,75.48483
s0095,0,0,56.927834
s0095,1,0,46.80421
s0095,2,0,55.654205
s0095,3,0,38.921604
s0095,4,0,49.555187
s0095,5,0,47.064564
s0095,6,0,40.680428
s0095,7,0,57.85723
s0095,8,0,62.383694
s0095,9,0,63.570305
s0095,10,0,57.464706
s0095,11,0,65.92208
s0095,12,0,68.84686
s0095,13,0,75.31143
s0095,14,0,64.63413
s0095,15,0,72.372055
s0095,16,0,60.233948
s0095,17,0,70.68338
s0095,18,0,72.09532
s0095,19,0,58.08142
s0095,20,0,65.24528
s0095,21,0,60.872528
s0095,22,0,64.452965
s0095,23,0,71.913666
s0095,24,0,65.486534
s0095,25,0,72.64647
s0095,26,0,78.58269
s0095,27,0,60.51422
s0095,28,0,71.63503
s0095,29,0,60.890594
s0095,30,0,61.262836
s0095,31,0,67.9545
s0095,32,0,62.70529
s0095,33,0,49.519516
s0095,34,0,43.96125
s0095,35,0,57.901417
s0095,36,0,60.162594
s0095,37,0,68.54796
s0095,38,0,53.260113
s0095,39,0,51.89735
s0095,40,0,61.334927
s0095,41,0,38.64713
s0095,42,0,31.879824
s0095,43,0,52.341698
s0095,44,0,61.659794
s0095,45,0,41.32293
s0095,46,0,22.258755
s0095,47,0,61.197613
s0095,48,0,39.806076
s0095,49,0,42.39388
s0095,50,0,44.92542
s0095,51,0,51.70506
s0095,52,0,56.59409
s0095,53,0,46.62695
s0095,54,0,47.7533
s0095,55,0,52.598206
s0095,56,0,55.093956
s0095,57,0,70.58791
s0095,58,0,52.061726
s0095,59,0,60.146904
s0095,60,0,63.04755
s0095,61,0,63.595493
s0095,62,0,69.07662
s0095,63,0,67.22236
s0095,64,0,75.56082
s0095,65,0,62.81971
s0095,66,0,59.524452
s0095,67,0,58.443253
s0095,68,0,69.659065
s0095,69,0,63.370327
s0095,70,0,57.72543
s0095,71,0,53.90514
s0095,72,0,61.2484
s0095,73,0,67.32114
s0095,74,0,83.43598
s0095,75,0,63.334347
s0095,76,0,66.66107
s0095,77,0,63.04688
s0095,78,0,66.36893
s0095,79,0,78.016495
s0095,80,0,69.866875
s0095,81,0,69.148705
s0095,82,0,69.180756
s0095,83,0,61.660686
s0095,84,0,71.589485
s0095,85,0,73.80952
s0095,86,0,64.27922
s0095,87,0,61.03869
s0095,88,0,59.029655
s0095,89,0,59.740993
s0095,90,0,66.82506
s0095,91,0,68.75762
s0095,92,0,69.496735
s0095,93,0,61.69776
s0095,94,0,70.38119
s0095,95,0,78.19659
s0096,0,0,58.795097
s0096,1,0,44.09856
s0096,2,0,46.373398
s0096,3,0,53.71448
s0096,4,0,52.604866
s0096,5,0,56.701553
s0096,6,0,56.350082
s0096,7,0,62.511215
s0096,8,0,60.45405
s0096,9,0,49.82954
s0096,10,0,61.41087
s0096,11,0,62.095993
s0096,12,0,64.61394
s0096,13,0,59.626514
s0096,14,0,65.401344
s0096,15,0,70.18761
s0096,16,0,68.701904
s0096,17,0,70.376945
s0096,18,0,62.238197
s0096,19,0,61.15702
s0096,20,0,71.76061
s0096,21,0,64.96367
s0096,22,0,69.91308
s0096,23,0,66.25297
s0096,24,0,69.49968
s0096,25,0,64.54684
s0096,26,0,73.38727
s0096,27,0,67.20853
s0096,28,0,70.75402
s0096,29,0,72.671906
s0096,30,0,45.731014
s0096,31,0,69.25114
s0096,32,0,66.69082
s0096,33,0,45.31125
s0096,34,0,38.98063
s0096,35,0,48.06461
s0096,36,0,52.26369
s0096,37,0,62.88442
s0096,38,0,56.36869
s0096,39,0,51.350376
s0096,40,0,65.503456
s0096,41,0,45.95261
s0096,42,0,47.124878
s0096,43,0,39.159367
s0096,44,0,52.74876
s0096,45,0,62.65292
s0096,46,0,46.23142
s0096,47,0,50.17453
s0096,48,0,45.19491
s0096,49,0,67.30062
s0096,50,0,37.161236
s0096,51,0,50.967335
s0096,52,0,32.81929
s0096,53,0,62.801224
s0096,54,0,49.847237
s0096,55,0,55.417625
s0096,56,0,57.896717
s0096,57,0,54.988018
s0096,58,0,50.050686
s0096,59,0,65.919014
s0096,60,0,66.473305
s0096,61,0,64.66908
s0096,62,0,80.7253
s0096,63,0,74.117645
s0096,64,0,66.517525
s0096,65,0,58.7223
s0096,66,0,66.4386
s0096,67,0,59.80923
s0096,68,0,61.560535
s0096,69,0,68.11907
s0096,70,0,52.28723
s0096,71,0,62.55096
s0096,72,0,61.82078
s0096,73,0,68.73109
s0096,74,0,74.91658
s0096,75,0,78.499245
s0096,76,0,64.8147
s0096,77,0,67.71175
s0096,78,0,68.48985
s0096,79,0,73.896484
s0096,80,0,69.177025
s0096,81,0,80.91326
s0096,82,0,68.138306
s0096,83,0,62.027542
s0096,84,0,68.95945
s0096,85,0,75.67891
s0096,86,0,63.309273
s0096,87,0,57.714024
s0096,88,0,62.86333
s0096,89,0,60.638126
s0096,90,0,61.412487
s0096,91,0,71.58638
s0096,92,0,72.09762
s0096,93,0,78.91717
s0096,94,0,72.82421
s0096,95,0,66.71425
s0097,0,0,50.302082
s0097,1,0,50.242245
s0097,2,0,39.53081
s0097,3,0,38.0009
s0097,4,0,53.91143
s0097,5,0,52.859753
s0097,6,0,49.307312
s0097,7,0,57.423447
s0097,8,0,56.57966
s0097,9,0,62.018906
s0097,10,0,56.30098
s0097,11,0,64.29926
s0097,12,0,72.60664
s0097,13,0,69.36634
s0097,14,0,73.51147
s0097,15,0,67.33834
s0097,16,0,65.28005
s0097,17,0,66.33859
s0097,18,0,72.97239
s0097,19,0,68.12317
s0097,20,0,66.46869
s0097,21,0,57.786335
s0097,22,0,57.59276
s0097,23,0,59.289024
s0097,24,0,69.823746
s0097,25,0,74.410355
s0097,26,0,73.58831
s0097,27,0,61.297504
s0097,28,0,66.25696
s0097,29,0,65.89883
s0097,30,0,60.640785
s0097,31,0,62.898155
s0097,32,0,64.522675
s0097,33,0,59.951942
s0097,34,0,40.157524
s0097,35,0,61.490776
s0097,36,0,48.229176
s0097,37,0,62.441105
s0097,38,0,57.412277
s0097,39,0,48.74442
s0097,40,0,70.02296
s0097,41,0,46.79404
s0097,42,0,47.039185
s0097,43,0,55.471184
s0097,44,0,27.9695
s0097,45,0,67.8451
s0097,46,0,56.26406
s0097,47,0,56.922752
s0097,48,0,46.734943
s0097,49,0,37.776676
s0097,50,0,62.01665
s0097,51,0,55.40853
s0097,52,0,47.93235
s0097,53,0,49.211575
s0097,54,0,62.710262
s0097,55,0,62.42954
s0097,56,0,62.870804
s0097,57,0,58.160652
s0097,58,0,53.092552
s0097,59,0,65.913475
s0097,60,0,70.44099
s0097,61,0,62.75168
s0097,62,0,71.40106
s0097,63,0,72.97178
s0097,64,0,67.63587
s0097,65,0,59.833366
s0097,66,0,68.73656
s0097,67,0,71.08333
s0097,68,0,71.02214
s0097,69,0,62.92386
s0097,70,0,61.330566
s0097,71,0,52.092445
s0097,72,0,54.593323
s0097,73,0,58.752125
s0097,74,0,77.48768
s0097,75,0,75.73863
s0097,76,0,71.389694
s0097,77,0,69.28425
s0097,78,0,72.37323
s0097,79,0,78.65998
s0097,80,0,67.09556
s0097,81,0,68.4348
s0097,82,0,64.46541
s0097,83,0,62.16161
s0097,84,0,74.31767
s0097,85,0,67.599205
s0097,86,0,63.55105
s0097,87,0,56.825775
s0097,88,0,58.268158
s0097,89,0,70.63175
s0097,90,0,55.50171
s0097,91,0,71.84688
s0097,92,0,62.34593
s0097,93,0,76.30611
s0097,94,0,72.03392
s0097,95,0,71.48289
s0098,0,0,58.45491
s0098,1,0,48.131386
s0098,2,0,44.97029
s0098,3,0,40.01595
s0098,4,0,55.36178
s0098,5,0,52.837772
s0098,6,0,38.185352
s0098,7,0,47.43323
s0098,8,0,61.263443
s0098,9,0,63.11478
s0098,10,0,50.024807
s0098,11,0,65.656395
s0098,12,0,63.576584
s0098,13,0,64.62593
s0098,14,0,72.06502
s0098,15,0,89.9845
s0098,16,0,66.47954
s0098,17,0,60.05487
s0098,18,0,67.96732
s0098,19,0,53.240604
s0098,20,0,59.059834
s0098,21,0,63.32219
s0098,22,0,65.01311
s0098,23,0,64.60071
s0098,24,0,72.873344
s0098,25,0,70.6134
s0098,26,0,89.19653
s0098,27,0,70.50794
s0098,28,0,74.54594
s0098,29,0,75.39637
s0098,30,0,57.357815
s0098,31,0,67.80084
s0098,32,0,55.12818
s0098,33,0,50.44486
s0098,34,0,57.536293
s0098,35,0,56.185986
s0098,36,0,51.40251
s0098,37,0,59.025894
s0098,38,0,62.64852
s0098,39,0,52.855404
s0098,40,0,62.732254
s0098,41,0,49.887062
s0098,42,0,53.708168
s0098,43,0,51.21137
s0098,44,0,47.9912
s0098,45,0,60.945747
s0098,46,0,26.338882
s0098,47,0,55.286232
s0098,48,0,46.26443
s0098,49,0,38.22863
s0098,50,0,39.26519
s0098,51,0,58.4213
s0098,52,0,59.420265
s0098,53,0,57.778667
s0098,54,0,51.625957
s0098,55,0,58.813847
s0098,56,0,64.99227
s0098,57,0,57.667454
s0098,58,0,61.269985
s0098,59,0,67.18428
s0098,60,0,59.337856
s0098,61,0,62.09064
s0098,62,0,61.641895
s0098,63,0,76.00684
s0098,64,0,66.857796
s0098,65,0,65.20489
s0098,66,0,66.13406
s0098,67,0,67.74868
s0098,68,0,71.18379
s0098,69,0,70.238625
s0098,70,0,66.528145
s0098,71,0,54.56353
s0098,72,0,61.420162
s0098,73,0,70.42487
s0098,74,0,80.64043
s0098,75,0,70.80904
s0098,76,0,69.98683
s0098,77,0,65.35611
s0098,78,0,74.96074
s0098,79,0,62.659576
s0098,80,0,70.78767
s0098,81,0,76.34626
s0098,82,0,67.190994
s0098,83,0,60.958244
s0098,84,0,64.647255
s0098,85,0,73.476616
s0098,86,0,52.757248
s0098,87,0,57.147465
s0098,88,0,60.17094
s0098,89,0,74.46782
s0098,90,0,54.68826
s0098,91,0,67.8391
s0098,92,0,60.62423
s0098,93,0,71.81228
s0098,94,0,63.30029
s0098,95,0,66.717705
s0099,0,0,41.11567
s0099,1,0,39.296566
s0099,2,0,52.530853
s0099,3,0,46.28993
s0099,4,0,50.513924
s0099,5,0,48.655403
s0099,6,0,50.043068
s0099,7,0,56.42443
s0099,8,0,58.46053
s0099,9,0,65.45186
s0099,10,0,55.087696
s0099,11,0,70.71043
s0099,12,0,64.20144
s0099,13,0,64.83973
s0099,14,0,68.31729
s0099,15,0,81.28708
s0099,16,0,70.974754
s0099,17,0,60.704403
s0099,18,0,66.1113
s0099,19,0,66.42466
s0099,20,0,57.751186
s0099,21,0,67.63989
s0099,22,0,53.925945
s0099,23,0,67.97605
s0099,24,0,60.26343
s0099,25,0,72.516556
s0099,26,0,74.40222
s0099,27,0,58.07552
s0099,28,0,78.05387
s0099,29,0,66.19585
s0099,30,0,60.970886
s0099,31,0,60.431133
s0099,32,0,58.538055
s0099,33,0,46.311386
s0099,34,0,62.54292
s0099,35,0,57.08053
s0099,36,0,57.48255
s0099,37,0,47.351463
s0099,38,0,61.993423
s0099,39,0,53.586285
s0099,40,0,53.466522
s0099,41,0,58.95375
s0099,42,0,39.84776
s0099,43,0,49.756874
s0099,44,0,53.160503
s0099,45,0,52.550613
s0099,46,0,48.3841
s0099,47,0,54.19488
s0099,48,0,22.817564
s0099,49,0,47.716415
s0099,50,0,57.150486
s0099,51,0,59.72984
s0099,52,0,48.541367
s0099,53,0,49.472363
s0099,54,0,57.582966
s0099,55,0,46.778893
s0099,56,0,61.29412
s0099,57,0,63.69481
s0099,58,0,49.107044
s0099,59,0,66.49437
s0099,60,0,60.147312
s0099,61,0,55.632294
s0099,62,0,68.070496
s0099,63,0,65.55911
s0099,64,0,57.594975
s0099,65,0,64.69304
s0099,66,0,73.61597
s0099,67,0,66.54176
s0099,68,0,76.92854
s0099,69,0,70.80398
s0099,70,0,58.744442
s0099,71,0,59.112804
s0099,72,0,68.06155
s0099,73,0,64.57263
s0099,74,0,70.06429
s0099,75,0,75.34186
s0099,76,0,70.08194
s0099,77,0,72.802444
s0099,78,0,70.05773
s0099,79,0,74.6144
s0099,80,0,64.17136
s0099,81,0,68.76956
s0099,82,0,62.772854
s0099,83,0,76.15402
s0099,84,0,64.44709
s0099,85,0,72.30223
s0099,86,0,63.85726
s0099,87,0,63.179543
s0099,88,0,62.829975
s0099,89,0,57.8169
s0099,90,0,61.0003
s0099,91,0,75.79968
s0099,92,0,74.54425
s0099,93,0,74.6362
s0099,94,0,69.743965
s0099,95,0,62.055878
s0100,0,0,56.094784
s0100,1,0,46.78825
s0100,2,0,32.664165
s0100,3,0,47.536873
s0100,4,0,54.570866
s0100,5,0,46.332935
s0100,6,0,50.332184
s0100,7,0,48.53258
s0100,8,0,56.9076
s0100,9,0,65.381714
s0100,10,0,56.895107
s0100,11,0,64.19724
s0100,12,0,59.77267
s0100,13,0,62.97833
s0100,14,0,63.649075
s0100,15,0,82.378586
s0100,16,0,68.318825
s0100,17,0,69.61042
s0100,18,0,62.52375
s0100,19,0,72.679886
s0100,20,0,65.97068
s0100,21,0,61.513786
s0100,22,0,58.17612
s0100,23,0,65.06044
s0100,24,0,68.59312
s0100,25,0,69.58783
s0100,26,0,68.76558
s0100,27,0,64.1169
s0100,28,0,64.00984
s0100,29,0,70.23974
s0100,30,0,56.692757
s0100,31,0,67.71607
s0100,32,0,54.944527
s0100,33,0,53.78614
s0100,34,0,61.75892
s0100,35,0,67.06328
s0100,36,0,52.516987
s0100,37,0,54.107426
s0100,38,0,50.681652
s0100,39,0,45.38797
s0100,40,0,78.2191
s0100,41,0,63.292484
s0100,42,0,51.878483
s0100,43,0,48.836346
s0100,44,0,60.02121
s0100,45,0,30.815237
s0100,46,0,24.484623
s0100,47,0,36.47856
s0100,48,0,41.121174
s0100,49,0,57.39599
s0100,50,0,53.854
s0100,51,0,32.334045
s0100,52,0,55.11201
s0100,53,0,59.265465
s0100,54,0,57.357986
s0100,55,0,59.837723
s0100,56,0,53.12419
s0100,57,0,51.880627
s0100,58,0,62.07731
s0100,59,0,59.722168
s0100,60,0,61.144203
s0100,61,0,52.124023
s0100,62,0,64.19538
s0100,63,0,64.86793
s0100,64,0,60.074463
s0100,65,0,67.2313
s0100,66,0,61.21168
s0100,67,0,69.866486
s0100,68,0,60.932575
s0100,69,0,65.73771
s0100,70,0,63.587532
s0100,71,0,63.214634
s0100,72,0,53.54101
s0100,73,0,72.65
s0100,74,0,81.44662
s0100,75,0,78.219795
s0100,76,0,77.15252
s0100,77,0,78.20583
s0100,78,0,62.129025
s0100,79,0,71.19837
s0100,80,0,73.346054
s0100,81,0,80.01706
s0100,82,0,75.00314
s0100,83,0,66.226006
s0100,84,0,69.48789
s0100,85,0,69.84718
s0100,86,0,57.552685
s0100,87,0,58.904114
s0100,88,0,65.714935
s0100,89,0,58.520844
s0100,90,0,58.49912
s0100,91,0,66.23294
s0100,92,0,66.0842
s0100,93,0,65.15175
s0100,94,0,66.7808
s0100,95,0,64.64174
s0001,0,0,58.738525
s0001,1,0,52.049683
s0001,2,0,51.14266
s0001,3,0,43.600643
s0001,4,0,51.017216
s0001,5,0,59.3602
s0001,6,0,50.291107
s0001,7,0,54.525913
s0001,8,0,54.439323
s0001,9,0,61.158077
s0001,10,0,61.847942
s0001,11,0,61.127884
s0001,12,0,67.49517
s0001,13,0,65.95199
s0001,14,0,70.86941
s0001,15,0,67.69666
s0001,16,0,62.256718
s0001,17,0,63.592335
s0001,18,0,68.882904
s0001,19,0,67.00067
s0001,20,0,70.1546
s0001,21,0,68.53458
s0001,22,0,64.65357
s0001,23,0,65.037346
s0001,24,0,67.95683
s0001,25,0,68.88668
s0001,26,0,57.483227
s0001,27,0,67.69831
s0001,28,0,66.7971
s0001,29,0,71.37226
s0001,30,0,61.51942
s0001,31,0,56.90046
s0001,32,0,60.389473
s0001,33,0,50.578693
s0001,34,0,56.1669
s0001,35,0,71.118
s0001,36,0,56.543438
s0001,37,0,62.28501
s0001,38,0,49.357693
s0001,39,0,49.315228
s0001,40,0,62.358875
s0001,41,0,46.375477
s0001,42,0,43.89114
s0001,43,0,72.43005
s0001,44,0,38.520866
s0001,45,0,57.11468
s0001,46,0,17.834661
s0001,47,0,36.60935
s0001,48,0,50.74083
s0001,49,0,70.34851
s0001,50,0,46.623
s0001,51,0,59.190567
s0001,52,0,54.134026
s0001,53,0,53.33657
s0001,54,0,45.643326
s0001,55,0,53.721283
s0001,56,0,62.39176
s0001,57,0,66.02844
s0001,58,0,61.922825
s0001,59,0,69.20593
s0001,60,0,59.670174
s0001,61,0,53.86131
s0001,62,0,69.90615
s0001,63,0,69.48679
s0001,64,0,61.56744
s0001,65,0,62.048054
s0001,66,0,77.373505
s0001,67,0,63.68642
s0001,68,0,64.75433
s0001,69,0,62.193233
s0001,70,0,44.59371
s0001,71,0,62.75787
s0001,72,0,73.7543
s0001,73,0,74.8507
s0001,74,0,71.87845
s0001,75,0,70.88851
s0001,76,0,77.2324
s0001,77,0,73.14673
s0001,78,0,76.11623
s0001,79,0,71.69567
s0001,80,0,74.32432
s0001,81,0,72.82754
s0001,82,0,61.82175
s0001,83,0,55.957428
s0001,84,0,69.201225
s0001,85,0,71.88276
s0001,86,0,62.094143
s0001,87,0,61.037834
s0001,88,0,74.261284
s0001,89,0,69.41712
s0001,90,0,59.779064
s0001,91,0,72.35671
s0001,92,0,64.97765
s0001,93,0,77.01801
s0001,94,0,65.85206
s0001,95,0,65.67905
s0002,0,0,51.29575
s0002,1,0,43.765854
s0002,2,0,34.993214
s0002,3,0,35.907547
s0002,4,0,55.56405
s0002,5,0,51.758167
s0002,6,0,59.883797
s0002,7,0,59.777813
s0002,8,0,58.281845
s0002,9,0,54.420937
s0002,10,0,69.32506
s0002,11,0,69.389915
s0002,12,0,62.91394
s0002,13,0,72.94076
s0002,14,0,64.822975
s0002,15,0,69.3904
s0002,16,0,68.36431
s0002,17,0,60.23374
s0002,18,0,63.312996
s0002,19,0,67.173874
s0002,20,0,66.52165
s0002,21,0,57.661354
s0002,22,0,65.0694
s0002,23,0,51.053173
s0002,24,0,59.518646
s0002,25,0,59.777103
s0002,26,0,67.09124
s0002,27,0,59.927437
s0002,28,0,71.74844
s0002,29,0,74.00789
s0002,30,0,61.147972
s0002,31,0,58.649574
s0002,32,0,58.64624
s0002,33,0,55.283653
s0002,34,0,55.60906
s0002,35,0,56.321453
s0002,36,0,55.627716
s0002,37,0,55.903275
s0002,38,0,48.43977
s0002,39,0,64.37924
s0002,40,0,69.352
s0002,41,0,46.32806
s0002,42,0,45.84522
s0002,43,0,37.73398
s0002,44,0,25.239862
s0002,45,0,47.973743
s0002,46,0,42.447014
s0002,47,0,50.41299
s0002,48,0,49.77222
s0002,49,0,51.067226
s0002,50,0,42.75198
s0002,51,0,43.33262
s0002,52,0,55.285206
s0002,53,0,55.87623
s0002,54,0,41.940517
s0002,55,0,51.5842
s0002,56,0,65.53506
s0002,57,0,59.75868
s0002,58,0,61.58229
s0002,59,0,63.480007
s0002,60,0,60.834293
s0002,61,0,62.31712
s0002,62,0,87.35572
s0002,63,0,69.48614
s0002,64,0,60.430454
s0002,65,0,67.50511
s0002,66,0,70.386284
s0002,67,0,69.922874
s0002,68,0,71.79622
s0002,69,0,72.00426
s0002,70,0,44.650192
s0002,71,0,52.80417
s0002,72,0,62.21664
s0002,73,0,69.057785
s0002,74,0,72.04228
s0002,75,0,73.09453
s0002,76,0,64.582085
s0002,77,0,69.81404
s0002,78,0,59.795002
s0002,79,0,69.77014
s0002,80,0,77.26182
s0002,81,0,69.63741
s0002,82,0,64.77618
s0002,83,0,60.618614
s0002,84,0,68.64717
s0002,85,0,69.55856
s0002,86,0,71.762665
s0002,87,0,59.43306
s0002,88,0,57.286636
s0002,89,0,61.242275
s0002,90,0,60.19514
s0002,91,0,74.8348
s0002,92,0,62.15174
s0002,93,0,67.46545
s0002,94,0,69.72611
s0002,95,0,68.39516
s0003,0,0,59.116512
s0003,1,0,47.689224
s0003,2,0,45.65823
s0003,3,0,47.969994
s0003,4,0,39.82632
s0003,5,0,50.688583
s0003,6,0,59.09578
s0003,7,0,54.23457
s0003,8,0,60.032238
s0003,9,0,63.033203
s0003,10,0,53.171066
s0003,11,0,58.986008
s0003,12,0,82.87761
s0003,13,0,69.32042
s0003,14,0,66.514854
s0003,15,0,73.61773
s0003,16,0,67.05932
s0003,17,0,60.22101
s0003,18,0,65.12382
s0003,19,0,66.24361
s0003,20,0,73.72667
s0003,21,0,67.59442
s0003,22,0,65.99933
s0003,23,0,62.47035
s0003,24,0,80.07653
s0003,25,0,72.65985
s0003,26,0,64.81569
s0003,27,0,59.560474
s0003,28,0,61.556606
s0003,29,0,54.806675
s0003,30,0,52.011242
s0003,31,0,68.95972
s0003,32,0,61.479187
s0003,33,0,41.82447
s0003,34,0,58.61753
s0003,35,0,52.53006
s0003,36,0,59.59862
s0003,37,0,44.915466
s0003,38,0,70.98065
s0003,39,0,47.370113
s0003,40,0,55.802654
s0003,41,0,45.76563
s0003,42,0,41.34939
s0003,43,0,57.758347
s0003,44,0,66.860535
s0003,45,0,42.123646
s0003,46,0,33.9776
s0003,47,0,42.18112
s0003,48,0,63.907238
s0003,49,0,36.965588
s0003,50,0,67.1218
s0003,51,0,66.631966
s0003,52,0,46.63224
s0003,53,0,44.770916
s0003,54,0,51.429783
s0003,55,0,52.958206
s0003,56,0,65.74689
s0003,57,0,68.68876
s0003,58,0,53.816177
s0003,59,0,69.47477
s0003,60,0,63.252186
s0003,61,0,68.3706
s0003,62,0,69.55712
s0003,63,0,75.1025
s0003,64,0,56.20254
s0003,65,0,63.462086
s0003,66,0,70.17529
s0003,67,0,62.264236
s0003,68,0,66.02308
s0003,69,0,69.702484
s0003,70,0,59.84778
s0003,71,0,63.61547
s0003,72,0,60.62882
s0003,73,0,70.54822
s0003,74,0,71.75441
s0003,75,0,72.870575
s0003,76,0,71.728355
s0003,77,0,73.85808
s0003,78,0,57.014786
s0003,79,0,71.64578
s0003,80,0,85.66777
s0003,81,0,68.57318
s0003,82,0,63.968086
s0003,83,0,67.88897
s0003,84,0,71.653694
s0003,85,0,65.37594
s0003,86,0,59.699272
s0003,87,0,61.43806
s0003,88,0,67.69624
s0003,89,0,58.171577
s0003,90,0,63.405884
s0003,91,0,79.040955
s0003,92,0,61.052826
s0003,93,0,67.54962
s0003,94,0,61.65288
s0003,95,0,54.87645
s0004,0,0,52.814404
s0004,1,0,36.768005
s0004,2,0,51.65444
s0004,3,0,38.834946
s0004,4,0,58.26839
s0004,5,0,53.976955
s0004,6,0,51.368607
s0004,7,0,54.073456
s0004,8,0,63.735073
s0004,9,0,60.383595
s0004,10,0,53.853153
s0004,11,0,64.58629
s0004,12,0,75.0406
s0004,13,0,66.44249
s0004,14,0,66.28987
s0004,15,0,60.65562
s0004,16,0,64.503426
s0004,17,0,59.697094
s0004,18,0,57.63409
s0004,19,0,63.998676
s0004,20,0,74.860825
s0004,21,0,69.18853
s0004,22,0,54.285477
s0004,23,0,72.351204
s0004,24,0,75.336426
s0004,25,0,62.17058
s0004,26,0,69.02965
s0004,27,0,71.39412
s0004,28,0,69.947754
s0004,29,0,72.79215
s0004,30,0,60.71299
s0004,31,0,61.15818
s0004,32,0,61.05069
s0004,33,0,58.45185
s0004,34,0,50.087322
s0004,35,0,43.736275
s0004,36,0,55.578346
s0004,37,0,62.548077
s0004,38,0,48.900257
s0004,39,0,51.806316
s0004,40,0,53.284504
s0004,41,0,59.633717
s0004,42,0,45.727287
s0004,43,0,52.86395
s0004,44,0,48.297466
s0004,45,0,53.837997
s0004,46,0,63.662674
s0004,47,0,49.695118
s0004,48,0,51.1183
s0004,49,0,57.424644
s0004,50,0,57.446484
s0004,51,0,53.64175
s0004,52,0,51.569317
s0004,53,0,51.811886
s0004,54,0,60.827835
s0004,55,0,54.254253
s0004,56,0,58.42914
s0004,57,0,62.810207
s0004,58,0,60.83866
s0004,59,0,65.91025
s0004,60,0,59.406704
s0004,61,0,64.7961
s0004,62,0,72.7407
s0004,63,0,76.35392
s0004,64,0,62.513023
s0004,65,0,65.82284
s0004,66,0,67.80911
s0004,67,0,58.33736
s0004,68,0,63.115173
s0004,69,0,65.91804
s0004,70,0,63.24677
s0004,71,0,59.11991
s0004,72,0,65.61395
s0004,73,0,69.24441
s0004,74,0,79.96573
s0004,75,0,73.71535
s0004,76,0,78.73758
s0004,77,0,78.558205
s0004,78,0,70.76233
s0004,79,0,74.49004
s0004,80,0,70.43347
s0004,81,0,75.01453
s0004,82,0,70.087654
s0004,83,0,77.50761
s0004,84,0,76.12797
s0004,85,0,75.78366
s0004,86,0,64.021
s0004,87,0,65.93065
s0004,88,0,59.716087
s0004,89,0,49.335526
s0004,90,0,57.391804
s0004,91,0,65.53402
s0004,92,0,60.141808
s0004,93,0,81.49304
s0004,94,0,65.20365
s0004,95,0,62.643784
s0005,0,0,52.212963
s0005,1,0,58.724106
s0005,2,0,44.87222
s0005,3,0,42.029
s0005,4,0,55.95206
s0005,5,0,56.880764
s0005,6,0,52.126846
s0005,7,0,59.00321
s0005,8,0,61.15062
s0005,9,0,56.46792
s0005,10,0,50.482643
s0005,11,0,68.60283
s0005,12,0,63.21063
s0005,13,0,61.63157
s0005,14,0,63.285316
s0005,15,0,74.076065
s0005,16,0,64.58364
s0005,17,0,58.224907
s0005,18,0,69.99569
s0005,19,0,68.94338
s0005,20,0,77.06379
s0005,21,0,70.521515
s0005,22,0,63.00829
s0005,23,0,68.11558
s0005,24,0,74.37113
s0005,25,0,67.53139
s0005,26,0,71.74506
s0005,27,0,68.553665
s0005,28,0,70.62935
s0005,29,0,63.381577
s0005,30,0,65.22021
s0005,31,0,64.0424
s0005,32,0,58.44895
s0005,33,0,48.86131
s0005,34,0,46.18088
s0005,35,0,46.239094
s0005,36,0,59.01241
s0005,37,0,60.99353
s0005,38,0,51.44944
s0005,39,0,41.035286
s0005,40,0,65.9361
s0005,41,0,48.675125
s0005,42,0,40.465664
s0005,43,0,48.517277
s0005,44,0,71.4024
s0005,45,0,69.693825
s0005,46,0,51.40689
s0005,47,0,49.342556
s0005,48,0,27.15465
s0005,49,0,44.364643
s0005,50,0,44.98694
s0005,51,0,57.67162
s0005,52,0,51.010345
s0005,53,0,56.279705
s0005,54,0,49.984093
s0005,55,0,60.487316
s0005,56,0,59.57491
s0005,57,0,75.34457
s0005,58,0,47.372417
s0005,59,0,66.18812
s0005,60,0,62.0825
s0005,61,0,58.968437
s0005,62,0,74.88096
s0005,63,0,76.9223
s0005,64,0,64.29382
s0005,65,0,66.78642
s0005,66,0,73.98275
s0005,67,0,63.556374
s0005,68,0,68.87268
s0005,69,0,70.29968
s0005,70,0,62.47327
s0005,71,0,57.617935
s0005,72,0,48.052647
s0005,73,0,73.87892
s0005,74,0,69.90532
s0005,75,0,67.00233
s0005,76,0,68.70824
s0005,77,0,65.24686
s0005,78,0,71.498566
s0005,79,0,67.78947
s0005,80,0,70.12707
s0005,81,0,75.26538
s0005,82,0,70.59533
s0005,83,0,60.17468
s0005,84,0,75.319695
s0005,85,0,64.20049
s0005,86,0,70.343
s0005,87,0,61.00529
s0005,88,0,59.123226
s0005,89,0,60.73498
s0005,90,0,57.099415
s0005,91,0,64.43004
s0005,92,0,70.01411
s0005,93,0,67.93877
s0005,94,0,64.12888
s0005,95,0,72.76797
s0006,0,0,59.65612
s0006,1,0,41.412277
s0006,2,0,46.73253
s0006,3,0,39.937016
s0006,4,0,52.579025
s0006,5,0,62.819885
s0006,6,0,48.538933
s0006,7,0,51.98637
s0006,8,0,59.9103
s0006,9,0,54.148018
s0006,10,0,58.89075
s0006,11,0,62.647327
s0006,12,0,75.287094
s0006,13,0,64.84384
s0006,14,0,71.42366
s0006,15,0,75.72939
s0006,16,0,67.36764
s0006,17,0,70.57848
s0006,18,0,67.09757
s0006,19,0,70.67471
s0006,20,0,66.20099
s0006,21,0,69.2352
s0006,22,0,64.802765
s0006,23,0,63.54412
s0006,24,0,59.1411
s0006,25,0,74.89839
s0006,26,0,73.88081
s0006,27,0,61.966774
s0006,28,0,76.94137
s0006,29,0,73.19632
s0006,30,0,55.753555
s0006,31,0,67.12435
s0006,32,0,57.101543
s0006,33,0,58.44405
s0006,34,0,56.746883
s0006,35,0,43.482143
s0006,36,0,58.33578
s0006,37,0,51.492905
s0006,38,0,54.604385
s0006,39,0,56.647007
s0006,40,0,50.653545
s0006,41,0,45.475037
s0006,42,0,43.35167
s0006,43,0,46.43501
s0006,44,0,45.78059
s0006,45,0,45.200073
s0006,46,0,36.081333
s0006,47,0,56.558308
s0006,48,0,76.615105
s0006,49,0,63.681416
s0006,50,0,61.32929
s0006,51,0,63.926617
s0006,52,0,48.65213
s0006,53,0,57.894016
s0006,54,0,50.51689
s0006,55,0,52.15958
s0006,56,0,54.800312
s0006,57,0,63.142387
s0006,58,0,59.95391
s0006,59,0,75.407
s0006,60,0,58.41445
s0006,61,0,60.86002
s0006,62,0,74.06566
s0006,63,0,66.74017
s0006,64,0,63.28602
s0006,65,0,65.31508
s0006,66,0,76.01313
s0006,67,0,63.978554
s0006,68,0,72.050644
s0006,69,0,58.75278
s0006,70,0,61.708027
s0006,71,0,62.25318
s0006,72,0,62.204544
s0006,73,0,67.47208
s0006,74,0,62.748734
s0006,75,0,66.778336
s0006,76,0,77.3244
s0006,77,0,74.83929
s0006,78,0,67.49617
s0006,79,0,68.15502
s0006,80,0,68.41153
s0006,81,0,69.60558
s0006,82,0,62.261505
s0006,83,0,65.42746
s0006,84,0,76.197754
s0006,85,0,65.66105
s0006,86,0,57.000614
s0006,87,0,59.877575
s0006,88,0,64.16134
s0006,89,0,71.267654
s0006,90,0,62.346523
s0006,91,0,61.168713
s0006,92,0,65.6999
s0006,93,0,66.97593
s0006,94,0,64.026436
s0006,95,0,57.148964
s0007,0,0,53.838955
s0007,1,0,43.104225
s0007,2,0,59.479347
s0007,3,0,47.388485
s0007,4,0,60.088062
s0007,5,0,59.168644
s0007,6,0,57.710697
s0007,7,0,60.55766
s0007,8,0,63.092377
s0007,9,0,54.43597
s0007,10,0,60.113335
s0007,11,0,61.40743
s0007,12,0,71.156784
s0007,13,0,67.45296
s0007,14,0,70.64408
s0007,15,0,67.064964
s0007,16,0,64.40885
s0007,17,0,72.171135
s0007,18,0,64.037506
s0007,19,0,62.199787
s0007,20,0,63.019264
s0007,21,0,60.865013
s0007,22,0,58.099674
s0007,23,0,69.03548
s0007,24,0,74.51545
s0007,25,0,60.49696
s0007,26,0,76.33777
s0007,27,0,54.21338
s0007,28,0,68.79213
s0007,29,0,67.67678
s0007,30,0,70.18924
s0007,31,0,58.38755
s0007,32,0,57.946213
s0007,33,0,62.556057
s0007,34,0,56.3064
s0007,35,0,60.64553
s0007,36,0,62.098896
s0007,37,0,55.777405
s0007,38,0,45.10578
s0007,39,0,57.345936
s0007,40,0,65.687706
s0007,41,0,50.297314
s0007,42,0,63.523125
s0007,43,0,51.883095
s0007,44,0,41.355103
s0007,45,0,38.901203
s0007,46,0,40.985973
s0007,47,0,65.06055
s0007,48,0,51.291664
s0007,49,0,53.590343
s0007,50,0,36.806507
s0007,51,0,50.733055
s0007,52,0,62.845512
s0007,53,0,55.593323
s0007,54,0,41.32345
s0007,55,0,50.16129
s0007,56,0,54.254974
s0007,57,0,69.754555
s0007,58,0,58.96236
s0007,59,0,63.74544
s0007,60,0,61.43194
s0007,61,0,54.366833
s0007,62,0,82.83754
s0007,63,0,71.26686
s0007,64,0,61.08076
s0007,65,0,69.47226
s0007,66,0,76.926735
s0007,67,0,52.732555
s0007,68,0,63.898678
s0007,69,0,64.45538
s0007,70,0,62.021526
s0007,71,0,54.98964
s0007,72,0,53.229248
s0007,73,0,69.844864
s0007,74,0,77.33089
s0007,75,0,60.370674
s0007,76,0,65.79211
s0007,77,0,70.05284
s0007,78,0,71.09949
s0007,79,0,73.95107
s0007,80,0,63.476383
s0007,81,0,63.801838
s0007,82,0,72.20852
s0007,83,0,61.300274
s0007,84,0,75.59012
s0007,85,0,80.29432
s0007,86,0,65.8603
s0007,87,0,66.13641
s0007,88,0,59.57165
s0007,89,0,58.841038
s0007,90,0,55.78171
s0007,91,0,71.842514
s0007,92,0,60.85506
s0007,93,0,75.05423
s0007,94,0,67.47887
s0007,95,0,64.234245
s0008,0,0,63.3153
s0008,1,0,52.806236
s0008,2,0,55.323265
s0008,3,0,41.50243
s0008,4,0,52.925304
s0008,5,0,50.701694
s0008,6,0,53.67185
s0008,7,0,54.187195
s0008,8,0,62.59977
s0008,9,0,64.45917
s0008,10,0,55.226387
s0008,11,0,62.707348
s0008,12,0,66.1555
s0008,13,0,65.99942
s0008,14,0,73.239944
s0008,15,0,71.67533
s0008,16,0,63.540993
s0008,17,0,56.961533
s0008,18,0,58.20271
s0008,19,0,73.74651
s0008,20,0,71.25015
s0008,21,0,64.61584
s0008,22,0,58.775696
s0008,23,0,66.86149
s0008,24,0,69.14047
s0008,25,0,58.18097
s0008,26,0,65.668365
s0008,27,0,63.36373
s0008,28,0,73.14415
s0008,29,0,76.21046
s0008,30,0,53.7933
s0008,31,0,65.99939
s0008,32,0,62.23199
s0008,33,0,58.971355
s0008,34,0,66.49991
s0008,35,0,53.517597
s0008,36,0,43.535805
s0008,37,0,52.657497
s0008,38,0,71.44399
s0008,39,0,57.39275
s0008,40,0,61.448166
s0008,41,0,52.24011
s0008,42,0,31.554186
s0008,43,0,47.24014
s0008,44,0,51.069233
s0008,45,0,52.086124
s0008,46,0,21.702793
s0008,47,0,35.876026
s0008,48,0,62.312252
s0008,49,0,55.86125
s0008,50,0,37.33533
s0008,51,0,43.02398
s0008,52,0,57.031338
s0008,53,0,43.50141
s0008,54,0,36.32652
s0008,55,0,71.95002
s0008,56,0,54.91897
s0008,57,0,63.8195
s0008,58,0,53.387547
s0008,59,0,60.895214
s0008,60,0,63.709682
s0008,61,0,67.79922
s0008,62,0,75.64168
s0008,63,0,73.98794
s0008,64,0,65.90756
s0008,65,0,63.07065
s0008,66,0,72.65074
s0008,67,0,70.817894
s0008,68,0,65.93422
s0008,69,0,63.054993
s0008,70,0,61.041733
s0008,71,0,57.302975
s0008,72,0,67.96049
s0008,73,0,72.706474
s0008,74,0,73.29807
s0008,75,0,68.39632
s0008,76,0,77.042786
s0008,77,0,76.35453
s0008,78,0,66.82674
s0008,79,0,65.25806
s0008,80,0,72.32655
s0008,81,0,71.077194
s0008,82,0,57.151173
s0008,83,0,66.51462
s0008,84,0,63.618416
s0008,85,0,69.101974
s0008,86,0,63.712643
s0008,87,0,61.661793
s0008,88,0,59.62474
s0008,89,0,58.77778
s0008,90,0,55.547794
s0008,91,0,61.14914
s0008,92,0,62.62698
s0008,93,0,70.003296
s0008,94,0,75.163795
s0008,95,0,76.33577
s0009,0,0,55.300194
s0009,1,0,39.58999
s0009,2,0,41.93238
s0009,3,0,55.359486
s0009,4,0,49.808872
s0009,5,0,52.93972
s0009,6,0,48.503204
s0009,7,0,65.713615
s0009,8,0,64.2051
s0009,9,0,51.482967
s0009,10,0,56.969486
s0009,11,0,64.89364
s0009,12,0,58.745316
s0009,13,0,64.29492
s0009,14,0,66.804344
s0009,15,0,63.294056
s0009,16,0,70.89761
s0009,17,0,68.00384
s0009,18,0,71.86259
s0009,19,0,64.992966
s0009,20,0,63.80866
s0009,21,0,64.42846
s0009,22,0,62.69803
s0009,23,0,67.06393
s0009,24,0,74.92151
s0009,25,0,75.07723
s0009,26,0,68.56153
s0009,27,0,60.075558
s0009,28,0,67.2535
s0009,29,0,65.47644
s0009,30,0,57.25039
s0009,31,0,61.289314
s0009,32,0,57.71995
s0009,33,0,54.22652
s0009,34,0,37.57778
s0009,35,0,54.80237
s0009,36,0,52.418705
s0009,37,0,66.66007
s0009,38,0,51.901993
s0009,39,0,49.494232
s0009,40,0,59.965733
s0009,41,0,42.012894
s0009,42,0,44.056316
s0009,43,0,59.614452
s0009,44,0,54.277233
s0009,45,0,60.08351
s0009,46,0,60.055923
s0009,47,0,27.105694
s0009,48,0,27.203695
s0009,49,0,47.084373
s0009,50,0,41.409943
s0009,51,0,51.291218
s0009,52,0,53.59684
s0009,53,0,63.77986
s0009,54,0,70.17477
s0009,55,0,46.135468
s0009,56,0,46.767
s0009,57,0,65.18726
s0009,58,0,52.933487
s0009,59,0,60.045532
s0009,60,0,65.52831
s0009,61,0,65.473816
s0009,62,0,73.348145
s0009,63,0,71.97996
s0009,64,0,64.457695
s0009,65,0,61.86416
s0009,66,0,69.40752
s0009,67,0,58.180584
s0009,68,0,67.23363
s0009,69,0,61.03274
s0009,70,0,54.501812
s0009,71,0,64.732635
s0009,72,0,60.091434
s0009,73,0,77.28702
s0009,74,0,65.12687
s0009,75,0,69.14186
s0009,76,0,66.314125
s0009,77,0,59.365154
s0009,78,0,69.25885
s0009,79,0,74.84878
s0009,80,0,72.00041
s0009,81,0,75.75641
s0009,82,0,72.13528
s0009,83,0,60.76036
s0009,84,0,73.41257
s0009,85,0,63.895226
s0009,86,0,67.600784
s0009,87,0,57.8434
s0009,88,0,61.385696
s0009,89,0,60.267857
s0009,90,0,59.066936
s0009,91,0,67.24724
s0009,92,0,69.189026
s0009,93,0,70.13652
s0009,94,0,63.790295
s0009,95,0,69.4964
s0010,0,0,53.59601
s0010,1,0,53.954185
s0010,2,0,45.0938
s0010,3,0,47.1172
s0010,4,0,46.049557
s0010,5,0,55.216106
s0010,6,0,52.66359
s0010,7,0,63.300903
s0010,8,0,71.15668
s0010,9,0,54.96512
s0010,10,0,55.861816
s0010,11,0,64.62964
s0010,12,0,77.37499
s0010,13,0,70.36889
s0010,14,0,64.54738
s0010,15,0,71.0527
s0010,16,0,59.38426
s0010,17,0,61.495693
s0010,18,0,54.05573
s0010,19,0,63.06826
s0010,20,0,68.927895
s0010,21,0,69.04049
s0010,22,0,70.7092
s0010,23,0,59.0014
s0010,24,0,61.2674
s0010,25,0,71.06951
s0010,26,0,60.42922
s0010,27,0,55.77294
s0010,28,0,59.324993
s0010,29,0,70.88356
s0010,30,0,56.848953
s0010,31,0,60.13438
s0010,32,0,63.879948
s0010,33,0,43.36512
s0010,34,0,48.88693
s0010,35,0,61.23548
s0010,36,0,47.38043
s0010,37,0,59.025368
s0010,38,0,57.086395
s0010,39,0,68.64451
s0010,40,0,63.387928
s0010,41,0,61.061714
s0010,42,0,61.57589
s0010,43,0,64.21648
s0010,44,0,64.79442
s0010,45,0,56.337593
s0010,46,0,44.70039
s0010,47,0,39.264477
s0010,48,0,68.71453
s0010,49,0,48.31376
s0010,50,0,51.342655
s0010,51,0,61.39535
s0010,52,0,51.346836
s0010,53,0,46.675747
s0010,54,0,44.89271
s0010,55,0,55.586617
s0010,56,0,62.984646
s0010,57,0,55.443325
s0010,58,0,62.81621
s0010,59,0,65.12772
s0010,60,0,59.651417
s0010,61,0,64.447075
s0010,62,0,65.4909
s0010,63,0,73.86872
s0010,64,0,69.547874
s0010,65,0,60.463882
s0010,66,0,66.510475
s0010,67,0,59.017345
s0010,68,0,59.13204
s0010,69,0,64.591545
s0010,70,0,65.00083
s0010,71,0,62.11053
s0010,72,0,63.55773
s0010,73,0,62.671062
s0010,74,0,77.14327
s0010,75,0,80.0524
s0010,76,0,70.13417
s0010,77,0,70.89572
s0010,78,0,77.52979
s0010,79,0,84.10227
s0010,80,0,80.59673
s0010,81,0,65.58681
s0010,82,0,72.151245
s0010,83,0,63.937214
s0010,84,0,58.180202
s0010,85,0,65.79671
s0010,86,0,50.38793
s0010,87,0,55.72779
s0010,88,0,59.44613
s0010,89,0,62.328686
s0010,90,0,53.051003
s0010,91,0,60.1943
s0010,92,0,63.752525
s0010,93,0,64.69375
s0010,94,0,70.42056
s0010,95,0,71.14852
s0011,0,0,52.18127
s0011,1,0,51.218422
s0011,2,0,38.441578
s0011,3,0,49.393642
s0011,4,0,46.379444
s0011,5,0,51.98474
s0011,6,0,64.31534
s0011,7,0,55.79135
s0011,8,0,58.55144
s0011,9,0,58.676414
s0011,10,0,54.388607
s0011,11,0,61.83174
s0011,12,0,63.50315
s0011,13,0,71.17888
s0011,14,0,64.74626
s0011,15,0,71.898766
s0011,16,0,61.622257
s0011,17,0,62.634403
s0011,18,0,63.946266
s0011,19,0,60.995117
s0011,20,0,69.20104
s0011,21,0,67.90126
s0011,22,0,59.882404
s0011,23,0,70.89702
s0011,24,0,77.912834
s0011,25,0,65.548965
s0011,26,0,72.89106
s0011,27,0,62.701157
s0011,28,0,67.84293
s0011,29,0,71.87077
s0011,30,0,53.04547
s0011,31,0,65.30042
s0011,32,0,66.129944
s0011,33,0,54.055103
s0011,34,0,60.94958
s0011,35,0,49.814255
s0011,36,0,51.147606
s0011,37,0,54.984432
s0011,38,0,56.870396
s0011,39,0,61.581924
s0011,40,0,67.11311
s0011,41,0,40.003956
s0011,42,0,52.626213
s0011,43,0,27.46494
s0011,44,0,21.074701
s0011,45,0,31.31759
s0011,46,0,34.556793
s0011,47,0,62.33507
s0011,48,0,41.235374
s0011,49,0,45.881584
s0011,50,0,39.15512
s0011,51,0,51.241467
s0011,52,0,54.9534
s0011,53,0,61.97889
s0011,54,0,63.32164
s0011,55,0,66.58282
s0011,56,0,60.103542
s0011,57,0,63.51821
s0011,58,0,60.31225
s0011,59,0,64.35364
s0011,60,0,65.999344
s0011,61,0,61.455822
s0011,62,0,77.78584
s0011,63,0,76.656685
s0011,64,0,71.19553
s0011,65,0,73.40602
s0011,66,0,71.91687
s0011,67,0,70.14791
s0011,68,0,57.488914
s0011,69,0,58.891968
s0011,70,0,61.450283
s0011,71,0,60.816036
s0011,72,0,60.867035
s0011,73,0,72.34806
s0011,74,0,70.29805
s0011,75,0,71.21193
s0011,76,0,81.40692
s0011,77,0,68.86809
s0011,78,0,75.0945
s0011,79,0,77.135376
s0011,80,0,71.2329
s0011,81,0,80.52742
s0011,82,0,55.365925
s0011,83,0,59.480206
s0011,84,0,66.49048
s0011,85,0,59.371452
s0011,86,0,68.82414
s0011,87,0,62.40421
s0011,88,0,69.33616
s0011,89,0,63.520485
s0011,90,0,55.22307
s0011,91,0,54.906414
s0011,92,0,60.51518
s0011,93,0,58.21655
s0011,94,0,67.042274
s0011,95,0,69.521126
s0012,0,0,50.085957
s0012,1,0,41.901745
s0012,2,0,44.163254
s0012,3,0,41.951447
s0012,4,0,49.015297
s0012,5,0,52.82461
s0012,6,0,46.688618
s0012,7,0,56.49018
s0012,8,0,61.862335
s0012,9,0,62.019234
s0012,10,0,45.37414
s0012,11,0,68.255035
s0012,12,0,73.428986
s0012,13,0,64.31012
s0012,14,0,75.82467
s0012,15,0,72.22177
s0012,16,0,76.40998
s0012,17,0,72.79126
s0012,18,0,68.00335
s0012,19,0,74.21451
s0012,20,0,67.55995
s0012,21,0,67.11901
s0012,22,0,61.397743
s0012,23,0,66.358116
s0012,24,0,61.072105
s0012,25,0,69.18843
s0012,26,0,69.3049
s0012,27,0,70.23287
s0012,28,0,65.6263
s0012,29,0,66.13553
s0012,30,0,64.58699
s0012,31,0,53.670273
s0012,32,0,55.729134
s0012,33,0,46.494377
s0012,34,0,54.93384
s0012,35,0,55.23442
s0012,36,0,56.14578
s0012,37,0,60.45484
s0012,38,0,41.68872
s0012,39,0,48.733665
s0012,40,0,61.459156
s0012,41,0,51.82426
s0012,42,0,59.04223
s0012,43,0,60.146824
s0012,44,0,27.457342
s0012,45,0,33.329563
s0012,46,0,21.91484
s0012,47,0,64.96429
s0012,48,0,47.03587
s0012,49,0,46.93527
s0012,50,0,48.43401
s0012,51,0,42.070625
s0012,52,0,57.064198
s0012,53,0,50.92334
s0012,54,0,60.441708
s0012,55,0,60.764824
s0012,56,0,54.31295
s0012,57,0,65.40069
s0012,58,0,65.77064
s0012,59,0,65.82257
s0012,60,0,65.69276
s0012,61,0,67.03549
s0012,62,0,74.88947
s0012,63,0,63.796303
s0012,64,0,57.647232
s0012,65,0,64.13935
s0012,66,0,74.35578
s0012,67,0,66.29735
s0012,68,0,68.67181
s0012,69,0,62.44924
s0012,70,0,57.094654
s0012,71,0,59.462334
s0012,72,0,60.61703
s0012,73,0,69.57924
s0012,74,0,69.336235
s0012,75,0,76.023026
s0012,76,0,72.12153
s0012,77,0,68.57282
s0012,78,0,77.12141
s0012,79,0,68.554344
s0012,80,0,82.21791
s0012,81,0,77.858086
s0012,82,0,70.129654
s0012,83,0,73.62336
s0012,84,0,72.43282
s0012,85,0,77.001755
s0012,86,0,70.820496
s0012,87,0,60.02085
s0012,88,0,73.600716
s0012,89,0,59.210503
s0012,90,0,53.185577
s0012,91,0,64.10186
s0012,92,0,66.04367
s0012,93,0,71.07645
s0012,94,0,75.73139
s0012,95,0,69.64644
s0013,0,0,50.95086
s0013,1,0,48.72359
s0013,2,0,48.995934
s0013,3,0,46.865425
s0013,4,0,50.08249
s0013,5,0,55.47597
s0013,6,0,44.183025
s0013,7,0,60.293873
s0013,8,0,58.518738
s0013,9,0,57.933544
s0013,10,0,61.17444
s0013,11,0,64.14608
s0013,12,0,64.1811
s0013,13,0,63.41199
s0013,14,0,60.173462
s0013,15,0,71.23908
s0013,16,0,68.733795
s0013,17,0,63.591633
s0013,18,0,58.653786
s0013,19,0,57.791286
s0013,20,0,66.58672
s0013,21,0,60.632126
s0013,22,0,63.62494
s0013,23,0,75.062004
s0013,24,0,74.18836
s0013,25,0,66.56018
s0013,26,0,60.369488
s0013,27,0,60.93454
s0013,28,0,74.98215
s0013,29,0,64.60997
s0013,30,0,65.92221
s0013,31,0,64.167046
s0013,32,0,68.696556
s0013,33,0,58.0356
s0013,34,0,63.170742
s0013,35,0,52.018353
s0013,36,0,57.168823
s0013,37,0,52.536526
s0013,38,0,58.013187
s0013,39,0,43.203773
s0013,40,0,68.419815
s0013,41,0,47.566563
s0013,42,0,59.997707
s0013,43,0,59.79653
s0013,44,0,46.620285
s0013,45,0,51.348827
s0013,46,0,36.753353
s0013,47,0,44.926296
s0013,48,0,57.274754
s0013,49,0,52.752033
s0013,50,0,52.05902
s0013,51,0,35.348026
s0013,52,0,53.587784
s0013,53,0,52.047222
s0013,54,0,46.79632
s0013,55,0,47.696724
s0013,56,0,50.516396
s0013,57,0,66.4394
s0013,58,0,48.440567
s0013,59,0,63.246105
s0013,60,0,58.877335
s0013,61,0,65.248146
s0013,62,0,69.32796
s0013,63,0,56.82894
s0013,64,0,52.357365
s0013,65,0,66.23918
s0013,66,0,63.057823
s0013,67,0,76.09841
s0013,68,0,66.52548
s0013,69,0,62.753418
s0013,70,0,58.33778
s0013,71,0,55.85009
s0013,72,0,55.819378
s0013,73,0,59.956646
s0013,74,0,73.71054
s0013,75,0,72.03973
s0013,76,0,72.81086
s0013,77,0,65.14191
s0013,78,0,77.88665
s0013,79,0,70.53312
s0013,80,0,68.67995
s0013,81,0,76.04077
s0013,82,0,64.25216
s0013,83,0,62.993137
s0013,84,0,67.9551
s0013,85,0,69.54422
s0013,86,0,65.23221
s0013,87,0,61.37649
s0013,88,0,56.759026
s0013,89,0,66.41075
s0013,90,0,59.67141
s0013,91,0,69.61774
s0013,92,0,63.567486
s0013,93,0,74.9421
s0013,94,0,70.82948
s0013,95,0,63.351948
s0014,0,0,55.891308
s0014,1,0,52.459656
s0014,2,0,35.5356
s0014,3,0,46.643345
s0014,4,0,52.417843
s0014,5,0,61.384163
s0014,6,0,61.830822
s0014,7,0,55.01626
s0014,8,0,56.10095
s0014,9,0,56.198673
s0014,10,0,66.50019
s0014,11,0,67.84547
s0014,12,0,57.891476
s0014,13,0,60.757713
s0014,14,0,74.783295
s0014,15,0,72.73243
s0014,16,0,65.97147
s0014,17,0,60.1619
s0014,18,0,63.52938
s0014,19,0,64.390884
s0014,20,0,72.4255
s0014,21,0,63.979237
s0014,22,0,64.12571
s0014,23,0,72.5869
s0014,24,0,63.39642
s0014,25,0,68.79977
s0014,26,0,67.63159
s0014,27,0,68.54517
s0014,28,0,72.053665
s0014,29,0,73.179695
s0014,30,0,51.58976
s0014,31,0,57.821598
s0014,32,0,61.48561
s0014,33,0,56.676052
s0014,34,0,52.280815
s0014,35,0,44.98248
s0014,36,0,51.43284
s0014,37,0,59.851643
s0014,38,0,68.042336
s0014,39,0,48.087288
s0014,40,0,68.01981
s0014,41,0,38.236034
s0014,42,0,32.514336
s0014,43,0,67.14241
s0014,44,0,50.08624
s0014,45,0,69.904076
s0014,46,0,15.699145
s0014,47,0,66.648544
s0014,48,0,42.378872
s0014,49,0,52.0466
s0014,50,0,56.40439
s0014,51,0,62.570934
s0014,52,0,48.459133
s0014,53,0,43.36175
s0014,54,0,62.309708
s0014,55,0,55.52255
s0014,56,0,65.86447
s0014,57,0,59.60661
s0014,58,0,54.59796
s0014,59,0,73.09214
s0014,60,0,64.177826
s0014,61,0,52.723705
s0014,62,0,70.95211
s0014,63,0,77.659645
s0014,64,0,59.976585
s0014,65,0,64.64428
s0014,66,0,71.77547
s0014,67,0,71.92208
s0014,68,0,61.69857
s0014,69,0,64.62919
s0014,70,0,57.003483
s0014,71,0,62.41653
s0014,72,0,63.66881
s0014,73,0,71.38075
s0014,74,0,66.923935
s0014,75,0,69.17471
s0014,76,0,67.48976
s0014,77,0,67.38051
s0014,78,0,68.747574
s0014,79,0,78.24495
s0014,80,0,65.28003
s0014,81,0,61.473526
s0014,82,0,66.51981
s0014,83,0,63.640865
s0014,84,0,64.4177
s0014,85,0,74.45957
s0014,86,0,56.894184
s0014,87,0,56.34183
s0014,88,0,62.951443
s0014,89,0,67.27017
s0014,90,0,58.183464
s0014,91,0,64.95528
s0014,92,0,73.38575
s0014,93,0,72.793
s0014,94,0,62.500076
s0014,95,0,65.39995
s0015,0,0,54.34875
s0015,1,0,38.052376
s0015,2,0,52.161972
s0015,3,0,41.583782
s0015,4,0,50.60246
s0015,5,0,53.25449
s0015,6,0,43.6095
s0015,7,0,57.28808
s0015,8,0,57.898277
s0015,9,0,50.095562
s0015,10,0,57.126717
s0015,11,0,64.465546
s0015,12,0,72.649956
s0015,13,0,65.809006
s0015,14,0,65.4898
s0015,15,0,77.67228
s0015,16,0,63.105247
s0015,17,0,78.869896
s0015,18,0,67.55523
s0015,19,0,61.180454
s0015,20,0,60.30561
s0015,21,0,60.0626
s0015,22,0,64.39441
s0015,23,0,69.89522
s0015,24,0,69.69973
s0015,25,0,60.786198
s0015,26,0,65.65929
s0015,27,0,62.299797
s0015,28,0,69.43632
s0015,29,0,64.37648
s0015,30,0,56.463997
s0015,31,0,61.32622
s0015,32,0,63.44719
s0015,33,0,55.302383
s0015,34,0,48.67429
s0015,35,0,50.41553
s0015,36,0,56.374203
s0015,37,0,46.06562
s0015,38,0,55.174355
s0015,39,0,42.17482
s0015,40,0,55.507607
s0015,41,0,50.868015
s0015,42,0,44.30812
s0015,43,0,62.446053
s0015,44,0,45.160942
s0015,45,0,44.227566
s0015,46,0,32.49596
s0015,47,0,52.908176
s0015,48,0,55.166153
s0015,49,0,32.447365
s0015,50,0,61.429527
s0015,51,0,45.476536
s0015,52,0,43.61429
s0015,53,0,40.000698
s0015,54,0,59.523403
s0015,55,0,61.83663
s0015,56,0,65.99969
s0015,57,0,66.05247
s0015,58,0,57.25741
s0015,59,0,72.12896
s0015,60,0,62.47289
s0015,61,0,64.84356
s0015,62,0,69.01682
s0015,63,0,66.52907
s0015,64,0,60.385784
s0015,65,0,69.05141
s0015,66,0,71.99928
s0015,67,0,61.02363
s0015,68,0,68.44222
s0015,69,0,66.652275
s0015,70,0,60.99686
s0015,71,0,54.46928
s0015,72,0,62.29577
s0015,73,0,64.17755
s0015,74,0,72.310326
s0015,75,0,63.46491
s0015,76,0,75.62155
s0015,77,0,64.935844
s0015,78,0,68.939285
s0015,79,0,82.05869
s0015,80,0,80.26292
s0015,81,0,69.38848
s0015,82,0,65.61611
s0015,83,0,61.58323
s0015,84,0,71.785965
s0015,85,0,71.989975
s0015,86,0,62.987106
s0015,87,0,56.566574
s0015,88,0,58.88943
s0015,89,0,73.14184
s0015,90,0,60.635017
s0015,91,0,69.27205
s0015,92,0,66.34863
s0015,93,0,76.57874
s0015,94,0,75.991585
s0015,95,0,61.95525
s0016,0,0,62.157104
s0016,1,0,51.516758
s0016,2,0,53.115623
s0016,3,0,48.973526
s0016,4,0,45.131172
s0016,5,0,45.4016
s0016,6,0,53.093033
s0016,7,0,46.37271
s0016,8,0,61.771423
s0016,9,0,54.824097
s0016,10,0,59.98406
s0016,11,0,55.919857
s0016,12,0,59.803383
s0016,13,0,69.680115
s0016,14,0,64.51939
s0016,15,0,67.838524
s0016,16,0,67.66049
s0016,17,0,72.53007
s0016,18,0,55.936485
s0016,19,0,66.024635
s0016,20,0,54.545753
s0016,21,0,66.438484
s0016,22,0,57.96199
s0016,23,0,68.5956
s0016,24,0,73.1883
s0016,25,0,59.312096
s0016,26,0,66.14982
s0016,27,0,54.093117
s0016,28,0,75.095695
s0016,29,0,75.59246
s0016,30,0,50.10321
s0016,31,0,50.594433
s0016,32,0,58.68798
s0016,33,0,53.509403
s0016,34,0,47.75739
s0016,35,0,59.29242
s0016,36,0,49.771023
s0016,37,0,57.709106
s0016,38,0,63.974415
s0016,39,0,71.35477
s0016,40,0,50.445694
s0016,41,0,43.57133
s0016,42,0,48.43996
s0016,43,0,39.8968
s0016,44,0,46.65403
s0016,45,0,58.85847
s0016,46,0,35.1945
s0016,47,0,58.312992
s0016,48,0,37.608253
s0016,49,0,50.699535
s0016,50,0,47.562916
s0016,51,0,53.94705
s0016,52,0,60.42671
s0016,53,0,43.45647
s0016,54,0,64.77479
s0016,55,0,50.173027
s0016,56,0,63.005047
s0016,57,0,69.2628
s0016,58,0,58.483948
s0016,59,0,66.19047
s0016,60,0,66.01958
s0016,61,0,55.366146
s0016,62,0,67.346115
s0016,63,0,71.49315
s0016,64,0,67.48135
s0016,65,0,68.761375
s0016,66,0,75.76733
s0016,67,0,62.27224
s0016,68,0,64.452736
s0016,69,0,69.47644
s0016,70,0,63.378582
s0016,71,0,59.298923
s0016,72,0,55.714706
s0016,73,0,76.29858
s0016,74,0,72.64
s0016,75,0,77.05481
s0016,76,0,69.57515
s0016,77,0,81.081184
s0016,78,0,67.49041
s0016,79,0,73.55242
s0016,80,0,74.75063
s0016,81,0,67.32704
s0016,82,0,67.21959
s0016,83,0,70.50059
s0016,84,0,68.70131
s0016,85,0,69.96191
s0016,86,0,60.745037
s0016,87,0,53.7672
s0016,88,0,65.21472
s0016,89,0,63.71786
s0016,90,0,55.45532
s0016,91,0,70.2378
s0016,92,0,71.85935
s0016,93,0,69.96539
s0016,94,0,74.116356
s0016,95,0,74.90676
s0017,0,0,46.885853
s0017,1,0,46.669937
s0017,2,0,40.770115
s0017,3,0,47.031406
s0017,4,0,50.576256
s0017,5,0,52.071037
s0017,6,0,52.136818
s0017,7,0,60.979317
s0017,8,0,58.501198
s0017,9,0,59.806232
s0017,10,0,56.391003
s0017,11,0,58.021706
s0017,12,0,67.94545
s0017,13,0,80.7229
s0017,14,0,67.95435
s0017,15,0,69.366974
s0017,16,0,66.10914
s0017,17,0,57.227478
s0017,18,0,63.506298
s0017,19,0,70.22219
s0017,20,0,78.50802
s0017,21,0,60.526783
s0017,22,0,52.41131
s0017,23,0,63.996857
s0017,24,0,81.905235
s0017,25,0,69.47091
s0017,26,0,72.47946
s0017,27,0,65.61733
s0017,28,0,75.09619
s0017,29,0,69.32993
s0017,30,0,52.972332
s0017,31,0,60.45498
s0017,32,0,56.169704
s0017,33,0,55.938618
s0017,34,0,53.23002
s0017,35,0,59.143345
s0017,36,0,46.386494
s0017,37,0,57.585663
s0017,38,0,54.957413
s0017,39,0,50.065918
s0017,40,0,57.306515
s0017,41,0,44.55265
s0017,42,0,68.5975
s0017,43,0,50.88693
s0017,44,0,48.370785
s0017,45,0,66.66969
s0017,46,0,53.44291
s0017,47,0,39.974083
s0017,48,0,51.56577
s0017,49,0,34.9297
s0017,50,0,39.539536
s0017,51,0,32.41458
s0017,52,0,45.300674
s0017,53,0,57.14317
s0017,54,0,66.83783
s0017,55,0,57.427265
s0017,56,0,71.93605
s0017,57,0,63.062454
s0017,58,0,46.65274
s0017,59,0,65.85082
s0017,60,0,61.89058
s0017,61,0,66.59045
s0017,62,0,78.645004
s0017,63,0,76.03642
s0017,64,0,65.94326
s0017,65,0,56.94756
s0017,66,0,70.7633
s0017,67,0,55.661186
s0017,68,0,62.063698
s0017,69,0,57.602303
s0017,70,0,56.540154
s0017,71,0,54.561375
s0017,72,0,54.674274
s0017,73,0,67.994545
s0017,74,0,85.045074
s0017,75,0,80.49754
s0017,76,0,75.5174
s0017,77,0,72.00022
s0017,78,0,76.00292
s0017,79,0,77.178894
s0017,80,0,66.89056
s0017,81,0,80.05078
s0017,82,0,72.5458
s0017,83,0,66.191444
s0017,84,0,72.154175
s0017,85,0,63.141357
s0017,86,0,60.444096
s0017,87,0,62.492977
s0017,88,0,63.197712
s0017,89,0,59.72931
s0017,90,0,58.68632
s0017,91,0,63.81837
s0017,92,0,75.987526
s0017,93,0,72.542854
s0017,94,0,70.50549
s0017,95,0,72.55712
s0018,0,0,58.42602
s0018,1,0,43.448154
s0018,2,0,43.814003
s0018,3,0,56.76337
s0018,4,0,55.2468
s0018,5,0,58.21969
s0018,6,0,53.29994
s0018,7,0,55.221027
s0018,8,0,65.517296
s0018,9,0,59.873505
s0018,10,0,61.941586
s0018,11,0,57.881313
s0018,12,0,64.00289
s0018,13,0,66.39503
s0018,14,0,73.64134
s0018,15,0,69.54643
s0018,16,0,62.438347
s0018,17,0,63.765106
s0018,18,0,61.01173
s0018,19,0,68.058685
s0018,20,0,69.88611
s0018,21,0,64.24673
s0018,22,0,64.11257
s0018,23,0,74.96716
s0018,24,0,67.30444
s0018,25,0,72.54085
s0018,26,0,71.13908
s0018,27,0,61.591953
s0018,28,0,69.55857
s0018,29,0,58.367928
s0018,30,0,70.63828
s0018,31,0,61.47216
s0018,32,0,51.830494
s0018,33,0,56.966614
s0018,34,0,48.550068
s0018,35,0,44.58993
s0018,36,0,57.486656
s0018,37,0,59.929398
s0018,38,0,48.408176
s0018,39,0,45.59522
s0018,40,0,58.893974
s0018,41,0,42.57092
s0018,42,0,65.57778
s0018,43,0,50.30846
s0018,44,0,45.70005
s0018,45,0,58.772163
s0018,46,0,29.706291
s0018,47,0,68.755394
s0018,48,0,47.04511
s0018,49,0,48.364033
s0018,50,0,45.11504
s0018,51,0,57.89153
s0018,52,0,55.009758
s0018,53,0,47.048298
s0018,54,0,57.765152
s0018,55,0,61.14842
s0018,56,0,52.683132
s0018,57,0,66.46929
s0018,58,0,58.68038
s0018,59,0,57.112225
s0018,60,0,60.366688
s0018,61,0,55.04487
s0018,62,0,71.32576
s0018,63,0,82.954735
s0018,64,0,55.63745
s0018,65,0,69.62739
s0018,66,0,67.38985
s0018,67,0,64.81848
s0018,68,0,72.266304
s0018,69,0,65.54878
s0018,70,0,53.410137
s0018,71,0,70.37032
s0018,72,0,71.09856
s0018,73,0,73.72777
s0018,74,0,79.534004
s0018,75,0,71.73557
s0018,76,0,65.60126
s0018,77,0,75.86007
s0018,78,0,82.97664
s0018,79,0,73.67436
s0018,80,0,68.10834
s0018,81,0,72.32685
s0018,82,0,71.260574
s0018,83,0,69.09425
s0018,84,0,70.32972
s0018,85,0,70.627594
s0018,86,0,67.5017
s0018,87,0,64.91957
s0018,88,0,57.6195
s0018,89,0,50.960403
s0018,90,0,56.219166
s0018,91,0,72.57739
s0018,92,0,69.3022
s0018,93,0,63.788364
s0018,94,0,63.85502
s0018,95,0,64.82674
s0019,0,0,57.164577
s0019,1,0,47.73533
s0019,2,0,51.174255
s0019,3,0,42.459396
s0019,4,0,60.482048
s0019,5,0,54.992252
s0019,6,0,47.073933
s0019,7,0,56.82633
s0019,8,0,63.079742
s0019,9,0,59.13765
s0019,10,0,53.356857
s0019,11,0,68.18494
s0019,12,0,69.56944
s0019,13,0,69.69468
s0019,14,0,66.29755
s0019,15,0,64.68099
s0019,16,0,64.305176
s0019,17,0,63.956863
s0019,18,0,62.276325
s0019,19,0,68.17848
s0019,20,0,66.40312
s0019,21,0,74.332794
s0019,22,0,61.437027
s0019,23,0,67.96211
s0019,24,0,71.96674
s0019,25,0,69.96605
s0019,26,0,67.06406
s0019,27,0,58.441017
s0019,28,0,80.99571
s0019,29,0,68.634285
s0019,30,0,47.10325
s0019,31,0,59.975513
s0019,32,0,60.473763
s0019,33,0,48.074112
s0019,34,0,64.65611
s0019,35,0,52.919327
s0019,36,0,66.03186
s0019,37,0,60.240223
s0019,38,0,57.845608
s0019,39,0,52.817963
s0019,40,0,60.95637
s0019,41,0,52.68066
s0019,42,0,38.986443
s0019,43,0,53.726864
s0019,44,0,41.119843
s0019,45,0,39.121117
s0019,46,0,43.187397
s0019,47,0,55.741707
s0019,48,0,49.73932
s0019,49,0,52.27866
s0019,50,0,59.027412
s0019,51,0,57.616543
s0019,52,0,60.009617
s0019,53,0,56.365837
s0019,54,0,66.76352
s0019,55,0,55.10029
s0019,56,0,48.869488
s0019,57,0,59.317345
s0019,58,0,58.527836
s0019,59,0,64.63122
s0019,60,0,69.55522
s0019,61,0,58.67831
s0019,62,0,69.49801
s0019,63,0,70.207375
s0019,64,0,64.4717
s0019,65,0,58.14372
s0019,66,0,67.64171
s0019,67,0,59.875767
s0019,68,0,69.46995
s0019,69,0,65.963455
s0019,70,0,65.52142
s0019,71,0,62.01311
s0019,72,0,60.757782
s0019,73,0,67.15596
s0019,74,0,78.56867
s0019,75,0,73.75483
s0019,76,0,74.40843
s0019,77,0,74.13944
s0019,78,0,71.68594
s0019,79,0,76.278786
s0019,80,0,70.01581
s0019,81,0,73.31338
s0019,82,0,71.47503
s0019,83,0,63.63547
s0019,84,0,60.856224
s0019,85,0,70.52908
s0019,86,0,66.61589
s0019,87,0,66.82762
s0019,88,0,57.212296
s0019,89,0,63.754562
s0019,90,0,61.333595
s0019,91,0,72.184425
s0019,92,0,63.305775
s0019,93,0,62.115597
s0019,94,0,73.022285
s0019,95,0,66.973465
s0020,0,0,57.790337
s0020,1,0,40.539837
s0020,2,0,56.106865
s0020,3,0,54.195934
s0020,4,0,59.502537
s0020,5,0,52.67135
s0020,6,0,45.40764
s0020,7,0,64.30253
s0020,8,0,56.748783
s0020,9,0,64.77079
s0020,10,0,52.848858
s0020,11,0,66.31554
s0020,12,0,77.215126
s0020,13,0,69.63239
s0020,14,0,76.14908
s0020,15,0,72.074844
s0020,16,0,65.61388
s0020,17,0,63.230587
s0020,18,0,69.81711
s0020,19,0,67.69699
s0020,20,0,70.72159
s0020,21,0,66.846436
s0020,22,0,61.949234
s0020,23,0,69.8723
s0020,24,0,71.56664
s0020,25,0,60.87092
s0020,26,0,68.53894
s0020,27,0,55.820137
s0020,28,0,73.71785
s0020,29,0,68.53088
s0020,30,0,59.910835
s0020,31,0,66.67724
s0020,32,0,44.15092
s0020,33,0,62.451168
s0020,34,0,59.227577
s0020,35,0,52.182896
s0020,36,0,50.31589
s0020,37,0,62.89674
s0020,38,0,63.33416
s0020,39,0,40.42036
s0020,40,0,55.266838
s0020,41,0,50.279858
s0020,42,0,23.237257
s0020,43,0,62.407185
s0020,44,0,55.69682
s0020,45,0,55.964794
s0020,46,0,64.55696
s0020,47,0,51.285213
s0020,48,0,62.26066
s0020,49,0,38.39857
s0020,50,0,63.60471
s0020,51,0,52.56958
s0020,52,0,44.897144
s0020,53,0,59.334667
s0020,54,0,60.976944
s0020,55,0,57.77928
s0020,56,0,53.336464
s0020,57,0,63.74708
s0020,58,0,56.25122
s0020,59,0,64.50091
s0020,60,0,58.43313
s0020,61,0,64.04317
s0020,62,0,71.41844
s0020,63,0,69.34694
s0020,64,0,66.24705
s0020,65,0,64.92004
s0020,66,0,82.41257
s0020,67,0,62.990658
s0020,68,0,54.098022
s0020,69,0,65.58902
s0020,70,0,57.64669
s0020,71,0,62.184166
s0020,72,0,64.917755
s0020,73,0,69.77869
s0020,74,0,76.370544
s0020,75,0,85.19173
s0020,76,0,68.651245
s0020,77,0,71.18638
s0020,78,0,75.151855
s0020,79,0,68.71006
s0020,80,0,75.279686
s0020,81,0,70.56551
s0020,82,0,62.281376
s0020,83,0,63.107258
s0020,84,0,59.785965
s0020,85,0,68.912224
s0020,86,0,65.09546
s0020,87,0,61.364292
s0020,88,0,56.644794
s0020,89,0,62.30988
s0020,90,0,57.586502
s0020,91,0,76.66128
s0020,92,0,62.86229
s0020,93,0,71.796524
s0020,94,0,68.107704
s0020,95,0,70.90032
s0021,0,0,58.565872
s0021,1,0,42.228954
s0021,2,0,48.56853
s0021,3,0,41.839397
s0021,4,0,48.64302
s0021,5,0,61.325863
s0021,6,0,53.074314
s0021,7,0,63.18522
s0021,8,0,71.61416
s0021,9,0,52.33454
s0021,10,0,56.33618
s0021,11,0,75.18232
s0021,12,0,64.31688
s0021,13,0,66.46208
s0021,14,0,71.54427
s0021,15,0,70.73938
s0021,16,0,64.47878
s0021,17,0,66.15816
s0021,18,0,62.642036
s0021,19,0,69.08149
s0021,20,0,58.702675
s0021,21,0,64.79721
s0021,22,0,58.894135
s0021,23,0,75.30016
s0021,24,0,64.64026
s0021,25,0,68.28342
s0021,26,0,73.582245
s0021,27,0,58.652325
s0021,28,0,70.372986
s0021,29,0,75.28008
s0021,30,0,59.594387
s0021,31,0,68.06387
s0021,32,0,59.891914
s0021,33,0,59.60339
s0021,34,0,55.255726
s0021,35,0,58.08487
s0021,36,0,53.509148
s0021,37,0,57.279522
s0021,38,0,58.449837
s0021,39,0,48.7931
s0021,40,0,57.01096
s0021,41,0,58.1529
s0021,42,0,47.554527
s0021,43,0,58.371407
s0021,44,0,39.91186
s0021,45,0,37.220337
s0021,46,0,24.248516
s0021,47,0,74.379974
s0021,48,0,45.36219
s0021,49,0,45.45546
s0021,50,0,67.332855
s0021,51,0,44.090862
s0021,52,0,56.37509
s0021,53,0,40.16096
s0021,54,0,65.33559
s0021,55,0,68.35838
s0021,56,0,60.503635
s0021,57,0,58.137947
s0021,58,0,64.66399
s0021,59,0,74.71791
s0021,60,0,58.65171
s0021,61,0,62.27211
s0021,62,0,65.59786
s0021,63,0,74.466385
s0021,64,0,71.6473
s0021,65,0,61.981293
s0021,66,0,54.886047
s0021,67,0,55.11704
s0021,68,0,64.09388
s0021,69,0,65.902466
s0021,70,0,56.395416
s0021,71,0,55.50723
s0021,72,0,57.874054
s0021,73,0,72.457954
s0021,74,0,68.181984
s0021,75,0,77.271904
s0021,76,0,82.061455
s0021,77,0,66.704704
s0021,78,0,73.374176
s0021,79,0,67.82593
s0021,80,0,75.15726
s0021,81,0,73.03922
s0021,82,0,69.378494
s0021,83,0,57.091717
s0021,84,0,77.66289
s0021,85,0,74.52632
s0021,86,0,69.4667
s0021,87,0,53.197952
s0021,88,0,61.566265
s0021,89,0,66.38388
s0021,90,0,59.515797
s0021,91,0,78.96594
s0021,92,0,56.13912
s0021,93,0,71.39398
s0021,94,0,73.51978
s0021,95,0,74.20577
s0022,0,0,58.66157
s0022,1,0,52.837006
s0022,2,0,40.845703
s0022,3,0,50.092545
s0022,4,0,39.59325
s0022,5,0,58.669853
s0022,6,0,46.163628
s0022,7,0,52.591396
s0022,8,0,50.83734
s0022,9,0,61.037254
s0022,10,0,53.120903
s0022,11,0,60.978718
s0022,12,0,69.65891
s0022,13,0,69.171844
s0022,14,0,68.10969
s0022,15,0,62.170517
s0022,16,0,60.28401
s0022,17,0,75.87405
s0022,18,0,69.83439
s0022,19,0,65.766914
s0022,20,0,76.236694
s0022,21,0,64.84482
s0022,22,0,63.621048
s0022,23,0,72.17505
s0022,24,0,71.28398
s0022,25,0,71.21232
s0022,26,0,76.99993
s0022,27,0,61.658157
s0022,28,0,70.46647
s0022,29,0,60.503414
s0022,30,0,51.591923
s0022,31,0,58.247734
s0022,32,0,57.897667
s0022,33,0,56.03799
s0022,34,0,56.39611
s0022,35,0,48.61212
s0022,36,0,57.31599
s0022,37,0,64.79633
s0022,38,0,44.14828
s0022,39,0,37.548553
s0022,40,0,74.7905
s0022,41,0,57.595196
s0022,42,0,46.10223
s0022,43,0,44.218586
s0022,44,0,47.68941
s0022,45,0,28.75319
s0022,46,0,33.35866
s0022,47,0,66.10048
s0022,48,0,61.987602
s0022,49,0,45.9778
s0022,50,0,37.443844
s0022,51,0,42.459164
s0022,52,0,46.6506
s0022,53,0,50.603264
s0022,54,0,67.80042
s0022,55,0,58.69546
s0022,56,0,54.652042
s0022,57,0,72.975204
s0022,58,0,49.526184
s0022,59,0,58.308807
s0022,60,0,63.42055
s0022,61,0,66.99954
s0022,62,0,78.04734
s0022,63,0,77.12864
s0022,64,0,62.881752
s0022,65,0,66.98072
s0022,66,0,70.12549
s0022,67,0,66.00258
s0022,68,0,64.010826
s0022,69,0,69.12859
s0022,70,0,50.997505
s0022,71,0,62.4997
s0022,72,0,65.085144
s0022,73,0,75.59558
s0022,74,0,72.201
s0022,75,0,72.929405
s0022,76,0,78.55682
s0022,77,0,71.14706
s0022,78,0,72.59434
s0022,79,0,72.36707
s0022,80,0,78.722855
s0022,81,0,78.32694
s0022,82,0,61.955437
s0022,83,0,67.902306
s0022,84,0,66.752304
s0022,85,0,79.66706
s0022,86,0,74.13006
s0022,87,0,65.34434
s0022,88,0,69.50002
s0022,89,0,61.528706
s0022,90,0,59.489166
s0022,91,0,69.36599
s0022,92,0,67.82807
s0022,93,0,72.5915
s0022,94,0,69.242424
s0022,95,0,65.458244
s0023,0,0,40.555798
s0023,1,0,61.366283
s0023,2,0,43.013775
s0023,3,0,52.766495
s0023,4,0,45.63038
s0023,5,0,51.838165
s0023,6,0,51.317577
s0023,7,0,54.51483
s0023,8,0,60.176903
s0023,9,0,63.71435
s0023,10,0,60.70151
s0023,11,0,56.03677
s0023,12,0,67.18438
s0023,13,0,56.671192
s0023,14,0,60.775887
s0023,15,0,59.274483
s0023,16,0,60.68266
s0023,17,0,64.040306
s0023,18,0,62.424553
s0023,19,0,60.18413
s0023,20,0,65.855545
s0023,21,0,62.44665
s0023,22,0,63.125633
s0023,23,0,66.96804
s0023,24,0,68.303185
s0023,25,0,72.44496
s0023,26,0,67.974655
s0023,27,0,64.346664
s0023,28,0,75.672714
s0023,29,0,67.822075
s0023,30,0,69.10423
s0023,31,0,61.8836
s0023,32,0,48.149033
s0023,33,0,52.268806
s0023,34,0,44.42184
s0023,35,0,60.334614
s0023,36,0,60.314346
s0023,37,0,59.038277
s0023,38,0,54.951942
s0023,39,0,65.59412
s0023,40,0,72.53668
s0023,41,0,50.700115
s0023,42,0,45.704273
s0023,43,0,63.612442
s0023,44,0,29.709515
s0023,45,0,65.97512
s0023,46,0,63.969288
s0023,47,0,48.011814
s0023,48,0,53.64222
s0023,49,0,50.001926
s0023,50,0,58.313717
s0023,51,0,43.9394
s0023,52,0,47.682518
s0023,53,0,69.65134
s0023,54,0,50.136818
s0023,55,0,59.50659
s0023,56,0,44.30615
s0023,57,0,53.458054
s0023,58,0,60.65881
s0023,59,0,64.86512
s0023,60,0,58.93961
s0023,61,0,60.2554
s0023,62,0,71.041885
s0023,63,0,61.269737
s0023,64,0,64.02328
s0023,65,0,66.44281
s0023,66,0,62.404346
s0023,67,0,66.480064
s0023,68,0,78.059395
s0023,69,0,68.73479
s0023,70,0,56.614834
s0023,71,0,53.781063
s0023,72,0,57.161057
s0023,73,0,71.49204
s0023,74,0,74.82959
s0023,75,0,72.16448
s0023,76,0,77.490974
s0023,77,0,77.685646
s0023,78,0,72.35591
s0023,79,0,63.821693
s0023,80,0,67.77895
s0023,81,0,74.79635
s0023,82,0,67.89198
s0023,83,0,54.98887
s0023,84,0,68.48062
s0023,85,0,72.08212
s0023,86,0,67.71064
s0023,87,0,66.100655
s0023,88,0,69.37121
s0023,89,0,71.41025
s0023,90,0,64.334206
s0023,91,0,72.20736
s0023,92,0,66.11545
s0023,93,0,64.25931
s0023,94,0,82.653435
s0023,95,0,72.30512
s0024,0,0,54.099472
s0024,1,0,52.11573
s0024,2,0,52.014874
s0024,3,0,49.470886
s0024,4,0,56.57621
s0024,5,0,52.46306
s0024,6,0,47.610367
s0024,7,0,59.992672
s0024,8,0,65.93873
s0024,9,0,58.299454
s0024,10,0,55.954838
s0024,11,0,67.486534
s0024,12,0,73.83762
s0024,13,0,73.165924
s0024,14,0,60.41907
s0024,15,0,73.426674
s0024,16,0,60.389545
s0024,17,0,72.232185
s0024,18,0,56.012646
s0024,19,0,61.22829
s0024,20,0,62.922054
s0024,21,0,67.643105
s0024,22,0,76.842255
s0024,23,0,71.592865
s0024,24,0,64.522095
s0024,25,0,66.405655
s0024,26,0,69.82977
s0024,27,0,58.04122
s0024,28,0,74.65122
s0024,29,0,62.400795
s0024,30,0,61.996223
s0024,31,0,58.094227
s0024,32,0,54.2387
s0024,33,0,47.81569
s0024,34,0,56.352455
s0024,35,0,61.56252
s0024,36,0,47.944725
s0024,37,0,55.108997
s0024,38,0,65.37254
s0024,39,0,50.595963
s0024,40,0,63.603184
s0024,41,0,49.214687
s0024,42,0,39.17627
s0024,43,0,51.24415
s0024,44,0,63.57028
s0024,45,0,47.973194
s0024,46,0,45.459343
s0024,47,0,66.710144
s0024,48,0,56.7354
s0024,49,0,52.2919
s0024,50,0,44.324318
s0024,51,0,61.930046
s0024,52,0,60.973293
s0024,53,0,54.41346
s0024,54,0,55.571617
s0024,55,0,56.913986
s0024,56,0,49.743397
s0024,57,0,68.445404
s0024,58,0,58.363956
s0024,59,0,63.143925
s0024,60,0,67.48958
s0024,61,0,60.387375
s0024,62,0,67.37008
s0024,63,0,71.014244
s0024,64,0,65.074615
s0024,65,0,67.297485
s0024,66,0,63.51111
s0024,67,0,62.878567
s0024,68,0,77.66352
s0024,69,0,69.722176
s0024,70,0,58.24116
s0024,71,0,62.583572
s0024,72,0,56.761993
s0024,73,0,62.009865
s0024,74,0,74.168526
s0024,75,0,71.33327
s0024,76,0,67.80601
s0024,77,0,70.151794
s0024,78,0,73.78456
s0024,79,0,72.09028
s0024,80,0,64.67454
s0024,81,0,71.09002
s0024,82,0,61.181534
s0024,83,0,69.936356
s0024,84,0,66.0987
s0024,85,0,64.03675
s0024,86,0,65.61813
s0024,87,0,62.178265
s0024,88,0,53.079597
s0024,89,0,61.707375
s0024,90,0,56.68756
s0024,91,0,70.07894
s0024,92,0,75.912155
s0024,93,0,64.491516
s0024,94,0,71.765526
s0024,95,0,59.931023
s0025,0,0,57.442596
s0025,1,0,44.193325
s0025,2,0,44.054646
s0025,3,0,38.999428
s0025,4,0,65.63164
s0025,5,0,58.279408
s0025,6,0,46.15475
s0025,7,0,60.28728
s0025,8,0,61.66997
s0025,9,0,64.27908
s0025,10,0,56.746494
s0025,11,0,58.51936
s0025,12,0,64.89159
s0025,13,0,61.10721
s0025,14,0,73.68503
s0025,15,0,71.266884
s0025,16,0,65.91964
s0025,17,0,72.140335
s0025,18,0,65.06854
s0025,19,0,70.071655
s0025,20,0,68.40588
s0025,21,0,66.26707
s0025,22,0,60.350555
s0025,23,0,71.124306
s0025,24,0,70.70328
s0025,25,0,72.93505
s0025,26,0,66.99158
s0025,27,0,59.36279
s0025,28,0,67.206535
s0025,29,0,75.839195
s0025,30,0,58.04937
s0025,31,0,69.5681
s0025,32,0,61.347763
s0025,33,0,50.06837
s0025,34,0,47.66706
s0025,35,0,49.761353
s0025,36,0,44.925636
s0025,37,0,57.959965
s0025,38,0,55.467876
s0025,39,0,50.911873
s0025,40,0,64.76804
s0025,41,0,61.84971
s0025,42,0,51.19102
s0025,43,0,38.686924
s0025,44,0,44.583645
s0025,45,0,58.755405
s0025,46,0,21.104696
s0025,47,0,40.05268
s0025,48,0,72.35995
s0025,49,0,56.347847
s0025,50,0,52.32457
s0025,51,0,65.20953
s0025,52,0,43.678886
s0025,53,0,39.84157
s0025,54,0,47.956276
s0025,55,0,49.581688
s0025,56,0,57.990227
s0025,57,0,69.29339
s0025,58,0,55.169075
s0025,59,0,68.48146
s0025,60,0,56.33021
s0025,61,0,68.4253
s0025,62,0,70.21632
s0025,63,0,78.269066
s0025,64,0,75.284836
s0025,65,0,71.04669
s0025,66,0,73.43241
s0025,67,0,68.288246
s0025,68,0,66.585915
s0025,69,0,73.28146
s0025,70,0,57.42747
s0025,71,0,62.375427
s0025,72,0,53.478
s0025,73,0,74.423164
s0025,74,0,61.7351
s0025,75,0,75.35709
s0025,76,0,75.62584
s0025,77,0,74.51903
s0025,78,0,76.0318
s0025,79,0,81.57989
s0025,80,0,69.48747
s0025,81,0,73.45308
s0025,82,0,71.83393
s0025,83,0,62.725227
s0025,84,0,67.20581
s0025,85,0,68.299286
s0025,86,0,69.51987
s0025,87,0,60.39911
s0025,88,0,69.51447
s0025,89,0,62.643665
s0025,90,0,68.615074
s0025,91,0,58.649426
s0025,92,0,68.20938
s0025,93,0,67.371605
s0025,94,0,65.24688
s0025,95,0,70.71932
s0026,0,0,52.647068
s0026,1,0,36.97728
s0026,2,0,45.401894
s0026,3,0,52.2933
s0026,4,0,57.28756
s0026,5,0,52.053883
s0026,6,0,49.64167
s0026,7,0,58.96902
s0026,8,0,62.78097
s0026,9,0,65.138145
s0026,10,0,62.15699
s0026,11,0,53.523163
s0026,12,0,67.04576
s0026,13,0,74.47707
s0026,14,0,60.478855
s0026,15,0,71.32852
s0026,16,0,64.315605
s0026,17,0,69.36133
s0026,18,0,59.58491
s0026,19,0,65.38599
s0026,20,0,74.84856
s0026,21,0,71.209366
s0026,22,0,61.512474
s0026,23,0,67.19133
s0026,24,0,70.12826
s0026,25,0,69.14555
s0026,26,0,73.330376
s0026,27,0,68.17
s0026,28,0,63.874393
s0026,29,0,71.84638
s0026,30,0,57.31135
s0026,31,0,70.64615
s0026,32,0,62.961086
s0026,33,0,54.49161
s0026,34,0,53.051876
s0026,35,0,47.779247
s0026,36,0,52.265347
s0026,37,0,64.82748
s0026,38,0,58.592228
s0026,39,0,49.978832
s0026,40,0,64.954155
s0026,41,0,53.07255
s0026,42,0,47.502453
s0026,43,0,55.483166
s0026,44,0,43.357548
s0026,45,0,50.22315
s0026,46,0,31.590689
s0026,47,0,52.65152
s0026,48,0,42.981365
s0026,49,0,54.50161
s0026,50,0,53.975254
s0026,51,0,59.279762
s0026,52,0,54.443844
s0026,53,0,32.411606
s0026,54,0,52.444046
s0026,55,0,49.78818
s0026,56,0,68.48869
s0026,57,0,59.667213
s0026,58,0,55.883247
s0026,59,0,60.280582
s0026,60,0,59.061535
s0026,61,0,66.87441
s0026,62,0,62.399723
s0026,63,0,71.88326
s0026,64,0,57.86124
s0026,65,0,68.97211
s0026,66,0,75.02472
s0026,67,0,59.214283
s0026,68,0,65.09819
s0026,69,0,64.556915
s0026,70,0,59.90533
s0026,71,0,52.383553
s0026,72,0,61.471054
s0026,73,0,63.525513
s0026,74,0,72.063866
s0026,75,0,79.15087
s0026,76,0,72.79719
s0026,77,0,70.156136
s0026,78,0,69.178246
s0026,79,0,71.85262
s0026,80,0,65.067696
s0026,81,0,78.82953
s0026,82,0,64.40208
s0026,83,0,58.5858
s0026,84,0,67.606415
s0026,85,0,73.36312
s0026,86,0,59.883987
s0026,87,0,64.94588
s0026,88,0,65.076294
s0026,89,0,64.63497
s0026,90,0,60.93916
s0026,91,0,70.71202
s0026,92,0,58.945538
s0026,93,0,58.277027
s0026,94,0,61.935596
s0026,95,0,72.299965
s0027,0,0,41.787872
s0027,1,0,41.18864
s0027,2,0,36.79033
s0027,3,0,56.600986
s0027,4,0,49.177948
s0027,5,0,64.12967
s0027,6,0,51.764038
s0027,7,0,61.016315
s0027,8,0,58.118122
s0027,9,0,57.35946
s0027,10,0,58.44515
s0027,11,0,60.386852
s0027,12,0,76.04916
s0027,13,0,68.50139
s0027,14,0,60.021027
s0027,15,0,56.349266
s0027,16,0,71.33527
s0027,17,0,75.20597
s0027,18,0,66.87922
s0027,19,0,61.388668
s0027,20,0,73.08714
s0027,21,0,61.11656
s0027,22,0,61.52146
s0027,23,0,71.22381
s0027,24,0,73.01816
s0027,25,0,63.78229
s0027,26,0,66.50145
s0027,27,0,77.74273
s0027,28,0,60.614098
s0027,29,0,66.87151
s0027,30,0,65.516655
s0027,31,0,73.25469
s0027,32,0,61.17571
s0027,33,0,43.61565
s0027,34,0,48.18195
s0027,35,0,47.503437
s0027,36,0,54.096615
s0027,37,0,61.13805
s0027,38,0,54.84298
s0027,39,0,63.33538
s0027,40,0,60.86157
s0027,41,0,55.380863
s0027,42,0,64.55388
s0027,43,0,53.72405
s0027,44,0,39.12351
s0027,45,0,53.324192
s0027,46,0,42.61335
s0027,47,0,53.351406
s0027,48,0,60.926422
s0027,49,0,50.299107
s0027,50,0,49.11031
s0027,51,0,53.034904
s0027,52,0,57.31543
s0027,53,0,38.097652
s0027,54,0,66.5485
s0027,55,0,43.368282
s0027,56,0,56.558887
s0027,57,0,69.26004
s0027,58,0,62.791454
s0027,59,0,67.122894
s0027,60,0,69.710495
s0027,61,0,64.09604
s0027,62,0,67.94647
s0027,63,0,72.51664
s0027,64,0,65.30254
s0027,65,0,63.03941
s0027,66,0,60.578194
s0027,67,0,66.227165
s0027,68,0,76.60224
s0027,69,0,68.11535
s0027,70,0,63.731293
s0027,71,0,57.50319
s0027,72,0,63.850933
s0027,73,0,59.661053
s0027,74,0,65.7067
s0027,75,0,82.240105
s0027,76,0,67.87836
s0027,77,0,65.60644
s0027,78,0,71.57607
s0027,79,0,70.66593
s0027,80,0,75.9751
s0027,81,0,77.163925
s0027,82,0,62.423695
s0027,83,0,61.11725
s0027,84,0,68.44181
s0027,85,0,69.72914
s0027,86,0,53.350212
s0027,87,0,56.70841
s0027,88,0,63.245243
s0027,89,0,61.809566
s0027,90,0,56.587048
s0027,91,0,68.09427
s0027,92,0,63.597027
s0027,93,0,69.508224
s0027,94,0,67.646805
s0027,95,0,74.36801
s0028,0,0,65.202354
s0028,1,0,54.939533
s0028,2,0,54.387077
s0028,3,0,37.653496
s0028,4,0,47.595543
s0028,5,0,56.223217
s0028,6,0,63.591423
s0028,7,0,54.300068
s0028,8,0,60.855396
s0028,9,0,58.94363
s0028,10,0,63.209187
s0028,11,0,50.85411
s0028,12,0,69.6621
s0028,13,0,63.45125
s0028,14,0,65.873215
s0028,15,0,76.02368
s0028,16,0,65.32418
s0028,17,0,63.100315
s0028,18,0,54.63051
s0028,19,0,66.38109
s0028,20,0,74.30458
s0028,21,0,78.20508
s0028,22,0,62.173862
s0028,23,0,70.74199
s0028,24,0,71.96368
s0028,25,0,65.918915
s0028,26,0,72.18916
s0028,27,0,65.12505
s0028,28,0,64.34645
s0028,29,0,67.508354
s0028,30,0,63.108364
s0028,31,0,63.96985
s0028,32,0,55.60598
s0028,33,0,52.660305
s0028,34,0,54.215164
s0028,35,0,51.547386
s0028,36,0,53.383423
s0028,37,0,57.308502
s0028,38,0,57.02473
s0028,39,0,61.02452
s0028,40,0,61.374306
s0028,41,0,45.362408
s0028,42,0,64.41638
s0028,43,0,37.693874
s0028,44,0,61.08535
s0028,45,0,45.11765
s0028,46,0,51.61028
s0028,47,0,45.54816
s0028,48,0,58.23033
s0028,49,0,57.919228
s0028,50,0,54.22852
s0028,51,0,45.846123
s0028,52,0,59.163525
s0028,53,0,48.23686
s0028,54,0,57.781544
s0028,55,0,52.797585
s0028,56,0,61.365707
s0028,57,0,60.049057
s0028,58,0,54.76701
s0028,59,0,64.042725
s0028,60,0,55.335857
s0028,61,0,62.010838
s0028,62,0,74.14484
s0028,63,0,65.22381
s0028,64,0,58.599514
s0028,65,0,65.975815
s0028,66,0,61.77791
s0028,67,0,52.888832
s0028,68,0,65.94367
s0028,69,0,72.32751
s0028,70,0,54.800224
s0028,71,0,60.983936
s0028,72,0,55.136326
s0028,73,0,68.46271
s0028,74,0,74.76
s0028,75,0,70.95708
s0028,76,0,79.422615
s0028,77,0,74.72084
s0028,78,0,74.48256
s0028,79,0,65.706635
s0028,80,0,71.48176
s0028,81,0,72.04775
s0028,82,0,73.633705
s0028,83,0,60.36579
s0028,84,0,70.49708
s0028,85,0,75.60742
s0028,86,0,62.84107
s0028,87,0,56.294765
s0028,88,0,58.65072
s0028,89,0,58.880016
s0028,90,0,54.669506
s0028,91,0,63.519382
s0028,92,0,65.11288
s0028,93,0,70.95943
s0028,94,0,69.43683
s0028,95,0,70.93331
s0029,0,0,64.56617
s0029,1,0,48.301117
s0029,2,0,42.762215
s0029,3,0,40.48829
s0029,4,0,47.06073
s0029,5,0,49.402645
s0029,6,0,53.467678
s0029,7,0,52.97623
s0029,8,0,50.89129
s0029,9,0,66.54338
s0029,10,0,54.28202
s0029,11,0,67.830956
s0029,12,0,67.32825
s0029,13,0,63.31919
s0029,14,0,61.787262
s0029,15,0,63.930653
s0029,16,0,61.030643
s0029,17,0,66.35294
s0029,18,0,59.22382
s0029,19,0,62.00992
s0029,20,0,69.63745
s0029,21,0,60.571373
s0029,22,0,62.08681
s0029,23,0,80.239456
s0029,24,0,70.51465
s0029,25,0,61.576683
s0029,26,0,69.49992
s0029,27,0,63.88144
s0029,28,0,73.41979
s0029,29,0,72.73158
s0029,30,0,56.464073
s0029,31,0,65.872986
s0029,32,0,55.216225
s0029,33,0,51.18196
s0029,34,0,43.264683
s0029,35,0,60.61735
s0029,36,0,52.669304
s0029,37,0,52.463764
s0029,38,0,58.790703
s0029,39,0,39.83015
s0029,40,0,69.36987
s0029,41,0,50.131138
s0029,42,0,41.543472
s0029,43,0,64.54817
s0029,44,0,35.522865
s0029,45,0,54.47779
s0029,46,0,50.389236
s0029,47,0,47.335342
s0029,48,0,30.159555
s0029,49,0,43.665016
s0029,50,0,58.499428
s0029,51,0,55.216663
s0029,52,0,62.356956
s0029,53,0,50.23766
s0029,54,0,62.352673
s0029,55,0,67.74105
s0029,56,0,58.022224
s0029,57,0,73.20708
s0029,58,0,56.497147
s0029,59,0,63.25782
s0029,60,0,71.165146
s0029,61,0,60.8466
s0029,62,0,66.94398
s0029,63,0,72.115395
s0029,64,0,62.628254
s0029,65,0,72.244965
s0029,66,0,72.40446
s0029,67,0,81.52916
s0029,68,0,60.92583
s0029,69,0,73.08679
s0029,70,0,62.018246
s0029,71,0,62.990604
s0029,72,0,52.385067
s0029,73,0,72.55948
s0029,74,0,75.547844
s0029,75,0,74.16661
s0029,76,0,81.535225
s0029,77,0,69.20604
s0029,78,0,79.58538
s0029,79,0,76.25129
s0029,80,0,64.82805
s0029,81,0,69.12062
s0029,82,0,66.183556
s0029,83,0,62.304775
s0029,84,0,77.034935
s0029,85,0,72.58287
s0029,86,0,75.788445
s0029,87,0,50.15735
s0029,88,0,73.145515
s0029,89,0,62.289883
s0029,90,0,70.45686
s0029,91,0,68.133606
s0029,92,0,56.16461
s0029,93,0,65.0375
s0029,94,0,67.285805
s0029,95,0,60.0401
s0030,0,0,50.28581
s0030,1,0,50.782013
s0030,2,0,44.733803
s0030,3,0,47.354195
s0030,4,0,61.496456
s0030,5,0,53.292526
s0030,6,0,46.72595
s0030,7,0,56.5278
s0030,8,0,54.581554
s0030,9,0,56.819927
s0030,10,0,63.234856
s0030,11,0,63.563564
s0030,12,0,70.26415
s0030,13,0,66.40209
s0030,14,0,70.38314
s0030,15,0,67.72405
s0030,16,0,63.235397
s0030,17,0,52.362206
s0030,18,0,65.02839
s0030,19,0,70.60164
s0030,20,0,67.384926
s0030,21,0,72.13768
s0030,22,0,58.43356
s0030,23,0,61.789772
s0030,24,0,69.48774
s0030,25,0,65.75233
s0030,26,0,76.067696
s0030,27,0,60.040985
s0030,28,0,70.148155
s0030,29,0,70.84328
s0030,30,0,54.60916
s0030,31,0,65.450096
s0030,32,0,65.2362
s0030,33,0,52.697163
s0030,34,0,53.536972
s0030,35,0,48.816307
s0030,36,0,49.684586
s0030,37,0,66.06588
s0030,38,0,47.69559
s0030,39,0,47.631367
s0030,40,0,66.94827
s0030,41,0,58.99489
s0030,42,0,41.44498
s0030,43,0,41.147144
s0030,44,0,52.469482
s0030,45,0,45.48888
s0030,46,0,54.05353
s0030,47,0,45.116573
s0030,48,0,63.579258
s0030,49,0,46.521954
s0030,50,0,60.98259
s0030,51,0,41.33672
s0030,52,0,73.52012
s0030,53,0,52.15922
s0030,54,0,53.33425
s0030,55,0,53.70788
s0030,56,0,47.291553
s0030,57,0,61.87307
s0030,58,0,58.113472
s0030,59,0,62.703136
s0030,60,0,61.889004
s0030,61,0,60.836666
s0030,62,0,68.480255
s0030,63,0,69.85822
s0030,64,0,70.80387
s0030,65,0,62.673492
s0030,66,0,69.726974
s0030,67,0,63.743587
s0030,68,0,60.85752
s0030,69,0,57.964905
s0030,70,0,56.54286
s0030,71,0,52.681297
s0030,72,0,63.65376
s0030,73,0,63.13985
s0030,74,0,64.18665
s0030,75,0,77.44487
s0030,76,0,74.598595
s0030,77,0,65.209206
s0030,78,0,68.34188
s0030,79,0,77.95591
s0030,80,0,72.47811
s0030,81,0,69.46885
s0030,82,0,65.10516
s0030,83,0,73.43514
s0030,84,0,61.421783
s0030,85,0,74.26874
s0030,86,0,69.07531
s0030,87,0,55.528362
s0030,88,0,60.5019
s0030,89,0,57.062706
s0030,90,0,58.75128
s0030,91,0,69.102516
s0030,92,0,71.273575
s0030,93,0,66.44429
s0030,94,0,70.48946
s0030,95,0,76.942726
s0031,0,0,53.52757
s0031,1,0,50.257187
s0031,2,0,47.220486
s0031,3,0,47.88459
s0031,4,0,43.28829
s0031,5,0,55.23358
s0031,6,0,54.7914
s0031,7,0,53.54035
s0031,8,0,53.26751
s0031,9,0,59.948257
s0031,10,0,60.52928
s0031,11,0,60.655502
s0031,12,0,68.550545
s0031,13,0,65.39178
s0031,14,0,68.94518
s0031,15,0,61.789326
s0031,16,0,54.317204
s0031,17,0,69.53454
s0031,18,0,76.74437
s0031,19,0,61.110233
s0031,20,0,66.74195
s0031,21,0,59.601395
s0031,22,0,66.4737
s0031,23,0,56.803024
s0031,24,0,65.89222
s0031,25,0,68.03478
s0031,26,0,79.06049
s0031,27,0,62.95384
s0031,28,0,65.66134
s0031,29,0,84.91521
s0031,30,0,58.13511
s0031,31,0,65.20403
s0031,32,0,63.26114
s0031,33,0,53.248177
s0031,34,0,46.108
s0031,35,0,44.21921
s0031,36,0,54.03764
s0031,37,0,49.620033
s0031,38,0,62.553192
s0031,39,0,45.517254
s0031,40,0,74.32863
s0031,41,0,52.004414
s0031,42,0,56.762856
s0031,43,0,48.695393
s0031,44,0,46.01717
s0031,45,0,54.094746
s0031,46,0,64.3884
s0031,47,0,61.482567
s0031,48,0,59.937126
s0031,49,0,42.571384
s0031,50,0,44.199398
s0031,51,0,47.863808
s0031,52,0,60.128567
s0031,53,0,50.37455
s0031,54,0,44.403725
s0031,55,0,50.414303
s0031,56,0,50.596878
s0031,57,0,64.227486
s0031,58,0,62.031017
s0031,59,0,61.96477
s0031,60,0,50.573437
s0031,61,0,61.31876
s0031,62,0,67.45472
s0031,63,0,70.71838
s0031,64,0,68.4409
s0031,65,0,66.50908
s0031,66,0,69.901405
s0031,67,0,60.538563
s0031,68,0,69.54641
s0031,69,0,63.416374
s0031,70,0,64.70038
s0031,71,0,67.55379
s0031,72,0,57.774628
s0031,73,0,64.203
s0031,74,0,67.08841
s0031,75,0,77.53475
s0031,76,0,81.4852
s0031,77,0,69.981636
s0031,78,0,80.77188
s0031,79,0,72.41758
s0031,80,0,73.26297
s0031,81,0,75.244934
s0031,82,0,72.24994
s0031,83,0,61.648113
s0031,84,0,61.48655
s0031,85,0,70.72909
s0031,86,0,69.487206
s0031,87,0,69.3226
s0031,88,0,62.90756
s0031,89,0,68.146935
s0031,90,0,58.268616
s0031,91,0,64.30572
s0031,92,0,67.90525
s0031,93,0,77.357056
s0031,94,0,70.3609
s0031,95,0,64.295685
s0032,0,0,45.384064
s0032,1,0,40.76006
s0032,2,0,51.008293
s0032,3,0,44.242424
s0032,4,0,56.278957
s0032,5,0,56.879105
s0032,6,0,46.92617
s0032,7,0,53.68538
s0032,8,0,64.34131
s0032,9,0,60.19892
s0032,10,0,60.82013
s0032,11,0,60.86009
s0032,12,0,70.291275
s0032,13,0,63.795254
s0032,14,0,67.530716
s0032,15,0,70.892494
s0032,16,0,66.858284
s0032,17,0,64.05653
s0032,18,0,61.03218
s0032,19,0,73.44718
s0032,20,0,60.722603
s0032,21,0,60.393135
s0032,22,0,67.19985
s0032,23,0,69.568054
s0032,24,0,82.08672
s0032,25,0,64.13404
s0032,26,0,69.27567
s0032,27,0,67.83391
s0032,28,0,74.97723
s0032,29,0,71.70406
s0032,30,0,57.843864
s0032,31,0,73.87715
s0032,32,0,57.353443
s0032,33,0,52.99937
s0032,34,0,55.560505
s0032,35,0,44.893124
s0032,36,0,57.2076
s0032,37,0,50.665337
s0032,38,0,59.040855
s0032,39,0,45.1213
s0032,40,0,72.831795
s0032,41,0,62.928776
s0032,42,0,62.910103
s0032,43,0,61.42089
s0032,44,0,54.444115
s0032,45,0,32.74395
s0032,46,0,23.42864
s0032,47,0,25.318253
s0032,48,0,71.43751
s0032,49,0,60.073902
s0032,50,0,46.416317
s0032,51,0,54.20931
s0032,52,0,51.324303
s0032,53,0,57.76581
s0032,54,0,50.42846
s0032,55,0,54.770405
s0032,56,0,58.842583
s0032,57,0,67.52858
s0032,58,0,65.64895
s0032,59,0,64.93179
s0032,60,0,61.398506
s0032,61,0,65.37171
s0032,62,0,60.74326
s0032,63,0,71.91631
s0032,64,0,61.381893
s0032,65,0,71.7579
s0032,66,0,68.11965
s0032,67,0,65.05166
s0032,68,0,74.73117
s0032,69,0,59.091194
s0032,70,0,54.90913
s0032,71,0,59.041843
s0032,72,0,60.655342
s0032,73,0,67.407265
s0032,74,0,69.06169
s0032,75,0,63.690723
s0032,76,0,77.10781
s0032,77,0,82.04319
s0032,78,0,67.66008
s0032,79,0,75.68362
s0032,80,0,73.92442
s0032,81,0,69.926834
s0032,82,0,68.36071
s0032,83,0,62.435658
s0032,84,0,71.094505
s0032,85,0,72.953835
s0032,86,0,61.916065
s0032,87,0,60.98831
s0032,88,0,67.42437
s0032,89,0,68.61699
s0032,90,0,55.925953
s0032,91,0,72.15317
s0032,92,0,59.3025
s0032,93,0,73.059845
s0032,94,0,66.101006
s0032,95,0,73.6685
s0033,0,0,54.872658
s0033,1,0,52.31882
s0033,2,0,47.00464
s0033,3,0,45.21253
s0033,4,0,60.81113
s0033,5,0,58.680412
s0033,6,0,46.552616
s0033,7,0,55.472847
s0033,8,0,55.45716
s0033,9,0,60.891144
s0033,10,0,56.044422
s0033,11,0,68.361
s0033,12,0,66.30196
s0033,13,0,67.34958
s0033,14,0,70.96896
s0033,15,0,70.14675
s0033,16,0,66.43527
s0033,17,0,67.01877
s0033,18,0,60.722805
s0033,19,0,56.581944
s0033,20,0,69.460915
s0033,21,0,74.233246
s0033,22,0,59.42572
s0033,23,0,75.14379
s0033,24,0,74.975235
s0033,25,0,69.33941
s0033,26,0,63.957874
s0033,27,0,62.083004
s0033,28,0,66.81979
s0033,29,0,69.79711
s0033,30,0,53.9415
s0033,31,0,67.07246
s0033,32,0,61.19219
s0033,33,0,50.54611
s0033,34,0,58.187115
s0033,35,0,56.884415
s0033,36,0,48.31455
s0033,37,0,56.63066
s0033,38,0,58.984673
s0033,39,0,51.800922
s0033,40,0,57.558193
s0033,41,0,47.082466
s0033,42,0,38.673847
s0033,43,0,38.33083
s0033,44,0,49.577248
s0033,45,0,30.986835
s0033,46,0,62.684437
s0033,47,0,42.44417
s0033,48,0,35.220562
s0033,49,0,39.77371
s0033,50,0,53.036953
s0033,51,0,47.06688
s0033,52,0,28.88294
s0033,53,0,54.3581
s0033,54,0,47.47716
s0033,55,0,49.43128
s0033,56,0,52.662693
s0033,57,0,75.69363
s0033,58,0,54.910908
s0033,59,0,66.67585
s0033,60,0,56.642605
s0033,61,0,68.35472
s0033,62,0,70.925804
s0033,63,0,75.18884
s0033,64,0,66.49497
s0033,65,0,66.55045
s0033,66,0,77.534996
s0033,67,0,74.17355
s0033,68,0,68.09861
s0033,69,0,64.545944
s0033,70,0,58.32765
s0033,71,0,61.791523
s0033,72,0,68.55156
s0033,73,0,72.04541
s0033,74,0,68.56302
s0033,75,0,72.85873
s0033,76,0,73.608406
s0033,77,0,74.08141
s0033,78,0,77.30925
s0033,79,0,76.41224
s0033,80,0,82.49377
s0033,81,0,76.86869
s0033,82,0,58.931614
s0033,83,0,60.212578
s0033,84,0,66.911415
s0033,85,0,67.74088
s0033,86,0,67.47801
s0033,87,0,66.562386
s0033,88,0,62.067043
s0033,89,0,64.044525
s0033,90,0,56.89861
s0033,91,0,72.26366
s0033,92,0,66.03978
s0033,93,0,66.491234
s0033,94,0,76.1313
s0033,95,0,67.72303
s0034,0,0,55.182858
s0034,1,0,40.032764
s0034,2,0,41.552624
s0034,3,0,48.500313
s0034,4,0,51.846172
s0034,5,0,54.64624
s0034,6,0,55.301632
s0034,7,0,59.027687
s0034,8,0,50.46289
s0034,9,0,52.576897
s0034,10,0,62.631958
s0034,11,0,70.64017
s0034,12,0,69.102425
s0034,13,0,59.088753
s0034,14,0,69.53009
s0034,15,0,64.63796
s0034,16,0,65.2997
s0034,17,0,66.84527
s0034,18,0,68.943855
s0034,19,0,63.21117
s0034,20,0,58.266888
s0034,21,0,62.052467
s0034,22,0,60.502434
s0034,23,0,68.02462
s0034,24,0,77.04616
s0034,25,0,74.59348
s0034,26,0,69.6385
s0034,27,0,65.162704
s0034,28,0,70.646515
s0034,29,0,74.78646
s0034,30,0,61.984787
s0034,31,0,64.87827
s0034,32,0,59.140835
s0034,33,0,42.63854
s0034,34,0,55.16649
s0034,35,0,53.701523
s0034,36,0,53.58135
s0034,37,0,62.985035
s0034,38,0,50.23273
s0034,39,0,55.77652
s0034,40,0,69.98832
s0034,41,0,53.738377
s0034,42,0,40.39593
s0034,43,0,48.66523
s0034,44,0,34.40562
s0034,45,0,44.494263
s0034,46,0,27.710455
s0034,47,0,38.016422
s0034,48,0,28.97877
s0034,49,0,57.48198
s0034,50,0,37.197594
s0034,51,0,44.079742
s0034,52,0,52.913605
s0034,53,0,49.919006
s0034,54,0,57.326675
s0034,55,0,69.38368
s0034,56,0,61.099174
s0034,57,0,61.20445
s0034,58,0,51.543026
s0034,59,0,65.79127
s0034,60,0,58.658436
s0034,61,0,65.69341
s0034,62,0,69.645996
s0034,63,0,72.829636
s0034,64,0,66.81007
s0034,65,0,65.366776
s0034,66,0,64.1732
s0034,67,0,61.136044
s0034,68,0,57.80406
s0034,69,0,64.12085
s0034,70,0,64.885544
s0034,71,0,65.14627
s0034,72,0,59.656567
s0034,73,0,65.649536
s0034,74,0,77.723694
s0034,75,0,66.3803
s0034,76,0,76.73158
s0034,77,0,60.90458
s0034,78,0,78.38712
s0034,79,0,75.85306
s0034,80,0,72.40321
s0034,81,0,82.63778
s0034,82,0,62.94023
s0034,83,0,62.17836
s0034,84,0,73.89372
s0034,85,0,78.031784
s0034,86,0,52.320587
s0034,87,0,59.636913
s0034,88,0,67.19813
s0034,89,0,57.994865
s0034,90,0,53.84782
s0034,91,0,70.153496
s0034,92,0,60.21148
s0034,93,0,72.53198
s0034,94,0,72.74769
s0034,95,0,79.67153
s0035,0,0,49.219376
s0035,1,0,49.628944
s0035,2,0,48.851402
s0035,3,0,50.346844
s0035,4,0,54.626064
s0035,5,0,56.22139
s0035,6,0,52.88866
s0035,7,0,52.671185
s0035,8,0,60.64367
s0035,9,0,64.18364
s0035,10,0,64.428024
s0035,11,0,72.61626
s0035,12,0,63.34108
s0035,13,0,78.28451
s0035,14,0,68.44561
s0035,15,0,67.303505
s0035,16,0,61.03025
s0035,17,0,59.379368
s0035,18,0,63.9874
s0035,19,0,58.860775
s0035,20,0,64.52395
s0035,21,0,70.61661
s0035,22,0,61.18239
s0035,23,0,68.24364
s0035,24,0,67.49969
s0035,25,0,70.954895
s0035,26,0,64.21778
s0035,27,0,68.48557
s0035,28,0,71.32586
s0035,29,0,59.24575
s0035,30,0,60.11206
s0035,31,0,56.999683
s0035,32,0,49.787437
s0035,33,0,67.25355
s0035,34,0,57.109722
s0035,35,0,61.532364
s0035,36,0,54.13735
s0035,37,0,61.35079
s0035,38,0,59.330597
s0035,39,0,57.95534
s0035,40,0,61.62429
s0035,41,0,63.30838
s0035,42,0,45.122948
s0035,43,0,36.32733
s0035,44,0,29.678854
s0035,45,0,52.004757
s0035,46,0,40.85755
s0035,47,0,29.148506
s0035,48,0,31.560549
s0035,49,0,41.712395
s0035,50,0,40.99926
s0035,51,0,56.505005
s0035,52,0,43.849525
s0035,53,0,54.621113
s0035,54,0,64.20861
s0035,55,0,53.996128
s0035,56,0,46.804195
s0035,57,0,67.99053
s0035,58,0,56.885956
s0035,59,0,70.13261
s0035,60,0,60.57562
s0035,61,0,66.243805
s0035,62,0,72.36734
s0035,63,0,68.737915
s0035,64,0,61.35832
s0035,65,0,64.74271
s0035,66,0,73.02648
s0035,67,0,65.14962
s0035,68,0,65.235054
s0035,69,0,68.9861
s0035,70,0,52.453205
s0035,71,0,68.702736
s0035,72,0,58.64219
s0035,73,0,75.81862
s0035,74,0,70.57672
s0035,75,0,76.40777
s0035,76,0,78.63091
s0035,77,0,80.84768
s0035,78,0,86.6083
s0035,79,0,78.038795
s0035,80,0,71.47587
s0035,81,0,85.16907
s0035,82,0,73.78024
s0035,83,0,60.511467
s0035,84,0,67.66593
s0035,85,0,74.70726
s0035,86,0,60.47241
s0035,87,0,72.3594
s0035,88,0,56.716557
s0035,89,0,58.267406
s0035,90,0,56.030983
s0035,91,0,68.25177
s0035,92,0,71.76008
s0035,93,0,64.99754
s0035,94,0,60.252403
s0035,95,0,70.59383
s0036,0,0,59.371
s0036,1,0,48.05239
s0036,2,0,42.355274
s0036,3,0,48.428097
s0036,4,0,60.739697
s0036,5,0,53.307194
s0036,6,0,55.04073
s0036,7,0,52.519516
s0036,8,0,60.44323
s0036,9,0,53.770443
s0036,10,0,62.055134
s0036,11,0,67.193054
s0036,12,0,62.00241
s0036,13,0,64.45722
s0036,14,0,57.345585
s0036,15,0,72.33555
s0036,16,0,69.353195
s0036,17,0,60.93123
s0036,18,0,67.78624
s0036,19,0,77.13465
s0036,20,0,69.00316
s0036,21,0,67.29805
s0036,22,0,66.3055
s0036,23,0,75.081856
s0036,24,0,69.630295
s0036,25,0,67.87949
s0036,26,0,69.00992
s0036,27,0,67.94786
s0036,28,0,71.87493
s0036,29,0,66.26589
s0036,30,0,48.548588
s0036,31,0,69.18669
s0036,32,0,61.77522
s0036,33,0,63.527702
s0036,34,0,59.22363
s0036,35,0,55.0858
s0036,36,0,43.709667
s0036,37,0,49.550694
s0036,38,0,66.469215
s0036,39,0,64.13007
s0036,40,0,63.04545
s0036,41,0,37.702744
s0036,42,0,31.73456
s0036,43,0,43.31261
s0036,44,0,43.045563
s0036,45,0,50.54418
s0036,46,0,49.43695
s0036,47,0,49.590923
s0036,48,0,50.62656
s0036,49,0,55.382755
s0036,50,0,57.466488
s0036,51,0,45.20418
s0036,52,0,62.362972
s0036,53,0,50.77064
s0036,54,0,39.79874
s0036,55,0,50.19364
s0036,56,0,59.922184
s0036,57,0,61.374916
s0036,58,0,65.15748
s0036,59,0,64.72498
s0036,60,0,53.2721
s0036,61,0,60.207546
s0036,62,0,71.18904
s0036,63,0,67.09549
s0036,64,0,67.82025
s0036,65,0,66.67777
s0036,66,0,62.71877
s0036,67,0,57.385883
s0036,68,0,69.175415
s0036,69,0,64.79284
s0036,70,0,60.42652
s0036,71,0,65.33922
s0036,72,0,56.28293
s0036,73,0,56.663628
s0036,74,0,67.616844
s0036,75,0,76.40572
s0036,76,0,63.866985
s0036,77,0,85.4226
s0036,78,0,76.75568
s0036,79,0,70.117836
s0036,80,0,72.571594
s0036,81,0,64.50825
s0036,82,0,65.73502
s0036,83,0,59.57051
s0036,84,0,63.137398
s0036,85,0,71.9405
s0036,86,0,62.353992
s0036,87,0,62.876347
s0036,88,0,73.32106
s0036,89,0,58.865032
s0036,90,0,55.418926
s0036,91,0,64.34849
s0036,92,0,69.7672
s0036,93,0,75.89087
s0036,94,0,78.464874
s0036,95,0,66.2953
s0037,0,0,53.64543
s0037,1,0,40.97025
s0037,2,0,44.218044
s0037,3,0,51.077316
s0037,4,0,50.993385
s0037,5,0,51.838516
s0037,6,0,50.853573
s0037,7,0,53.315323
s0037,8,0,55.76112
s0037,9,0,58.45274
s0037,10,0,49.324238
s0037,11,0,70.273
s0037,12,0,65.09753
s0037,13,0,67.2647
s0037,14,0,62.8369
s0037,15,0,63.092617
s0037,16,0,55.501392
s0037,17,0,63.37892
s0037,18,0,76.19615
s0037,19,0,69.41297
s0037,20,0,70.60143
s0037,21,0,68.08432
s0037,22,0,68.51783
s0037,23,0,71.22891
s0037,24,0,65.6319
s0037,25,0,68.186905
s0037,26,0,71.94669
s0037,27,0,68.784515
s0037,28,0,69.20231
s0037,29,0,65.0144
s0037,30,0,51.819244
s0037,31,0,69.62754
s0037,32,0,53.15444
s0037,33,0,60.366768
s0037,34,0,52.517155
s0037,35,0,37.15396
s0037,36,0,51.437206
s0037,37,0,47.947968
s0037,38,0,53.770817
s0037,39,0,71.66303
s0037,40,0,78.84668
s0037,41,0,36.41839
s0037,42,0,59.096245
s0037,43,0,48.01201
s0037,44,0,40.302834
s0037,45,0,56.896904
s0037,46,0,58.3446
s0037,47,0,30.875967
s0037,48,0,50.879322
s0037,49,0,54.026382
s0037,50,0,46.897808
s0037,51,0,69.05199
s0037,52,0,33.080105
s0037,53,0,55.860065
s0037,54,0,52.634975
s0037,55,0,50.831554
s0037,56,0,62.255295
s0037,57,0,64.70464
s0037,58,0,58.42378
s0037,59,0,64.47879
s0037,60,0,69.40988
s0037,61,0,69.02174
s0037,62,0,73.11915
s0037,63,0,79.40525
s0037,64,0,73.34581
s0037,65,0,62.06279
s0037,66,0,71.001495
s0037,67,0,57.32912
s0037,68,0,60.65026
s0037,69,0,66.30127
s0037,70,0,65.53322
s0037,71,0,63.97886
s0037,72,0,64.87332
s0037,73,0,79.06089
s0037,74,0,72.125946
s0037,75,0,87.56902
s0037,76,0,67.42702
s0037,77,0,72.83703
s0037,78,0,81.66404
s0037,79,0,80.00024
s0037,80,0,63.900917
s0037,81,0,74.53899
s0037,82,0,58.39356
s0037,83,0,71.81326
s0037,84,0,74.33057
s0037,85,0,67.14711
s0037,86,0,71.845276
s0037,87,0,65.38998
s0037,88,0,66.88657
s0037,89,0,71.779495
s0037,90,0,76.298065
s0037,91,0,64.72353
s0037,92,0,69.989395
s0037,93,0,67.4072
s0037,94,0,67.28155
s0037,95,0,61.92734
s0038,0,0,47.406963
s0038,1,0,52.993546
s0038,2,0,65.23037
s0038,3,0,45.15663
s0038,4,0,53.36201
s0038,5,0,51.305565
s0038,6,0,60.425407
s0038,7,0,53.191204
s0038,8,0,65.95945
s0038,9,0,58.388752
s0038,10,0,60.094177
s0038,11,0,66.27209
s0038,12,0,67.374176
s0038,13,0,58.473743
s0038,14,0,68.99193
s0038,15,0,65.71678
s0038,16,0,68.15943
s0038,17,0,65.30956
s0038,18,0,65.755684
s0038,19,0,59.97522
s0038,20,0,69.236015
s0038,21,0,66.56732
s0038,22,0,56.95449
s0038,23,0,74.40237
s0038,24,0,69.31316
s0038,25,0,73.29191
s0038,26,0,68.034874
s0038,27,0,59.947983
s0038,28,0,67.49564
s0038,29,0,73.935455
s0038,30,0,64.24296
s0038,31,0,63.956135
s0038,32,0,59.94099
s0038,33,0,55.76397
s0038,34,0,56.255287
s0038,35,0,42.983078
s0038,36,0,57.83848
s0038,37,0,51.83711
s0038,38,0,70.19035
s0038,39,0,49.61279
s0038,40,0,61.52203
s0038,41,0,50.353317
s0038,42,0,50.42695
s0038,43,0,41.119896
s0038,44,0,47.34105
s0038,45,0,33.911945
s0038,46,0,40.37368
s0038,47,0,43.80905
s0038,48,0,56.114746
s0038,49,0,32.928646
s0038,50,0,56.25925
s0038,51,0,40.167408
s0038,52,0,42.128067
s0038,53,0,50.42105
s0038,54,0,61.493427
s0038,55,0,50.455452
s0038,56,0,66.10266
s0038,57,0,66.64955
s0038,58,0,59.833916
s0038,59,0,65.98888
s0038,60,0,56.880318
s0038,61,0,54.886463
s0038,62,0,65.35967
s0038,63,0,70.4202
s0038,64,0,64.72073
s0038,65,0,66.362076
s0038,66,0,70.49128
s0038,67,0,57.417053
s0038,68,0,56.518303
s0038,69,0,69.2324
s0038,70,0,53.614243
s0038,71,0,60.824226
s0038,72,0,55.298748
s0038,73,0,72.71022
s0038,74,0,62.06379
s0038,75,0,71.44227
s0038,76,0,77.347046
s0038,77,0,73.17842
s0038,78,0,73.737915
s0038,79,0,65.44533
s0038,80,0,78.33536
s0038,81,0,66.469986
s0038,82,0,76.56959
s0038,83,0,70.71195
s0038,84,0,68.73793
s0038,85,0,66.82645
s0038,86,0,61.87031
s0038,87,0,58.70903
s0038,88,0,61.87181
s0038,89,0,54.831573
s0038,90,0,55.40992
s0038,91,0,74.65319
s0038,92,0,63.515583
s0038,93,0,60.33629
s0038,94,0,76.651924
s0038,95,0,73.65384
s0039,0,0,52.553673
s0039,1,0,37.770573
s0039,2,0,38.80839
s0039,3,0,54.989204
s0039,4,0,56.305542
s0039,5,0,57.349533
s0039,6,0,46.477448
s0039,7,0,56.318478
s0039,8,0,55.88421
s0039,9,0,62.227627
s0039,10,0,51.546574
s0039,11,0,61.62601
s0039,12,0,68.43921
s0039,13,0,74.29594
s0039,14,0,66.89311
s0039,15,0,73.733986
s0039,16,0,71.419106
s0039,17,0,58.880543
s0039,18,0,62.311165
s0039,19,0,50.346577
s0039,20,0,66.69332
s0039,21,0,61.712486
s0039,22,0,60.82575
s0039,23,0,62.680054
s0039,24,0,66.258156
s0039,25,0,74.27626
s0039,26,0,67.319435
s0039,27,0,74.00429
s0039,28,0,56.057724
s0039,29,0,70.58025
s0039,30,0,61.645966
s0039,31,0,67.20399
s0039,32,0,53.366413
s0039,33,0,50.941517
s0039,34,0,58.027668
s0039,35,0,54.200676
s0039,36,0,52.63845
s0039,37,0,52.810314
s0039,38,0,61.92448
s0039,39,0,50.37069
s0039,40,0,70.69689
s0039,41,0,49.69448
s0039,42,0,41.292255
s0039,43,0,44.59104
s0039,44,0,63.703735
s0039,45,0,38.774765
s0039,46,0,31.028772
s0039,47,0,51.116344
s0039,48,0,49.3128
s0039,49,0,39.84909
s0039,50,0,63.673218
s0039,51,0,47.375355
s0039,52,0,59.275227
s0039,53,0,47.4865
s0039,54,0,56.370975
s0039,55,0,64.96013
s0039,56,0,58.29415
s0039,57,0,55.157402
s0039,58,0,58.63981
s0039,59,0,67.114815
s0039,60,0,56.453175
s0039,61,0,60.678486
s0039,62,0,72.50587
s0039,63,0,69.15056
s0039,64,0,62.65457
s0039,65,0,68.23727
s0039,66,0,70.23515
s0039,67,0,63.643703
s0039,68,0,64.04361
s0039,69,0,69.876564
s0039,70,0,52.01552
s0039,71,0,62.15967
s0039,72,0,61.50929
s0039,73,0,64.78603
s0039,74,0,71.64784
s0039,75,0,67.15421
s0039,76,0,69.13361
s0039,77,0,78.07744
s0039,78,0,74.71479
s0039,79,0,69.589294
s0039,80,0,62.377995
s0039,81,0,73.06603
s0039,82,0,61.64096
s0039,83,0,71.90951
s0039,84,0,61.837482
s0039,85,0,68.815254
s0039,86,0,70.50261
s0039,87,0,70.98237
s0039,88,0,67.43035
s0039,89,0,54.94954
s0039,90,0,52.335392
s0039,91,0,61.904568
s0039,92,0,60.053112
s0039,93,0,70.90556
s0039,94,0,69.848656
s0039,95,0,65.8901
s0040,0,0,47.2799
s0040,1,0,54.489548
s0040,2,0,56.131283
s0040,3,0,49.86887
s0040,4,0,50.095795
s0040,5,0,55.128544
s0040,6,0,50.427357
s0040,7,0,58.333874
s0040,8,0,54.16004
s0040,9,0,62.121475
s0040,10,0,56.92879
s0040,11,0,63.033195
s0040,12,0,74.08667
s0040,13,0,68.508446
s0040,14,0,66.9743
s0040,15,0,70.888565
s0040,16,0,70.07238
s0040,17,0,60.195137
s0040,18,0,71.31712
s0040,19,0,67.776596
s0040,20,0,68.57104
s0040,21,0,63.65321
s0040,22,0,65.83319
s0040,23,0,69.526985
s0040,24,0,64.04799
s0040,25,0,68.53986
s0040,26,0,66.524605
s0040,27,0,72.11692
s0040,28,0,64.672134
s0040,29,0,69.7483
s0040,30,0,60.628063
s0040,31,0,63.49365
s0040,32,0,55.439148
s0040,33,0,54.91668
s0040,34,0,48.511593
s0040,35,0,62.916157
s0040,36,0,49.747234
s0040,37,0,65.39773
s0040,38,0,61.357124
s0040,39,0,41.807724
s0040,40,0,69.01729
s0040,41,0,54.93261
s0040,42,0,46.462284
s0040,43,0,49.465385
s0040,44,0,32.1617
s0040,45,0,43.721947
s0040,46,0,54.282074
s0040,47,0,61.700867
s0040,48,0,38.71381
s0040,49,0,38.624325
s0040,50,0,46.469383
s0040,51,0,52.78503
s0040,52,0,53.423058
s0040,53,0,38.91406
s0040,54,0,54.69584
s0040,55,0,56.88028
s0040,56,0,51.37284
s0040,57,0,60.533844
s0040,58,0,57.647495
s0040,59,0,57.08798
s0040,60,0,67.66482
s0040,61,0,66.83941
s0040,62,0,72.830055
s0040,63,0,80.83608
s0040,64,0,69.91265
s0040,65,0,63.32875
s0040,66,0,73.28111
s0040,67,0,68.4662
s0040,68,0,69.88985
s0040,69,0,62.22292
s0040,70,0,66.50491
s0040,71,0,72.71376
s0040,72,0,62.268055
s0040,73,0,72.59314
s0040,74,0,69.82034
s0040,75,0,70.38918
s0040,76,0,71.60383
s0040,77,0,68.889
s0040,78,0,73.40443
s0040,79,0,67.79475
s0040,80,0,68.06739
s0040,81,0,67.01973
s0040,82,0,64.94499
s0040,83,0,69.27595
s0040,84,0,64.267654
s0040,85,0,66.92283
s0040,86,0,65.917305
s0040,87,0,58.311764
s0040,88,0,50.380188
s0040,89,0,58.396988
s0040,90,0,51.234653
s0040,91,0,67.10638
s0040,92,0,72.16779
s0040,93,0,67.61111
s0040,94,0,63.012993
s0040,95,0,68.73584
s0041,0,0,55.426765
s0041,1,0,49.296917
s0041,2,0,44.248222
s0041,3,0,40.470108
s0041,4,0,57.251713
s0041,5,0,51.654682
s0041,6,0,57.253643
s0041,7,0,58.49902
s0041,8,0,56.372158
s0041,9,0,58.874157
s0041,10,0,73.16078
s0041,11,0,52.92934
s0041,12,0,65.2941
s0041,13,0,70.960495
s0041,14,0,57.492916
s0041,15,0,55.899796
s0041,16,0,60.070793
s0041,17,0,70.8992
s0041,18,0,70.27529
s0041,19,0,74.28477
s0041,20,0,73.63033
s0041,21,0,59.463356
s0041,22,0,62.304688
s0041,23,0,74.50085
s0041,24,0,64.950035
s0041,25,0,61.041744
s0041,26,0,70.02473
s0041,27,0,61.630146
s0041,28,0,66.35146
s0041,29,0,69.34331
s0041,30,0,59.69026
s0041,31,0,61.061222
s0041,32,0,60.930523
s0041,33,0,47.971935
s0041,34,0,51.11305
s0041,35,0,51.264256
s0041,36,0,57.268005
s0041,37,0,63.550823
s0041,38,0,54.504448
s0041,39,0,52.70862
s0041,40,0,54.224228
s0041,41,0,59.63615
s0041,42,0,47.447083
s0041,43,0,63.712524
s0041,44,0,37.444862
s0041,45,0,44.391865
s0041,46,0,43.187496
s0041,47,0,72.26529
s0041,48,0,65.73227
s0041,49,0,43.296844
s0041,50,0,57.794704
s0041,51,0,47.147182
s0041,52,0,47.49682
s0041,53,0,51.470963
s0041,54,0,54.296135
s0041,55,0,55.94179
s0041,56,0,65.45212
s0041,57,0,50.217705
s0041,58,0,61.77428
s0041,59,0,72.326035
s0041,60,0,56.398914
s0041,61,0,54.11601
s0041,62,0,61.195496
s0041,63,0,71.80155
s0041,64,0,62.30655
s0041,65,0,73.76179
s0041,66,0,60.282795
s0041,67,0,71.43793
s0041,68,0,70.579094
s0041,69,0,58.2525
s0041,70,0,56.917263
s0041,71,0,59.82872
s0041,72,0,61.99545
s0041,73,0,76.977165
s0041,74,0,75.32635
s0041,75,0,74.87188
s0041,76,0,57.6765
s0041,77,0,71.16295
s0041,78,0,75.76368
s0041,79,0,78.71197
s0041,80,0,74.69502
s0041,81,0,82.124794
s0041,82,0,71.40342
s0041,83,0,72.50604
s0041,84,0,51.587807
s0041,85,0,75.83701
s0041,86,0,73.057755
s0041,87,0,63.91425
s0041,88,0,60.971737
s0041,89,0,61.219585
s0041,90,0,64.67325
s0041,91,0,73.38352
s0041,92,0,69.62113
s0041,93,0,68.6499
s0041,94,0,72.02033
s0041,95,0,71.16615
s0042,0,0,55.482174
s0042,1,0,49.868717
s0042,2,0,34.712234
s0042,3,0,56.318825
s0042,4,0,58.80815
s0042,5,0,56.887268
s0042,6,0,58.55872
s0042,7,0,54.76328
s0042,8,0,60.45395
s0042,9,0,58.123207
s0042,10,0,71.70165
s0042,11,0,64.25949
s0042,12,0,65.360916
s0042,13,0,60.361702
s0042,14,0,72.634094
s0042,15,0,68.922134
s0042,16,0,70.25798
s0042,17,0,67.65441
s0042,18,0,55.182743
s0042,19,0,63.456554
s0042,20,0,68.91157
s0042,21,0,55.79753
s0042,22,0,51.782375
s0042,23,0,63.954304
s0042,24,0,74.72222
s0042,25,0,76.086075
s0042,26,0,66.99884
s0042,27,0,69.913826
s0042,28,0,67.55024
s0042,29,0,56.94141
s0042,30,0,59.557934
s0042,31,0,52.66357
s0042,32,0,54.726223
s0042,33,0,61.451477
s0042,34,0,59.273907
s0042,35,0,47.48415
s0042,36,0,47.235477
s0042,37,0,57.646667
s0042,38,0,48.70127
s0042,39,0,51.950687
s0042,40,0,56.81828
s0042,41,0,50.859657
s0042,42,0,44.110886
s0042,43,0,52.328857
s0042,44,0,53.282063
s0042,45,0,44.34555
s0042,46,0,53.87866
s0042,47,0,39.244686
s0042,48,0,72.19792
s0042,49,0,38.543346
s0042,50,0,43.74013
s0042,51,0,39.74452
s0042,52,0,66.50608
s0042,53,0,55.43592
s0042,54,0,47.615883
s0042,55,0,63.986263
s0042,56,0,60.22205
s0042,57,0,66.39506
s0042,58,0,63.6939
s0042,59,0,65.655426
s0042,60,0,53.18334
s0042,61,0,60.56479
s0042,62,0,75.773895
s0042,63,0,77.787575
s0042,64,0,66.40056
s0042,65,0,57.246544
s0042,66,0,71.22202
s0042,67,0,61.791588
s0042,68,0,73.780464
s0042,69,0,68.29264
s0042,70,0,52.025814
s0042,71,0,56.493504
s0042,72,0,61.50275
s0042,73,0,66.329
s0042,74,0,76.215034
s0042,75,0,75.0196
s0042,76,0,73.51436
s0042,77,0,64.1832
s0042,78,0,66.81443
s0042,79,0,74.702736
s0042,80,0,76.521774
s0042,81,0,61.902687
s0042,82,0,60.314472
s0042,83,0,69.76954
s0042,84,0,66.02596
s0042,85,0,70.304
s0042,86,0,61.488068
s0042,87,0,55.067043
s0042,88,0,59.814854
s0042,89,0,63.11296
s0042,90,0,57.320896
s0042,91,0,71.79069
s0042,92,0,66.62123
s0042,93,0,59.118355
s0042,94,0,70.085396
s0042,95,0,72.163574
s0043,0,0,50.43654
s0043,1,0,52.376106
s0043,2,0,46.762547
s0043,3,0,56.754646
s0043,4,0,61.779728
s0043,5,0,42.56643
s0043,6,0,57.615013
s0043,7,0,57.47686
s0043,8,0,62.145596
s0043,9,0,51.645115
s0043,10,0,54.375504
s0043,11,0,64.81905
s0043,12,0,70.27138
s0043,13,0,63.735363
s0043,14,0,60.748905
s0043,15,0,67.497955
s0043,16,0,63.9156
s0043,17,0,68.03914
s0043,18,0,70.32223
s0043,19,0,66.329865
s0043,20,0,74.19509
s0043,21,0,67.087456
s0043,22,0,62.896408
s0043,23,0,62.657673
s0043,24,0,73.276794
s0043,25,0,77.7304
s0043,26,0,69.21501
s0043,27,0,62.670395
s0043,28,0,73.530045
s0043,29,0,62.68859
s0043,30,0,55.842133
s0043,31,0,63.42731
s0043,32,0,60.02306
s0043,33,0,62.16838
s0043,34,0,52.27471
s0043,35,0,56.348804
s0043,36,0,46.911427
s0043,37,0,63.395573
s0043,38,0,56.853134
s0043,39,0,50.23909
s0043,40,0,57.39704
s0043,41,0,43.964348
s0043,42,0,31.90097
s0043,43,0,29.666971
s0043,44,0,37.15653
s0043,45,0,35.9598
s0043,46,0,34.604168
s0043,47,0,37.782097
s0043,48,0,51.83299
s0043,49,0,54.56573
s0043,50,0,52.314877
s0043,51,0,65.104225
s0043,52,0,66.6842
s0043,53,0,41.8333
s0043,54,0,64.18373
s0043,55,0,56.111816
s0043,56,0,54.842613
s0043,57,0,69.02175
s0043,58,0,55.51716
s0043,59,0,56.01254
s0043,60,0,57.766064
s0043,61,0,61.164845
s0043,62,0,75.77096
s0043,63,0,64.64274
s0043,64,0,64.92065
s0043,65,0,64.41741
s0043,66,0,74.00557
s0043,67,0,60.1412
s0043,68,0,68.902245
s0043,69,0,69.44123
s0043,70,0,50.56309
s0043,71,0,54.6374
s0043,72,0,64.59936
s0043,73,0,75.22873
s0043,74,0,75.09418
s0043,75,0,68.265045
s0043,76,0,75.77234
s0043,77,0,84.40398
s0043,78,0,80.461784
s0043,79,0,69.31196
s0043,80,0,73.71589
s0043,81,0,68.46869
s0043,82,0,70.63792
s0043,83,0,67.37414
s0043,84,0,54.362103
s0043,85,0,61.293266
s0043,86,0,62.640846
s0043,87,0,67.188965
s0043,88,0,57.53136
s0043,89,0,59.501644
s0043,90,0,53.624462
s0043,91,0,65.62305
s0043,92,0,62.21514
s0043,93,0,65.445724
s0043,94,0,68.29779
s0043,95,0,71.01613
s0044,0,0,46.403095
s0044,1,0,53.16915
s0044,2,0,49.369324
s0044,3,0,44.4498
s0044,4,0,51.443928
s0044,5,0,41.63443
s0044,6,0,54.76726
s0044,7,0,73.86929
s0044,8,0,68.53283
s0044,9,0,61.585503
s0044,10,0,60.520687
s0044,11,0,64.59698
s0044,12,0,68.505554
s0044,13,0,77.61339
s0044,14,0,71.12462
s0044,15,0,71.19469
s0044,16,0,67.30506
s0044,17,0,62.158493
s0044,18,0,67.64318
s0044,19,0,64.86108
s0044,20,0,68.12667
s0044,21,0,62.560158
s0044,22,0,68.965355
s0044,23,0,69.228
s0044,24,0,74.61215
s0044,25,0,70.549934
s0044,26,0,67.50251
s0044,27,0,62.17594
s0044,28,0,70.58967
s0044,29,0,57.90036
s0044,30,0,59.318787
s0044,31,0,59.140255
s0044,32,0,52.90868
s0044,33,0,47.071507
s0044,34,0,66.24908
s0044,35,0,48.939674
s0044,36,0,40.256332
s0044,37,0,51.750168
s0044,38,0,50.48938
s0044,39,0,43.319607
s0044,40,0,54.282093
s0044,41,0,52.550095
s0044,42,0,51.25243
s0044,43,0,42.64198
s0044,44,0,58.817924
s0044,45,0,42.322964
s0044,46,0,63.15315
s0044,47,0,62.62687
s0044,48,0,44.19404
s0044,49,0,57.261555
s0044,50,0,52.62689
s0044,51,0,70.550804
s0044,52,0,47.29554
s0044,53,0,49.76639
s0044,54,0,66.40679
s0044,55,0,58.551125
s0044,56,0,67.2106
s0044,57,0,57.74085
s0044,58,0,61.915344
s0044,59,0,66.21042
s0044,60,0,63.06738
s0044,61,0,63.09512
s0044,62,0,68.69019
s0044,63,0,67.69241
s0044,64,0,67.34146
s0044,65,0,73.31554
s0044,66,0,71.03527
s0044,67,0,66.33019
s0044,68,0,61.01728
s0044,69,0,68.08834
s0044,70,0,55.80716
s0044,71,0,64.73242
s0044,72,0,61.46377
s0044,73,0,72.21157
s0044,74,0,70.47619
s0044,75,0,75.49187
s0044,76,0,71.97819
s0044,77,0,67.36404
s0044,78,0,80.51137
s0044,79,0,73.23395
s0044,80,0,70.31288
s0044,81,0,61.559666
s0044,82,0,65.424576
s0044,83,0,65.54861
s0044,84,0,65.43372
s0044,85,0,68.873436
s0044,86,0,51.152187
s0044,87,0,68.48714
s0044,88,0,63.1105
s0044,89,0,59.353455
s0044,90,0,55.34627
s0044,91,0,74.18297
s0044,92,0,68.18782
s0044,93,0,70.931946
s0044,94,0,69.750496
s0044,95,0,73.06176
s0045,0,0,57.985058
s0045,1,0,53.36204
s0045,2,0,55.478245
s0045,3,0,44.728603
s0045,4,0,60.665264
s0045,5,0,61.16132
s0045,6,0,47.568455
s0045,7,0,56.8303
s0045,8,0,52.876244
s0045,9,0,56.5617
s0045,10,0,67.93778
s0045,11,0,58.235634
s0045,12,0,59.989315
s0045,13,0,71.73102
s0045,14,0,66.62214
s0045,15,0,67.18647
s0045,16,0,66.60149
s0045,17,0,66.53682
s0045,18,0,59.75816
s0045,19,0,59.324398
s0045,20,0,69.9229
s0045,21,0,54.86795
s0045,22,0,59.680027
s0045,23,0,71.51779
s0045,24,0,68.18374
s0045,25,0,62.253902
s0045,26,0,64.464966
s0045,27,0,60.23749
s0045,28,0,70.21288
s0045,29,0,66.145035
s0045,30,0,58.597126
s0045,31,0,61.32889
s0045,32,0,60.66588
s0045,33,0,58.14243
s0045,34,0,48.905403
s0045,35,0,54.973145
s0045,36,0,53.402428
s0045,37,0,57.71927
s0045,38,0,68.689125
s0045,39,0,45.54312
s0045,40,0,55.131794
s0045,41,0,62.54709
s0045,42,0,42.277515
s0045,43,0,43.662308
s0045,44,0,45.52337
s0045,45,0,56.947453
s0045,46,0,40.59045
s0045,47,0,67.05022
s0045,48,0,45.515293
s0045,49,0,50.279118
s0045,50,0,48.71907
s0045,51,0,53.36433
s0045,52,0,58.570408
s0045,53,0,52.793365
s0045,54,0,52.1528
s0045,55,0,40.199852
s0045,56,0,56.159203
s0045,57,0,75.10825
s0045,58,0,62.50873
s0045,59,0,71.58804
s0045,60,0,76.93457
s0045,61,0,60.511917
s0045,62,0,62.108425
s0045,63,0,66.655945
s0045,64,0,56.656334
s0045,65,0,65.20152
s0045,66,0,75.35758
s0045,67,0,58.003654
s0045,68,0,65.95509
s0045,69,0,59.65048
s0045,70,0,61.325146
s0045,71,0,62.58339
s0045,72,0,59.7505
s0045,73,0,65.947075
s0045,74,0,78.84141
s0045,75,0,75.72712
s0045,76,0,72.16579
s0045,77,0,75.253105
s0045,78,0,61.385956
s0045,79,0,76.28149
s0045,80,0,73.80284
s0045,81,0,65.960365
s0045,82,0,66.195076
s0045,83,0,71.4691
s0045,84,0,66.34487
s0045,85,0,66.14065
s0045,86,0,61.386555
s0045,87,0,66.792175
s0045,88,0,56.14314
s0045,89,0,67.73408
s0045,90,0,49.097122
s0045,91,0,64.56479
s0045,92,0,69.39753
s0045,93,0,71.59359
s0045,94,0,72.87605
s0045,95,0,69.09733
s0046,0,0,55.811325
s0046,1,0,52.323017
s0046,2,0,43.127083
s0046,3,0,36.4561
s0046,4,0,49.653656
s0046,5,0,43.985622
s0046,6,0,49.317783
s0046,7,0,47.88961
s0046,8,0,60.871956
s0046,9,0,57.480713
s0046,10,0,54.0013
s0046,11,0,69.1148
s0046,12,0,65.56699
s0046,13,0,72.040764
s0046,14,0,71.94164
s0046,15,0,74.20092
s0046,16,0,63.91094
s0046,17,0,59.431236
s0046,18,0,64.746826
s0046,19,0,68.07616
s0046,20,0,67.980736
s0046,21,0,68.29454
s0046,22,0,63.528572
s0046,23,0,65.90367
s0046,24,0,64.31131
s0046,25,0,66.20634
s0046,26,0,66.11143
s0046,27,0,64.958466
s0046,28,0,73.71732
s0046,29,0,60.13839
s0046,30,0,65.1188
s0046,31,0,68.476524
s0046,32,0,56.323483
s0046,33,0,47.590183
s0046,34,0,53.900665
s0046,35,0,50.383167
s0046,36,0,55.1222
s0046,37,0,67.55165
s0046,38,0,47.60178
s0046,39,0,46.416695
s0046,40,0,54.73638
s0046,41,0,47.81497
s0046,42,0,45.933346
s0046,43,0,48.056957
s0046,44,0,34.9335
s0046,45,0,57.98517
s0046,46,0,44.282047
s0046,47,0,38.723305
s0046,48,0,69.79247
s0046,49,0,66.122856
s0046,50,0,35.070927
s0046,51,0,52.57667
s0046,52,0,45.196102
s0046,53,0,58.332962
s0046,54,0,49.47456
s0046,55,0,44.149933
s0046,56,0,58.71812
s0046,57,0,56.06378
s0046,58,0,64.28493
s0046,59,0,59.901535
s0046,60,0,56.701454
s0046,61,0,66.67761
s0046,62,0,69.75785
s0046,63,0,80.13841
s0046,64,0,62.804234
s0046,65,0,70.595955
s0046,66,0,69.901924
s0046,67,0,53.273056
s0046,68,0,55.676456
s0046,69,0,65.82423
s0046,70,0,60.40631
s0046,71,0,56.78175
s0046,72,0,59.301186
s0046,73,0,74.12787
s0046,74,0,84.3067
s0046,75,0,68.96385
s0046,76,0,78.806465
s0046,77,0,67.74493
s0046,78,0,80.24293
s0046,79,0,86.55332
s0046,80,0,62.88754
s0046,81,0,73.42102
s0046,82,0,63.76517
s0046,83,0,65.67634
s0046,84,0,76.816505
s0046,85,0,75.68609
s0046,86,0,74.40365
s0046,87,0,62.010143
s0046,88,0,58.63406
s0046,89,0,65.965546
s0046,90,0,57.821148
s0046,91,0,66.411476
s0046,92,0,66.51839
s0046,93,0,68.05459
s0046,94,0,68.014656
s0046,95,0,69.743004
s0047,0,0,52.767056
s0047,1,0,52.38312
s0047,2,0,44.06041
s0047,3,0,42.558445
s0047,4,0,49.906334
s0047,5,0,46.990425
s0047,6,0,55.704884
s0047,7,0,62.09537
s0047,8,0,55.47622
s0047,9,0,54.829815
s0047,10,0,49.90097
s0047,11,0,68.75288
s0047,12,0,74.76902
s0047,13,0,65.49193
s0047,14,0,67.89332
s0047,15,0,66.093475
s0047,16,0,63.055073
s0047,17,0,67.078514
s0047,18,0,55.03437
s0047,19,0,65.901115
s0047,20,0,68.23254
s0047,21,0,56.259842
s0047,22,0,53.714893
s0047,23,0,78.322235
s0047,24,0,65.633766
s0047,25,0,72.31627
s0047,26,0,61.20425
s0047,27,0,68.68448
s0047,28,0,67.31214
s0047,29,0,74.5241
s0047,30,0,62.769566
s0047,31,0,63.294487
s0047,32,0,56.733856
s0047,33,0,59.962624
s0047,34,0,48.094574
s0047,35,0,53.89937
s0047,36,0,61.976337
s0047,37,0,63.67904
s0047,38,0,55.918232
s0047,39,0,54.986015
s0047,40,0,57.75982
s0047,41,0,45.63494
s0047,42,0,64.96094
s0047,43,0,67.01132
s0047,44,0,65.61426
s0047,45,0,52.997322
s0047,46,0,35.285877
s0047,47,0,36.181236
s0047,48,0,44.659313
s0047,49,0,47.12442
s0047,50,0,36.767338
s0047,51,0,54.537735
s0047,52,0,47.742516
s0047,53,0,50.409737
s0047,54,0,40.858387
s0047,55,0,59.687252
s0047,56,0,56.188282
s0047,57,0,63.975983
s0047,58,0,56.93179
s0047,59,0,69.347855
s0047,60,0,63.5944
s0047,61,0,66.00279
s0047,62,0,82.01851
s0047,63,0,76.95444
s0047,64,0,65.48468
s0047,65,0,74.75609
s0047,66,0,76.09652
s0047,67,0,70.6423
s0047,68,0,61.53893
s0047,69,0,54.167503
s0047,70,0,56.77956
s0047,71,0,65.524536
s0047,72,0,59.77877
s0047,73,0,73.92202
s0047,74,0,68.609634
s0047,75,0,72.25578
s0047,76,0,77.05609
s0047,77,0,80.144394
s0047,78,0,70.71957
s0047,79,0,75.32341
s0047,80,0,72.999504
s0047,81,0,73.76321
s0047,82,0,81.453964
s0047,83,0,68.156166
s0047,84,0,72.387856
s0047,85,0,70.94941
s0047,86,0,68.677635
s0047,87,0,57.426113
s0047,88,0,62.383846
s0047,89,0,71.624596
s0047,90,0,69.05601
s0047,91,0,60.57448
s0047,92,0,63.7688
s0047,93,0,62.923843
s0047,94,0,73.69679
s0047,95,0,65.13933
s0048,0,0,44.724567
s0048,1,0,48.076283
s0048,2,0,40.087566
s0048,3,0,47.209488
s0048,4,0,50.929028
s0048,5,0,58.17031
s0048,6,0,46.861256
s0048,7,0,57.10386
s0048,8,0,62.641323
s0048,9,0,61.387024
s0048,10,0,55.545956
s0048,11,0,67.34901
s0048,12,0,73.10042
s0048,13,0,68.325554
s0048,14,0,68.04575
s0048,15,0,81.520294
s0048,16,0,64.6529
s0048,17,0,69.14081
s0048,18,0,67.190834
s0048,19,0,66.36141
s0048,20,0,68.13342
s0048,21,0,64.46959
s0048,22,0,59.090374
s0048,23,0,65.153435
s0048,24,0,80.28213
s0048,25,0,71.59148
s0048,26,0,68.08528
s0048,27,0,67.457596
s0048,28,0,71.920425
s0048,29,0,64.49497
s0048,30,0,63.896336
s0048,31,0,66.36538
s0048,32,0,51.854008
s0048,33,0,62.225105
s0048,34,0,45.175102
s0048,35,0,55.07601
s0048,36,0,48.130035
s0048,37,0,49.55406
s0048,38,0,49.990707
s0048,39,0,55.892384
s0048,40,0,58.753323
s0048,41,0,38.221813
s0048,42,0,57.579906
s0048,43,0,52.06285
s0048,44,0,39.462105
s0048,45,0,25.722046
s0048,46,0,37.037857
s0048,47,0,62.4551
s0048,48,0,55.072254
s0048,49,0,51.422543
s0048,50,0,39.461758
s0048,51,0,36.716644
s0048,52,0,56.703053
s0048,53,0,54.6731
s0048,54,0,63.986942
s0048,55,0,54.129807
s0048,56,0,55.399185
s0048,57,0,67.653244
s0048,58,0,66.74563
s0048,59,0,67.05343
s0048,60,0,61.14195
s0048,61,0,62.358562
s0048,62,0,77.04259
s0048,63,0,63.681084
s0048,64,0,59.38376
s0048,65,0,62.407078
s0048,66,0,76.173645
s0048,67,0,70.787445
s0048,68,0,66.64957
s0048,69,0,63.109222
s0048,70,0,54.94848
s0048,71,0,49.93843
s0048,72,0,61.562073
s0048,73,0,59.714138
s0048,74,0,70.62002
s0048,75,0,61.161835
s0048,76,0,69.70367
s0048,77,0,68.04613
s0048,78,0,71.91157
s0048,79,0,64.34007
s0048,80,0,78.21948
s0048,81,0,78.940674
s0048,82,0,65.50773
s0048,83,0,66.167336
s0048,84,0,66.31063
s0048,85,0,70.4174
s0048,86,0,72.95255
s0048,87,0,59.256382
s0048,88,0,63.381397
s0048,89,0,53.81468
s0048,90,0,58.12537
s0048,91,0,76.129585
s0048,92,0,63.930782
s0048,93,0,74.074
s0048,94,0,73.41165
s0048,95,0,72.462425
s0049,0,0,56.134304
s0049,1,0,52.709984
s0049,2,0,35.06272
s0049,3,0,49.613636
s0049,4,0,60.76581
s0049,5,0,55.621136
s0049,6,0,54.664894
s0049,7,0,54.478252
s0049,8,0,65.82989
s0049,9,0,53.777557
s0049,10,0,55.046124
s0049,11,0,70.54836
s0049,12,0,66.19046
s0049,13,0,64.56754
s0049,14,0,63.780956
s0049,15,0,66.08529
s0049,16,0,63.49096
s0049,17,0,67.6419
s0049,18,0,67.522026
s0049,19,0,65.251686
s0049,20,0,60.99194
s0049,21,0,71.23737
s0049,22,0,65.23827
s0049,23,0,74.78994
s0049,24,0,74.1563
s0049,25,0,63.783318
s0049,26,0,71.89654
s0049,27,0,64.001015
s0049,28,0,72.16056
s0049,29,0,61.793762
s0049,30,0,54.68234
s0049,31,0,55.91638
s0049,32,0,62.396637
s0049,33,0,57.532207
s0049,34,0,51.14666
s0049,35,0,56.964214
s0049,36,0,65.369064
s0049,37,0,55.938065
s0049,38,0,51.670906
s0049,39,0,58.80507
s0049,40,0,62.09434
s0049,41,0,45.988636
s0049,42,0,27.107574
s0049,43,0,61.10116
s0049,44,0,49.32405
s0049,45,0,66.19099
s0049,46,0,28.252426
s0049,47,0,70.35819
s0049,48,0,61.73473
s0049,49,0,51.917915
s0049,50,0,47.218464
s0049,51,0,55.519917
s0049,52,0,48.256634
s0049,53,0,53.88411
s0049,54,0,57.714798
s0049,55,0,59.875843
s0049,56,0,52.75973
s0049,57,0,72.75512
s0049,58,0,59.420948
s0049,59,0,68.900604
s0049,60,0,56.396927
s0049,61,0,55.203957
s0049,62,0,62.881115
s0049,63,0,77.62858
s0049,64,0,62.46233
s0049,65,0,63.79364
s0049,66,0,62.398354
s0049,67,0,55.80345
s0049,68,0,71.32861
s0049,69,0,63.681034
s0049,70,0,64.7599
s0049,71,0,66.18366
s0049,72,0,71.28278
s0049,73,0,66.2797
s0049,74,0,80.69794
s0049,75,0,78.71266
s0049,76,0,72.55454
s0049,77,0,66.48411
s0049,78,0,74.65434
s0049,79,0,83.74857
s0049,80,0,79.475235
s0049,81,0,67.63099
s0049,82,0,62.50655
s0049,83,0,63.790638
s0049,84,0,59.555897
s0049,85,0,64.993484
s0049,86,0,67.046295
s0049,87,0,53.873573
s0049,88,0,54.270298
s0049,89,0,65.68248
s0049,90,0,58.90576
s0049,91,0,67.76543
s0049,92,0,66.54103
s0049,93,0,65.65449
s0049,94,0,69.97982
s0049,95,0,65.171
s0050,0,0,57.27849
s0050,1,0,49.695904
s0050,2,0,53.245506
s0050,3,0,49.17507
s0050,4,0,48.037994
s0050,5,0,46.154953
s0050,6,0,51.084137
s0050,7,0,58.16779
s0050,8,0,60.190205
s0050,9,0,51.55391
s0050,10,0,57.79033
s0050,11,0,64.12227
s0050,12,0,81.26307
s0050,13,0,66.67273
s0050,14,0,66.711464
s0050,15,0,74.40747
s0050,16,0,67.50007
s0050,17,0,65.134056
s0050,18,0,64.59643
s0050,19,0,65.5845
s0050,20,0,67.0631
s0050,21,0,69.20441
s0050,22,0,64.690155
s0050,23,0,68.36407
s0050,24,0,67.54059
s0050,25,0,69.48747
s0050,26,0,69.6642
s0050,27,0,63.973316
s0050,28,0,54.428192
s0050,29,0,76.44654
s0050,30,0,45.723053
s0050,31,0,67.21799
s0050,32,0,62.39535
s0050,33,0,56.79733
s0050,34,0,53.46876
s0050,35,0,56.090733
s0050,36,0,53.03238
s0050,37,0,58.5591
s0050,38,0,53.274513
s0050,39,0,51.17815
s0050,40,0,56.029305
s0050,41,0,45.56525
s0050,42,0,36.787548
s0050,43,0,46.33751
s0050,44,0,56.567715
s0050,45,0,46.48475
s0050,46,0,33.110317
s0050,47,0,41.314983
s0050,48,0,74.00676
s0050,49,0,55.679638
s0050,50,0,33.47959
s0050,51,0,59.651546
s0050,52,0,45.036625
s0050,53,0,47.013615
s0050,54,0,54.640675
s0050,55,0,58.190456
s0050,56,0,54.215477
s0050,57,0,65.71702
s0050,58,0,57.334995
s0050,59,0,73.10412
s0050,60,0,60.82108
s0050,61,0,57.660545
s0050,62,0,70.13518
s0050,63,0,71.276764
s0050,64,0,67.76125
s0050,65,0,60.8014
s0050,66,0,73.35754
s0050,67,0,60.606113
s0050,68,0,70.95529
s0050,69,0,73.933044
s0050,70,0,57.39212
s0050,71,0,70.02478
s0050,72,0,61.2706
s0050,73,0,66.287766
s0050,74,0,75.15784
s0050,75,0,79.79963
s0050,76,0,79.971375
s0050,77,0,70.83596
s0050,78,0,69.00425
s0050,79,0,74.50663
s0050,80,0,72.093414
s0050,81,0,76.026306
s0050,82,0,75.30859
s0050,83,0,62.075325
s0050,84,0,69.25517
s0050,85,0,69.61012
s0050,86,0,63.475708
s0050,87,0,67.04793
s0050,88,0,64.91422
s0050,89,0,59.57286
s0050,90,0,57.72388
s0050,91,0,75.04088
s0050,92,0,66.93747
s0050,93,0,81.239204
s0050,94,0,69.47305
s0050,95,0,66.29233
s0051,0,0,59.186413
s0051,1,0,44.44511
s0051,2,0,45.767982
s0051,3,0,54.933434
s0051,4,0,51.82491
s0051,5,0,44.807903
s0051,6,0,50.31789
s0051,7,0,67.56159
s0051,8,0,54.536438
s0051,9,0,57.319736
s0051,10,0,52.141598
s0051,11,0,59.93139
s0051,12,0,63.194885
s0051,13,0,61.292377
s0051,14,0,74.56921
s0051,15,0,78.84957
s0051,16,0,66.633766
s0051,17,0,71.143364
s0051,18,0,63.375195
s0051,19,0,67.20741
s0051,20,0,76.074356
s0051,21,0,61.86348
s0051,22,0,54.550518
s0051,23,0,68.829796
s0051,24,0,66.46836
s0051,25,0,65.634995
s0051,26,0,62.811203
s0051,27,0,66.34482
s0051,28,0,69.38379
s0051,29,0,71.3956
s0051,30,0,58.627323
s0051,31,0,67.452034
s0051,32,0,56.12896
s0051,33,0,48.415195
s0051,34,0,47.4496
s0051,35,0,59.33425
s0051,36,0,39.750748
s0051,37,0,56.52379
s0051,38,0,66.864746
s0051,39,0,56.157284
s0051,40,0,66.039444
s0051,41,0,42.42808
s0051,42,0,34.635784
s0051,43,0,28.134628
s0051,44,0,39.11588
s0051,45,0,48.864876
s0051,46,0,31.061974
s0051,47,0,35.066113
s0051,48,0,56.476078
s0051,49,0,46.391
s0051,50,0,40.761425
s0051,51,0,61.42903
s0051,52,0,45.037174
s0051,53,0,69.786064
s0051,54,0,57.409576
s0051,55,0,53.228245
s0051,56,0,55.456543
s0051,57,0,46.431343
s0051,58,0,59.785515
s0051,59,0,64.91973
s0051,60,0,62.646076
s0051,61,0,67.16127
s0051,62,0,76.05179
s0051,63,0,70.829025
s0051,64,0,73.66868
s0051,65,0,55.974075
s0051,66,0,71.444786
s0051,67,0,63.68983
s0051,68,0,68.318016
s0051,69,0,57.1012
s0051,70,0,60.884727
s0051,71,0,60.16795
s0051,72,0,53.040043
s0051,73,0,75.17519
s0051,74,0,69.622444
s0051,75,0,78.7994
s0051,76,0,71.866196
s0051,77,0,82.084496
s0051,78,0,74.89597
s0051,79,0,71.38185
s0051,80,0,75.982704
s0051,81,0,70.072754
s0051,82,0,67.94081
s0051,83,0,66.92618
s0051,84,0,67.856255
s0051,85,0,77.979164
s0051,86,0,73.062675
s0051,87,0,67.342926
s0051,88,0,61.66084
s0051,89,0,61.963345
s0051,90,0,46.748135
s0051,91,0,59.398537
s0051,92,0,66.41995
s0051,93,0,70.818405
s0051,94,0,70.63945
s0051,95,0,74.34868
s0052,0,0,56.042393
s0052,1,0,52.19884
s0052,2,0,37.454258
s0052,3,0,50.819393
s0052,4,0,56.70093
s0052,5,0,59.03028
s0052,6,0,59.30331
s0052,7,0,62.389603
s0052,8,0,63.83507
s0052,9,0,59.63012
s0052,10,0,58.147602
s0052,11,0,71.75411
s0052,12,0,68.33928
s0052,13,0,58.428814
s0052,14,0,72.19176
s0052,15,0,66.593636
s0052,16,0,53.142303
s0052,17,0,66.98725
s0052,18,0,59.149708
s0052,19,0,65.9751
s0052,20,0,76.545135
s0052,21,0,62.103413
s0052,22,0,52.62239
s0052,23,0,74.00588
s0052,24,0,74.34219
s0052,25,0,60.353912
s0052,26,0,77.94859
s0052,27,0,64.36285
s0052,28,0,70.64029
s0052,29,0,62.81182
s0052,30,0,51.764538
s0052,31,0,59.319424
s0052,32,0,60.729702
s0052,33,0,53.022953
s0052,34,0,54.38532
s0052,35,0,53.473717
s0052,36,0,53.803947
s0052,37,0,55.478844
s0052,38,0,66.57092
s0052,39,0,53.18073
s0052,40,0,60.583263
s0052,41,0,55.91494
s0052,42,0,65.52071
s0052,43,0,32.223343
s0052,44,0,68.64164
s0052,45,0,43.794033
s0052,46,0,43.30072
s0052,47,0,66.366425
s0052,48,0,67.05626
s0052,49,0,40.137577
s0052,50,0,44.65238
s0052,51,0,56.81664
s0052,52,0,53.025814
s0052,53,0,60.52876
s0052,54,0,56.847366
s0052,55,0,61.003242
s0052,56,0,51.740955
s0052,57,0,61.600258
s0052,58,0,58.771698
s0052,59,0,59.850025
s0052,60,0,57.07025
s0052,61,0,62.723522
s0052,62,0,64.3811
s0052,63,0,70.66056
s0052,64,0,62.547413
s0052,65,0,67.625305
s0052,66,0,65.02965
s0052,67,0,68.72731
s0052,68,0,78.31156
s0052,69,0,68.83014
s0052,70,0,58.394463
s0052,71,0,57.23713
s0052,72,0,66.58324
s0052,73,0,74.27746
s0052,74,0,64.79745
s0052,75,0,74.788605
s0052,76,0,65.362816
s0052,77,0,79.912025
s0052,78,0,71.420654
s0052,79,0,72.65529
s0052,80,0,68.21297
s0052,81,0,72.96197
s0052,82,0,60.162636
s0052,83,0,66.13641
s0052,84,0,68.76585
s0052,85,0,77.1826
s0052,86,0,66.88889
s0052,87,0,69.214294
s0052,88,0,64.33088
s0052,89,0,57.070972
s0052,90,0,60.555096
s0052,91,0,66.27016
s0052,92,0,67.62624
s0052,93,0,67.15201
s0052,94,0,75.89208
s0052,95,0,60.355503
s0053,0,0,51.542854
s0053,1,0,59.92691
s0053,2,0,42.21361
s0053,3,0,59.052235
s0053,4,0,57.178528
s0053,5,0,56.452213
s0053,6,0,50.221798
s0053,7,0,57.36577
s0053,8,0,58.417637
s0053,9,0,62.81675
s0053,10,0,60.161762
s0053,11,0,71.780876
s0053,12,0,70.30812
s0053,13,0,70.55966
s0053,14,0,62.746296
s0053,15,0,69.9596
s0053,16,0,68.27325
s0053,17,0,65.62409
s0053,18,0,62.948246
s0053,19,0,66.42285
s0053,20,0,63.00971
s0053,21,0,68.007576
s0053,22,0,63.72506
s0053,23,0,68.65884
s0053,24,0,58.59275
s0053,25,0,74.205246
s0053,26,0,66.381325
s0053,27,0,57.90517
s0053,28,0,76.20121
s0053,29,0,65.47443
s0053,30,0,56.18003
s0053,31,0,61.15966
s0053,32,0,69.399666
s0053,33,0,60.00842
s0053,34,0,48.676796
s0053,35,0,61.118538
s0053,36,0,59.912704
s0053,37,0,58.963463
s0053,38,0,59.758194
s0053,39,0,38.21475
s0053,40,0,61.14067
s0053,41,0,51.394802
s0053,42,0,28.351622
s0053,43,0,46.50256
s0053,44,0,56.616352
s0053,45,0,32.178722
s0053,46,0,52.876842
s0053,47,0,50.37531
s0053,48,0,67.45832
s0053,49,0,59.840332
s0053,50,0,40.350307
s0053,51,0,36.185783
s0053,52,0,51.94919
s0053,53,0,60.1276
s0053,54,0,60.658173
s0053,55,0,53.566643
s0053,56,0,46.75565
s0053,57,0,62.55436
s0053,58,0,59.72185
s0053,59,0,60.93908
s0053,60,0,57.97632
s0053,61,0,68.60631
s0053,62,0,69.80335
s0053,63,0,58.946846
s0053,64,0,68.449486
s0053,65,0,77.81116
s0053,66,0,69.39743
s0053,67,0,60.007267
s0053,68,0,58.72813
s0053,69,0,63.129833
s0053,70,0,51.158077
s0053,71,0,63.227425
s0053,72,0,49.747917
s0053,73,0,67.95647
s0053,74,0,77.389946
s0053,75,0,73.162796
s0053,76,0,75.9529
s0053,77,0,73.50718
s0053,78,0,78.179985
s0053,79,0,69.722
s0053,80,0,87.80222
s0053,81,0,70.81471
s0053,82,0,68.13283
s0053,83,0,68.62309
s0053,84,0,63.376934
s0053,85,0,77.33845
s0053,86,0,65.44645
s0053,87,0,71.25361
s0053,88,0,67.457466
s0053,89,0,65.7069
s0053,90,0,61.54373
s0053,91,0,64.65637
s0053,92,0,65.04969
s0053,93,0,72.02563
s0053,94,0,72.280754
s0053,95,0,67.32236
s0054,0,0,56.790604
s0054,1,0,49.49183
s0054,2,0,44.622047
s0054,3,0,46.044296
s0054,4,0,40.997833
s0054,5,0,55.14109
s0054,6,0,46.72944
s0054,7,0,58.480892
s0054,8,0,62.599094
s0054,9,0,59.287296
s0054,10,0,62.0395
s0054,11,0,54.61763
s0054,12,0,73.413895
s0054,13,0,65.53432
s0054,14,0,63.916515
s0054,15,0,66.55515
s0054,16,0,68.95347
s0054,17,0,62.353363
s0054,18,0,58.302174
s0054,19,0,65.55471
s0054,20,0,71.79362
s0054,21,0,68.33156
s0054,22,0,69.65342
s0054,23,0,59.177757
s0054,24,0,63.592564
s0054,25,0,73.10472
s0054,26,0,72.69384
s0054,27,0,68.93525
s0054,28,0,61.6747
s0054,29,0,73.4068
s0054,30,0,56.18253
s0054,31,0,62.834404
s0054,32,0,54.56365
s0054,33,0,61.49213
s0054,34,0,41.08766
s0054,35,0,55.2953
s0054,36,0,45.826057
s0054,37,0,65.92891
s0054,38,0,58.881313
s0054,39,0,46.118164
s0054,40,0,55.005615
s0054,41,0,35.65953
s0054,42,0,51.734436
s0054,43,0,60.342697
s0054,44,0,55.571396
s0054,45,0,46.420116
s0054,46,0,59.187336
s0054,47,0,24.787916
s0054,48,0,58.27189
s0054,49,0,45.314835
s0054,50,0,62.172527
s0054,51,0,39.202667
s0054,52,0,41.74683
s0054,53,0,48.53587
s0054,54,0,69.579346
s0054,55,0,60.57042
s0054,56,0,61.88847
s0054,57,0,65.62342
s0054,58,0,52.976982
s0054,59,0,68.08474
s0054,60,0,52.933884
s0054,61,0,58.14817
s0054,62,0,67.836876
s0054,63,0,73.19665
s0054,64,0,67.55206
s0054,65,0,72.377945
s0054,66,0,74.907074
s0054,67,0,70.599815
s0054,68,0,66.33677
s0054,69,0,62.052425
s0054,70,0,49.158047
s0054,71,0,58.61122
s0054,72,0,58.0793
s0054,73,0,77.19283
s0054,74,0,77.840706
s0054,75,0,73.82303
s0054,76,0,65.728165
s0054,77,0,70.839874
s0054,78,0,63.992947
s0054,79,0,72.36359
s0054,80,0,78.146805
s0054,81,0,68.72112
s0054,82,0,62.402718
s0054,83,0,65.68978
s0054,84,0,68.943756
s0054,85,0,71.957825
s0054,86,0,64.04108
s0054,87,0,58.603954
s0054,88,0,54.16545
s0054,89,0,59.749397
s0054,90,0,55.93877
s0054,91,0,68.71615
s0054,92,0,64.504234
s0054,93,0,64.747765
s0054,94,0,72.18509
s0054,95,0,73.398415
s0055,0,0,55.672318
s0055,1,0,41.83318
s0055,2,0,43.835693
s0055,3,0,47.215942
s0055,4,0,57.641666
s0055,5,0,51.105526
s0055,6,0,48.411713
s0055,7,0,56.89606
s0055,8,0,53.61634
s0055,9,0,55.76323
s0055,10,0,66.17874
s0055,11,0,60.06476
s0055,12,0,67.543686
s0055,13,0,70.86399
s0055,14,0,79.74645
s0055,15,0,68.247635
s0055,16,0,61.36887
s0055,17,0,68.15247
s0055,18,0,67.05891
s0055,19,0,60.10563
s0055,20,0,63.568714
s0055,21,0,70.37005
s0055,22,0,63.238335
s0055,23,0,67.111404
s0055,24,0,73.50855
s0055,25,0,71.567
s0055,26,0,68.451416
s0055,27,0,69.95533
s0055,28,0,65.96152
s0055,29,0,68.62945
s0055,30,0,45.02981
s0055,31,0,68.38203
s0055,32,0,62.41203
s0055,33,0,58.70958
s0055,34,0,53.868607
s0055,35,0,49.514862
s0055,36,0,51.657173
s0055,37,0,49.897915
s0055,38,0,47.918697
s0055,39,0,42.22519
s0055,40,0,63.132397
s0055,41,0,45.528694
s0055,42,0,37.338657
s0055,43,0,45.96372
s0055,44,0,72.19843
s0055,45,0,33.54326
s0055,46,0,22.67021
s0055,47,0,28.693527
s0055,48,0,43.671333
s0055,49,0,34.706905
s0055,50,0,45.64071
s0055,51,0,61.758404
s0055,52,0,49.584923
s0055,53,0,54.49165
s0055,54,0,47.97619
s0055,55,0,55.410988
s0055,56,0,58.05028
s0055,57,0,61.524868
s0055,58,0,50.500267
s0055,59,0,67.62782
s0055,60,0,67.14781
s0055,61,0,63.517437
s0055,62,0,73.96036
s0055,63,0,68.354645
s0055,64,0,68.37712
s0055,65,0,58.17192
s0055,66,0,69.18701
s0055,67,0,58.438774
s0055,68,0,68.97121
s0055,69,0,57.35791
s0055,70,0,57.153236
s0055,71,0,49.90196
s0055,72,0,56.84098
s0055,73,0,76.57872
s0055,74,0,77.71413
s0055,75,0,64.23204
s0055,76,0,73.227
s0055,77,0,73.27174
s0055,78,0,64.672005
s0055,79,0,77.88121
s0055,80,0,75.832924
s0055,81,0,68.80592
s0055,82,0,65.895546
s0055,83,0,63.773003
s0055,84,0,73.17081
s0055,85,0,69.8042
s0055,86,0,65.74212
s0055,87,0,62.19068
s0055,88,0,58.92097
s0055,89,0,59.096764
s0055,90,0,57.25712
s0055,91,0,68.22666
s0055,92,0,55.981968
s0055,93,0,67.59195
s0055,94,0,64.81041
s0055,95,0,78.01588
s0056,0,0,50.86437
s0056,1,0,48.59421
s0056,2,0,45.942245
s0056,3,0,46.758213
s0056,4,0,50.537262
s0056,5,0,51.862595
s0056,6,0,58.52885
s0056,7,0,66.75841
s0056,8,0,53.542465
s0056,9,0,60.944576
s0056,10,0,63.03447
s0056,11,0,55.225925
s0056,12,0,63.616463
s0056,13,0,71.46974
s0056,14,0,66.62776
s0056,15,0,71.97784
s0056,16,0,65.14422
s0056,17,0,72.0068
s0056,18,0,58.546318
s0056,19,0,63.35442
s0056,20,0,59.721466
s0056,21,0,65.650665
s0056,22,0,68.730225
s0056,23,0,74.11343
s0056,24,0,65.75701
s0056,25,0,65.40475
s0056,26,0,70.36707
s0056,27,0,66.40023
s0056,28,0,77.83819
s0056,29,0,65.69658
s0056,30,0,49.63026
s0056,31,0,58.243176
s0056,32,0,66.2264
s0056,33,0,57.37894
s0056,34,0,55.211838
s0056,35,0,36.281334
s0056,36,0,66.13724
s0056,37,0,52.584038
s0056,38,0,62.697422
s0056,39,0,37.56387
s0056,40,0,40.066883
s0056,41,0,42.643887
s0056,42,0,47.960247
s0056,43,0,55.03491
s0056,44,0,57.309345
s0056,45,0,41.780132
s0056,46,0,53.65775
s0056,47,0,29.79683
s0056,48,0,23.64418
s0056,49,0,44.283886
s0056,50,0,41.93762
s0056,51,0,53.17128
s0056,52,0,47.36509
s0056,53,0,51.39002
s0056,54,0,62.860306
s0056,55,0,55.011913
s0056,56,0,64.39596
s0056,57,0,66.86414
s0056,58,0,53.724125
s0056,59,0,57.299015
s0056,60,0,54.278706
s0056,61,0,64.12296
s0056,62,0,72.72544
s0056,63,0,74.14353
s0056,64,0,59.614304
s0056,65,0,60.61646
s0056,66,0,76.09623
s0056,67,0,61.368645
s0056,68,0,74.20977
s0056,69,0,61.785797
s0056,70,0,57.24822
s0056,71,0,58.34034
s0056,72,0,57.425587
s0056,73,0,59.464226
s0056,74,0,84.76149
s0056,75,0,76.801254
s0056,76,0,74.339676
s0056,77,0,69.68349
s0056,78,0,70.72355
s0056,79,0,77.70963
s0056,80,0,81.45394
s0056,81,0,74.11484
s0056,82,0,71.38451
s0056,83,0,70.4632
s0056,84,0,64.673744
s0056,85,0,72.67256
s0056,86,0,78.05573
s0056,87,0,63.48
s0056,88,0,67.33667
s0056,89,0,57.778202
s0056,90,0,61.908787
s0056,91,0,72.07081
s0056,92,0,61.424843
s0056,93,0,74.23789
s0056,94,0,71.39108
s0056,95,0,66.86803
s0057,0,0,48.589638
s0057,1,0,45.61203
s0057,2,0,47.703575
s0057,3,0,51.503834
s0057,4,0,39.066807
s0057,5,0,49.632706
s0057,6,0,54.94837
s0057,7,0,60.09647
s0057,8,0,59.1415
s0057,9,0,54.608677
s0057,10,0,65.26367
s0057,11,0,71.07196
s0057,12,0,62.895416
s0057,13,0,70.38328
s0057,14,0,71.979126
s0057,15,0,70.9334
s0057,16,0,71.25895
s0057,17,0,57.089485
s0057,18,0,63.17393
s0057,19,0,73.0759
s0057,20,0,65.01312
s0057,21,0,66.80333
s0057,22,0,72.732834
s0057,23,0,63.279766
s0057,24,0,73.26586
s0057,25,0,64.596535
s0057,26,0,57.061832
s0057,27,0,57.58047
s0057,28,0,77.69182
s0057,29,0,75.11196
s0057,30,0,67.60739
s0057,31,0,59.17459
s0057,32,0,59.36826
s0057,33,0,55.17275
s0057,34,0,55.00925
s0057,35,0,55.397278
s0057,36,0,55.003407
s0057,37,0,46.208813
s0057,38,0,48.012646
s0057,39,0,42.52491
s0057,40,0,58.245777
s0057,41,0,34.75224
s0057,42,0,47.5612
s0057,43,0,47.65865
s0057,44,0,55.42194
s0057,45,0,61.552437
s0057,46,0,29.84794
s0057,47,0,22.437393
s0057,48,0,42.4348
s0057,49,0,55.03761
s0057,50,0,52.56536
s0057,51,0,54.946705
s0057,52,0,47.87603
s0057,53,0,48.64254
s0057,54,0,46.816154
s0057,55,0,66.49953
s0057,56,0,56.942493
s0057,57,0,66.224236
s0057,58,0,62.108627
s0057,59,0,67.122215
s0057,60,0,51.24512
s0057,61,0,60.27507
s0057,62,0,72.17375
s0057,63,0,74.82212
s0057,64,0,63.73602
s0057,65,0,70.87734
s0057,66,0,63.318367
s0057,67,0,54.55877
s0057,68,0,62.902584
s0057,69,0,70.45695
s0057,70,0,60.98315
s0057,71,0,57.377712
s0057,72,0,70.35611
s0057,73,0,75.30954
s0057,74,0,64.48948
s0057,75,0,65.6463
s0057,76,0,74.774254
s0057,77,0,69.182495
s0057,78,0,75.7115
s0057,79,0,63.65527
s0057,80,0,69.59988
s0057,81,0,70.99441
s0057,82,0,63.006912
s0057,83,0,69.53513
s0057,84,0,63.493374
s0057,85,0,73.03762
s0057,86,0,74.539856
s0057,87,0,65.4327
s0057,88,0,57.04935
s0057,89,0,61.3018
s0057,90,0,55.23882
s0057,91,0,64.55311
s0057,92,0,65.3847
s0057,93,0,78.873405
s0057,94,0,63.85531
s0057,95,0,71.85621
s0058,0,0,61.496685
s0058,1,0,48.710526
s0058,2,0,46.33441
s0058,3,0,52.785454
s0058,4,0,53.380657
s0058,5,0,51.70262
s0058,6,0,44.713337
s0058,7,0,46.05318
s0058,8,0,64.83268
s0058,9,0,51.774254
s0058,10,0,58.57829
s0058,11,0,65.10463
s0058,12,0,69.94741
s0058,13,0,73.86729
s0058,14,0,77.04536
s0058,15,0,72.59616
s0058,16,0,66.155304
s0058,17,0,62.54677
s0058,18,0,63.41293
s0058,19,0,65.37609
s0058,20,0,66.5133
s0058,21,0,74.159256
s0058,22,0,59.605263
s0058,23,0,63.965683
s0058,24,0,74.770226
s0058,25,0,71.260635
s0058,26,0,58.91334
s0058,27,0,70.29109
s0058,28,0,62.564198
s0058,29,0,69.82108
s0058,30,0,52.54517
s0058,31,0,64.94004
s0058,32,0,59.579304
s0058,33,0,56.284134
s0058,34,0,57.508976
s0058,35,0,54.89644
s0058,36,0,48.191536
s0058,37,0,57.722847
s0058,38,0,66.46993
s0058,39,0,59.19586
s0058,40,0,64.03418
s0058,41,0,52.375195
s0058,42,0,50.52509
s0058,43,0,55.272285
s0058,44,0,41.94712
s0058,45,0,60.30449
s0058,46,0,46.86449
s0058,47,0,47.386955
s0058,48,0,56.803226
s0058,49,0,41.14665
s0058,50,0,39.918957
s0058,51,0,53.66161
s0058,52,0,38.986275
s0058,53,0,62.23534
s0058,54,0,48.74244
s0058,55,0,58.19309
s0058,56,0,52.24579
s0058,57,0,59.37867
s0058,58,0,57.88896
s0058,59,0,64.234924
s0058,60,0,60.923126
s0058,61,0,67.38187
s0058,62,0,74.2657
s0058,63,0,66.82533
s0058,64,0,66.1854
s0058,65,0,65.4683
s0058,66,0,81.202194
s0058,67,0,61.28756
s0058,68,0,63.686882
s0058,69,0,70.31191
s0058,70,0,48.831787
s0058,71,0,63.168
s0058,72,0,56.823746
s0058,73,0,68.29414
s0058,74,0,74.299835
s0058,75,0,67.89124
s0058,76,0,66.38407
s0058,77,0,72.02211
s0058,78,0,74.64296
s0058,79,0,89.21447
s0058,80,0,83.40733
s0058,81,0,74.848755
s0058,82,0,71.86887
s0058,83,0,68.107315
s0058,84,0,55.198364
s0058,85,0,70.09441
s0058,86,0,67.27743
s0058,87,0,64.44185
s0058,88,0,62.811085
s0058,89,0,76.431625
s0058,90,0,54.9002
s0058,91,0,76.59519
s0058,92,0,67.628654
s0058,93,0,83.929794
s0058,94,0,72.43006
s0058,95,0,62.14311
s0059,0,0,51.169693
s0059,1,0,60.79705
s0059,2,0,52.76275
s0059,3,0,42.92835
s0059,4,0,58.305294
s0059,5,0,48.707066
s0059,6,0,48.04405
s0059,7,0,55.83475
s0059,8,0,51.122654
s0059,9,0,62.124733
s0059,10,0,72.03107
s0059,11,0,61.369392
s0059,12,0,73.81783
s0059,13,0,66.935875
s0059,14,0,71.21534
s0059,15,0,71.01688
s0059,16,0,68.853004
s0059,17,0,56.74084
s0059,18,0,67.357864
s0059,19,0,62.502934
s0059,20,0,67.40064
s0059,21,0,66.28548
s0059,22,0,66.577484
s0059,23,0,62.38212
s0059,24,0,63.469807
s0059,25,0,54.99143
s0059,26,0,63.925964
s0059,27,0,57.303467
s0059,28,0,72.7533
s0059,29,0,63.865734
s0059,30,0,57.179195
s0059,31,0,66.09867
s0059,32,0,59.288296
s0059,33,0,58.80837
s0059,34,0,49.551582
s0059,35,0,49.102757
s0059,36,0,52.82069
s0059,37,0,49.051823
s0059,38,0,64.01873
s0059,39,0,63.19422
s0059,40,0,63.495888
s0059,41,0,60.280163
s0059,42,0,58.47538
s0059,43,0,49.46007
s0059,44,0,59.110104
s0059,45,0,27.010454
s0059,46,0,20.131351
s0059,47,0,50.159847
s0059,48,0,49.79654
s0059,49,0,56.169296
s0059,50,0,44.82318
s0059,51,0,36.792587
s0059,52,0,45.391045
s0059,53,0,66.16008
s0059,54,0,43.58386
s0059,55,0,45.80899
s0059,56,0,55.794365
s0059,57,0,71.12108
s0059,58,0,51.715153
s0059,59,0,61.819443
s0059,60,0,66.89679
s0059,61,0,54.619617
s0059,62,0,72.48523
s0059,63,0,74.32124
s0059,64,0,64.83671
s0059,65,0,72.289345
s0059,66,0,68.26438
s0059,67,0,54.80787
s0059,68,0,64.9524
s0059,69,0,61.55231
s0059,70,0,56.638214
s0059,71,0,53.170948
s0059,72,0,59.73463
s0059,73,0,68.3104
s0059,74,0,74.85986
s0059,75,0,72.134636
s0059,76,0,71.2743
s0059,77,0,74.367004
s0059,78,0,71.550156
s0059,79,0,74.74083
s0059,80,0,82.8273
s0059,81,0,70.99039
s0059,82,0,63.378
s0059,83,0,63.865532
s0059,84,0,69.31173
s0059,85,0,69.34998
s0059,86,0,64.90173
s0059,87,0,54.571507
s0059,88,0,62.822742
s0059,89,0,59.724308
s0059,90,0,54.232502
s0059,91,0,62.479553
s0059,92,0,74.73225
s0059,93,0,62.9322
s0059,94,0,65.83842
s0059,95,0,70.850174
s0060,0,0,61.28054
s0060,1,0,39.08649
s0060,2,0,44.547714
s0060,3,0,49.178383
s0060,4,0,46.943665
s0060,5,0,45.080086
s0060,6,0,58.56778
s0060,7,0,54.13023
s0060,8,0,59.056698
s0060,9,0,58.500282
s0060,10,0,63.614223
s0060,11,0,55.5793
s0060,12,0,68.298706
s0060,13,0,64.84203
s0060,14,0,62.536293
s0060,15,0,75.04461
s0060,16,0,63.291428
s0060,17,0,73.623
s0060,18,0,62.38324
s0060,19,0,61.51969
s0060,20,0,69.562744
s0060,21,0,64.41123
s0060,22,0,59.739166
s0060,23,0,75.97125
s0060,24,0,71.36299
s0060,25,0,73.795074
s0060,26,0,78.53599
s0060,27,0,60.78495
s0060,28,0,73.79096
s0060,29,0,58.614136
s0060,30,0,64.44723
s0060,31,0,61.280373
s0060,32,0,61.147125
s0060,33,0,53.936863
s0060,34,0,66.531334
s0060,35,0,52.339016
s0060,36,0,54.690567
s0060,37,0,47.987953
s0060,38,0,58.091343
s0060,39,0,31.083807
s0060,40,0,62.111332
s0060,41,0,36.88696
s0060,42,0,52.57844
s0060,43,0,50.036346
s0060,44,0,71.90518
s0060,45,0,54.647552
s0060,46,0,49.82597
s0060,47,0,54.59287
s0060,48,0,28.230663
s0060,49,0,50.04581
s0060,50,0,51.852215
s0060,51,0,54.721695
s0060,52,0,68.625465
s0060,53,0,43.073658
s0060,54,0,50.457653
s0060,55,0,66.302605
s0060,56,0,61.555904
s0060,57,0,57.496223
s0060,58,0,49.94311
s0060,59,0,73.71708
s0060,60,0,58.815323
s0060,61,0,69.83534
s0060,62,0,71.194336
s0060,63,0,76.48344
s0060,64,0,57.773434
s0060,65,0,65.566376
s0060,66,0,59.08386
s0060,67,0,67.56211
s0060,68,0,74.916794
s0060,69,0,65.16027
s0060,70,0,59.35193
s0060,71,0,66.722046
s0060,72,0,58.021782
s0060,73,0,73.44344
s0060,74,0,76.45632
s0060,75,0,76.9365
s0060,76,0,69.74506
s0060,77,0,74.441925
s0060,78,0,72.78015
s0060,79,0,75.71103
s0060,80,0,71.13931
s0060,81,0,75.494835
s0060,82,0,56.66531
s0060,83,0,66.88495
s0060,84,0,61.645855
s0060,85,0,74.65979
s0060,86,0,51.667595
s0060,87,0,55.996105
s0060,88,0,66.61554
s0060,89,0,56.498474
s0060,90,0,54.55507
s0060,91,0,85.25486
s0060,92,0,60.079727
s0060,93,0,56.438793
s0060,94,0,60.956924
s0060,95,0,71.37362
s0061,0,0,60.56218
s0061,1,0,48.769173
s0061,2,0,52.793446
s0061,3,0,37.735508
s0061,4,0,61.076035
s0061,5,0,67.2577
s0061,6,0,47.257797
s0061,7,0,61.47839
s0061,8,0,56.347977
s0061,9,0,53.352776
s0061,10,0,62.26489
s0061,11,0,58.05433
s0061,12,0,74.09283
s0061,13,0,57.68406
s0061,14,0,63.280643
s0061,15,0,72.30109
s0061,16,0,62.4874
s0061,17,0,57.12181
s0061,18,0,57.32332
s0061,19,0,76.528625
s0061,20,0,64.7767
s0061,21,0,59.61549
s0061,22,0,57.091434
s0061,23,0,66.61997
s0061,24,0,69.08954
s0061,25,0,61.568325
s0061,26,0,71.89884
s0061,27,0,58.893036
s0061,28,0,76.071266
s0061,29,0,67.02269
s0061,30,0,57.841278
s0061,31,0,60.189102
s0061,32,0,59.350193
s0061,33,0,60.905697
s0061,34,0,57.632656
s0061,35,0,50.694454
s0061,36,0,64.23638
s0061,37,0,52.801525
s0061,38,0,57.991024
s0061,39,0,71.89119
s0061,40,0,48.659492
s0061,41,0,55.103336
s0061,42,0,55.49035
s0061,43,0,26.48649
s0061,44,0,63.20545
s0061,45,0,43.05736
s0061,46,0,45.990437
s0061,47,0,40.431366
s0061,48,0,66.42159
s0061,49,0,66.38329
s0061,50,0,44.29807
s0061,51,0,55.864727
s0061,52,0,56.433556
s0061,53,0,53.110714
s0061,54,0,54.90639
s0061,55,0,58.89125
s0061,56,0,60.05132
s0061,57,0,64.080086
s0061,58,0,57.710968
s0061,59,0,65.33176
s0061,60,0,62.42184
s0061,61,0,59.79854
s0061,62,0,74.41668
s0061,63,0,71.246284
s0061,64,0,64.56024
s0061,65,0,66.461716
s0061,66,0,71.129684
s0061,67,0,67.18305
s0061,68,0,57.750916
s0061,69,0,60.79352
s0061,70,0,57.061886
s0061,71,0,61.75517
s0061,72,0,65.87957
s0061,73,0,71.34725
s0061,74,0,75.31984
s0061,75,0,67.00908
s0061,76,0,72.69612
s0061,77,0,66.82814
s0061,78,0,69.80416
s0061,79,0,74.26089
s0061,80,0,80.07099
s0061,81,0,67.5069
s0061,82,0,68.05654
s0061,83,0,60.140034
s0061,84,0,67.69744
s0061,85,0,70.35924
s0061,86,0,60.707447
s0061,87,0,60.35
s0061,88,0,71.3399
s0061,89,0,69.307625
s0061,90,0,49.82418
s0061,91,0,61.853146
s0061,92,0,62.909424
s0061,93,0,64.21858
s0061,94,0,80.95229
s0061,95,0,76.86255
s0062,0,0,54.37555
s0062,1,0,57.341663
s0062,2,0,42.997765
s0062,3,0,41.041485
s0062,4,0,52.552258
s0062,5,0,67.17331
s0062,6,0,53.554073
s0062,7,0,63.628067
s0062,8,0,69.79881
s0062,9,0,58.815815
s0062,10,0,57.76894
s0062,11,0,65.13414
s0062,12,0,58.673424
s0062,13,0,62.89339
s0062,14,0,68.64378
s0062,15,0,58.28835
s0062,16,0,62.57617
s0062,17,0,56.18492
s0062,18,0,70.502335
s0062,19,0,61.331844
s0062,20,0,71.692
s0062,21,0,71.18301
s0062,22,0,63.2033
s0062,23,0,70.20079
s0062,24,0,61.70784
s0062,25,0,61.648865
s0062,26,0,71.25321
s0062,27,0,63.518867
s0062,28,0,68.87245
s0062,29,0,63.299343
s0062,30,0,56.70422
s0062,31,0,63.816868
s0062,32,0,55.090458
s0062,33,0,62.589954
s0062,34,0,58.404472
s0062,35,0,46.874638
s0062,36,0,44.970238
s0062,37,0,57.797974
s0062,38,0,59.487034
s0062,39,0,58.864063
s0062,40,0,58.52492
s0062,41,0,46.945644
s0062,42,0,54.556866
s0062,43,0,48.370617
s0062,44,0,50.537086
s0062,45,0,62.001125
s0062,46,0,40.934555
s0062,47,0,48.080975
s0062,48,0,45.862675
s0062,49,0,53.716877
s0062,50,0,43.848927
s0062,51,0,56.47543
s0062,52,0,60.83807
s0062,53,0,63.17329
s0062,54,0,45.98966
s0062,55,0,52.110565
s0062,56,0,67.553986
s0062,57,0,62.115093
s0062,58,0,50.719704
s0062,59,0,71.21829
s0062,60,0,66.9714
s0062,61,0,55.976803
s0062,62,0,74.30352
s0062,63,0,62.634937
s0062,64,0,63.51443
s0062,65,0,61.244473
s0062,66,0,68.251114
s0062,67,0,70.199486
s0062,68,0,70.88154
s0062,69,0,68.617546
s0062,70,0,63.124596
s0062,71,0,63.46075
s0062,72,0,49.52243
s0062,73,0,72.60113
s0062,74,0,71.75979
s0062,75,0,69.5381
s0062,76,0,72.88249
s0062,77,0,70.24361
s0062,78,0,71.92724
s0062,79,0,70.02052
s0062,80,0,67.047386
s0062,81,0,80.40693
s0062,82,0,62.815094
s0062,83,0,65.85508
s0062,84,0,67.12934
s0062,85,0,64.79673
s0062,86,0,60.645634
s0062,87,0,69.34276
s0062,88,0,59.74307
s0062,89,0,65.508095
s0062,90,0,55.177258
s0062,91,0,73.928665
s0062,92,0,78.84642
s0062,93,0,65.95827
s0062,94,0,69.93121
s0062,95,0,70.39598
s0063,0,0,53.944138
s0063,1,0,47.299458
s0063,2,0,46.11567
s0063,3,0,42.5602
s0063,4,0,43.04643
s0063,5,0,50.611404
s0063,6,0,54.294647
s0063,7,0,48.807117
s0063,8,0,60.39992
s0063,9,0,57.19267
s0063,10,0,64.698685
s0063,11,0,67.025024
s0063,12,0,61.41158
s0063,13,0,71.181755
s0063,14,0,70.870384
s0063,15,0,74.94965
s0063,16,0,61.773457
s0063,17,0,67.97347
s0063,18,0,55.687214
s0063,19,0,63.511337
s0063,20,0,65.347916
s0063,21,0,65.69748
s0063,22,0,74.79223
s0063,23,0,72.97644
s0063,24,0,66.2177
s0063,25,0,70.86909
s0063,26,0,71.65908
s0063,27,0,62.601955
s0063,28,0,74.58744
s0063,29,0,66.26154
s0063,30,0,61.427006
s0063,31,0,58.715607
s0063,32,0,53.904694
s0063,33,0,55.434147
s0063,34,0,59.760994
s0063,35,0,60.893307
s0063,36,0,53.450233
s0063,37,0,49.909798
s0063,38,0,53.24926
s0063,39,0,61.746243
s0063,40,0,70.68007
s0063,41,0,61.001408
s0063,42,0,34.800728
s0063,43,0,42.53455
s0063,44,0,62.721348
s0063,45,0,64.238075
s0063,46,0,45.2951
s0063,47,0,31.32333
s0063,48,0,65.22161
s0063,49,0,49.364796
s0063,50,0,41.109085
s0063,51,0,47.60244
s0063,52,0,61.85566
s0063,53,0,42.42189
s0063,54,0,35.24088
s0063,55,0,64.87952
s0063,56,0,60.046497
s0063,57,0,63.11713
s0063,58,0,48.575226
s0063,59,0,69.9514
s0063,60,0,50.365543
s0063,61,0,69.65132
s0063,62,0,81.9097
s0063,63,0,73.498024
s0063,64,0,65.09863
s0063,65,0,58.26307
s0063,66,0,74.71925
s0063,67,0,64.876396
s0063,68,0,60.894325
s0063,69,0,65.87825
s0063,70,0,54.217014
s0063,71,0,57.91844
s0063,72,0,61.202263
s0063,73,0,70.675804
s0063,74,0,77.57419
s0063,75,0,64.72913
s0063,76,0,78.18194
s0063,77,0,58.317337
s0063,78,0,75.466576
s0063,79,0,82.62274
s0063,80,0,66.34142
s0063,81,0,77.37644
s0063,82,0,64.97156
s0063,83,0,66.692276
s0063,84,0,76.6384
s0063,85,0,71.8368
s0063,86,0,67.62493
s0063,87,0,56.689304
s0063,88,0,58.014767
s0063,89,0,66.487595
s0063,90,0,54.82413
s0063,91,0,69.448586
s0063,92,0,77.84854
s0063,93,0,65.92494
s0063,94,0,66.94558
s0063,95,0,63.3129
s0064,0,0,50.403763
s0064,1,0,49.055138
s0064,2,0,45.9741
s0064,3,0,48.49951
s0064,4,0,46.777634
s0064,5,0,50.7106
s0064,6,0,56.05345
s0064,7,0,58.586887
s0064,8,0,65.07779
s0064,9,0,52.25992
s0064,10,0,71.44312
s0064,11,0,61.11064
s0064,12,0,70.638275
s0064,13,0,73.04518
s0064,14,0,72.94287
s0064,15,0,59.186546
s0064,16,0,68.62259
s0064,17,0,63.70808
s0064,18,0,66.747444
s0064,19,0,55.777103
s0064,20,0,71.92718
s0064,21,0,59.6512
s0064,22,0,66.85831
s0064,23,0,67.90906
s0064,24,0,71.4474
s0064,25,0,71.22714
s0064,26,0,75.858635
s0064,27,0,66.29762
s0064,28,0,69.40327
s0064,29,0,71.38211
s0064,30,0,56.905174
s0064,31,0,53.958202
s0064,32,0,53.897064
s0064,33,0,55.728104
s0064,34,0,40.886242
s0064,35,0,52.049503
s0064,36,0,60.089775
s0064,37,0,69.06097
s0064,38,0,60.3417
s0064,39,0,49.750015
s0064,40,0,67.601326
s0064,41,0,40.546074
s0064,42,0,54.764324
s0064,43,0,37.897682
s0064,44,0,40.162827
s0064,45,0,63.003113
s0064,46,0,22.64037
s0064,47,0,55.95794
s0064,48,0,70.061844
s0064,49,0,51.754612
s0064,50,0,58.538868
s0064,51,0,32.670177
s0064,52,0,45.26214
s0064,53,0,54.950344
s0064,54,0,38.6266
s0064,55,0,61.857914
s0064,56,0,54.26695
s0064,57,0,63.150608
s0064,58,0,55.746494
s0064,59,0,65.751854
s0064,60,0,57.96748
s0064,61,0,68.691505
s0064,62,0,72.8934
s0064,63,0,70.384865
s0064,64,0,62.894016
s0064,65,0,57.204514
s0064,66,0,76.117584
s0064,67,0,61.99518
s0064,68,0,58.019028
s0064,69,0,67.374855
s0064,70,0,58.55936
s0064,71,0,67.067024
s0064,72,0,68.26639
s0064,73,0,64.583466
s0064,74,0,75.79671
s0064,75,0,82.61308
s0064,76,0,79.199295
s0064,77,0,71.49788
s0064,78,0,88.2188
s0064,79,0,71.512344
s0064,80,0,78.5645
s0064,81,0,71.43625
s0064,82,0,64.51371
s0064,83,0,61.23331
s0064,84,0,77.23498
s0064,85,0,67.4028
s0064,86,0,69.08028
s0064,87,0,68.088264
s0064,88,0,64.61541
s0064,89,0,52.14283
s0064,90,0,52.09742
s0064,91,0,67.996796
s0064,92,0,70.37397
s0064,93,0,64.14892
s0064,94,0,74.20408
s0064,95,0,67.94943
s0065,0,0,53.967503
s0065,1,0,48.33239
s0065,2,0,57.198177
s0065,3,0,47.85431
s0065,4,0,46.170685
s0065,5,0,53.486748
s0065,6,0,46.973568
s0065,7,0,53.700306
s0065,8,0,60.996296
s0065,9,0,59.144115
s0065,10,0,60.019764
s0065,11,0,64.62209
s0065,12,0,74.93832
s0065,13,0,64.95837
s0065,14,0,57.801884
s0065,15,0,57.66801
s0065,16,0,64.18931
s0065,17,0,57.906567
s0065,18,0,63.567135
s0065,19,0,61.116955
s0065,20,0,71.30769
s0065,21,0,60.795265
s0065,22,0,63.765423
s0065,23,0,65.52829
s0065,24,0,70.69337
s0065,25,0,58.32201
s0065,26,0,69.843094
s0065,27,0,61.17433
s0065,28,0,63.19375
s0065,29,0,71.65121
s0065,30,0,59.492653
s0065,31,0,65.321915
s0065,32,0,62.77149
s0065,33,0,49.334606
s0065,34,0,42.751163
s0065,35,0,55.541763
s0065,36,0,64.35258
s0065,37,0,54.180637
s0065,38,0,46.939526
s0065,39,0,58.862465
s0065,40,0,63.084255
s0065,41,0,43.590225
s0065,42,0,49.411053
s0065,43,0,56.076565
s0065,44,0,42.11081
s0065,45,0,28.12879
s0065,46,0,46.106762
s0065,47,0,36.53558
s0065,48,0,19.00468
s0065,49,0,50.426426
s0065,50,0,39.262444
s0065,51,0,61.26429
s0065,52,0,44.214043
s0065,53,0,50.10381
s0065,54,0,54.95717
s0065,55,0,42.711987
s0065,56,0,55.335808
s0065,57,0,59.735344
s0065,58,0,56.250854
s0065,59,0,64.45106
s0065,60,0,62.605934
s0065,61,0,64.22282
s0065,62,0,68.27924
s0065,63,0,77.50081
s0065,64,0,60.281075
s0065,65,0,63.288773
s0065,66,0,73.33061
s0065,67,0,69.024414
s0065,68,0,61.650345
s0065,69,0,60.65178
s0065,70,0,61.752365
s0065,71,0,60.87419
s0065,72,0,61.893974
s0065,73,0,68.853806
s0065,74,0,69.3095
s0065,75,0,74.95458
s0065,76,0,71.10312
s0065,77,0,76.684525
s0065,78,0,62.4293
s0065,79,0,71.02838
s0065,80,0,70.53806
s0065,81,0,76.08843
s0065,82,0,70.09244
s0065,83,0,66.33249
s0065,84,0,70.08552
s0065,85,0,75.18383
s0065,86,0,68.96244
s0065,87,0,57.03974
s0065,88,0,60.705364
s0065,89,0,66.18893
s0065,90,0,52.75023
s0065,91,0,68.72035
s0065,92,0,69.46864
s0065,93,0,78.33686
s0065,94,0,72.2459
s0065,95,0,63.88837
s0066,0,0,59.364548
s0066,1,0,43.045025
s0066,2,0,44.73646
s0066,3,0,47.30994
s0066,4,0,43.979877
s0066,5,0,48.343662
s0066,6,0,52.066418
s0066,7,0,63.610584
s0066,8,0,65.607376
s0066,9,0,63.1304
s0066,10,0,63.49126
s0066,11,0,68.19251
s0066,12,0,64.974304
s0066,13,0,72.80027
s0066,14,0,69.19389
s0066,15,0,69.313736
s0066,16,0,56.419514
s0066,17,0,69.20606
s0066,18,0,58.49182
s0066,19,0,67.14658
s0066,20,0,65.84347
s0066,21,0,66.78801
s0066,22,0,56.392475
s0066,23,0,63.487362
s0066,24,0,68.75803
s0066,25,0,66.03337
s0066,26,0,72.532455
s0066,27,0,64.935455
s0066,28,0,75.37023
s0066,29,0,65.603004
s0066,30,0,56.123898
s0066,31,0,64.33463
s0066,32,0,50.260727
s0066,33,0,46.1009
s0066,34,0,40.249226
s0066,35,0,53.540955
s0066,36,0,59.669205
s0066,37,0,70.08199
s0066,38,0,58.843185
s0066,39,0,53.485916
s0066,40,0,70.08804
s0066,41,0,43.668888
s0066,42,0,36.35235
s0066,43,0,44.34245
s0066,44,0,45.13146
s0066,45,0,37.53092
s0066,46,0,39.962635
s0066,47,0,39.622406
s0066,48,0,30.883463
s0066,49,0,54.913044
s0066,50,0,59.166504
s0066,51,0,45.542664
s0066,52,0,67.14379
s0066,53,0,57.482872
s0066,54,0,54.468845
s0066,55,0,62.42807
s0066,56,0,57.253754
s0066,57,0,65.120255
s0066,58,0,55.471443
s0066,59,0,56.754913
s0066,60,0,56.412888
s0066,61,0,67.25189
s0066,62,0,71.19785
s0066,63,0,66.20306
s0066,64,0,64.05029
s0066,65,0,59.552097
s0066,66,0,75.88436
s0066,67,0,58.158115
s0066,68,0,66.44843
s0066,69,0,56.92369
s0066,70,0,48.642086
s0066,71,0,67.08549
s0066,72,0,61.49969
s0066,73,0,72.72213
s0066,74,0,73.60537
s0066,75,0,64.47869
s0066,76,0,79.45974
s0066,77,0,77.90614
s0066,78,0,68.85249
s0066,79,0,73.5258
s0066,80,0,71.15706
s0066,81,0,74.39318
s0066,82,0,64.583405
s0066,83,0,66.12425
s0066,84,0,67.14682
s0066,85,0,71.82593
s0066,86,0,64.24513
s0066,87,0,69.394424
s0066,88,0,70.85905
s0066,89,0,71.97194
s0066,90,0,63.261703
s0066,91,0,66.75289
s0066,92,0,72.71218
s0066,93,0,70.99941
s0066,94,0,71.73901
s0066,95,0,65.38057
s0067,0,0,51.5972
s0067,1,0,52.982166
s0067,2,0,42.070873
s0067,3,0,47.20766
s0067,4,0,55.586468
s0067,5,0,56.297882
s0067,6,0,53.832726
s0067,7,0,59.853462
s0067,8,0,54.113655
s0067,9,0,68.30102
s0067,10,0,56.417973
s0067,11,0,64.98227
s0067,12,0,66.688095
s0067,13,0,74.03489
s0067,14,0,68.92998
s0067,15,0,69.89764
s0067,16,0,62.80507
s0067,17,0,58.87693
s0067,18,0,63.668964
s0067,19,0,66.012215
s0067,20,0,64.594055
s0067,21,0,71.68429
s0067,22,0,55.414635
s0067,23,0,66.41667
s0067,24,0,60.151405
s0067,25,0,71.16541
s0067,26,0,65.62066
s0067,27,0,49.206882
s0067,28,0,69.08853
s0067,29,0,77.03875
s0067,30,0,64.43419
s0067,31,0,67.7908
s0067,32,0,50.836395
s0067,33,0,48.68256
s0067,34,0,46.85929
s0067,35,0,56.554577
s0067,36,0,54.478832
s0067,37,0,53.008923
s0067,38,0,36.424038
s0067,39,0,52.14056
s0067,40,0,67.603
s0067,41,0,51.460453
s0067,42,0,35.97116
s0067,43,0,29.208176
s0067,44,0,59.81242
s0067,45,0,39.323742
s0067,46,0,59.11333
s0067,47,0,53.5203
s0067,48,0,29.2946
s0067,49,0,47.312244
s0067,50,0,64.47976
s0067,51,0,57.395004
s0067,52,0,40.80821
s0067,53,0,49.694225
s0067,54,0,53.190052
s0067,55,0,56.91074
s0067,56,0,52.075096
s0067,57,0,53.611965
s0067,58,0,53.867607
s0067,59,0,61.486866
s0067,60,0,63.37988
s0067,61,0,69.32161
s0067,62,0,75.021034
s0067,63,0,71.25807
s0067,64,0,66.59575
s0067,65,0,68.99104
s0067,66,0,69.944954
s0067,67,0,59.395985
s0067,68,0,70.182495
s0067,69,0,67.88368
s0067,70,0,52.45265
s0067,71,0,65.3476
s0067,72,0,61.392178
s0067,73,0,74.34681
s0067,74,0,67.02761
s0067,75,0,68.36963
s0067,76,0,85.34983
s0067,77,0,69.97164
s0067,78,0,70.02177
s0067,79,0,64.99127
s0067,80,0,74.68292
s0067,81,0,73.45073
s0067,82,0,64.398674
s0067,83,0,71.93461
s0067,84,0,57.402817
s0067,85,0,69.863266
s0067,86,0,69.242096
s0067,87,0,58.847786
s0067,88,0,69.68759
s0067,89,0,59.65155
s0067,90,0,50.114708
s0067,91,0,70.50426
s0067,92,0,68.33527
s0067,93,0,61.995876
s0067,94,0,68.32754
s0067,95,0,66.77873
s0068,0,0,62.190563
s0068,1,0,55.857063
s0068,2,0,48.749706
s0068,3,0,57.88027
s0068,4,0,62.598316
s0068,5,0,53.19084
s0068,6,0,60.63922
s0068,7,0,56.845093
s0068,8,0,66.57969
s0068,9,0,61.731003
s0068,10,0,61.40019
s0068,11,0,63.901493
s0068,12,0,66.503204
s0068,13,0,64.72936
s0068,14,0,68.794975
s0068,15,0,64.133255
s0068,16,0,67.68196
s0068,17,0,58.885258
s0068,18,0,64.004036
s0068,19,0,62.510216
s0068,20,0,76.30739
s0068,21,0,64.10295
s0068,22,0,67.13516
s0068,23,0,69.19257
s0068,24,0,70.51565
s0068,25,0,66.463844
s0068,26,0,74.636795
s0068,27,0,54.951405
s0068,28,0,73.42701
s0068,29,0,75.4908
s0068,30,0,53.960316
s0068,31,0,64.707794
s0068,32,0,47.666595
s0068,33,0,56.891518
s0068,34,0,46.866196
s0068,35,0,55.98756
s0068,36,0,60.677773
s0068,37,0,62.57471
s0068,38,0,61.15334
s0068,39,0,57.750828
s0068,40,0,60.30433
s0068,41,0,45.035942
s0068,42,0,38.300808
s0068,43,0,40.626675
s0068,44,0,66.03733
s0068,45,0,31.00899
s0068,46,0,26.524853
s0068,47,0,59.863117
s0068,48,0,56.11142
s0068,49,0,41.28825
s0068,50,0,52.680023
s0068,51,0,71.551674
s0068,52,0,51.9114
s0068,53,0,48.99313
s0068,54,0,47.74404
s0068,55,0,70.56054
s0068,56,0,60.694717
s0068,57,0,59.99141
s0068,58,0,58.127415
s0068,59,0,62.06941
s0068,60,0,54.313694
s0068,61,0,71.00793
s0068,62,0,71.18947
s0068,63,0,74.4132
s0068,64,0,63.340843
s0068,65,0,66.49956
s0068,66,0,72.45449
s0068,67,0,59.949154
s0068,68,0,60.40667
s0068,69,0,76.77953
s0068,70,0,54.79849
s0068,71,0,59.65359
s0068,72,0,63.88149
s0068,73,0,60.355618
s0068,74,0,72.31831
s0068,75,0,69.487335
s0068,76,0,76.212265
s0068,77,0,73.651276
s0068,78,0,75.58895
s0068,79,0,70.71396
s0068,80,0,74.35785
s0068,81,0,79.40252
s0068,82,0,71.33793
s0068,83,0,76.62625
s0068,84,0,74.59185
s0068,85,0,56.736496
s0068,86,0,64.085594
s0068,87,0,60.64131
s0068,88,0,59.59302
s0068,89,0,52.49174
s0068,90,0,54.96046
s0068,91,0,72.42635
s0068,92,0,69.64858
s0068,93,0,82.666405
s0068,94,0,74.102036
s0068,95,0,59.891468
s0069,0,0,44.39166
s0069,1,0,43.56164
s0069,2,0,34.54059
s0069,3,0,43.988037
s0069,4,0,65.913956
s0069,5,0,57.25421
s0069,6,0,49.90176
s0069,7,0,46.83739
s0069,8,0,62.75126
s0069,9,0,56.68085
s0069,10,0,60.977093
s0069,11,0,65.86046
s0069,12,0,66.37137
s0069,13,0,68.62312
s0069,14,0,67.58523
s0069,15,0,67.27011
s0069,16,0,67.67916
s0069,17,0,62.6403
s0069,18,0,59.677467
s0069,19,0,64.638824
s0069,20,0,73.00203
s0069,21,0,64.18763
s0069,22,0,67.3944
s0069,23,0,75.55909
s0069,24,0,65.480865
s0069,25,0,68.11787
s0069,26,0,61.48472
s0069,27,0,60.262074
s0069,28,0,70.844864
s0069,29,0,67.32795
s0069,30,0,59.271584
s0069,31,0,61.523987
s0069,32,0,56.221424
s0069,33,0,51.166645
s0069,34,0,56.52862
s0069,35,0,50.26072
s0069,36,0,53.2966
s0069,37,0,76.038795
s0069,38,0,59.816303
s0069,39,0,58.191338
s0069,40,0,51.83176
s0069,41,0,77.00458
s0069,42,0,46.008427
s0069,43,0,35.808365
s0069,44,0,61.21389
s0069,45,0,48.122356
s0069,46,0,37.26317
s0069,47,0,42.40081
s0069,48,0,72.81763
s0069,49,0,41.523846
s0069,50,0,56.363396
s0069,51,0,53.66916
s0069,52,0,47.063725
s0069,53,0,55.257687
s0069,54,0,58.13883
s0069,55,0,59.453125
s0069,56,0,55.015625
s0069,57,0,55.910957
s0069,58,0,58.29636
s0069,59,0,60.835228
s0069,60,0,54.576134
s0069,61,0,60.62154
s0069,62,0,78.76495
s0069,63,0,76.337135
s0069,64,0,55.780045
s0069,65,0,66.39798
s0069,66,0,68.39145
s0069,67,0,59.343056
s0069,68,0,71.34653
s0069,69,0,60.693813
s0069,70,0,54.67922
s0069,71,0,64.80322
s0069,72,0,59.685596
s0069,73,0,64.38949
s0069,74,0,85.38933
s0069,75,0,73.829636
s0069,76,0,66.810104
s0069,77,0,70.423
s0069,78,0,71.95833
s0069,79,0,68.73767
s0069,80,0,79.20689
s0069,81,0,70.639534
s0069,82,0,67.86948
s0069,83,0,63.05198
s0069,84,0,64.11665
s0069,85,0,74.73016
s0069,86,0,60.56634
s0069,87,0,61.479805
s0069,88,0,50.33423
s0069,89,0,60.037766
s0069,90,0,57.684116
s0069,91,0,66.653046
s0069,92,0,69.650894
s0069,93,0,65.75246
s0069,94,0,72.82294
s0069,95,0,72.457924
s0070,0,0,50.002144
s0070,1,0,48.31823
s0070,2,0,51.35682
s0070,3,0,51.604256
s0070,4,0,52.825233
s0070,5,0,56.75928
s0070,6,0,54.680317
s0070,7,0,57.49432
s0070,8,0,61.95727
s0070,9,0,56.456894
s0070,10,0,64.68021
s0070,11,0,71.45862
s0070,12,0,77.24806
s0070,13,0,66.78775
s0070,14,0,70.08366
s0070,15,0,68.49849
s0070,16,0,62.720806
s0070,17,0,67.73261
s0070,18,0,55.923508
s0070,19,0,66.5152
s0070,20,0,59.8633
s0070,21,0,66.739006
s0070,22,0,59.076538
s0070,23,0,71.17735
s0070,24,0,76.42934
s0070,25,0,64.00554
s0070,26,0,77.77366
s0070,27,0,69.43682
s0070,28,0,71.49555
s0070,29,0,72.31105
s0070,30,0,63.173397
s0070,31,0,62.35311
s0070,32,0,54.764294
s0070,33,0,45.500957
s0070,34,0,51.47574
s0070,35,0,54.446625
s0070,36,0,49.230175
s0070,37,0,53.667004
s0070,38,0,57.97532
s0070,39,0,58.813393
s0070,40,0,75.546555
s0070,41,0,43.50436
s0070,42,0,30.239584
s0070,43,0,51.064384
s0070,44,0,65.233925
s0070,45,0,49.315704
s0070,46,0,28.039104
s0070,47,0,48.539425
s0070,48,0,46.34434
s0070,49,0,50.603664
s0070,50,0,39.68549
s0070,51,0,44.513428
s0070,52,0,65.20174
s0070,53,0,45.705303
s0070,54,0,59.790215
s0070,55,0,56.84864
s0070,56,0,57.34716
s0070,57,0,51.538082
s0070,58,0,55.66417
s0070,59,0,66.41309
s0070,60,0,60.91734
s0070,61,0,48.599236
s0070,62,0,74.760124
s0070,63,0,70.003265
s0070,64,0,63.690617
s0070,65,0,68.81229
s0070,66,0,65.61139
s0070,67,0,62.34186
s0070,68,0,60.350594
s0070,69,0,73.629684
s0070,70,0,65.20908
s0070,71,0,63.33458
s0070,72,0,57.653698
s0070,73,0,61.870564
s0070,74,0,69.94868
s0070,75,0,79.817825
s0070,76,0,74.06673
s0070,77,0,72.58062
s0070,78,0,71.74012
s0070,79,0,70.78249
s0070,80,0,74.726456
s0070,81,0,75.55585
s0070,82,0,68.635475
s0070,83,0,70.217445
s0070,84,0,63.78995
s0070,85,0,72.93998
s0070,86,0,55.340866
s0070,87,0,55.565456
s0070,88,0,57.93456
s0070,89,0,61.123714
s0070,90,0,59.024014
s0070,91,0,68.41234
s0070,92,0,69.474304
s0070,93,0,70.38951
s0070,94,0,67.19905
s0070,95,0,69.830894
s0071,0,0,60.457104
s0071,1,0,50.051205
s0071,2,0,33.166546
s0071,3,0,40.758514
s0071,4,0,55.335033
s0071,5,0,55.343304
s0071,6,0,60.729816
s0071,7,0,47.930645
s0071,8,0,63.06906
s0071,9,0,58.84708
s0071,10,0,59.345554
s0071,11,0,63.907917
s0071,12,0,68.00492
s0071,13,0,71.807526
s0071,14,0,64.25328
s0071,15,0,67.408775
s0071,16,0,61.302406
s0071,17,0,69.79785
s0071,18,0,58.326336
s0071,19,0,74.19563
s0071,20,0,61.77711
s0071,21,0,60.876427
s0071,22,0,71.240944
s0071,23,0,66.14878
s0071,24,0,70.290535
s0071,25,0,66.20127
s0071,26,0,73.29618
s0071,27,0,59.13918
s0071,28,0,65.57688
s0071,29,0,70.77269
s0071,30,0,62.134235
s0071,31,0,64.53378
s0071,32,0,61.42256
s0071,33,0,55.067307
s0071,34,0,45.51777
s0071,35,0,45.2499
s0071,36,0,41.334805
s0071,37,0,55.912655
s0071,38,0,60.001892
s0071,39,0,35.621838
s0071,40,0,45.837307
s0071,41,0,52.153515
s0071,42,0,31.167023
s0071,43,0,58.19498
s0071,44,0,69.75351
s0071,45,0,50.649155
s0071,46,0,40.7299
s0071,47,0,39.648136
s0071,48,0,58.77274
s0071,49,0,50.92672
s0071,50,0,48.493397
s0071,51,0,33.27927
s0071,52,0,65.65627
s0071,53,0,63.633247
s0071,54,0,57.99078
s0071,55,0,48.71167
s0071,56,0,68.41575
s0071,57,0,66.056786
s0071,58,0,62.32883
s0071,59,0,67.510185
s0071,60,0,58.86635
s0071,61,0,58.700245
s0071,62,0,78.8337
s0071,63,0,78.709145
s0071,64,0,56.62692
s0071,65,0,70.89786
s0071,66,0,64.94813
s0071,67,0,68.08028
s0071,68,0,60.552006
s0071,69,0,64.58195
s0071,70,0,59.996235
s0071,71,0,60.18399
s0071,72,0,62.43252
s0071,73,0,66.16742
s0071,74,0,73.63575
s0071,75,0,75.952644
s0071,76,0,66.77628
s0071,77,0,65.12912
s0071,78,0,73.601
s0071,79,0,78.481155
s0071,80,0,73.04908
s0071,81,0,70.05307
s0071,82,0,63.588814
s0071,83,0,61.120068
s0071,84,0,73.27496
s0071,85,0,73.753075
s0071,86,0,67.64947
s0071,87,0,59.33373
s0071,88,0,63.070667
s0071,89,0,72.69269
s0071,90,0,49.79505
s0071,91,0,74.92372
s0071,92,0,59.732834
s0071,93,0,66.73098
s0071,94,0,62.690228
s0071,95,0,70.36965
s0072,0,0,56.82222
s0072,1,0,46.083176
s0072,2,0,47.819416
s0072,3,0,43.05013
s0072,4,0,59.06235
s0072,5,0,54.09544
s0072,6,0,56.602493
s0072,7,0,49.916393
s0072,8,0,56.046974
s0072,9,0,57.462246
s0072,10,0,60.138676
s0072,11,0,59.63857
s0072,12,0,54.436924
s0072,13,0,68.07994
s0072,14,0,70.04644
s0072,15,0,62.129326
s0072,16,0,73.09282
s0072,17,0,62.052036
s0072,18,0,67.775505
s0072,19,0,63.948456
s0072,20,0,61.398506
s0072,21,0,68.367584
s0072,22,0,55.937122
s0072,23,0,67.95286
s0072,24,0,70.41495
s0072,25,0,69.10733
s0072,26,0,66.281075
s0072,27,0,68.89922
s0072,28,0,61.35243
s0072,29,0,70.49589
s0072,30,0,50.572437
s0072,31,0,68.13249
s0072,32,0,61.92468
s0072,33,0,51.922882
s0072,34,0,49.67368
s0072,35,0,54.61465
s0072,36,0,57.447403
s0072,37,0,66.63144
s0072,38,0,43.057236
s0072,39,0,58.726284
s0072,40,0,45.14704
s0072,41,0,52.362335
s0072,42,0,41.94079
s0072,43,0,45.429962
s0072,44,0,54.352585
s0072,45,0,45.951054
s0072,46,0,53.989574
s0072,47,0,40.963055
s0072,48,0,33.879707
s0072,49,0,41.763985
s0072,50,0,34.243916
s0072,51,0,38.811356
s0072,52,0,68.33053
s0072,53,0,50.44591
s0072,54,0,60.565666
s0072,55,0,40.74631
s0072,56,0,63.294056
s0072,57,0,65.092705
s0072,58,0,54.201687
s0072,59,0,67.77891
s0072,60,0,54.9976
s0072,61,0,66.71107
s0072,62,0,69.19584
s0072,63,0,76.19489
s0072,64,0,50.525345
s0072,65,0,66.56373
s0072,66,0,69.97893
s0072,67,0,69.93637
s0072,68,0,64.19931
s0072,69,0,70.88353
s0072,70,0,56.50393
s0072,71,0,57.0376
s0072,72,0,59.948105
s0072,73,0,75.34569
s0072,74,0,70.91965
s0072,75,0,71.83457
s0072,76,0,69.60839
s0072,77,0,67.789696
s0072,78,0,71.548515
s0072,79,0,71.63649
s0072,80,0,70.80538
s0072,81,0,79.92461
s0072,82,0,64.43555
s0072,83,0,64.40219
s0072,84,0,66.12846
s0072,85,0,77.575745
s0072,86,0,66.72931
s0072,87,0,60.502453
s0072,88,0,60.13631
s0072,89,0,61.80932
s0072,90,0,58.435402
s0072,91,0,70.00353
s0072,92,0,54.040607
s0072,93,0,66.48804
s0072,94,0,66.642044
s0072,95,0,67.47439
s0073,0,0,55.653023
s0073,1,0,53.22782
s0073,2,0,53.803986
s0073,3,0,55.192444
s0073,4,0,50.62386
s0073,5,0,57.652466
s0073,6,0,64.38665
s0073,7,0,57.53741
s0073,8,0,65.818054
s0073,9,0,63.28418
s0073,10,0,60.37832
s0073,11,0,60.420383
s0073,12,0,64.691345
s0073,13,0,68.0117
s0073,14,0,70.23462
s0073,15,0,70.35231
s0073,16,0,64.77931
s0073,17,0,67.93752
s0073,18,0,67.729546
s0073,19,0,67.419556
s0073,20,0,59.81637
s0073,21,0,66.20599
s0073,22,0,57.145374
s0073,23,0,79.94783
s0073,24,0,68.053955
s0073,25,0,58.21244
s0073,26,0,67.64656
s0073,27,0,69.516785
s0073,28,0,63.42067
s0073,29,0,60.53536
s0073,30,0,53.134052
s0073,31,0,73.0711
s0073,32,0,56.240345
s0073,33,0,48.499306
s0073,34,0,44.422386
s0073,35,0,61.423344
s0073,36,0,58.775043
s0073,37,0,62.336166
s0073,38,0,59.00474
s0073,39,0,53.84863
s0073,40,0,47.55323
s0073,41,0,53.4329
s0073,42,0,54.591267
s0073,43,0,42.450848
s0073,44,0,46.378246
s0073,45,0,34.275066
s0073,46,0,21.076712
s0073,47,0,55.843006
s0073,48,0,57.151672
s0073,49,0,47.458637
s0073,50,0,49.890697
s0073,51,0,60.428123
s0073,52,0,63.273262
s0073,53,0,42.054527
s0073,54,0,47.687405
s0073,55,0,55.858852
s0073,56,0,62.406673
s0073,57,0,72.400536
s0073,58,0,60.184937
s0073,59,0,62.70087
s0073,60,0,59.50576
s0073,61,0,67.71541
s0073,62,0,68.86662
s0073,63,0,69.599144
s0073,64,0,59.854324
s0073,65,0,70.21744
s0073,66,0,73.86776
s0073,67,0,67.79863
s0073,68,0,70.19463
s0073,69,0,64.06931
s0073,70,0,53.50957
s0073,71,0,68.67982
s0073,72,0,56.372105
s0073,73,0,64.92851
s0073,74,0,64.811356
s0073,75,0,71.93841
s0073,76,0,70.333206
s0073,77,0,77.63863
s0073,78,0,73.14617
s0073,79,0,71.48155
s0073,80,0,70.6725
s0073,81,0,72.1842
s0073,82,0,66.14416
s0073,83,0,69.51747
s0073,84,0,55.945976
s0073,85,0,77.105576
s0073,86,0,54.387974
s0073,87,0,58.888702
s0073,88,0,57.76869
s0073,89,0,56.535507
s0073,90,0,54.527477
s0073,91,0,67.24445
s0073,92,0,70.69883
s0073,93,0,63.32122
s0073,94,0,75.15213
s0073,95,0,62.09815
s0074,0,0,61.665398
s0074,1,0,58.118713
s0074,2,0,48.05756
s0074,3,0,44.376495
s0074,4,0,52.120758
s0074,5,0,50.116837
s0074,6,0,46.498997
s0074,7,0,50.938534
s0074,8,0,57.49271
s0074,9,0,54.8131
s0074,10,0,61.59422
s0074,11,0,58.360695
s0074,12,0,68.4506
s0074,13,0,74.78265
s0074,14,0,64.2811
s0074,15,0,76.20741
s0074,16,0,54.52849
s0074,17,0,66.32749
s0074,18,0,65.04664
s0074,19,0,65.11434
s0074,20,0,73.229324
s0074,21,0,69.76483
s0074,22,0,65.04718
s0074,23,0,68.00592
s0074,24,0,74.30211
s0074,25,0,64.389755
s0074,26,0,72.50037
s0074,27,0,63.854427
s0074,28,0,67.21675
s0074,29,0,69.80629
s0074,30,0,55.868553
s0074,31,0,59.22803
s0074,32,0,53.764477
s0074,33,0,61.034878
s0074,34,0,48.595306
s0074,35,0,55.5762
s0074,36,0,43.538498
s0074,37,0,52.406208
s0074,38,0,48.157547
s0074,39,0,58.728092
s0074,40,0,59.328224
s0074,41,0,61.01528
s0074,42,0,38.704475
s0074,43,0,49.615192
s0074,44,0,42.98444
s0074,45,0,37.129177
s0074,46,0,54.18033
s0074,47,0,25.19885
s0074,48,0,57.477062
s0074,49,0,50.760464
s0074,50,0,49.47304
s0074,51,0,44.818554
s0074,52,0,34.209282
s0074,53,0,61.02557
s0074,54,0,50.95654
s0074,55,0,55.810055
s0074,56,0,57.727688
s0074,57,0,60.953125
s0074,58,0,52.055347
s0074,59,0,68.39914
s0074,60,0,58.953865
s0074,61,0,59.294754
s0074,62,0,72.92216
s0074,63,0,74.3812
s0074,64,0,68.15557
s0074,65,0,60.06838
s0074,66,0,67.56714
s0074,67,0,63.133434
s0074,68,0,63.428326
s0074,69,0,72.25553
s0074,70,0,57.999226
s0074,71,0,59.53607
s0074,72,0,65.71313
s0074,73,0,68.015045
s0074,74,0,66.82294
s0074,75,0,67.61935
s0074,76,0,72.63076
s0074,77,0,77.25488
s0074,78,0,72.36269
s0074,79,0,75.89135
s0074,80,0,82.15766
s0074,81,0,70.51775
s0074,82,0,68.68438
s0074,83,0,62.480076
s0074,84,0,73.07125
s0074,85,0,72.935555
s0074,86,0,59.405514
s0074,87,0,56.846508
s0074,88,0,60.792507
s0074,89,0,56.87091
s0074,90,0,60.7561
s0074,91,0,68.90738
s0074,92,0,72.873405
s0074,93,0,74.91347
s0074,94,0,70.47411
s0074,95,0,68.89886
s0075,0,0,55.506413
s0075,1,0,44.828
s0075,2,0,53.614895
s0075,3,0,49.697525
s0075,4,0,49.56365
s0075,5,0,57.076023
s0075,6,0,50.136986
s0075,7,0,44.96087
s0075,8,0,60.31655
s0075,9,0,59.59639
s0075,10,0,54.554207
s0075,11,0,61.93317
s0075,12,0,73.48886
s0075,13,0,58.33266
s0075,14,0,76.60358
s0075,15,0,73.97212
s0075,16,0,70.77387
s0075,17,0,64.98802
s0075,18,0,64.19863
s0075,19,0,64.19769
s0075,20,0,68.33047
s0075,21,0,64.61715
s0075,22,0,71.89256
s0075,23,0,71.09463
s0075,24,0,74.36702
s0075,25,0,68.71416
s0075,26,0,69.17414
s0075,27,0,67.33124
s0075,28,0,64.36483
s0075,29,0,72.66137
s0075,30,0,51.99288
s0075,31,0,56.740623
s0075,32,0,55.516056
s0075,33,0,54.829853
s0075,34,0,51.125607
s0075,35,0,54.987236
s0075,36,0,52.23139
s0075,37,0,71.89862
s0075,38,0,46.71187
s0075,39,0,49.090435
s0075,40,0,65.10582
s0075,41,0,48.215122
s0075,42,0,38.520256
s0075,43,0,37.519455
s0075,44,0,45.420025
s0075,45,0,50.146248
s0075,46,0,42.000675
s0075,47,0,46.135536
s0075,48,0,29.793556
s0075,49,0,33.802834
s0075,50,0,56.967236
s0075,51,0,49.87023
s0075,52,0,39.12299
s0075,53,0,30.608414
s0075,54,0,52.922268
s0075,55,0,57.157013
s0075,56,0,50.74765
s0075,57,0,59.56451
s0075,58,0,57.992725
s0075,59,0,67.30075
s0075,60,0,54.306007
s0075,61,0,55.032887
s0075,62,0,65.1036
s0075,63,0,74.617615
s0075,64,0,64.63248
s0075,65,0,60.680508
s0075,66,0,67.60217
s0075,67,0,66.61125
s0075,68,0,64.79557
s0075,69,0,69.49477
s0075,70,0,51.5026
s0075,71,0,49.65213
s0075,72,0,62.911015
s0075,73,0,57.581486
s0075,74,0,72.361755
s0075,75,0,78.02024
s0075,76,0,68.75491
s0075,77,0,73.079384
s0075,78,0,72.47549
s0075,79,0,80.34393
s0075,80,0,71.23447
s0075,81,0,70.91597
s0075,82,0,64.73501
s0075,83,0,66.431076
s0075,84,0,79.249916
s0075,85,0,61.832485
s0075,86,0,62.757607
s0075,87,0,63.977364
s0075,88,0,71.66112
s0075,89,0,64.01122
s0075,90,0,46.858536
s0075,91,0,64.568954
s0075,92,0,73.08354
s0075,93,0,60.848915
s0075,94,0,69.63958
s0075,95,0,64.826164
s0076,0,0,50.466404
s0076,1,0,44.246655
s0076,2,0,41.6526
s0076,3,0,47.942726
s0076,4,0,55.678616
s0076,5,0,59.902466
s0076,6,0,61.462345
s0076,7,0,52.197414
s0076,8,0,63.941933
s0076,9,0,64.07409
s0076,10,0,63.12109
s0076,11,0,64.8285
s0076,12,0,72.737045
s0076,13,0,69.508
s0076,14,0,59.916122
s0076,15,0,66.771835
s0076,16,0,65.38011
s0076,17,0,67.22516
s0076,18,0,66.8069
s0076,19,0,67.27258
s0076,20,0,67.15373
s0076,21,0,62.06527
s0076,22,0,56.617672
s0076,23,0,75.137794
s0076,24,0,76.46356
s0076,25,0,69.51207
s0076,26,0,73.938705
s0076,27,0,67.58749
s0076,28,0,70.43027
s0076,29,0,66.76875
s0076,30,0,59.92786
s0076,31,0,61.49083
s0076,32,0,54.719116
s0076,33,0,56.662495
s0076,34,0,55.146873
s0076,35,0,57.445724
s0076,36,0,57.07356
s0076,37,0,50.944134
s0076,38,0,63.26757
s0076,39,0,46.90481
s0076,40,0,66.57609
s0076,41,0,54.43362
s0076,42,0,28.397892
s0076,43,0,44.39556
s0076,44,0,26.528164
s0076,45,0,48.494278
s0076,46,0,57.617687
s0076,47,0,41.862343
s0076,48,0,40.990776
s0076,49,0,46.090675
s0076,50,0,49.745712
s0076,51,0,69.55594
s0076,52,0,53.224316
s0076,53,0,58.868584
s0076,54,0,64.32266
s0076,55,0,55.134995
s0076,56,0,57.433315
s0076,57,0,69.908615
s0076,58,0,50.7744
s0076,59,0,58.4607
s0076,60,0,58.18043
s0076,61,0,62.614372
s0076,62,0,68.394585
s0076,63,0,78.96268
s0076,64,0,71.41054
s0076,65,0,70.510315
s0076,66,0,68.45109
s0076,67,0,64.60014
s0076,68,0,69.68577
s0076,69,0,57.52464
s0076,70,0,58.040913
s0076,71,0,55.460567
s0076,72,0,62.495193
s0076,73,0,73.85508
s0076,74,0,77.57572
s0076,75,0,68.57453
s0076,76,0,71.29877
s0076,77,0,78.747284
s0076,78,0,70.310425
s0076,79,0,75.60076
s0076,80,0,73.502396
s0076,81,0,71.31198
s0076,82,0,67.029175
s0076,83,0,70.74504
s0076,84,0,80.343704
s0076,85,0,75.83797
s0076,86,0,58.023373
s0076,87,0,61.17816
s0076,88,0,63.410122
s0076,89,0,67.065895
s0076,90,0,53.380375
s0076,91,0,67.57219
s0076,92,0,65.84211
s0076,93,0,64.45919
s0076,94,0,62.55001
s0076,95,0,68.85639
s0077,0,0,46.05891
s0077,1,0,35.87989
s0077,2,0,49.16072
s0077,3,0,56.065556
s0077,4,0,54.98609
s0077,5,0,45.740498
s0077,6,0,45.038593
s0077,7,0,56.7112
s0077,8,0,70.693
s0077,9,0,57.86759
s0077,10,0,60.065926
s0077,11,0,65.889366
s0077,12,0,72.38101
s0077,13,0,68.54332
s0077,14,0,71.70791
s0077,15,0,73.40363
s0077,16,0,59.51436
s0077,17,0,68.387505
s0077,18,0,58.157238
s0077,19,0,64.48122
s0077,20,0,63.67383
s0077,21,0,55.196632
s0077,22,0,71.86183
s0077,23,0,61.10238
s0077,24,0,70.226555
s0077,25,0,60.30933
s0077,26,0,74.12765
s0077,27,0,63.800423
s0077,28,0,70.27528
s0077,29,0,74.717224
s0077,30,0,51.523323
s0077,31,0,67.71801
s0077,32,0,63.09127
s0077,33,0,55.573017
s0077,34,0,48.344383
s0077,35,0,52.720264
s0077,36,0,52.06607
s0077,37,0,47.71012
s0077,38,0,61.501976
s0077,39,0,47.07561
s0077,40,0,54.420597
s0077,41,0,60.928898
s0077,42,0,53.352158
s0077,43,0,34.926857
s0077,44,0,39.505463
s0077,45,0,33.095394
s0077,46,0,64.46247
s0077,47,0,40.393894
s0077,48,0,42.190422
s0077,49,0,45.70694
s0077,50,0,34.939934
s0077,51,0,36.685696
s0077,52,0,46.687935
s0077,53,0,47.929962
s0077,54,0,41.665485
s0077,55,0,51.91747
s0077,56,0,61.7759
s0077,57,0,56.84168
s0077,58,0,62.111755
s0077,59,0,64.3292
s0077,60,0,65.25646
s0077,61,0,57.619057
s0077,62,0,64.21454
s0077,63,0,64.31373
s0077,64,0,65.17942
s0077,65,0,68.94733
s0077,66,0,64.98717
s0077,67,0,63.28489
s0077,68,0,62.326244
s0077,69,0,62.333855
s0077,70,0,54.45541
s0077,71,0,67.72297
s0077,72,0,56.2574
s0077,73,0,68.50566
s0077,74,0,74.86178
s0077,75,0,79.123726
s0077,76,0,63.139523
s0077,77,0,70.54729
s0077,78,0,81.82401
s0077,79,0,72.68552
s0077,80,0,82.71945
s0077,81,0,73.846306
s0077,82,0,63.94502
s0077,83,0,76.25877
s0077,84,0,70.738464
s0077,85,0,71.28519
s0077,86,0,65.83485
s0077,87,0,63.26771
s0077,88,0,58.42932
s0077,89,0,59.561813
s0077,90,0,66.378876
s0077,91,0,75.368645
s0077,92,0,69.18564
s0077,93,0,69.00145
s0077,94,0,70.472
s0077,95,0,74.006714
s0078,0,0,51.68531
s0078,1,0,55.592163
s0078,2,0,42.39592
s0078,3,0,35.299694
s0078,4,0,56.22063
s0078,5,0,43.513622
s0078,6,0,48.99457
s0078,7,0,56.425293
s0078,8,0,60.292183
s0078,9,0,57.999973
s0078,10,0,63.43057
s0078,11,0,69.30538
s0078,12,0,59.84817
s0078,13,0,74.342354
s0078,14,0,66.25893
s0078,15,0,59.432278
s0078,16,0,64.44335
s0078,17,0,70.16485
s0078,18,0,64.34682
s0078,19,0,62.064205
s0078,20,0,73.58539
s0078,21,0,62.904
s0078,22,0,61.67192
s0078,23,0,75.09176
s0078,24,0,68.38216
s0078,25,0,70.57403
s0078,26,0,71.39137
s0078,27,0,54.173916
s0078,28,0,65.11262
s0078,29,0,68.51508
s0078,30,0,62.18384
s0078,31,0,64.78502
s0078,32,0,59.06411
s0078,33,0,55.195328
s0078,34,0,48.72304
s0078,35,0,56.34995
s0078,36,0,38.3575
s0078,37,0,54.768627
s0078,38,0,61.39009
s0078,39,0,43.10487
s0078,40,0,59.04748
s0078,41,0,50.305096
s0078,42,0,58.77977
s0078,43,0,43.85237
s0078,44,0,63.792763
s0078,45,0,52.62689
s0078,46,0,20.623734
s0078,47,0,58.118816
s0078,48,0,64.000885
s0078,49,0,34.80021
s0078,50,0,59.431057
s0078,51,0,46.800396
s0078,52,0,49.35647
s0078,53,0,60.074997
s0078,54,0,41.531223
s0078,55,0,51.26222
s0078,56,0,45.249798
s0078,57,0,73.70924
s0078,58,0,60.31123
s0078,59,0,58.816483
s0078,60,0,66.84414
s0078,61,0,72.22301
s0078,62,0,78.12606
s0078,63,0,71.358604
s0078,64,0,70.86951
s0078,65,0,65.84855
s0078,66,0,63.002922
s0078,67,0,58.064034
s0078,68,0,55.53401
s0078,69,0,66.61585
s0078,70,0,62.77355
s0078,71,0,60.673176
s0078,72,0,54.31522
s0078,73,0,66.50389
s0078,74,0,79.48786
s0078,75,0,66.222336
s0078,76,0,75.7169
s0078,77,0,72.41948
s0078,78,0,74.973335
s0078,79,0,70.31892
s0078,80,0,67.19658
s0078,81,0,68.76539
s0078,82,0,74.89072
s0078,83,0,54.496387
s0078,84,0,68.93617
s0078,85,0,74.23588
s0078,86,0,57.455643
s0078,87,0,71.73494
s0078,88,0,67.96781
s0078,89,0,56.95921
s0078,90,0,55.869324
s0078,91,0,62.70571
s0078,92,0,67.141556
s0078,93,0,62.97159
s0078,94,0,65.16639
s0078,95,0,72.20991
s0079,0,0,45.620037
s0079,1,0,42.443863
s0079,2,0,55.40267
s0079,3,0,43.647026
s0079,4,0,56.53119
s0079,5,0,58.741413
s0079,6,0,47.750763
s0079,7,0,53.365067
s0079,8,0,63.80579
s0079,9,0,52.69381
s0079,10,0,61.009583
s0079,11,0,67.92111
s0079,12,0,72.06852
s0079,13,0,66.22768
s0079,14,0,66.92886
s0079,15,0,75.77328
s0079,16,0,69.51961
s0079,17,0,64.047745
s0079,18,0,56.075108
s0079,19,0,69.30543
s0079,20,0,71.349754
s0079,21,0,64.8564
s0079,22,0,61.963814
s0079,23,0,72.01918
s0079,24,0,51.989723
s0079,25,0,70.1775
s0079,26,0,68.38211
s0079,27,0,61.217278
s0079,28,0,76.34838
s0079,29,0,77.248055
s0079,30,0,49.391182
s0079,31,0,55.986362
s0079,32,0,64.90135
s0079,33,0,52.87483
s0079,34,0,50.995613
s0079,35,0,53.902477
s0079,36,0,45.700504
s0079,37,0,65.77299
s0079,38,0,58.61366
s0079,39,0,62.89148
s0079,40,0,57.849922
s0079,41,0,55.133057
s0079,42,0,62.73415
s0079,43,0,38.854584
s0079,44,0,42.221638
s0079,45,0,62.397755
s0079,46,0,37.121265
s0079,47,0,66.98869
s0079,48,0,29.207514
s0079,49,0,54.611156
s0079,50,0,50.443497
s0079,51,0,66.418785
s0079,52,0,52.326996
s0079,53,0,51.591465
s0079,54,0,59.665592
s0079,55,0,45.78917
s0079,56,0,55.760956
s0079,57,0,60.841385
s0079,58,0,56.69814
s0079,59,0,80.68015
s0079,60,0,54.23278
s0079,61,0,60.78184
s0079,62,0,66.166176
s0079,63,0,73.815895
s0079,64,0,63.15626
s0079,65,0,70.314476
s0079,66,0,67.628586
s0079,67,0,55.33058
s0079,68,0,57.419426
s0079,69,0,67.41973
s0079,70,0,61.728176
s0079,71,0,53.06771
s0079,72,0,69.47282
s0079,73,0,74.26695
s0079,74,0,74.294174
s0079,75,0,79.44131
s0079,76,0,76.745865
s0079,77,0,80.70855
s0079,78,0,73.87596
s0079,79,0,67.13126
s0079,80,0,72.337814
s0079,81,0,65.31931
s0079,82,0,70.58441
s0079,83,0,72.23853
s0079,84,0,72.61289
s0079,85,0,70.84515
s0079,86,0,68.89998
s0079,87,0,55.849106
s0079,88,0,59.981384
s0079,89,0,56.68424
s0079,90,0,57.781704
s0079,91,0,67.37833
s0079,92,0,75.329
s0079,93,0,61.542534
s0079,94,0,64.52303
s0079,95,0,68.858246
s0080,0,0,54.859177
s0080,1,0,47.54064
s0080,2,0,44.987347
s0080,3,0,46.300186
s0080,4,0,57.86702
s0080,5,0,45.128845
s0080,6,0,64.31991
s0080,7,0,51.401566
s0080,8,0,56.05331
s0080,9,0,68.08941
s0080,10,0,53.599823
s0080,11,0,60.064945
s0080,12,0,68.607254
s0080,13,0,72.056305
s0080,14,0,57.590546
s0080,15,0,78.37745
s0080,16,0,69.493065
s0080,17,0,60.446857
s0080,18,0,65.06356
s0080,19,0,63.039967
s0080,20,0,73.073135
s0080,21,0,68.63651
s0080,22,0,60.07053
s0080,23,0,76.66098
s0080,24,0,63.920906
s0080,25,0,69.09872
s0080,26,0,71.62446
s0080,27,0,62.07166
s0080,28,0,77.19596
s0080,29,0,58.739006
s0080,30,0,58.844162
s0080,31,0,60.249977
s0080,32,0,65.26012
s0080,33,0,50.868546
s0080,34,0,51.56119
s0080,35,0,49.720795
s0080,36,0,54.101273
s0080,37,0,61.154163
s0080,38,0,59.800797
s0080,39,0,51.994713
s0080,40,0,52.524395
s0080,41,0,48.473053
s0080,42,0,57.685966
s0080,43,0,41.74678
s0080,44,0,40.556385
s0080,45,0,48.72937
s0080,46,0,57.68528
s0080,47,0,33.82689
s0080,48,0,58.376015
s0080,49,0,44.942078
s0080,50,0,29.323374
s0080,51,0,39.059177
s0080,52,0,60.972008
s0080,53,0,53.267372
s0080,54,0,57.474003
s0080,55,0,58.88591
s0080,56,0,55.72262
s0080,57,0,65.81131
s0080,58,0,58.06524
s0080,59,0,71.09163
s0080,60,0,63.864197
s0080,61,0,63.578243
s0080,62,0,72.85582
s0080,63,0,76.51167
s0080,64,0,60.5676
s0080,65,0,60.90779
s0080,66,0,70.49095
s0080,67,0,66.744545
s0080,68,0,74.49962
s0080,69,0,66.43819
s0080,70,0,56.193962
s0080,71,0,57.93637
s0080,72,0,60.72563
s0080,73,0,71.52142
s0080,74,0,70.2317
s0080,75,0,71.89114
s0080,76,0,72.81248
s0080,77,0,65.91457
s0080,78,0,72.65054
s0080,79,0,65.47677
s0080,80,0,65.6878
s0080,81,0,66.858894
s0080,82,0,78.75462
s0080,83,0,65.31665
s0080,84,0,66.86267
s0080,85,0,70.9708
s0080,86,0,73.50105
s0080,87,0,67.76439
s0080,88,0,66.345436
s0080,89,0,64.89866
s0080,90,0,54.915905
s0080,91,0,67.426994
s0080,92,0,73.88336
s0080,93,0,62.02622
s0080,94,0,69.27509
s0080,95,0,74.606735
s0081,0,0,52.6401
s0081,1,0,46.849403
s0081,2,0,46.44194
s0081,3,0,43.09871
s0081,4,0,53.430687
s0081,5,0,55.013638
s0081,6,0,51.720867
s0081,7,0,53.092876
s0081,8,0,57.24813
s0081,9,0,61.992805
s0081,10,0,58.81277
s0081,11,0,58.986454
s0081,12,0,65.650566
s0081,13,0,65.632454
s0081,14,0,71.71324
s0081,15,0,69.945656
s0081,16,0,61.330196
s0081,17,0,56.86131
s0081,18,0,65.6216
s0081,19,0,72.38146
s0081,20,0,70.11657
s0081,21,0,68.93991
s0081,22,0,60.24794
s0081,23,0,72.01414
s0081,24,0,78.39641
s0081,25,0,65.72908
s0081,26,0,61.809402
s0081,27,0,55.680824
s0081,28,0,62.24802
s0081,29,0,68.07642
s0081,30,0,58.320847
s0081,31,0,58.77904
s0081,32,0,62.092346
s0081,33,0,47.523193
s0081,34,0,61.61543
s0081,35,0,54.664444
s0081,36,0,62.335503
s0081,37,0,50.715946
s0081,38,0,64.67736
s0081,39,0,48.11806
s0081,40,0,59.241264
s0081,41,0,51.226337
s0081,42,0,42.266773
s0081,43,0,58.739204
s0081,44,0,52.67583
s0081,45,0,59.832386
s0081,46,0,34.553894
s0081,47,0,35.08225
s0081,48,0,51.30139
s0081,49,0,34.307743
s0081,50,0,37.847614
s0081,51,0,50.59402
s0081,52,0,45.022022
s0081,53,0,52.627384
s0081,54,0,54.963066
s0081,55,0,50.804874
s0081,56,0,59.89278
s0081,57,0,56.524704
s0081,58,0,60.57483
s0081,59,0,63.38732
s0081,60,0,56.53824
s0081,61,0,61.947174
s0081,62,0,74.74752
s0081,63,0,71.42854
s0081,64,0,74.100716
s0081,65,0,69.76441
s0081,66,0,67.2159
s0081,67,0,64.651085
s0081,68,0,67.66063
s0081,69,0,62.67634
s0081,70,0,52.97015
s0081,71,0,58.427616
s0081,72,0,63.971172
s0081,73,0,73.73237
s0081,74,0,74.61151
s0081,75,0,73.770935
s0081,76,0,64.72299
s0081,77,0,74.451515
s0081,78,0,68.18635
s0081,79,0,68.14346
s0081,80,0,72.50211
s0081,81,0,72.24037
s0081,82,0,69.7582
s0081,83,0,74.68592
s0081,84,0,66.53558
s0081,85,0,70.14196
s0081,86,0,58.43511
s0081,87,0,58.594486
s0081,88,0,60.539043
s0081,89,0,58.599705
s0081,90,0,61.1907
s0081,91,0,66.369095
s0081,92,0,65.40196
s0081,93,0,68.64714
s0081,94,0,70.63228
s0081,95,0,73.27782
s0082,0,0,56.240368
s0082,1,0,45.308746
s0082,2,0,43.496147
s0082,3,0,38.636963
s0082,4,0,52.860195
s0082,5,0,54.02418
s0082,6,0,50.336662
s0082,7,0,55.992035
s0082,8,0,64.35877
s0082,9,0,53.150585
s0082,10,0,67.43906
s0082,11,0,67.88118
s0082,12,0,68.372086
s0082,13,0,70.14572
s0082,14,0,65.033295
s0082,15,0,71.06468
s0082,16,0,68.87631
s0082,17,0,67.23323
s0082,18,0,67.821335
s0082,19,0,67.51687
s0082,20,0,69.802284
s0082,21,0,66.98566
s0082,22,0,67.71228
s0082,23,0,70.617744
s0082,24,0,70.98946
s0082,25,0,72.13087
s0082,26,0,69.79711
s0082,27,0,67.097336
s0082,28,0,67.04069
s0082,29,0,68.47069
s0082,30,0,57.191986
s0082,31,0,58.433792
s0082,32,0,57.793324
s0082,33,0,59.884506
s0082,34,0,59.944435
s0082,35,0,46.908283
s0082,36,0,54.243782
s0082,37,0,65.172615
s0082,38,0,58.71084
s0082,39,0,37.108894
s0082,40,0,72.7518
s0082,41,0,42.923576
s0082,42,0,38.37723
s0082,43,0,55.673695
s0082,44,0,53.02934
s0082,45,0,57.715675
s0082,46,0,38.322266
s0082,47,0,53.367065
s0082,48,0,55.17272
s0082,49,0,52.81652
s0082,50,0,52.931652
s0082,51,0,58.641346
s0082,52,0,49.31884
s0082,53,0,46.925777
s0082,54,0,58.92438
s0082,55,0,53.868233
s0082,56,0,50.321392
s0082,57,0,68.06499
s0082,58,0,61.55961
s0082,59,0,64.150665
s0082,60,0,58.284344
s0082,61,0,68.69836
s0082,62,0,67.72795
s0082,63,0,64.74105
s0082,64,0,52.908802
s0082,65,0,72.08224
s0082,66,0,77.462456
s0082,67,0,69.128944
s0082,68,0,66.27583
s0082,69,0,59.82423
s0082,70,0,68.131096
s0082,71,0,66.12255
s0082,72,0,62.031876
s0082,73,0,70.78464
s0082,74,0,76.57187
s0082,75,0,68.019135
s0082,76,0,68.73352
s0082,77,0,72.80909
s0082,78,0,70.962715
s0082,79,0,72.3642
s0082,80,0,72.80008
s0082,81,0,67.19398
s0082,82,0,64.93637
s0082,83,0,69.87235
s0082,84,0,65.22308
s0082,85,0,65.9318
s0082,86,0,60.00492
s0082,87,0,66.05051
s0082,88,0,54.387962
s0082,89,0,54.98717
s0082,90,0,54.15628
s0082,91,0,74.551735
s0082,92,0,63.555584
s0082,93,0,80.78627
s0082,94,0,76.6069
s0082,95,0,71.600494
s0083,0,0,57.588314
s0083,1,0,49.639755
s0083,2,0,41.708508
s0083,3,0,49.25419
s0083,4,0,52.79479
s0083,5,0,52.268093
s0083,6,0,51.685432
s0083,7,0,63.816055
s0083,8,0,55.735252
s0083,9,0,56.84084
s0083,10,0,60.64458
s0083,11,0,62.45193
s0083,12,0,68.49496
s0083,13,0,67.69529
s0083,14,0,69.06155
s0083,15,0,70.54561
s0083,16,0,68.72658
s0083,17,0,62.035683
s0083,18,0,62.74762
s0083,19,0,60.823544
s0083,20,0,69.98487
s0083,21,0,69.92005
s0083,22,0,64.60183
s0083,23,0,58.111023
s0083,24,0,72.90953
s0083,25,0,68.19691
s0083,26,0,73.76199
s0083,27,0,61.966354
s0083,28,0,75.95595
s0083,29,0,70.03277
s0083,30,0,57.739273
s0083,31,0,61.699913
s0083,32,0,64.70759
s0083,33,0,47.857067
s0083,34,0,57.74076
s0083,35,0,61.012966
s0083,36,0,54.27479
s0083,37,0,59.713596
s0083,38,0,59.03089
s0083,39,0,61.15804
s0083,40,0,61.14898
s0083,41,0,53.298687
s0083,42,0,44.24727
s0083,43,0,32.673534
s0083,44,0,48.87097
s0083,45,0,47.233524
s0083,46,0,58.655087
s0083,47,0,62.314453
s0083,48,0,45.61329
s0083,49,0,52.315674
s0083,50,0,51.772373
s0083,51,0,43.522934
s0083,52,0,37.953835
s0083,53,0,50.32913
s0083,54,0,53.092865
s0083,55,0,56.21637
s0083,56,0,51.17238
s0083,57,0,69.64857
s0083,58,0,66.069336
s0083,59,0,64.227196
s0083,60,0,60.329304
s0083,61,0,65.00202
s0083,62,0,72.34843
s0083,63,0,73.41159
s0083,64,0,55.570644
s0083,65,0,74.42563
s0083,66,0,60.72663
s0083,67,0,62.93944
s0083,68,0,71.745705
s0083,69,0,67.050964
s0083,70,0,52.974033
s0083,71,0,61.11158
s0083,72,0,63.49925
s0083,73,0,73.69908
s0083,74,0,80.831566
s0083,75,0,72.99873
s0083,76,0,78.29094
s0083,77,0,69.529305
s0083,78,0,70.79559
s0083,79,0,67.869286
s0083,80,0,66.939354
s0083,81,0,71.53024
s0083,82,0,67.67969
s0083,83,0,59.973576
s0083,84,0,63.5927
s0083,85,0,76.722404
s0083,86,0,76.30596
s0083,87,0,61.021244
s0083,88,0,67.87911
s0083,89,0,63.618896
s0083,90,0,55.43358
s0083,91,0,70.12133
s0083,92,0,64.88464
s0083,93,0,72.951614
s0083,94,0,72.33462
s0083,95,0,64.31179
s0084,0,0,55.37191
s0084,1,0,50.02433
s0084,2,0,38.542458
s0084,3,0,50.606487
s0084,4,0,51.39575
s0084,5,0,47.344116
s0084,6,0,53.319412
s0084,7,0,53.787304
s0084,8,0,66.1202
s0084,9,0,59.979195
s0084,10,0,59.487648
s0084,11,0,70.05887
s0084,12,0,68.5817
s0084,13,0,72.218575
s0084,14,0,57.729683
s0084,15,0,65.35614
s0084,16,0,64.35557
s0084,17,0,68.87738
s0084,18,0,71.21574
s0084,19,0,57.488697
s0084,20,0,60.56516
s0084,21,0,70.95923
s0084,22,0,64.78708
s0084,23,0,65.33493
s0084,24,0,67.5977
s0084,25,0,64.66318
s0084,26,0,76.66016
s0084,27,0,70.90977
s0084,28,0,74.14194
s0084,29,0,67.150276
s0084,30,0,64.241486
s0084,31,0,49.881824
s0084,32,0,59.839676
s0084,33,0,49.355587
s0084,34,0,55.679283
s0084,35,0,53.068806
s0084,36,0,55.833694
s0084,37,0,42.55777
s0084,38,0,55.920403
s0084,39,0,64.82566
s0084,40,0,56.924847
s0084,41,0,52.436417
s0084,42,0,64.47136
s0084,43,0,41.36405
s0084,44,0,44.802402
s0084,45,0,30.701553
s0084,46,0,28.925493
s0084,47,0,66.365295
s0084,48,0,50.633747
s0084,49,0,62.70164
s0084,50,0,45.078037
s0084,51,0,51.371094
s0084,52,0,49.097744
s0084,53,0,42.003094
s0084,54,0,47.751057
s0084,55,0,56.994537
s0084,56,0,64.41429
s0084,57,0,60.7389
s0084,58,0,67.108284
s0084,59,0,65.10185
s0084,60,0,51.83978
s0084,61,0,60.419853
s0084,62,0,72.56363
s0084,63,0,75.11961
s0084,64,0,61.743122
s0084,65,0,65.73276
s0084,66,0,76.14356
s0084,67,0,54.900146
s0084,68,0,68.6219
s0084,69,0,63.7279
s0084,70,0,55.03113
s0084,71,0,64.09784
s0084,72,0,62.89742
s0084,73,0,68.2799
s0084,74,0,68.3906
s0084,75,0,67.47242
s0084,76,0,80.54673
s0084,77,0,79.31498
s0084,78,0,76.95464
s0084,79,0,71.52175
s0084,80,0,69.405975
s0084,81,0,71.70388
s0084,82,0,64.47022
s0084,83,0,70.88683
s0084,84,0,69.52036
s0084,85,0,69.165565
s0084,86,0,61.826355
s0084,87,0,52.91557
s0084,88,0,58.705254
s0084,89,0,66.42276
s0084,90,0,62.705242
s0084,91,0,71.20171
s0084,92,0,78.5607
s0084,93,0,63.349686
s0084,94,0,79.45625
s0084,95,0,62.12403
s0085,0,0,54.212353
s0085,1,0,41.611477
s0085,2,0,33.434933
s0085,3,0,47.662636
s0085,4,0,50.704678
s0085,5,0,50.469757
s0085,6,0,54.311607
s0085,7,0,57.256832
s0085,8,0,56.96755
s0085,9,0,52.787754
s0085,10,0,55.575047
s0085,11,0,75.14494
s0085,12,0,71.621506
s0085,13,0,70.43493
s0085,14,0,64.241264
s0085,15,0,63.333168
s0085,16,0,69.00674
s0085,17,0,63.754124
s0085,18,0,63.516685
s0085,19,0,56.215954
s0085,20,0,60.38711
s0085,21,0,70.78267
s0085,22,0,61.016857
s0085,23,0,72.18022
s0085,24,0,70.265976
s0085,25,0,64.725006
s0085,26,0,66.31946
s0085,27,0,66.911476
s0085,28,0,64.337364
s0085,29,0,67.12816
s0085,30,0,54.92876
s0085,31,0,61.329567
s0085,32,0,58.794224
s0085,33,0,50.091167
s0085,34,0,49.60825
s0085,35,0,72.850716
s0085,36,0,58.010063
s0085,37,0,59.09943
s0085,38,0,63.321598
s0085,39,0,48.802242
s0085,40,0,57.508194
s0085,41,0,44.38753
s0085,42,0,43.724854
s0085,43,0,54.419846
s0085,44,0,65.990585
s0085,45,0,73.15438
s0085,46,0,44.39917
s0085,47,0,48.931927
s0085,48,0,31.470257
s0085,49,0,58.39827
s0085,50,0,45.44068
s0085,51,0,67.677505
s0085,52,0,41.119267
s0085,53,0,59.130688
s0085,54,0,52.731495
s0085,55,0,61.306496
s0085,56,0,51.504765
s0085,57,0,53.809208
s0085,58,0,60.967064
s0085,59,0,66.784935
s0085,60,0,72.28513
s0085,61,0,65.18136
s0085,62,0,75.51784
s0085,63,0,56.955227
s0085,64,0,61.541237
s0085,65,0,74.47936
s0085,66,0,69.336655
s0085,67,0,68.5226
s0085,68,0,62.40625
s0085,69,0,64.208626
s0085,70,0,48.766907
s0085,71,0,58.761826
s0085,72,0,55.052963
s0085,73,0,78.51113
s0085,74,0,70.48153
s0085,75,0,77.56336
s0085,76,0,73.3948
s0085,77,0,65.03952
s0085,78,0,62.42868
s0085,79,0,70.617966
s0085,80,0,67.33583
s0085,81,0,72.816246
s0085,82,0,58.898636
s0085,83,0,70.34886
s0085,84,0,71.69499
s0085,85,0,67.26636
s0085,86,0,62.702934
s0085,87,0,65.03551
s0085,88,0,56.32874
s0085,89,0,59.178165
s0085,90,0,52.08906
s0085,91,0,70.257225
s0085,92,0,70.32215
s0085,93,0,73.96994
s0085,94,0,60.464333
s0085,95,0,71.05095
s0086,0,0,54.050358
s0086,1,0,40.362423
s0086,2,0,49.365303
s0086,3,0,49.271233
s0086,4,0,46.54488
s0086,5,0,51.421204
s0086,6,0,54.955044
s0086,7,0,57.781338
s0086,8,0,62.764904
s0086,9,0,57.471718
s0086,10,0,56.480946
s0086,11,0,71.09433
s0086,12,0,67.53944
s0086,13,0,74.66054
s0086,14,0,75.11885
s0086,15,0,71.32594
s0086,16,0,59.172092
s0086,17,0,64.950134
s0086,18,0,56.77444
s0086,19,0,75.65384
s0086,20,0,68.77944
s0086,21,0,62.211716
s0086,22,0,61.878735
s0086,23,0,62.334766
s0086,24,0,71.30892
s0086,25,0,65.1938
s0086,26,0,80.43635
s0086,27,0,58.479042
s0086,28,0,68.085594
s0086,29,0,71.68945
s0086,30,0,62.182175
s0086,31,0,67.55829
s0086,32,0,57.227375
s0086,33,0,55.42676
s0086,34,0,56.190067
s0086,35,0,52.225574
s0086,36,0,44.69247
s0086,37,0,50.56987
s0086,38,0,50.660454
s0086,39,0,38.025963
s0086,40,0,73.92864
s0086,41,0,46.57766
s0086,42,0,36.510777
s0086,43,0,60.773315
s0086,44,0,47.517773
s0086,45,0,36.31955
s0086,46,0,34.98112
s0086,47,0,36.742813
s0086,48,0,50.082962
s0086,49,0,51.657295
s0086,50,0,39.42846
s0086,51,0,64.659134
s0086,52,0,52.073307
s0086,53,0,55.240437
s0086,54,0,56.70245
s0086,55,0,57.463894
s0086,56,0,62.072334
s0086,57,0,64.325485
s0086,58,0,62.49848
s0086,59,0,67.113625
s0086,60,0,56.762016
s0086,61,0,65.645515
s0086,62,0,74.876114
s0086,63,0,63.984154
s0086,64,0,72.48973
s0086,65,0,72.351585
s0086,66,0,70.28702
s0086,67,0,68.81634
s0086,68,0,74.47311
s0086,69,0,64.822876
s0086,70,0,63.571163
s0086,71,0,66.98977
s0086,72,0,58.30179
s0086,73,0,78.151344
s0086,74,0,69.69361
s0086,75,0,70.39748
s0086,76,0,79.13993
s0086,77,0,79.9427
s0086,78,0,74.451416
s0086,79,0,74.94522
s0086,80,0,76.71914
s0086,81,0,70.21676
s0086,82,0,63.46645
s0086,83,0,67.52453
s0086,84,0,71.60501
s0086,85,0,68.23439
s0086,86,0,69.034355
s0086,87,0,68.9372
s0086,88,0,68.1149
s0086,89,0,66.75268
s0086,90,0,57.238785
s0086,91,0,76.8584
s0086,92,0,63.17635
s0086,93,0,65.05014
s0086,94,0,75.69611
s0086,95,0,83.178795
s0087,0,0,54.38134
s0087,1,0,50.138943
s0087,2,0,42.044064
s0087,3,0,37.927868
s0087,4,0,59.154617
s0087,5,0,50.031235
s0087,6,0,66.442726
s0087,7,0,57.98154
s0087,8,0,61.563366
s0087,9,0,63.12177
s0087,10,0,60.704994
s0087,11,0,65.820915
s0087,12,0,69.56099
s0087,13,0,66.14554
s0087,14,0,67.53415
s0087,15,0,68.98482
s0087,16,0,66.07906
s0087,17,0,66.11902
s0087,18,0,63.713787
s0087,19,0,65.43575
s0087,20,0,70.6085
s0087,21,0,67.678406
s0087,22,0,57.593586
s0087,23,0,72.154015
s0087,24,0,62.56705
s0087,25,0,57.12245
s0087,26,0,70.43844
s0087,27,0,65.466446
s0087,28,0,73.65905
s0087,29,0,59.069405
s0087,30,0,57.253426
s0087,31,0,61.37427
s0087,32,0,55.294952
s0087,33,0,47.317383
s0087,34,0,54.463585
s0087,35,0,49.54902
s0087,36,0,54.490215
s0087,37,0,56.83248
s0087,38,0,51.193516
s0087,39,0,56.472286
s0087,40,0,60.354668
s0087,41,0,54.340256
s0087,42,0,42.740555
s0087,43,0,47.681763
s0087,44,0,57.005238
s0087,45,0,59.708717
s0087,46,0,45.07347
s0087,47,0,52.706963
s0087,48,0,38.4311
s0087,49,0,45.230785
s0087,50,0,40.897247
s0087,51,0,61.87917
s0087,52,0,44.646996
s0087,53,0,47.440857
s0087,54,0,53.217262
s0087,55,0,40.31038
s0087,56,0,59.154858
s0087,57,0,65.04766
s0087,58,0,59.679993
s0087,59,0,62.863846
s0087,60,0,63.79982
s0087,61,0,55.195724
s0087,62,0,63.58361
s0087,63,0,69.64526
s0087,64,0,57.51882
s0087,65,0,60.953693
s0087,66,0,65.538086
s0087,67,0,67.14965
s0087,68,0,64.2934
s0087,69,0,68.96736
s0087,70,0,61.587193
s0087,71,0,68.18793
s0087,72,0,54.394634
s0087,73,0,67.53619
s0087,74,0,66.8951
s0087,75,0,82.623695
s0087,76,0,76.62887
s0087,77,0,66.01964
s0087,78,0,81.78406
s0087,79,0,76.69884
s0087,80,0,64.397064
s0087,81,0,73.67391
s0087,82,0,64.50135
s0087,83,0,67.99025
s0087,84,0,66.64079
s0087,85,0,69.48547
s0087,86,0,64.316765
s0087,87,0,61.016006
s0087,88,0,61.085445
s0087,89,0,60.130253
s0087,90,0,53.499702
s0087,91,0,75.23127
s0087,92,0,64.38476
s0087,93,0,64.12696
s0087,94,0,71.494705
s0087,95,0,72.81708
s0088,0,0,54.222862
s0088,1,0,45.596394
s0088,2,0,36.635094
s0088,3,0,51.074734
s0088,4,0,52.40762
s0088,5,0,54.521328
s0088,6,0,47.47277
s0088,7,0,55.24703
s0088,8,0,69.62495
s0088,9,0,57.66458
s0088,10,0,62.746124
s0088,11,0,69.17467
s0088,12,0,66.351456
s0088,13,0,67.05816
s0088,14,0,70.98598
s0088,15,0,69.304794
s0088,16,0,61.401978
s0088,17,0,58.15253
s0088,18,0,61.582138
s0088,19,0,70.08528
s0088,20,0,68.21013
s0088,21,0,68.20189
s0088,22,0,66.32675
s0088,23,0,60.784985
s0088,24,0,62.310738
s0088,25,0,75.63271
s0088,26,0,65.7419
s0088,27,0,62.297466
s0088,28,0,73.103584
s0088,29,0,76.83319
s0088,30,0,56.502716
s0088,31,0,62.463573
s0088,32,0,55.523205
s0088,33,0,56.810505
s0088,34,0,53.555862
s0088,35,0,38.30322
s0088,36,0,65.16448
s0088,37,0,64.110886
s0088,38,0,63.45753
s0088,39,0,47.092033
s0088,40,0,59.521564
s0088,41,0,64.2688
s0088,42,0,35.73907
s0088,43,0,53.911564
s0088,44,0,26.924318
s0088,45,0,41.91748
s0088,46,0,61.374546
s0088,47,0,29.530628
s0088,48,0,26.514654
s0088,49,0,55.389606
s0088,50,0,46.056114
s0088,51,0,47.703342
s0088,52,0,59.520493
s0088,53,0,59.914307
s0088,54,0,51.422104
s0088,55,0,64.273605
s0088,56,0,72.35343
s0088,57,0,54.98037
s0088,58,0,55.743263
s0088,59,0,58.277233
s0088,60,0,63.48546
s0088,61,0,66.10779
s0088,62,0,80.27307
s0088,63,0,71.36692
s0088,64,0,61.63714
s0088,65,0,70.72236
s0088,66,0,74.10053
s0088,67,0,63.42869
s0088,68,0,66.22615
s0088,69,0,65.08509
s0088,70,0,68.27398
s0088,71,0,48.4069
s0088,72,0,51.985386
s0088,73,0,71.77522
s0088,74,0,70.186325
s0088,75,0,72.50195
s0088,76,0,86.19412
s0088,77,0,74.99342
s0088,78,0,60.455368
s0088,79,0,72.75053
s0088,80,0,63.35177
s0088,81,0,67.67817
s0088,82,0,64.2639
s0088,83,0,77.35222
s0088,84,0,62.70588
s0088,85,0,81.595184
s0088,86,0,64.75986
s0088,87,0,57.50964
s0088,88,0,68.00074
s0088,89,0,64.27339
s0088,90,0,45.091095
s0088,91,0,62.117596
s0088,92,0,67.15872
s0088,93,0,73.64799
s0088,94,0,73.99105
s0088,95,0,61.435616
s0089,0,0,55.22826
s0089,1,0,52.548935
s0089,2,0,34.057564
s0089,3,0,56.228966
s0089,4,0,55.252712
s0089,5,0,57.012627
s0089,6,0,50.557247
s0089,7,0,53.02296
s0089,8,0,68.211784
s0089,9,0,63.796303
s0089,10,0,58.09033
s0089,11,0,66.96683
s0089,12,0,71.07036
s0089,13,0,74.31501
s0089,14,0,66.86559
s0089,15,0,67.04574
s0089,16,0,70.11638
s0089,17,0,68.17181
s0089,18,0,65.91093
s0089,19,0,68.49257
s0089,20,0,69.70394
s0089,21,0,69.766365
s0089,22,0,61.050354
s0089,23,0,73.234856
s0089,24,0,68.75926
s0089,25,0,61.162582
s0089,26,0,67.76428
s0089,27,0,65.60652
s0089,28,0,73.43821
s0089,29,0,66.94436
s0089,30,0,53.804485
s0089,31,0,76.33253
s0089,32,0,56.844967
s0089,33,0,54.174225
s0089,34,0,54.70117
s0089,35,0,58.226913
s0089,36,0,54.498554
s0089,37,0,54.812355
s0089,38,0,52.46594
s0089,39,0,40.822044
s0089,40,0,58.207264
s0089,41,0,53.366287
s0089,42,0,43.8858
s0089,43,0,46.481743
s0089,44,0,59.13868
s0089,45,0,68.301384
s0089,46,0,43.391323
s0089,47,0,31.528934
s0089,48,0,56.56065
s0089,49,0,64.74331
s0089,50,0,43.241817
s0089,51,0,58.425194
s0089,52,0,52.18597
s0089,53,0,52.895252
s0089,54,0,47.64397
s0089,55,0,49.700245
s0089,56,0,53.689106
s0089,57,0,60.987827
s0089,58,0,52.676167
s0089,59,0,66.284515
s0089,60,0,71.75143
s0089,61,0,55.918
s0089,62,0,70.1014
s0089,63,0,67.922226
s0089,64,0,70.49118
s0089,65,0,73.723564
s0089,66,0,65.72162
s0089,67,0,56.927296
s0089,68,0,72.551384
s0089,69,0,59.12744
s0089,70,0,60.16905
s0089,71,0,58.441986
s0089,72,0,67.92452
s0089,73,0,76.42606
s0089,74,0,70.54996
s0089,75,0,77.09352
s0089,76,0,67.47077
s0089,77,0,76.03355
s0089,78,0,72.00314
s0089,79,0,71.39672
s0089,80,0,60.629215
s0089,81,0,69.09275
s0089,82,0,56.465584
s0089,83,0,63.97156
s0089,84,0,70.943695
s0089,85,0,71.64796
s0089,86,0,64.65705
s0089,87,0,72.465614
s0089,88,0,62.89834
s0089,89,0,66.0652
s0089,90,0,49.931812
s0089,91,0,66.922264
s0089,92,0,64.37316
s0089,93,0,67.48155
s0089,94,0,77.226685
s0089,95,0,62.304085
s0090,0,0,56.374382
s0090,1,0,51.151356
s0090,2,0,44.4837
s0090,3,0,50.249924
s0090,4,0,62.271698
s0090,5,0,55.260136
s0090,6,0,49.59046
s0090,7,0,56.58644
s0090,8,0,60.20609
s0090,9,0,61.037464
s0090,10,0,67.384186
s0090,11,0,79.16583
s0090,12,0,74.37099
s0090,13,0,72.25709
s0090,14,0,62.090557
s0090,15,0,60.442932
s0090,16,0,62.986202
s0090,17,0,58.885403
s0090,18,0,51.19616
s0090,19,0,74.97795
s0090,20,0,57.259556
s0090,21,0,62.394894
s0090,22,0,61.38042
s0090,23,0,73.564896
s0090,24,0,66.58719
s0090,25,0,71.74086
s0090,26,0,77.88909
s0090,27,0,66.16344
s0090,28,0,71.645905
s0090,29,0,58.831936
s0090,30,0,53.999435
s0090,31,0,56.227497
s0090,32,0,54.816532
s0090,33,0,58.40652
s0090,34,0,41.309002
s0090,35,0,63.074505
s0090,36,0,61.163437
s0090,37,0,53.31791
s0090,38,0,62.841446
s0090,39,0,52.12458
s0090,40,0,68.41712
s0090,41,0,40.73748
s0090,42,0,26.186485
s0090,43,0,26.859232
s0090,44,0,50.83241
s0090,45,0,46.731873
s0090,46,0,24.090448
s0090,47,0,67.71439
s0090,48,0,48.733887
s0090,49,0,63.806606
s0090,50,0,51.227936
s0090,51,0,48.24543
s0090,52,0,49.048042
s0090,53,0,50.85757
s0090,54,0,42.739273
s0090,55,0,41.313725
s0090,56,0,57.649876
s0090,57,0,63.118378
s0090,58,0,58.441444
s0090,59,0,71.942535
s0090,60,0,58.22393
s0090,61,0,56.632347
s0090,62,0,68.76494
s0090,63,0,69.303635
s0090,64,0,66.22941
s0090,65,0,58.59591
s0090,66,0,70.483925
s0090,67,0,62.187794
s0090,68,0,66.04672
s0090,69,0,55.391758
s0090,70,0,62.20729
s0090,71,0,60.348473
s0090,72,0,67.54626
s0090,73,0,70.344154
s0090,74,0,66.940094
s0090,75,0,75.91664
s0090,76,0,83.050064
s0090,77,0,76.01028
s0090,78,0,67.634575
s0090,79,0,84.66627
s0090,80,0,79.27373
s0090,81,0,72.05149
s0090,82,0,66.40924
s0090,83,0,71.18575
s0090,84,0,67.2719
s0090,85,0,72.187355
s0090,86,0,62.105755
s0090,87,0,62.185204
s0090,88,0,56.312614
s0090,89,0,61.17096
s0090,90,0,53.327095
s0090,91,0,71.40743
s0090,92,0,62.53402
s0090,93,0,80.613655
s0090,94,0,63.251812
s0090,95,0,63.659286
s0091,0,0,59.26223
s0091,1,0,52.45358
s0091,2,0,48.240116
s0091,3,0,37.037567
s0091,4,0,63.390182
s0091,5,0,49.875317
s0091,6,0,52.844627
s0091,7,0,55.048103
s0091,8,0,58.868206
s0091,9,0,62.50454
s0091,10,0,58.32058
s0091,11,0,64.69713
s0091,12,0,62.653458
s0091,13,0,71.307724
s0091,14,0,56.344208
s0091,15,0,70.22605
s0091,16,0,63.329533
s0091,17,0,58.443474
s0091,18,0,70.173645
s0091,19,0,64.12276
s0091,20,0,64.09384
s0091,21,0,66.44876
s0091,22,0,65.0401
s0091,23,0,66.382774
s0091,24,0,74.4698
s0091,25,0,69.72898
s0091,26,0,67.92693
s0091,27,0,63.695915
s0091,28,0,72.102516
s0091,29,0,68.247574
s0091,30,0,63.160515
s0091,31,0,68.999245
s0091,32,0,60.92085
s0091,33,0,51.767845
s0091,34,0,50.965797
s0091,35,0,48.60228
s0091,36,0,49.573578
s0091,37,0,37.85483
s0091,38,0,59.519024
s0091,39,0,55.9437
s0091,40,0,53.6098
s0091,41,0,68.96618
s0091,42,0,46.170753
s0091,43,0,64.0892
s0091,44,0,63.720547
s0091,45,0,31.887337
s0091,46,0,31.586563
s0091,47,0,47.26313
s0091,48,0,41.70814
s0091,49,0,40.742676
s0091,50,0,54.84216
s0091,51,0,54.58766
s0091,52,0,54.49744
s0091,53,0,44.139965
s0091,54,0,49.70319
s0091,55,0,53.159622
s0091,56,0,60.70576
s0091,57,0,71.71637
s0091,58,0,56.090122
s0091,59,0,57.101532
s0091,60,0,59.879295
s0091,61,0,62.927616
s0091,62,0,71.98352
s0091,63,0,83.1085
s0091,64,0,70.972115
s0091,65,0,64.66198
s0091,66,0,69.53748
s0091,67,0,64.47156
s0091,68,0,67.14627
s0091,69,0,60.38435
s0091,70,0,65.305374
s0091,71,0,64.31888
s0091,72,0,66.39834
s0091,73,0,73.42504
s0091,74,0,70.11615
s0091,75,0,69.31875
s0091,76,0,72.701836
s0091,77,0,64.5922
s0091,78,0,82.41231
s0091,79,0,63.487007
s0091,80,0,70.18259
s0091,81,0,70.25419
s0091,82,0,62.917103
s0091,83,0,64.58919
s0091,84,0,68.80639
s0091,85,0,76.78536
s0091,86,0,59.936375
s0091,87,0,59.99478
s0091,88,0,59.69176
s0091,89,0,64.93662
s0091,90,0,59.110275
s0091,91,0,60.912384
s0091,92,0,73.51803
s0091,93,0,74.8912
s0091,94,0,74.46826
s0091,95,0,75.22624
s0092,0,0,53.439873
s0092,1,0,43.02951
s0092,2,0,53.468525
s0092,3,0,49.286716
s0092,4,0,48.045288
s0092,5,0,56.782574
s0092,6,0,53.858356
s0092,7,0,54.55821
s0092,8,0,60.627563
s0092,9,0,61.465324
s0092,10,0,52.47872
s0092,11,0,66.93534
s0092,12,0,63.381954
s0092,13,0,66.66057
s0092,14,0,69.54431
s0092,15,0,67.67295
s0092,16,0,74.79687
s0092,17,0,70.10679
s0092,18,0,52.91343
s0092,19,0,64.03493
s0092,20,0,69.068214
s0092,21,0,69.518684
s0092,22,0,68.619415
s0092,23,0,65.30465
s0092,24,0,78.856186
s0092,25,0,69.32636
s0092,26,0,69.64017
s0092,27,0,67.31835
s0092,28,0,74.65736
s0092,29,0,64.25893
s0092,30,0,64.747925
s0092,31,0,64.90075
s0092,32,0,61.002987
s0092,33,0,55.99193
s0092,34,0,55.784107
s0092,35,0,54.655754
s0092,36,0,49.481953
s0092,37,0,62.565258
s0092,38,0,61.1491
s0092,39,0,56.094494
s0092,40,0,65.01678
s0092,41,0,47.94332
s0092,42,0,57.0408
s0092,43,0,31.934713
s0092,44,0,48.651062
s0092,45,0,78.42985
s0092,46,0,18.637077
s0092,47,0,42.186913
s0092,48,0,58.889156
s0092,49,0,38.62677
s0092,50,0,59.74874
s0092,51,0,50.37606
s0092,52,0,56.360504
s0092,53,0,65.99527
s0092,54,0,56.103767
s0092,55,0,58.838703
s0092,56,0,65.7315
s0092,57,0,63.478153
s0092,58,0,56.366104
s0092,59,0,64.254684
s0092,60,0,65.801575
s0092,61,0,66.37293
s0092,62,0,69.30795
s0092,63,0,71.3059
s0092,64,0,54.946938
s0092,65,0,58.657116
s0092,66,0,63.711243
s0092,67,0,63.248283
s0092,68,0,64.00106
s0092,69,0,56.466152
s0092,70,0,52.253548
s0092,71,0,60.964157
s0092,72,0,53.07401
s0092,73,0,75.24374
s0092,74,0,76.87386
s0092,75,0,65.92633
s0092,76,0,76.08734
s0092,77,0,69.52475
s0092,78,0,67.10122
s0092,79,0,80.28672
s0092,80,0,73.51581
s0092,81,0,70.18073
s0092,82,0,71.46941
s0092,83,0,65.12453
s0092,84,0,66.482735
s0092,85,0,68.53116
s0092,86,0,68.89899
s0092,87,0,63.66803
s0092,88,0,61.3359
s0092,89,0,63.94528
s0092,90,0,62.46981
s0092,91,0,75.52679
s0092,92,0,75.74002
s0092,93,0,68.47015
s0092,94,0,60.286396
s0092,95,0,80.02626
s0093,0,0,53.9766
s0093,1,0,52.76003
s0093,2,0,41.79446
s0093,3,0,49.51475
s0093,4,0,47.576725
s0093,5,0,60.24988
s0093,6,0,51.596363
s0093,7,0,49.993465
s0093,8,0,55.60042
s0093,9,0,62.0608
s0093,10,0,64.40167
s0093,11,0,64.21499
s0093,12,0,69.09568
s0093,13,0,67.17676
s0093,14,0,66.3455
s0093,15,0,69.99937
s0093,16,0,70.08261
s0093,17,0,65.742455
s0093,18,0,65.93542
s0093,19,0,59.812527
s0093,20,0,67.65137
s0093,21,0,62.088
s0093,22,0,58.698723
s0093,23,0,70.68914
s0093,24,0,69.30573
s0093,25,0,61.27116
s0093,26,0,65.42331
s0093,27,0,55.50279
s0093,28,0,77.90596
s0093,29,0,64.822876
s0093,30,0,59.67565
s0093,31,0,65.45171
s0093,32,0,50.690292
s0093,33,0,52.34732
s0093,34,0,47.336018
s0093,35,0,52.05362
s0093,36,0,59.99072
s0093,37,0,58.390533
s0093,38,0,54.149395
s0093,39,0,54.022606
s0093,40,0,65.24589
s0093,41,0,57.400925
s0093,42,0,59.596016
s0093,43,0,57.760403
s0093,44,0,39.21781
s0093,45,0,55.941395
s0093,46,0,37.20589
s0093,47,0,44.165947
s0093,48,0,39.701576
s0093,49,0,45.590645
s0093,50,0,51.595867
s0093,51,0,61.864193
s0093,52,0,46.632946
s0093,53,0,56.46809
s0093,54,0,61.486843
s0093,55,0,54.949066
s0093,56,0,63.349445
s0093,57,0,63.848255
s0093,58,0,60.843327
s0093,59,0,64.098694
s0093,60,0,64.83841
s0093,61,0,63.553646
s0093,62,0,72.187996
s0093,63,0,71.70766
s0093,64,0,66.527885
s0093,65,0,64.041664
s0093,66,0,68.32108
s0093,67,0,63.624783
s0093,68,0,61.11867
s0093,69,0,58.692997
s0093,70,0,57.661583
s0093,71,0,60.434284
s0093,72,0,56.060684
s0093,73,0,61.374123
s0093,74,0,74.48734
s0093,75,0,81.98755
s0093,76,0,69.45269
s0093,77,0,67.432686
s0093,78,0,76.6791
s0093,79,0,65.52007
s0093,80,0,62.747307
s0093,81,0,74.6252
s0093,82,0,66.59415
s0093,83,0,67.12692
s0093,84,0,56.08409
s0093,85,0,79.649
s0093,86,0,62.241993
s0093,87,0,68.72797
s0093,88,0,59.725525
s0093,89,0,64.049324
s0093,90,0,57.34789
s0093,91,0,75.57731
s0093,92,0,73.05813
s0093,93,0,79.43881
s0093,94,0,79.854965
s0093,95,0,72.054565
s0094,0,0,53.038296
s0094,1,0,48.522778
s0094,2,0,56.233776
s0094,3,0,50.582798
s0094,4,0,50.84932
s0094,5,0,56.107307
s0094,6,0,52.871983
s0094,7,0,66.79402
s0094,8,0,60.317123
s0094,9,0,67.44064
s0094,10,0,55.62529
s0094,11,0,67.44794
s0094,12,0,64.884476
s0094,13,0,65.26441
s0094,14,0,61.303146
s0094,15,0,70.935455
s0094,16,0,53.171513
s0094,17,0,66.195465
s0094,18,0,62.58325
s0094,19,0,63.888615
s0094,20,0,73.221115
s0094,21,0,62.414196
s0094,22,0,63.457546
s0094,23,0,61.6039
s0094,24,0,63.794197
s0094,25,0,76.283745
s0094,26,0,72.63011
s0094,27,0,69.67425
s0094,28,0,66.96047
s0094,29,0,78.84789
s0094,30,0,63.02526
s0094,31,0,55.47355
s0094,32,0,60.518913
s0094,33,0,63.69602
s0094,34,0,43.628872
s0094,35,0,56.504406
s0094,36,0,48.482483
s0094,37,0,60.559315
s0094,38,0,59.874985
s0094,39,0,48.876995
s0094,40,0,59.405594
s0094,41,0,64.0029
s0094,42,0,56.649483
s0094,43,0,41.716877
s0094,44,0,64.72177
s0094,45,0,37.8005
s0094,46,0,31.962156
s0094,47,0,54.419632
s0094,48,0,49.4676
s0094,49,0,46.0479
s0094,50,0,43.676132
s0094,51,0,50.848286
s0094,52,0,42.71405
s0094,53,0,36.835938
s0094,54,0,52.824055
s0094,55,0,69.24299
s0094,56,0,64.30976
s0094,57,0,51.286686
s0094,58,0,61.57561
s0094,59,0,64.304924
s0094,60,0,65.03643
s0094,61,0,57.750095
s0094,62,0,65.938095
s0094,63,0,67.74385
s0094,64,0,62.87611
s0094,65,0,59.734257
s0094,66,0,60.017445
s0094,67,0,70.35163
s0094,68,0,60.008755
s0094,69,0,63.743626
s0094,70,0,50.926228
s0094,71,0,72.852554
s0094,72,0,65.93993
s0094,73,0,65.065506
s0094,74,0,73.05514
s0094,75,0,75.4802
s0094,76,0,68.50118
s0094,77,0,63.88774
s0094,78,0,66.26432
s0094,79,0,65.03166
s0094,80,0,68.13261
s0094,81,0,75.2734
s0094,82,0,68.09122
s0094,83,0,77.82363
s0094,84,0,67.24378
s0094,85,0,73.676476
s0094,86,0,69.955864
s0094,87,0,60.78073
s0094,88,0,70.51663
s0094,89,0,58.620182
s0094,90,0,54.59689
s0094,91,0,68.95156
s0094,92,0,60.5197
s0094,93,0,69.14481
s0094,94,0,64.87511
s0094,95,0,75.48483
s0095,0,0,56.927834
s0095,1,0,46.80421
s0095,2,0,55.654205
s0095,3,0,38.921604
s0095,4,0,49.555187
s0095,5,0,47.064564
s0095,6,0,40.680428
s0095,7,0,57.85723
s0095,8,0,62.383694
s0095,9,0,63.570305
s0095,10,0,57.464706
s0095,11,0,65.92208
s0095,12,0,68.84686
s0095,13,0,75.31143
s0095,14,0,64.63413
s0095,15,0,72.372055
s0095,16,0,60.233948
s0095,17,0,70.68338
s0095,18,0,72.09532
s0095,19,0,58.08142
s0095,20,0,65.24528
s0095,21,0,60.872528
s0095,22,0,64.452965
s0095,23,0,71.913666
s0095,24,0,65.486534
s0095,25,0,72.64647
s0095,26,0,78.58269
s0095,27,0,60.51422
s0095,28,0,71.63503
s0095,29,0,60.890594
s0095,30,0,61.262836
s0095,31,0,67.9545
s0095,32,0,62.70529
s0095,33,0,49.519516
s0095,34,0,43.96125
s0095,35,0,57.901417
s0095,36,0,60.162594
s0095,37,0,68.54796
s0095,38,0,53.260113
s0095,39,0,51.89735
s0095,40,0,61.334927
s0095,41,0,38.64713
s0095,42,0,31.879824
s0095,43,0,52.341698
s0095,44,0,61.659794
s0095,45,0,41.32293
s0095,46,0,22.258755
s0095,47,0,61.197613
s0095,48,0,39.806076
s0095,49,0,42.39388
s0095,50,0,44.92542
s0095,51,0,51.70506
s0095,52,0,56.59409
s0095,53,0,46.62695
s0095,54,0,47.7533
s0095,55,0,52.598206
s0095,56,0,55.093956
s0095,57,0,70.58791
s0095,58,0,52.061726
s0095,59,0,60.146904
s0095,60,0,63.04755
s0095,61,0,63.595493
s0095,62,0,69.07662
s0095,63,0,67.22236
s0095,64,0,75.56082
s0095,65,0,62.81971
s0095,66,0,59.524452
s0095,67,0,58.443253
s0095,68,0,69.659065
s0095,69,0,63.370327
s0095,70,0,57.72543
s0095,71,0,53.90514
s0095,72,0,61.2484
s0095,73,0,67.32114
s0095,74,0,83.43598
s0095,75,0,63.334347
s0095,76,0,66.66107
s0095,77,0,63.04688
s0095,78,0,66.36893
s0095,79,0,78.016495
s0095,80,0,69.866875
s0095,81,0,69.148705
s0095,82,0,69.180756
s0095,83,0,61.660686
s0095,84,0,71.589485
s0095,85,0,73.80952
s0095,86,0,64.27922
s0095,87,0,61.03869
s0095,88,0,59.029655
s0095,89,0,59.740993
s0095,90,0,66.82506
s0095,91,0,68.75762
s0095,92,0,69.496735
s0095,93,0,61.69776
s0095,94,0,70.38119
s0095,95,0,78.19659
s0096,0,0,58.795097
s0096,1,0,44.09856
s0096,2,0,46.373398
s0096,3,0,53.71448
s0096,4,0,52.604866
s0096,5,0,56.701553
s0096,6,0,56.350082
s0096,7,0,62.511215
s0096,8,0,60.45405
s0096,9,0,49.82954
s0096,10,0,61.41087
s0096,11,0,62.095993
s0096,12,0,64.61394
s0096,13,0,59.626514
s0096,14,0,65.401344
s0096,15,0,70.18761
s0096,16,0,68.701904
s0096,17,0,70.376945
s0096,18,0,62.238197
s0096,19,0,61.15702
s0096,20,0,71.76061
s0096,21,0,64.96367
s0096,22,0,69.91308
s0096,23,0,66.25297
s0096,24,0,69.49968
s0096,25,0,64.54684
s0096,26,0,73.38727
s0096,27,0,67.20853
s0096,28,0,70.75402
s0096,29,0,72.671906
s0096,30,0,45.731014
s0096,31,0,69.25114
s0096,32,0,66.69082
s0096,33,0,45.31125
s0096,34,0,38.98063
s0096,35,0,48.06461
s0096,36,0,52.26369
s0096,37,0,62.88442
s0096,38,0,56.36869
s0096,39,0,51.350376
s0096,40,0,65.503456
s0096,41,0,45.95261
s0096,42,0,47.124878
s0096,43,0,39.159367
s0096,44,0,52.74876
s0096,45,0,62.65292
s0096,46,0,46.23142
s0096,47,0,50.17453
s0096,48,0,45.19491
s0096,49,0,67.30062
s0096,50,0,37.161236
s0096,51,0,50.967335
s0096,52,0,32.81929
s0096,53,0,62.801224
s0096,54,0,49.847237
s0096,55,0,55.417625
s0096,56,0,57.896717
s0096,57,0,54.988018
s0096,58,0,50.050686
s0096,59,0,65.919014
s0096,60,0,66.473305
s0096,61,0,64.66908
s0096,62,0,80.7253
s0096,63,0,74.117645
s0096,64,0,66.517525
s0096,65,0,58.7223
s0096,66,0,66.4386
s0096,67,0,59.80923
s0096,68,0,61.560535
s0096,69,0,68.11907
s0096,70,0,52.28723
s0096,71,0,62.55096
s0096,72,0,61.82078
s0096,73,0,68.73109
s0096,74,0,74.91658
s0096,75,0,78.499245
s0096,76,0,64.8147
s0096,77,0,67.71175
s0096,78,0,68.48985
s0096,79,0,73.896484
s0096,80,0,69.177025
s0096,81,0,80.91326
s0096,82,0,68.138306
s0096,83,0,62.027542
s0096,84,0,68.95945
s0096,85,0,75.67891
s0096,86,0,63.309273
s0096,87,0,57.714024
s0096,88,0,62.86333
s0096,89,0,60.638126
s0096,90,0,61.412487
s0096,91,0,71.58638
s0096,92,0,72.09762
s0096,93,0,78.91717
s0096,94,0,72.82421
s0096,95,0,66.71425
s0097,0,0,50.302082
s0097,1,0,50.242245
s0097,2,0,39.53081
s0097,3,0,38.0009
s0097,4,0,53.91143
s0097,5,0,52.859753
s0097,6,0,49.307312
s0097,7,0,57.423447
s0097,8,0,56.57966
s0097,9,0,62.018906
s0097,10,0,56.30098
s0097,11,0,64.29926
s0097,12,0,72.60664
s0097,13,0,69.36634
s0097,14,0,73.51147
s0097,15,0,67.33834
s0097,16,0,65.28005
s0097,17,0,66.33859
s0097,18,0,72.97239
s0097,19,0,68.12317
s0097,20,0,66.46869
s0097,21,0,57.786335
s0097,22,0,57.59276
s0097,23,0,59.289024
s0097,24,0,69.823746
s0097,25,0,74.410355
s0097,26,0,73.58831
s0097,27,0,61.297504
s0097,28,0,66.25696
s0097,29,0,65.89883
s0097,30,0,60.640785
s0097,31,0,62.898155
s0097,32,0,64.522675
s0097,33,0,59.951942
s0097,34,0,40.157524
s0097,35,0,61.490776
s0097,36,0,48.229176
s0097,37,0,62.441105
s0097,38,0,57.412277
s0097,39,0,48.74442
s0097,40,0,70.02296
s0097,41,0,46.79404
s0097,42,0,47.039185
s0097,43,0,55.471184
s0097,44,0,27.9695
s0097,45,0,67.8451
s0097,46,0,56.26406
s0097,47,0,56.922752
s0097,48,0,46.734943
s0097,49,0,37.776676
s0097,50,0,62.01665
s0097,51,0,55.40853
s0097,52,0,47.93235
s0097,53,0,49.211575
s0097,54,0,62.710262
s0097,55,0,62.42954
s0097,56,0,62.870804
s0097,57,0,58.160652
s0097,58,0,53.092552
s0097,59,0,65.913475
s0097,60,0,70.44099
s0097,61,0,62.75168
s0097,62,0,71.40106
s0097,63,0,72.97178
s0097,64,0,67.63587
s0097,65,0,59.833366
s0097,66,0,68.73656
s0097,67,0,71.08333
s0097,68,0,71.02214
s0097,69,0,62.92386
s0097,70,0,61.330566
s0097,71,0,52.092445
s0097,72,0,54.593323
s0097,73,0,58.752125
s0097,74,0,77.48768
s0097,75,0,75.73863
s0097,76,0,71.389694
s0097,77,0,69.28425
s0097,78,0,72.37323
s0097,79,0,78.65998
s0097,80,0,67.09556
s0097,81,0,68.4348
s0097,82,0,64.46541
s0097,83,0,62.16161
s0097,84,0,74.31767
s0097,85,0,67.599205
s0097,86,0,63.55105
s0097,87,0,56.825775
s0097,88,0,58.268158
s0097,89,0,70.63175
s0097,90,0,55.50171
s0097,91,0,71.84688
s0097,92,0,62.34593
s0097,93,0,76.30611
s0097,94,0,72.03392
s0097,95,0,71.48289
s0098,0,0,58.45491
s0098,1,0,48.131386
s0098,2,0,44.97029
s0098,3,0,40.01595
s0098,4,0,55.36178
s0098,5,0,52.837772
s0098,6,0,38.185352
s0098,7,0,47.43323
s0098,8,0,61.263443
s0098,9,0,63.11478
s0098,10,0,50.024807
s0098,11,0,65.656395
s0098,12,0,63.576584
s0098,13,0,64.62593
s0098,14,0,72.06502
s0098,15,0,89.9845
s0098,16,0,66.47954
s0098,17,0,60.05487
s0098,18,0,67.96732
s0098,19,0,53.240604
s0098,20,0,59.059834
s0098,21,0,63.32219
s0098,22,0,65.01311
s0098,23,0,64.60071
s0098,24,0,72.873344
s0098,25,0,70.6134
s0098,26,0,89.19653
s0098,27,0,70.50794
s0098,28,0,74.54594
s0098,29,0,75.39637
s0098,30,0,57.357815
s0098,31,0,67.80084
s0098,32,0,55.12818
s0098,33,0,50.44486
s0098,34,0,57.536293
s0098,35,0,56.185986
s0098,36,0,51.40251
s0098,37,0,59.025894
s0098,38,0,62.64852
s0098,39,0,52.855404
s0098,40,0,62.732254
s0098,41,0,49.887062
s0098,42,0,53.708168
s0098,43,0,51.21137
s0098,44,0,47.9912
s0098,45,0,60.945747
s0098,46,0,26.338882
s0098,47,0,55.286232
s0098,48,0,46.26443
s0098,49,0,38.22863
s0098,50,0,39.26519
s0098,51,0,58.4213
s0098,52,0,59.420265
s0098,53,0,57.778667
s0098,54,0,51.625957
s0098,55,0,58.813847
s0098,56,0,64.99227
s0098,57,0,57.667454
s0098,58,0,61.269985
s0098,59,0,67.18428
s0098,60,0,59.337856
s0098,61,0,62.09064
s0098,62,0,61.641895
s0098,63,0,76.00684
s0098,64,0,66.857796
s0098,65,0,65.20489
s0098,66,0,66.13406
s0098,67,0,67.74868
s0098,68,0,71.18379
s0098,69,0,70.238625
s0098,70,0,66.528145
s0098,71,0,54.56353
s0098,72,0,61.420162
s0098,73,0,70.42487
s0098,74,0,80.64043
s0098,75,0,70.80904
s0098,76,0,69.98683
s0098,77,0,65.35611
s0098,78,0,74.96074
s0098,79,0,62.659576
s0098,80,0,70.78767
s0098,81,0,76.34626
s0098,82,0,67.190994
s0098,83,0,60.958244
s0098,84,0,64.647255
s0098,85,0,73.476616
s0098,86,0,52.757248
s0098,87,0,57.147465
s0098,88,0,60.17094
s0098,89,0,74.46782
s0098,90,0,54.68826
s0098,91,0,67.8391
s0098,92,0,60.62423
s0098,93,0,71.81228
s0098,94,0,63.30029
s0098,95,0,66.717705
s0099,0,0,41.11567
s0099,1,0,39.296566
s0099,2,0,52.530853
s0099,3,0,46.28993
s0099,4,0,50.513924
s0099,5,0,48.655403
s0099,6,0,50.043068
s0099,7,0,56.42443
s0099,8,0,58.46053
s0099,9,0,65.45186
s0099,10,0,55.087696
s0099,11,0,70.71043
s0099,12,0,64.20144
s0099,13,0,64.83973
s0099,14,0,68.31729
s0099,15,0,81.28708
s0099,16,0,70.974754
s0099,17,0,60.704403
s0099,18,0,66.1113
s0099,19,0,66.42466
s0099,20,0,57.751186
s0099,21,0,67.63989
s0099,22,0,53.925945
s0099,23,0,67.97605
s0099,24,0,60.26343
s0099,25,0,72.516556
s0099,26,0,74.40222
s0099,27,0,58.07552
s0099,28,0,78.05387
s0099,29,0,66.19585
s0099,30,0,60.970886
s0099,31,0,60.431133
s0099,32,0,58.538055
s0099,33,0,46.311386
s0099,34,0,62.54292
s0099,35,0,57.08053
s0099,36,0,57.48255
s0099,37,0,47.351463
s0099,38,0,61.993423
s0099,39,0,53.586285
s0099,40,0,53.466522
s0099,41,0,58.95375
s0099,42,0,39.84776
s0099,43,0,49.756874
s0099,44,0,53.160503
s0099,45,0,52.550613
s0099,46,0,48.3841
s0099,47,0,54.19488
s0099,48,0,22.817564
s0099,49,0,47.716415
s0099,50,0,57.150486
s0099,51,0,59.72984
s0099,52,0,48.541367
s0099,53,0,49.472363
s0099,54,0,57.582966
s0099,55,0,46.778893
s0099,56,0,61.29412
s0099,57,0,63.69481
s0099,58,0,49.107044
s0099,59,0,66.49437
s0099,60,0,60.147312
s0099,61,0,55.632294
s0099,62,0,68.070496
s0099,63,0,65.55911
s0099,64,0,57.594975
s0099,65,0,64.69304
s0099,66,0,73.61597
s0099,67,0,66.54176
s0099,68,0,76.92854
s0099,69,0,70.80398
s0099,70,0,58.744442
s0099,71,0,59.112804
s0099,72,0,68.06155
s0099,73,0,64.57263
s0099,74,0,70.06429
s0099,75,0,75.34186
s0099,76,0,70.08194
s0099,77,0,72.802444
s0099,78,0,70.05773
s0099,79,0,74.6144
s0099,80,0,64.17136
s0099,81,0,68.76956
s0099,82,0,62.772854
s0099,83,0,76.15402
s0099,84,0,64.44709
s0099,85,0,72.30223
s0099,86,0,63.85726
s0099,87,0,63.179543
s0099,88,0,62.829975
s0099,89,0,57.8169
s0099,90,0,61.0003
s0099,91,0,75.79968
s0099,92,0,74.54425
s0099,93,0,74.6362
s0099,94,0,69.743965
s0099,95,0,62.055878
s0100,0,0,56.094784
s0100,1,0,46.78825
s0100,2,0,32.664165
s0100,3,0,47.536873
s0100,4,0,54.570866
s0100,5,0,46.332935
s0100,6,0,50.332184
s0100,7,0,48.53258
s0100,8,0,56.9076
s0100,9,0,65.381714
s0100,10,0,56.895107
s0100,11,0,64.19724
s0100,12,0,59.77267
s0100,13,0,62.97833
s0100,14,0,63.649075
s0100,15,0,82.378586
s0100,16,0,68.318825
s0100,17,0,69.61042
s0100,18,0,62.52375
s0100,19,0,72.679886
s0100,20,0,65.97068
s0100,21,0,61.513786
s0100,22,0,58.17612
s0100,23,0,65.06044
s0100,24,0,68.59312
s0100,25,0,69.58783
s0100,26,0,68.76558
s0100,27,0,64.1169
s0100,28,0,64.00984
s0100,29,0,70.23974
s0100,30,0,56.692757
s0100,31,0,67.71607
s0100,32,0,54.944527
s0100,33,0,53.78614
s0100,34,0,61.75892
s0100,35,0,67.06328
s0100,36,0,52.516987
s0100,37,0,54.107426
s0100,38,0,50.681652
s0100,39,0,45.38797
s0100,40,0,78.2191
s0100,41,0,63.292484
s0100,42,0,51.878483
s0100,43,0,48.836346
s0100,44,0,60.02121
s0100,45,0,30.815237
s0100,46,0,24.484623
s0100,47,0,36.47856
s0100,48,0,41.121174
s0100,49,0,57.39599
s0100,50,0,53.854
s0100,51,0,32.334045
s0100,52,0,55.11201
s0100,53,0,59.265465
s0100,54,0,57.357986
s0100,55,0,59.837723
s0100,56,0,53.12419
s0100,57,0,51.880627
s0100,58,0,62.07731
s0100,59,0,59.722168
s0100,60,0,61.144203
s0100,61,0,52.124023
s0100,62,0,64.19538
s0100,63,0,64.86793
s0100,64,0,60.074463
s0100,65,0,67.2313
s0100,66,0,61.21168
s0100,67,0,69.866486
s0100,68,0,60.932575
s0100,69,0,65.73771
s0100,70,0,63.587532
s0100,71,0,63.214634
s0100,72,0,53.54101
s0100,73,0,72.65
s0100,74,0,81.44662
s0100,75,0,78.219795
s0100,76,0,77.15252
s0100,77,0,78.20583
s0100,78,0,62.129025
s0100,79,0,71.19837
s0100,80,0,73.346054
s0100,81,0,80.01706
s0100,82,0,75.00314
s0100,83,0,66.226006
s0100,84,0,69.48789
s0100,85,0,69.84718
s0100,86,0,57.552685
s0100,87,0,58.904114
s0100,88,0,65.714935
s0100,89,0,58.520844
s0100,90,0,58.49912
s0100,91,0,66.23294
s0100,92,0,66.0842
s0100,93,0,65.15175
s0100,94,0,66.7808
s0100,95,0,64.64174
s0001,0,0,58.738525
s0001,1,0,52.049683
s0001,2,0,51.14266
s0001,3,0,43.600643
s0001,4,0,51.017216
s0001,5,0,59.3602
s0001,6,0,50.291107
s0001,7,0,54.525913
s0001,8,0,54.439323
s0001,9,0,61.158077
s0001,10,0,61.847942
s0001,11,0,61.127884
s0001,12,0,67.49517
s0001,13,0,65.95199
s0001,14,0,70.86941
s0001,15,0,67.69666
s0001,16,0,62.256718
s0001,17,0,63.592335
s0001,18,0,68.882904
s0001,19,0,67.00067
s0001,20,0,70.1546
s0001,21,0,68.53458
s0001,22,0,64.65357
s0001,23,0,65.037346
s0001,24,0,67.95683
s0001,25,0,68.88668
s0001,26,0,57.483227
s0001,27,0,67.69831
s0001,28,0,66.7971
s0001,29,0,71.37226
s0001,30,0,61.51942
s0001,31,0,56.90046
s0001,32,0,60.389473
s0001,33,0,50.578693
s0001,34,0,56.1669
s0001,35,0,71.118
s0001,36,0,56.543438
s0001,37,0,62.28501
s0001,38,0,49.357693
s0001,39,0,49.315228
s0001,40,0,62.358875
s0001,41,0,46.375477
s0001,42,0,43.89114
s0001,43,0,72.43005
s0001,44,0,38.520866
s0001,45,0,57.11468
s0001,46,0,17.834661
s0001,47,0,36.60935
s0001,48,0,50.74083
s0001,49,0,70.34851
s0001,50,0,46.623
s0001,51,0,59.190567
s0001,52,0,54.134026
s0001,53,0,53.33657
s0001,54,0,45.643326
s0001,55,0,53.721283
s0001,56,0,62.39176
s0001,57,0,66.02844
s0001,58,0,61.922825
s0001,59,0,69.20593
s0001,60,0,59.670174
s0001,61,0,53.86131
s0001,62,0,69.90615
s0001,63,0,69.48679
s0001,64,0,61.56744
s0001,65,0,62.048054
s0001,66,0,77.373505
s0001,67,0,63.68642
s0001,68,0,64.75433
s0001,69,0,62.193233
s0001,70,0,44.59371
s0001,71,0,62.75787
s0001,72,0,73.7543
s0001,73,0,74.8507
s0001,74,0,71.87845
s0001,75,0,70.88851
s0001,76,0,77.2324
s0001,77,0,73.14673
s0001,78,0,76.11623
s0001,79,0,71.69567
s0001,80,0,74.32432
s0001,81,0,72.82754
s0001,82,0,61.82175
s0001,83,0,55.957428
s0001,84,0,69.201225
s0001,85,0,71.88276
s0001,86,0,62.094143
s0001,87,0,61.037834
s0001,88,0,74.261284
s0001,89,0,69.41712
s0001,90,0,59.779064
s0001,91,0,72.35671
s0001,92,0,64.97765
s0001,93,0,77.01801
s0001,94,0,65.85206
s0001,95,0,65.67905
s0002,0,0,51.29575
s0002,1,0,43.765854
s0002,2,0,34.993214
s0002,3,0,35.907547
s0002,4,0,55.56405
s0002,5,0,51.758167
s0002,6,0,59.883797
s0002,7,0,59.777813
s0002,8,0,58.281845
s0002,9,0,54.420937
s0002,10,0,69.32506
s0002,11,0,69.389915
s0002,12,0,62.91394
s0002,13,0,72.94076
s0002,14,0,64.822975
s0002,15,0,69.3904
s0002,16,0,68.36431
s0002,17,0,60.23374
s0002,18,0,63.312996
s0002,19,0,67.173874
s0002,20,0,66.52165
s0002,21,0,57.661354
s0002,22,0,65.0694
s0002,23,0,51.053173
s0002,24,0,59.518646
s0002,25,0,59.777103
s0002,26,0,67.09124
s0002,27,0,59.927437
s0002,28,0,71.74844
s0002,29,0,74.00789
s0002,30,0,61.147972
s0002,31,0,58.649574
s0002,32,0,58.64624
s0002,33,0,55.283653
s0002,34,0,55.60906
s0002,35,0,56.321453
s0002,36,0,55.627716
s0002,37,0,55.903275
s0002,38,0,48.43977
s0002,39,0,64.37924
s0002,40,0,69.352
s0002,41,0,46.32806
s0002,42,0,45.84522
s0002,43,0,37.73398
s0002,44,0,25.239862
s0002,45,0,47.973743
s0002,46,0,42.447014
s0002,47,0,50.41299
s0002,48,0,49.77222
s0002,49,0,51.067226
s0002,50,0,42.75198
s0002,51,0,43.33262
s0002,52,0,55.285206
s0002,53,0,55.87623
s0002,54,0,41.940517
s0002,55,0,51.5842
s0002,56,0,65.53506
s0002,57,0,59.75868
s0002,58,0,61.58229
s0002,59,0,63.480007
s0002,60,0,60.834293
s0002,61,0,62.31712
s0002,62,0,87.35572
s0002,63,0,69.48614
s0002,64,0,60.430454
s0002,65,0,67.50511
s0002,66,0,70.386284
s0002,67,0,69.922874
s0002,68,0,71.79622
s0002,69,0,72.00426
s0002,70,0,44.650192
s0002,71,0,52.80417
s0002,72,0,62.21664
s0002,73,0,69.057785
s0002,74,0,72.04228
s0002,75,0,73.09453
s0002,76,0,64.582085
s0002,77,0,69.81404
s0002,78,0,59.795002
s0002,79,0,69.77014
s0002,80,0,77.26182
s0002,81,0,69.63741
s0002,82,0,64.77618
s0002,83,0,60.618614
s0002,84,0,68.64717
s0002,85,0,69.55856
s0002,86,0,71.762665
s0002,87,0,59.43306
s0002,88,0,57.286636
s0002,89,0,61.242275
s0002,90,0,60.19514
s0002,91,0,74.8348
s0002,92,0,62.15174
s0002,93,0,67.46545
s0002,94,0,69.72611
s0002,95,0,68.39516
s0003,0,0,59.116512
s0003,1,0,47.689224
s0003,2,0,45.65823
s0003,3,0,47.969994
s0003,4,0,39.82632
s0003,5,0,50.688583
s0003,6,0,59.09578
s0003,7,0,54.23457
s0003,8,0,60.032238
s0003,9,0,63.033203
s0003,10,0,53.171066
s0003,11,0,58.986008
s0003,12,0,82.87761
s0003,13,0,69.32042
s0003,14,0,66.514854
s0003,15,0,73.61773
s0003,16,0,67.05932
s0003,17,0,60.22101
s0003,18,0,65.12382
s0003,19,0,66.24361
s0003,20,0,73.72667
s0003,21,0,67.59442
s0003,22,0,65.99933
s0003,23,0,62.47035
s0003,24,0,80.07653
s0003,25,0,72.65985
s0003,26,0,64.81569
s0003,27,0,59.560474
s0003,28,0,61.556606
s0003,29,0,54.806675
s0003,30,0,52.011242
s0003,31,0,68.95972
s0003,32,0,61.479187
s0003,33,0,41.82447
s0003,34,0,58.61753
s0003,35,0,52.53006
s0003,36,0,59.59862
s0003,37,0,44.915466
s0003,38,0,70.98065
s0003,39,0,47.370113
s0003,40,0,55.802654
s0003,41,0,45.76563
s0003,42,0,41.34939
s0003,43,0,57.758347
s0003,44,0,66.860535
s0003,45,0,42.123646
s0003,46,0,33.9776
s0003,47,0,42.18112
s0003,48,0,63.907238
s0003,49,0,36.965588
s0003,50,0,67.1218
s0003,51,0,66.631966
s0003,52,0,46.63224
s0003,53,0,44.770916
s0003,54,0,51.429783
s0003,55,0,52.958206
s0003,56,0,65.74689
s0003,57,0,68.68876
s0003,58,0,53.816177
s0003,59,0,69.47477
s0003,60,0,63.252186
s0003,61,0,68.3706
s0003,62,0,69.55712
s0003,63,0,75.1025
s0003,64,0,56.20254
s0003,65,0,63.462086
s0003,66,0,70.17529
s0003,67,0,62.264236
s0003,68,0,66.02308
s0003,69,0,69.702484
s0003,70,0,59.84778
s0003,71,0,63.61547
s0003,72,0,60.62882
s0003,73,0,70.54822
s0003,74,0,71.75441
s0003,75,0,72.870575
s0003,76,0,71.728355
s0003,77,0,73.85808
s0003,78,0,57.014786
s0003,79,0,71.64578
s0003,80,0,85.66777
s0003,81,0,68.57318
s0003,82,0,63.968086
s0003,83,0,67.88897
s0003,84,0,71.653694
s0003,85,0,65.37594
s0003,86,0,59.699272
s0003,87,0,61.43806
s0003,88,0,67.69624
s0003,89,0,58.171577
s0003,90,0,63.405884
s0003,91,0,79.040955
s0003,92,0,61.052826
s0003,93,0,67.54962
s0003,94,0,61.65288
s0003,95,0,54.87645
s0004,0,0,52.814404
s0004,1,0,36.768005
s0004,2,0,51.65444
s0004,3,0,38.834946
s0004,4,0,58.26839
s0004,5,0,53.976955
s0004,6,0,51.368607
s0004,7,0,54.073456
s0004,8,0,63.735073
s0004,9,0,60.383595
s0004,10,0,53.853153
s0004,11,0,64.58629
s0004,12,0,75.0406
s0004,13,0,66.44249
s0004,14,0,66.28987
s0004,15,0,60.65562
s0004,16,0,64.503426
s0004,17,0,59.697094
s0004,18,0,57.63409
s0004,19,0,63.998676
s0004,20,0,74.860825
s0004,21,0,69.18853
s0004,22,0,54.285477
s0004,23,0,72.351204
s0004,24,0,75.336426
s0004,25,0,62.17058
s0004,26,0,69.02965
s0004,27,0,71.39412
s0004,28,0,69.947754
s0004,29,0,72.79215
s0004,30,0,60.71299
s0004,31,0,61.15818
s0004,32,0,61.05069
s0004,33,0,58.45185
s0004,34,0,50.087322
s0004,35,0,43.736275
s0004,36,0,55.578346
s0004,37,0,62.548077
s0004,38,0,48.900257
s0004,39,0,51.806316
s0004,40,0,53.284504
s0004,41,0,59.633717
s0004,42,0,45.727287
s0004,43,0,52.86395
s0004,44,0,48.297466
s0004,45,0,53.837997
s0004,46,0,63.662674
s0004,47,0,49.695118
s0004,48,0,51.1183
s0004,49,0,57.424644
s0004,50,0,57.446484
s0004,51,0,53.64175
s0004,52,0,51.569317
s0004,53,0,51.811886
s0004,54,0,60.827835
s0004,55,0,54.254253
s0004,56,0,58.42914
s0004,57,0,62.810207
s0004,58,0,60.83866
s0004,59,0,65.91025
s0004,60,0,59.406704
s0004,61,0,64.7961
s0004,62,0,72.7407
s0004,63,0,76.35392
s0004,64,0,62.513023
s0004,65,0,65.82284
s0004,66,0,67.80911
s0004,67,0,58.33736
s0004,68,0,63.115173
s0004,69,0,65.91804
s0004,70,0,63.24677
s0004,71,0,59.11991
s0004,72,0,65.61395
s0004,73,0,69.24441
s0004,74,0,79.96573
s0004,75,0,73.71535
s0004,76,0,78.73758
s0004,77,0,78.558205
s0004,78,0,70.76233
s0004,79,0,74.49004
s0004,80,0,70.43347
s0004,81,0,75.01453
s0004,82,0,70.087654
s0004,83,0,77.50761
s0004,84,0,76.12797
s0004,85,0,75.78366
s0004,86,0,64.021
s0004,87,0,65.93065
s0004,88,0,59.716087
s0004,89,0,49.335526
s0004,90,0,57.391804
s0004,91,0,65.53402
s0004,92,0,60.141808
s0004,93,0,81.49304
s0004,94,0,65.20365
s0004,95,0,62.643784
s0005,0,0,52.212963
s0005,1,0,58.724106
s0005,2,0,44.87222
s0005,3,0,42.029
s0005,4,0,55.95206
s0005,5,0,56.880764
s0005,6,0,52.126846
s0005,7,0,59.00321
s0005,8,0,61.15062
s0005,9,0,56.46792
s0005,10,0,50.482643
s0005,11,0,68.60283
s0005,12,0,63.21063
s0005,13,0,61.63157
s0005,14,0,63.285316
s0005,15,0,74.076065
s0005,16,0,64.58364
s0005,17,0,58.224907
s0005,18,0,69.99569
s0005,19,0,68.94338
s0005,20,0,77.06379
s0005,21,0,70.521515
s0005,22,0,63.00829
s0005,23,0,68.11558
s0005,24,0,74.37113
s0005,25,0,67.53139
s0005,26,0,71.74506
s0005,27,0,68.553665
s0005,28,0,70.62935
s0005,29,0,63.381577
s0005,30,0,65.22021
s0005,31,0,64.0424
s0005,32,0,58.44895
s0005,33,0,48.86131
s0005,34,0,46.18088
s0005,35,0,46.239094
s0005,36,0,59.01241
s0005,37,0,60.99353
s0005,38,0,51.44944
s0005,39,0,41.035286
s0005,40,0,65.9361
s0005,41,0,48.675125
s0005,42,0,40.465664
s0005,43,0,48.517277
s0005,44,0,71.4024
s0005,45,0,69.693825
s0005,46,0,51.40689
s0005,47,0,49.342556
s0005,48,0,27.15465
s0005,49,0,44.364643
s0005,50,0,44.98694
s0005,51,0,57.67162
s0005,52,0,51.010345
s0005,53,0,56.279705
s0005,54,0,49.984093
s0005,55,0,60.487316
s0005,56,0,59.57491
s0005,57,0,75.34457
s0005,58,0,47.372417
s0005,59,0,66.18812
s0005,60,0,62.0825
s0005,61,0,58.968437
s0005,62,0,74.88096
s0005,63,0,76.9223
s0005,64,0,64.29382
s0005,65,0,66.78642
s0005,66,0,73.98275
s0005,67,0,63.556374
s0005,68,0,68.87268
s0005,69,0,70.29968
s0005,70,0,62.47327
s0005,71,0,57.617935
s0005,72,0,48.052647
s0005,73,0,73.87892
s0005,74,0,69.90532
s0005,75,0,67.00233
s0005,76,0,68.70824
s0005,77,0,65.24686
s0005,78,0,71.498566
s0005,79,0,67.78947
s0005,80,0,70.12707
s0005,81,0,75.26538
s0005,82,0,70.59533
s0005,83,0,60.17468
s0005,84,0,75.319695
s0005,85,0,64.20049
s0005,86,0,70.343
s0005,87,0,61.00529
s0005,88,0,59.123226
s0005,89,0,60.73498
s0005,90,0,57.099415
s0005,91,0,64.43004
s0005,92,0,70.01411
s0005,93,0,67.93877
s0005,94,0,64.12888
s0005,95,0,72.76797
s0006,0,0,59.65612
s0006,1,0,41.412277
s0006,2,0,46.73253
s0006,3,0,39.937016
s0006,4,0,52.579025
s0006,5,0,62.819885
s0006,6,0,48.538933
s0006,7,0,51.98637
s0006,8,0,59.9103
s0006,9,0,54.148018
s0006,10,0,58.89075
s0006,11,0,62.647327
s0006,12,0,75.287094
s0006,13,0,64.84384
s0006,14,0,71.42366
s0006,15,0,75.72939
s0006,16,0,67.36764
s0006,17,0,70.57848
s0006,18,0,67.09757
s0006,19,0,70.67471
s0006,20,0,66.20099
s0006,21,0,69.2352
s0006,22,0,64.802765
s0006,23,0,63.54412
s0006,24,0,59.1411
s0006,25,0,74.89839
s0006,26,0,73.88081
s0006,27,0,61.966774
s0006,28,0,76.94137
s0006,29,0,73.19632
s0006,30,0,55.753555
s0006,31,0,67.12435
s0006,32,0,57.101543
s0006,33,0,58.44405
s0006,34,0,56.746883
s0006,35,0,43.482143
s0006,36,0,58.33578
s0006,37,0,51.492905
s0006,38,0,54.604385
s0006,39,0,56.647007
s0006,40,0,50.653545
s0006,41,0,45.475037
s0006,42,0,43.35167
s0006,43,0,46.43501
s0006,44,0,45.78059
s0006,45,0,45.200073
s0006,46,0,36.081333
s0006,47,0,56.558308
s0006,48,0,76.615105
s0006,49,0,63.681416
s0006,50,0,61.32929
s0006,51,0,63.926617
s0006,52,0,48.65213
s0006,53,0,57.894016
s0006,54,0,50.51689
s0006,55,0,52.15958
s0006,56,0,54.800312
s0006,57,0,63.142387
s0006,58,0,59.95391
s0006,59,0,75.407
s0006,60,0,58.41445
s0006,61,0,60.86002
s0006,62,0,74.06566
s0006,63,0,66.74017
s0006,64,0,63.28602
s0006,65,0,65.31508
s0006,66,0,76.01313
s0006,67,0,63.978554
s0006,68,0,72.050644
s0006,69,0,58.75278
s0006,70,0,61.708027
s0006,71,0,62.25318
s0006,72,0,62.204544
s0006,73,0,67.47208
s0006,74,0,62.748734
s0006,75,0,66.778336
s0006,76,0,77.3244
s0006,77,0,74.83929
s0006,78,0,67.49617
s0006,79,0,68.15502
s0006,80,0,68.41153
s0006,81,0,69.60558
s0006,82,0,62.261505
s0006,83,0,65.42746
s0006,84,0,76.197754
s0006,85,0,65.66105
s0006,86,0,57.000614
s0006,87,0,59.877575
s0006,88,0,64.16134
s0006,89,0,71.267654
s0006,90,0,62.346523
s0006,91,0,61.168713
s0006,92,0,65.6999
s0006,93,0,66.97593
s0006,94,0,64.026436
s0006,95,0,57.148964
s0007,0,0,53.838955
s0007,1,0,43.104225
s0007,2,0,59.479347
s0007,3,0,47.388485
s0007,4,0,60.088062
s0007,5,0,59.168644
s0007,6,0,57.710697
s0007,7,0,60.55766
s0007,8,0,63.092377
s0007,9,0,54.43597
s0007,10,0,60.113335
s0007,11,0,61.40743
s0007,12,0,71.156784
s0007,13,0,67.45296
s0007,14,0,70.64408
s0007,15,0,67.064964
s0007,16,0,64.40885
s0007,17,0,72.171135
s0007,18,0,64.037506
s0007,19,0,62.199787
s0007,20,0,63.019264
s0007,21,0,60.865013
s0007,22,0,58.099674
s0007,23,0,69.03548
s0007,24,0,74.51545
s0007,25,0,60.49696
s0007,26,0,76.33777
s0007,27,0,54.21338
s0007,28,0,68.79213
s0007,29,0,67.67678
s0007,30,0,70.18924
s0007,31,0,58.38755
s0007,32,0,57.946213
s0007,33,0,62.556057
s0007,34,0,56.3064
s0007,35,0,60.64553
s0007,36,0,62.098896
s0007,37,0,55.777405
s0007,38,0,45.10578
s0007,39,0,57.345936
s0007,40,0,65.687706
s0007,41,0,50.297314
s0007,42,0,63.523125
s0007,43,0,51.883095
s0007,44,0,41.355103
s0007,45,0,38.901203
s0007,46,0,40.985973
s0007,47,0,65.06055
s0007,48,0,51.291664
s0007,49,0,53.590343
s0007,50,0,36.806507
s0007,51,0,50.733055
s0007,52,0,62.845512
s0007,53,0,55.593323
s0007,54,0,41.32345
s0007,55,0,50.16129
s0007,56,0,54.254974
s0007,57,0,69.754555
s0007,58,0,58.96236
s0007,59,0,63.74544
s0007,60,0,61.43194
s0007,61,0,54.366833
s0007,62,0,82.83754
s0007,63,0,71.26686
s0007,64,0,61.08076
s0007,65,0,69.47226
s0007,66,0,76.926735
s0007,67,0,52.732555
s0007,68,0,63.898678
s0007,69,0,64.45538
s0007,70,0,62.021526
s0007,71,0,54.98964
s0007,72,0,53.229248
s0007,73,0,69.844864
s0007,74,0,77.33089
s0007,75,0,60.370674
s0007,76,0,65.79211
s0007,77,0,70.05284
s0007,78,0,71.09949
s0007,79,0,73.95107
s0007,80,0,63.476383
s0007,81,0,63.801838
s0007,82,0,72.20852
s0007,83,0,61.300274
s0007,84,0,75.59012
s0007,85,0,80.29432
s0007,86,0,65.8603
s0007,87,0,66.13641
s0007,88,0,59.57165
s0007,89,0,58.841038
s0007,90,0,55.78171
s0007,91,0,71.842514
s0007,92,0,60.85506
s0007,93,0,75.05423
s0007,94,0,67.47887
s0007,95,0,64.234245
s0008,0,0,63.3153
s0008,1,0,52.806236
s0008,2,0,55.323265
s0008,3,0,41.50243
s0008,4,0,52.925304
s0008,5,0,50.701694
s0008,6,0,53.67185
s0008,7,0,54.187195
s0008,8,0,62.59977
s0008,9,0,64.45917
s0008,10,0,55.226387
s0008,11,0,62.707348
s0008,12,0,66.1555
s0008,13,0,65.99942
s0008,14,0,73.239944
s0008,15,0,71.67533
s0008,16,0,63.540993
s0008,17,0,56.961533
s0008,18,0,58.20271
s0008,19,0,73.74651
s0008,20,0,71.25015
s0008,21,0,64.61584
s0008,22,0,58.775696
s0008,23,0,66.86149
s0008,24,0,69.14047
s0008,25,0,58.18097
s0008,26,0,65.668365
s0008,27,0,63.36373
s0008,28,0,73.14415
s0008,29,0,76.21046
s0008,30,0,53.7933
s0008,31,0,65.99939
s0008,32,0,62.23199
s0008,33,0,58.971355
s0008,34,0,66.49991
s0008,35,0,53.517597
s0008,36,0,43.535805
s0008,37,0,52.657497
s0008,38,0,71.44399
s0008,39,0,57.39275
s0008,40,0,61.448166
s0008,41,0,52.24011
s0008,42,0,31.554186
s0008,43,0,47.24014
s0008,44,0,51.069233
s0008,45,0,52.086124
s0008,46,0,21.702793
s0008,47,0,35.876026
s0008,48,0,62.312252
s0008,49,0,55.86125
s0008,50,0,37.33533
s0008,51,0,43.02398
s0008,52,0,57.031338
s0008,53,0,43.50141
s0008,54,0,36.32652
s0008,55,0,71.95002
s0008,56,0,54.91897
s0008,57,0,63.8195
s0008,58,0,53.387547
s0008,59,0,60.895214
s0008,60,0,63.709682
s0008,61,0,67.79922
s0008,62,0,75.64168
s0008,63,0,73.98794
s0008,64,0,65.90756
s0008,65,0,63.07065
s0008,66,0,72.65074
s0008,67,0,70.817894
s0008,68,0,65.93422
s0008,69,0,63.054993
s0008,70,0,61.041733
s0008,71,0,57.302975
s0008,72,0,67.96049
s0008,73,0,72.706474
s0008,74,0,73.29807
s0008,75,0,68.39632
s0008,76,0,77.042786
s0008,77,0,76.35453
s0008,78,0,66.82674
s0008,79,0,65.25806
s0008,80,0,72.32655
s0008,81,0,71.077194
s0008,82,0,57.151173
s0008,83,0,66.51462
s0008,84,0,63.618416
s0008,85,0,69.101974
s0008,86,0,63.712643
s0008,87,0,61.661793
s0008,88,0,59.62474
s0008,89,0,58.77778
s0008,90,0,55.547794
s0008,91,0,61.14914
s0008,92,0,62.62698
s0008,93,0,70.003296
s0008,94,0,75.163795
s0008,95,0,76.33577
s0009,0,0,55.300194
s0009,1,0,39.58999
s0009,2,0,41.93238
s0009,3,0,55.359486
s0009,4,0,49.808872
s0009,5,0,52.93972
s0009,6,0,48.503204
s0009,7,0,65.713615
s0009,8,0,64.2051
s0009,9,0,51.482967
s0009,10,0,56.969486
s0009,11,0,64.89364
s0009,12,0,58.745316
s0009,13,0,64.29492
s0009,14,0,66.804344
s0009,15,0,63.294056
s0009,16,0,70.89761
s0009,17,0,68.00384
s0009,18,0,71.86259
s0009,19,0,64.992966
s0009,20,0,63.80866
s0009,21,0,64.42846
s0009,22,0,62.69803
s0009,23,0,67.06393
s0009,24,0,74.92151
s0009,25,0,75.07723
s0009,26,0,68.56153
s0009,27,0,60.075558
s0009,28,0,67.2535
s0009,29,0,65.47644
s0009,30,0,57.25039
s0009,31,0,61.289314
s0009,32,0,57.71995
s0009,33,0,54.22652
s0009,34,0,37.57778
s0009,35,0,54.80237
s0009,36,0,52.418705
s0009,37,0,66.66007
s0009,38,0,51.901993
s0009,39,0,49.494232
s0009,40,0,59.965733
s0009,41,0,42.012894
s0009,42,0,44.056316
s0009,43,0,59.614452
s0009,44,0,54.277233
s0009,45,0,60.08351
s0009,46,0,60.055923
s0009,47,0,27.105694
s0009,48,0,27.203695
s0009,49,0,47.084373
s0009,50,0,41.409943
s0009,51,0,51.291218
s0009,52,0,53.59684
s0009,53,0,63.77986
s0009,54,0,70.17477
s0009,55,0,46.135468
s0009,56,0,46.767
s0009,57,0,65.18726
s0009,58,0,52.933487
s0009,59,0,60.045532
s0009,60,0,65.52831
s0009,61,0,65.473816
s0009,62,0,73.348145
s0009,63,0,71.97996
s0009,64,0,64.457695
s0009,65,0,61.86416
s0009,66,0,69.40752
s0009,67,0,58.180584
s0009,68,0,67.23363
s0009,69,0,61.03274
s0009,70,0,54.501812
s0009,71,0,64.732635
s0009,72,0,60.091434
s0009,73,0,77.28702
s0009,74,0,65.12687
s0009,75,0,69.14186
s0009,76,0,66.314125
s0009,77,0,59.365154
s0009,78,0,69.25885
s0009,79,0,74.84878
s0009,80,0,72.00041
s0009,81,0,75.75641
s0009,82,0,72.13528
s0009,83,0,60.76036
s0009,84,0,73.41257
s0009,85,0,63.895226
s0009,86,0,67.600784
s0009,87,0,57.8434
s0009,88,0,61.385696
s0009,89,0,60.267857
s0009,90,0,59.066936
s0009,91,0,67.24724
s0009,92,0,69.189026
s0009,93,0,70.13652
s0009,94,0,63.790295
s0009,95,0,69.4964
s0010,0,0,53.59601
s0010,1,0,53.954185
s0010,2,0,45.0938
s0010,3,0,47.1172
s0010,4,0,46.049557
s0010,5,0,55.216106
s0010,6,0,52.66359
s0010,7,0,63.300903
s0010,8,0,71.15668
s0010,9,0,54.96512
s0010,10,0,55.861816
s0010,11,0,64.62964
s0010,12,0,77.37499
s0010,13,0,70.36889
s0010,14,0,64.54738
s0010,15,0,71.0527
s0010,16,0,59.38426
s0010,17,0,61.495693
s0010,18,0,54.05573
s0010,19,0,63.06826
s0010,20,0,68.927895
s0010,21,0,69.04049
s0010,22,0,70.7092
s0010,23,0,59.0014
s0010,24,0,61.2674
s0010,25,0,71.06951
s0010,26,0,60.42922
s0010,27,0,55.77294
s0010,28,0,59.324993
s0010,29,0,70.88356
s0010,30,0,56.848953
s0010,31,0,60.13438
s0010,32,0,63.879948
s0010,33,0,43.36512
s0010,34,0,48.88693
s0010,35,0,61.23548
s0010,36,0,47.38043
s0010,37,0,59.025368
s0010,38,0,57.086395
s0010,39,0,68.64451
s0010,40,0,63.387928
s0010,41,0,61.061714
s0010,42,0,61.57589
s0010,43,0,64.21648
s0010,44,0,64.79442
s0010,45,0,56.337593
s0010,46,0,44.70039
s0010,47,0,39.264477
s0010,48,0,68.71453
s0010,49,0,48.31376
s0010,50,0,51.342655
s0010,51,0,61.39535
s0010,52,0,51.346836
s0010,53,0,46.675747
s0010,54,0,44.89271
s0010,55,0,55.586617
s0010,56,0,62.984646
s0010,57,0,55.443325
s0010,58,0,62.81621
s0010,59,0,65.12772
s0010,60,0,59.651417
s0010,61,0,64.447075
s0010,62,0,65.4909
s0010,63,0,73.86872
s0010,64,0,69.547874
s0010,65,0,60.463882
s0010,66,0,66.510475
s0010,67,0,59.017345
s0010,68,0,59.13204
s0010,69,0,64.591545
s0010,70,0,65.00083
s0010,71,0,62.11053
s0010,72,0,63.55773
s0010,73,0,62.671062
s0010,74,0,77.14327
s0010,75,0,80.0524
s0010,76,0,70.13417
s0010,77,0,70.89572
s0010,78,0,77.52979
s0010,79,0,84.10227
s0010,80,0,80.59673
s0010,81,0,65.58681
s0010,82,0,72.151245
s0010,83,0,63.937214
s0010,84,0,58.180202
s0010,85,0,65.79671
s0010,86,0,50.38793
s0010,87,0,55.72779
s0010,88,0,59.44613
s0010,89,0,62.328686
s0010,90,0,53.051003
s0010,91,0,60.1943
s0010,92,0,63.752525
s0010,93,0,64.69375
s0010,94,0,70.42056
s0010,95,0,71.14852
s0011,0,0,52.18127
s0011,1,0,51.218422
s0011,2,0,38.441578
s0011,3,0,49.393642
s0011,4,0,46.379444
s0011,5,0,51.98474
s0011,6,0,64.31534
s0011,7,0,55.79135
s0011,8,0,58.55144
s0011,9,0,58.676414
s0011,10,0,54.388607
s0011,11,0,61.83174
s0011,12,0,63.50315
s0011,13,0,71.17888
s0011,14,0,64.74626
s0011,15,0,71.898766
s0011,16,0,61.622257
s0011,17,0,62.634403
s0011,18,0,63.946266
s0011,19,0,60.995117
s0011,20,0,69.20104
s0011,21,0,67.90126
s0011,22,0,59.882404
s0011,23,0,70.89702
s0011,24,0,77.912834
s0011,25,0,65.548965
s0011,26,0,72.89106
s0011,27,0,62.701157
s0011,28,0,67.84293
s0011,29,0,71.87077
s0011,30,0,53.04547
s0011,31,0,65.30042
s0011,32,0,66.129944
s0011,33,0,54.055103
s0011,34,0,60.94958
s0011,35,0,49.814255
s0011,36,0,51.147606
s0011,37,0,54.984432
s0011,38,0,56.870396
s0011,39,0,61.581924
s0011,40,0,67.11311
s0011,41,0,40.003956
s0011,42,0,52.626213
s0011,43,0,27.46494
s0011,44,0,21.074701
s0011,45,0,31.31759
s0011,46,0,34.556793
s0011,47,0,62.33507
s0011,48,0,41.235374
s0011,49,0,45.881584
s0011,50,0,39.15512
s0011,51,0,51.241467
s0011,52,0,54.9534
s0011,53,0,61.97889
s0011,54,0,63.32164
s0011,55,0,66.58282
s0011,56,0,60.103542
s0011,57,0,63.51821
s0011,58,0,60.31225
s0011,59,0,64.35364
s0011,60,0,65.999344
s0011,61,0,61.455822
s0011,62,0,77.78584
s0011,63,0,76.656685
s0011,64,0,71.19553
s0011,65,0,73.40602
s0011,66,0,71.91687
s0011,67,0,70.14791
s0011,68,0,57.488914
s0011,69,0,58.891968
s0011,70,0,61.450283
s0011,71,0,60.816036
s0011,72,0,60.867035
s0011,73,0,72.34806
s0011,74,0,70.29805
s0011,75,0,71.21193
s0011,76,0,81.40692
s0011,77,0,68.86809
s0011,78,0,75.0945
s0011,79,0,77.135376
s0011,80,0,71.2329
s0011,81,0,80.52742
s0011,82,0,55.365925
s0011,83,0,59.480206
s0011,84,0,66.49048
s0011,85,0,59.371452
s0011,86,0,68.82414
s0011,87,0,62.40421
s0011,88,0,69.33616
s0011,89,0,63.520485
s0011,90,0,55.22307
s0011,91,0,54.906414
s0011,92,0,60.51518
s0011,93,0,58.21655
s0011,94,0,67.042274
s0011,95,0,69.521126
s0012,0,0,50.085957
s0012,1,0,41.901745
s0012,2,0,44.163254
s0012,3,0,41.951447
s0012,4,0,49.015297
s0012,5,0,52.82461
s0012,6,0,46.688618
s0012,7,0,56.49018
s0012,8,0,61.862335
s0012,9,0,62.019234
s0012,10,0,45.37414
s0012,11,0,68.255035
s0012,12,0,73.428986
s0012,13,0,64.31012
s0012,14,0,75.82467
s0012,15,0,72.22177
s0012,16,0,76.40998
s0012,17,0,72.79126
s0012,18,0,68.00335
s0012,19,0,74.21451
s0012,20,0,67.55995
s0012,21,0,67.11901
s0012,22,0,61.397743
s0012,23,0,66.358116
s0012,24,0,61.072105
s0012,25,0,69.18843
s0012,26,0,69.3049
s0012,27,0,70.23287
s0012,28,0,65.6263
s0012,29,0,66.13553
s0012,30,0,64.58699
s0012,31,0,53.670273
s0012,32,0,55.729134
s0012,33,0,46.494377
s0012,34,0,54.93384
s0012,35,0,55.23442
s0012,36,0,56.14578
s0012,37,0,60.45484
s0012,38,0,41.68872
s0012,39,0,48.733665
s0012,40,0,61.459156
s0012,41,0,51.82426
s0012,42,0,59.04223
s0012,43,0,60.146824
s0012,44,0,27.457342
s0012,45,0,33.329563
s0012,46,0,21.91484
s0012,47,0,64.96429
s0012,48,0,47.03587
s0012,49,0,46.93527
s0012,50,0,48.43401
s0012,51,0,42.070625
s0012,52,0,57.064198
s0012,53,0,50.92334
s0012,54,0,60.441708
s0012,55,0,60.764824
s0012,56,0,54.31295
s0012,57,0,65.40069
s0012,58,0,65.77064
s0012,59,0,65.82257
s0012,60,0,65.69276
s0012,61,0,67.03549
s0012,62,0,74.88947
s0012,63,0,63.796303
s0012,64,0,57.647232
s0012,65,0,64.13935
s0012,66,0,74.35578
s0012,67,0,66.29735
s0012,68,0,68.67181
s0012,69,0,62.44924
s0012,70,0,57.094654
s0012,71,0,59.462334
s0012,72,0,60.61703
s0012,73,0,69.57924
s0012,74,0,69.336235
s0012,75,0,76.023026
s0012,76,0,72.12153
s0012,77,0,68.57282
s0012,78,0,77.12141
s0012,79,0,68.554344
s0012,80,0,82.21791
s0012,81,0,77.858086
s0012,82,0,70.129654
s0012,83,0,73.62336
s0012,84,0,72.43282
s0012,85,0,77.001755
s0012,86,0,70.820496
s0012,87,0,60.02085
s0012,88,0,73.600716
s0012,89,0,59.210503
s0012,90,0,53.185577
s0012,91,0,64.10186
s0012,92,0,66.04367
s0012,93,0,71.07645
s0012,94,0,75.73139
s0012,95,0,69.64644
s0013,0,0,50.95086
s0013,1,0,48.72359
s0013,2,0,48.995934
s0013,3,0,46.865425
s0013,4,0,50.08249
s0013,5,0,55.47597
s0013,6,0,44.183025
s0013,7,0,60.293873
s0013,8,0,58.518738
s0013,9,0,57.933544
s0013,10,0,61.17444
s0013,11,0,64.14608
s0013,12,0,64.1811
s0013,13,0,63.41199
s0013,14,0,60.173462
s0013,15,0,71.23908
s0013,16,0,68.733795
s0013,17,0,63.591633
s0013,18,0,58.653786
s0013,19,0,57.791286
s0013,20,0,66.58672
s0013,21,0,60.632126
s0013,22,0,63.62494
s0013,23,0,75.062004
s0013,24,0,74.18836
s0013,25,0,66.56018
s0013,26,0,60.369488
s0013,27,0,60.93454
s0013,28,0,74.98215
s0013,29,0,64.60997
s0013,30,0,65.92221
s0013,31,0,64.167046
s0013,32,0,68.696556
s0013,33,0,58.0356
s0013,34,0,63.170742
s0013,35,0,52.018353
s0013,36,0,57.168823
s0013,37,0,52.536526
s0013,38,0,58.013187
s0013,39,0,43.203773
s0013,40,0,68.419815
s0013,41,0,47.566563
s0013,42,0,59.997707
s0013,43,0,59.79653
s0013,44,0,46.620285
s0013,45,0,51.348827
s0013,46,0,36.753353
s0013,47,0,44.926296
s0013,48,0,57.274754
s0013,49,0,52.752033
s0013,50,0,52.05902
s0013,51,0,35.348026
s0013,52,0,53.587784
s0013,53,0,52.047222
s0013,54,0,46.79632
s0013,55,0,47.696724
s0013,56,0,50.516396
s0013,57,0,66.4394
s0013,58,0,48.440567
s0013,59,0,63.246105
s0013,60,0,58.877335
s0013,61,0,65.248146
s0013,62,0,69.32796
s0013,63,0,56.82894
s0013,64,0,52.357365
s0013,65,0,66.23918
s0013,66,0,63.057823
s0013,67,0,76.09841
s0013,68,0,66.52548
s0013,69,0,62.753418
s0013,70,0,58.33778
s0013,71,0,55.85009
s0013,72,0,55.819378
s0013,73,0,59.956646
s0013,74,0,73.71054
s0013,75,0,72.03973
s0013,76,0,72.81086
s0013,77,0,65.14191
s0013,78,0,77.88665
s0013,79,0,70.53312
s0013,80,0,68.67995
s0013,81,0,76.04077
s0013,82,0,64.25216
s0013,83,0,62.993137
s0013,84,0,67.9551
s0013,85,0,69.54422
s0013,86,0,65.23221
s0013,87,0,61.37649
s0013,88,0,56.759026
s0013,89,0,66.41075
s0013,90,0,59.67141
s0013,91,0,69.61774
s0013,92,0,63.567486
s0013,93,0,74.9421
s0013,94,0,70.82948
s0013,95,0,63.351948
s0014,0,0,55.891308
s0014,1,0,52.459656
s0014,2,0,35.5356
s0014,3,0,46.643345
s0014,4,0,52.417843
s0014,5,0,61.384163
s0014,6,0,61.830822
s0014,7,0,55.01626
s0014,8,0,56.10095
s0014,9,0,56.198673
s0014,10,0,66.50019
s0014,11,0,67.84547
s0014,12,0,57.891476
s0014,13,0,60.757713
s0014,14,0,74.783295
s0014,15,0,72.73243
s0014,16,0,65.97147
s0014,17,0,60.1619
s0014,18,0,63.52938
s0014,19,0,64.390884
s0014,20,0,72.4255
s0014,21,0,63.979237
s0014,22,0,64.12571
s0014,23,0,72.5869
s0014,24,0,63.39642
s0014,25,0,68.79977
s0014,26,0,67.63159
s0014,27,0,68.54517
s0014,28,0,72.053665
s0014,29,0,73.179695
s0014,30,0,51.58976
s0014,31,0,57.821598
s0014,32,0,61.48561
s0014,33,0,56.676052
s0014,34,0,52.280815
s0014,35,0,44.98248
s0014,36,0,51.43284
s0014,37,0,59.851643
s0014,38,0,68.042336
s0014,39,0,48.087288
s0014,40,0,68.01981
s0014,41,0,38.236034
s0014,42,0,32.514336
s0014,43,0,67.14241
s0014,44,0,50.08624
s0014,45,0,69.904076
s0014,46,0,15.699145
s0014,47,0,66.648544
s0014,48,0,42.378872
s0014,49,0,52.0466
s0014,50,0,56.40439
s0014,51,0,62.570934
s0014,52,0,48.459133
s0014,53,0,43.36175
s0014,54,0,62.309708
s0014,55,0,55.52255
s0014,56,0,65.86447
s0014,57,0,59.60661
s0014,58,0,54.59796
s0014,59,0,73.09214
s0014,60,0,64.177826
s0014,61,0,52.723705
s0014,62,0,70.95211
s0014,63,0,77.659645
s0014,64,0,59.976585
s0014,65,0,64.64428
s0014,66,0,71.77547
s0014,67,0,71.92208
s0014,68,0,61.69857
s0014,69,0,64.62919
s0014,70,0,57.003483
s0014,71,0,62.41653
s0014,72,0,63.66881
s0014,73,0,71.38075
s0014,74,0,66.923935
s0014,75,0,69.17471
s0014,76,0,67.48976
s0014,77,0,67.38051
s0014,78,0,68.747574
s0014,79,0,78.24495
s0014,80,0,65.28003
s0014,81,0,61.473526
s0014,82,0,66.51981
s0014,83,0,63.640865
s0014,84,0,64.4177
s0014,85,0,74.45957
s0014,86,0,56.894184
s0014,87,0,56.34183
s0014,88,0,62.951443
s0014,89,0,67.27017
s0014,90,0,58.183464
s0014,91,0,64.95528
s0014,92,0,73.38575
s0014,93,0,72.793
s0014,94,0,62.500076
s0014,95,0,65.39995
s0015,0,0,54.34875
s0015,1,0,38.052376
s0015,2,0,52.161972
s0015,3,0,41.583782
s0015,4,0,50.60246
s0015,5,0,53.25449
s0015,6,0,43.6095
s0015,7,0,57.28808
s0015,8,0,57.898277
s0015,9,0,50.095562
s0015,10,0,57.126717
s0015,11,0,64.465546
s0015,12,0,72.649956
s0015,13,0,65.809006
s0015,14,0,65.4898
s0015,15,0,77.67228
s0015,16,0,63.105247
s0015,17,0,78.869896
s0015,18,0,67.55523
s0015,19,0,61.180454
s0015,20,0,60.30561
s0015,21,0,60.0626
s0015,22,0,64.39441
s0015,23,0,69.89522
s0015,24,0,69.69973
s0015,25,0,60.786198
s0015,26,0,65.65929
s0015,27,0,62.299797
s0015,28,0,69.43632
s0015,29,0,64.37648
s0015,30,0,56.463997
s0015,31,0,61.32622
s0015,32,0,63.44719
s0015,33,0,55.302383
s0015,34,0,48.67429
s0015,35,0,50.41553
s0015,36,0,56.374203
s0015,37,0,46.06562
s0015,38,0,55.174355
s0015,39,0,42.17482
s0015,40,0,55.507607
s0015,41,0,50.868015
s0015,42,0,44.30812
s0015,43,0,62.446053
s0015,44,0,45.160942
s0015,45,0,44.227566
s0015,46,0,32.49596
s0015,47,0,52.908176
s0015,48,0,55.166153
s0015,49,0,32.447365
s0015,50,0,61.429527
s0015,51,0,45.476536
s0015,52,0,43.61429
s0015,53,0,40.000698
s0015,54,0,59.523403
s0015,55,0,61.83663
s0015,56,0,65.99969
s0015,57,0,66.05247
s0015,58,0,57.25741
s0015,59,0,72.12896
s0015,60,0,62.47289
s0015,61,0,64.84356
s0015,62,0,69.01682
s0015,63,0,66.52907
s0015,64,0,60.385784
s0015,65,0,69.05141
s0015,66,0,71.99928
s0015,67,0,61.02363
s0015,68,0,68.44222
s0015,69,0,66.652275
s0015,70,0,60.99686
s0015,71,0,54.46928
s0015,72,0,62.29577
s0015,73,0,64.17755
s0015,74,0,72.310326
s0015,75,0,63.46491
s0015,76,0,75.62155
s0015,77,0,64.935844
s0015,78,0,68.939285
s0015,79,0,82.05869
s0015,80,0,80.26292
s0015,81,0,69.38848
s0015,82,0,65.61611
s0015,83,0,61.58323
s0015,84,0,71.785965
s0015,85,0,71.989975
s0015,86,0,62.987106
s0015,87,0,56.566574
s0015,88,0,58.88943
s0015,89,0,73.14184
s0015,90,0,60.635017
s0015,91,0,69.27205
s0015,92,0,66.34863
s0015,93,0,76.57874
s0015,94,0,75.991585
s0015,95,0,61.95525
s0016,0,0,62.157104
s0016,1,0,51.516758
s0016,2,0,53.115623
s0016,3,0,48.973526
s0016,4,0,45.131172
s0016,5,0,45.4016
s0016,6,0,53.093033
s0016,7,0,46.37271
s0016,8,0,61.771423
s0016,9,0,54.824097
s0016,10,0,59.98406
s0016,11,0,55.919857
s0016,12,0,59.803383
s0016,13,0,69.680115
s0016,14,0,64.51939
s0016,15,0,67.838524
s0016,16,0,67.66049
s0016,17,0,72.53007
s0016,18,0,55.936485
s0016,19,0,66.024635
s0016,20,0,54.545753
s0016,21,0,66.438484
s0016,22,0,57.96199
s0016,23,0,68.5956
s0016,24,0,73.1883
s0016,25,0,59.312096
s0016,26,0,66.14982
s0016,27,0,54.093117
s0016,28,0,75.095695
s0016,29,0,75.59246
s0016,30,0,50.10321
s0016,31,0,50.594433
s0016,32,0,58.68798
s0016,33,0,53.509403
s0016,34,0,47.75739
s0016,35,0,59.29242
s0016,36,0,49.771023
s0016,37,0,57.709106
s0016,38,0,63.974415
s0016,39,0,71.35477
s0016,40,0,50.445694
s0016,41,0,43.57133
s0016,42,0,48.43996
s0016,43,0,39.8968
s0016,44,0,46.65403
s0016,45,0,58.85847
s0016,46,0,35.1945
s0016,47,0,58.312992
s0016,48,0,37.608253
s0016,49,0,50.699535
s0016,50,0,47.562916
s0016,51,0,53.94705
s0016,52,0,60.42671
s0016,53,0,43.45647
s0016,54,0,64.77479
s0016,55,0,50.173027
s0016,56,0,63.005047
s0016,57,0,69.2628
s0016,58,0,58.483948
s0016,59,0,66.19047
s0016,60,0,66.01958
s0016,61,0,55.366146
s0016,62,0,67.346115
s0016,63,0,71.49315
s0016,64,0,67.48135
s0016,65,0,68.761375
s0016,66,0,75.76733
s0016,67,0,62.27224
s0016,68,0,64.452736
s0016,69,0,69.47644
s0016,70,0,63.378582
s0016,71,0,59.298923
s0016,72,0,55.714706
s0016,73,0,76.29858
s0016,74,0,72.64
s0016,75,0,77.05481
s0016,76,0,69.57515
s0016,77,0,81.081184
s0016,78,0,67.49041
s0016,79,0,73.55242
s0016,80,0,74.75063
s0016,81,0,67.32704
s0016,82,0,67.21959
s0016,83,0,70.50059
s0016,84,0,68.70131
s0016,85,0,69.96191
s0016,86,0,60.745037
s0016,87,0,53.7672
s0016,88,0,65.21472
s0016,89,0,63.71786
s0016,90,0,55.45532
s0016,91,0,70.2378
s0016,92,0,71.85935
s0016,93,0,69.96539
s0016,94,0,74.116356
s0016,95,0,74.90676
s0017,0,0,46.885853
s0017,1,0,46.669937
s0017,2,0,40.770115
s0017,3,0,47.031406
s0017,4,0,50.576256
s0017,5,0,52.071037
s0017,6,0,52.136818
s0017,7,0,60.979317
s0017,8,0,58.501198
s0017,9,0,59.806232
s0017,10,0,56.391003
s0017,11,0,58.021706
s0017,12,0,67.94545
s0017,13,0,80.7229
s0017,14,0,67.95435
s0017,15,0,69.366974
s0017,16,0,66.10914
s0017,17,0,57.227478
s0017,18,0,63.506298
s0017,19,0,70.22219
s0017,20,0,78.50802
s0017,21,0,60.526783
s0017,22,0,52.41131
s0017,23,0,63.996857
s0017,24,0,81.905235
s0017,25,0,69.47091
s0017,26,0,72.47946
s0017,27,0,65.61733
s0017,28,0,75.09619
s0017,29,0,69.32993
s0017,30,0,52.972332
s0017,31,0,60.45498
s0017,32,0,56.169704
s0017,33,0,55.938618
s0017,34,0,53.23002
s0017,35,0,59.143345
s0017,36,0,46.386494
s0017,37,0,57.585663
s0017,38,0,54.957413
s0017,39,0,50.065918
s0017,40,0,57.306515
s0017,41,0,44.55265
s0017,42,0,68.5975
s0017,43,0,50.88693
s0017,44,0,48.370785
s0017,45,0,66.66969
s0017,46,0,53.44291
s0017,47,0,39.974083
s0017,48,0,51.56577
s0017,49,0,34.9297
s0017,50,0,39.539536
s0017,51,0,32.41458
s0017,52,0,45.300674
s0017,53,0,57.14317
s0017,54,0,66.83783
s0017,55,0,57.427265
s0017,56,0,71.93605
s0017,57,0,63.062454
s0017,58,0,46.65274
s0017,59,0,65.85082
s0017,60,0,61.89058
s0017,61,0,66.59045
s0017,62,0,78.645004
s0017,63,0,76.03642
s0017,64,0,65.94326
s0017,65,0,56.94756
s0017,66,0,70.7633
s0017,67,0,55.661186
s0017,68,0,62.063698
s0017,69,0,57.602303
s0017,70,0,56.540154
s0017,71,0,54.561375
s0017,72,0,54.674274
s0017,73,0,67.994545
s0017,74,0,85.045074
s0017,75,0,80.49754
s0017,76,0,75.5174
s0017,77,0,72.00022
s0017,78,0,76.00292
s0017,79,0,77.178894
s0017,80,0,66.89056
s0017,81,0,80.05078
s0017,82,0,72.5458
s0017,83,0,66.191444
s0017,84,0,72.154175
s0017,85,0,63.141357
s0017,86,0,60.444096
s0017,87,0,62.492977
s0017,88,0,63.197712
s0017,89,0,59.72931
s0017,90,0,58.68632
s0017,91,0,63.81837
s0017,92,0,75.987526
s0017,93,0,72.542854
s0017,94,0,70.50549
s0017,95,0,72.55712
s0018,0,0,58.42602
s0018,1,0,43.448154
s0018,2,0,43.814003
s0018,3,0,56.76337
s0018,4,0,55.2468
s0018,5,0,58.21969
s0018,6,0,53.29994
s0018,7,0,55.221027
s0018,8,0,65.517296
s0018,9,0,59.873505
s0018,10,0,61.941586
s0018,11,0,57.881313
s0018,12,0,64.00289
s0018,13,0,66.39503
s0018,14,0,73.64134
s0018,15,0,69.54643
s0018,16,0,62.438347
s0018,17,0,63.765106
s0018,18,0,61.01173
s0018,19,0,68.058685
s0018,20,0,69.88611
s0018,21,0,64.24673
s0018,22,0,64.11257
s0018,23,0,74.96716
s0018,24,0,67.30444
s0018,25,0,72.54085
s0018,26,0,71.13908
s0018,27,0,61.591953
s0018,28,0,69.55857
s0018,29,0,58.367928
s0018,30,0,70.63828
s0018,31,0,61.47216
s0018,32,0,51.830494
s0018,33,0,56.966614
s0018,34,0,48.550068
s0018,35,0,44.58993
s0018,36,0,57.486656
s0018,37,0,59.929398
s0018,38,0,48.408176
s0018,39,0,45.59522
s0018,40,0,58.893974
s0018,41,0,42.57092
s0018,42,0,65.57778
s0018,43,0,50.30846
s0018,44,0,45.70005
s0018,45,0,58.772163
s0018,46,0,29.706291
s0018,47,0,68.755394
s0018,48,0,47.04511
s0018,49,0,48.364033
s0018,50,0,45.11504
s0018,51,0,57.89153
s0018,52,0,55.009758
s0018,53,0,47.048298
s0018,54,0,57.765152
s0018,55,0,61.14842
s0018,56,0,52.683132
s0018,57,0,66.46929
s0018,58,0,58.68038
s0018,59,0,57.112225
s0018,60,0,60.366688
s0018,61,0,55.04487
s0018,62,0,71.32576
s0018,63,0,82.954735
s0018,64,0,55.63745
s0018,65,0,69.62739
s0018,66,0,67.38985
s0018,67,0,64.81848
s0018,68,0,72.266304
s0018,69,0,65.54878
s0018,70,0,53.410137
s0018,71,0,70.37032
s0018,72,0,71.09856
s0018,73,0,73.72777
s0018,74,0,79.534004
s0018,75,0,71.73557
s0018,76,0,65.60126
s0018,77,0,75.86007
s0018,78,0,82.97664
s0018,79,0,73.67436
s0018,80,0,68.10834
s0018,81,0,72.32685
s0018,82,0,71.260574
s0018,83,0,69.09425
s0018,84,0,70.32972
s0018,85,0,70.627594
s0018,86,0,67.5017
s0018,87,0,64.91957
s0018,88,0,57.6195
s0018,89,0,50.960403
s0018,90,0,56.219166
s0018,91,0,72.57739
s0018,92,0,69.3022
s0018,93,0,63.788364
s0018,94,0,63.85502
s0018,95,0,64.82674
s0019,0,0,57.164577
s0019,1,0,47.73533
s0019,2,0,51.174255
s0019,3,0,42.459396
s0019,4,0,60.482048
s0019,5,0,54.992252
s0019,6,0,47.073933
s0019,7,0,56.82633
s0019,8,0,63.079742
s0019,9,0,59.13765
s0019,10,0,53.356857
s0019,11,0,68.18494
s0019,12,0,69.56944
s0019,13,0,69.69468
s0019,14,0,66.29755
s0019,15,0,64.68099
s0019,16,0,64.305176
s0019,17,0,63.956863
s0019,18,0,62.276325
s0019,19,0,68.17848
s0019,20,0,66.40312
s0019,21,0,74.332794
s0019,22,0,61.437027
s0019,23,0,67.96211
s0019,24,0,71.96674
s0019,25,0,69.96605
s0019,26,0,67.06406
s0019,27,0,58.441017
s0019,28,0,80.99571
s0019,29,0,68.634285
s0019,30,0,47.10325
s0019,31,0,59.975513
s0019,32,0,60.473763
s0019,33,0,48.074112
s0019,34,0,64.65611
s0019,35,0,52.919327
s0019,36,0,66.03186
s0019,37,0,60.240223
s0019,38,0,57.845608
s0019,39,0,52.817963
s0019,40,0,60.95637
s0019,41,0,52.68066
s0019,42,0,38.986443
s0019,43,0,53.726864
s0019,44,0,41.119843
s0019,45,0,39.121117
s0019,46,0,43.187397
s0019,47,0,55.741707
s0019,48,0,49.73932
s0019,49,0,52.27866
s0019,50,0,59.027412
s0019,51,0,57.616543
s0019,52,0,60.009617
s0019,53,0,56.365837
s0019,54,0,66.76352
s0019,55,0,55.10029
s0019,56,0,48.869488
s0019,57,0,59.317345
s0019,58,0,58.527836
s0019,59,0,64.63122
s0019,60,0,69.55522
s0019,61,0,58.67831
s0019,62,0,69.49801
s0019,63,0,70.207375
s0019,64,0,64.4717
s0019,65,0,58.14372
s0019,66,0,67.64171
s0019,67,0,59.875767
s0019,68,0,69.46995
s0019,69,0,65.963455
s0019,70,0,65.52142
s0019,71,0,62.01311
s0019,72,0,60.757782
s0019,73,0,67.15596
s0019,74,0,78.56867
s0019,75,0,73.75483
s0019,76,0,74.40843
s0019,77,0,74.13944
s0019,78,0,71.68594
s0019,79,0,76.278786
s0019,80,0,70.01581
s0019,81,0,73.31338
s0019,82,0,71.47503
s0019,83,0,63.63547
s0019,84,0,60.856224
s0019,85,0,70.52908
s0019,86,0,66.61589
s0019,87,0,66.82762
s0019,88,0,57.212296
s0019,89,0,63.754562
s0019,90,0,61.333595
s0019,91,0,72.184425
s0019,92,0,63.305775
s0019,93,0,62.115597
s0019,94,0,73.022285
s0019,95,0,66.973465
s0020,0,0,57.790337
s0020,1,0,40.539837
s0020,2,0,56.106865
s0020,3,0,54.195934
s0020,4,0,59.502537
s0020,5,0,52.67135
s0020,6,0,45.40764
s0020,7,0,64.30253
s0020,8,0,56.748783
s0020,9,0,64.77079
s0020,10,0,52.848858
s0020,11,0,66.31554
s0020,12,0,77.215126
s0020,13,0,69.63239
s0020,14,0,76.14908
s0020,15,0,72.074844
s0020,16,0,65.61388
s0020,17,0,63.230587
s0020,18,0,69.81711
s0020,19,0,67.69699
s0020,20,0,70.72159
s0020,21,0,66.846436
s0020,22,0,61.949234
s0020,23,0,69.8723
s0020,24,0,71.56664
s0020,25,0,60.87092
s0020,26,0,68.53894
s0020,27,0,55.820137
s0020,28,0,73.71785
s0020,29,0,68.53088
s0020,30,0,59.910835
s0020,31,0,66.67724
s0020,32,0,44.15092
s0020,33,0,62.451168
s0020,34,0,59.227577
s0020,35,0,52.182896
s0020,36,0,50.31589
s0020,37,0,62.89674
s0020,38,0,63.33416
s0020,39,0,40.42036
s0020,40,0,55.266838
s0020,41,0,50.279858
s0020,42,0,23.237257
s0020,43,0,62.407185
s0020,44,0,55.69682
s0020,45,0,55.964794
s0020,46,0,64.55696
s0020,47,0,51.285213
s0020,48,0,62.26066
s0020,49,0,38.39857
s0020,50,0,63.60471
s0020,51,0,52.56958
s0020,52,0,44.897144
s0020,53,0,59.334667
s0020,54,0,60.976944
s0020,55,0,57.77928
s0020,56,0,53.336464
s0020,57,0,63.74708
s0020,58,0,56.25122
s0020,59,0,64.50091
s0020,60,0,58.43313
s0020,61,0,64.04317
s0020,62,0,71.41844
s0020,63,0,69.34694
s0020,64,0,66.24705
s0020,65,0,64.92004
s0020,66,0,82.41257
s0020,67,0,62.990658
s0020,68,0,54.098022
s0020,69,0,65.58902
s0020,70,0,57.64669
s0020,71,0,62.184166
s0020,72,0,64.917755
s0020,73,0,69.77869
s0020,74,0,76.370544
s0020,75,0,85.19173
s0020,76,0,68.651245
s0020,77,0,71.18638
s0020,78,0,75.151855
s0020,79,0,68.71006
s0020,80,0,75.279686
s0020,81,0,70.56551
s0020,82,0,62.281376
s0020,83,0,63.107258
s0020,84,0,59.785965
s0020,85,0,68.912224
s0020,86,0,65.09546
s0020,87,0,61.364292
s0020,88,0,56.644794
s0020,89,0,62.30988
s0020,90,0,57.586502
s0020,91,0,76.66128
s0020,92,0,62.86229
s0020,93,0,71.796524
s0020,94,0,68.107704
s0020,95,0,70.90032
s0021,0,0,58.565872
s0021,1,0,42.228954
s0021,2,0,48.56853
s0021,3,0,41.839397
s0021,4,0,48.64302
s0021,5,0,61.325863
s0021,6,0,53.074314
s0021,7,0,63.18522
s0021,8,0,71.61416
s0021,9,0,52.33454
s0021,10,0,56.33618
s0021,11,0,75.18232
s0021,12,0,64.31688
s0021,13,0,66.46208
s0021,14,0,71.54427
s0021,15,0,70.73938
s0021,16,0,64.47878
s0021,17,0,66.15816
s0021,18,0,62.642036
s0021,19,0,69.08149
s0021,20,0,58.702675
s0021,21,0,64.79721
s0021,22,0,58.894135
s0021,23,0,75.30016
s0021,24,0,64.64026
s0021,25,0,68.28342
s0021,26,0,73.582245
s0021,27,0,58.652325
s0021,28,0,70.372986
s0021,29,0,75.28008
s0021,30,0,59.594387
s0021,31,0,68.06387
s0021,32,0,59.891914
s0021,33,0,59.60339
s0021,34,0,55.255726
s0021,35,0,58.08487
s0021,36,0,53.509148
s0021,37,0,57.279522
s0021,38,0,58.449837
s0021,39,0,48.7931
s0021,40,0,57.01096
s0021,41,0,58.1529
s0021,42,0,47.554527
s0021,43,0,58.371407
s0021,44,0,39.91186
s0021,45,0,37.220337
s0021,46,0,24.248516
s0021,47,0,74.379974
s0021,48,0,45.36219
s0021,49,0,45.45546
s0021,50,0,67.332855
s0021,51,0,44.090862
s0021,52,0,56.37509
s0021,53,0,40.16096
s0021,54,0,65.33559
s0021,55,0,68.35838
s0021,56,0,60.503635
s0021,57,0,58.137947
s0021,58,0,64.66399
s0021,59,0,74.71791
s0021,60,0,58.65171
s0021,61,0,62.27211
s0021,62,0,65.59786
s0021,63,0,74.466385
s0021,64,0,71.6473
s0021,65,0,61.981293
s0021,66,0,54.886047
s0021,67,0,55.11704
s0021,68,0,64.09388
s0021,69,0,65.902466
s0021,70,0,56.395416
s0021,71,0,55.50723
s0021,72,0,57.874054
s0021,73,0,72.457954
s0021,74,0,68.181984
s0021,75,0,77.271904
s0021,76,0,82.061455
s0021,77,0,66.704704
s0021,78,0,73.374176
s0021,79,0,67.82593
s0021,80,0,75.15726
s0021,81,0,73.03922
s0021,82,0,69.378494
s0021,83,0,57.091717
s0021,84,0,77.66289
s0021,85,0,74.52632
s0021,86,0,69.4667
s0021,87,0,53.197952
s0021,88,0,61.566265
s0021,89,0,66.38388
s0021,90,0,59.515797
s0021,91,0,78.96594
s0021,92,0,56.13912
s0021,93,0,71.39398
s0021,94,0,73.51978
s0021,95,0,74.20577
s0022,0,0,58.66157
s0022,1,0,52.837006
s0022,2,0,40.845703
s0022,3,0,50.092545
s0022,4,0,39.59325
s0022,5,0,58.669853
s0022,6,0,46.163628
s0022,7,0,52.591396
s0022,8,0,50.83734
s0022,9,0,61.037254
s0022,10,0,53.120903
s0022,11,0,60.978718
s0022,12,0,69.65891
s0022,13,0,69.171844
s0022,14,0,68.10969
s0022,15,0,62.170517
s0022,16,0,60.28401
s0022,17,0,75.87405
s0022,18,0,69.83439
s0022,19,0,65.766914
s0022,20,0,76.236694
s0022,21,0,64.84482
s0022,22,0,63.621048
s0022,23,0,72.17505
s0022,24,0,71.28398
s0022,25,0,71.21232
s0022,26,0,76.99993
s0022,27,0,61.658157
s0022,28,0,70.46647
s0022,29,0,60.503414
s0022,30,0,51.591923
s0022,31,0,58.247734
s0022,32,0,57.897667
s0022,33,0,56.03799
s0022,34,0,56.39611
s0022,35,0,48.61212
s0022,36,0,57.31599
s0022,37,0,64.79633
s0022,38,0,44.14828
s0022,39,0,37.548553
s0022,40,0,74.7905
s0022,41,0,57.595196
s0022,42,0,46.10223
s0022,43,0,44.218586
s0022,44,0,47.68941
s0022,45,0,28.75319
s0022,46,0,33.35866
s0022,47,0,66.10048
s0022,48,0,61.987602
s0022,49,0,45.9778
s0022,50,0,37.443844
s0022,51,0,42.459164
s0022,52,0,46.6506
s0022,53,0,50.603264
s0022,54,0,67.80042
s0022,55,0,58.69546
s0022,56,0,54.652042
s0022,57,0,72.975204
s0022,58,0,49.526184
s0022,59,0,58.308807
s0022,60,0,63.42055
s0022,61,0,66.99954
s0022,62,0,78.04734
s0022,63,0,77.12864
s0022,64,0,62.881752
s0022,65,0,66.98072
s0022,66,0,70.12549
s0022,67,0,66.00258
s0022,68,0,64.010826
s0022,69,0,69.12859
s0022,70,0,50.997505
s0022,71,0,62.4997
s0022,72,0,65.085144
s0022,73,0,75.59558
s0022,74,0,72.201
s0022,75,0,72.929405
s0022,76,0,78.55682
s0022,77,0,71.14706
s0022,78,0,72.59434
s0022,79,0,72.36707
s0022,80,0,78.722855
s0022,81,0,78.32694
s0022,82,0,61.955437
s0022,83,0,67.902306
s0022,84,0,66.752304
s0022,85,0,79.66706
s0022,86,0,74.13006
s0022,87,0,65.34434
s0022,88,0,69.50002
s0022,89,0,61.528706
s0022,90,0,59.489166
s0022,91,0,69.36599
s0022,92,0,67.82807
s0022,93,0,72.5915
s0022,94,0,69.242424
s0022,95,0,65.458244
s0023,0,0,40.555798
s0023,1,0,61.366283
s0023,2,0,43.013775
s0023,3,0,52.766495
s0023,4,0,45.63038
s0023,5,0,51.838165
s0023,6,0,51.317577
s0023,7,0,54.51483
s0023,8,0,60.176903
s0023,9,0,63.71435
s0023,10,0,60.70151
s0023,11,0,56.03677
s0023,12,0,67.18438
s0023,13,0,56.671192
s0023,14,0,60.775887
s0023,15,0,59.274483
s0023,16,0,60.68266
s0023,17,0,64.040306
s0023,18,0,62.424553
s0023,19,0,60.18413
s0023,20,0,65.855545
s0023,21,0,62.44665
s0023,22,0,63.125633
s0023,23,0,66.96804
s0023,24,0,68.303185
s0023,25,0,72.44496
s0023,26,0,67.974655
s0023,27,0,64.346664
s0023,28,0,75.672714
s0023,29,0,67.822075
s0023,30,0,69.10423
s0023,31,0,61.8836
s0023,32,0,48.149033
s0023,33,0,52.268806
s0023,34,0,44.42184
s0023,35,0,60.334614
s0023,36,0,60.314346
s0023,37,0,59.038277
s0023,38,0,54.951942
s0023,39,0,65.59412
s0023,40,0,72.53668
s0023,41,0,50.700115
s0023,42,0,45.704273
s0023,43,0,63.612442
s0023,44,0,29.709515
s0023,45,0,65.97512
s0023,46,0,63.969288
s0023,47,0,48.011814
s0023,48,0,53.64222
s0023,49,0,50.001926
s0023,50,0,58.313717
s0023,51,0,43.9394
s0023,52,0,47.682518
s0023,53,0,69.65134
s0023,54,0,50.136818
s0023,55,0,59.50659
s0023,56,0,44.30615
s0023,57,0,53.458054
s0023,58,0,60.65881
s0023,59,0,64.86512
s0023,60,0,58.93961
s0023,61,0,60.2554
s0023,62,0,71.041885
s0023,63,0,61.269737
s0023,64,0,64.02328
s0023,65,0,66.44281
s0023,66,0,62.404346
s0023,67,0,66.480064
s0023,68,0,78.059395
s0023,69,0,68.73479
s0023,70,0,56.614834
s0023,71,0,53.781063
s0023,72,0,57.161057
s0023,73,0,71.49204
s0023,74,0,74.82959
s0023,75,0,72.16448
s0023,76,0,77.490974
s0023,77,0,77.685646
s0023,78,0,72.35591
s0023,79,0,63.821693
s0023,80,0,67.77895
s0023,81,0,74.79635
s0023,82,0,67.89198
s0023,83,0,54.98887
s0023,84,0,68.48062
s0023,85,0,72.08212
s0023,86,0,67.71064
s0023,87,0,66.100655
s0023,88,0,69.37121
s0023,89,0,71.41025
s0023,90,0,64.334206
s0023,91,0,72.20736
s0023,92,0,66.11545
s0023,93,0,64.25931
s0023,94,0,82.653435
s0023,95,0,72.30512
s0024,0,0,54.099472
s0024,1,0,52.11573
s0024,2,0,52.014874
s0024,3,0,49.470886
s0024,4,0,56.57621
s0024,5,0,52.46306
s0024,6,0,47.610367
s0024,7,0,59.992672
s0024,8,0,65.93873
s0024,9,0,58.299454
s0024,10,0,55.954838
s0024,11,0,67.486534
s0024,12,0,73.83762
s0024,13,0,73.165924
s0024,14,0,60.41907
s0024,15,0,73.426674
s0024,16,0,60.389545
s0024,17,0,72.232185
s0024,18,0,56.012646
s0024,19,0,61.22829
s0024,20,0,62.922054
s0024,21,0,67.643105
s0024,22,0,76.842255
s0024,23,0,71.592865
s0024,24,0,64.522095
s0024,25,0,66.405655
s0024,26,0,69.82977
s0024,27,0,58.04122
s0024,28,0,74.65122
s0024,29,0,62.400795
s0024,30,0,61.996223
s0024,31,0,58.094227
s0024,32,0,54.2387
s0024,33,0,47.81569
s0024,34,0,56.352455
s0024,35,0,61.56252
s0024,36,0,47.944725
s0024,37,0,55.108997
s0024,38,0,65.37254
s0024,39,0,50.595963
s0024,40,0,63.603184
s0024,41,0,49.214687
s0024,42,0,39.17627
s0024,43,0,51.24415
s0024,44,0,63.57028
s0024,45,0,47.973194
s0024,46,0,45.459343
s0024,47,0,66.710144
s0024,48,0,56.7354
s0024,49,0,52.2919
s0024,50,0,44.324318
s0024,51,0,61.930046
s0024,52,0,60.973293
s0024,53,0,54.41346
s0024,54,0,55.571617
s0024,55,0,56.913986
s0024,56,0,49.743397
s0024,57,0,68.445404
s0024,58,0,58.363956
s0024,59,0,63.143925
s0024,60,0,67.48958
s0024,61,0,60.387375
s0024,62,0,67.37008
s0024,63,0,71.014244
s0024,64,0,65.074615
s0024,65,0,67.297485
s0024,66,0,63.51111
s0024,67,0,62.878567
s0024,68,0,77.66352
s0024,69,0,69.722176
s0024,70,0,58.24116
s0024,71,0,62.583572
s0024,72,0,56.761993
s0024,73,0,62.009865
s0024,74,0,74.168526
s0024,75,0,71.33327
s0024,76,0,67.80601
s0024,77,0,70.151794
s0024,78,0,73.78456
s0024,79,0,72.09028
s0024,80,0,64.67454
s0024,81,0,71.09002
s0024,82,0,61.181534
s0024,83,0,69.936356
s0024,84,0,66.0987
s0024,85,0,64.03675
s0024,86,0,65.61813
s0024,87,0,62.178265
s0024,88,0,53.079597
s0024,89,0,61.707375
s0024,90,0,56.68756
s0024,91,0,70.07894
s0024,92,0,75.912155
s0024,93,0,64.491516
s0024,94,0,71.765526
s0024,95,0,59.931023
s0025,0,0,57.442596
s0025,1,0,44.193325
s0025,2,0,44.054646
s0025,3,0,38.999428
s0025,4,0,65.63164
s0025,5,0,58.279408
s0025,6,0,46.15475
s0025,7,0,60.28728
s0025,8,0,61.66997
s0025,9,0,64.27908
s0025,10,0,56.746494
s0025,11,0,58.51936
s0025,12,0,64.89159
s0025,13,0,61.10721
s0025,14,0,73.68503
s0025,15,0,71.266884
s0025,16,0,65.91964
s0025,17,0,72.140335
s0025,18,0,65.06854
s0025,19,0,70.071655
s0025,20,0,68.40588
s0025,21,0,66.26707
s0025,22,0,60.350555
s0025,23,0,71.124306
s0025,24,0,70.70328
s0025,25,0,72.93505
s0025,26,0,66.99158
s0025,27,0,59.36279
s0025,28,0,67.206535
s0025,29,0,75.839195
s0025,30,0,58.04937
s0025,31,0,69.5681
s0025,32,0,61.347763
s0025,33,0,50.06837
s0025,34,0,47.66706
s0025,35,0,49.761353
s0025,36,0,44.925636
s0025,37,0,57.959965
s0025,38,0,55.467876
s0025,39,0,50.911873
s0025,40,0,64.76804
s0025,41,0,61.84971
s0025,42,0,51.19102
s0025,43,0,38.686924
s0025,44,0,44.583645
s0025,45,0,58.755405
s0025,46,0,21.104696
s0025,47,0,40.05268
s0025,48,0,72.35995
s0025,49,0,56.347847
s0025,50,0,52.32457
s0025,51,0,65.20953
s0025,52,0,43.678886
s0025,53,0,39.84157
s0025,54,0,47.956276
s0025,55,0,49.581688
s0025,56,0,57.990227
s0025,57,0,69.29339
s0025,58,0,55.169075
s0025,59,0,68.48146
s0025,60,0,56.33021
s0025,61,0,68.4253
s0025,62,0,70.21632
s0025,63,0,78.269066
s0025,64,0,75.284836
s0025,65,0,71.04669
s0025,66,0,73.43241
s0025,67,0,68.288246
s0025,68,0,66.585915
s0025,69,0,73.28146
s0025,70,0,57.42747
s0025,71,0,62.375427
s0025,72,0,53.478
s0025,73,0,74.423164
s0025,74,0,61.7351
s0025,75,0,75.35709
s0025,76,0,75.62584
s0025,77,0,74.51903
s0025,78,0,76.0318
s0025,79,0,81.57989
s0025,80,0,69.48747
s0025,81,0,73.45308
s0025,82,0,71.83393
s0025,83,0,62.725227
s0025,84,0,67.20581
s0025,85,0,68.299286
s0025,86,0,69.51987
s0025,87,0,60.39911
s0025,88,0,69.51447
s0025,89,0,62.643665
s0025,90,0,68.615074
s0025,91,0,58.649426
s0025,92,0,68.20938
s0025,93,0,67.371605
s0025,94,0,65.24688
s0025,95,0,70.71932
s0026,0,0,52.647068
s0026,1,0,36.97728
s0026,2,0,45.401894
s0026,3,0,52.2933
s0026,4,0,57.28756
s0026,5,0,52.053883
s0026,6,0,49.64167
s0026,7,0,58.96902
s0026,8,0,62.78097
s0026,9,0,65.138145
s0026,10,0,62.15699
s0026,11,0,53.523163
s0026,12,0,67.04576
s0026,13,0,74.47707
s0026,14,0,60.478855
s0026,15,0,71.32852
s0026,16,0,64.315605
s0026,17,0,69.36133
s0026,18,0,59.58491
s0026,19,0,65.38599
s0026,20,0,74.84856
s0026,21,0,71.209366
s0026,22,0,61.512474
s0026,23,0,67.19133
s0026,24,0,70.12826
s0026,25,0,69.14555
s0026,26,0,73.330376
s0026,27,0,68.17
s0026,28,0,63.874393
s0026,29,0,71.84638
s0026,30,0,57.31135
s0026,31,0,70.64615
s0026,32,0,62.961086
s0026,33,0,54.49161
s0026,34,0,53.051876
s0026,35,0,47.779247
s0026,36,0,52.265347
s0026,37,0,64.82748
s0026,38,0,58.592228
s0026,39,0,49.978832
s0026,40,0,64.954155
s0026,41,0,53.07255
s0026,42,0,47.502453
s0026,43,0,55.483166
s0026,44,0,43.357548
s0026,45,0,50.22315
s0026,46,0,31.590689
s0026,47,0,52.65152
s0026,48,0,42.981365
s0026,49,0,54.50161
s0026,50,0,53.975254
s0026,51,0,59.279762
s0026,52,0,54.443844
s0026,53,0,32.411606
s0026,54,0,52.444046
s0026,55,0,49.78818
s0026,56,0,68.48869
s0026,57,0,59.667213
s0026,58,0,55.883247
s0026,59,0,60.280582
s0026,60,0,59.061535
s0026,61,0,66.87441
s0026,62,0,62.399723
s0026,63,0,71.88326
s0026,64,0,57.86124
s0026,65,0,68.97211
s0026,66,0,75.02472
s0026,67,0,59.214283
s0026,68,0,65.09819
s0026,69,0,64.556915
s0026,70,0,59.90533
s0026,71,0,52.383553
s0026,72,0,61.471054
s0026,73,0,63.525513
s0026,74,0,72.063866
s0026,75,0,79.15087
s0026,76,0,72.79719
s0026,77,0,70.156136
s0026,78,0,69.178246
s0026,79,0,71.85262
s0026,80,0,65.067696
s0026,81,0,78.82953
s0026,82,0,64.40208
s0026,83,0,58.5858
s0026,84,0,67.606415
s0026,85,0,73.36312
s0026,86,0,59.883987
s0026,87,0,64.94588
s0026,88,0,65.076294
s0026,89,0,64.63497
s0026,90,0,60.93916
s0026,91,0,70.71202
s0026,92,0,58.945538
s0026,93,0,58.277027
s0026,94,0,61.935596
s0026,95,0,72.299965
s0027,0,0,41.787872
s0027,1,0,41.18864
s0027,2,0,36.79033
s0027,3,0,56.600986
s0027,4,0,49.177948
s0027,5,0,64.12967
s0027,6,0,51.764038
s0027,7,0,61.016315
s0027,8,0,58.118122
s0027,9,0,57.35946
s0027,10,0,58.44515
s0027,11,0,60.386852
s0027,12,0,76.04916
s0027,13,0,68.50139
s0027,14,0,60.021027
s0027,15,0,56.349266
s0027,16,0,71.33527
s0027,17,0,75.20597
s0027,18,0,66.87922
s0027,19,0,61.388668
s0027,20,0,73.08714
s0027,21,0,61.11656
s0027,22,0,61.52146
s0027,23,0,71.22381
s0027,24,0,73.01816
s0027,25,0,63.78229
s0027,26,0,66.50145
s0027,27,0,77.74273
s0027,28,0,60.614098
s0027,29,0,66.87151
s0027,30,0,65.516655
s0027,31,0,73.25469
s0027,32,0,61.17571
s0027,33,0,43.61565
s0027,34,0,48.18195
s0027,35,0,47.503437
s0027,36,0,54.096615
s0027,37,0,61.13805
s0027,38,0,54.84298
s0027,39,0,63.33538
s0027,40,0,60.86157
s0027,41,0,55.380863
s0027,42,0,64.55388
s0027,43,0,53.72405
s0027,44,0,39.12351
s0027,45,0,53.324192
s0027,46,0,42.61335
s0027,47,0,53.351406
s0027,48,0,60.926422
s0027,49,0,50.299107
s0027,50,0,49.11031
s0027,51,0,53.034904
s0027,52,0,57.31543
s0027,53,0,38.097652
s0027,54,0,66.5485
s0027,55,0,43.368282
s0027,56,0,56.558887
s0027,57,0,69.26004
s0027,58,0,62.791454
s0027,59,0,67.122894
s0027,60,0,69.710495
s0027,61,0,64.09604
s0027,62,0,67.94647
s0027,63,0,72.51664
s0027,64,0,65.30254
s0027,65,0,63.03941
s0027,66,0,60.578194
s0027,67,0,66.227165
s0027,68,0,76.60224
s0027,69,0,68.11535
s0027,70,0,63.731293
s0027,71,0,57.50319
s0027,72,0,63.850933
s0027,73,0,59.661053
s0027,74,0,65.7067
s0027,75,0,82.240105
s0027,76,0,67.87836
s0027,77,0,65.60644
s0027,78,0,71.57607
s0027,79,0,70.66593
s0027,80,0,75.9751
s0027,81,0,77.163925
s0027,82,0,62.423695
s0027,83,0,61.11725
s0027,84,0,68.44181
s0027,85,0,69.72914
s0027,86,0,53.350212
s0027,87,0,56.70841
s0027,88,0,63.245243
s0027,89,0,61.809566
s0027,90,0,56.587048
s0027,91,0,68.09427
s0027,92,0,63.597027
s0027,93,0,69.508224
s0027,94,0,67.646805
s0027,95,0,74.36801
s0028,0,0,65.202354
s0028,1,0,54.939533
s0028,2,0,54.387077
s0028,3,0,37.653496
s0028,4,0,47.595543
s0028,5,0,56.223217
s0028,6,0,63.591423
s0028,7,0,54.300068
s0028,8,0,60.855396
s0028,9,0,58.94363
s0028,10,0,63.209187
s0028,11,0,50.85411
s0028,12,0,69.6621
s0028,13,0,63.45125
s0028,14,0,65.873215
s0028,15,0,76.02368
s0028,16,0,65.32418
s0028,17,0,63.100315
s0028,18,0,54.63051
s0028,19,0,66.38109
s0028,20,0,74.30458
s0028,21,0,78.20508
s0028,22,0,62.173862
s0028,23,0,70.74199
s0028,24,0,71.96368
s0028,25,0,65.918915
s0028,26,0,72.18916
s0028,27,0,65.12505
s0028,28,0,64.34645
s0028,29,0,67.508354
s0028,30,0,63.108364
s0028,31,0,63.96985
s0028,32,0,55.60598
s0028,33,0,52.660305
s0028,34,0,54.215164
s0028,35,0,51.547386
s0028,36,0,53.383423
s0028,37,0,57.308502
s0028,38,0,57.02473
s0028,39,0,61.02452
s0028,40,0,61.374306
s0028,41,0,45.362408
s0028,42,0,64.41638
s0028,43,0,37.693874
s0028,44,0,61.08535
s0028,45,0,45.11765
s0028,46,0,51.61028
s0028,47,0,45.54816
s0028,48,0,58.23033
s0028,49,0,57.919228
s0028,50,0,54.22852
s0028,51,0,45.846123
s0028,52,0,59.163525
s0028,53,0,48.23686
s0028,54,0,57.781544
s0028,55,0,52.797585
s0028,56,0,61.365707
s0028,57,0,60.049057
s0028,58,0,54.76701
s0028,59,0,64.042725
s0028,60,0,55.335857
s0028,61,0,62.010838
s0028,62,0,74.14484
s0028,63,0,65.22381
s0028,64,0,58.599514
s0028,65,0,65.975815
s0028,66,0,61.77791
s0028,67,0,52.888832
s0028,68,0,65.94367
s0028,69,0,72.32751
s0028,70,0,54.800224
s0028,71,0,60.983936
s0028,72,0,55.136326
s0028,73,0,68.46271
s0028,74,0,74.76
s0028,75,0,70.95708
s0028,76,0,79.422615
s0028,77,0,74.72084
s0028,78,0,74.48256
s0028,79,0,65.706635
s0028,80,0,71.48176
s0028,81,0,72.04775
s0028,82,0,73.633705
s0028,83,0,60.36579
s0028,84,0,70.49708
s0028,85,0,75.60742
s0028,86,0,62.84107
s0028,87,0,56.294765
s0028,88,0,58.65072
s0028,89,0,58.880016
s0028,90,0,54.669506
s0028,91,0,63.519382
s0028,92,0,65.11288
s0028,93,0,70.95943
s0028,94,0,69.43683
s0028,95,0,70.93331
s0029,0,0,64.56617
s0029,1,0,48.301117
s0029,2,0,42.762215
s0029,3,0,40.48829
s0029,4,0,47.06073
s0029,5,0,49.402645
s0029,6,0,53.467678
s0029,7,0,52.97623
s0029,8,0,50.89129
s0029,9,0,66.54338
s0029,10,0,54.28202
s0029,11,0,67.830956
s0029,12,0,67.32825
s0029,13,0,63.31919
s0029,14,0,61.787262
s0029,15,0,63.930653
s0029,16,0,61.030643
s0029,17,0,66.35294
s0029,18,0,59.22382
s0029,19,0,62.00992
s0029,20,0,69.63745
s0029,21,0,60.571373
s0029,22,0,62.08681
s0029,23,0,80.239456
s0029,24,0,70.51465
s0029,25,0,61.576683
s0029,26,0,69.49992
s0029,27,0,63.88144
s0029,28,0,73.41979
s0029,29,0,72.73158
s0029,30,0,56.464073
s0029,31,0,65.872986
s0029,32,0,55.216225
s0029,33,0,51.18196
s0029,34,0,43.264683
s0029,35,0,60.61735
s0029,36,0,52.669304
s0029,37,0,52.463764
s0029,38,0,58.790703
s0029,39,0,39.83015
s0029,40,0,69.36987
s0029,41,0,50.131138
s0029,42,0,41.543472
s0029,43,0,64.54817
s0029,44,0,35.522865
s0029,45,0,54.47779
s0029,46,0,50.389236
s0029,47,0,47.335342
s0029,48,0,30.159555
s0029,49,0,43.665016
s0029,50,0,58.499428
s0029,51,0,55.216663
s0029,52,0,62.356956
s0029,53,0,50.23766
s0029,54,0,62.352673
s0029,55,0,67.74105
s0029,56,0,58.022224
s0029,57,0,73.20708
s0029,58,0,56.497147
s0029,59,0,63.25782
s0029,60,0,71.165146
s0029,61,0,60.8466
s0029,62,0,66.94398
s0029,63,0,72.115395
s0029,64,0,62.628254
s0029,65,0,72.244965
s0029,66,0,72.40446
s0029,67,0,81.52916
s0029,68,0,60.92583
s0029,69,0,73.08679
s0029,70,0,62.018246
s0029,71,0,62.990604
s0029,72,0,52.385067
s0029,73,0,72.55948
s0029,74,0,75.547844
s0029,75,0,74.16661
s0029,76,0,81.535225
s0029,77,0,69.20604
s0029,78,0,79.58538
s0029,79,0,76.25129
s0029,80,0,64.82805
s0029,81,0,69.12062
s0029,82,0,66.183556
s0029,83,0,62.304775
s0029,84,0,77.034935
s0029,85,0,72.58287
s0029,86,0,75.788445
s0029,87,0,50.15735
s0029,88,0,73.145515
s0029,89,0,62.289883
s0029,90,0,70.45686
s0029,91,0,68.133606
s0029,92,0,56.16461
s0029,93,0,65.0375
s0029,94,0,67.285805
s0029,95,0,60.0401
s0030,0,0,50.28581
s0030,1,0,50.782013
s0030,2,0,44.733803
s0030,3,0,47.354195
s0030,4,0,61.496456
s0030,5,0,53.292526
s0030,6,0,46.72595
s0030,7,0,56.5278
s0030,8,0,54.581554
s0030,9,0,56.819927
s0030,10,0,63.234856
s0030,11,0,63.563564
s0030,12,0,70.26415
s0030,13,0,66.40209
s0030,14,0,70.38314
s0030,15,0,67.72405
s0030,16,0,63.235397
s0030,17,0,52.362206
s0030,18,0,65.02839
s0030,19,0,70.60164
s0030,20,0,67.384926
s0030,21,0,72.13768
s0030,22,0,58.43356
s0030,23,0,61.789772
s0030,24,0,69.48774
s0030,25,0,65.75233
s0030,26,0,76.067696
s0030,27,0,60.040985
s0030,28,0,70.148155
s0030,29,0,70.84328
s0030,30,0,54.60916
s0030,31,0,65.450096
s0030,32,0,65.2362
s0030,33,0,52.697163
s0030,34,0,53.536972
s0030,35,0,48.816307
s0030,36,0,49.684586
s0030,37,0,66.06588
s0030,38,0,47.69559
s0030,39,0,47.631367
s0030,40,0,66.94827
s0030,41,0,58.99489
s0030,42,0,41.44498
s0030,43,0,41.147144
s0030,44,0,52.469482
s0030,45,0,45.48888
s0030,46,0,54.05353
s0030,47,0,45.116573
s0030,48,0,63.579258
s0030,49,0,46.521954
s0030,50,0,60.98259
s0030,51,0,41.33672
s0030,52,0,73.52012
s0030,53,0,52.15922
s0030,54,0,53.33425
s0030,55,0,53.70788
s0030,56,0,47.291553
s0030,57,0,61.87307
s0030,58,0,58.113472
s0030,59,0,62.703136
s0030,60,0,61.889004
s0030,61,0,60.836666
s0030,62,0,68.480255
s0030,63,0,69.85822
s0030,64,0,70.80387
s0030,65,0,62.673492
s0030,66,0,69.726974
s0030,67,0,63.743587
s0030,68,0,60.85752
s0030,69,0,57.964905
s0030,70,0,56.54286
s0030,71,0,52.681297
s0030,72,0,63.65376
s0030,73,0,63.13985
s0030,74,0,64.18665
s0030,75,0,77.44487
s0030,76,0,74.598595
s0030,77,0,65.209206
s0030,78,0,68.34188
s0030,79,0,77.95591
s0030,80,0,72.47811
s0030,81,0,69.46885
s0030,82,0,65.10516
s0030,83,0,73.43514
s0030,84,0,61.421783
s0030,85,0,74.26874
s0030,86,0,69.07531
s0030,87,0,55.528362
s0030,88,0,60.5019
s0030,89,0,57.062706
s0030,90,0,58.75128
s0030,91,0,69.102516
s0030,92,0,71.273575
s0030,93,0,66.44429
s0030,94,0,70.48946
s0030,95,0,76.942726
s0031,0,0,53.52757
s0031,1,0,50.257187
s0031,2,0,47.220486
s0031,3,0,47.88459
s0031,4,0,43.28829
s0031,5,0,55.23358
s0031,6,0,54.7914
s0031,7,0,53.54035
s0031,8,0,53.26751
s0031,9,0,59.948257
s0031,10,0,60.52928
s0031,11,0,60.655502
s0031,12,0,68.550545
s0031,13,0,65.39178
s0031,14,0,68.94518
s0031,15,0,61.789326
s0031,16,0,54.317204
s0031,17,0,69.53454
s0031,18,0,76.74437
s0031,19,0,61.110233
s0031,20,0,66.74195
s0031,21,0,59.601395
s0031,22,0,66.4737
s0031,23,0,56.803024
s0031,24,0,65.89222
s0031,25,0,68.03478
s0031,26,0,79.06049
s0031,27,0,62.95384
s0031,28,0,65.66134
s0031,29,0,84.91521
s0031,30,0,58.13511
s0031,31,0,65.20403
s0031,32,0,63.26114
s0031,33,0,53.248177
s0031,34,0,46.108
s0031,35,0,44.21921
s0031,36,0,54.03764
s0031,37,0,49.620033
s0031,38,0,62.553192
s0031,39,0,45.517254
s0031,40,0,74.32863
s0031,41,0,52.004414
s0031,42,0,56.762856
s0031,43,0,48.695393
s0031,44,0,46.01717
s0031,45,0,54.094746
s0031,46,0,64.3884
s0031,47,0,61.482567
s0031,48,0,59.937126
s0031,49,0,42.571384
s0031,50,0,44.199398
s0031,51,0,47.863808
s0031,52,0,60.128567
s0031,53,0,50.37455
s0031,54,0,44.403725
s0031,55,0,50.414303
s0031,56,0,50.596878
s0031,57,0,64.227486
s0031,58,0,62.031017
s0031,59,0,61.96477
s0031,60,0,50.573437
s0031,61,0,61.31876
s0031,62,0,67.45472
s0031,63,0,70.71838
s0031,64,0,68.4409
s0031,65,0,66.50908
s0031,66,0,69.901405
s0031,67,0,60.538563
s0031,68,0,69.54641
s0031,69,0,63.416374
s0031,70,0,64.70038
s0031,71,0,67.55379
s0031,72,0,57.774628
s0031,73,0,64.203
s0031,74,0,67.08841
s0031,75,0,77.53475
s0031,76,0,81.4852
s0031,77,0,69.981636
s0031,78,0,80.77188
s0031,79,0,72.41758
s0031,80,0,73.26297
s0031,81,0,75.244934
s0031,82,0,72.24994
s0031,83,0,61.648113
s0031,84,0,61.48655
s0031,85,0,70.72909
s0031,86,0,69.487206
s0031,87,0,69.3226
s0031,88,0,62.90756
s0031,89,0,68.146935
s0031,90,0,58.268616
s0031,91,0,64.30572
s0031,92,0,67.90525
s0031,93,0,77.357056
s0031,94,0,70.3609
s0031,95,0,64.295685
s0032,0,0,45.384064
s0032,1,0,40.76006
s0032,2,0,51.008293
s0032,3,0,44.242424
s0032,4,0,56.278957
s0032,5,0,56.879105
s0032,6,0,46.92617
s0032,7,0,53.68538
s0032,8,0,64.34131
s0032,9,0,60.19892
s0032,10,0,60.82013
s0032,11,0,60.86009
s0032,12,0,70.291275
s0032,13,0,63.795254
s0032,14,0,67.530716
s0032,15,0,70.892494
s0032,16,0,66.858284
s0032,17,0,64.05653
s0032,18,0,61.03218
s0032,19,0,73.44718
s0032,20,0,60.722603
s0032,21,0,60.393135
s0032,22,0,67.19985
s0032,23,0,69.568054
s0032,24,0,82.08672
s0032,25,0,64.13404
s0032,26,0,69.27567
s0032,27,0,67.83391
s0032,28,0,74.97723
s0032,29,0,71.70406
s0032,30,0,57.843864
s0032,31,0,73.87715
s0032,32,0,57.353443
s0032,33,0,52.99937
s0032,34,0,55.560505
s0032,35,0,44.893124
s0032,36,0,57.2076
s0032,37,0,50.665337
s0032,38,0,59.040855
s0032,39,0,45.1213
s0032,40,0,72.831795
s0032,41,0,62.928776
s0032,42,0,62.910103
s0032,43,0,61.42089
s0032,44,0,54.444115
s0032,45,0,32.74395
s0032,46,0,23.42864
s0032,47,0,25.318253
s0032,48,0,71.43751
s0032,49,0,60.073902
s0032,50,0,46.416317
s0032,51,0,54.20931
s0032,52,0,51.324303
s0032,53,0,57.76581
s0032,54,0,50.42846
s0032,55,0,54.770405
s0032,56,0,58.842583
s0032,57,0,67.52858
s0032,58,0,65.64895
s0032,59,0,64.93179
s0032,60,0,61.398506
s0032,61,0,65.37171
s0032,62,0,60.74326
s0032,63,0,71.91631
s0032,64,0,61.381893
s0032,65,0,71.7579
s0032,66,0,68.11965
s0032,67,0,65.05166
s0032,68,0,74.73117
s0032,69,0,59.091194
s0032,70,0,54.90913
s0032,71,0,59.041843
s0032,72,0,60.655342
s0032,73,0,67.407265
s0032,74,0,69.06169
s0032,75,0,63.690723
s0032,76,0,77.10781
s0032,77,0,82.04319
s0032,78,0,67.66008
s0032,79,0,75.68362
s0032,80,0,73.92442
s0032,81,0,69.926834
s0032,82,0,68.36071
s0032,83,0,62.435658
s0032,84,0,71.094505
s0032,85,0,72.953835
s0032,86,0,61.916065
s0032,87,0,60.98831
s0032,88,0,67.42437
s0032,89,0,68.61699
s0032,90,0,55.925953
s0032,91,0,72.15317
s0032,92,0,59.3025
s0032,93,0,73.059845
s0032,94,0,66.101006
s0032,95,0,73.6685
s0033,0,0,54.872658
s0033,1,0,52.31882
s0033,2,0,47.00464
s0033,3,0,45.21253
s0033,4,0,60.81113
s0033,5,0,58.680412
s0033,6,0,46.552616
s0033,7,0,55.472847
s0033,8,0,55.45716
s0033,9,0,60.891144
s0033,10,0,56.044422
s0033,11,0,68.361
s0033,12,0,66.30196
s0033,13,0,67.34958
s0033,14,0,70.96896
s0033,15,0,70.14675
s0033,16,0,66.43527
s0033,17,0,67.01877
s0033,18,0,60.722805
s0033,19,0,56.581944
s0033,20,0,69.460915
s0033,21,0,74.233246
s0033,22,0,59.42572
s0033,23,0,75.14379
s0033,24,0,74.975235
s0033,25,0,69.33941
s0033,26,0,63.957874
s0033,27,0,62.083004
s0033,28,0,66.81979
s0033,29,0,69.79711
s0033,30,0,53.9415
s0033,31,0,67.07246
s0033,32,0,61.19219
s0033,33,0,50.54611
s0033,34,0,58.187115
s0033,35,0,56.884415
s0033,36,0,48.31455
s0033,37,0,56.63066
s0033,38,0,58.984673
s0033,39,0,51.800922
s0033,40,0,57.558193
s0033,41,0,47.082466
s0033,42,0,38.673847
s0033,43,0,38.33083
s0033,44,0,49.577248
s0033,45,0,30.986835
s0033,46,0,62.684437
s0033,47,0,42.44417
s0033,48,0,35.220562
s0033,49,0,39.77371
s0033,50,0,53.036953
s0033,51,0,47.06688
s0033,52,0,28.88294
s0033,53,0,54.3581
s0033,54,0,47.47716
s0033,55,0,49.43128
s0033,56,0,52.662693
s0033,57,0,75.69363
s0033,58,0,54.910908
s0033,59,0,66.67585
s0033,60,0,56.642605
s0033,61,0,68.35472
s0033,62,0,70.925804
s0033,63,0,75.18884
s0033,64,0,66.49497
s0033,65,0,66.55045
s0033,66,0,77.534996
s0033,67,0,74.17355
s0033,68,0,68.09861
s0033,69,0,64.545944
s0033,70,0,58.32765
s0033,71,0,61.791523
s0033,72,0,68.55156
s0033,73,0,72.04541
s0033,74,0,68.56302
s0033,75,0,72.85873
s0033,76,0,73.608406
s0033,77,0,74.08141
s0033,78,0,77.30925
s0033,79,0,76.41224
s0033,80,0,82.49377
s0033,81,0,76.86869
s0033,82,0,58.931614
s0033,83,0,60.212578
s0033,84,0,66.911415
s0033,85,0,67.74088
s0033,86,0,67.47801
s0033,87,0,66.562386
s0033,88,0,62.067043
s0033,89,0,64.044525
s0033,90,0,56.89861
s0033,91,0,72.26366
s0033,92,0,66.03978
s0033,93,0,66.491234
s0033,94,0,76.1313
s0033,95,0,67.72303
s0034,0,0,55.182858
s0034,1,0,40.032764
s0034,2,0,41.552624
s0034,3,0,48.500313
s0034,4,0,51.846172
s0034,5,0,54.64624
s0034,6,0,55.301632
s0034,7,0,59.027687
s0034,8,0,50.46289
s0034,9,0,52.576897
s0034,10,0,62.631958
s0034,11,0,70.64017
s0034,12,0,69.102425
s0034,13,0,59.088753
s0034,14,0,69.53009
s0034,15,0,64.63796
s0034,16,0,65.2997
s0034,17,0,66.84527
s0034,18,0,68.943855
s0034,19,0,63.21117
s0034,20,0,58.266888
s0034,21,0,62.052467
s0034,22,0,60.502434
s0034,23,0,68.02462
s0034,24,0,77.04616
s0034,25,0,74.59348
s0034,26,0,69.6385
s0034,27,0,65.162704
s0034,28,0,70.646515
s0034,29,0,74.78646
s0034,30,0,61.984787
s0034,31,0,64.87827
s0034,32,0,59.140835
s0034,33,0,42.63854
s0034,34,0,55.16649
s0034,35,0,53.701523
s0034,36,0,53.58135
s0034,37,0,62.985035
s0034,38,0,50.23273
s0034,39,0,55.77652
s0034,40,0,69.98832
s0034,41,0,53.738377
s0034,42,0,40.39593
s0034,43,0,48.66523
s0034,44,0,34.40562
s0034,45,0,44.494263
s0034,46,0,27.710455
s0034,47,0,38.016422
s0034,48,0,28.97877
s0034,49,0,57.48198
s0034,50,0,37.197594
s0034,51,0,44.079742
s0034,52,0,52.913605
s0034,53,0,49.919006
s0034,54,0,57.326675
s0034,55,0,69.38368
s0034,56,0,61.099174
s0034,57,0,61.20445
s0034,58,0,51.543026
s0034,59,0,65.79127
s0034,60,0,58.658436
s0034,61,0,65.69341
s0034,62,0,69.645996
s0034,63,0,72.829636
s0034,64,0,66.81007
s0034,65,0,65.366776
s0034,66,0,64.1732
s0034,67,0,61.136044
s0034,68,0,57.80406
s0034,69,0,64.12085
s0034,70,0,64.885544
s0034,71,0,65.14627
s0034,72,0,59.656567
s0034,73,0,65.649536
s0034,74,0,77.723694
s0034,75,0,66.3803
s0034,76,0,76.73158
s0034,77,0,60.90458
s0034,78,0,78.38712
s0034,79,0,75.85306
s0034,80,0,72.40321
s0034,81,0,82.63778
s0034,82,0,62.94023
s0034,83,0,62.17836
s0034,84,0,73.89372
s0034,85,0,78.031784
s0034,86,0,52.320587
s0034,87,0,59.636913
s0034,88,0,67.19813
s0034,89,0,57.994865
s0034,90,0,53.84782
s0034,91,0,70.153496
s0034,92,0,60.21148
s0034,93,0,72.53198
s0034,94,0,72.74769
s0034,95,0,79.67153
s0035,0,0,49.219376
s0035,1,0,49.628944
s0035,2,0,48.851402
s0035,3,0,50.346844
s0035,4,0,54.626064
s0035,5,0,56.22139
s0035,6,0,52.88866
s0035,7,0,52.671185
s0035,8,0,60.64367
s0035,9,0,64.18364
s0035,10,0,64.428024
s0035,11,0,72.61626
s0035,12,0,63.34108
s0035,13,0,78.28451
s0035,14,0,68.44561
s0035,15,0,67.303505
s0035,16,0,61.03025
s0035,17,0,59.379368
s0035,18,0,63.9874
s0035,19,0,58.860775
s0035,20,0,64.52395
s0035,21,0,70.61661
s0035,22,0,61.18239
s0035,23,0,68.24364
s0035,24,0,67.49969
s0035,25,0,70.954895
s0035,26,0,64.21778
s0035,27,0,68.48557
s0035,28,0,71.32586
s0035,29,0,59.24575
s0035,30,0,60.11206
s0035,31,0,56.999683
s0035,32,0,49.787437
s0035,33,0,67.25355
s0035,34,0,57.109722
s0035,35,0,61.532364
s0035,36,0,54.13735
s0035,37,0,61.35079
s0035,38,0,59.330597
s0035,39,0,57.95534
s0035,40,0,61.62429
s0035,41,0,63.30838
s0035,42,0,45.122948
s0035,43,0,36.32733
s0035,44,0,29.678854
s0035,45,0,52.004757
s0035,46,0,40.85755
s0035,47,0,29.148506
s0035,48,0,31.560549
s0035,49,0,41.712395
s0035,50,0,40.99926
s0035,51,0,56.505005
s0035,52,0,43.849525
s0035,53,0,54.621113
s0035,54,0,64.20861
s0035,55,0,53.996128
s0035,56,0,46.804195
s0035,57,0,67.99053
s0035,58,0,56.885956
s0035,59,0,70.13261
s0035,60,0,60.57562
s0035,61,0,66.243805
s0035,62,0,72.36734
s0035,63,0,68.737915
s0035,64,0,61.35832
s0035,65,0,64.74271
s0035,66,0,73.02648
s0035,67,0,65.14962
s0035,68,0,65.235054
s0035,69,0,68.9861
s0035,70,0,52.453205
s0035,71,0,68.702736
s0035,72,0,58.64219
s0035,73,0,75.81862
s0035,74,0,70.57672
s0035,75,0,76.40777
s0035,76,0,78.63091
s0035,77,0,80.84768
s0035,78,0,86.6083
s0035,79,0,78.038795
s0035,80,0,71.47587
s0035,81,0,85.16907
s0035,82,0,73.78024
s0035,83,0,60.511467
s0035,84,0,67.66593
s0035,85,0,74.70726
s0035,86,0,60.47241
s0035,87,0,72.3594
s0035,88,0,56.716557
s0035,89,0,58.267406
s0035,90,0,56.030983
s0035,91,0,68.25177
s0035,92,0,71.76008
s0035,93,0,64.99754
s0035,94,0,60.252403
s0035,95,0,70.59383
s0036,0,0,59.371
s0036,1,0,48.05239
s0036,2,0,42.355274
s0036,3,0,48.428097
s0036,4,0,60.739697
s0036,5,0,53.307194
s0036,6,0,55.04073
s0036,7,0,52.519516
s0036,8,0,60.44323
s0036,9,0,53.770443
s0036,10,0,62.055134
s0036,11,0,67.193054
s0036,12,0,62.00241
s0036,13,0,64.45722
s0036,14,0,57.345585
s0036,15,0,72.33555
s0036,16,0,69.353195
s0036,17,0,60.93123
s0036,18,0,67.78624
s0036,19,0,77.13465
s0036,20,0,69.00316
s0036,21,0,67.29805
s0036,22,0,66.3055
s0036,23,0,75.081856
s0036,24,0,69.630295
s0036,25,0,67.87949
s0036,26,0,69.00992
s0036,27,0,67.94786
s0036,28,0,71.87493
s0036,29,0,66.26589
s0036,30,0,48.548588
s0036,31,0,69.18669
s0036,32,0,61.77522
s0036,33,0,63.527702
s0036,34,0,59.22363
s0036,35,0,55.0858
s0036,36,0,43.709667
s0036,37,0,49.550694
s0036,38,0,66.469215
s0036,39,0,64.13007
s0036,40,0,63.04545
s0036,41,0,37.702744
s0036,42,0,31.73456
s0036,43,0,43.31261
s0036,44,0,43.045563
s0036,45,0,50.54418
s0036,46,0,49.43695
s0036,47,0,49.590923
s0036,48,0,50.62656
s0036,49,0,55.382755
s0036,50,0,57.466488
s0036,51,0,45.20418
s0036,52,0,62.362972
s0036,53,0,50.77064
s0036,54,0,39.79874
s0036,55,0,50.19364
s0036,56,0,59.922184
s0036,57,0,61.374916
s0036,58,0,65.15748
s0036,59,0,64.72498
s0036,60,0,53.2721
s0036,61,0,60.207546
s0036,62,0,71.18904
s0036,63,0,67.09549
s0036,64,0,67.82025
s0036,65,0,66.67777
s0036,66,0,62.71877
s0036,67,0,57.385883
s0036,68,0,69.175415
s0036,69,0,64.79284
s0036,70,0,60.42652
s0036,71,0,65.33922
s0036,72,0,56.28293
s0036,73,0,56.663628
s0036,74,0,67.616844
s0036,75,0,76.40572
s0036,76,0,63.866985
s0036,77,0,85.4226
s0036,78,0,76.75568
s0036,79,0,70.117836
s0036,80,0,72.571594
s0036,81,0,64.50825
s0036,82,0,65.73502
s0036,83,0,59.57051
s0036,84,0,63.137398
s0036,85,0,71.9405
s0036,86,0,62.353992
s0036,87,0,62.876347
s0036,88,0,73.32106
s0036,89,0,58.865032
s0036,90,0,55.418926
s0036,91,0,64.34849
s0036,92,0,69.7672
s0036,93,0,75.89087
s0036,94,0,78.464874
s0036,95,0,66.2953
s0037,0,0,53.64543
s0037,1,0,40.97025
s0037,2,0,44.218044
s0037,3,0,51.077316
s0037,4,0,50.993385
s0037,5,0,51.838516
s0037,6,0,50.853573
s0037,7,0,53.315323
s0037,8,0,55.76112
s0037,9,0,58.45274
s0037,10,0,49.324238
s0037,11,0,70.273
s0037,12,0,65.09753
s0037,13,0,67.2647
s0037,14,0,62.8369
s0037,15,0,63.092617
s0037,16,0,55.501392
s0037,17,0,63.37892
s0037,18,0,76.19615
s0037,19,0,69.41297
s0037,20,0,70.60143
s0037,21,0,68.08432
s0037,22,0,68.51783
s0037,23,0,71.22891
s0037,24,0,65.6319
s0037,25,0,68.186905
s0037,26,0,71.94669
s0037,27,0,68.784515
s0037,28,0,69.20231
s0037,29,0,65.0144
s0037,30,0,51.819244
s0037,31,0,69.62754
s0037,32,0,53.15444
s0037,33,0,60.366768
s0037,34,0,52.517155
s0037,35,0,37.15396
s0037,36,0,51.437206
s0037,37,0,47.947968
s0037,38,0,53.770817
s0037,39,0,71.66303
s0037,40,0,78.84668
s0037,41,0,36.41839
s0037,42,0,59.096245
s0037,43,0,48.01201
s0037,44,0,40.302834
s0037,45,0,56.896904
s0037,46,0,58.3446
s0037,47,0,30.875967
s0037,48,0,50.879322
s0037,49,0,54.026382
s0037,50,0,46.897808
s0037,51,0,69.05199
s0037,52,0,33.080105
s0037,53,0,55.860065
s0037,54,0,52.634975
s0037,55,0,50.831554
s0037,56,0,62.255295
s0037,57,0,64.70464
s0037,58,0,58.42378
s0037,59,0,64.47879
s0037,60,0,69.40988
s0037,61,0,69.02174
s0037,62,0,73.11915
s0037,63,0,79.40525
s0037,64,0,73.34581
s0037,65,0,62.06279
s0037,66,0,71.001495
s0037,67,0,57.32912
s0037,68,0,60.65026
s0037,69,0,66.30127
s0037,70,0,65.53322
s0037,71,0,63.97886
s0037,72,0,64.87332
s0037,73,0,79.06089
s0037,74,0,72.125946
s0037,75,0,87.56902
s0037,76,0,67.42702
s0037,77,0,72.83703
s0037,78,0,81.66404
s0037,79,0,80.00024
s0037,80,0,63.900917
s0037,81,0,74.53899
s0037,82,0,58.39356
s0037,83,0,71.81326
s0037,84,0,74.33057
s0037,85,0,67.14711
s0037,86,0,71.845276
s0037,87,0,65.38998
s0037,88,0,66.88657
s0037,89,0,71.779495
s0037,90,0,76.298065
s0037,91,0,64.72353
s0037,92,0,69.989395
s0037,93,0,67.4072
s0037,94,0,67.28155
s0037,95,0,61.92734
s0038,0,0,47.406963
s0038,1,0,52.993546
s0038,2,0,65.23037
s0038,3,0,45.15663
s0038,4,0,53.36201
s0038,5,0,51.305565
s0038,6,0,60.425407
s0038,7,0,53.191204
s0038,8,0,65.95945
s0038,9,0,58.388752
s0038,10,0,60.094177
s0038,11,0,66.27209
s0038,12,0,67.374176
s0038,13,0,58.473743
s0038,14,0,68.99193
s0038,15,0,65.71678
s0038,16,0,68.15943
s0038,17,0,65.30956
s0038,18,0,65.755684
s0038,19,0,59.97522
s0038,20,0,69.236015
s0038,21,0,66.56732
s0038,22,0,56.95449
s0038,23,0,74.40237
s0038,24,0,69.31316
s0038,25,0,73.29191
s0038,26,0,68.034874
s0038,27,0,59.947983
s0038,28,0,67.49564
s0038,29,0,73.935455
s0038,30,0,64.24296
s0038,31,0,63.956135
s0038,32,0,59.94099
s0038,33,0,55.76397
s0038,34,0,56.255287
s0038,35,0,42.983078
s0038,36,0,57.83848
s0038,37,0,51.83711
s0038,38,0,70.19035
s0038,39,0,49.61279
s0038,40,0,61.52203
s0038,41,0,50.353317
s0038,42,0,50.42695
s0038,43,0,41.119896
s0038,44,0,47.34105
s0038,45,0,33.911945
s0038,46,0,40.37368
s0038,47,0,43.80905
s0038,48,0,56.114746
s0038,49,0,32.928646
s0038,50,0,56.25925
s0038,51,0,40.167408
s0038,52,0,42.128067
s0038,53,0,50.42105
s0038,54,0,61.493427
s0038,55,0,50.455452
s0038,56,0,66.10266
s0038,57,0,66.64955
s0038,58,0,59.833916
s0038,59,0,65.98888
s0038,60,0,56.880318
s0038,61,0,54.886463
s0038,62,0,65.35967
s0038,63,0,70.4202
s0038,64,0,64.72073
s0038,65,0,66.362076
s0038,66,0,70.49128
s0038,67,0,57.417053
s0038,68,0,56.518303
s0038,69,0,69.2324
s0038,70,0,53.614243
s0038,71,0,60.824226
s0038,72,0,55.298748
s0038,73,0,72.71022
s0038,74,0,62.06379
s0038,75,0,71.44227
s0038,76,0,77.347046
s0038,77,0,73.17842
s0038,78,0,73.737915
s0038,79,0,65.44533
s0038,80,0,78.33536
s0038,81,0,66.469986
s0038,82,0,76.56959
s0038,83,0,70.71195
s0038,84,0,68.73793
s0038,85,0,66.82645
s0038,86,0,61.87031
s0038,87,0,58.70903
s0038,88,0,61.87181
s0038,89,0,54.831573
s0038,90,0,55.40992
s0038,91,0,74.65319
s0038,92,0,63.515583
s0038,93,0,60.33629
s0038,94,0,76.651924
s0038,95,0,73.65384
s0039,0,0,52.553673
s0039,1,0,37.770573
s0039,2,0,38.80839
s0039,3,0,54.989204
s0039,4,0,56.305542
s0039,5,0,57.349533
s0039,6,0,46.477448
s0039,7,0,56.318478
s0039,8,0,55.88421
s0039,9,0,62.227627
s0039,10,0,51.546574
s0039,11,0,61.62601
s0039,12,0,68.43921
s0039,13,0,74.29594
s0039,14,0,66.89311
s0039,15,0,73.733986
s0039,16,0,71.419106
s0039,17,0,58.880543
s0039,18,0,62.311165
s0039,19,0,50.346577
s0039,20,0,66.69332
s0039,21,0,61.712486
s0039,22,0,60.82575
s0039,23,0,62.680054
s0039,24,0,66.258156
s0039,25,0,74.27626
s0039,26,0,67.319435
s0039,27,0,74.00429
s0039,28,0,56.057724
s0039,29,0,70.58025
s0039,30,0,61.645966
s0039,31,0,67.20399
s0039,32,0,53.366413
s0039,33,0,50.941517
s0039,34,0,58.027668
s0039,35,0,54.200676
s0039,36,0,52.63845
s0039,37,0,52.810314
s0039,38,0,61.92448
s0039,39,0,50.37069
s0039,40,0,70.69689
s0039,41,0,49.69448
s0039,42,0,41.292255
s0039,43,0,44.59104
s0039,44,0,63.703735
s0039,45,0,38.774765
s0039,46,0,31.028772
s0039,47,0,51.116344
s0039,48,0,49.3128
s0039,49,0,39.84909
s0039,50,0,63.673218
s0039,51,0,47.375355
s0039,52,0,59.275227
s0039,53,0,47.4865
s0039,54,0,56.370975
s0039,55,0,64.96013
s0039,56,0,58.29415
s0039,57,0,55.157402
s0039,58,0,58.63981
s0039,59,0,67.114815
s0039,60,0,56.453175
s0039,61,0,60.678486
s0039,62,0,72.50587
s0039,63,0,69.15056
s0039,64,0,62.65457
s0039,65,0,68.23727
s0039,66,0,70.23515
s0039,67,0,63.643703
s0039,68,0,64.04361
s0039,69,0,69.876564
s0039,70,0,52.01552
s0039,71,0,62.15967
s0039,72,0,61.50929
s0039,73,0,64.78603
s0039,74,0,71.64784
s0039,75,0,67.15421
s0039,76,0,69.13361
s0039,77,0,78.07744
s0039,78,0,74.71479
s0039,79,0,69.589294
s0039,80,0,62.377995
s0039,81,0,73.06603
s0039,82,0,61.64096
s0039,83,0,71.90951
s0039,84,0,61.837482
s0039,85,0,68.815254
s0039,86,0,70.50261
s0039,87,0,70.98237
s0039,88,0,67.43035
s0039,89,0,54.94954
s0039,90,0,52.335392
s0039,91,0,61.904568
s0039,92,0,60.053112
s0039,93,0,70.90556
s0039,94,0,69.848656
s0039,95,0,65.8901
s0040,0,0,47.2799
s0040,1,0,54.489548
s0040,2,0,56.131283
s0040,3,0,49.86887
s0040,4,0,50.095795
s0040,5,0,55.128544
s0040,6,0,50.427357
s0040,7,0,58.333874
s0040,8,0,54.16004
s0040,9,0,62.121475
s0040,10,0,56.92879
s0040,11,0,63.033195
s0040,12,0,74.08667
s0040,13,0,68.508446
s0040,14,0,66.9743
s0040,15,0,70.888565
s0040,16,0,70.07238
s0040,17,0,60.195137
s0040,18,0,71.31712
s0040,19,0,67.776596
s0040,20,0,68.57104
s0040,21,0,63.65321
s0040,22,0,65.83319
s0040,23,0,69.526985
s0040,24,0,64.04799
s0040,25,0,68.53986
s0040,26,0,66.524605
s0040,27,0,72.11692
s0040,28,0,64.672134
s0040,29,0,69.7483
s0040,30,0,60.628063
s0040,31,0,63.49365
s0040,32,0,55.439148
s0040,33,0,54.91668
s0040,34,0,48.511593
s0040,35,0,62.916157
s0040,36,0,49.747234
s0040,37,0,65.39773
s0040,38,0,61.357124
s0040,39,0,41.807724
s0040,40,0,69.01729
s0040,41,0,54.93261
s0040,42,0,46.462284
s0040,43,0,49.465385
s0040,44,0,32.1617
s0040,45,0,43.721947
s0040,46,0,54.282074
s0040,47,0,61.700867
s0040,48,0,38.71381
s0040,49,0,38.624325
s0040,50,0,46.469383
s0040,51,0,52.78503
s0040,52,0,53.423058
s0040,53,0,38.91406
s0040,54,0,54.69584
s0040,55,0,56.88028
s0040,56,0,51.37284
s0040,57,0,60.533844
s0040,58,0,57.647495
s0040,59,0,57.08798
s0040,60,0,67.66482
s0040,61,0,66.83941
s0040,62,0,72.830055
s0040,63,0,80.83608
s0040,64,0,69.91265
s0040,65,0,63.32875
s0040,66,0,73.28111
s0040,67,0,68.4662
s0040,68,0,69.88985
s0040,69,0,62.22292
s0040,70,0,66.50491
s0040,71,0,72.71376
s0040,72,0,62.268055
s0040,73,0,72.59314
s0040,74,0,69.82034
s0040,75,0,70.38918
s0040,76,0,71.60383
s0040,77,0,68.889
s0040,78,0,73.40443
s0040,79,0,67.79475
s0040,80,0,68.06739
s0040,81,0,67.01973
s0040,82,0,64.94499
s0040,83,0,69.27595
s0040,84,0,64.267654
s0040,85,0,66.92283
s0040,86,0,65.917305
s0040,87,0,58.311764
s0040,88,0,50.380188
s0040,89,0,58.396988
s0040,90,0,51.234653
s0040,91,0,67.10638
s0040,92,0,72.16779
s0040,93,0,67.61111
s0040,94,0,63.012993
s0040,95,0,68.73584
s0041,0,0,55.426765
s0041,1,0,49.296917
s0041,2,0,44.248222
s0041,3,0,40.470108
s0041,4,0,57.251713
s0041,5,0,51.654682
s0041,6,0,57.253643
s0041,7,0,58.49902
s0041,8,0,56.372158
s0041,9,0,58.874157
s0041,10,0,73.16078
s0041,11,0,52.92934
s0041,12,0,65.2941
s0041,13,0,70.960495
s0041,14,0,57.492916
s0041,15,0,55.899796
s0041,16,0,60.070793
s0041,17,0,70.8992
s0041,18,0,70.27529
s0041,19,0,74.28477
s0041,20,0,73.63033
s0041,21,0,59.463356
s0041,22,0,62.304688
s0041,23,0,74.50085
s0041,24,0,64.950035
s0041,25,0,61.041744
s0041,26,0,70.02473
s0041,27,0,61.630146
s0041,28,0,66.35146
s0041,29,0,69.34331
s0041,30,0,59.69026
s0041,31,0,61.061222
s0041,32,0,60.930523
s0041,33,0,47.971935
s0041,34,0,51.11305
s0041,35,0,51.264256
s0041,36,0,57.268005
s0041,37,0,63.550823
s0041,38,0,54.504448
s0041,39,0,52.70862
s0041,40,0,54.224228
s0041,41,0,59.63615
s0041,42,0,47.447083
s0041,43,0,63.712524
s0041,44,0,37.444862
s0041,45,0,44.391865
s0041,46,0,43.187496
s0041,47,0,72.26529
s0041,48,0,65.73227
s0041,49,0,43.296844
s0041,50,0,57.794704
s0041,51,0,47.147182
s0041,52,0,47.49682
s0041,53,0,51.470963
s0041,54,0,54.296135
s0041,55,0,55.94179
s0041,56,0,65.45212
s0041,57,0,50.217705
s0041,58,0,61.77428
s0041,59,0,72.326035
s0041,60,0,56.398914
s0041,61,0,54.11601
s0041,62,0,61.195496
s0041,63,0,71.80155
s0041,64,0,62.30655
s0041,65,0,73.76179
s0041,66,0,60.282795
s0041,67,0,71.43793
s0041,68,0,70.579094
s0041,69,0,58.2525
s0041,70,0,56.917263
s0041,71,0,59.82872
s0041,72,0,61.99545
s0041,73,0,76.977165
s0041,74,0,75.32635
s0041,75,0,74.87188
s0041,76,0,57.6765
s0041,77,0,71.16295
s0041,78,0,75.76368
s0041,79,0,78.71197
s0041,80,0,74.69502
s0041,81,0,82.124794
s0041,82,0,71.40342
s0041,83,0,72.50604
s0041,84,0,51.587807
s0041,85,0,75.83701
s0041,86,0,73.057755
s0041,87,0,63.91425
s0041,88,0,60.971737
s0041,89,0,61.219585
s0041,90,0,64.67325
s0041,91,0,73.38352
s0041,92,0,69.62113
s0041,93,0,68.6499
s0041,94,0,72.02033
s0041,95,0,71.16615
s0042,0,0,55.482174
s0042,1,0,49.868717
s0042,2,0,34.712234
s0042,3,0,56.318825
s0042,4,0,58.80815
s0042,5,0,56.887268
s0042,6,0,58.55872
s0042,7,0,54.76328
s0042,8,0,60.45395
s0042,9,0,58.123207
s0042,10,0,71.70165
s0042,11,0,64.25949
s0042,12,0,65.360916
s0042,13,0,60.361702
s0042,14,0,72.634094
s0042,15,0,68.922134
s0042,16,0,70.25798
s0042,17,0,67.65441
s0042,18,0,55.182743
s0042,19,0,63.456554
s0042,20,0,68.91157
s0042,21,0,55.79753
s0042,22,0,51.782375
s0042,23,0,63.954304
s0042,24,0,74.72222
s0042,25,0,76.086075
s0042,26,0,66.99884
s0042,27,0,69.913826
s0042,28,0,67.55024
s0042,29,0,56.94141
s0042,30,0,59.557934
s0042,31,0,52.66357
s0042,32,0,54.726223
s0042,33,0,61.451477
s0042,34,0,59.273907
s0042,35,0,47.48415
s0042,36,0,47.235477
s0042,37,0,57.646667
s0042,38,0,48.70127
s0042,39,0,51.950687
s0042,40,0,56.81828
s0042,41,0,50.859657
s0042,42,0,44.110886
s0042,43,0,52.328857
s0042,44,0,53.282063
s0042,45,0,44.34555
s0042,46,0,53.87866
s0042,47,0,39.244686
s0042,48,0,72.19792
s0042,49,0,38.543346
s0042,50,0,43.74013
s0042,51,0,39.74452
s0042,52,0,66.50608
s0042,53,0,55.43592
s0042,54,0,47.615883
s0042,55,0,63.986263
s0042,56,0,60.22205
s0042,57,0,66.39506
s0042,58,0,63.6939
s0042,59,0,65.655426
s0042,60,0,53.18334
s0042,61,0,60.56479
s0042,62,0,75.773895
s0042,63,0,77.787575
s0042,64,0,66.40056
s0042,65,0,57.246544
s0042,66,0,71.22202
s0042,67,0,61.791588
s0042,68,0,73.780464
s0042,69,0,68.29264
s0042,70,0,52.025814
s0042,71,0,56.493504
s0042,72,0,61.50275
s0042,73,0,66.329
s0042,74,0,76.215034
s0042,75,0,75.0196
s0042,76,0,73.51436
s0042,77,0,64.1832
s0042,78,0,66.81443
s0042,79,0,74.702736
s0042,80,0,76.521774
s0042,81,0,61.902687
s0042,82,0,60.314472
s0042,83,0,69.76954
s0042,84,0,66.02596
s0042,85,0,70.304
s0042,86,0,61.488068
s0042,87,0,55.067043
s0042,88,0,59.814854
s0042,89,0,63.11296
s0042,90,0,57.320896
s0042,91,0,71.79069
s0042,92,0,66.62123
s0042,93,0,59.118355
s0042,94,0,70.085396
s0042,95,0,72.163574
s0043,0,0,50.43654
s0043,1,0,52.376106
s0043,2,0,46.762547
s0043,3,0,56.754646
s0043,4,0,61.779728
s0043,5,0,42.56643
s0043,6,0,57.615013
s0043,7,0,57.47686
s0043,8,0,62.145596
s0043,9,0,51.645115
s0043,10,0,54.375504
s0043,11,0,64.81905
s0043,12,0,70.27138
s0043,13,0,63.735363
s0043,14,0,60.748905
s0043,15,0,67.497955
s0043,16,0,63.9156
s0043,17,0,68.03914
s0043,18,0,70.32223
s0043,19,0,66.329865
s0043,20,0,74.19509
s0043,21,0,67.087456
s0043,22,0,62.896408
s0043,23,0,62.657673
s0043,24,0,73.276794
s0043,25,0,77.7304
s0043,26,0,69.21501
s0043,27,0,62.670395
s0043,28,0,73.530045
s0043,29,0,62.68859
s0043,30,0,55.842133
s0043,31,0,63.42731
s0043,32,0,60.02306
s0043,33,0,62.16838
s0043,34,0,52.27471
s0043,35,0,56.348804
s0043,36,0,46.911427
s0043,37,0,63.395573
s0043,38,0,56.853134
s0043,39,0,50.23909
s0043,40,0,57.39704
s0043,41,0,43.964348
s0043,42,0,31.90097
s0043,43,0,29.666971
s0043,44,0,37.15653
s0043,45,0,35.9598
s0043,46,0,34.604168
s0043,47,0,37.782097
s0043,48,0,51.83299
s0043,49,0,54.56573
s0043,50,0,52.314877
s0043,51,0,65.104225
s0043,52,0,66.6842
s0043,53,0,41.8333
s0043,54,0,64.18373
s0043,55,0,56.111816
s0043,56,0,54.842613
s0043,57,0,69.02175
s0043,58,0,55.51716
s0043,59,0,56.01254
s0043,60,0,57.766064
s0043,61,0,61.164845
s0043,62,0,75.77096
s0043,63,0,64.64274
s0043,64,0,64.92065
s0043,65,0,64.41741
s0043,66,0,74.00557
s0043,67,0,60.1412
s0043,68,0,68.902245
s0043,69,0,69.44123
s0043,70,0,50.56309
s0043,71,0,54.6374
s0043,72,0,64.59936
s0043,73,0,75.22873
s0043,74,0,75.09418
s0043,75,0,68.265045
s0043,76,0,75.77234
s0043,77,0,84.40398
s0043,78,0,80.461784
s0043,79,0,69.31196
s0043,80,0,73.71589
s0043,81,0,68.46869
s0043,82,0,70.63792
s0043,83,0,67.37414
s0043,84,0,54.362103
s0043,85,0,61.293266
s0043,86,0,62.640846
s0043,87,0,67.188965
s0043,88,0,57.53136
s0043,89,0,59.501644
s0043,90,0,53.624462
s0043,91,0,65.62305
s0043,92,0,62.21514
s0043,93,0,65.445724
s0043,94,0,68.29779
s0043,95,0,71.01613
s0044,0,0,46.403095
s0044,1,0,53.16915
s0044,2,0,49.369324
s0044,3,0,44.4498
s0044,4,0,51.443928
s0044,5,0,41.63443
s0044,6,0,54.76726
s0044,7,0,73.86929
s0044,8,0,68.53283
s0044,9,0,61.585503
s0044,10,0,60.520687
s0044,11,0,64.59698
s0044,12,0,68.505554
s0044,13,0,77.61339
s0044,14,0,71.12462
s0044,15,0,71.19469
s0044,16,0,67.30506
s0044,17,0,62.158493
s0044,18,0,67.64318
s0044,19,0,64.86108
s0044,20,0,68.12667
s0044,21,0,62.560158
s0044,22,0,68.965355
s0044,23,0,69.228
s0044,24,0,74.61215
s0044,25,0,70.549934
s0044,26,0,67.50251
s0044,27,0,62.17594
s0044,28,0,70.58967
s0044,29,0,57.90036
s0044,30,0,59.318787
s0044,31,0,59.140255
s0044,32,0,52.90868
s0044,33,0,47.071507
s0044,34,0,66.24908
s0044,35,0,48.939674
s0044,36,0,40.256332
s0044,37,0,51.750168
s0044,38,0,50.48938
s0044,39,0,43.319607
s0044,40,0,54.282093
s0044,41,0,52.550095
s0044,42,0,51.25243
s0044,43,0,42.64198
s0044,44,0,58.817924
s0044,45,0,42.322964
s0044,46,0,63.15315
s0044,47,0,62.62687
s0044,48,0,44.19404
s0044,49,0,57.261555
s0044,50,0,52.62689
s0044,51,0,70.550804
s0044,52,0,47.29554
s0044,53,0,49.76639
s0044,54,0,66.40679
s0044,55,0,58.551125
s0044,56,0,67.2106
s0044,57,0,57.74085
s0044,58,0,61.915344
s0044,59,0,66.21042
s0044,60,0,63.06738
s0044,61,0,63.09512
s0044,62,0,68.69019
s0044,63,0,67.69241
s0044,64,0,67.34146
s0044,65,0,73.31554
s0044,66,0,71.03527
s0044,67,0,66.33019
s0044,68,0,61.01728
s0044,69,0,68.08834
s0044,70,0,55.80716
s0044,71,0,64.73242
s0044,72,0,61.46377
s0044,73,0,72.21157
s0044,74,0,70.47619
s0044,75,0,75.49187
s0044,76,0,71.97819
s0044,77,0,67.36404
s0044,78,0,80.51137
s0044,79,0,73.23395
s0044,80,0,70.31288
s0044,81,0,61.559666
s0044,82,0,65.424576
s0044,83,0,65.54861
s0044,84,0,65.43372
s0044,85,0,68.873436
s0044,86,0,51.152187
s0044,87,0,68.48714
s0044,88,0,63.1105
s0044,89,0,59.353455
s0044,90,0,55.34627
s0044,91,0,74.18297
s0044,92,0,68.18782
s0044,93,0,70.931946
s0044,94,0,69.750496
s0044,95,0,73.06176
s0045,0,0,57.985058
s0045,1,0,53.36204
s0045,2,0,55.478245
s0045,3,0,44.728603
s0045,4,0,60.665264
s0045,5,0,61.16132
s0045,6,0,47.568455
s0045,7,0,56.8303
s0045,8,0,52.876244
s0045,9,0,56.5617
s0045,10,0,67.93778
s0045,11,0,58.235634
s0045,12,0,59.989315
s0045,13,0,71.73102
s0045,14,0,66.62214
s0045,15,0,67.18647
s0045,16,0,66.60149
s0045,17,0,66.53682
s0045,18,0,59.75816
s0045,19,0,59.324398
s0045,20,0,69.9229
s0045,21,0,54.86795
s0045,22,0,59.680027
s0045,23,0,71.51779
s0045,24,0,68.18374
s0045,25,0,62.253902
s0045,26,0,64.464966
s0045,27,0,60.23749
s0045,28,0,70.21288
s0045,29,0,66.145035
s0045,30,0,58.597126
s0045,31,0,61.32889
s0045,32,0,60.66588
s0045,33,0,58.14243
s0045,34,0,48.905403
s0045,35,0,54.973145
s0045,36,0,53.402428
s0045,37,0,57.71927
s0045,38,0,68.689125
s0045,39,0,45.54312
s0045,40,0,55.131794
s0045,41,0,62.54709
s0045,42,0,42.277515
s0045,43,0,43.662308
s0045,44,0,45.52337
s0045,45,0,56.947453
s0045,46,0,40.59045
s0045,47,0,67.05022
s0045,48,0,45.515293
s0045,49,0,50.279118
s0045,50,0,48.71907
s0045,51,0,53.36433
s0045,52,0,58.570408
s0045,53,0,52.793365
s0045,54,0,52.1528
s0045,55,0,40.199852
s0045,56,0,56.159203
s0045,57,0,75.10825
s0045,58,0,62.50873
s0045,59,0,71.58804
s0045,60,0,76.93457
s0045,61,0,60.511917
s0045,62,0,62.108425
s0045,63,0,66.655945
s0045,64,0,56.656334
s0045,65,0,65.20152
s0045,66,0,75.35758
s0045,67,0,58.003654
s0045,68,0,65.95509
s0045,69,0,59.65048
s0045,70,0,61.325146
s0045,71,0,62.58339
s0045,72,0,59.7505
s0045,73,0,65.947075
s0045,74,0,78.84141
s0045,75,0,75.72712
s0045,76,0,72.16579
s0045,77,0,75.253105
s0045,78,0,61.385956
s0045,79,0,76.28149
s0045,80,0,73.80284
s0045,81,0,65.960365
s0045,82,0,66.195076
s0045,83,0,71.4691
s0045,84,0,66.34487
s0045,85,0,66.14065
s0045,86,0,61.386555
s0045,87,0,66.792175
s0045,88,0,56.14314
s0045,89,0,67.73408
s0045,90,0,49.097122
s0045,91,0,64.56479
s0045,92,0,69.39753
s0045,93,0,71.59359
s0045,94,0,72.87605
s0045,95,0,69.09733
s0046,0,0,55.811325
s0046,1,0,52.323017
s0046,2,0,43.127083
s0046,3,0,36.4561
s0046,4,0,49.653656
s0046,5,0,43.985622
s0046,6,0,49.317783
s0046,7,0,47.88961
s0046,8,0,60.871956
s0046,9,0,57.480713
s0046,10,0,54.0013
s0046,11,0,69.1148
s0046,12,0,65.56699
s0046,13,0,72.040764
s0046,14,0,71.94164
s0046,15,0,74.20092
s0046,16,0,63.91094
s0046,17,0,59.431236
s0046,18,0,64.746826
s0046,19,0,68.07616
s0046,20,0,67.980736
s0046,21,0,68.29454
s0046,22,0,63.528572
s0046,23,0,65.90367
s0046,24,0,64.31131
s0046,25,0,66.20634
s0046,26,0,66.11143
s0046,27,0,64.958466
s0046,28,0,73.71732
s0046,29,0,60.13839
s0046,30,0,65.1188
s0046,31,0,68.476524
s0046,32,0,56.323483
s0046,33,0,47.590183
s0046,34,0,53.900665
s0046,35,0,50.383167
s0046,36,0,55.1222
s0046,37,0,67.55165
s0046,38,0,47.60178
s0046,39,0,46.416695
s0046,40,0,54.73638
s0046,41,0,47.81497
s0046,42,0,45.933346
s0046,43,0,48.056957
s0046,44,0,34.9335
s0046,45,0,57.98517
s0046,46,0,44.282047
s0046,47,0,38.723305
s0046,48,0,69.79247
s0046,49,0,66.122856
s0046,50,0,35.070927
s0046,51,0,52.57667
s0046,52,0,45.196102
s0046,53,0,58.332962
s0046,54,0,49.47456
s0046,55,0,44.149933
s0046,56,0,58.71812
s0046,57,0,56.06378
s0046,58,0,64.28493
s0046,59,0,59.901535
s0046,60,0,56.701454
s0046,61,0,66.67761
s0046,62,0,69.75785
s0046,63,0,80.13841
s0046,64,0,62.804234
s0046,65,0,70.595955
s0046,66,0,69.901924
s0046,67,0,53.273056
s0046,68,0,55.676456
s0046,69,0,65.82423
s0046,70,0,60.40631
s0046,71,0,56.78175
s0046,72,0,59.301186
s0046,73,0,74.12787
s0046,74,0,84.3067
s0046,75,0,68.96385
s0046,76,0,78.806465
s0046,77,0,67.74493
s0046,78,0,80.24293
s0046,79,0,86.55332
s0046,80,0,62.88754
s0046,81,0,73.42102
s0046,82,0,63.76517
s0046,83,0,65.67634
s0046,84,0,76.816505
s0046,85,0,75.68609
s0046,86,0,74.40365
s0046,87,0,62.010143
s0046,88,0,58.63406
s0046,89,0,65.965546
s0046,90,0,57.821148
s0046,91,0,66.411476
s0046,92,0,66.51839
s0046,93,0,68.05459
s0046,94,0,68.014656
s0046,95,0,69.743004
s0047,0,0,52.767056
s0047,1,0,52.38312
s0047,2,0,44.06041
s0047,3,0,42.558445
s0047,4,0,49.906334
s0047,5,0,46.990425
s0047,6,0,55.704884
s0047,7,0,62.09537
s0047,8,0,55.47622
s0047,9,0,54.829815
s0047,10,0,49.90097
s0047,11,0,68.75288
s0047,12,0,74.76902
s0047,13,0,65.49193
s0047,14,0,67.89332
s0047,15,0,66.093475
s0047,16,0,63.055073
s0047,17,0,67.078514
s0047,18,0,55.03437
s0047,19,0,65.901115
s0047,20,0,68.23254
s0047,21,0,56.259842
s0047,22,0,53.714893
s0047,23,0,78.322235
s0047,24,0,65.633766
s0047,25,0,72.31627
s0047,26,0,61.20425
s0047,27,0,68.68448
s0047,28,0,67.31214
s0047,29,0,74.5241
s0047,30,0,62.769566
s0047,31,0,63.294487
s0047,32,0,56.733856
s0047,33,0,59.962624
s0047,34,0,48.094574
s0047,35,0,53.89937
s0047,36,0,61.976337
s0047,37,0,63.67904
s0047,38,0,55.918232
s0047,39,0,54.986015
s0047,40,0,57.75982
s0047,41,0,45.63494
s0047,42,0,64.96094
s0047,43,0,67.01132
s0047,44,0,65.61426
s0047,45,0,52.997322
s0047,46,0,35.285877
s0047,47,0,36.181236
s0047,48,0,44.659313
s0047,49,0,47.12442
s0047,50,0,36.767338
s0047,51,0,54.537735
s0047,52,0,47.742516
s0047,53,0,50.409737
s0047,54,0,40.858387
s0047,55,0,59.687252
s0047,56,0,56.188282
s0047,57,0,63.975983
s0047,58,0,56.93179
s0047,59,0,69.347855
s0047,60,0,63.5944
s0047,61,0,66.00279
s0047,62,0,82.01851
s0047,63,0,76.95444
s0047,64,0,65.48468
s0047,65,0,74.75609
s0047,66,0,76.09652
s0047,67,0,70.6423
s0047,68,0,61.53893
s0047,69,0,54.167503
s0047,70,0,56.77956
s0047,71,0,65.524536
s0047,72,0,59.77877
s0047,73,0,73.92202
s0047,74,0,68.609634
s0047,75,0,72.25578
s0047,76,0,77.05609
s0047,77,0,80.144394
s0047,78,0,70.71957
s0047,79,0,75.32341
s0047,80,0,72.999504
s0047,81,0,73.76321
s0047,82,0,81.453964
s0047,83,0,68.156166
s0047,84,0,72.387856
s0047,85,0,70.94941
s0047,86,0,68.677635
s0047,87,0,57.426113
s0047,88,0,62.383846
s0047,89,0,71.624596
s0047,90,0,69.05601
s0047,91,0,60.57448
s0047,92,0,63.7688
s0047,93,0,62.923843
s0047,94,0,73.69679
s0047,95,0,65.13933
s0048,0,0,44.724567
s0048,1,0,48.076283
s0048,2,0,40.087566
s0048,3,0,47.209488
s0048,4,0,50.929028
s0048,5,0,58.17031
s0048,6,0,46.861256
s0048,7,0,57.10386
s0048,8,0,62.641323
s0048,9,0,61.387024
s0048,10,0,55.545956
s0048,11,0,67.34901
s0048,12,0,73.10042
s0048,13,0,68.325554
s0048,14,0,68.04575
s0048,15,0,81.520294
s0048,16,0,64.6529
s0048,17,0,69.14081
s0048,18,0,67.190834
s0048,19,0,66.36141
s0048,20,0,68.13342
s0048,21,0,64.46959
s0048,22,0,59.090374
s0048,23,0,65.153435
s0048,24,0,80.28213
s0048,25,0,71.59148
s0048,26,0,68.08528
s0048,27,0,67.457596
s0048,28,0,71.920425
s0048,29,0,64.49497
s0048,30,0,63.896336
s0048,31,0,66.36538
s0048,32,0,51.854008
s0048,33,0,62.225105
s0048,34,0,45.175102
s0048,35,0,55.07601
s0048,36,0,48.130035
s0048,37,0,49.55406
s0048,38,0,49.990707
s0048,39,0,55.892384
s0048,40,0,58.753323
s0048,41,0,38.221813
s0048,42,0,57.579906
s0048,43,0,52.06285
s0048,44,0,39.462105
s0048,45,0,25.722046
s0048,46,0,37.037857
s0048,47,0,62.4551
s0048,48,0,55.072254
s0048,49,0,51.422543
s0048,50,0,39.461758
s0048,51,0,36.716644
s0048,52,0,56.703053
s0048,53,0,54.6731
s0048,54,0,63.986942
s0048,55,0,54.129807
s0048,56,0,55.399185
s0048,57,0,67.653244
s0048,58,0,66.74563
s0048,59,0,67.05343
s0048,60,0,61.14195
s0048,61,0,62.358562
s0048,62,0,77.04259
s0048,63,0,63.681084
s0048,64,0,59.38376
s0048,65,0,62.407078
s0048,66,0,76.173645
s0048,67,0,70.787445
s0048,68,0,66.64957
s0048,69,0,63.109222
s0048,70,0,54.94848
s0048,71,0,49.93843
s0048,72,0,61.562073
s0048,73,0,59.714138
s0048,74,0,70.62002
s0048,75,0,61.161835
s0048,76,0,69.70367
s0048,77,0,68.04613
s0048,78,0,71.91157
s0048,79,0,64.34007
s0048,80,0,78.21948
s0048,81,0,78.940674
s0048,82,0,65.50773
s0048,83,0,66.167336
s0048,84,0,66.31063
s0048,85,0,70.4174
s0048,86,0,72.95255
s0048,87,0,59.256382
s0048,88,0,63.381397
s0048,89,0,53.81468
s0048,90,0,58.12537
s0048,91,0,76.129585
s0048,92,0,63.930782
s0048,93,0,74.074
s0048,94,0,73.41165
s0048,95,0,72.462425
s0049,0,0,56.134304
s0049,1,0,52.709984
s0049,2,0,35.06272
s0049,3,0,49.613636
s0049,4,0,60.76581
s0049,5,0,55.621136
s0049,6,0,54.664894
s0049,7,0,54.478252
s0049,8,0,65.82989
s0049,9,0,53.777557
s0049,10,0,55.046124
s0049,11,0,70.54836
s0049,12,0,66.19046
s0049,13,0,64.56754
s0049,14,0,63.780956
s0049,15,0,66.08529
s0049,16,0,63.49096
s0049,17,0,67.6419
s0049,18,0,67.522026
s0049,19,0,65.251686
s0049,20,0,60.99194
s0049,21,0,71.23737
s0049,22,0,65.23827
s0049,23,0,74.78994
s0049,24,0,74.1563
s0049,25,0,63.783318
s0049,26,0,71.89654
s0049,27,0,64.001015
s0049,28,0,72.16056
s0049,29,0,61.793762
s0049,30,0,54.68234
s0049,31,0,55.91638
s0049,32,0,62.396637
s0049,33,0,57.532207
s0049,34,0,51.14666
s0049,35,0,56.964214
s0049,36,0,65.369064
s0049,37,0,55.938065
s0049,38,0,51.670906
s0049,39,0,58.80507
s0049,40,0,62.09434
s0049,41,0,45.988636
s0049,42,0,27.107574
s0049,43,0,61.10116
s0049,44,0,49.32405
s0049,45,0,66.19099
s0049,46,0,28.252426
s0049,47,0,70.35819
s0049,48,0,61.73473
s0049,49,0,51.917915
s0049,50,0,47.218464
s0049,51,0,55.519917
s0049,52,0,48.256634
s0049,53,0,53.88411
s0049,54,0,57.714798
s0049,55,0,59.875843
s0049,56,0,52.75973
s0049,57,0,72.75512
s0049,58,0,59.420948
s0049,59,0,68.900604
s0049,60,0,56.396927
s0049,61,0,55.203957
s0049,62,0,62.881115
s0049,63,0,77.62858
s0049,64,0,62.46233
s0049,65,0,63.79364
s0049,66,0,62.398354
s0049,67,0,55.80345
s0049,68,0,71.32861
s0049,69,0,63.681034
s0049,70,0,64.7599
s0049,71,0,66.18366
s0049,72,0,71.28278
s0049,73,0,66.2797
s0049,74,0,80.69794
s0049,75,0,78.71266
s0049,76,0,72.55454
s0049,77,0,66.48411
s0049,78,0,74.65434
s0049,79,0,83.74857
s0049,80,0,79.475235
s0049,81,0,67.63099
s0049,82,0,62.50655
s0049,83,0,63.790638
s0049,84,0,59.555897
s0049,85,0,64.993484
s0049,86,0,67.046295
s0049,87,0,53.873573
s0049,88,0,54.270298
s0049,89,0,65.68248
s0049,90,0,58.90576
s0049,91,0,67.76543
s0049,92,0,66.54103
s0049,93,0,65.65449
s0049,94,0,69.97982
s0049,95,0,65.171
s0050,0,0,57.27849
s0050,1,0,49.695904
s0050,2,0,53.245506
s0050,3,0,49.17507
s0050,4,0,48.037994
s0050,5,0,46.154953
s0050,6,0,51.084137
s0050,7,0,58.16779
s0050,8,0,60.190205
s0050,9,0,51.55391
s0050,10,0,57.79033
s0050,11,0,64.12227
s0050,12,0,81.26307
s0050,13,0,66.67273
s0050,14,0,66.711464
s0050,15,0,74.40747
s0050,16,0,67.50007
s0050,17,0,65.134056
s0050,18,0,64.59643
s0050,19,0,65.5845
s0050,20,0,67.0631
s0050,21,0,69.20441
s0050,22,0,64.690155
s0050,23,0,68.36407
s0050,24,0,67.54059
s0050,25,0,69.48747
s0050,26,0,69.6642
s0050,27,0,63.973316
s0050,28,0,54.428192
s0050,29,0,76.44654
s0050,30,0,45.723053
s0050,31,0,67.21799
s0050,32,0,62.39535
s0050,33,0,56.79733
s0050,34,0,53.46876
s0050,35,0,56.090733
s0050,36,0,53.03238
s0050,37,0,58.5591
s0050,38,0,53.274513
s0050,39,0,51.17815
s0050,40,0,56.029305
s0050,41,0,45.56525
s0050,42,0,36.787548
s0050,43,0,46.33751
s0050,44,0,56.567715
s0050,45,0,46.48475
s0050,46,0,33.110317
s0050,47,0,41.314983
s0050,48,0,74.00676
s0050,49,0,55.679638
s0050,50,0,33.47959
s0050,51,0,59.651546
s0050,52,0,45.036625
s0050,53,0,47.013615
s0050,54,0,54.640675
s0050,55,0,58.190456
s0050,56,0,54.215477
s0050,57,0,65.71702
s0050,58,0,57.334995
s0050,59,0,73.10412
s0050,60,0,60.82108
s0050,61,0,57.660545
s0050,62,0,70.13518
s0050,63,0,71.276764
s0050,64,0,67.76125
s0050,65,0,60.8014
s0050,66,0,73.35754
s0050,67,0,60.606113
s0050,68,0,70.95529
s0050,69,0,73.933044
s0050,70,0,57.39212
s0050,71,0,70.02478
s0050,72,0,61.2706
s0050,73,0,66.287766
s0050,74,0,75.15784
s0050,75,0,79.79963
s0050,76,0,79.971375
s0050,77,0,70.83596
s0050,78,0,69.00425
s0050,79,0,74.50663
s0050,80,0,72.093414
s0050,81,0,76.026306
s0050,82,0,75.30859
s0050,83,0,62.075325
s0050,84,0,69.25517
s0050,85,0,69.61012
s0050,86,0,63.475708
s0050,87,0,67.04793
s0050,88,0,64.91422
s0050,89,0,59.57286
s0050,90,0,57.72388
s0050,91,0,75.04088
s0050,92,0,66.93747
s0050,93,0,81.239204
s0050,94,0,69.47305
s0050,95,0,66.29233
s0051,0,0,59.186413
s0051,1,0,44.44511
s0051,2,0,45.767982
s0051,3,0,54.933434
s0051,4,0,51.82491
s0051,5,0,44.807903
s0051,6,0,50.31789
s0051,7,0,67.56159
s0051,8,0,54.536438
s0051,9,0,57.319736
s0051,10,0,52.141598
s0051,11,0,59.93139
s0051,12,0,63.194885
s0051,13,0,61.292377
s0051,14,0,74.56921
s0051,15,0,78.84957
s0051,16,0,66.633766
s0051,17,0,71.143364
s0051,18,0,63.375195
s0051,19,0,67.20741
s0051,20,0,76.074356
s0051,21,0,61.86348
s0051,22,0,54.550518
s0051,23,0,68.829796
s0051,24,0,66.46836
s0051,25,0,65.634995
s0051,26,0,62.811203
s0051,27,0,66.34482
s0051,28,0,69.38379
s0051,29,0,71.3956
s0051,30,0,58.627323
s0051,31,0,67.452034
s0051,32,0,56.12896
s0051,33,0,48.415195
s0051,34,0,47.4496
s0051,35,0,59.33425
s0051,36,0,39.750748
s0051,37,0,56.52379
s0051,38,0,66.864746
s0051,39,0,56.157284
s0051,40,0,66.039444
s0051,41,0,42.42808
s0051,42,0,34.635784
s0051,43,0,28.134628
s0051,44,0,39.11588
s0051,45,0,48.864876
s0051,46,0,31.061974
s0051,47,0,35.066113
s0051,48,0,56.476078
s0051,49,0,46.391
s0051,50,0,40.761425
s0051,51,0,61.42903
s0051,52,0,45.037174
s0051,53,0,69.786064
s0051,54,0,57.409576
s0051,55,0,53.228245
s0051,56,0,55.456543
s0051,57,0,46.431343
s0051,58,0,59.785515
s0051,59,0,64.91973
s0051,60,0,62.646076
s0051,61,0,67.16127
s0051,62,0,76.05179
s0051,63,0,70.829025
s0051,64,0,73.66868
s0051,65,0,55.974075
s0051,66,0,71.444786
s0051,67,0,63.68983
s0051,68,0,68.318016
s0051,69,0,57.1012
s0051,70,0,60.884727
s0051,71,0,60.16795
s0051,72,0,53.040043
s0051,73,0,75.17519
s0051,74,0,69.622444
s0051,75,0,78.7994
s0051,76,0,71.866196
s0051,77,0,82.084496
s0051,78,0,74.89597
s0051,79,0,71.38185
s0051,80,0,75.982704
s0051,81,0,70.072754
s0051,82,0,67.94081
s0051,83,0,66.92618
s0051,84,0,67.856255
s0051,85,0,77.979164
s0051,86,0,73.062675
s0051,87,0,67.342926
s0051,88,0,61.66084
s0051,89,0,61.963345
s0051,90,0,46.748135
s0051,91,0,59.398537
s0051,92,0,66.41995
s0051,93,0,70.818405
s0051,94,0,70.63945
s0051,95,0,74.34868
s0052,0,0,56.042393
s0052,1,0,52.19884
s0052,2,0,37.454258
s0052,3,0,50.819393
s0052,4,0,56.70093
s0052,5,0,59.03028
s0052,6,0,59.30331
s0052,7,0,62.389603
s0052,8,0,63.83507
s0052,9,0,59.63012
s0052,10,0,58.147602
s0052,11,0,71.75411
s0052,12,0,68.33928
s0052,13,0,58.428814
s0052,14,0,72.19176
s0052,15,0,66.593636
s0052,16,0,53.142303
s0052,17,0,66.98725
s0052,18,0,59.149708
s0052,19,0,65.9751
s0052,20,0,76.545135
s0052,21,0,62.103413
s0052,22,0,52.62239
s0052,23,0,74.00588
s0052,24,0,74.34219
s0052,25,0,60.353912
s0052,26,0,77.94859
s0052,27,0,64.36285
s0052,28,0,70.64029
s0052,29,0,62.81182
s0052,30,0,51.764538
s0052,31,0,59.319424
s0052,32,0,60.729702
s0052,33,0,53.022953
s0052,34,0,54.38532
s0052,35,0,53.473717
s0052,36,0,53.803947
s0052,37,0,55.478844
s0052,38,0,66.57092
s0052,39,0,53.18073
s0052,40,0,60.583263
s0052,41,0,55.91494
s0052,42,0,65.52071
s0052,43,0,32.223343
s0052,44,0,68.64164
s0052,45,0,43.794033
s0052,46,0,43.30072
s0052,47,0,66.366425
s0052,48,0,67.05626
s0052,49,0,40.137577
s0052,50,0,44.65238
s0052,51,0,56.81664
s0052,52,0,53.025814
s0052,53,0,60.52876
s0052,54,0,56.847366
s0052,55,0,61.003242
s0052,56,0,51.740955
s0052,57,0,61.600258
s0052,58,0,58.771698
s0052,59,0,59.850025
s0052,60,0,57.07025
s0052,61,0,62.723522
s0052,62,0,64.3811
s0052,63,0,70.66056
s0052,64,0,62.547413
s0052,65,0,67.625305
s0052,66,0,65.02965
s0052,67,0,68.72731
s0052,68,0,78.31156
s0052,69,0,68.83014
s0052,70,0,58.394463
s0052,71,0,57.23713
s0052,72,0,66.58324
s0052,73,0,74.27746
s0052,74,0,64.79745
s0052,75,0,74.788605
s0052,76,0,65.362816
s0052,77,0,79.912025
s0052,78,0,71.420654
s0052,79,0,72.65529
s0052,80,0,68.21297
s0052,81,0,72.96197
s0052,82,0,60.162636
s0052,83,0,66.13641
s0052,84,0,68.76585
s0052,85,0,77.1826
s0052,86,0,66.88889
s0052,87,0,69.214294
s0052,88,0,64.33088
s0052,89,0,57.070972
s0052,90,0,60.555096
s0052,91,0,66.27016
s0052,92,0,67.62624
s0052,93,0,67.15201
s0052,94,0,75.89208
s0052,95,0,60.355503
s0053,0,0,51.542854
s0053,1,0,59.92691
s0053,2,0,42.21361
s0053,3,0,59.052235
s0053,4,0,57.178528
s0053,5,0,56.452213
s0053,6,0,50.221798
s0053,7,0,57.36577
s0053,8,0,58.417637
s0053,9,0,62.81675
s0053,10,0,60.161762
s0053,11,0,71.780876
s0053,12,0,70.30812
s0053,13,0,70.55966
s0053,14,0,62.746296
s0053,15,0,69.9596
s0053,16,0,68.27325
s0053,17,0,65.62409
s0053,18,0,62.948246
s0053,19,0,66.42285
s0053,20,0,63.00971
s0053,21,0,68.007576
s0053,22,0,63.72506
s0053,23,0,68.65884
s0053,24,0,58.59275
s0053,25,0,74.205246
s0053,26,0,66.381325
s0053,27,0,57.90517
s0053,28,0,76.20121
s0053,29,0,65.47443
s0053,30,0,56.18003
s0053,31,0,61.15966
s0053,32,0,69.399666
s0053,33,0,60.00842
s0053,34,0,48.676796
s0053,35,0,61.118538
s0053,36,0,59.912704
s0053,37,0,58.963463
s0053,38,0,59.758194
s0053,39,0,38.21475
s0053,40,0,61.14067
s0053,41,0,51.394802
s0053,42,0,28.351622
s0053,43,0,46.50256
s0053,44,0,56.616352
s0053,45,0,32.178722
s0053,46,0,52.876842
s0053,47,0,50.37531
s0053,48,0,67.45832
s0053,49,0,59.840332
s0053,50,0,40.350307
s0053,51,0,36.185783
s0053,52,0,51.94919
s0053,53,0,60.1276
s0053,54,0,60.658173
s0053,55,0,53.566643
s0053,56,0,46.75565
s0053,57,0,62.55436
s0053,58,0,59.72185
s0053,59,0,60.93908
s0053,60,0,57.97632
s0053,61,0,68.60631
s0053,62,0,69.80335
s0053,63,0,58.946846
s0053,64,0,68.449486
s0053,65,0,77.81116
s0053,66,0,69.39743
s0053,67,0,60.007267
s0053,68,0,58.72813
s0053,69,0,63.129833
s0053,70,0,51.158077
s0053,71,0,63.227425
s0053,72,0,49.747917
s0053,73,0,67.95647
s0053,74,0,77.389946
s0053,75,0,73.162796
s0053,76,0,75.9529
s0053,77,0,73.50718
s0053,78,0,78.179985
s0053,79,0,69.722
s0053,80,0,87.80222
s0053,81,0,70.81471
s0053,82,0,68.13283
s0053,83,0,68.62309
s0053,84,0,63.376934
s0053,85,0,77.33845
s0053,86,0,65.44645
s0053,87,0,71.25361
s0053,88,0,67.457466
s0053,89,0,65.7069
s0053,90,0,61.54373
s0053,91,0,64.65637
s0053,92,0,65.04969
s0053,93,0,72.02563
s0053,94,0,72.280754
s0053,95,0,67.32236
s0054,0,0,56.790604
s0054,1,0,49.49183
s0054,2,0,44.622047
s0054,3,0,46.044296
s0054,4,0,40.997833
s0054,5,0,55.14109
s0054,6,0,46.72944
s0054,7,0,58.480892
s0054,8,0,62.599094
s0054,9,0,59.287296
s0054,10,0,62.0395
s0054,11,0,54.61763
s0054,12,0,73.413895
s0054,13,0,65.53432
s0054,14,0,63.916515
s0054,15,0,66.55515
s0054,16,0,68.95347
s0054,17,0,62.353363
s0054,18,0,58.302174
s0054,19,0,65.55471
s0054,20,0,71.79362
s0054,21,0,68.33156
s0054,22,0,69.65342
s0054,23,0,59.177757
s0054,24,0,63.592564
s0054,25,0,73.10472
s0054,26,0,72.69384
s0054,27,0,68.93525
s0054,28,0,61.6747
s0054,29,0,73.4068
s0054,30,0,56.18253
s0054,31,0,62.834404
s0054,32,0,54.56365
s0054,33,0,61.49213
s0054,34,0,41.08766
s0054,35,0,55.2953
s0054,36,0,45.826057
s0054,37,0,65.92891
s0054,38,0,58.881313
s0054,39,0,46.118164
s0054,40,0,55.005615
s0054,41,0,35.65953
s0054,42,0,51.734436
s0054,43,0,60.342697
s0054,44,0,55.571396
s0054,45,0,46.420116
s0054,46,0,59.187336
s0054,47,0,24.787916
s0054,48,0,58.27189
s0054,49,0,45.314835
s0054,50,0,62.172527
s0054,51,0,39.202667
s0054,52,0,41.74683
s0054,53,0,48.53587
s0054,54,0,69.579346
s0054,55,0,60.57042
s0054,56,0,61.88847
s0054,57,0,65.62342
s0054,58,0,52.976982
s0054,59,0,68.08474
s0054,60,0,52.933884
s0054,61,0,58.14817
s0054,62,0,67.836876
s0054,63,0,73.19665
s0054,64,0,67.55206
s0054,65,0,72.377945
s0054,66,0,74.907074
s0054,67,0,70.599815
s0054,68,0,66.33677
s0054,69,0,62.052425
s0054,70,0,49.158047
s0054,71,0,58.61122
s0054,72,0,58.0793
s0054,73,0,77.19283
s0054,74,0,77.840706
s0054,75,0,73.82303
s0054,76,0,65.728165
s0054,77,0,70.839874
s0054,78,0,63.992947
s0054,79,0,72.36359
s0054,80,0,78.146805
s0054,81,0,68.72112
s0054,82,0,62.402718
s0054,83,0,65.68978
s0054,84,0,68.943756
s0054,85,0,71.957825
s0054,86,0,64.04108
s0054,87,0,58.603954
s0054,88,0,54.16545
s0054,89,0,59.749397
s0054,90,0,55.93877
s0054,91,0,68.71615
s0054,92,0,64.504234
s0054,93,0,64.747765
s0054,94,0,72.18509
s0054,95,0,73.398415
s0055,0,0,55.672318
s0055,1,0,41.83318
s0055,2,0,43.835693
s0055,3,0,47.215942
s0055,4,0,57.641666
s0055,5,0,51.105526
s0055,6,0,48.411713
s0055,7,0,56.89606
s0055,8,0,53.61634
s0055,9,0,55.76323
s0055,10,0,66.17874
s0055,11,0,60.06476
s0055,12,0,67.543686
s0055,13,0,70.86399
s0055,14,0,79.74645
s0055,15,0,68.247635
s0055,16,0,61.36887
s0055,17,0,68.15247
s0055,18,0,67.05891
s0055,19,0,60.10563
s0055,20,0,63.568714
s0055,21,0,70.37005
s0055,22,0,63.238335
s0055,23,0,67.111404
s0055,24,0,73.50855
s0055,25,0,71.567
s0055,26,0,68.451416
s0055,27,0,69.95533
s0055,28,0,65.96152
s0055,29,0,68.62945
s0055,30,0,45.02981
s0055,31,0,68.38203
s0055,32,0,62.41203
s0055,33,0,58.70958
s0055,34,0,53.868607
s0055,35,0,49.514862
s0055,36,0,51.657173
s0055,37,0,49.897915
s0055,38,0,47.918697
s0055,39,0,42.22519
s0055,40,0,63.132397
s0055,41,0,45.528694
s0055,42,0,37.338657
s0055,43,0,45.96372
s0055,44,0,72.19843
s0055,45,0,33.54326
s0055,46,0,22.67021
s0055,47,0,28.693527
s0055,48,0,43.671333
s0055,49,0,34.706905
s0055,50,0,45.64071
s0055,51,0,61.758404
s0055,52,0,49.584923
s0055,53,0,54.49165
s0055,54,0,47.97619
s0055,55,0,55.410988
s0055,56,0,58.05028
s0055,57,0,61.524868
s0055,58,0,50.500267
s0055,59,0,67.62782
s0055,60,0,67.14781
s0055,61,0,63.517437
s0055,62,0,73.96036
s0055,63,0,68.354645
s0055,64,0,68.37712
s0055,65,0,58.17192
s0055,66,0,69.18701
s0055,67,0,58.438774
s0055,68,0,68.97121
s0055,69,0,57.35791
s0055,70,0,57.153236
s0055,71,0,49.90196
s0055,72,0,56.84098
s0055,73,0,76.57872
s0055,74,0,77.71413
s0055,75,0,64.23204
s0055,76,0,73.227
s0055,77,0,73.27174
s0055,78,0,64.672005
s0055,79,0,77.88121
s0055,80,0,75.832924
s0055,81,0,68.80592
s0055,82,0,65.895546
s0055,83,0,63.773003
s0055,84,0,73.17081
s0055,85,0,69.8042
s0055,86,0,65.74212
s0055,87,0,62.19068
s0055,88,0,58.92097
s0055,89,0,59.096764
s0055,90,0,57.25712
s0055,91,0,68.22666
s0055,92,0,55.981968
s0055,93,0,67.59195
s0055,94,0,64.81041
s0055,95,0,78.01588
s0056,0,0,50.86437
s0056,1,0,48.59421
s0056,2,0,45.942245
s0056,3,0,46.758213
s0056,4,0,50.537262
s0056,5,0,51.862595
s0056,6,0,58.52885
s0056,7,0,66.75841
s0056,8,0,53.542465
s0056,9,0,60.944576
s0056,10,0,63.03447
s0056,11,0,55.225925
s0056,12,0,63.616463
s0056,13,0,71.46974
s0056,14,0,66.62776
s0056,15,0,71.97784
s0056,16,0,65.14422
s0056,17,0,72.0068
s0056,18,0,58.546318
s0056,19,0,63.35442
s0056,20,0,59.721466
s0056,21,0,65.650665
s0056,22,0,68.730225
s0056,23,0,74.11343
s0056,24,0,65.75701
s0056,25,0,65.40475
s0056,26,0,70.36707
s0056,27,0,66.40023
s0056,28,0,77.83819
s0056,29,0,65.69658
s0056,30,0,49.63026
s0056,31,0,58.243176
s0056,32,0,66.2264
s0056,33,0,57.37894
s0056,34,0,55.211838
s0056,35,0,36.281334
s0056,36,0,66.13724
s0056,37,0,52.584038
s0056,38,0,62.697422
s0056,39,0,37.56387
s0056,40,0,40.066883
s0056,41,0,42.643887
s0056,42,0,47.960247
s0056,43,0,55.03491
s0056,44,0,57.309345
s0056,45,0,41.780132
s0056,46,0,53.65775
s0056,47,0,29.79683
s0056,48,0,23.64418
s0056,49,0,44.283886
s0056,50,0,41.93762
s0056,51,0,53.17128
s0056,52,0,47.36509
s0056,53,0,51.39002
s0056,54,0,62.860306
s0056,55,0,55.011913
s0056,56,0,64.39596
s0056,57,0,66.86414
s0056,58,0,53.724125
s0056,59,0,57.299015
s0056,60,0,54.278706
s0056,61,0,64.12296
s0056,62,0,72.72544
s0056,63,0,74.14353
s0056,64,0,59.614304
s0056,65,0,60.61646
s0056,66,0,76.09623
s0056,67,0,61.368645
s0056,68,0,74.20977
s0056,69,0,61.785797
s0056,70,0,57.24822
s0056,71,0,58.34034
s0056,72,0,57.425587
s0056,73,0,59.464226
s0056,74,0,84.76149
s0056,75,0,76.801254
s0056,76,0,74.339676
s0056,77,0,69.68349
s0056,78,0,70.72355
s0056,79,0,77.70963
s0056,80,0,81.45394
s0056,81,0,74.11484
s0056,82,0,71.38451
s0056,83,0,70.4632
s0056,84,0,64.673744
s0056,85,0,72.67256
s0056,86,0,78.05573
s0056,87,0,63.48
s0056,88,0,67.33667
s0056,89,0,57.778202
s0056,90,0,61.908787
s0056,91,0,72.07081
s0056,92,0,61.424843
s0056,93,0,74.23789
s0056,94,0,71.39108
s0056,95,0,66.86803
s0057,0,0,48.589638
s0057,1,0,45.61203
s0057,2,0,47.703575
s0057,3,0,51.503834
s0057,4,0,39.066807
s0057,5,0,49.632706
s0057,6,0,54.94837
s0057,7,0,60.09647
s0057,8,0,59.1415
s0057,9,0,54.608677
s0057,10,0,65.26367
s0057,11,0,71.07196
s0057,12,0,62.895416
s0057,13,0,70.38328
s0057,14,0,71.979126
s0057,15,0,70.9334
s0057,16,0,71.25895
s0057,17,0,57.089485
s0057,18,0,63.17393
s0057,19,0,73.0759
s0057,20,0,65.01312
s0057,21,0,66.80333
s0057,22,0,72.732834
s0057,23,0,63.279766
s0057,24,0,73.26586
s0057,25,0,64.596535
s0057,26,0,57.061832
s0057,27,0,57.58047
s0057,28,0,77.69182
s0057,29,0,75.11196
s0057,30,0,67.60739
s0057,31,0,59.17459
s0057,32,0,59.36826
s0057,33,0,55.17275
s0057,34,0,55.00925
s0057,35,0,55.397278
s0057,36,0,55.003407
s0057,37,0,46.208813
s0057,38,0,48.012646
s0057,39,0,42.52491
s0057,40,0,58.245777
s0057,41,0,34.75224
s0057,42,0,47.5612
s0057,43,0,47.65865
s0057,44,0,55.42194
s0057,45,0,61.552437
s0057,46,0,29.84794
s0057,47,0,22.437393
s0057,48,0,42.4348
s0057,49,0,55.03761
s0057,50,0,52.56536
s0057,51,0,54.946705
s0057,52,0,47.87603
s0057,53,0,48.64254
s0057,54,0,46.816154
s0057,55,0,66.49953
s0057,56,0,56.942493
s0057,57,0,66.224236
s0057,58,0,62.108627
s0057,59,0,67.122215
s0057,60,0,51.24512
s0057,61,0,60.27507
s0057,62,0,72.17375
s0057,63,0,74.82212
s0057,64,0,63.73602
s0057,65,0,70.87734
s0057,66,0,63.318367
s0057,67,0,54.55877
s0057,68,0,62.902584
s0057,69,0,70.45695
s0057,70,0,60.98315
s0057,71,0,57.377712
s0057,72,0,70.35611
s0057,73,0,75.30954
s0057,74,0,64.48948
s0057,75,0,65.6463
s0057,76,0,74.774254
s0057,77,0,69.182495
s0057,78,0,75.7115
s0057,79,0,63.65527
s0057,80,0,69.59988
s0057,81,0,70.99441
s0057,82,0,63.006912
s0057,83,0,69.53513
s0057,84,0,63.493374
s0057,85,0,73.03762
s0057,86,0,74.539856
s0057,87,0,65.4327
s0057,88,0,57.04935
s0057,89,0,61.3018
s0057,90,0,55.23882
s0057,91,0,64.55311
s0057,92,0,65.3847
s0057,93,0,78.873405
s0057,94,0,63.85531
s0057,95,0,71.85621
s0058,0,0,61.496685
s0058,1,0,48.710526
s0058,2,0,46.33441
s0058,3,0,52.785454
s0058,4,0,53.380657
s0058,5,0,51.70262
s0058,6,0,44.713337
s0058,7,0,46.05318
s0058,8,0,64.83268
s0058,9,0,51.774254
s0058,10,0,58.57829
s0058,11,0,65.10463
s0058,12,0,69.94741
s0058,13,0,73.86729
s0058,14,0,77.04536
s0058,15,0,72.59616
s0058,16,0,66.155304
s0058,17,0,62.54677
s0058,18,0,63.41293
s0058,19,0,65.37609
s0058,20,0,66.5133
s0058,21,0,74.159256
s0058,22,0,59.605263
s0058,23,0,63.965683
s0058,24,0,74.770226
s0058,25,0,71.260635
s0058,26,0,58.91334
s0058,27,0,70.29109
s0058,28,0,62.564198
s0058,29,0,69.82108
s0058,30,0,52.54517
s0058,31,0,64.94004
s0058,32,0,59.579304
s0058,33,0,56.284134
s0058,34,0,57.508976
s0058,35,0,54.89644
s0058,36,0,48.191536
s0058,37,0,57.722847
s0058,38,0,66.46993
s0058,39,0,59.19586
s0058,40,0,64.03418
s0058,41,0,52.375195
s0058,42,0,50.52509
s0058,43,0,55.272285
s0058,44,0,41.94712
s0058,45,0,60.30449
s0058,46,0,46.86449
s0058,47,0,47.386955
s0058,48,0,56.803226
s0058,49,0,41.14665
s0058,50,0,39.918957
s0058,51,0,53.66161
s0058,52,0,38.986275
s0058,53,0,62.23534
s0058,54,0,48.74244
s0058,55,0,58.19309
s0058,56,0,52.24579
s0058,57,0,59.37867
s0058,58,0,57.88896
s0058,59,0,64.234924
s0058,60,0,60.923126
s0058,61,0,67.38187
s0058,62,0,74.2657
s0058,63,0,66.82533
s0058,64,0,66.1854
s0058,65,0,65.4683
s0058,66,0,81.202194
s0058,67,0,61.28756
s0058,68,0,63.686882
s0058,69,0,70.31191
s0058,70,0,48.831787
s0058,71,0,63.168
s0058,72,0,56.823746
s0058,73,0,68.29414
s0058,74,0,74.299835
s0058,75,0,67.89124
s0058,76,0,66.38407
s0058,77,0,72.02211
s0058,78,0,74.64296
s0058,79,0,89.21447
s0058,80,0,83.40733
s0058,81,0,74.848755
s0058,82,0,71.86887
s0058,83,0,68.107315
s0058,84,0,55.198364
s0058,85,0,70.09441
s0058,86,0,67.27743
s0058,87,0,64.44185
s0058,88,0,62.811085
s0058,89,0,76.431625
s0058,90,0,54.9002
s0058,91,0,76.59519
s0058,92,0,67.628654
s0058,93,0,83.929794
s0058,94,0,72.43006
s0058,95,0,62.14311
s0059,0,0,51.169693
s0059,1,0,60.79705
s0059,2,0,52.76275
s0059,3,0,42.92835
s0059,4,0,58.305294
s0059,5,0,48.707066
s0059,6,0,48.04405
s0059,7,0,55.83475
s0059,8,0,51.122654
s0059,9,0,62.124733
s0059,10,0,72.03107
s0059,11,0,61.369392
s0059,12,0,73.81783
s0059,13,0,66.935875
s0059,14,0,71.21534
s0059,15,0,71.01688
s0059,16,0,68.853004
s0059,17,0,56.74084
s0059,18,0,67.357864
s0059,19,0,62.502934
s0059,20,0,67.40064
s0059,21,0,66.28548
s0059,22,0,66.577484
s0059,23,0,62.38212
s0059,24,0,63.469807
s0059,25,0,54.99143
s0059,26,0,63.925964
s0059,27,0,57.303467
s0059,28,0,72.7533
s0059,29,0,63.865734
s0059,30,0,57.179195
s0059,31,0,66.09867
s0059,32,0,59.288296
s0059,33,0,58.80837
s0059,34,0,49.551582
s0059,35,0,49.102757
s0059,36,0,52.82069
s0059,37,0,49.051823
s0059,38,0,64.01873
s0059,39,0,63.19422
s0059,40,0,63.495888
s0059,41,0,60.280163
s0059,42,0,58.47538
s0059,43,0,49.46007
s0059,44,0,59.110104
s0059,45,0,27.010454
s0059,46,0,20.131351
s0059,47,0,50.159847
s0059,48,0,49.79654
s0059,49,0,56.169296
s0059,50,0,44.82318
s0059,51,0,36.792587
s0059,52,0,45.391045
s0059,53,0,66.16008
s0059,54,0,43.58386
s0059,55,0,45.80899
s0059,56,0,55.794365
s0059,57,0,71.12108
s0059,58,0,51.715153
s0059,59,0,61.819443
s0059,60,0,66.89679
s0059,61,0,54.619617
s0059,62,0,72.48523
s0059,63,0,74.32124
s0059,64,0,64.83671
s0059,65,0,72.289345
s0059,66,0,68.26438
s0059,67,0,54.80787
s0059,68,0,64.9524
s0059,69,0,61.55231
s0059,70,0,56.638214
s0059,71,0,53.170948
s0059,72,0,59.73463
s0059,73,0,68.3104
s0059,74,0,74.85986
s0059,75,0,72.134636
s0059,76,0,71.2743
s0059,77,0,74.367004
s0059,78,0,71.550156
s0059,79,0,74.74083
s0059,80,0,82.8273
s0059,81,0,70.99039
s0059,82,0,63.378
s0059,83,0,63.865532
s0059,84,0,69.31173
s0059,85,0,69.34998
s0059,86,0,64.90173
s0059,87,0,54.571507
s0059,88,0,62.822742
s0059,89,0,59.724308
s0059,90,0,54.232502
s0059,91,0,62.479553
s0059,92,0,74.73225
s0059,93,0,62.9322
s0059,94,0,65.83842
s0059,95,0,70.850174
s0060,0,0,61.28054
s0060,1,0,39.08649
s0060,2,0,44.547714
s0060,3,0,49.178383
s0060,4,0,46.943665
s0060,5,0,45.080086
s0060,6,0,58.56778
s0060,7,0,54.13023
s0060,8,0,59.056698
s0060,9,0,58.500282
s0060,10,0,63.614223
s0060,11,0,55.5793
s0060,12,0,68.298706
s0060,13,0,64.84203
s0060,14,0,62.536293
s0060,15,0,75.04461
s0060,16,0,63.291428
s0060,17,0,73.623
s0060,18,0,62.38324
s0060,19,0,61.51969
s0060,20,0,69.562744
s0060,21,0,64.41123
s0060,22,0,59.739166
s0060,23,0,75.97125
s0060,24,0,71.36299
s0060,25,0,73.795074
s0060,26,0,78.53599
s0060,27,0,60.78495
s0060,28,0,73.79096
s0060,29,0,58.614136
s0060,30,0,64.44723
s0060,31,0,61.280373
s0060,32,0,61.147125
s0060,33,0,53.936863
s0060,34,0,66.531334
s0060,35,0,52.339016
s0060,36,0,54.690567
s0060,37,0,47.987953
s0060,38,0,58.091343
s0060,39,0,31.083807
s0060,40,0,62.111332
s0060,41,0,36.88696
s0060,42,0,52.57844
s0060,43,0,50.036346
s0060,44,0,71.90518
s0060,45,0,54.647552
s0060,46,0,49.82597
s0060,47,0,54.59287
s0060,48,0,28.230663
s0060,49,0,50.04581
s0060,50,0,51.852215
s0060,51,0,54.721695
s0060,52,0,68.625465
s0060,53,0,43.073658
s0060,54,0,50.457653
s0060,55,0,66.302605
s0060,56,0,61.555904
s0060,57,0,57.496223
s0060,58,0,49.94311
s0060,59,0,73.71708
s0060,60,0,58.815323
s0060,61,0,69.83534
s0060,62,0,71.194336
s0060,63,0,76.48344
s0060,64,0,57.773434
s0060,65,0,65.566376
s0060,66,0,59.08386
s0060,67,0,67.56211
s0060,68,0,74.916794
s0060,69,0,65.16027
s0060,70,0,59.35193
s0060,71,0,66.722046
s0060,72,0,58.021782
s0060,73,0,73.44344
s0060,74,0,76.45632
s0060,75,0,76.9365
s0060,76,0,69.74506
s0060,77,0,74.441925
s0060,78,0,72.78015
s0060,79,0,75.71103
s0060,80,0,71.13931
s0060,81,0,75.494835
s0060,82,0,56.66531
s0060,83,0,66.88495
s0060,84,0,61.645855
s0060,85,0,74.65979
s0060,86,0,51.667595
s0060,87,0,55.996105
s0060,88,0,66.61554
s0060,89,0,56.498474
s0060,90,0,54.55507
s0060,91,0,85.25486
s0060,92,0,60.079727
s0060,93,0,56.438793
s0060,94,0,60.956924
s0060,95,0,71.37362
s0061,0,0,60.56218
s0061,1,0,48.769173
s0061,2,0,52.793446
s0061,3,0,37.735508
s0061,4,0,61.076035
s0061,5,0,67.2577
s0061,6,0,47.257797
s0061,7,0,61.47839
s0061,8,0,56.347977
s0061,9,0,53.352776
s0061,10,0,62.26489
s0061,11,0,58.05433
s0061,12,0,74.09283
s0061,13,0,57.68406
s0061,14,0,63.280643
s0061,15,0,72.30109
s0061,16,0,62.4874
s0061,17,0,57.12181
s0061,18,0,57.32332
s0061,19,0,76.528625
s0061,20,0,64.7767
s0061,21,0,59.61549
s0061,22,0,57.091434
s0061,23,0,66.61997
s0061,24,0,69.08954
s0061,25,0,61.568325
s0061,26,0,71.89884
s0061,27,0,58.893036
s0061,28,0,76.071266
s0061,29,0,67.02269
s0061,30,0,57.841278
s0061,31,0,60.189102
s0061,32,0,59.350193
s0061,33,0,60.905697
s0061,34,0,57.632656
s0061,35,0,50.694454
s0061,36,0,64.23638
s0061,37,0,52.801525
s0061,38,0,57.991024
s0061,39,0,71.89119
s0061,40,0,48.659492
s0061,41,0,55.103336
s0061,42,0,55.49035
s0061,43,0,26.48649
s0061,44,0,63.20545
s0061,45,0,43.05736
s0061,46,0,45.990437
s0061,47,0,40.431366
s0061,48,0,66.42159
s0061,49,0,66.38329
s0061,50,0,44.29807
s0061,51,0,55.864727
s0061,52,0,56.433556
s0061,53,0,53.110714
s0061,54,0,54.90639
s0061,55,0,58.89125
s0061,56,0,60.05132
s0061,57,0,64.080086
s0061,58,0,57.710968
s0061,59,0,65.33176
s0061,60,0,62.42184
s0061,61,0,59.79854
s0061,62,0,74.41668
s0061,63,0,71.246284
s0061,64,0,64.56024
s0061,65,0,66.461716
s0061,66,0,71.129684
s0061,67,0,67.18305
s0061,68,0,57.750916
s0061,69,0,60.79352
s0061,70,0,57.061886
s0061,71,0,61.75517
s0061,72,0,65.87957
s0061,73,0,71.34725
s0061,74,0,75.31984
s0061,75,0,67.00908
s0061,76,0,72.69612
s0061,77,0,66.82814
s0061,78,0,69.80416
s0061,79,0,74.26089
s0061,80,0,80.07099
s0061,81,0,67.5069
s0061,82,0,68.05654
s0061,83,0,60.140034
s0061,84,0,67.69744
s0061,85,0,70.35924
s0061,86,0,60.707447
s0061,87,0,60.35
s0061,88,0,71.3399
s0061,89,0,69.307625
s0061,90,0,49.82418
s0061,91,0,61.853146
s0061,92,0,62.909424
s0061,93,0,64.21858
s0061,94,0,80.95229
s0061,95,0,76.86255
s0062,0,0,54.37555
s0062,1,0,57.341663
s0062,2,0,42.997765
s0062,3,0,41.041485
s0062,4,0,52.552258
s0062,5,0,67.17331
s0062,6,0,53.554073
s0062,7,0,63.628067
s0062,8,0,69.79881
s0062,9,0,58.815815
s0062,10,0,57.76894
s0062,11,0,65.13414
s0062,12,0,58.673424
s0062,13,0,62.89339
s0062,14,0,68.64378
s0062,15,0,58.28835
s0062,16,0,62.57617
s0062,17,0,56.18492
s0062,18,0,70.502335
s0062,19,0,61.331844
s0062,20,0,71.692
s0062,21,0,71.18301
s0062,22,0,63.2033
s0062,23,0,70.20079
s0062,24,0,61.70784
s0062,25,0,61.648865
s0062,26,0,71.25321
s0062,27,0,63.518867
s0062,28,0,68.87245
s0062,29,0,63.299343
s0062,30,0,56.70422
s0062,31,0,63.816868
s0062,32,0,55.090458
s0062,33,0,62.589954
s0062,34,0,58.404472
s0062,35,0,46.874638
s0062,36,0,44.970238
s0062,37,0,57.797974
s0062,38,0,59.487034
s0062,39,0,58.864063
s0062,40,0,58.52492
s0062,41,0,46.945644
s0062,42,0,54.556866
s0062,43,0,48.370617
s0062,44,0,50.537086
s0062,45,0,62.001125
s0062,46,0,40.934555
s0062,47,0,48.080975
s0062,48,0,45.862675
s0062,49,0,53.716877
s0062,50,0,43.848927
s0062,51,0,56.47543
s0062,52,0,60.83807
s0062,53,0,63.17329
s0062,54,0,45.98966
s0062,55,0,52.110565
s0062,56,0,67.553986
s0062,57,0,62.115093
s0062,58,0,50.719704
s0062,59,0,71.21829
s0062,60,0,66.9714
s0062,61,0,55.976803
s0062,62,0,74.30352
s0062,63,0,62.634937
s0062,64,0,63.51443
s0062,65,0,61.244473
s0062,66,0,68.251114
s0062,67,0,70.199486
s0062,68,0,70.88154
s0062,69,0,68.617546
s0062,70,0,63.124596
s0062,71,0,63.46075
s0062,72,0,49.52243
s0062,73,0,72.60113
s0062,74,0,71.75979
s0062,75,0,69.5381
s0062,76,0,72.88249
s0062,77,0,70.24361
s0062,78,0,71.92724
s0062,79,0,70.02052
s0062,80,0,67.047386
s0062,81,0,80.40693
s0062,82,0,62.815094
s0062,83,0,65.85508
s0062,84,0,67.12934
s0062,85,0,64.79673
s0062,86,0,60.645634
s0062,87,0,69.34276
s0062,88,0,59.74307
s0062,89,0,65.508095
s0062,90,0,55.177258
s0062,91,0,73.928665
s0062,92,0,78.84642
s0062,93,0,65.95827
s0062,94,0,69.93121
s0062,95,0,70.39598
s0063,0,0,53.944138
s0063,1,0,47.299458
s0063,2,0,46.11567
s0063,3,0,42.5602
s0063,4,0,43.04643
s0063,5,0,50.611404
s0063,6,0,54.294647
s0063,7,0,48.807117
s0063,8,0,60.39992
s0063,9,0,57.19267
s0063,10,0,64.698685
s0063,11,0,67.025024
s0063,12,0,61.41158
s0063,13,0,71.181755
s0063,14,0,70.870384
s0063,15,0,74.94965
s0063,16,0,61.773457
s0063,17,0,67.97347
s0063,18,0,55.687214
s0063,19,0,63.511337
s0063,20,0,65.347916
s0063,21,0,65.69748
s0063,22,0,74.79223
s0063,23,0,72.97644
s0063,24,0,66.2177
s0063,25,0,70.86909
s0063,26,0,71.65908
s0063,27,0,62.601955
s0063,28,0,74.58744
s0063,29,0,66.26154
s0063,30,0,61.427006
s0063,31,0,58.715607
s0063,32,0,53.904694
s0063,33,0,55.434147
s0063,34,0,59.760994
s0063,35,0,60.893307
s0063,36,0,53.450233
s0063,37,0,49.909798
s0063,38,0,53.24926
s0063,39,0,61.746243
s0063,40,0,70.68007
s0063,41,0,61.001408
s0063,42,0,34.800728
s0063,43,0,42.53455
s0063,44,0,62.721348
s0063,45,0,64.238075
s0063,46,0,45.2951
s0063,47,0,31.32333
s0063,48,0,65.22161
s0063,49,0,49.364796
s0063,50,0,41.109085
s0063,51,0,47.60244
s0063,52,0,61.85566
s0063,53,0,42.42189
s0063,54,0,35.24088
s0063,55,0,64.87952
s0063,56,0,60.046497
s0063,57,0,63.11713
s0063,58,0,48.575226
s0063,59,0,69.9514
s0063,60,0,50.365543
s0063,61,0,69.65132
s0063,62,0,81.9097
s0063,63,0,73.498024
s0063,64,0,65.09863
s0063,65,0,58.26307
s0063,66,0,74.71925
s0063,67,0,64.876396
s0063,68,0,60.894325
s0063,69,0,65.87825
s0063,70,0,54.217014
s0063,71,0,57.91844
s0063,72,0,61.202263
s0063,73,0,70.675804
s0063,74,0,77.57419
s0063,75,0,64.72913
s0063,76,0,78.18194
s0063,77,0,58.317337
s0063,78,0,75.466576
s0063,79,0,82.62274
s0063,80,0,66.34142
s0063,81,0,77.37644
s0063,82,0,64.97156
s0063,83,0,66.692276
s0063,84,0,76.6384
s0063,85,0,71.8368
s0063,86,0,67.62493
s0063,87,0,56.689304
s0063,88,0,58.014767
s0063,89,0,66.487595
s0063,90,0,54.82413
s0063,91,0,69.448586
s0063,92,0,77.84854
s0063,93,0,65.92494
s0063,94,0,66.94558
s0063,95,0,63.3129
s0064,0,0,50.403763
s0064,1,0,49.055138
s0064,2,0,45.9741
s0064,3,0,48.49951
s0064,4,0,46.777634
s0064,5,0,50.7106
s0064,6,0,56.05345
s0064,7,0,58.586887
s0064,8,0,65.07779
s0064,9,0,52.25992
s0064,10,0,71.44312
s0064,11,0,61.11064
s0064,12,0,70.638275
s0064,13,0,73.04518
s0064,14,0,72.94287
s0064,15,0,59.186546
s0064,16,0,68.62259
s0064,17,0,63.70808
s0064,18,0,66.747444
s0064,19,0,55.777103
s0064,20,0,71.92718
s0064,21,0,59.6512
s0064,22,0,66.85831
s0064,23,0,67.90906
s0064,24,0,71.4474
s0064,25,0,71.22714
s0064,26,0,75.858635
s0064,27,0,66.29762
s0064,28,0,69.40327
s0064,29,0,71.38211
s0064,30,0,56.905174
s0064,31,0,53.958202
s0064,32,0,53.897064
s0064,33,0,55.728104
s0064,34,0,40.886242
s0064,35,0,52.049503
s0064,36,0,60.089775
s0064,37,0,69.06097
s0064,38,0,60.3417
s0064,39,0,49.750015
s0064,40,0,67.601326
s0064,41,0,40.546074
s0064,42,0,54.764324
s0064,43,0,37.897682
s0064,44,0,40.162827
s0064,45,0,63.003113
s0064,46,0,22.64037
s0064,47,0,55.95794
s0064,48,0,70.061844
s0064,49,0,51.754612
s0064,50,0,58.538868
s0064,51,0,32.670177
s0064,52,0,45.26214
s0064,53,0,54.950344
s0064,54,0,38.6266
s0064,55,0,61.857914
s0064,56,0,54.26695
s0064,57,0,63.150608
s0064,58,0,55.746494
s0064,59,0,65.751854
s0064,60,0,57.96748
s0064,61,0,68.691505
s0064,62,0,72.8934
s0064,63,0,70.384865
s0064,64,0,62.894016
s0064,65,0,57.204514
s0064,66,0,76.117584
s0064,67,0,61.99518
s0064,68,0,58.019028
s0064,69,0,67.374855
s0064,70,0,58.55936
s0064,71,0,67.067024
s0064,72,0,68.26639
s0064,73,0,64.583466
s0064,74,0,75.79671
s0064,75,0,82.61308
s0064,76,0,79.199295
s0064,77,0,71.49788
s0064,78,0,88.2188
s0064,79,0,71.512344
s0064,80,0,78.5645
s0064,81,0,71.43625
s0064,82,0,64.51371
s0064,83,0,61.23331
s0064,84,0,77.23498
s0064,85,0,67.4028
s0064,86,0,69.08028
s0064,87,0,68.088264
s0064,88,0,64.61541
s0064,89,0,52.14283
s0064,90,0,52.09742
s0064,91,0,67.996796
s0064,92,0,70.37397
s0064,93,0,64.14892
s0064,94,0,74.20408
s0064,95,0,67.94943
s0065,0,0,53.967503
s0065,1,0,48.33239
s0065,2,0,57.198177
s0065,3,0,47.85431
s0065,4,0,46.170685
s0065,5,0,53.486748
s0065,6,0,46.973568
s0065,7,0,53.700306
s0065,8,0,60.996296
s0065,9,0,59.144115
s0065,10,0,60.019764
s0065,11,0,64.62209
s0065,12,0,74.93832
s0065,13,0,64.95837
s0065,14,0,57.801884
s0065,15,0,57.66801
s0065,16,0,64.18931
s0065,17,0,57.906567
s0065,18,0,63.567135
s0065,19,0,61.116955
s0065,20,0,71.30769
s0065,21,0,60.795265
s0065,22,0,63.765423
s0065,23,0,65.52829
s0065,24,0,70.69337
s0065,25,0,58.32201
s0065,26,0,69.843094
s0065,27,0,61.17433
s0065,28,0,63.19375
s0065,29,0,71.65121
s0065,30,0,59.492653
s0065,31,0,65.321915
s0065,32,0,62.77149
s0065,33,0,49.334606
s0065,34,0,42.751163
s0065,35,0,55.541763
s0065,36,0,64.35258
s0065,37,0,54.180637
s0065,38,0,46.939526
s0065,39,0,58.862465
s0065,40,0,63.084255
s0065,41,0,43.590225
s0065,42,0,49.411053
s0065,43,0,56.076565
s0065,44,0,42.11081
s0065,45,0,28.12879
s0065,46,0,46.106762
s0065,47,0,36.53558
s0065,48,0,19.00468
s0065,49,0,50.426426
s0065,50,0,39.262444
s0065,51,0,61.26429
s0065,52,0,44.214043
s0065,53,0,50.10381
s0065,54,0,54.95717
s0065,55,0,42.711987
s0065,56,0,55.335808
s0065,57,0,59.735344
s0065,58,0,56.250854
s0065,59,0,64.45106
s0065,60,0,62.605934
s0065,61,0,64.22282
s0065,62,0,68.27924
s0065,63,0,77.50081
s0065,64,0,60.281075
s0065,65,0,63.288773
s0065,66,0,73.33061
s0065,67,0,69.024414
s0065,68,0,61.650345
s0065,69,0,60.65178
s0065,70,0,61.752365
s0065,71,0,60.87419
s0065,72,0,61.893974
s0065,73,0,68.853806
s0065,74,0,69.3095
s0065,75,0,74.95458
s0065,76,0,71.10312
s0065,77,0,76.684525
s0065,78,0,62.4293
s0065,79,0,71.02838
s0065,80,0,70.53806
s0065,81,0,76.08843
s0065,82,0,70.09244
s0065,83,0,66.33249
s0065,84,0,70.08552
s0065,85,0,75.18383
s0065,86,0,68.96244
s0065,87,0,57.03974
s0065,88,0,60.705364
s0065,89,0,66.18893
s0065,90,0,52.75023
s0065,91,0,68.72035
s0065,92,0,69.46864
s0065,93,0,78.33686
s0065,94,0,72.2459
s0065,95,0,63.88837
s0066,0,0,59.364548
s0066,1,0,43.045025
s0066,2,0,44.73646
s0066,3,0,47.30994
s0066,4,0,43.979877
s0066,5,0,48.343662
s0066,6,0,52.066418
s0066,7,0,63.610584
s0066,8,0,65.607376
s0066,9,0,63.1304
s0066,10,0,63.49126
s0066,11,0,68.19251
s0066,12,0,64.974304
s0066,13,0,72.80027
s0066,14,0,69.19389
s0066,15,0,69.313736
s0066,16,0,56.419514
s0066,17,0,69.20606
s0066,18,0,58.49182
s0066,19,0,67.14658
s0066,20,0,65.84347
s0066,21,0,66.78801
s0066,22,0,56.392475
s0066,23,0,63.487362
s0066,24,0,68.75803
s0066,25,0,66.03337
s0066,26,0,72.532455
s0066,27,0,64.935455
s0066,28,0,75.37023
s0066,29,0,65.603004
s0066,30,0,56.123898
s0066,31,0,64.33463
s0066,32,0,50.260727
s0066,33,0,46.1009
s0066,34,0,40.249226
s0066,35,0,53.540955
s0066,36,0,59.669205
s0066,37,0,70.08199
s0066,38,0,58.843185
s0066,39,0,53.485916
s0066,40,0,70.08804
s0066,41,0,43.668888
s0066,42,0,36.35235
s0066,43,0,44.34245
s0066,44,0,45.13146
s0066,45,0,37.53092
s0066,46,0,39.962635
s0066,47,0,39.622406
s0066,48,0,30.883463
s0066,49,0,54.913044
s0066,50,0,59.166504
s0066,51,0,45.542664
s0066,52,0,67.14379
s0066,53,0,57.482872
s0066,54,0,54.468845
s0066,55,0,62.42807
s0066,56,0,57.253754
s0066,57,0,65.120255
s0066,58,0,55.471443
s0066,59,0,56.754913
s0066,60,0,56.412888
s0066,61,0,67.25189
s0066,62,0,71.19785
s0066,63,0,66.20306
s0066,64,0,64.05029
s0066,65,0,59.552097
s0066,66,0,75.88436
s0066,67,0,58.158115
s0066,68,0,66.44843
s0066,69,0,56.92369
s0066,70,0,48.642086
s0066,71,0,67.08549
s0066,72,0,61.49969
s0066,73,0,72.72213
s0066,74,0,73.60537
s0066,75,0,64.47869
s0066,76,0,79.45974
s0066,77,0,77.90614
s0066,78,0,68.85249
s0066,79,0,73.5258
s0066,80,0,71.15706
s0066,81,0,74.39318
s0066,82,0,64.583405
s0066,83,0,66.12425
s0066,84,0,67.14682
s0066,85,0,71.82593
s0066,86,0,64.24513
s0066,87,0,69.394424
s0066,88,0,70.85905
s0066,89,0,71.97194
s0066,90,0,63.261703
s0066,91,0,66.75289
s0066,92,0,72.71218
s0066,93,0,70.99941
s0066,94,0,71.73901
s0066,95,0,65.38057
s0067,0,0,51.5972
s0067,1,0,52.982166
s0067,2,0,42.070873
s0067,3,0,47.20766
s0067,4,0,55.586468
s0067,5,0,56.297882
s0067,6,0,53.832726
s0067,7,0,59.853462
s0067,8,0,54.113655
s0067,9,0,68.30102
s0067,10,0,56.417973
s0067,11,0,64.98227
s0067,12,0,66.688095
s0067,13,0,74.03489
s0067,14,0,68.92998
s0067,15,0,69.89764
s0067,16,0,62.80507
s0067,17,0,58.87693
s0067,18,0,63.668964
s0067,19,0,66.012215
s0067,20,0,64.594055
s0067,21,0,71.68429
s0067,22,0,55.414635
s0067,23,0,66.41667
s0067,24,0,60.151405
s0067,25,0,71.16541
s0067,26,0,65.62066
s0067,27,0,49.206882
s0067,28,0,69.08853
s0067,29,0,77.03875
s0067,30,0,64.43419
s0067,31,0,67.7908
s0067,32,0,50.836395
s0067,33,0,48.68256
s0067,34,0,46.85929
s0067,35,0,56.554577
s0067,36,0,54.478832
s0067,37,0,53.008923
s0067,38,0,36.424038
s0067,39,0,52.14056
s0067,40,0,67.603
s0067,41,0,51.460453
s0067,42,0,35.97116
s0067,43,0,29.208176
s0067,44,0,59.81242
s0067,45,0,39.323742
s0067,46,0,59.11333
s0067,47,0,53.5203
s0067,48,0,29.2946
s0067,49,0,47.312244
s0067,50,0,64.47976
s0067,51,0,57.395004
s0067,52,0,40.80821
s0067,53,0,49.694225
s0067,54,0,53.190052
s0067,55,0,56.91074
s0067,56,0,52.075096
s0067,57,0,53.611965
s0067,58,0,53.867607
s0067,59,0,61.486866
s0067,60,0,63.37988
s0067,61,0,69.32161
s0067,62,0,75.021034
s0067,63,0,71.25807
s0067,64,0,66.59575
s0067,65,0,68.99104
s0067,66,0,69.944954
s0067,67,0,59.395985
s0067,68,0,70.182495
s0067,69,0,67.88368
s0067,70,0,52.45265
s0067,71,0,65.3476
s0067,72,0,61.392178
s0067,73,0,74.34681
s0067,74,0,67.02761
s0067,75,0,68.36963
s0067,76,0,85.34983
s0067,77,0,69.97164
s0067,78,0,70.02177
s0067,79,0,64.99127
s0067,80,0,74.68292
s0067,81,0,73.45073
s0067,82,0,64.398674
s0067,83,0,71.93461
s0067,84,0,57.402817
s0067,85,0,69.863266
s0067,86,0,69.242096
s0067,87,0,58.847786
s0067,88,0,69.68759
s0067,89,0,59.65155
s0067,90,0,50.114708
s0067,91,0,70.50426
s0067,92,0,68.33527
s0067,93,0,61.995876
s0067,94,0,68.32754
s0067,95,0,66.77873
s0068,0,0,62.190563
s0068,1,0,55.857063
s0068,2,0,48.749706
s0068,3,0,57.88027
s0068,4,0,62.598316
s0068,5,0,53.19084
s0068,6,0,60.63922
s0068,7,0,56.845093
s0068,8,0,66.57969
s0068,9,0,61.731003
s0068,10,0,61.40019
s0068,11,0,63.901493
s0068,12,0,66.503204
s0068,13,0,64.72936
s0068,14,0,68.794975
s0068,15,0,64.133255
s0068,16,0,67.68196
s0068,17,0,58.885258
s0068,18,0,64.004036
s0068,19,0,62.510216
s0068,20,0,76.30739
s0068,21,0,64.10295
s0068,22,0,67.13516
s0068,23,0,69.19257
s0068,24,0,70.51565
s0068,25,0,66.463844
s0068,26,0,74.636795
s0068,27,0,54.951405
s0068,28,0,73.42701
s0068,29,0,75.4908
s0068,30,0,53.960316
s0068,31,0,64.707794
s0068,32,0,47.666595
s0068,33,0,56.891518
s0068,34,0,46.866196
s0068,35,0,55.98756
s0068,36,0,60.677773
s0068,37,0,62.57471
s0068,38,0,61.15334
s0068,39,0,57.750828
s0068,40,0,60.30433
s0068,41,0,45.035942
s0068,42,0,38.300808
s0068,43,0,40.626675
s0068,44,0,66.03733
s0068,45,0,31.00899
s0068,46,0,26.524853
s0068,47,0,59.863117
s0068,48,0,56.11142
s0068,49,0,41.28825
s0068,50,0,52.680023
s0068,51,0,71.551674
s0068,52,0,51.9114
s0068,53,0,48.99313
s0068,54,0,47.74404
s0068,55,0,70.56054
s0068,56,0,60.694717
s0068,57,0,59.99141
s0068,58,0,58.127415
s0068,59,0,62.06941
s0068,60,0,54.313694
s0068,61,0,71.00793
s0068,62,0,71.18947
s0068,63,0,74.4132
s0068,64,0,63.340843
s0068,65,0,66.49956
s0068,66,0,72.45449
s0068,67,0,59.949154
s0068,68,0,60.40667
s0068,69,0,76.77953
s0068,70,0,54.79849
s0068,71,0,59.65359
s0068,72,0,63.88149
s0068,73,0,60.355618
s0068,74,0,72.31831
s0068,75,0,69.487335
s0068,76,0,76.212265
s0068,77,0,73.651276
s0068,78,0,75.58895
s0068,79,0,70.71396
s0068,80,0,74.35785
s0068,81,0,79.40252
s0068,82,0,71.33793
s0068,83,0,76.62625
s0068,84,0,74.59185
s0068,85,0,56.736496
s0068,86,0,64.085594
s0068,87,0,60.64131
s0068,88,0,59.59302
s0068,89,0,52.49174
s0068,90,0,54.96046
s0068,91,0,72.42635
s0068,92,0,69.64858
s0068,93,0,82.666405
s0068,94,0,74.102036
s0068,95,0,59.891468
s0069,0,0,44.39166
s0069,1,0,43.56164
s0069,2,0,34.54059
s0069,3,0,43.988037
s0069,4,0,65.913956
s0069,5,0,57.25421
s0069,6,0,49.90176
s0069,7,0,46.83739
s0069,8,0,62.75126
s0069,9,0,56.68085
s0069,10,0,60.977093
s0069,11,0,65.86046
s0069,12,0,66.37137
s0069,13,0,68.62312
s0069,14,0,67.58523
s0069,15,0,67.27011
s0069,16,0,67.67916
s0069,17,0,62.6403
s0069,18,0,59.677467
s0069,19,0,64.638824
s0069,20,0,73.00203
s0069,21,0,64.18763
s0069,22,0,67.3944
s0069,23,0,75.55909
s0069,24,0,65.480865
s0069,25,0,68.11787
s0069,26,0,61.48472
s0069,27,0,60.262074
s0069,28,0,70.844864
s0069,29,0,67.32795
s0069,30,0,59.271584
s0069,31,0,61.523987
s0069,32,0,56.221424
s0069,33,0,51.166645
s0069,34,0,56.52862
s0069,35,0,50.26072
s0069,36,0,53.2966
s0069,37,0,76.038795
s0069,38,0,59.816303
s0069,39,0,58.191338
s0069,40,0,51.83176
s0069,41,0,77.00458
s0069,42,0,46.008427
s0069,43,0,35.808365
s0069,44,0,61.21389
s0069,45,0,48.122356
s0069,46,0,37.26317
s0069,47,0,42.40081
s0069,48,0,72.81763
s0069,49,0,41.523846
s0069,50,0,56.363396
s0069,51,0,53.66916
s0069,52,0,47.063725
s0069,53,0,55.257687
s0069,54,0,58.13883
s0069,55,0,59.453125
s0069,56,0,55.015625
s0069,57,0,55.910957
s0069,58,0,58.29636
s0069,59,0,60.835228
s0069,60,0,54.576134
s0069,61,0,60.62154
s0069,62,0,78.76495
s0069,63,0,76.337135
s0069,64,0,55.780045
s0069,65,0,66.39798
s0069,66,0,68.39145
s0069,67,0,59.343056
s0069,68,0,71.34653
s0069,69,0,60.693813
s0069,70,0,54.67922
s0069,71,0,64.80322
s0069,72,0,59.685596
s0069,73,0,64.38949
s0069,74,0,85.38933
s0069,75,0,73.829636
s0069,76,0,66.810104
s0069,77,0,70.423
s0069,78,0,71.95833
s0069,79,0,68.73767
s0069,80,0,79.20689
s0069,81,0,70.639534
s0069,82,0,67.86948
s0069,83,0,63.05198
s0069,84,0,64.11665
s0069,85,0,74.73016
s0069,86,0,60.56634
s0069,87,0,61.479805
s0069,88,0,50.33423
s0069,89,0,60.037766
s0069,90,0,57.684116
s0069,91,0,66.653046
s0069,92,0,69.650894
s0069,93,0,65.75246
s0069,94,0,72.82294
s0069,95,0,72.457924
s0070,0,0,50.002144
s0070,1,0,48.31823
s0070,2,0,51.35682
s0070,3,0,51.604256
s0070,4,0,52.825233
s0070,5,0,56.75928
s0070,6,0,54.680317
s0070,7,0,57.49432
s0070,8,0,61.95727
s0070,9,0,56.456894
s0070,10,0,64.68021
s0070,11,0,71.45862
s0070,12,0,77.24806
s0070,13,0,66.78775
s0070,14,0,70.08366
s0070,15,0,68.49849
s0070,16,0,62.720806
s0070,17,0,67.73261
s0070,18,0,55.923508
s0070,19,0,66.5152
s0070,20,0,59.8633
s0070,21,0,66.739006
s0070,22,0,59.076538
s0070,23,0,71.17735
s0070,24,0,76.42934
s0070,25,0,64.00554
s0070,26,0,77.77366
s0070,27,0,69.43682
s0070,28,0,71.49555
s0070,29,0,72.31105
s0070,30,0,63.173397
s0070,31,0,62.35311
s0070,32,0,54.764294
s0070,33,0,45.500957
s0070,34,0,51.47574
s0070,35,0,54.446625
s0070,36,0,49.230175
s0070,37,0,53.667004
s0070,38,0,57.97532
s0070,39,0,58.813393
s0070,40,0,75.546555
s0070,41,0,43.50436
s0070,42,0,30.239584
s0070,43,0,51.064384
s0070,44,0,65.233925
s0070,45,0,49.315704
s0070,46,0,28.039104
s0070,47,0,48.539425
s0070,48,0,46.34434
s0070,49,0,50.603664
s0070,50,0,39.68549
s0070,51,0,44.513428
s0070,52,0,65.20174
s0070,53,0,45.705303
s0070,54,0,59.790215
s0070,55,0,56.84864
s0070,56,0,57.34716
s0070,57,0,51.538082
s0070,58,0,55.66417
s0070,59,0,66.41309
s0070,60,0,60.91734
s0070,61,0,48.599236
s0070,62,0,74.760124
s0070,63,0,70.003265
s0070,64,0,63.690617
s0070,65,0,68.81229
s0070,66,0,65.61139
s0070,67,0,62.34186
s0070,68,0,60.350594
s0070,69,0,73.629684
s0070,70,0,65.20908
s0070,71,0,63.33458
s0070,72,0,57.653698
s0070,73,0,61.870564
s0070,74,0,69.94868
s0070,75,0,79.817825
s0070,76,0,74.06673
s0070,77,0,72.58062
s0070,78,0,71.74012
s0070,79,0,70.78249
s0070,80,0,74.726456
s0070,81,0,75.55585
s0070,82,0,68.635475
s0070,83,0,70.217445
s0070,84,0,63.78995
s0070,85,0,72.93998
s0070,86,0,55.340866
s0070,87,0,55.565456
s0070,88,0,57.93456
s0070,89,0,61.123714
s0070,90,0,59.024014
s0070,91,0,68.41234
s0070,92,0,69.474304
s0070,93,0,70.38951
s0070,94,0,67.19905
s0070,95,0,69.830894
s0071,0,0,60.457104
s0071,1,0,50.051205
s0071,2,0,33.166546
s0071,3,0,40.758514
s0071,4,0,55.335033
s0071,5,0,55.343304
s0071,6,0,60.729816
s0071,7,0,47.930645
s0071,8,0,63.06906
s0071,9,0,58.84708
s0071,10,0,59.345554
s0071,11,0,63.907917
s0071,12,0,68.00492
s0071,13,0,71.807526
s0071,14,0,64.25328
s0071,15,0,67.408775
s0071,16,0,61.302406
s0071,17,0,69.79785
s0071,18,0,58.326336
s0071,19,0,74.19563
s0071,20,0,61.77711
s0071,21,0,60.876427
s0071,22,0,71.240944
s0071,23,0,66.14878
s0071,24,0,70.290535
s0071,25,0,66.20127
s0071,26,0,73.29618
s0071,27,0,59.13918
s0071,28,0,65.57688
s0071,29,0,70.77269
s0071,30,0,62.134235
s0071,31,0,64.53378
s0071,32,0,61.42256
s0071,33,0,55.067307
s0071,34,0,45.51777
s0071,35,0,45.2499
s0071,36,0,41.334805
s0071,37,0,55.912655
s0071,38,0,60.001892
s0071,39,0,35.621838
s0071,40,0,45.837307
s0071,41,0,52.153515
s0071,42,0,31.167023
s0071,43,0,58.19498
s0071,44,0,69.75351
s0071,45,0,50.649155
s0071,46,0,40.7299
s0071,47,0,39.648136
s0071,48,0,58.77274
s0071,49,0,50.92672
s0071,50,0,48.493397
s0071,51,0,33.27927
s0071,52,0,65.65627
s0071,53,0,63.633247
s0071,54,0,57.99078
s0071,55,0,48.71167
s0071,56,0,68.41575
s0071,57,0,66.056786
s0071,58,0,62.32883
s0071,59,0,67.510185
s0071,60,0,58.86635
s0071,61,0,58.700245
s0071,62,0,78.8337
s0071,63,0,78.709145
s0071,64,0,56.62692
s0071,65,0,70.89786
s0071,66,0,64.94813
s0071,67,0,68.08028
s0071,68,0,60.552006
s0071,69,0,64.58195
s0071,70,0,59.996235
s0071,71,0,60.18399
s0071,72,0,62.43252
s0071,73,0,66.16742
s0071,74,0,73.63575
s0071,75,0,75.952644
s0071,76,0,66.77628
s0071,77,0,65.12912
s0071,78,0,73.601
s0071,79,0,78.481155
s0071,80,0,73.04908
s0071,81,0,70.05307
s0071,82,0,63.588814
s0071,83,0,61.120068
s0071,84,0,73.27496
s0071,85,0,73.753075
s0071,86,0,67.64947
s0071,87,0,59.33373
s0071,88,0,63.070667
s0071,89,0,72.69269
s0071,90,0,49.79505
s0071,91,0,74.92372
s0071,92,0,59.732834
s0071,93,0,66.73098
s0071,94,0,62.690228
s0071,95,0,70.36965
s0072,0,0,56.82222
s0072,1,0,46.083176
s0072,2,0,47.819416
s0072,3,0,43.05013
s0072,4,0,59.06235
s0072,5,0,54.09544
s0072,6,0,56.602493
s0072,7,0,49.916393
s0072,8,0,56.046974
s0072,9,0,57.462246
s0072,10,0,60.138676
s0072,11,0,59.63857
s0072,12,0,54.436924
s0072,13,0,68.07994
s0072,14,0,70.04644
s0072,15,0,62.129326
s0072,16,0,73.09282
s0072,17,0,62.052036
s0072,18,0,67.775505
s0072,19,0,63.948456
s0072,20,0,61.398506
s0072,21,0,68.367584
s0072,22,0,55.937122
s0072,23,0,67.95286
s0072,24,0,70.41495
s0072,25,0,69.10733
s0072,26,0,66.281075
s0072,27,0,68.89922
s0072,28,0,61.35243
s0072,29,0,70.49589
s0072,30,0,50.572437
s0072,31,0,68.13249
s0072,32,0,61.92468
s0072,33,0,51.922882
s0072,34,0,49.67368
s0072,35,0,54.61465
s0072,36,0,57.447403
s0072,37,0,66.63144
s0072,38,0,43.057236
s0072,39,0,58.726284
s0072,40,0,45.14704
s0072,41,0,52.362335
s0072,42,0,41.94079
s0072,43,0,45.429962
s0072,44,0,54.352585
s0072,45,0,45.951054
s0072,46,0,53.989574
s0072,47,0,40.963055
s0072,48,0,33.879707
s0072,49,0,41.763985
s0072,50,0,34.243916
s0072,51,0,38.811356
s0072,52,0,68.33053
s0072,53,0,50.44591
s0072,54,0,60.565666
s0072,55,0,40.74631
s0072,56,0,63.294056
s0072,57,0,65.092705
s0072,58,0,54.201687
s0072,59,0,67.77891
s0072,60,0,54.9976
s0072,61,0,66.71107
s0072,62,0,69.19584
s0072,63,0,76.19489
s0072,64,0,50.525345
s0072,65,0,66.56373
s0072,66,0,69.97893
s0072,67,0,69.93637
s0072,68,0,64.19931
s0072,69,0,70.88353
s0072,70,0,56.50393
s0072,71,0,57.0376
s0072,72,0,59.948105
s0072,73,0,75.34569
s0072,74,0,70.91965
s0072,75,0,71.83457
s0072,76,0,69.60839
s0072,77,0,67.789696
s0072,78,0,71.548515
s0072,79,0,71.63649
s0072,80,0,70.80538
s0072,81,0,79.92461
s0072,82,0,64.43555
s0072,83,0,64.40219
s0072,84,0,66.12846
s0072,85,0,77.575745
s0072,86,0,66.72931
s0072,87,0,60.502453
s0072,88,0,60.13631
s0072,89,0,61.80932
s0072,90,0,58.435402
s0072,91,0,70.00353
s0072,92,0,54.040607
s0072,93,0,66.48804
s0072,94,0,66.642044
s0072,95,0,67.47439
s0073,0,0,55.653023
s0073,1,0,53.22782
s0073,2,0,53.803986
s0073,3,0,55.192444
s0073,4,0,50.62386
s0073,5,0,57.652466
s0073,6,0,64.38665
s0073,7,0,57.53741
s0073,8,0,65.818054
s0073,9,0,63.28418
s0073,10,0,60.37832
s0073,11,0,60.420383
s0073,12,0,64.691345
s0073,13,0,68.0117
s0073,14,0,70.23462
s0073,15,0,70.35231
s0073,16,0,64.77931
s0073,17,0,67.93752
s0073,18,0,67.729546
s0073,19,0,67.419556
s0073,20,0,59.81637
s0073,21,0,66.20599
s0073,22,0,57.145374
s0073,23,0,79.94783
s0073,24,0,68.053955
s0073,25,0,58.21244
s0073,26,0,67.64656
s0073,27,0,69.516785
s0073,28,0,63.42067
s0073,29,0,60.53536
s0073,30,0,53.134052
s0073,31,0,73.0711
s0073,32,0,56.240345
s0073,33,0,48.499306
s0073,34,0,44.422386
s0073,35,0,61.423344
s0073,36,0,58.775043
s0073,37,0,62.336166
s0073,38,0,59.00474
s0073,39,0,53.84863
s0073,40,0,47.55323
s0073,41,0,53.4329
s0073,42,0,54.591267
s0073,43,0,42.450848
s0073,44,0,46.378246
s0073,45,0,34.275066
s0073,46,0,21.076712
s0073,47,0,55.843006
s0073,48,0,57.151672
s0073,49,0,47.458637
s0073,50,0,49.890697
s0073,51,0,60.428123
s0073,52,0,63.273262
s0073,53,0,42.054527
s0073,54,0,47.687405
s0073,55,0,55.858852
s0073,56,0,62.406673
s0073,57,0,72.400536
s0073,58,0,60.184937
s0073,59,0,62.70087
s0073,60,0,59.50576
s0073,61,0,67.71541
s0073,62,0,68.86662
s0073,63,0,69.599144
s0073,64,0,59.854324
s0073,65,0,70.21744
s0073,66,0,73.86776
s0073,67,0,67.79863
s0073,68,0,70.19463
s0073,69,0,64.06931
s0073,70,0,53.50957
s0073,71,0,68.67982
s0073,72,0,56.372105
s0073,73,0,64.92851
s0073,74,0,64.811356
s0073,75,0,71.93841
s0073,76,0,70.333206
s0073,77,0,77.63863
s0073,78,0,73.14617
s0073,79,0,71.48155
s0073,80,0,70.6725
s0073,81,0,72.1842
s0073,82,0,66.14416
s0073,83,0,69.51747
s0073,84,0,55.945976
s0073,85,0,77.105576
s0073,86,0,54.387974
s0073,87,0,58.888702
s0073,88,0,57.76869
s0073,89,0,56.535507
s0073,90,0,54.527477
s0073,91,0,67.24445
s0073,92,0,70.69883
s0073,93,0,63.32122
s0073,94,0,75.15213
s0073,95,0,62.09815
s0074,0,0,61.665398
s0074,1,0,58.118713
s0074,2,0,48.05756
s0074,3,0,44.376495
s0074,4,0,52.120758
s0074,5,0,50.116837
s0074,6,0,46.498997
s0074,7,0,50.938534
s0074,8,0,57.49271
s0074,9,0,54.8131
s0074,10,0,61.59422
s0074,11,0,58.360695
s0074,12,0,68.4506
s0074,13,0,74.78265
s0074,14,0,64.2811
s0074,15,0,76.20741
s0074,16,0,54.52849
s0074,17,0,66.32749
s0074,18,0,65.04664
s0074,19,0,65.11434
s0074,20,0,73.229324
s0074,21,0,69.76483
s0074,22,0,65.04718
s0074,23,0,68.00592
s0074,24,0,74.30211
s0074,25,0,64.389755
s0074,26,0,72.50037
s0074,27,0,63.854427
s0074,28,0,67.21675
s0074,29,0,69.80629
s0074,30,0,55.868553
s0074,31,0,59.22803
s0074,32,0,53.764477
s0074,33,0,61.034878
s0074,34,0,48.595306
s0074,35,0,55.5762
s0074,36,0,43.538498
s0074,37,0,52.406208
s0074,38,0,48.157547
s0074,39,0,58.728092
s0074,40,0,59.328224
s0074,41,0,61.01528
s0074,42,0,38.704475
s0074,43,0,49.615192
s0074,44,0,42.98444
s0074,45,0,37.129177
s0074,46,0,54.18033
s0074,47,0,25.19885
s0074,48,0,57.477062
s0074,49,0,50.760464
s0074,50,0,49.47304
s0074,51,0,44.818554
s0074,52,0,34.209282
s0074,53,0,61.02557
s0074,54,0,50.95654
s0074,55,0,55.810055
s0074,56,0,57.727688
s0074,57,0,60.953125
s0074,58,0,52.055347
s0074,59,0,68.39914
s0074,60,0,58.953865
s0074,61,0,59.294754
s0074,62,0,72.92216
s0074,63,0,74.3812
s0074,64,0,68.15557
s0074,65,0,60.06838
s0074,66,0,67.56714
s0074,67,0,63.133434
s0074,68,0,63.428326
s0074,69,0,72.25553
s0074,70,0,57.999226
s0074,71,0,59.53607
s0074,72,0,65.71313
s0074,73,0,68.015045
s0074,74,0,66.82294
s0074,75,0,67.61935
s0074,76,0,72.63076
s0074,77,0,77.25488
s0074,78,0,72.36269
s0074,79,0,75.89135
s0074,80,0,82.15766
s0074,81,0,70.51775
s0074,82,0,68.68438
s0074,83,0,62.480076
s0074,84,0,73.07125
s0074,85,0,72.935555
s0074,86,0,59.405514
s0074,87,0,56.846508
s0074,88,0,60.792507
s0074,89,0,56.87091
s0074,90,0,60.7561
s0074,91,0,68.90738
s0074,92,0,72.873405
s0074,93,0,74.91347
s0074,94,0,70.47411
s0074,95,0,68.89886
s0075,0,0,55.506413
s0075,1,0,44.828
s0075,2,0,53.614895
s0075,3,0,49.697525
s0075,4,0,49.56365
s0075,5,0,57.076023
s0075,6,0,50.136986
s0075,7,0,44.96087
s0075,8,0,60.31655
s0075,9,0,59.59639
s0075,10,0,54.554207
s0075,11,0,61.93317
s0075,12,0,73.48886
s0075,13,0,58.33266
s0075,14,0,76.60358
s0075,15,0,73.97212
s0075,16,0,70.77387
s0075,17,0,64.98802
s0075,18,0,64.19863
s0075,19,0,64.19769
s0075,20,0,68.33047
s0075,21,0,64.61715
s0075,22,0,71.89256
s0075,23,0,71.09463
s0075,24,0,74.36702
s0075,25,0,68.71416
s0075,26,0,69.17414
s0075,27,0,67.33124
s0075,28,0,64.36483
s0075,29,0,72.66137
s0075,30,0,51.99288
s0075,31,0,56.740623
s0075,32,0,55.516056
s0075,33,0,54.829853
s0075,34,0,51.125607
s0075,35,0,54.987236
s0075,36,0,52.23139
s0075,37,0,71.89862
s0075,38,0,46.71187
s0075,39,0,49.090435
s0075,40,0,65.10582
s0075,41,0,48.215122
s0075,42,0,38.520256
s0075,43,0,37.519455
s0075,44,0,45.420025
s0075,45,0,50.146248
s0075,46,0,42.000675
s0075,47,0,46.135536
s0075,48,0,29.793556
s0075,49,0,33.802834
s0075,50,0,56.967236
s0075,51,0,49.87023
s0075,52,0,39.12299
s0075,53,0,30.608414
s0075,54,0,52.922268
s0075,55,0,57.157013
s0075,56,0,50.74765
s0075,57,0,59.56451
s0075,58,0,57.992725
s0075,59,0,67.30075
s0075,60,0,54.306007
s0075,61,0,55.032887
s0075,62,0,65.1036
s0075,63,0,74.617615
s0075,64,0,64.63248
s0075,65,0,60.680508
s0075,66,0,67.60217
s0075,67,0,66.61125
s0075,68,0,64.79557
s0075,69,0,69.49477
s0075,70,0,51.5026
s0075,71,0,49.65213
s0075,72,0,62.911015
s0075,73,0,57.581486
s0075,74,0,72.361755
s0075,75,0,78.02024
s0075,76,0,68.75491
s0075,77,0,73.079384
s0075,78,0,72.47549
s0075,79,0,80.34393
s0075,80,0,71.23447
s0075,81,0,70.91597
s0075,82,0,64.73501
s0075,83,0,66.431076
s0075,84,0,79.249916
s0075,85,0,61.832485
s0075,86,0,62.757607
s0075,87,0,63.977364
s0075,88,0,71.66112
s0075,89,0,64.01122
s0075,90,0,46.858536
s0075,91,0,64.568954
s0075,92,0,73.08354
s0075,93,0,60.848915
s0075,94,0,69.63958
s0075,95,0,64.826164
s0076,0,0,50.466404
s0076,1,0,44.246655
s0076,2,0,41.6526
s0076,3,0,47.942726
s0076,4,0,55.678616
s0076,5,0,59.902466
s0076,6,0,61.462345
s0076,7,0,52.197414
s0076,8,0,63.941933
s0076,9,0,64.07409
s0076,10,0,63.12109
s0076,11,0,64.8285
s0076,12,0,72.737045
s0076,13,0,69.508
s0076,14,0,59.916122
s0076,15,0,66.771835
s0076,16,0,65.38011
s0076,17,0,67.22516
s0076,18,0,66.8069
s0076,19,0,67.27258
s0076,20,0,67.15373
s0076,21,0,62.06527
s0076,22,0,56.617672
s0076,23,0,75.137794
s0076,24,0,76.46356
s0076,25,0,69.51207
s0076,26,0,73.938705
s0076,27,0,67.58749
s0076,28,0,70.43027
s0076,29,0,66.76875
s0076,30,0,59.92786
s0076,31,0,61.49083
s0076,32,0,54.719116
s0076,33,0,56.662495
s0076,34,0,55.146873
s0076,35,0,57.445724
s0076,36,0,57.07356
s0076,37,0,50.944134
s0076,38,0,63.26757
s0076,39,0,46.90481
s0076,40,0,66.57609
s0076,41,0,54.43362
s0076,42,0,28.397892
s0076,43,0,44.39556
s0076,44,0,26.528164
s0076,45,0,48.494278
s0076,46,0,57.617687
s0076,47,0,41.862343
s0076,48,0,40.990776
s0076,49,0,46.090675
s0076,50,0,49.745712
s0076,51,0,69.55594
s0076,52,0,53.224316
s0076,53,0,58.868584
s0076,54,0,64.32266
s0076,55,0,55.134995
s0076,56,0,57.433315
s0076,57,0,69.908615
s0076,58,0,50.7744
s0076,59,0,58.4607
s0076,60,0,58.18043
s0076,61,0,62.614372
s0076,62,0,68.394585
s0076,63,0,78.96268
s0076,64,0,71.41054
s0076,65,0,70.510315
s0076,66,0,68.45109
s0076,67,0,64.60014
s0076,68,0,69.68577
s0076,69,0,57.52464
s0076,70,0,58.040913
s0076,71,0,55.460567
s0076,72,0,62.495193
s0076,73,0,73.85508
s0076,74,0,77.57572
s0076,75,0,68.57453
s0076,76,0,71.29877
s0076,77,0,78.747284
s0076,78,0,70.310425
s0076,79,0,75.60076
s0076,80,0,73.502396
s0076,81,0,71.31198
s0076,82,0,67.029175
s0076,83,0,70.74504
s0076,84,0,80.343704
s0076,85,0,75.83797
s0076,86,0,58.023373
s0076,87,0,61.17816
s0076,88,0,63.410122
s0076,89,0,67.065895
s0076,90,0,53.380375
s0076,91,0,67.57219
s0076,92,0,65.84211
s0076,93,0,64.45919
s0076,94,0,62.55001
s0076,95,0,68.85639
s0077,0,0,46.05891
s0077,1,0,35.87989
s0077,2,0,49.16072
s0077,3,0,56.065556
s0077,4,0,54.98609
s0077,5,0,45.740498
s0077,6,0,45.038593
s0077,7,0,56.7112
s0077,8,0,70.693
s0077,9,0,57.86759
s0077,10,0,60.065926
s0077,11,0,65.889366
s0077,12,0,72.38101
s0077,13,0,68.54332
s0077,14,0,71.70791
s0077,15,0,73.40363
s0077,16,0,59.51436
s0077,17,0,68.387505
s0077,18,0,58.157238
s0077,19,0,64.48122
s0077,20,0,63.67383
s0077,21,0,55.196632
s0077,22,0,71.86183
s0077,23,0,61.10238
s0077,24,0,70.226555
s0077,25,0,60.30933
s0077,26,0,74.12765
s0077,27,0,63.800423
s0077,28,0,70.27528
s0077,29,0,74.717224
s0077,30,0,51.523323
s0077,31,0,67.71801
s0077,32,0,63.09127
s0077,33,0,55.573017
s0077,34,0,48.344383
s0077,35,0,52.720264
s0077,36,0,52.06607
s0077,37,0,47.71012
s0077,38,0,61.501976
s0077,39,0,47.07561
s0077,40,0,54.420597
s0077,41,0,60.928898
s0077,42,0,53.352158
s0077,43,0,34.926857
s0077,44,0,39.505463
s0077,45,0,33.095394
s0077,46,0,64.46247
s0077,47,0,40.393894
s0077,48,0,42.190422
s0077,49,0,45.70694
s0077,50,0,34.939934
s0077,51,0,36.685696
s0077,52,0,46.687935
s0077,53,0,47.929962
s0077,54,0,41.665485
s0077,55,0,51.91747
s0077,56,0,61.7759
s0077,57,0,56.84168
s0077,58,0,62.111755
s0077,59,0,64.3292
s0077,60,0,65.25646
s0077,61,0,57.619057
s0077,62,0,64.21454
s0077,63,0,64.31373
s0077,64,0,65.17942
s0077,65,0,68.94733
s0077,66,0,64.98717
s0077,67,0,63.28489
s0077,68,0,62.326244
s0077,69,0,62.333855
s0077,70,0,54.45541
s0077,71,0,67.72297
s0077,72,0,56.2574
s0077,73,0,68.50566
s0077,74,0,74.86178
s0077,75,0,79.123726
s0077,76,0,63.139523
s0077,77,0,70.54729
s0077,78,0,81.82401
s0077,79,0,72.68552
s0077,80,0,82.71945
s0077,81,0,73.846306
s0077,82,0,63.94502
s0077,83,0,76.25877
s0077,84,0,70.738464
s0077,85,0,71.28519
s0077,86,0,65.83485
s0077,87,0,63.26771
s0077,88,0,58.42932
s0077,89,0,59.561813
s0077,90,0,66.378876
s0077,91,0,75.368645
s0077,92,0,69.18564
s0077,93,0,69.00145
s0077,94,0,70.472
s0077,95,0,74.006714
s0078,0,0,51.68531
s0078,1,0,55.592163
s0078,2,0,42.39592
s0078,3,0,35.299694
s0078,4,0,56.22063
s0078,5,0,43.513622
s0078,6,0,48.99457
s0078,7,0,56.425293
s0078,8,0,60.292183
s0078,9,0,57.999973
s0078,10,0,63.43057
s0078,11,0,69.30538
s0078,12,0,59.84817
s0078,13,0,74.342354
s0078,14,0,66.25893
s0078,15,0,59.432278
s0078,16,0,64.44335
s0078,17,0,70.16485
s0078,18,0,64.34682
s0078,19,0,62.064205
s0078,20,0,73.58539
s0078,21,0,62.904
s0078,22,0,61.67192
s0078,23,0,75.09176
s0078,24,0,68.38216
s0078,25,0,70.57403
s0078,26,0,71.39137
s0078,27,0,54.173916
s0078,28,0,65.11262
s0078,29,0,68.51508
s0078,30,0,62.18384
s0078,31,0,64.78502
s0078,32,0,59.06411
s0078,33,0,55.195328
s0078,34,0,48.72304
s0078,35,0,56.34995
s0078,36,0,38.3575
s0078,37,0,54.768627
s0078,38,0,61.39009
s0078,39,0,43.10487
s0078,40,0,59.04748
s0078,41,0,50.305096
s0078,42,0,58.77977
s0078,43,0,43.85237
s0078,44,0,63.792763
s0078,45,0,52.62689
s0078,46,0,20.623734
s0078,47,0,58.118816
s0078,48,0,64.000885
s0078,49,0,34.80021
s0078,50,0,59.431057
s0078,51,0,46.800396
s0078,52,0,49.35647
s0078,53,0,60.074997
s0078,54,0,41.531223
s0078,55,0,51.26222
s0078,56,0,45.249798
s0078,57,0,73.70924
s0078,58,0,60.31123
s0078,59,0,58.816483
s0078,60,0,66.84414
s0078,61,0,72.22301
s0078,62,0,78.12606
s0078,63,0,71.358604
s0078,64,0,70.86951
s0078,65,0,65.84855
s0078,66,0,63.002922
s0078,67,0,58.064034
s0078,68,0,55.53401
s0078,69,0,66.61585
s0078,70,0,62.77355
s0078,71,0,60.673176
s0078,72,0,54.31522
s0078,73,0,66.50389
s0078,74,0,79.48786
s0078,75,0,66.222336
s0078,76,0,75.7169
s0078,77,0,72.41948
s0078,78,0,74.973335
s0078,79,0,70.31892
s0078,80,0,67.19658
s0078,81,0,68.76539
s0078,82,0,74.89072
s0078,83,0,54.496387
s0078,84,0,68.93617
s0078,85,0,74.23588
s0078,86,0,57.455643
s0078,87,0,71.73494
s0078,88,0,67.96781
s0078,89,0,56.95921
s0078,90,0,55.869324
s0078,91,0,62.70571
s0078,92,0,67.141556
s0078,93,0,62.97159
s0078,94,0,65.16639
s0078,95,0,72.20991
s0079,0,0,45.620037
s0079,1,0,42.443863
s0079,2,0,55.40267
s0079,3,0,43.647026
s0079,4,0,56.53119
s0079,5,0,58.741413
s0079,6,0,47.750763
s0079,7,0,53.365067
s0079,8,0,63.80579
s0079,9,0,52.69381
s0079,10,0,61.009583
s0079,11,0,67.92111
s0079,12,0,72.06852
s0079,13,0,66.22768
s0079,14,0,66.92886
s0079,15,0,75.77328
s0079,16,0,69.51961
s0079,17,0,64.047745
s0079,18,0,56.075108
s0079,19,0,69.30543
s0079,20,0,71.349754
s0079,21,0,64.8564
s0079,22,0,61.963814
s0079,23,0,72.01918
s0079,24,0,51.989723
s0079,25,0,70.1775
s0079,26,0,68.38211
s0079,27,0,61.217278
s0079,28,0,76.34838
s0079,29,0,77.248055
s0079,30,0,49.391182
s0079,31,0,55.986362
s0079,32,0,64.90135
s0079,33,0,52.87483
s0079,34,0,50.995613
s0079,35,0,53.902477
s0079,36,0,45.700504
s0079,37,0,65.77299
s0079,38,0,58.61366
s0079,39,0,62.89148
s0079,40,0,57.849922
s0079,41,0,55.133057
s0079,42,0,62.73415
s0079,43,0,38.854584
s0079,44,0,42.221638
s0079,45,0,62.397755
s0079,46,0,37.121265
s0079,47,0,66.98869
s0079,48,0,29.207514
s0079,49,0,54.611156
s0079,50,0,50.443497
s0079,51,0,66.418785
s0079,52,0,52.326996
s0079,53,0,51.591465
s0079,54,0,59.665592
s0079,55,0,45.78917
s0079,56,0,55.760956
s0079,57,0,60.841385
s0079,58,0,56.69814
s0079,59,0,80.68015
s0079,60,0,54.23278
s0079,61,0,60.78184
s0079,62,0,66.166176
s0079,63,0,73.815895
s0079,64,0,63.15626
s0079,65,0,70.314476
s0079,66,0,67.628586
s0079,67,0,55.33058
s0079,68,0,57.419426
s0079,69,0,67.41973
s0079,70,0,61.728176
s0079,71,0,53.06771
s0079,72,0,69.47282
s0079,73,0,74.26695
s0079,74,0,74.294174
s0079,75,0,79.44131
s0079,76,0,76.745865
s0079,77,0,80.70855
s0079,78,0,73.87596
s0079,79,0,67.13126
s0079,80,0,72.337814
s0079,81,0,65.31931
s0079,82,0,70.58441
s0079,83,0,72.23853
s0079,84,0,72.61289
s0079,85,0,70.84515
s0079,86,0,68.89998
s0079,87,0,55.849106
s0079,88,0,59.981384
s0079,89,0,56.68424
s0079,90,0,57.781704
s0079,91,0,67.37833
s0079,92,0,75.329
s0079,93,0,61.542534
s0079,94,0,64.52303
s0079,95,0,68.858246
s0080,0,0,54.859177
s0080,1,0,47.54064
s0080,2,0,44.987347
s0080,3,0,46.300186
s0080,4,0,57.86702
s0080,5,0,45.128845
s0080,6,0,64.31991
s0080,7,0,51.401566
s0080,8,0,56.05331
s0080,9,0,68.08941
s0080,10,0,53.599823
s0080,11,0,60.064945
s0080,12,0,68.607254
s0080,13,0,72.056305
s0080,14,0,57.590546
s0080,15,0,78.37745
s0080,16,0,69.493065
s0080,17,0,60.446857
s0080,18,0,65.06356
s0080,19,0,63.039967
s0080,20,0,73.073135
s0080,21,0,68.63651
s0080,22,0,60.07053
s0080,23,0,76.66098
s0080,24,0,63.920906
s0080,25,0,69.09872
s0080,26,0,71.62446
s0080,27,0,62.07166
s0080,28,0,77.19596
s0080,29,0,58.739006
s0080,30,0,58.844162
s0080,31,0,60.249977
s0080,32,0,65.26012
s0080,33,0,50.868546
s0080,34,0,51.56119
s0080,35,0,49.720795
s0080,36,0,54.101273
s0080,37,0,61.154163
s0080,38,0,59.800797
s0080,39,0,51.994713
s0080,40,0,52.524395
s0080,41,0,48.473053
s0080,42,0,57.685966
s0080,43,0,41.74678
s0080,44,0,40.556385
s0080,45,0,48.72937
s0080,46,0,57.68528
s0080,47,0,33.82689
s0080,48,0,58.376015
s0080,49,0,44.942078
s0080,50,0,29.323374
s0080,51,0,39.059177
s0080,52,0,60.972008
s0080,53,0,53.267372
s0080,54,0,57.474003
s0080,55,0,58.88591
s0080,56,0,55.72262
s0080,57,0,65.81131
s0080,58,0,58.06524
s0080,59,0,71.09163
s0080,60,0,63.864197
s0080,61,0,63.578243
s0080,62,0,72.85582
s0080,63,0,76.51167
s0080,64,0,60.5676
s0080,65,0,60.90779
s0080,66,0,70.49095
s0080,67,0,66.744545
s0080,68,0,74.49962
s0080,69,0,66.43819
s0080,70,0,56.193962
s0080,71,0,57.93637
s0080,72,0,60.72563
s0080,73,0,71.52142
s0080,74,0,70.2317
s0080,75,0,71.89114
s0080,76,0,72.81248
s0080,77,0,65.91457
s0080,78,0,72.65054
s0080,79,0,65.47677
s0080,80,0,65.6878
s0080,81,0,66.858894
s0080,82,0,78.75462
s0080,83,0,65.31665
s0080,84,0,66.86267
s0080,85,0,70.9708
s0080,86,0,73.50105
s0080,87,0,67.76439
s0080,88,0,66.345436
s0080,89,0,64.89866
s0080,90,0,54.915905
s0080,91,0,67.426994
s0080,92,0,73.88336
s0080,93,0,62.02622
s0080,94,0,69.27509
s0080,95,0,74.606735
s0081,0,0,52.6401
s0081,1,0,46.849403
s0081,2,0,46.44194
s0081,3,0,43.09871
s0081,4,0,53.430687
s0081,5,0,55.013638
s0081,6,0,51.720867
s0081,7,0,53.092876
s0081,8,0,57.24813
s0081,9,0,61.992805
s0081,10,0,58.81277
s0081,11,0,58.986454
s0081,12,0,65.650566
s0081,13,0,65.632454
s0081,14,0,71.71324
s0081,15,0,69.945656
s0081,16,0,61.330196
s0081,17,0,56.86131
s0081,18,0,65.6216
s0081,19,0,72.38146
s0081,20,0,70.11657
s0081,21,0,68.93991
s0081,22,0,60.24794
s0081,23,0,72.01414
s0081,24,0,78.39641
s0081,25,0,65.72908
s0081,26,0,61.809402
s0081,27,0,55.680824
s0081,28,0,62.24802
s0081,29,0,68.07642
s0081,30,0,58.320847
s0081,31,0,58.77904
s0081,32,0,62.092346
s0081,33,0,47.523193
s0081,34,0,61.61543
s0081,35,0,54.664444
s0081,36,0,62.335503
s0081,37,0,50.715946
s0081,38,0,64.67736
s0081,39,0,48.11806
s0081,40,0,59.241264
s0081,41,0,51.226337
s0081,42,0,42.266773
s0081,43,0,58.739204
s0081,44,0,52.67583
s0081,45,0,59.832386
s0081,46,0,34.553894
s0081,47,0,35.08225
s0081,48,0,51.30139
s0081,49,0,34.307743
s0081,50,0,37.847614
s0081,51,0,50.59402
s0081,52,0,45.022022
s0081,53,0,52.627384
s0081,54,0,54.963066
s0081,55,0,50.804874
s0081,56,0,59.89278
s0081,57,0,56.524704
s0081,58,0,60.57483
s0081,59,0,63.38732
s0081,60,0,56.53824
s0081,61,0,61.947174
s0081,62,0,74.74752
s0081,63,0,71.42854
s0081,64,0,74.100716
s0081,65,0,69.76441
s0081,66,0,67.2159
s0081,67,0,64.651085
s0081,68,0,67.66063
s0081,69,0,62.67634
s0081,70,0,52.97015
s0081,71,0,58.427616
s0081,72,0,63.971172
s0081,73,0,73.73237
s0081,74,0,74.61151
s0081,75,0,73.770935
s0081,76,0,64.72299
s0081,77,0,74.451515
s0081,78,0,68.18635
s0081,79,0,68.14346
s0081,80,0,72.50211
s0081,81,0,72.24037
s0081,82,0,69.7582
s0081,83,0,74.68592
s0081,84,0,66.53558
s0081,85,0,70.14196
s0081,86,0,58.43511
s0081,87,0,58.594486
s0081,88,0,60.539043
s0081,89,0,58.599705
s0081,90,0,61.1907
s0081,91,0,66.369095
s0081,92,0,65.40196
s0081,93,0,68.64714
s0081,94,0,70.63228
s0081,95,0,73.27782
s0082,0,0,56.240368
s0082,1,0,45.308746
s0082,2,0,43.496147
s0082,3,0,38.636963
s0082,4,0,52.860195
s0082,5,0,54.02418
s0082,6,0,50.336662
s0082,7,0,55.992035
s0082,8,0,64.35877
s0082,9,0,53.150585
s0082,10,0,67.43906
s0082,11,0,67.88118
s0082,12,0,68.372086
s0082,13,0,70.14572
s0082,14,0,65.033295
s0082,15,0,71.06468
s0082,16,0,68.87631
s0082,17,0,67.23323
s0082,18,0,67.821335
s0082,19,0,67.51687
s0082,20,0,69.802284
s0082,21,0,66.98566
s0082,22,0,67.71228
s0082,23,0,70.617744
s0082,24,0,70.98946
s0082,25,0,72.13087
s0082,26,0,69.79711
s0082,27,0,67.097336
s0082,28,0,67.04069
s0082,29,0,68.47069
s0082,30,0,57.191986
s0082,31,0,58.433792
s0082,32,0,57.793324
s0082,33,0,59.884506
s0082,34,0,59.944435
s0082,35,0,46.908283
s0082,36,0,54.243782
s0082,37,0,65.172615
s0082,38,0,58.71084
s0082,39,0,37.108894
s0082,40,0,72.7518
s0082,41,0,42.923576
s0082,42,0,38.37723
s0082,43,0,55.673695
s0082,44,0,53.02934
s0082,45,0,57.715675
s0082,46,0,38.322266
s0082,47,0,53.367065
s0082,48,0,55.17272
s0082,49,0,52.81652
s0082,50,0,52.931652
s0082,51,0,58.641346
s0082,52,0,49.31884
s0082,53,0,46.925777
s0082,54,0,58.92438
s0082,55,0,53.868233
s0082,56,0,50.321392
s0082,57,0,68.06499
s0082,58,0,61.55961
s0082,59,0,64.150665
s0082,60,0,58.284344
s0082,61,0,68.69836
s0082,62,0,67.72795
s0082,63,0,64.74105
s0082,64,0,52.908802
s0082,65,0,72.08224
s0082,66,0,77.462456
s0082,67,0,69.128944
s0082,68,0,66.27583
s0082,69,0,59.82423
s0082,70,0,68.131096
s0082,71,0,66.12255
s0082,72,0,62.031876
s0082,73,0,70.78464
s0082,74,0,76.57187
s0082,75,0,68.019135
s0082,76,0,68.73352
s0082,77,0,72.80909
s0082,78,0,70.962715
s0082,79,0,72.3642
s0082,80,0,72.80008
s0082,81,0,67.19398
s0082,82,0,64.93637
s0082,83,0,69.87235
s0082,84,0,65.22308
s0082,85,0,65.9318
s0082,86,0,60.00492
s0082,87,0,66.05051
s0082,88,0,54.387962
s0082,89,0,54.98717
s0082,90,0,54.15628
s0082,91,0,74.551735
s0082,92,0,63.555584
s0082,93,0,80.78627
s0082,94,0,76.6069
s0082,95,0,71.600494
s0083,0,0,57.588314
s0083,1,0,49.639755
s0083,2,0,41.708508
s0083,3,0,49.25419
s0083,4,0,52.79479
s0083,5,0,52.268093
s0083,6,0,51.685432
s0083,7,0,63.816055
s0083,8,0,55.735252
s0083,9,0,56.84084
s0083,10,0,60.64458
s0083,11,0,62.45193
s0083,12,0,68.49496
s0083,13,0,67.69529
s0083,14,0,69.06155
s0083,15,0,70.54561
s0083,16,0,68.72658
s0083,17,0,62.035683
s0083,18,0,62.74762
s0083,19,0,60.823544
s0083,20,0,69.98487
s0083,21,0,69.92005
s0083,22,0,64.60183
s0083,23,0,58.111023
s0083,24,0,72.90953
s0083,25,0,68.19691
s0083,26,0,73.76199
s0083,27,0,61.966354
s0083,28,0,75.95595
s0083,29,0,70.03277
s0083,30,0,57.739273
s0083,31,0,61.699913
s0083,32,0,64.70759
s0083,33,0,47.857067
s0083,34,0,57.74076
s0083,35,0,61.012966
s0083,36,0,54.27479
s0083,37,0,59.713596
s0083,38,0,59.03089
s0083,39,0,61.15804
s0083,40,0,61.14898
s0083,41,0,53.298687
s0083,42,0,44.24727
s0083,43,0,32.673534
s0083,44,0,48.87097
s0083,45,0,47.233524
s0083,46,0,58.655087
s0083,47,0,62.314453
s0083,48,0,45.61329
s0083,49,0,52.315674
s0083,50,0,51.772373
s0083,51,0,43.522934
s0083,52,0,37.953835
s0083,53,0,50.32913
s0083,54,0,53.092865
s0083,55,0,56.21637
s0083,56,0,51.17238
s0083,57,0,69.64857
s0083,58,0,66.069336
s0083,59,0,64.227196
s0083,60,0,60.329304
s0083,61,0,65.00202
s0083,62,0,72.34843
s0083,63,0,73.41159
s0083,64,0,55.570644
s0083,65,0,74.42563
s0083,66,0,60.72663
s0083,67,0,62.93944
s0083,68,0,71.745705
s0083,69,0,67.050964
s0083,70,0,52.974033
s0083,71,0,61.11158
s0083,72,0,63.49925
s0083,73,0,73.69908
s0083,74,0,80.831566
s0083,75,0,72.99873
s0083,76,0,78.29094
s0083,77,0,69.529305
s0083,78,0,70.79559
s0083,79,0,67.869286
s0083,80,0,66.939354
s0083,81,0,71.53024
s0083,82,0,67.67969
s0083,83,0,59.973576
s0083,84,0,63.5927
s0083,85,0,76.722404
s0083,86,0,76.30596
s0083,87,0,61.021244
s0083,88,0,67.87911
s0083,89,0,63.618896
s0083,90,0,55.43358
s0083,91,0,70.12133
s0083,92,0,64.88464
s0083,93,0,72.951614
s0083,94,0,72.33462
s0083,95,0,64.31179
s0084,0,0,55.37191
s0084,1,0,50.02433
s0084,2,0,38.542458
s0084,3,0,50.606487
s0084,4,0,51.39575
s0084,5,0,47.344116
s0084,6,0,53.319412
s0084,7,0,53.787304
s0084,8,0,66.1202
s0084,9,0,59.979195
s0084,10,0,59.487648
s0084,11,0,70.05887
s0084,12,0,68.5817
s0084,13,0,72.218575
s0084,14,0,57.729683
s0084,15,0,65.35614
s0084,16,0,64.35557
s0084,17,0,68.87738
s0084,18,0,71.21574
s0084,19,0,57.488697
s0084,20,0,60.56516
s0084,21,0,70.95923
s0084,22,0,64.78708
s0084,23,0,65.33493
s0084,24,0,67.5977
s0084,25,0,64.66318
s0084,26,0,76.66016
s0084,27,0,70.90977
s0084,28,0,74.14194
s0084,29,0,67.150276
s0084,30,0,64.241486
s0084,31,0,49.881824
s0084,32,0,59.839676
s0084,33,0,49.355587
s0084,34,0,55.679283
s0084,35,0,53.068806
s0084,36,0,55.833694
s0084,37,0,42.55777
s0084,38,0,55.920403
s0084,39,0,64.82566
s0084,40,0,56.924847
s0084,41,0,52.436417
s0084,42,0,64.47136
s0084,43,0,41.36405
s0084,44,0,44.802402
s0084,45,0,30.701553
s0084,46,0,28.925493
s0084,47,0,66.365295
s0084,48,0,50.633747
s0084,49,0,62.70164
s0084,50,0,45.078037
s0084,51,0,51.371094
s0084,52,0,49.097744
s0084,53,0,42.003094
s0084,54,0,47.751057
s0084,55,0,56.994537
s0084,56,0,64.41429
s0084,57,0,60.7389
s0084,58,0,67.108284
s0084,59,0,65.10185
s0084,60,0,51.83978
s0084,61,0,60.419853
s0084,62,0,72.56363
s0084,63,0,75.11961
s0084,64,0,61.743122
s0084,65,0,65.73276
s0084,66,0,76.14356
s0084,67,0,54.900146
s0084,68,0,68.6219
s0084,69,0,63.7279
s0084,70,0,55.03113
s0084,71,0,64.09784
s0084,72,0,62.89742
s0084,73,0,68.2799
s0084,74,0,68.3906
s0084,75,0,67.47242
s0084,76,0,80.54673
s0084,77,0,79.31498
s0084,78,0,76.95464
s0084,79,0,71.52175
s0084,80,0,69.405975
s0084,81,0,71.70388
s0084,82,0,64.47022
s0084,83,0,70.88683
s0084,84,0,69.52036
s0084,85,0,69.165565
s0084,86,0,61.826355
s0084,87,0,52.91557
s0084,88,0,58.705254
s0084,89,0,66.42276
s0084,90,0,62.705242
s0084,91,0,71.20171
s0084,92,0,78.5607
s0084,93,0,63.349686
s0084,94,0,79.45625
s0084,95,0,62.12403
s0085,0,0,54.212353
s0085,1,0,41.611477
s0085,2,0,33.434933
s0085,3,0,47.662636
s0085,4,0,50.704678
s0085,5,0,50.469757
s0085,6,0,54.311607
s0085,7,0,57.256832
s0085,8,0,56.96755
s0085,9,0,52.787754
s0085,10,0,55.575047
s0085,11,0,75.14494
s0085,12,0,71.621506
s0085,13,0,70.43493
s0085,14,0,64.241264
s0085,15,0,63.333168
s0085,16,0,69.00674
s0085,17,0,63.754124
s0085,18,0,63.516685
s0085,19,0,56.215954
s0085,20,0,60.38711
s0085,21,0,70.78267
s0085,22,0,61.016857
s0085,23,0,72.18022
s0085,24,0,70.265976
s0085,25,0,64.725006
s0085,26,0,66.31946
s0085,27,0,66.911476
s0085,28,0,64.337364
s0085,29,0,67.12816
s0085,30,0,54.92876
s0085,31,0,61.329567
s0085,32,0,58.794224
s0085,33,0,50.091167
s0085,34,0,49.60825
s0085,35,0,72.850716
s0085,36,0,58.010063
s0085,37,0,59.09943
s0085,38,0,63.321598
s0085,39,0,48.802242
s0085,40,0,57.508194
s0085,41,0,44.38753
s0085,42,0,43.724854
s0085,43,0,54.419846
s0085,44,0,65.990585
s0085,45,0,73.15438
s0085,46,0,44.39917
s0085,47,0,48.931927
s0085,48,0,31.470257
s0085,49,0,58.39827
s0085,50,0,45.44068
s0085,51,0,67.677505
s0085,52,0,41.119267
s0085,53,0,59.130688
s0085,54,0,52.731495
s0085,55,0,61.306496
s0085,56,0,51.504765
s0085,57,0,53.809208
s0085,58,0,60.967064
s0085,59,0,66.784935
s0085,60,0,72.28513
s0085,61,0,65.18136
s0085,62,0,75.51784
s0085,63,0,56.955227
s0085,64,0,61.541237
s0085,65,0,74.47936
s0085,66,0,69.336655
s0085,67,0,68.5226
s0085,68,0,62.40625
s0085,69,0,64.208626
s0085,70,0,48.766907
s0085,71,0,58.761826
s0085,72,0,55.052963
s0085,73,0,78.51113
s0085,74,0,70.48153
s0085,75,0,77.56336
s0085,76,0,73.3948
s0085,77,0,65.03952
s0085,78,0,62.42868
s0085,79,0,70.617966
s0085,80,0,67.33583
s0085,81,0,72.816246
s0085,82,0,58.898636
s0085,83,0,70.34886
s0085,84,0,71.69499
s0085,85,0,67.26636
s0085,86,0,62.702934
s0085,87,0,65.03551
s0085,88,0,56.32874
s0085,89,0,59.178165
s0085,90,0,52.08906
s0085,91,0,70.257225
s0085,92,0,70.32215
s0085,93,0,73.96994
s0085,94,0,60.464333
s0085,95,0,71.05095
s0086,0,0,54.050358
s0086,1,0,40.362423
s0086,2,0,49.365303
s0086,3,0,49.271233
s0086,4,0,46.54488
s0086,5,0,51.421204
s0086,6,0,54.955044
s0086,7,0,57.781338
s0086,8,0,62.764904
s0086,9,0,57.471718
s0086,10,0,56.480946
s0086,11,0,71.09433
s0086,12,0,67.53944
s0086,13,0,74.66054
s0086,14,0,75.11885
s0086,15,0,71.32594
s0086,16,0,59.172092
s0086,17,0,64.950134
s0086,18,0,56.77444
s0086,19,0,75.65384
s0086,20,0,68.77944
s0086,21,0,62.211716
s0086,22,0,61.878735
s0086,23,0,62.334766
s0086,24,0,71.30892
s0086,25,0,65.1938
s0086,26,0,80.43635
s0086,27,0,58.479042
s0086,28,0,68.085594
s0086,29,0,71.68945
s0086,30,0,62.182175
s0086,31,0,67.55829
s0086,32,0,57.227375
s0086,33,0,55.42676
s0086,34,0,56.190067
s0086,35,0,52.225574
s0086,36,0,44.69247
s0086,37,0,50.56987
s0086,38,0,50.660454
s0086,39,0,38.025963
s0086,40,0,73.92864
s0086,41,0,46.57766
s0086,42,0,36.510777
s0086,43,0,60.773315
s0086,44,0,47.517773
s0086,45,0,36.31955
s0086,46,0,34.98112
s0086,47,0,36.742813
s0086,48,0,50.082962
s0086,49,0,51.657295
s0086,50,0,39.42846
s0086,51,0,64.659134
s0086,52,0,52.073307
s0086,53,0,55.240437
s0086,54,0,56.70245
s0086,55,0,57.463894
s0086,56,0,62.072334
s0086,57,0,64.325485
s0086,58,0,62.49848
s0086,59,0,67.113625
s0086,60,0,56.762016
s0086,61,0,65.645515
s0086,62,0,74.876114
s0086,63,0,63.984154
s0086,64,0,72.48973
s0086,65,0,72.351585
s0086,66,0,70.28702
s0086,67,0,68.81634
s0086,68,0,74.47311
s0086,69,0,64.822876
s0086,70,0,63.571163
s0086,71,0,66.98977
s0086,72,0,58.30179
s0086,73,0,78.151344
s0086,74,0,69.69361
s0086,75,0,70.39748
s0086,76,0,79.13993
s0086,77,0,79.9427
s0086,78,0,74.451416
s0086,79,0,74.94522
s0086,80,0,76.71914
s0086,81,0,70.21676
s0086,82,0,63.46645
s0086,83,0,67.52453
s0086,84,0,71.60501
s0086,85,0,68.23439
s0086,86,0,69.034355
s0086,87,0,68.9372
s0086,88,0,68.1149
s0086,89,0,66.75268
s0086,90,0,57.238785
s0086,91,0,76.8584
s0086,92,0,63.17635
s0086,93,0,65.05014
s0086,94,0,75.69611
s0086,95,0,83.178795
s0087,0,0,54.38134
s0087,1,0,50.138943
s0087,2,0,42.044064
s0087,3,0,37.927868
s0087,4,0,59.154617
s0087,5,0,50.031235
s0087,6,0,66.442726
s0087,7,0,57.98154
s0087,8,0,61.563366
s0087,9,0,63.12177
s0087,10,0,60.704994
s0087,11,0,65.820915
s0087,12,0,69.56099
s0087,13,0,66.14554
s0087,14,0,67.53415
s0087,15,0,68.98482
s0087,16,0,66.07906
s0087,17,0,66.11902
s0087,18,0,63.713787
s0087,19,0,65.43575
s0087,20,0,70.6085
s0087,21,0,67.678406
s0087,22,0,57.593586
s0087,23,0,72.154015
s0087,24,0,62.56705
s0087,25,0,57.12245
s0087,26,0,70.43844
s0087,27,0,65.466446
s0087,28,0,73.65905
s0087,29,0,59.069405
s0087,30,0,57.253426
s0087,31,0,61.37427
s0087,32,0,55.294952
s0087,33,0,47.317383
s0087,34,0,54.463585
s0087,35,0,49.54902
s0087,36,0,54.490215
s0087,37,0,56.83248
s0087,38,0,51.193516
s0087,39,0,56.472286
s0087,40,0,60.354668
s0087,41,0,54.340256
s0087,42,0,42.740555
s0087,43,0,47.681763
s0087,44,0,57.005238
s0087,45,0,59.708717
s0087,46,0,45.07347
s0087,47,0,52.706963
s0087,48,0,38.4311
s0087,49,0,45.230785
s0087,50,0,40.897247
s0087,51,0,61.87917
s0087,52,0,44.646996
s0087,53,0,47.440857
s0087,54,0,53.217262
s0087,55,0,40.31038
s0087,56,0,59.154858
s0087,57,0,65.04766
s0087,58,0,59.679993
s0087,59,0,62.863846
s0087,60,0,63.79982
s0087,61,0,55.195724
s0087,62,0,63.58361
s0087,63,0,69.64526
s0087,64,0,57.51882
s0087,65,0,60.953693
s0087,66,0,65.538086
s0087,67,0,67.14965
s0087,68,0,64.2934
s0087,69,0,68.96736
s0087,70,0,61.587193
s0087,71,0,68.18793
s0087,72,0,54.394634
s0087,73,0,67.53619
s0087,74,0,66.8951
s0087,75,0,82.623695
s0087,76,0,76.62887
s0087,77,0,66.01964
s0087,78,0,81.78406
s0087,79,0,76.69884
s0087,80,0,64.397064
s0087,81,0,73.67391
s0087,82,0,64.50135
s0087,83,0,67.99025
s0087,84,0,66.64079
s0087,85,0,69.48547
s0087,86,0,64.316765
s0087,87,0,61.016006
s0087,88,0,61.085445
s0087,89,0,60.130253
s0087,90,0,53.499702
s0087,91,0,75.23127
s0087,92,0,64.38476
s0087,93,0,64.12696
s0087,94,0,71.494705
s0087,95,0,72.81708
s0088,0,0,54.222862
s0088,1,0,45.596394
s0088,2,0,36.635094
s0088,3,0,51.074734
s0088,4,0,52.40762
s0088,5,0,54.521328
s0088,6,0,47.47277
s0088,7,0,55.24703
s0088,8,0,69.62495
s0088,9,0,57.66458
s0088,10,0,62.746124
s0088,11,0,69.17467
s0088,12,0,66.351456
s0088,13,0,67.05816
s0088,14,0,70.98598
s0088,15,0,69.304794
s0088,16,0,61.401978
s0088,17,0,58.15253
s0088,18,0,61.582138
s0088,19,0,70.08528
s0088,20,0,68.21013
s0088,21,0,68.20189
s0088,22,0,66.32675
s0088,23,0,60.784985
s0088,24,0,62.310738
s0088,25,0,75.63271
s0088,26,0,65.7419
s0088,27,0,62.297466
s0088,28,0,73.103584
s0088,29,0,76.83319
s0088,30,0,56.502716
s0088,31,0,62.463573
s0088,32,0,55.523205
s0088,33,0,56.810505
s0088,34,0,53.555862
s0088,35,0,38.30322
s0088,36,0,65.16448
s0088,37,0,64.110886
s0088,38,0,63.45753
s0088,39,0,47.092033
s0088,40,0,59.521564
s0088,41,0,64.2688
s0088,42,0,35.73907
s0088,43,0,53.911564
s0088,44,0,26.924318
s0088,45,0,41.91748
s0088,46,0,61.374546
s0088,47,0,29.530628
s0088,48,0,26.514654
s0088,49,0,55.389606
s0088,50,0,46.056114
s0088,51,0,47.703342
s0088,52,0,59.520493
s0088,53,0,59.914307
s0088,54,0,51.422104
s0088,55,0,64.273605
s0088,56,0,72.35343
s0088,57,0,54.98037
s0088,58,0,55.743263
s0088,59,0,58.277233
s0088,60,0,63.48546
s0088,61,0,66.10779
s0088,62,0,80.27307
s0088,63,0,71.36692
s0088,64,0,61.63714
s0088,65,0,70.72236
s0088,66,0,74.10053
s0088,67,0,63.42869
s0088,68,0,66.22615
s0088,69,0,65.08509
s0088,70,0,68.27398
s0088,71,0,48.4069
s0088,72,0,51.985386
s0088,73,0,71.77522
s0088,74,0,70.186325
s0088,75,0,72.50195
s0088,76,0,86.19412
s0088,77,0,74.99342
s0088,78,0,60.455368
s0088,79,0,72.75053
s0088,80,0,63.35177
s0088,81,0,67.67817
s0088,82,0,64.2639
s0088,83,0,77.35222
s0088,84,0,62.70588
s0088,85,0,81.595184
s0088,86,0,64.75986
s0088,87,0,57.50964
s0088,88,0,68.00074
s0088,89,0,64.27339
s0088,90,0,45.091095
s0088,91,0,62.117596
s0088,92,0,67.15872
s0088,93,0,73.64799
s0088,94,0,73.99105
s0088,95,0,61.435616
s0089,0,0,55.22826
s0089,1,0,52.548935
s0089,2,0,34.057564
s0089,3,0,56.228966
s0089,4,0,55.252712
s0089,5,0,57.012627
s0089,6,0,50.557247
s0089,7,0,53.02296
s0089,8,0,68.211784
s0089,9,0,63.796303
s0089,10,0,58.09033
s0089,11,0,66.96683
s0089,12,0,71.07036
s0089,13,0,74.31501
s0089,14,0,66.86559
s0089,15,0,67.04574
s0089,16,0,70.11638
s0089,17,0,68.17181
s0089,18,0,65.91093
s0089,19,0,68.49257
s0089,20,0,69.70394
s0089,21,0,69.766365
s0089,22,0,61.050354
s0089,23,0,73.234856
s0089,24,0,68.75926
s0089,25,0,61.162582
s0089,26,0,67.76428
s0089,27,0,65.60652
s0089,28,0,73.43821
s0089,29,0,66.94436
s0089,30,0,53.804485
s0089,31,0,76.33253
s0089,32,0,56.844967
s0089,33,0,54.174225
s0089,34,0,54.70117
s0089,35,0,58.226913
s0089,36,0,54.498554
s0089,37,0,54.812355
s0089,38,0,52.46594
s0089,39,0,40.822044
s0089,40,0,58.207264
s0089,41,0,53.366287
s0089,42,0,43.8858
s0089,43,0,46.481743
s0089,44,0,59.13868
s0089,45,0,68.301384
s0089,46,0,43.391323
s0089,47,0,31.528934
s0089,48,0,56.56065
s0089,49,0,64.74331
s0089,50,0,43.241817
s0089,51,0,58.425194
s0089,52,0,52.18597
s0089,53,0,52.895252
s0089,54,0,47.64397
s0089,55,0,49.700245
s0089,56,0,53.689106
s0089,57,0,60.987827
s0089,58,0,52.676167
s0089,59,0,66.284515
s0089,60,0,71.75143
s0089,61,0,55.918
s0089,62,0,70.1014
s0089,63,0,67.922226
s0089,64,0,70.49118
s0089,65,0,73.723564
s0089,66,0,65.72162
s0089,67,0,56.927296
s0089,68,0,72.551384
s0089,69,0,59.12744
s0089,70,0,60.16905
s0089,71,0,58.441986
s0089,72,0,67.92452
s0089,73,0,76.42606
s0089,74,0,70.54996
s0089,75,0,77.09352
s0089,76,0,67.47077
s0089,77,0,76.03355
s0089,78,0,72.00314
s0089,79,0,71.39672
s0089,80,0,60.629215
s0089,81,0,69.09275
s0089,82,0,56.465584
s0089,83,0,63.97156
s0089,84,0,70.943695
s0089,85,0,71.64796
s0089,86,0,64.65705
s0089,87,0,72.465614
s0089,88,0,62.89834
s0089,89,0,66.0652
s0089,90,0,49.931812
s0089,91,0,66.922264
s0089,92,0,64.37316
s0089,93,0,67.48155
s0089,94,0,77.226685
s0089,95,0,62.304085
s0090,0,0,56.374382
s0090,1,0,51.151356
s0090,2,0,44.4837
s0090,3,0,50.249924
s0090,4,0,62.271698
s0090,5,0,55.260136
s0090,6,0,49.59046
s0090,7,0,56.58644
s0090,8,0,60.20609
s0090,9,0,61.037464
s0090,10,0,67.384186
s0090,11,0,79.16583
s0090,12,0,74.37099
s0090,13,0,72.25709
s0090,14,0,62.090557
s0090,15,0,60.442932
s0090,16,0,62.986202
s0090,17,0,58.885403
s0090,18,0,51.19616
s0090,19,0,74.97795
s0090,20,0,57.259556
s0090,21,0,62.394894
s0090,22,0,61.38042
s0090,23,0,73.564896
s0090,24,0,66.58719
s0090,25,0,71.74086
s0090,26,0,77.88909
s0090,27,0,66.16344
s0090,28,0,71.645905
s0090,29,0,58.831936
s0090,30,0,53.999435
s0090,31,0,56.227497
s0090,32,0,54.816532
s0090,33,0,58.40652
s0090,34,0,41.309002
s0090,35,0,63.074505
s0090,36,0,61.163437
s0090,37,0,53.31791
s0090,38,0,62.841446
s0090,39,0,52.12458
s0090,40,0,68.41712
s0090,41,0,40.73748
s0090,42,0,26.186485
s0090,43,0,26.859232
s0090,44,0,50.83241
s0090,45,0,46.731873
s0090,46,0,24.090448
s0090,47,0,67.71439
s0090,48,0,48.733887
s0090,49,0,63.806606
s0090,50,0,51.227936
s0090,51,0,48.24543
s0090,52,0,49.048042
s0090,53,0,50.85757
s0090,54,0,42.739273
s0090,55,0,41.313725
s0090,56,0,57.649876
s0090,57,0,63.118378
s0090,58,0,58.441444
s0090,59,0,71.942535
s0090,60,0,58.22393
s0090,61,0,56.632347
s0090,62,0,68.76494
s0090,63,0,69.303635
s0090,64,0,66.22941
s0090,65,0,58.59591
s0090,66,0,70.483925
s0090,67,0,62.187794
s0090,68,0,66.04672
s0090,69,0,55.391758
s0090,70,0,62.20729
s0090,71,0,60.348473
s0090,72,0,67.54626
s0090,73,0,70.344154
s0090,74,0,66.940094
s0090,75,0,75.91664
s0090,76,0,83.050064
s0090,77,0,76.01028
s0090,78,0,67.634575
s0090,79,0,84.66627
s0090,80,0,79.27373
s0090,81,0,72.05149
s0090,82,0,66.40924
s0090,83,0,71.18575
s0090,84,0,67.2719
s0090,85,0,72.187355
s0090,86,0,62.105755
s0090,87,0,62.185204
s0090,88,0,56.312614
s0090,89,0,61.17096
s0090,90,0,53.327095
s0090,91,0,71.40743
s0090,92,0,62.53402
s0090,93,0,80.613655
s0090,94,0,63.251812
s0090,95,0,63.659286
s0091,0,0,59.26223
s0091,1,0,52.45358
s0091,2,0,48.240116
s0091,3,0,37.037567
s0091,4,0,63.390182
s0091,5,0,49.875317
s0091,6,0,52.844627
s0091,7,0,55.048103
s0091,8,0,58.868206
s0091,9,0,62.50454
s0091,10,0,58.32058
s0091,11,0,64.69713
s0091,12,0,62.653458
s0091,13,0,71.307724
s0091,14,0,56.344208
s0091,15,0,70.22605
s0091,16,0,63.329533
s0091,17,0,58.443474
s0091,18,0,70.173645
s0091,19,0,64.12276
s0091,20,0,64.09384
s0091,21,0,66.44876
s0091,22,0,65.0401
s0091,23,0,66.382774
s0091,24,0,74.4698
s0091,25,0,69.72898
s0091,26,0,67.92693
s0091,27,0,63.695915
s0091,28,0,72.102516
s0091,29,0,68.247574
s0091,30,0,63.160515
s0091,31,0,68.999245
s0091,32,0,60.92085
s0091,33,0,51.767845
s0091,34,0,50.965797
s0091,35,0,48.60228
s0091,36,0,49.573578
s0091,37,0,37.85483
s0091,38,0,59.519024
s0091,39,0,55.9437
s0091,40,0,53.6098
s0091,41,0,68.96618
s0091,42,0,46.170753
s0091,43,0,64.0892
s0091,44,0,63.720547
s0091,45,0,31.887337
s0091,46,0,31.586563
s0091,47,0,47.26313
s0091,48,0,41.70814
s0091,49,0,40.742676
s0091,50,0,54.84216
s0091,51,0,54.58766
s0091,52,0,54.49744
s0091,53,0,44.139965
s0091,54,0,49.70319
s0091,55,0,53.159622
s0091,56,0,60.70576
s0091,57,0,71.71637
s0091,58,0,56.090122
s0091,59,0,57.101532
s0091,60,0,59.879295
s0091,61,0,62.927616
s0091,62,0,71.98352
s0091,63,0,83.1085
s0091,64,0,70.972115
s0091,65,0,64.66198
s0091,66,0,69.53748
s0091,67,0,64.47156
s0091,68,0,67.14627
s0091,69,0,60.38435
s0091,70,0,65.305374
s0091,71,0,64.31888
s0091,72,0,66.39834
s0091,73,0,73.42504
s0091,74,0,70.11615
s0091,75,0,69.31875
s0091,76,0,72.701836
s0091,77,0,64.5922
s0091,78,0,82.41231
s0091,79,0,63.487007
s0091,80,0,70.18259
s0091,81,0,70.25419
s0091,82,0,62.917103
s0091,83,0,64.58919
s0091,84,0,68.80639
s0091,85,0,76.78536
s0091,86,0,59.936375
s0091,87,0,59.99478
s0091,88,0,59.69176
s0091,89,0,64.93662
s0091,90,0,59.110275
s0091,91,0,60.912384
s0091,92,0,73.51803
s0091,93,0,74.8912
s0091,94,0,74.46826
s0091,95,0,75.22624
s0092,0,0,53.439873
s0092,1,0,43.02951
s0092,2,0,53.468525
s0092,3,0,49.286716
s0092,4,0,48.045288
s0092,5,0,56.782574
s0092,6,0,53.858356
s0092,7,0,54.55821
s0092,8,0,60.627563
s0092,9,0,61.465324
s0092,10,0,52.47872
s0092,11,0,66.93534
s0092,12,0,63.381954
s0092,13,0,66.66057
s0092,14,0,69.54431
s0092,15,0,67.67295
s0092,16,0,74.79687
s0092,17,0,70.10679
s0092,18,0,52.91343
s0092,19,0,64.03493
s0092,20,0,69.068214
s0092,21,0,69.518684
s0092,22,0,68.619415
s0092,23,0,65.30465
s0092,24,0,78.856186
s0092,25,0,69.32636
s0092,26,0,69.64017
s0092,27,0,67.31835
s0092,28,0,74.65736
s0092,29,0,64.25893
s0092,30,0,64.747925
s0092,31,0,64.90075
s0092,32,0,61.002987
s0092,33,0,55.99193
s0092,34,0,55.784107
s0092,35,0,54.655754
s0092,36,0,49.481953
s0092,37,0,62.565258
s0092,38,0,61.1491
s0092,39,0,56.094494
s0092,40,0,65.01678
s0092,41,0,47.94332
s0092,42,0,57.0408
s0092,43,0,31.934713
s0092,44,0,48.651062
s0092,45,0,78.42985
s0092,46,0,18.637077
s0092,47,0,42.186913
s0092,48,0,58.889156
s0092,49,0,38.62677
s0092,50,0,59.74874
s0092,51,0,50.37606
s0092,52,0,56.360504
s0092,53,0,65.99527
s0092,54,0,56.103767
s0092,55,0,58.838703
s0092,56,0,65.7315
s0092,57,0,63.478153
s0092,58,0,56.366104
s0092,59,0,64.254684
s0092,60,0,65.801575
s0092,61,0,66.37293
s0092,62,0,69.30795
s0092,63,0,71.3059
s0092,64,0,54.946938
s0092,65,0,58.657116
s0092,66,0,63.711243
s0092,67,0,63.248283
s0092,68,0,64.00106
s0092,69,0,56.466152
s0092,70,0,52.253548
s0092,71,0,60.964157
s0092,72,0,53.07401
s0092,73,0,75.24374
s0092,74,0,76.87386
s0092,75,0,65.92633
s0092,76,0,76.08734
s0092,77,0,69.52475
s0092,78,0,67.10122
s0092,79,0,80.28672
s0092,80,0,73.51581
s0092,81,0,70.18073
s0092,82,0,71.46941
s0092,83,0,65.12453
s0092,84,0,66.482735
s0092,85,0,68.53116
s0092,86,0,68.89899
s0092,87,0,63.66803
s0092,88,0,61.3359
s0092,89,0,63.94528
s0092,90,0,62.46981
s0092,91,0,75.52679
s0092,92,0,75.74002
s0092,93,0,68.47015
s0092,94,0,60.286396
s0092,95,0,80.02626
s0093,0,0,53.9766
s0093,1,0,52.76003
s0093,2,0,41.79446
s0093,3,0,49.51475
s0093,4,0,47.576725
s0093,5,0,60.24988
s0093,6,0,51.596363
s0093,7,0,49.993465
s0093,8,0,55.60042
s0093,9,0,62.0608
s0093,10,0,64.40167
s0093,11,0,64.21499
s0093,12,0,69.09568
s0093,13,0,67.17676
s0093,14,0,66.3455
s0093,15,0,69.99937
s0093,16,0,70.08261
s0093,17,0,65.742455
s0093,18,0,65.93542
s0093,19,0,59.812527
s0093,20,0,67.65137
s0093,21,0,62.088
s0093,22,0,58.698723
s0093,23,0,70.68914
s0093,24,0,69.30573
s0093,25,0,61.27116
s0093,26,0,65.42331
s0093,27,0,55.50279
s0093,28,0,77.90596
s0093,29,0,64.822876
s0093,30,0,59.67565
s0093,31,0,65.45171
s0093,32,0,50.690292
s0093,33,0,52.34732
s0093,34,0,47.336018
s0093,35,0,52.05362
s0093,36,0,59.99072
s0093,37,0,58.390533
s0093,38,0,54.149395
s0093,39,0,54.022606
s0093,40,0,65.24589
s0093,41,0,57.400925
s0093,42,0,59.596016
s0093,43,0,57.760403
s0093,44,0,39.21781
s0093,45,0,55.941395
s0093,46,0,37.20589
s0093,47,0,44.165947
s0093,48,0,39.701576
s0093,49,0,45.590645
s0093,50,0,51.595867
s0093,51,0,61.864193
s0093,52,0,46.632946
s0093,53,0,56.46809
s0093,54,0,61.486843
s0093,55,0,54.949066
s0093,56,0,63.349445
s0093,57,0,63.848255
s0093,58,0,60.843327
s0093,59,0,64.098694
s0093,60,0,64.83841
s0093,61,0,63.553646
s0093,62,0,72.187996
s0093,63,0,71.70766
s0093,64,0,66.527885
s0093,65,0,64.041664
s0093,66,0,68.32108
s0093,67,0,63.624783
s0093,68,0,61.11867
s0093,69,0,58.692997
s0093,70,0,57.661583
s0093,71,0,60.434284
s0093,72,0,56.060684
s0093,73,0,61.374123
s0093,74,0,74.48734
s0093,75,0,81.98755
s0093,76,0,69.45269
s0093,77,0,67.432686
s0093,78,0,76.6791
s0093,79,0,65.52007
s0093,80,0,62.747307
s0093,81,0,74.6252
s0093,82,0,66.59415
s0093,83,0,67.12692
s0093,84,0,56.08409
s0093,85,0,79.649
s0093,86,0,62.241993
s0093,87,0,68.72797
s0093,88,0,59.725525
s0093,89,0,64.049324
s0093,90,0,57.34789
s0093,91,0,75.57731
s0093,92,0,73.05813
s0093,93,0,79.43881
s0093,94,0,79.854965
s0093,95,0,72.054565
s0094,0,0,53.038296
s0094,1,0,48.522778
s0094,2,0,56.233776
s0094,3,0,50.582798
s0094,4,0,50.84932
s0094,5,0,56.107307
s0094,6,0,52.871983
s0094,7,0,66.79402
s0094,8,0,60.317123
s0094,9,0,67.44064
s0094,10,0,55.62529
s0094,11,0,67.44794
s0094,12,0,64.884476
s0094,13,0,65.26441
s0094,14,0,61.303146
s0094,15,0,70.935455
s0094,16,0,53.171513
s0094,17,0,66.195465
s0094,18,0,62.58325
s0094,19,0,63.888615
s0094,20,0,73.221115
s0094,21,0,62.414196
s0094,22,0,63.457546
s0094,23,0,61.6039
s0094,24,0,63.794197
s0094,25,0,76.283745
s0094,26,0,72.63011
s0094,27,0,69.67425
s0094,28,0,66.96047
s0094,29,0,78.84789
s0094,30,0,63.02526
s0094,31,0,55.47355
s0094,32,0,60.518913
s0094,33,0,63.69602
s0094,34,0,43.628872
s0094,35,0,56.504406
s0094,36,0,48.482483
s0094,37,0,60.559315
s0094,38,0,59.874985
s0094,39,0,48.876995
s0094,40,0,59.405594
s0094,41,0,64.0029
s0094,42,0,56.649483
s0094,43,0,41.716877
s0094,44,0,64.72177
s0094,45,0,37.8005
s0094,46,0,31.962156
s0094,47,0,54.419632
s0094,48,0,49.4676
s0094,49,0,46.0479
s0094,50,0,43.676132
s0094,51,0,50.848286
s0094,52,0,42.71405
s0094,53,0,36.835938
s0094,54,0,52.824055
s0094,55,0,69.24299
s0094,56,0,64.30976
s0094,57,0,51.286686
s0094,58,0,61.57561
s0094,59,0,64.304924
s0094,60,0,65.03643
s0094,61,0,57.750095
s0094,62,0,65.938095
s0094,63,0,67.74385
s0094,64,0,62.87611
s0094,65,0,59.734257
s0094,66,0,60.017445
s0094,67,0,70.35163
s0094,68,0,60.008755
s0094,69,0,63.743626
s0094,70,0,50.926228
s0094,71,0,72.852554
s0094,72,0,65.93993
s0094,73,0,65.065506
s0094,74,0,73.05514
s0094,75,0,75.4802
s0094,76,0,68.50118
s0094,77,0,63.88774
s0094,78,0,66.26432
s0094,79,0,65.03166
s0094,80,0,68.13261
s0094,81,0,75.2734
s0094,82,0,68.09122
s0094,83,0,77.82363
s0094,84,0,67.24378
s0094,85,0,73.676476
s0094,86,0,69.955864
s0094,87,0,60.78073
s0094,88,0,70.51663
s0094,89,0,58.620182
s0094,90,0,54.59689
s0094,91,0,68.95156
s0094,92,0,60.5197
s0094,93,0,69.14481
s0094,94,0,64.87511
s0094,95,0,75.48483
s0095,0,0,56.927834
s0095,1,0,46.80421
s0095,2,0,55.654205
s0095,3,0,38.921604
s0095,4,0,49.555187
s0095,5,0,47.064564
s0095,6,0,40.680428
s0095,7,0,57.85723
s0095,8,0,62.383694
s0095,9,0,63.570305
s0095,10,0,57.464706
s0095,11,0,65.92208
s0095,12,0,68.84686
s0095,13,0,75.31143
s0095,14,0,64.63413
s0095,15,0,72.372055
s0095,16,0,60.233948
s0095,17,0,70.68338
s0095,18,0,72.09532
s0095,19,0,58.08142
s0095,20,0,65.24528
s0095,21,0,60.872528
s0095,22,0,64.452965
s0095,23,0,71.913666
s0095,24,0,65.486534
s0095,25,0,72.64647
s0095,26,0,78.58269
s0095,27,0,60.51422
s0095,28,0,71.63503
s0095,29,0,60.890594
s0095,30,0,61.262836
s0095,31,0,67.9545
s0095,32,0,62.70529
s0095,33,0,49.519516
s0095,34,0,43.96125
s0095,35,0,57.901417
s0095,36,0,60.162594
s0095,37,0,68.54796
s0095,38,0,53.260113
s0095,39,0,51.89735
s0095,40,0,61.334927
s0095,41,0,38.64713
s0095,42,0,31.879824
s0095,43,0,52.341698
s0095,44,0,61.659794
s0095,45,0,41.32293
s0095,46,0,22.258755
s0095,47,0,61.197613
s0095,48,0,39.806076
s0095,49,0,42.39388
s0095,50,0,44.92542
s0095,51,0,51.70506
s0095,52,0,56.59409
s0095,53,0,46.62695
s0095,54,0,47.7533
s0095,55,0,52.598206
s0095,56,0,55.093956
s0095,57,0,70.58791
s0095,58,0,52.061726
s0095,59,0,60.146904
s0095,60,0,63.04755
s0095,61,0,63.595493
s0095,62,0,69.07662
s0095,63,0,67.22236
s0095,64,0,75.56082
s0095,65,0,62.81971
s0095,66,0,59.524452
s0095,67,0,58.443253
s0095,68,0,69.659065
s0095,69,0,63.370327
s0095,70,0,57.72543
s0095,71,0,53.90514
s0095,72,0,61.2484
s0095,73,0,67.32114
s0095,74,0,83.43598
s0095,75,0,63.334347
s0095,76,0,66.66107
s0095,77,0,63.04688
s0095,78,0,66.36893
s0095,79,0,78.016495
s0095,80,0,69.866875
s0095,81,0,69.148705
s0095,82,0,69.180756
s0095,83,0,61.660686
s0095,84,0,71.589485
s0095,85,0,73.80952
s0095,86,0,64.27922
s0095,87,0,61.03869
s0095,88,0,59.029655
s0095,89,0,59.740993
s0095,90,0,66.82506
s0095,91,0,68.75762
s0095,92,0,69.496735
s0095,93,0,61.69776
s0095,94,0,70.38119
s0095,95,0,78.19659
s0096,0,0,58.795097
s0096,1,0,44.09856
s0096,2,0,46.373398
s0096,3,0,53.71448
s0096,4,0,52.604866
s0096,5,0,56.701553
s0096,6,0,56.350082
s0096,7,0,62.511215
s0096,8,0,60.45405
s0096,9,0,49.82954
s0096,10,0,61.41087
s0096,11,0,62.095993
s0096,12,0,64.61394
s0096,13,0,59.626514
s0096,14,0,65.401344
s0096,15,0,70.18761
s0096,16,0,68.701904
s0096,17,0,70.376945
s0096,18,0,62.238197
s0096,19,0,61.15702
s0096,20,0,71.76061
s0096,21,0,64.96367
s0096,22,0,69.91308
s0096,23,0,66.25297
s0096,24,0,69.49968
s0096,25,0,64.54684
s0096,26,0,73.38727
s0096,27,0,67.20853
s0096,28,0,70.75402
s0096,29,0,72.671906
s0096,30,0,45.731014
s0096,31,0,69.25114
s0096,32,0,66.69082
s0096,33,0,45.31125
s0096,34,0,38.98063
s0096,35,0,48.06461
s0096,36,0,52.26369
s0096,37,0,62.88442
s0096,38,0,56.36869
s0096,39,0,51.350376
s0096,40,0,65.503456
s0096,41,0,45.95261
s0096,42,0,47.124878
s0096,43,0,39.159367
s0096,44,0,52.74876
s0096,45,0,62.65292
s0096,46,0,46.23142
s0096,47,0,50.17453
s0096,48,0,45.19491
s0096,49,0,67.30062
s0096,50,0,37.161236
s0096,51,0,50.967335
s0096,52,0,32.81929
s0096,53,0,62.801224
s0096,54,0,49.847237
s0096,55,0,55.417625
s0096,56,0,57.896717
s0096,57,0,54.988018
s0096,58,0,50.050686
s0096,59,0,65.919014
s0096,60,0,66.473305
s0096,61,0,64.66908
s0096,62,0,80.7253
s0096,63,0,74.117645
s0096,64,0,66.517525
s0096,65,0,58.7223
s0096,66,0,66.4386
s0096,67,0,59.80923
s0096,68,0,61.560535
s0096,69,0,68.11907
s0096,70,0,52.28723
s0096,71,0,62.55096
s0096,72,0,61.82078
s0096,73,0,68.73109
s0096,74,0,74.91658
s0096,75,0,78.499245
s0096,76,0,64.8147
s0096,77,0,67.71175
s0096,78,0,68.48985
s0096,79,0,73.896484
s0096,80,0,69.177025
s0096,81,0,80.91326
s0096,82,0,68.138306
s0096,83,0,62.027542
s0096,84,0,68.95945
s0096,85,0,75.67891
s0096,86,0,63.309273
s0096,87,0,57.714024
s0096,88,0,62.86333
s0096,89,0,60.638126
s0096,90,0,61.412487
s0096,91,0,71.58638
s0096,92,0,72.09762
s0096,93,0,78.91717
s0096,94,0,72.82421
s0096,95,0,66.71425
s0097,0,0,50.302082
s0097,1,0,50.242245
s0097,2,0,39.53081
s0097,3,0,38.0009
s0097,4,0,53.91143
s0097,5,0,52.859753
s0097,6,0,49.307312
s0097,7,0,57.423447
s0097,8,0,56.57966
s0097,9,0,62.018906
s0097,10,0,56.30098
s0097,11,0,64.29926
s0097,12,0,72.60664
s0097,13,0,69.36634
s0097,14,0,73.51147
s0097,15,0,67.33834
s0097,16,0,65.28005
s0097,17,0,66.33859
s0097,18,0,72.97239
s0097,19,0,68.12317
s0097,20,0,66.46869
s0097,21,0,57.786335
s0097,22,0,57.59276
s0097,23,0,59.289024
s0097,24,0,69.823746
s0097,25,0,74.410355
s0097,26,0,73.58831
s0097,27,0,61.297504
s0097,28,0,66.25696
s0097,29,0,65.89883
s0097,30,0,60.640785
s0097,31,0,62.898155
s0097,32,0,64.522675
s0097,33,0,59.951942
s0097,34,0,40.157524
s0097,35,0,61.490776
s0097,36,0,48.229176
s0097,37,0,62.441105
s0097,38,0,57.412277
s0097,39,0,48.74442
s0097,40,0,70.02296
s0097,41,0,46.79404
s0097,42,0,47.039185
s0097,43,0,55.471184
s0097,44,0,27.9695
s0097,45,0,67.8451
s0097,46,0,56.26406
s0097,47,0,56.922752
s0097,48,0,46.734943
s0097,49,0,37.776676
s0097,50,0,62.01665
s0097,51,0,55.40853
s0097,52,0,47.93235
s0097,53,0,49.211575
s0097,54,0,62.710262
s0097,55,0,62.42954
s0097,56,0,62.870804
s0097,57,0,58.160652
s0097,58,0,53.092552
s0097,59,0,65.913475
s0097,60,0,70.44099
s0097,61,0,62.75168
s0097,62,0,71.40106
s0097,63,0,72.97178
s0097,64,0,67.63587
s0097,65,0,59.833366
s0097,66,0,68.73656
s0097,67,0,71.08333
s0097,68,0,71.02214
s0097,69,0,62.92386
s0097,70,0,61.330566
s0097,71,0,52.092445
s0097,72,0,54.593323
s0097,73,0,58.752125
s0097,74,0,77.48768
s0097,75,0,75.73863
s0097,76,0,71.389694
s0097,77,0,69.28425
s0097,78,0,72.37323
s0097,79,0,78.65998
s0097,80,0,67.09556
s0097,81,0,68.4348
s0097,82,0,64.46541
s0097,83,0,62.16161
s0097,84,0,74.31767
s0097,85,0,67.599205
s0097,86,0,63.55105
s0097,87,0,56.825775
s0097,88,0,58.268158
s0097,89,0,70.63175
s0097,90,0,55.50171
s0097,91,0,71.84688
s0097,92,0,62.34593
s0097,93,0,76.30611
s0097,94,0,72.03392
s0097,95,0,71.48289
s0098,0,0,58.45491
s0098,1,0,48.131386
s0098,2,0,44.97029
s0098,3,0,40.01595
s0098,4,0,55.36178
s0098,5,0,52.837772
s0098,6,0,38.185352
s0098,7,0,47.43323
s0098,8,0,61.263443
s0098,9,0,63.11478
s0098,10,0,50.024807
s0098,11,0,65.656395
s0098,12,0,63.576584
s0098,13,0,64.62593
s0098,14,0,72.06502
s0098,15,0,89.9845
s0098,16,0,66.47954
s0098,17,0,60.05487
s0098,18,0,67.96732
s0098,19,0,53.240604
s0098,20,0,59.059834
s0098,21,0,63.32219
s0098,22,0,65.01311
s0098,23,0,64.60071
s0098,24,0,72.873344
s0098,25,0,70.6134
s0098,26,0,89.19653
s0098,27,0,70.50794
s0098,28,0,74.54594
s0098,29,0,75.39637
s0098,30,0,57.357815
s0098,31,0,67.80084
s0098,32,0,55.12818
s0098,33,0,50.44486
s0098,34,0,57.536293
s0098,35,0,56.185986
s0098,36,0,51.40251
s0098,37,0,59.025894
s0098,38,0,62.64852
s0098,39,0,52.855404
s0098,40,0,62.732254
s0098,41,0,49.887062
s0098,42,0,53.708168
s0098,43,0,51.21137
s0098,44,0,47.9912
s0098,45,0,60.945747
s0098,46,0,26.338882
s0098,47,0,55.286232
s0098,48,0,46.26443
s0098,49,0,38.22863
s0098,50,0,39.26519
s0098,51,0,58.4213
s0098,52,0,59.420265
s0098,53,0,57.778667
s0098,54,0,51.625957
s0098,55,0,58.813847
s0098,56,0,64.99227
s0098,57,0,57.667454
s0098,58,0,61.269985
s0098,59,0,67.18428
s0098,60,0,59.337856
s0098,61,0,62.09064
s0098,62,0,61.641895
s0098,63,0,76.00684
s0098,64,0,66.857796
s0098,65,0,65.20489
s0098,66,0,66.13406
s0098,67,0,67.74868
s0098,68,0,71.18379
s0098,69,0,70.238625
s0098,70,0,66.528145
s0098,71,0,54.56353
s0098,72,0,61.420162
s0098,73,0,70.42487
s0098,74,0,80.64043
s0098,75,0,70.80904
s0098,76,0,69.98683
s0098,77,0,65.35611
s0098,78,0,74.96074
s0098,79,0,62.659576
s0098,80,0,70.78767
s0098,81,0,76.34626
s0098,82,0,67.190994
s0098,83,0,60.958244
s0098,84,0,64.647255
s0098,85,0,73.476616
s0098,86,0,52.757248
s0098,87,0,57.147465
s0098,88,0,60.17094
s0098,89,0,74.46782
s0098,90,0,54.68826
s0098,91,0,67.8391
s0098,92,0,60.62423
s0098,93,0,71.81228
s0098,94,0,63.30029
s0098,95,0,66.717705
s0099,0,0,41.11567
s0099,1,0,39.296566
s0099,2,0,52.530853
s0099,3,0,46.28993
s0099,4,0,50.513924
s0099,5,0,48.655403
s0099,6,0,50.043068
s0099,7,0,56.42443
s0099,8,0,58.46053
s0099,9,0,65.45186
s0099,10,0,55.087696
s0099,11,0,70.71043
s0099,12,0,64.20144
s0099,13,0,64.83973
s0099,14,0,68.31729
s0099,15,0,81.28708
s0099,16,0,70.974754
s0099,17,0,60.704403
s0099,18,0,66.1113
s0099,19,0,66.42466
s0099,20,0,57.751186
s0099,21,0,67.63989
s0099,22,0,53.925945
s0099,23,0,67.97605
s0099,24,0,60.26343
s0099,25,0,72.516556
s0099,26,0,74.40222
s0099,27,0,58.07552
s0099,28,0,78.05387
s0099,29,0,66.19585
s0099,30,0,60.970886
s0099,31,0,60.431133
s0099,32,0,58.538055
s0099,33,0,46.311386
s0099,34,0,62.54292
s0099,35,0,57.08053
s0099,36,0,57.48255
s0099,37,0,47.351463
s0099,38,0,61.993423
s0099,39,0,53.586285
s0099,40,0,53.466522
s0099,41,0,58.95375
s0099,42,0,39.84776
s0099,43,0,49.756874
s0099,44,0,53.160503
s0099,45,0,52.550613
s0099,46,0,48.3841
s0099,47,0,54.19488
s0099,48,0,22.817564
s0099,49,0,47.716415
s0099,50,0,57.150486
s0099,51,0,59.72984
s0099,52,0,48.541367
s0099,53,0,49.472363
s0099,54,0,57.582966
s0099,55,0,46.778893
s0099,56,0,61.29412
s0099,57,0,63.69481
s0099,58,0,49.107044
s0099,59,0,66.49437
s0099,60,0,60.147312
s0099,61,0,55.632294
s0099,62,0,68.070496
s0099,63,0,65.55911
s0099,64,0,57.594975
s0099,65,0,64.69304
s0099,66,0,73.61597
s0099,67,0,66.54176
s0099,68,0,76.92854
s0099,69,0,70.80398
s0099,70,0,58.744442
s0099,71,0,59.112804
s0099,72,0,68.06155
s0099,73,0,64.57263
s0099,74,0,70.06429
s0099,75,0,75.34186
s0099,76,0,70.08194
s0099,77,0,72.802444
s0099,78,0,70.05773
s0099,79,0,74.6144
s0099,80,0,64.17136
s0099,81,0,68.76956
s0099,82,0,62.772854
s0099,83,0,76.15402
s0099,84,0,64.44709
s0099,85,0,72.30223
s0099,86,0,63.85726
s0099,87,0,63.179543
s0099,88,0,62.829975
s0099,89,0,57.8169
s0099,90,0,61.0003
s0099,91,0,75.79968
s0099,92,0,74.54425
s0099,93,0,74.6362
s0099,94,0,69.743965
s0099,95,0,62.055878
s0100,0,0,56.094784
s0100,1,0,46.78825
s0100,2,0,32.664165
s0100,3,0,47.536873
s0100,4,0,54.570866
s0100,5,0,46.332935
s0100,6,0,50.332184
s0100,7,0,48.53258
s0100,8,0,56.9076
s0100,9,0,65.381714
s0100,10,0,56.895107
s0100,11,0,64.19724
s0100,12,0,59.77267
s0100,13,0,62.97833
s0100,14,0,63.649075
s0100,15,0,82.378586
s0100,16,0,68.318825
s0100,17,0,69.61042
s0100,18,0,62.52375
s0100,19,0,72.679886
s0100,20,0,65.97068
s0100,21,0,61.513786
s0100,22,0,58.17612
s0100,23,0,65.06044
s0100,24,0,68.59312
s0100,25,0,69.58783
s0100,26,0,68.76558
s0100,27,0,64.1169
s0100,28,0,64.00984
s0100,29,0,70.23974
s0100,30,0,56.692757
s0100,31,0,67.71607
s0100,32,0,54.944527
s0100,33,0,53.78614
s0100,34,0,61.75892
s0100,35,0,67.06328
s0100,36,0,52.516987
s0100,37,0,54.107426
s0100,38,0,50.681652
s0100,39,0,45.38797
s0100,40,0,78.2191
s0100,41,0,63.292484
s0100,42,0,51.878483
s0100,43,0,48.836346
s0100,44,0,60.02121
s0100,45,0,30.815237
s0100,46,0,24.484623
s0100,47,0,36.47856
s0100,48,0,41.121174
s0100,49,0,57.39599
s0100,50,0,53.854
s0100,51,0,32.334045
s0100,52,0,55.11201
s0100,53,0,59.265465
s0100,54,0,57.357986
s0100,55,0,59.837723
s0100,56,0,53.12419
s0100,57,0,51.880627
s0100,58,0,62.07731
s0100,59,0,59.722168
s0100,60,0,61.144203
s0100,61,0,52.124023
s0100,62,0,64.19538
s0100,63,0,64.86793
s0100,64,0,60.074463
s0100,65,0,67.2313
s0100,66,0,61.21168
s0100,67,0,69.866486
s0100,68,0,60.932575
s0100,69,0,65.73771
s0100,70,0,63.587532
s0100,71,0,63.214634
s0100,72,0,53.54101
s0100,73,0,72.65
s0100,74,0,81.44662
s0100,75,0,78.219795
s0100,76,0,77.15252
s0100,77,0,78.20583
s0100,78,0,62.129025
s0100,79,0,71.19837
s0100,80,0,73.346054
s0100,81,0,80.01706
s0100,82,0,75.00314
s0100,83,0,66.226006
s0100,84,0,69.48789
s0100,85,0,69.84718
s0100,86,0,57.552685
s0100,87,0,58.904114
s0100,88,0,65.714935
s0100,89,0,58.520844
s0100,90,0,58.49912
s0100,91,0,66.23294
s0100,92,0,66.0842
s0100,93,0,65.15175
s0100,94,0,66.7808
s0100,95,0,64.64174
