sample_id,t,trafo_index,loading_pct
s0001,0,0,53.65518
s0001,1,0,47.497097
s0001,2,0,43.225
s0001,3,0,51.288322
s0001,4,0,58.24987
s0001,5,0,47.199665
s0001,6,0,47.463345
s0001,7,0,60.975983
s0001,8,0,53.819912
s0001,9,0,59.785404
s0001,10,0,59.369545
s0001,11,0,68.83674
s0001,12,0,64.203094
s0001,13,0,65.24322
s0001,14,0,63.739597
s0001,15,0,69.952126
s0001,16,0,66.96008
s0001,17,0,64.93302
s0001,18,0,71.52463
s0001,19,0,67.34638
s0001,20,0,68.64979
s0001,21,0,67.42943
s0001,22,0,52.101814
s0001,23,0,71.02561
s0001,24,0,62.138775
s0001,25,0,74.06024
s0001,26,0,65.45198
s0001,27,0,61.86289
s0001,28,0,64.192986
s0001,29,0,69.81905
s0001,30,0,60.461414
s0001,31,0,63.962223
s0001,32,0,63.32402
s0001,33,0,48.953476
s0001,34,0,44.488617
s0001,35,0,56.253895
s0001,36,0,54.379192
s0001,37,0,61.67122
s0001,38,0,63.102623
s0001,39,0,47.59657
s0001,40,0,58.911743
s0001,41,0,59.69405
s0001,42,0,44.601753
s0001,43,0,63.09479
s0001,44,0,48.107597
s0001,45,0,70.82666
s0001,46,0,49.119453
s0001,47,0,47.772816
s0001,48,0,63.065807
s0001,49,0,44.131065
s0001,50,0,42.772877
s0001,51,0,60.27862
s0001,52,0,48.728973
s0001,53,0,49.412727
s0001,54,0,53.43559
s0001,55,0,57.369843
s0001,56,0,57.43724
s0001,57,0,59.82244
s0001,58,0,51.832233
s0001,59,0,66.30814
s0001,60,0,68.01693
s0001,61,0,56.469227
s0001,62,0,65.240074
s0001,63,0,75.791245
s0001,64,0,63.12357
s0001,65,0,72.15763
s0001,66,0,64.8935
s0001,67,0,65.14512
s0001,68,0,66.14952
s0001,69,0,65.36384
s0001,70,0,61.573986
s0001,71,0,56.45793
s0001,72,0,63.35038
s0001,73,0,75.92506
s0001,74,0,72.20155
s0001,75,0,80.23488
s0001,76,0,80.570015
s0001,77,0,80.11914
s0001,78,0,84.14
s0001,79,0,78.94968
s0001,80,0,79.81318
s0001,81,0,78.20368
s0001,82,0,69.90745
s0001,83,0,69.37761
s0001,84,0,69.36276
s0001,85,0,65.356705
s0001,86,0,63.31826
s0001,87,0,66.97114
s0001,88,0,51.589344
s0001,89,0,61.565086
s0001,90,0,62.548668
s0001,91,0,62.88704
s0001,92,0,62.532383
s0001,93,0,72.80838
s0001,94,0,70.063705
s0001,95,0,72.742584
s0002,0,0,55.554077
s0002,1,0,53.106625
s0002,2,0,43.328983
s0002,3,0,46.27191
s0002,4,0,51.267796
s0002,5,0,55.215065
s0002,6,0,59.879116
s0002,7,0,61.64939
s0002,8,0,59.256992
s0002,9,0,52.926323
s0002,10,0,54.494125
s0002,11,0,79.21047
s0002,12,0,59.508568
s0002,13,0,58.70082
s0002,14,0,63.931713
s0002,15,0,59.003178
s0002,16,0,83.998665
s0002,17,0,63.70228
s0002,18,0,61.73628
s0002,19,0,64.01474
s0002,20,0,68.060585
s0002,21,0,69.77338
s0002,22,0,62.421024
s0002,23,0,70.15435
s0002,24,0,76.056946
s0002,25,0,67.13502
s0002,26,0,68.40939
s0002,27,0,70.21087
s0002,28,0,69.14298
s0002,29,0,77.19924
s0002,30,0,51.068237
s0002,31,0,72.84137
s0002,32,0,58.38239
s0002,33,0,58.643127
s0002,34,0,52.099445
s0002,35,0,49.004883
s0002,36,0,57.977158
s0002,37,0,56.28413
s0002,38,0,62.576073
s0002,39,0,28.381424
s0002,40,0,65.59504
s0002,41,0,25.612852
s0002,42,0,45.7984
s0002,43,0,36.740158
s0002,44,0,50.44931
s0002,45,0,51.824467
s0002,46,0,41.473694
s0002,47,0,33.15333
s0002,48,0,69.290115
s0002,49,0,46.27754
s0002,50,0,46.26742
s0002,51,0,66.31999
s0002,52,0,57.114212
s0002,53,0,52.431335
s0002,54,0,49.54968
s0002,55,0,64.40061
s0002,56,0,53.91727
s0002,57,0,62.628456
s0002,58,0,56.89105
s0002,59,0,62.471836
s0002,60,0,69.17039
s0002,61,0,64.927635
s0002,62,0,66.42626
s0002,63,0,69.5565
s0002,64,0,67.00716
s0002,65,0,67.527534
s0002,66,0,70.94326
s0002,67,0,65.011406
s0002,68,0,54.798878
s0002,69,0,66.764046
s0002,70,0,63.282623
s0002,71,0,60.06145
s0002,72,0,61.59582
s0002,73,0,70.95559
s0002,74,0,75.62459
s0002,75,0,78.755
s0002,76,0,80.4974
s0002,77,0,78.52446
s0002,78,0,80.32971
s0002,79,0,80.136406
s0002,80,0,79.58822
s0002,81,0,79.60582
s0002,82,0,70.386536
s0002,83,0,59.654877
s0002,84,0,63.17768
s0002,85,0,67.5425
s0002,86,0,62.493435
s0002,87,0,61.077114
s0002,88,0,54.52979
s0002,89,0,56.2912
s0002,90,0,50.048916
s0002,91,0,70.26923
s0002,92,0,72.80364
s0002,93,0,71.51219
s0002,94,0,69.48917
s0002,95,0,77.06934
s0003,0,0,53.970825
s0003,1,0,54.82034
s0003,2,0,45.462654
s0003,3,0,44.461975
s0003,4,0,51.32462
s0003,5,0,57.025005
s0003,6,0,56.845158
s0003,7,0,53.4673
s0003,8,0,63.81519
s0003,9,0,63.316772
s0003,10,0,57.7342
s0003,11,0,66.564835
s0003,12,0,68.38191
s0003,13,0,66.32525
s0003,14,0,69.44969
s0003,15,0,64.37902
s0003,16,0,56.10759
s0003,17,0,69.22353
s0003,18,0,69.32212
s0003,19,0,57.35882
s0003,20,0,68.38824
s0003,21,0,70.02812
s0003,22,0,56.925972
s0003,23,0,66.44767
s0003,24,0,76.65074
s0003,25,0,73.83007
s0003,26,0,73.298935
s0003,27,0,71.23537
s0003,28,0,69.70289
s0003,29,0,73.089066
s0003,30,0,63.246265
s0003,31,0,69.45922
s0003,32,0,57.2206
s0003,33,0,59.244057
s0003,34,0,62.760643
s0003,35,0,49.94281
s0003,36,0,50.029385
s0003,37,0,52.29536
s0003,38,0,41.672413
s0003,39,0,32.300304
s0003,40,0,62.06298
s0003,41,0,54.26018
s0003,42,0,68.73058
s0003,43,0,67.14724
s0003,44,0,49.51225
s0003,45,0,34.24537
s0003,46,0,42.356285
s0003,47,0,30.062077
s0003,48,0,52.35852
s0003,49,0,50.446404
s0003,50,0,60.766716
s0003,51,0,55.51813
s0003,52,0,67.034424
s0003,53,0,59.829445
s0003,54,0,57.517582
s0003,55,0,60.344803
s0003,56,0,54.150635
s0003,57,0,63.341415
s0003,58,0,57.735954
s0003,59,0,67.34342
s0003,60,0,61.684204
s0003,61,0,58.950886
s0003,62,0,73.27248
s0003,63,0,71.012596
s0003,64,0,72.98529
s0003,65,0,73.17398
s0003,66,0,73.44385
s0003,67,0,67.04854
s0003,68,0,57.608944
s0003,69,0,62.158176
s0003,70,0,51.385094
s0003,71,0,57.266266
s0003,72,0,64.6961
s0003,73,0,73.38914
s0003,74,0,74.77006
s0003,75,0,80.6762
s0003,76,0,78.68999
s0003,77,0,80.13734
s0003,78,0,75.07692
s0003,79,0,79.84266
s0003,80,0,79.327286
s0003,81,0,78.7088
s0003,82,0,57.72068
s0003,83,0,62.818134
s0003,84,0,73.45912
s0003,85,0,71.82144
s0003,86,0,68.958046
s0003,87,0,65.34454
s0003,88,0,57.928753
s0003,89,0,64.335846
s0003,90,0,56.05336
s0003,91,0,67.91595
s0003,92,0,64.29256
s0003,93,0,70.846214
s0003,94,0,65.7667
s0003,95,0,69.67394
s0004,0,0,51.930317
s0004,1,0,48.23165
s0004,2,0,43.221634
s0004,3,0,47.549923
s0004,4,0,51.592766
s0004,5,0,58.79133
s0004,6,0,48.05772
s0004,7,0,53.768776
s0004,8,0,65.47
s0004,9,0,53.82595
s0004,10,0,56.642765
s0004,11,0,64.7584
s0004,12,0,56.95373
s0004,13,0,53.85584
s0004,14,0,65.43153
s0004,15,0,61.8725
s0004,16,0,61.909554
s0004,17,0,58.247143
s0004,18,0,71.85474
s0004,19,0,62.167515
s0004,20,0,69.36653
s0004,21,0,63.161766
s0004,22,0,63.80438
s0004,23,0,62.91877
s0004,24,0,69.58344
s0004,25,0,74.33162
s0004,26,0,74.24695
s0004,27,0,63.774582
s0004,28,0,69.867744
s0004,29,0,69.03568
s0004,30,0,55.10556
s0004,31,0,60.022266
s0004,32,0,61.70829
s0004,33,0,46.327053
s0004,34,0,51.21189
s0004,35,0,54.633495
s0004,36,0,52.23904
s0004,37,0,62.574852
s0004,38,0,54.874096
s0004,39,0,55.15485
s0004,40,0,57.612213
s0004,41,0,57.20623
s0004,42,0,26.9584
s0004,43,0,61.756065
s0004,44,0,49.52875
s0004,45,0,41.252983
s0004,46,0,45.354824
s0004,47,0,25.028385
s0004,48,0,62.146294
s0004,49,0,52.414352
s0004,50,0,48.43794
s0004,51,0,41.71403
s0004,52,0,52.633408
s0004,53,0,56.673313
s0004,54,0,57.437366
s0004,55,0,60.503807
s0004,56,0,58.342896
s0004,57,0,63.633915
s0004,58,0,49.901176
s0004,59,0,66.31544
s0004,60,0,60.724613
s0004,61,0,62.168644
s0004,62,0,63.673622
s0004,63,0,73.29294
s0004,64,0,68.230705
s0004,65,0,61.973118
s0004,66,0,73.61474
s0004,67,0,59.226974
s0004,68,0,66.6093
s0004,69,0,68.87929
s0004,70,0,60.93939
s0004,71,0,61.627953
s0004,72,0,58.869667
s0004,73,0,76.05284
s0004,74,0,76.39057
s0004,75,0,80.128235
s0004,76,0,79.48836
s0004,77,0,78.739494
s0004,78,0,76.24215
s0004,79,0,78.47957
s0004,80,0,79.27415
s0004,81,0,77.60989
s0004,82,0,67.655556
s0004,83,0,54.804474
s0004,84,0,65.26606
s0004,85,0,65.12459
s0004,86,0,76.92169
s0004,87,0,60.748943
s0004,88,0,63.19409
s0004,89,0,65.04559
s0004,90,0,53.510002
s0004,91,0,64.74345
s0004,92,0,59.205746
s0004,93,0,69.14711
s0004,94,0,66.52552
s0004,95,0,58.378082
s0005,0,0,51.642662
s0005,1,0,41.532684
s0005,2,0,46.77278
s0005,3,0,45.758198
s0005,4,0,51.659946
s0005,5,0,53.47501
s0005,6,0,49.951946
s0005,7,0,58.548378
s0005,8,0,63.02392
s0005,9,0,57.762337
s0005,10,0,59.311703
s0005,11,0,69.937874
s0005,12,0,65.19345
s0005,13,0,70.73665
s0005,14,0,57.591534
s0005,15,0,65.03235
s0005,16,0,61.397038
s0005,17,0,62.915977
s0005,18,0,58.65767
s0005,19,0,66.94228
s0005,20,0,73.27891
s0005,21,0,73.20456
s0005,22,0,63.037624
s0005,23,0,65.16266
s0005,24,0,72.23392
s0005,25,0,68.67749
s0005,26,0,72.056244
s0005,27,0,66.831314
s0005,28,0,74.82526
s0005,29,0,68.11796
s0005,30,0,53.565792
s0005,31,0,66.65839
s0005,32,0,63.07299
s0005,33,0,55.919395
s0005,34,0,49.2371
s0005,35,0,53.41791
s0005,36,0,55.589108
s0005,37,0,57.97946
s0005,38,0,66.16733
s0005,39,0,44.33804
s0005,40,0,47.05022
s0005,41,0,44.94618
s0005,42,0,44.29593
s0005,43,0,24.248234
s0005,44,0,29.220486
s0005,45,0,51.542637
s0005,46,0,50.817783
s0005,47,0,47.220524
s0005,48,0,54.238132
s0005,49,0,42.048294
s0005,50,0,45.14092
s0005,51,0,59.749504
s0005,52,0,62.982502
s0005,53,0,52.821148
s0005,54,0,50.696358
s0005,55,0,57.52132
s0005,56,0,51.527557
s0005,57,0,65.07689
s0005,58,0,53.93125
s0005,59,0,58.831116
s0005,60,0,68.79243
s0005,61,0,60.148666
s0005,62,0,74.439865
s0005,63,0,76.55481
s0005,64,0,69.91286
s0005,65,0,62.430233
s0005,66,0,67.73255
s0005,67,0,68.890434
s0005,68,0,65.822754
s0005,69,0,54.13316
s0005,70,0,60.488503
s0005,71,0,57.254364
s0005,72,0,55.46291
s0005,73,0,65.72819
s0005,74,0,74.501495
s0005,75,0,79.37221
s0005,76,0,79.45923
s0005,77,0,79.49353
s0005,78,0,76.24943
s0005,79,0,78.79787
s0005,80,0,79.46882
s0005,81,0,80.26156
s0005,82,0,71.41877
s0005,83,0,62.717922
s0005,84,0,67.36502
s0005,85,0,68.390945
s0005,86,0,61.55092
s0005,87,0,61.28466
s0005,88,0,64.38518
s0005,89,0,63.487793
s0005,90,0,60.82693
s0005,91,0,72.57668
s0005,92,0,69.22522
s0005,93,0,70.45219
s0005,94,0,75.42387
s0005,95,0,70.132614
s0006,0,0,51.92734
s0006,1,0,45.949455
s0006,2,0,48.083935
s0006,3,0,42.84269
s0006,4,0,58.123066
s0006,5,0,51.933735
s0006,6,0,41.512924
s0006,7,0,54.46487
s0006,8,0,73.74189
s0006,9,0,58.24505
s0006,10,0,60.22011
s0006,11,0,67.51758
s0006,12,0,61.67095
s0006,13,0,57.614063
s0006,14,0,62.194885
s0006,15,0,66.463715
s0006,16,0,64.80279
s0006,17,0,68.1845
s0006,18,0,61.37903
s0006,19,0,64.81441
s0006,20,0,68.68374
s0006,21,0,67.00082
s0006,22,0,54.795357
s0006,23,0,74.79858
s0006,24,0,68.64631
s0006,25,0,57.5375
s0006,26,0,79.50093
s0006,27,0,62.99988
s0006,28,0,73.61495
s0006,29,0,61.447514
s0006,30,0,57.785015
s0006,31,0,63.21226
s0006,32,0,56.766884
s0006,33,0,61.156967
s0006,34,0,51.344086
s0006,35,0,59.683506
s0006,36,0,50.223114
s0006,37,0,62.441826
s0006,38,0,59.3002
s0006,39,0,40.245552
s0006,40,0,51.971775
s0006,41,0,50.329777
s0006,42,0,45.57702
s0006,43,0,54.094074
s0006,44,0,43.58519
s0006,45,0,54.230587
s0006,46,0,41.908657
s0006,47,0,27.124823
s0006,48,0,37.88836
s0006,49,0,39.969643
s0006,50,0,51.229774
s0006,51,0,42.841133
s0006,52,0,60.296825
s0006,53,0,51.371704
s0006,54,0,64.46362
s0006,55,0,58.290478
s0006,56,0,52.202293
s0006,57,0,59.69769
s0006,58,0,62.406364
s0006,59,0,61.352623
s0006,60,0,76.167725
s0006,61,0,56.361702
s0006,62,0,74.8317
s0006,63,0,72.802055
s0006,64,0,62.074234
s0006,65,0,64.90004
s0006,66,0,67.873146
s0006,67,0,70.05456
s0006,68,0,65.36094
s0006,69,0,64.15337
s0006,70,0,56.30342
s0006,71,0,61.383747
s0006,72,0,59.33445
s0006,73,0,73.41
s0006,74,0,76.762314
s0006,75,0,79.70194
s0006,76,0,79.96699
s0006,77,0,79.83975
s0006,78,0,75.63896
s0006,79,0,80.49841
s0006,80,0,78.46699
s0006,81,0,78.49868
s0006,82,0,71.712845
s0006,83,0,59.02796
s0006,84,0,72.34032
s0006,85,0,69.42109
s0006,86,0,59.993855
s0006,87,0,60.29726
s0006,88,0,62.519062
s0006,89,0,54.29011
s0006,90,0,59.07091
s0006,91,0,66.85222
s0006,92,0,73.23594
s0006,93,0,78.7009
s0006,94,0,70.71052
s0006,95,0,66.09923
s0007,0,0,53.214687
s0007,1,0,44.476257
s0007,2,0,51.33918
s0007,3,0,53.61129
s0007,4,0,52.528473
s0007,5,0,56.48774
s0007,6,0,48.63013
s0007,7,0,59.93363
s0007,8,0,69.98991
s0007,9,0,56.93046
s0007,10,0,58.07757
s0007,11,0,58.654648
s0007,12,0,65.96584
s0007,13,0,71.90618
s0007,14,0,71.42007
s0007,15,0,65.75461
s0007,16,0,72.21145
s0007,17,0,74.831276
s0007,18,0,65.17658
s0007,19,0,62.623093
s0007,20,0,64.03212
s0007,21,0,64.53428
s0007,22,0,62.668137
s0007,23,0,65.63306
s0007,24,0,76.73522
s0007,25,0,65.74602
s0007,26,0,64.265686
s0007,27,0,67.87142
s0007,28,0,72.0797
s0007,29,0,62.900856
s0007,30,0,52.769894
s0007,31,0,64.90999
s0007,32,0,57.589706
s0007,33,0,51.088528
s0007,34,0,57.490192
s0007,35,0,52.360962
s0007,36,0,56.51147
s0007,37,0,65.24466
s0007,38,0,59.85153
s0007,39,0,54.75783
s0007,40,0,58.42267
s0007,41,0,49.76334
s0007,42,0,45.360268
s0007,43,0,47.335358
s0007,44,0,49.426105
s0007,45,0,69.727234
s0007,46,0,40.404144
s0007,47,0,44.563625
s0007,48,0,37.6021
s0007,49,0,58.43072
s0007,50,0,51.901657
s0007,51,0,48.880974
s0007,52,0,51.038837
s0007,53,0,51.824787
s0007,54,0,60.58384
s0007,55,0,49.32402
s0007,56,0,78.85501
s0007,57,0,63.631844
s0007,58,0,64.76083
s0007,59,0,58.182716
s0007,60,0,60.663513
s0007,61,0,65.17988
s0007,62,0,66.53261
s0007,63,0,84.63656
s0007,64,0,69.81412
s0007,65,0,72.153076
s0007,66,0,68.10339
s0007,67,0,60.619137
s0007,68,0,67.17725
s0007,69,0,60.664898
s0007,70,0,58.539906
s0007,71,0,64.448685
s0007,72,0,59.324974
s0007,73,0,76.74499
s0007,74,0,76.156075
s0007,75,0,80.90356
s0007,76,0,79.17547
s0007,77,0,79.82618
s0007,78,0,78.39599
s0007,79,0,80.1419
s0007,80,0,80.51111
s0007,81,0,79.179
s0007,82,0,62.4718
s0007,83,0,70.552444
s0007,84,0,68.88374
s0007,85,0,67.60218
s0007,86,0,75.53816
s0007,87,0,61.100838
s0007,88,0,56.120094
s0007,89,0,67.77222
s0007,90,0,57.597965
s0007,91,0,85.18364
s0007,92,0,66.08242
s0007,93,0,69.560776
s0007,94,0,77.97647
s0007,95,0,65.29505
s0008,0,0,62.12985
s0008,1,0,52.86655
s0008,2,0,48.38256
s0008,3,0,61.68761
s0008,4,0,49.778038
s0008,5,0,55.543316
s0008,6,0,53.928497
s0008,7,0,54.447487
s0008,8,0,66.14667
s0008,9,0,52.876762
s0008,10,0,54.90688
s0008,11,0,67.68286
s0008,12,0,71.92689
s0008,13,0,60.687157
s0008,14,0,50.46879
s0008,15,0,67.92418
s0008,16,0,73.03035
s0008,17,0,64.42853
s0008,18,0,70.04054
s0008,19,0,71.48667
s0008,20,0,70.83212
s0008,21,0,61.361816
s0008,22,0,66.16059
s0008,23,0,69.68983
s0008,24,0,71.09608
s0008,25,0,67.8103
s0008,26,0,68.59645
s0008,27,0,65.65188
s0008,28,0,79.13696
s0008,29,0,66.03257
s0008,30,0,50.912067
s0008,31,0,66.182655
s0008,32,0,54.562737
s0008,33,0,55.320736
s0008,34,0,51.4707
s0008,35,0,47.727943
s0008,36,0,46.391605
s0008,37,0,51.81984
s0008,38,0,63.68676
s0008,39,0,48.226406
s0008,40,0,58.226357
s0008,41,0,49.599945
s0008,42,0,51.09101
s0008,43,0,41.84602
s0008,44,0,30.022232
s0008,45,0,53.78132
s0008,46,0,51.163425
s0008,47,0,47.772785
s0008,48,0,72.109695
s0008,49,0,56.539288
s0008,50,0,47.188454
s0008,51,0,47.034706
s0008,52,0,46.430706
s0008,53,0,48.227238
s0008,54,0,56.131653
s0008,55,0,59.04002
s0008,56,0,58.58999
s0008,57,0,63.859715
s0008,58,0,51.844765
s0008,59,0,66.08917
s0008,60,0,63.25399
s0008,61,0,59.809864
s0008,62,0,68.826004
s0008,63,0,68.737854
s0008,64,0,67.67511
s0008,65,0,64.46484
s0008,66,0,74.04027
s0008,67,0,62.455585
s0008,68,0,68.48484
s0008,69,0,68.42674
s0008,70,0,60.04092
s0008,71,0,62.857452
s0008,72,0,57.23933
s0008,73,0,71.3871
s0008,74,0,73.08618
s0008,75,0,79.08473
s0008,76,0,79.627014
s0008,77,0,79.97301
s0008,78,0,75.99807
s0008,79,0,78.85496
s0008,80,0,79.97264
s0008,81,0,76.48334
s0008,82,0,64.57548
s0008,83,0,64.23481
s0008,84,0,64.67714
s0008,85,0,75.343
s0008,86,0,65.834
s0008,87,0,65.026245
s0008,88,0,56.779076
s0008,89,0,57.713947
s0008,90,0,58.253517
s0008,91,0,76.19539
s0008,92,0,67.67592
s0008,93,0,65.058975
s0008,94,0,68.109184
s0008,95,0,72.61571
s0009,0,0,53.51766
s0009,1,0,41.892216
s0009,2,0,40.381966
s0009,3,0,48.262398
s0009,4,0,54.55351
s0009,5,0,52.484894
s0009,6,0,55.52328
s0009,7,0,50.096718
s0009,8,0,60.367744
s0009,9,0,58.08473
s0009,10,0,60.331284
s0009,11,0,55.410275
s0009,12,0,57.503475
s0009,13,0,65.112144
s0009,14,0,68.19355
s0009,15,0,66.66262
s0009,16,0,68.895096
s0009,17,0,74.986206
s0009,18,0,59.781273
s0009,19,0,64.71663
s0009,20,0,57.76895
s0009,21,0,70.25751
s0009,22,0,60.334015
s0009,23,0,69.1947
s0009,24,0,72.35353
s0009,25,0,65.92254
s0009,26,0,68.8774
s0009,27,0,57.202946
s0009,28,0,74.3279
s0009,29,0,65.21518
s0009,30,0,56.146255
s0009,31,0,67.939735
s0009,32,0,57.39977
s0009,33,0,49.840004
s0009,34,0,64.135345
s0009,35,0,55.280296
s0009,36,0,46.088604
s0009,37,0,54.38361
s0009,38,0,54.539803
s0009,39,0,43.376225
s0009,40,0,52.243034
s0009,41,0,51.991447
s0009,42,0,39.332085
s0009,43,0,55.25581
s0009,44,0,36.503475
s0009,45,0,48.664318
s0009,46,0,50.65887
s0009,47,0,52.299183
s0009,48,0,58.631107
s0009,49,0,52.220943
s0009,50,0,34.237686
s0009,51,0,56.135494
s0009,52,0,53.58735
s0009,53,0,51.799725
s0009,54,0,48.943146
s0009,55,0,31.937248
s0009,56,0,50.683666
s0009,57,0,59.127857
s0009,58,0,57.91
s0009,59,0,64.85381
s0009,60,0,66.190445
s0009,61,0,65.05845
s0009,62,0,71.81058
s0009,63,0,75.54658
s0009,64,0,65.156876
s0009,65,0,69.12108
s0009,66,0,67.30098
s0009,67,0,54.1058
s0009,68,0,63.7105
s0009,69,0,66.65601
s0009,70,0,65.41954
s0009,71,0,67.87422
s0009,72,0,65.12532
s0009,73,0,67.52102
s0009,74,0,74.79054
s0009,75,0,80.26995
s0009,76,0,80.021164
s0009,77,0,76.11009
s0009,78,0,81.525826
s0009,79,0,79.99779
s0009,80,0,79.93076
s0009,81,0,78.28045
s0009,82,0,59.586906
s0009,83,0,60.583683
s0009,84,0,70.100105
s0009,85,0,70.16572
s0009,86,0,55.751972
s0009,87,0,61.438034
s0009,88,0,66.13866
s0009,89,0,63.899734
s0009,90,0,63.362045
s0009,91,0,69.56962
s0009,92,0,66.43948
s0009,93,0,66.45501
s0009,94,0,66.03258
s0009,95,0,73.0936
s0010,0,0,48.521877
s0010,1,0,44.921734
s0010,2,0,38.580437
s0010,3,0,48.48135
s0010,4,0,55.66367
s0010,5,0,43.482628
s0010,6,0,50.667877
s0010,7,0,56.682556
s0010,8,0,72.5928
s0010,9,0,56.591576
s0010,10,0,63.195835
s0010,11,0,66.337746
s0010,12,0,70.40581
s0010,13,0,72.01864
s0010,14,0,72.452095
s0010,15,0,66.09155
s0010,16,0,77.18548
s0010,17,0,61.29944
s0010,18,0,67.2645
s0010,19,0,67.30153
s0010,20,0,67.48715
s0010,21,0,67.35338
s0010,22,0,57.888638
s0010,23,0,65.3432
s0010,24,0,71.29438
s0010,25,0,69.01303
s0010,26,0,76.66793
s0010,27,0,64.99481
s0010,28,0,73.27222
s0010,29,0,71.72207
s0010,30,0,58.771416
s0010,31,0,59.014973
s0010,32,0,51.362522
s0010,33,0,48.53823
s0010,34,0,51.943096
s0010,35,0,55.28593
s0010,36,0,62.747993
s0010,37,0,62.60976
s0010,38,0,63.650585
s0010,39,0,59.325005
s0010,40,0,62.090954
s0010,41,0,58.53378
s0010,42,0,40.421093
s0010,43,0,57.947002
s0010,44,0,57.313755
s0010,45,0,47.616867
s0010,46,0,21.560175
s0010,47,0,38.962807
s0010,48,0,49.95118
s0010,49,0,62.65168
s0010,50,0,36.596207
s0010,51,0,56.979332
s0010,52,0,39.715675
s0010,53,0,52.843433
s0010,54,0,61.036053
s0010,55,0,53.06269
s0010,56,0,55.798397
s0010,57,0,61.633205
s0010,58,0,59.203907
s0010,59,0,61.262943
s0010,60,0,60.721363
s0010,61,0,64.44214
s0010,62,0,65.660416
s0010,63,0,71.79837
s0010,64,0,56.020683
s0010,65,0,61.668312
s0010,66,0,72.85285
s0010,67,0,54.53515
s0010,68,0,66.18182
s0010,69,0,75.345825
s0010,70,0,54.453266
s0010,71,0,56.089264
s0010,72,0,65.58463
s0010,73,0,68.16851
s0010,74,0,75.97479
s0010,75,0,80.5129
s0010,76,0,79.344284
s0010,77,0,79.40494
s0010,78,0,74.59506
s0010,79,0,79.168594
s0010,80,0,79.43074
s0010,81,0,79.99337
s0010,82,0,60.56167
s0010,83,0,64.98424
s0010,84,0,72.64104
s0010,85,0,69.38514
s0010,86,0,59.260303
s0010,87,0,53.329605
s0010,88,0,62.646214
s0010,89,0,56.07003
s0010,90,0,53.72171
s0010,91,0,67.09523
s0010,92,0,69.03533
s0010,93,0,63.873634
s0010,94,0,70.2187
s0010,95,0,67.089905
s0011,0,0,56.322277
s0011,1,0,47.465595
s0011,2,0,37.477943
s0011,3,0,54.315243
s0011,4,0,54.218338
s0011,5,0,51.757072
s0011,6,0,45.718166
s0011,7,0,70.08973
s0011,8,0,49.38286
s0011,9,0,59.262722
s0011,10,0,59.67996
s0011,11,0,64.478836
s0011,12,0,64.95145
s0011,13,0,71.48388
s0011,14,0,57.786667
s0011,15,0,64.624466
s0011,16,0,64.01724
s0011,17,0,69.24658
s0011,18,0,64.06172
s0011,19,0,68.40382
s0011,20,0,64.36508
s0011,21,0,66.38418
s0011,22,0,57.200874
s0011,23,0,74.63686
s0011,24,0,57.028996
s0011,25,0,62.023174
s0011,26,0,70.02949
s0011,27,0,68.51284
s0011,28,0,68.47081
s0011,29,0,63.688927
s0011,30,0,62.08424
s0011,31,0,62.617096
s0011,32,0,54.860172
s0011,33,0,54.19917
s0011,34,0,46.168797
s0011,35,0,47.264584
s0011,36,0,44.359467
s0011,37,0,55.84767
s0011,38,0,52.17715
s0011,39,0,58.487164
s0011,40,0,53.119957
s0011,41,0,47.944565
s0011,42,0,28.337597
s0011,43,0,56.811226
s0011,44,0,45.625595
s0011,45,0,53.45317
s0011,46,0,26.274744
s0011,47,0,37.03195
s0011,48,0,47.70232
s0011,49,0,63.35187
s0011,50,0,60.135456
s0011,51,0,51.11807
s0011,52,0,36.010204
s0011,53,0,44.624332
s0011,54,0,64.576744
s0011,55,0,46.329243
s0011,56,0,55.61056
s0011,57,0,66.4851
s0011,58,0,64.286095
s0011,59,0,67.589
s0011,60,0,57.786995
s0011,61,0,57.41994
s0011,62,0,71.45172
s0011,63,0,64.94807
s0011,64,0,66.122246
s0011,65,0,71.45579
s0011,66,0,78.15383
s0011,67,0,69.40169
s0011,68,0,73.201004
s0011,69,0,65.97418
s0011,70,0,61.731827
s0011,71,0,57.675255
s0011,72,0,62.13537
s0011,73,0,71.105835
s0011,74,0,77.7199
s0011,75,0,79.91963
s0011,76,0,79.37894
s0011,77,0,79.81661
s0011,78,0,75.055
s0011,79,0,79.51312
s0011,80,0,79.21506
s0011,81,0,75.58117
s0011,82,0,66.466324
s0011,83,0,63.49731
s0011,84,0,64.97361
s0011,85,0,69.10121
s0011,86,0,57.080383
s0011,87,0,62.271027
s0011,88,0,61.761723
s0011,89,0,67.000175
s0011,90,0,51.948105
s0011,91,0,61.7169
s0011,92,0,66.68756
s0011,93,0,69.7078
s0011,94,0,68.38259
s0011,95,0,70.263756
s0012,0,0,53.587845
s0012,1,0,52.44489
s0012,2,0,45.54603
s0012,3,0,43.052505
s0012,4,0,47.618782
s0012,5,0,56.246662
s0012,6,0,54.233974
s0012,7,0,49.895298
s0012,8,0,59.393982
s0012,9,0,58.52632
s0012,10,0,57.473576
s0012,11,0,64.70397
s0012,12,0,68.649956
s0012,13,0,65.69285
s0012,14,0,64.312874
s0012,15,0,76.44023
s0012,16,0,59.249863
s0012,17,0,67.25929
s0012,18,0,66.33445
s0012,19,0,62.69024
s0012,20,0,68.21323
s0012,21,0,70.04906
s0012,22,0,70.527145
s0012,23,0,69.178314
s0012,24,0,70.74314
s0012,25,0,78.52739
s0012,26,0,80.20962
s0012,27,0,72.67933
s0012,28,0,67.86955
s0012,29,0,71.4458
s0012,30,0,40.493294
s0012,31,0,63.880577
s0012,32,0,57.139545
s0012,33,0,64.42292
s0012,34,0,52.44688
s0012,35,0,55.137394
s0012,36,0,59.39964
s0012,37,0,42.04421
s0012,38,0,47.01467
s0012,39,0,62.284267
s0012,40,0,64.07808
s0012,41,0,56.8035
s0012,42,0,55.122368
s0012,43,0,52.255077
s0012,44,0,64.078964
s0012,45,0,50.01854
s0012,46,0,44.2732
s0012,47,0,54.310265
s0012,48,0,63.473938
s0012,49,0,57.091362
s0012,50,0,45.522636
s0012,51,0,40.94653
s0012,52,0,60.860073
s0012,53,0,47.511044
s0012,54,0,48.482517
s0012,55,0,49.76458
s0012,56,0,66.70262
s0012,57,0,71.3976
s0012,58,0,56.41248
s0012,59,0,61.231476
s0012,60,0,69.36591
s0012,61,0,57.94413
s0012,62,0,68.71841
s0012,63,0,71.207985
s0012,64,0,60.846664
s0012,65,0,52.37259
s0012,66,0,72.253845
s0012,67,0,71.65416
s0012,68,0,65.42773
s0012,69,0,62.92881
s0012,70,0,63.81184
s0012,71,0,74.09964
s0012,72,0,60.546387
s0012,73,0,74.77652
s0012,74,0,76.23335
s0012,75,0,79.53129
s0012,76,0,80.45189
s0012,77,0,79.285675
s0012,78,0,74.40943
s0012,79,0,79.10189
s0012,80,0,79.12204
s0012,81,0,78.00754
s0012,82,0,65.51851
s0012,83,0,67.8268
s0012,84,0,60.24073
s0012,85,0,66.48358
s0012,86,0,71.373436
s0012,87,0,58.75893
s0012,88,0,62.139538
s0012,89,0,65.5348
s0012,90,0,57.60592
s0012,91,0,71.8081
s0012,92,0,68.199356
s0012,93,0,65.58088
s0012,94,0,68.110275
s0012,95,0,66.22791
s0013,0,0,49.194405
s0013,1,0,52.6844
s0013,2,0,47.0648
s0013,3,0,41.337254
s0013,4,0,57.922485
s0013,5,0,54.665424
s0013,6,0,62.640915
s0013,7,0,55.34649
s0013,8,0,53.83369
s0013,9,0,55.286423
s0013,10,0,59.56449
s0013,11,0,63.939903
s0013,12,0,64.2212
s0013,13,0,68.21864
s0013,14,0,63.135147
s0013,15,0,65.702934
s0013,16,0,61.27372
s0013,17,0,74.14766
s0013,18,0,63.27817
s0013,19,0,63.370354
s0013,20,0,69.1496
s0013,21,0,58.13324
s0013,22,0,72.43144
s0013,23,0,67.51714
s0013,24,0,71.40843
s0013,25,0,74.79545
s0013,26,0,70.80385
s0013,27,0,63.85389
s0013,28,0,65.158905
s0013,29,0,63.18442
s0013,30,0,49.76231
s0013,31,0,62.55107
s0013,32,0,58.68058
s0013,33,0,45.4124
s0013,34,0,52.357204
s0013,35,0,48.59072
s0013,36,0,56.780727
s0013,37,0,61.99545
s0013,38,0,66.011375
s0013,39,0,45.971466
s0013,40,0,58.186764
s0013,41,0,54.967
s0013,42,0,42.846558
s0013,43,0,49.93372
s0013,44,0,39.904408
s0013,45,0,45.459095
s0013,46,0,28.599018
s0013,47,0,60.55543
s0013,48,0,55.633057
s0013,49,0,51.825474
s0013,50,0,46.894268
s0013,51,0,43.361057
s0013,52,0,56.387
s0013,53,0,50.65764
s0013,54,0,45.976795
s0013,55,0,63.951515
s0013,56,0,61.828476
s0013,57,0,58.789417
s0013,58,0,53.735035
s0013,59,0,59.3433
s0013,60,0,62.3289
s0013,61,0,67.7741
s0013,62,0,71.23002
s0013,63,0,72.40138
s0013,64,0,64.64701
s0013,65,0,57.35076
s0013,66,0,77.32812
s0013,67,0,59.795555
s0013,68,0,59.91885
s0013,69,0,60.702797
s0013,70,0,55.393272
s0013,71,0,56.4081
s0013,72,0,68.056244
s0013,73,0,61.704273
s0013,74,0,73.76735
s0013,75,0,79.32181
s0013,76,0,79.39644
s0013,77,0,79.842674
s0013,78,0,78.354034
s0013,79,0,79.51494
s0013,80,0,79.47594
s0013,81,0,79.159134
s0013,82,0,68.74955
s0013,83,0,66.02157
s0013,84,0,67.06763
s0013,85,0,72.59773
s0013,86,0,68.087395
s0013,87,0,61.28159
s0013,88,0,63.790325
s0013,89,0,59.727634
s0013,90,0,61.804836
s0013,91,0,64.29855
s0013,92,0,67.03428
s0013,93,0,72.86168
s0013,94,0,64.40341
s0013,95,0,61.748573
s0014,0,0,56.10562
s0014,1,0,55.044147
s0014,2,0,38.493713
s0014,3,0,32.7957
s0014,4,0,55.887653
s0014,5,0,54.01675
s0014,6,0,63.706642
s0014,7,0,47.27488
s0014,8,0,64.89115
s0014,9,0,62.88116
s0014,10,0,56.254272
s0014,11,0,67.37492
s0014,12,0,63.433002
s0014,13,0,66.53189
s0014,14,0,67.9024
s0014,15,0,62.879936
s0014,16,0,67.676445
s0014,17,0,66.1581
s0014,18,0,61.95081
s0014,19,0,65.078064
s0014,20,0,69.227425
s0014,21,0,61.627434
s0014,22,0,69.93681
s0014,23,0,65.611946
s0014,24,0,69.84361
s0014,25,0,63.14675
s0014,26,0,68.84133
s0014,27,0,65.53169
s0014,28,0,76.269
s0014,29,0,65.81557
s0014,30,0,57.029175
s0014,31,0,63.620842
s0014,32,0,59.684685
s0014,33,0,52.58777
s0014,34,0,53.09927
s0014,35,0,49.18759
s0014,36,0,53.750374
s0014,37,0,58.280422
s0014,38,0,67.49816
s0014,39,0,54.510784
s0014,40,0,68.54654
s0014,41,0,68.32577
s0014,42,0,51.67446
s0014,43,0,57.44241
s0014,44,0,48.500793
s0014,45,0,54.686348
s0014,46,0,46.329887
s0014,47,0,38.7915
s0014,48,0,58.2182
s0014,49,0,46.10089
s0014,50,0,44.856
s0014,51,0,44.46771
s0014,52,0,62.238747
s0014,53,0,55.58936
s0014,54,0,45.439438
s0014,55,0,54.46535
s0014,56,0,64.05764
s0014,57,0,65.321655
s0014,58,0,53.379585
s0014,59,0,67.06075
s0014,60,0,60.79567
s0014,61,0,55.88139
s0014,62,0,65.87776
s0014,63,0,69.12018
s0014,64,0,61.45966
s0014,65,0,65.03019
s0014,66,0,67.4226
s0014,67,0,55.295017
s0014,68,0,60.421284
s0014,69,0,65.04796
s0014,70,0,65.20336
s0014,71,0,60.355972
s0014,72,0,65.07234
s0014,73,0,67.50036
s0014,74,0,79.93445
s0014,75,0,79.27581
s0014,76,0,80.55338
s0014,77,0,78.4221
s0014,78,0,75.27417
s0014,79,0,79.373024
s0014,80,0,79.05749
s0014,81,0,79.4954
s0014,82,0,67.95274
s0014,83,0,62.622513
s0014,84,0,65.05819
s0014,85,0,69.08911
s0014,86,0,63.584507
s0014,87,0,59.40675
s0014,88,0,65.72177
s0014,89,0,65.27758
s0014,90,0,54.935444
s0014,91,0,72.19661
s0014,92,0,64.836426
s0014,93,0,71.14888
s0014,94,0,67.06088
s0014,95,0,75.70233
s0015,0,0,64.480446
s0015,1,0,42.929253
s0015,2,0,43.52745
s0015,3,0,57.43932
s0015,4,0,47.185654
s0015,5,0,53.95136
s0015,6,0,55.041153
s0015,7,0,55.142838
s0015,8,0,57.943943
s0015,9,0,66.40791
s0015,10,0,53.36268
s0015,11,0,67.7982
s0015,12,0,70.37846
s0015,13,0,64.60302
s0015,14,0,60.812046
s0015,15,0,68.082756
s0015,16,0,58.907604
s0015,17,0,76.33628
s0015,18,0,69.79867
s0015,19,0,70.50807
s0015,20,0,70.049576
s0015,21,0,61.234535
s0015,22,0,65.02789
s0015,23,0,70.52648
s0015,24,0,72.339264
s0015,25,0,71.27108
s0015,26,0,64.5686
s0015,27,0,69.81782
s0015,28,0,68.91814
s0015,29,0,66.852585
s0015,30,0,61.50919
s0015,31,0,63.379574
s0015,32,0,66.4384
s0015,33,0,46.9374
s0015,34,0,47.62314
s0015,35,0,60.201576
s0015,36,0,69.65299
s0015,37,0,55.65572
s0015,38,0,45.17111
s0015,39,0,46.98919
s0015,40,0,66.72351
s0015,41,0,53.985104
s0015,42,0,36.837337
s0015,43,0,50.569717
s0015,44,0,38.851574
s0015,45,0,46.77829
s0015,46,0,38.362053
s0015,47,0,42.53583
s0015,48,0,62.366165
s0015,49,0,44.185898
s0015,50,0,39.42865
s0015,51,0,45.69611
s0015,52,0,61.005966
s0015,53,0,68.237495
s0015,54,0,49.675312
s0015,55,0,66.99575
s0015,56,0,59.53772
s0015,57,0,60.207077
s0015,58,0,52.751354
s0015,59,0,63.905594
s0015,60,0,59.86645
s0015,61,0,61.9023
s0015,62,0,66.76563
s0015,63,0,67.7362
s0015,64,0,68.41521
s0015,65,0,61.356964
s0015,66,0,71.604294
s0015,67,0,56.35314
s0015,68,0,58.68542
s0015,69,0,65.384575
s0015,70,0,58.550987
s0015,71,0,51.884884
s0015,72,0,64.227356
s0015,73,0,74.44588
s0015,74,0,74.89126
s0015,75,0,78.3096
s0015,76,0,79.34884
s0015,77,0,78.97747
s0015,78,0,73.33641
s0015,79,0,79.80965
s0015,80,0,79.22521
s0015,81,0,79.36395
s0015,82,0,61.07454
s0015,83,0,63.786266
s0015,84,0,68.23362
s0015,85,0,67.27179
s0015,86,0,67.0186
s0015,87,0,58.72039
s0015,88,0,70.71229
s0015,89,0,58.791615
s0015,90,0,46.29386
s0015,91,0,66.98327
s0015,92,0,67.23405
s0015,93,0,62.292797
s0015,94,0,66.76645
s0015,95,0,66.351006
s0016,0,0,62.6969
s0016,1,0,47.357227
s0016,2,0,46.974842
s0016,3,0,42.484814
s0016,4,0,58.038967
s0016,5,0,56.554886
s0016,6,0,55.4012
s0016,7,0,58.25783
s0016,8,0,65.52417
s0016,9,0,57.4875
s0016,10,0,57.33565
s0016,11,0,66.55998
s0016,12,0,70.201866
s0016,13,0,72.232834
s0016,14,0,64.845345
s0016,15,0,64.62013
s0016,16,0,66.96364
s0016,17,0,65.8527
s0016,18,0,57.726334
s0016,19,0,66.10967
s0016,20,0,71.64488
s0016,21,0,71.42543
s0016,22,0,64.182175
s0016,23,0,62.137154
s0016,24,0,71.32055
s0016,25,0,69.5205
s0016,26,0,68.80846
s0016,27,0,63.31321
s0016,28,0,68.97705
s0016,29,0,73.65763
s0016,30,0,55.530792
s0016,31,0,67.72391
s0016,32,0,58.116673
s0016,33,0,56.916813
s0016,34,0,53.195374
s0016,35,0,49.36653
s0016,36,0,62.482258
s0016,37,0,54.334038
s0016,38,0,57.788498
s0016,39,0,42.56565
s0016,40,0,42.120987
s0016,41,0,58.794838
s0016,42,0,37.406963
s0016,43,0,45.14614
s0016,44,0,44.264942
s0016,45,0,49.401917
s0016,46,0,58.26547
s0016,47,0,28.764671
s0016,48,0,45.714447
s0016,49,0,39.1517
s0016,50,0,57.808155
s0016,51,0,38.086433
s0016,52,0,57.688103
s0016,53,0,52.808025
s0016,54,0,51.015373
s0016,55,0,68.71399
s0016,56,0,67.40714
s0016,57,0,59.910378
s0016,58,0,59.843193
s0016,59,0,64.2719
s0016,60,0,54.575077
s0016,61,0,61.09437
s0016,62,0,75.760445
s0016,63,0,72.419876
s0016,64,0,77.25334
s0016,65,0,69.48677
s0016,66,0,72.53755
s0016,67,0,67.09485
s0016,68,0,68.39892
s0016,69,0,60.464252
s0016,70,0,62.21013
s0016,71,0,53.106888
s0016,72,0,60.85965
s0016,73,0,71.13696
s0016,74,0,78.775215
s0016,75,0,80.25025
s0016,76,0,78.90031
s0016,77,0,79.84178
s0016,78,0,80.58621
s0016,79,0,78.63748
s0016,80,0,79.31047
s0016,81,0,79.635956
s0016,82,0,60.758457
s0016,83,0,63.388878
s0016,84,0,71.21583
s0016,85,0,75.343376
s0016,86,0,62.627804
s0016,87,0,64.42212
s0016,88,0,63.178772
s0016,89,0,65.0617
s0016,90,0,46.729996
s0016,91,0,74.59679
s0016,92,0,67.099174
s0016,93,0,71.02604
s0016,94,0,70.94884
s0016,95,0,71.86093
s0017,0,0,55.3696
s0017,1,0,53.239773
s0017,2,0,52.862423
s0017,3,0,45.647232
s0017,4,0,57.22987
s0017,5,0,56.49801
s0017,6,0,45.52804
s0017,7,0,57.15252
s0017,8,0,59.429913
s0017,9,0,64.806694
s0017,10,0,67.86036
s0017,11,0,67.881226
s0017,12,0,66.42871
s0017,13,0,65.97814
s0017,14,0,69.532326
s0017,15,0,56.619617
s0017,16,0,66.426895
s0017,17,0,69.51289
s0017,18,0,64.11939
s0017,19,0,58.39364
s0017,20,0,67.11251
s0017,21,0,70.93476
s0017,22,0,67.039314
s0017,23,0,74.04372
s0017,24,0,69.85257
s0017,25,0,62.652004
s0017,26,0,72.16816
s0017,27,0,58.576218
s0017,28,0,61.412292
s0017,29,0,67.07739
s0017,30,0,62.147533
s0017,31,0,59.090206
s0017,32,0,62.377274
s0017,33,0,51.548206
s0017,34,0,51.518017
s0017,35,0,59.041977
s0017,36,0,62.539993
s0017,37,0,62.71184
s0017,38,0,59.58551
s0017,39,0,49.727215
s0017,40,0,75.85066
s0017,41,0,68.06755
s0017,42,0,64.91232
s0017,43,0,32.36397
s0017,44,0,31.694916
s0017,45,0,56.556202
s0017,46,0,40.94895
s0017,47,0,50.000454
s0017,48,0,49.61091
s0017,49,0,60.706104
s0017,50,0,49.76684
s0017,51,0,42.6764
s0017,52,0,61.42282
s0017,53,0,53.002865
s0017,54,0,37.290077
s0017,55,0,58.556763
s0017,56,0,53.22888
s0017,57,0,68.45821
s0017,58,0,50.579216
s0017,59,0,67.47059
s0017,60,0,62.726707
s0017,61,0,70.981995
s0017,62,0,68.636955
s0017,63,0,74.19948
s0017,64,0,59.99722
s0017,65,0,67.47536
s0017,66,0,73.541435
s0017,67,0,71.6411
s0017,68,0,67.087296
s0017,69,0,72.31738
s0017,70,0,63.067303
s0017,71,0,64.174065
s0017,72,0,69.36994
s0017,73,0,75.10927
s0017,74,0,77.27911
s0017,75,0,79.49755
s0017,76,0,80.04443
s0017,77,0,80.467285
s0017,78,0,79.80989
s0017,79,0,80.67108
s0017,80,0,79.49301
s0017,81,0,78.69967
s0017,82,0,75.001816
s0017,83,0,64.68656
s0017,84,0,72.88184
s0017,85,0,74.6404
s0017,86,0,72.222946
s0017,87,0,76.84357
s0017,88,0,62.22987
s0017,89,0,66.484344
s0017,90,0,52.27357
s0017,91,0,69.80331
s0017,92,0,67.83782
s0017,93,0,70.85526
s0017,94,0,60.679348
s0017,95,0,62.699142
s0018,0,0,58.47891
s0018,1,0,44.598576
s0018,2,0,51.37821
s0018,3,0,60.025658
s0018,4,0,54.513157
s0018,5,0,52.73037
s0018,6,0,54.672165
s0018,7,0,52.47358
s0018,8,0,63.924942
s0018,9,0,66.61866
s0018,10,0,58.684
s0018,11,0,72.94565
s0018,12,0,73.481064
s0018,13,0,70.00744
s0018,14,0,69.580444
s0018,15,0,71.16618
s0018,16,0,59.636467
s0018,17,0,56.798016
s0018,18,0,76.77393
s0018,19,0,68.2858
s0018,20,0,65.54335
s0018,21,0,70.15108
s0018,22,0,61.886127
s0018,23,0,71.99146
s0018,24,0,68.35515
s0018,25,0,66.77427
s0018,26,0,71.87757
s0018,27,0,70.14591
s0018,28,0,65.043144
s0018,29,0,70.176384
s0018,30,0,62.765766
s0018,31,0,61.869884
s0018,32,0,59.780045
s0018,33,0,56.969296
s0018,34,0,48.86221
s0018,35,0,54.501286
s0018,36,0,48.256233
s0018,37,0,55.08571
s0018,38,0,47.225143
s0018,39,0,51.576897
s0018,40,0,59.439995
s0018,41,0,55.13033
s0018,42,0,28.729492
s0018,43,0,43.787346
s0018,44,0,47.927063
s0018,45,0,38.006725
s0018,46,0,43.47724
s0018,47,0,38.21483
s0018,48,0,57.000072
s0018,49,0,57.247173
s0018,50,0,46.386917
s0018,51,0,55.717316
s0018,52,0,51.002148
s0018,53,0,50.299126
s0018,54,0,62.5558
s0018,55,0,50.785408
s0018,56,0,53.638893
s0018,57,0,62.00907
s0018,58,0,55.00138
s0018,59,0,67.45689
s0018,60,0,57.48301
s0018,61,0,59.520615
s0018,62,0,66.6992
s0018,63,0,73.38985
s0018,64,0,66.05095
s0018,65,0,65.861115
s0018,66,0,74.303986
s0018,67,0,64.32952
s0018,68,0,63.477222
s0018,69,0,63.08175
s0018,70,0,58.390507
s0018,71,0,44.939846
s0018,72,0,57.192516
s0018,73,0,71.871704
s0018,74,0,77.747574
s0018,75,0,79.91311
s0018,76,0,79.79475
s0018,77,0,79.56271
s0018,78,0,75.7109
s0018,79,0,79.862434
s0018,80,0,79.52461
s0018,81,0,78.49015
s0018,82,0,67.817345
s0018,83,0,67.03493
s0018,84,0,69.44291
s0018,85,0,74.302704
s0018,86,0,71.94748
s0018,87,0,59.805515
s0018,88,0,76.50299
s0018,89,0,63.220993
s0018,90,0,59.36312
s0018,91,0,65.20535
s0018,92,0,64.75304
s0018,93,0,62.409245
s0018,94,0,70.078606
s0018,95,0,69.04975
s0019,0,0,55.656784
s0019,1,0,44.938297
s0019,2,0,43.599754
s0019,3,0,44.148323
s0019,4,0,42.351383
s0019,5,0,53.35245
s0019,6,0,43.43455
s0019,7,0,55.715862
s0019,8,0,64.51508
s0019,9,0,60.90621
s0019,10,0,58.106728
s0019,11,0,69.36005
s0019,12,0,65.30496
s0019,13,0,71.00023
s0019,14,0,57.66805
s0019,15,0,65.58799
s0019,16,0,67.61613
s0019,17,0,57.782673
s0019,18,0,59.519676
s0019,19,0,60.917603
s0019,20,0,64.220345
s0019,21,0,71.27623
s0019,22,0,46.9488
s0019,23,0,69.216354
s0019,24,0,73.1238
s0019,25,0,75.63933
s0019,26,0,69.49633
s0019,27,0,69.43167
s0019,28,0,77.35975
s0019,29,0,60.129345
s0019,30,0,58.70907
s0019,31,0,62.769833
s0019,32,0,61.478146
s0019,33,0,52.656208
s0019,34,0,50.868584
s0019,35,0,56.194305
s0019,36,0,54.755352
s0019,37,0,56.631886
s0019,38,0,64.98334
s0019,39,0,57.16022
s0019,40,0,77.13431
s0019,41,0,63.376507
s0019,42,0,49.198524
s0019,43,0,31.93468
s0019,44,0,49.239426
s0019,45,0,52.05942
s0019,46,0,31.401464
s0019,47,0,61.232216
s0019,48,0,44.59934
s0019,49,0,41.844067
s0019,50,0,45.30466
s0019,51,0,63.21023
s0019,52,0,60.30824
s0019,53,0,40.97154
s0019,54,0,49.6928
s0019,55,0,60.06015
s0019,56,0,63.105106
s0019,57,0,64.91147
s0019,58,0,60.303337
s0019,59,0,70.73973
s0019,60,0,59.31391
s0019,61,0,49.82722
s0019,62,0,77.42328
s0019,63,0,74.551094
s0019,64,0,64.28968
s0019,65,0,56.577335
s0019,66,0,74.01912
s0019,67,0,51.698006
s0019,68,0,69.10877
s0019,69,0,66.77886
s0019,70,0,63.15686
s0019,71,0,62.496964
s0019,72,0,64.61519
s0019,73,0,62.841236
s0019,74,0,77.0378
s0019,75,0,78.55857
s0019,76,0,79.94966
s0019,77,0,80.41651
s0019,78,0,79.28248
s0019,79,0,78.89864
s0019,80,0,78.779175
s0019,81,0,76.70128
s0019,82,0,61.629124
s0019,83,0,63.61188
s0019,84,0,65.946045
s0019,85,0,67.674835
s0019,86,0,62.519855
s0019,87,0,70.2279
s0019,88,0,55.13566
s0019,89,0,56.573483
s0019,90,0,50.471474
s0019,91,0,69.004074
s0019,92,0,73.81598
s0019,93,0,68.89249
s0019,94,0,70.384865
s0019,95,0,65.392426
s0020,0,0,51.435677
s0020,1,0,40.906013
s0020,2,0,45.69856
s0020,3,0,47.880318
s0020,4,0,47.594574
s0020,5,0,47.69648
s0020,6,0,53.54711
s0020,7,0,44.687798
s0020,8,0,56.098137
s0020,9,0,57.807446
s0020,10,0,64.81353
s0020,11,0,65.508064
s0020,12,0,61.30351
s0020,13,0,60.673016
s0020,14,0,60.24233
s0020,15,0,56.88426
s0020,16,0,68.3546
s0020,17,0,64.21394
s0020,18,0,70.27976
s0020,19,0,66.76929
s0020,20,0,68.097496
s0020,21,0,64.93972
s0020,22,0,66.69923
s0020,23,0,66.50128
s0020,24,0,75.50806
s0020,25,0,69.922066
s0020,26,0,63.21622
s0020,27,0,70.06294
s0020,28,0,75.84995
s0020,29,0,60.824787
s0020,30,0,53.866695
s0020,31,0,61.89882
s0020,32,0,60.66698
s0020,33,0,52.312737
s0020,34,0,54.03596
s0020,35,0,52.633892
s0020,36,0,59.735584
s0020,37,0,64.20794
s0020,38,0,56.395363
s0020,39,0,49.59752
s0020,40,0,60.036865
s0020,41,0,55.97974
s0020,42,0,40.51896
s0020,43,0,63.852497
s0020,44,0,45.95938
s0020,45,0,39.53085
s0020,46,0,54.864227
s0020,47,0,54.785473
s0020,48,0,60.152218
s0020,49,0,53.800762
s0020,50,0,47.855717
s0020,51,0,51.035316
s0020,52,0,28.585459
s0020,53,0,52.984783
s0020,54,0,57.802593
s0020,55,0,55.646194
s0020,56,0,56.03018
s0020,57,0,53.45455
s0020,58,0,62.234173
s0020,59,0,62.027714
s0020,60,0,60.988297
s0020,61,0,57.865814
s0020,62,0,66.76848
s0020,63,0,70.409775
s0020,64,0,59.186092
s0020,65,0,61.8339
s0020,66,0,67.47476
s0020,67,0,61.985508
s0020,68,0,59.196598
s0020,69,0,66.61713
s0020,70,0,58.68628
s0020,71,0,62.189262
s0020,72,0,56.842205
s0020,73,0,72.47381
s0020,74,0,75.761665
s0020,75,0,78.849686
s0020,76,0,83.55608
s0020,77,0,79.51898
s0020,78,0,76.270584
s0020,79,0,79.352234
s0020,80,0,79.56625
s0020,81,0,80.591774
s0020,82,0,68.67408
s0020,83,0,66.10162
s0020,84,0,70.24753
s0020,85,0,72.76269
s0020,86,0,68.950195
s0020,87,0,59.6612
s0020,88,0,59.730297
s0020,89,0,61.997818
s0020,90,0,56.49553
s0020,91,0,73.09534
s0020,92,0,74.40178
s0020,93,0,66.61819
s0020,94,0,76.87618
s0020,95,0,58.339622
s0021,0,0,56.46139
s0021,1,0,41.63053
s0021,2,0,39.24096
s0021,3,0,48.554077
s0021,4,0,56.165634
s0021,5,0,57.167667
s0021,6,0,46.045605
s0021,7,0,56.42806
s0021,8,0,62.04913
s0021,9,0,57.111885
s0021,10,0,56.20327
s0021,11,0,66.424446
s0021,12,0,73.88085
s0021,13,0,71.1964
s0021,14,0,66.06354
s0021,15,0,73.451035
s0021,16,0,68.51063
s0021,17,0,59.481228
s0021,18,0,71.44465
s0021,19,0,64.92848
s0021,20,0,72.42268
s0021,21,0,54.896255
s0021,22,0,65.596596
s0021,23,0,69.90228
s0021,24,0,65.94875
s0021,25,0,65.05108
s0021,26,0,69.92257
s0021,27,0,62.36885
s0021,28,0,71.69041
s0021,29,0,74.93914
s0021,30,0,51.72122
s0021,31,0,57.143406
s0021,32,0,64.101944
s0021,33,0,44.9667
s0021,34,0,63.811737
s0021,35,0,51.175846
s0021,36,0,43.39324
s0021,37,0,40.07489
s0021,38,0,53.793358
s0021,39,0,53.70071
s0021,40,0,61.818356
s0021,41,0,36.38045
s0021,42,0,40.26191
s0021,43,0,51.29778
s0021,44,0,58.319893
s0021,45,0,71.024796
s0021,46,0,51.900497
s0021,47,0,60.29083
s0021,48,0,51.99981
s0021,49,0,44.269024
s0021,50,0,52.577183
s0021,51,0,26.798136
s0021,52,0,44.054592
s0021,53,0,55.980324
s0021,54,0,53.66488
s0021,55,0,58.405014
s0021,56,0,47.818073
s0021,57,0,53.940308
s0021,58,0,59.93989
s0021,59,0,70.66885
s0021,60,0,65.17684
s0021,61,0,61.79129
s0021,62,0,73.075806
s0021,63,0,70.50524
s0021,64,0,74.58534
s0021,65,0,64.387856
s0021,66,0,69.891716
s0021,67,0,66.41117
s0021,68,0,62.29153
s0021,69,0,69.60989
s0021,70,0,57.258926
s0021,71,0,62.78839
s0021,72,0,62.530685
s0021,73,0,62.223553
s0021,74,0,78.55029
s0021,75,0,79.25995
s0021,76,0,79.74708
s0021,77,0,79.97975
s0021,78,0,77.35078
s0021,79,0,80.67796
s0021,80,0,79.71359
s0021,81,0,77.749886
s0021,82,0,69.389694
s0021,83,0,65.886345
s0021,84,0,71.78173
s0021,85,0,72.55103
s0021,86,0,63.761223
s0021,87,0,59.189262
s0021,88,0,65.807045
s0021,89,0,53.785866
s0021,90,0,57.55995
s0021,91,0,68.65264
s0021,92,0,67.785126
s0021,93,0,69.07148
s0021,94,0,67.48629
s0021,95,0,74.180176
s0022,0,0,57.466263
s0022,1,0,47.001694
s0022,2,0,45.229656
s0022,3,0,44.242214
s0022,4,0,60.87233
s0022,5,0,54.164806
s0022,6,0,53.694695
s0022,7,0,56.02213
s0022,8,0,63.33172
s0022,9,0,54.488255
s0022,10,0,49.792194
s0022,11,0,71.21564
s0022,12,0,63.15898
s0022,13,0,68.26636
s0022,14,0,61.050007
s0022,15,0,65.202515
s0022,16,0,68.48388
s0022,17,0,71.876205
s0022,18,0,67.64266
s0022,19,0,65.670006
s0022,20,0,71.685905
s0022,21,0,61.88763
s0022,22,0,64.98837
s0022,23,0,73.75608
s0022,24,0,61.812233
s0022,25,0,72.880135
s0022,26,0,73.18719
s0022,27,0,54.617916
s0022,28,0,69.18884
s0022,29,0,64.30415
s0022,30,0,61.274685
s0022,31,0,45.558567
s0022,32,0,69.33888
s0022,33,0,56.67995
s0022,34,0,55.115562
s0022,35,0,49.126896
s0022,36,0,47.928337
s0022,37,0,50.32409
s0022,38,0,50.99332
s0022,39,0,55.043896
s0022,40,0,70.12382
s0022,41,0,58.09945
s0022,42,0,45.16891
s0022,43,0,53.379665
s0022,44,0,60.65097
s0022,45,0,67.92788
s0022,46,0,37.53214
s0022,47,0,64.742645
s0022,48,0,40.345234
s0022,49,0,51.855907
s0022,50,0,48.05982
s0022,51,0,56.86649
s0022,52,0,48.7432
s0022,53,0,57.648026
s0022,54,0,49.585773
s0022,55,0,43.928852
s0022,56,0,48.245754
s0022,57,0,58.809277
s0022,58,0,56.668087
s0022,59,0,55.615402
s0022,60,0,65.04831
s0022,61,0,66.12194
s0022,62,0,68.94846
s0022,63,0,75.91705
s0022,64,0,65.927956
s0022,65,0,68.320366
s0022,66,0,64.2918
s0022,67,0,71.21893
s0022,68,0,56.202736
s0022,69,0,64.89849
s0022,70,0,48.17467
s0022,71,0,65.33771
s0022,72,0,60.436943
s0022,73,0,62.495037
s0022,74,0,77.00529
s0022,75,0,78.76379
s0022,76,0,79.579834
s0022,77,0,80.14042
s0022,78,0,75.6546
s0022,79,0,78.7018
s0022,80,0,79.61392
s0022,81,0,77.90471
s0022,82,0,58.626072
s0022,83,0,61.177017
s0022,84,0,68.71592
s0022,85,0,65.96685
s0022,86,0,45.119545
s0022,87,0,64.514496
s0022,88,0,63.260223
s0022,89,0,69.675385
s0022,90,0,59.51216
s0022,91,0,73.53883
s0022,92,0,72.939865
s0022,93,0,71.56666
s0022,94,0,72.660965
s0022,95,0,64.202774
s0023,0,0,48.997517
s0023,1,0,60.066517
s0023,2,0,53.930237
s0023,3,0,53.20169
s0023,4,0,30.749456
s0023,5,0,50.843666
s0023,6,0,53.76687
s0023,7,0,63.868103
s0023,8,0,57.036346
s0023,9,0,64.77771
s0023,10,0,65.670235
s0023,11,0,65.15938
s0023,12,0,65.22515
s0023,13,0,66.2442
s0023,14,0,64.428055
s0023,15,0,68.16429
s0023,16,0,65.606674
s0023,17,0,65.53877
s0023,18,0,65.99772
s0023,19,0,61.998714
s0023,20,0,66.84007
s0023,21,0,65.837494
s0023,22,0,66.277504
s0023,23,0,68.01098
s0023,24,0,76.07979
s0023,25,0,78.18975
s0023,26,0,67.64946
s0023,27,0,69.3221
s0023,28,0,66.48915
s0023,29,0,70.44398
s0023,30,0,56.216515
s0023,31,0,67.5702
s0023,32,0,62.6303
s0023,33,0,50.648308
s0023,34,0,52.56571
s0023,35,0,50.8164
s0023,36,0,60.985798
s0023,37,0,63.685432
s0023,38,0,52.706844
s0023,39,0,61.264923
s0023,40,0,73.760124
s0023,41,0,48.32367
s0023,42,0,43.160168
s0023,43,0,48.31602
s0023,44,0,32.580463
s0023,45,0,57.469357
s0023,46,0,59.827744
s0023,47,0,54.134315
s0023,48,0,58.825504
s0023,49,0,46.82153
s0023,50,0,53.412357
s0023,51,0,60.44939
s0023,52,0,63.678963
s0023,53,0,37.339718
s0023,54,0,55.032562
s0023,55,0,49.234665
s0023,56,0,61.36109
s0023,57,0,65.740135
s0023,58,0,53.853703
s0023,59,0,61.749813
s0023,60,0,64.643394
s0023,61,0,62.213497
s0023,62,0,74.42105
s0023,63,0,79.32917
s0023,64,0,68.74618
s0023,65,0,67.22015
s0023,66,0,68.43917
s0023,67,0,66.23423
s0023,68,0,70.06792
s0023,69,0,62.56978
s0023,70,0,56.355812
s0023,71,0,58.372032
s0023,72,0,55.422695
s0023,73,0,73.27759
s0023,74,0,75.92104
s0023,75,0,79.95216
s0023,76,0,78.80941
s0023,77,0,79.81594
s0023,78,0,76.36373
s0023,79,0,79.44453
s0023,80,0,79.44314
s0023,81,0,79.6292
s0023,82,0,65.40433
s0023,83,0,74.41422
s0023,84,0,74.238556
s0023,85,0,77.646904
s0023,86,0,64.33263
s0023,87,0,65.43527
s0023,88,0,69.14096
s0023,89,0,67.69713
s0023,90,0,54.01863
s0023,91,0,68.205605
s0023,92,0,63.0433
s0023,93,0,66.92037
s0023,94,0,66.271645
s0023,95,0,67.694305
s0024,0,0,55.49942
s0024,1,0,43.592297
s0024,2,0,49.58864
s0024,3,0,48.40181
s0024,4,0,45.744022
s0024,5,0,58.905144
s0024,6,0,54.607273
s0024,7,0,61.22813
s0024,8,0,62.441853
s0024,9,0,61.092297
s0024,10,0,55.050846
s0024,11,0,65.58776
s0024,12,0,65.82944
s0024,13,0,76.02146
s0024,14,0,66.893486
s0024,15,0,71.41606
s0024,16,0,73.60389
s0024,17,0,71.054016
s0024,18,0,61.008263
s0024,19,0,68.05749
s0024,20,0,68.243675
s0024,21,0,58.196003
s0024,22,0,67.229485
s0024,23,0,67.68852
s0024,24,0,71.20715
s0024,25,0,65.025375
s0024,26,0,67.66169
s0024,27,0,66.36472
s0024,28,0,70.44385
s0024,29,0,77.91894
s0024,30,0,61.009705
s0024,31,0,67.493195
s0024,32,0,64.81222
s0024,33,0,52.021297
s0024,34,0,49.263706
s0024,35,0,57.308468
s0024,36,0,58.115913
s0024,37,0,58.198338
s0024,38,0,53.119156
s0024,39,0,43.11296
s0024,40,0,58.94619
s0024,41,0,53.559566
s0024,42,0,52.10824
s0024,43,0,37.096146
s0024,44,0,46.636963
s0024,45,0,56.78322
s0024,46,0,21.21067
s0024,47,0,41.795742
s0024,48,0,54.45023
s0024,49,0,51.38347
s0024,50,0,51.165897
s0024,51,0,49.528645
s0024,52,0,52.962463
s0024,53,0,51.526783
s0024,54,0,53.425453
s0024,55,0,53.313072
s0024,56,0,54.3969
s0024,57,0,61.539806
s0024,58,0,53.39755
s0024,59,0,65.49748
s0024,60,0,65.55681
s0024,61,0,65.563675
s0024,62,0,71.136765
s0024,63,0,63.752323
s0024,64,0,70.77644
s0024,65,0,69.64041
s0024,66,0,68.81456
s0024,67,0,62.393116
s0024,68,0,72.64461
s0024,69,0,58.730957
s0024,70,0,57.574825
s0024,71,0,64.27295
s0024,72,0,54.896538
s0024,73,0,67.90118
s0024,74,0,76.49266
s0024,75,0,79.60573
s0024,76,0,78.76251
s0024,77,0,79.77271
s0024,78,0,77.94631
s0024,79,0,78.50667
s0024,80,0,79.10116
s0024,81,0,77.70712
s0024,82,0,67.70613
s0024,83,0,69.295265
s0024,84,0,67.57036
s0024,85,0,73.94194
s0024,86,0,63.65799
s0024,87,0,52.49651
s0024,88,0,64.33024
s0024,89,0,61.643948
s0024,90,0,57.282116
s0024,91,0,65.10198
s0024,92,0,65.53242
s0024,93,0,69.20964
s0024,94,0,65.958275
s0024,95,0,64.52434
s0025,0,0,53.884094
s0025,1,0,45.63714
s0025,2,0,42.000572
s0025,3,0,47.75369
s0025,4,0,57.25408
s0025,5,0,52.868946
s0025,6,0,56.71443
s0025,7,0,53.184593
s0025,8,0,58.27227
s0025,9,0,70.781395
s0025,10,0,56.016247
s0025,11,0,70.15787
s0025,12,0,64.07277
s0025,13,0,62.30847
s0025,14,0,68.696976
s0025,15,0,62.12978
s0025,16,0,71.25465
s0025,17,0,63.858776
s0025,18,0,65.909935
s0025,19,0,76.23462
s0025,20,0,69.94695
s0025,21,0,64.91119
s0025,22,0,73.46769
s0025,23,0,67.464615
s0025,24,0,69.57092
s0025,25,0,73.414246
s0025,26,0,69.01262
s0025,27,0,68.93801
s0025,28,0,73.97684
s0025,29,0,73.30176
s0025,30,0,64.134674
s0025,31,0,67.08208
s0025,32,0,62.890396
s0025,33,0,58.045338
s0025,34,0,53.273422
s0025,35,0,56.605595
s0025,36,0,57.519463
s0025,37,0,59.281013
s0025,38,0,60.461357
s0025,39,0,48.1589
s0025,40,0,69.25229
s0025,41,0,58.766865
s0025,42,0,51.17051
s0025,43,0,49.567932
s0025,44,0,51.36656
s0025,45,0,67.08913
s0025,46,0,37.066208
s0025,47,0,24.61036
s0025,48,0,59.38002
s0025,49,0,54.671185
s0025,50,0,44.840717
s0025,51,0,40.7428
s0025,52,0,43.31866
s0025,53,0,51.995907
s0025,54,0,52.548313
s0025,55,0,63.882603
s0025,56,0,60.074146
s0025,57,0,60.794464
s0025,58,0,54.508274
s0025,59,0,69.355576
s0025,60,0,61.851658
s0025,61,0,53.396126
s0025,62,0,76.6278
s0025,63,0,75.393036
s0025,64,0,72.54868
s0025,65,0,62.59087
s0025,66,0,67.58192
s0025,67,0,61.28895
s0025,68,0,70.504105
s0025,69,0,65.273926
s0025,70,0,61.24563
s0025,71,0,61.703014
s0025,72,0,52.916725
s0025,73,0,76.8325
s0025,74,0,72.45155
s0025,75,0,79.29619
s0025,76,0,78.785965
s0025,77,0,79.70044
s0025,78,0,79.091156
s0025,79,0,79.67106
s0025,80,0,80.38059
s0025,81,0,77.52693
s0025,82,0,65.53074
s0025,83,0,62.039078
s0025,84,0,67.73782
s0025,85,0,74.12787
s0025,86,0,67.286156
s0025,87,0,61.918407
s0025,88,0,63.514713
s0025,89,0,58.054817
s0025,90,0,57.80069
s0025,91,0,66.41422
s0025,92,0,69.99395
s0025,93,0,69.713
s0025,94,0,62.466183
s0025,95,0,73.4215
s0026,0,0,54.36117
s0026,1,0,51.543884
s0026,2,0,35.69159
s0026,3,0,52.214806
s0026,4,0,41.5306
s0026,5,0,56.30684
s0026,6,0,54.938812
s0026,7,0,56.98242
s0026,8,0,63.88626
s0026,9,0,52.6471
s0026,10,0,63.227535
s0026,11,0,69.429695
s0026,12,0,70.77255
s0026,13,0,66.88204
s0026,14,0,64.72171
s0026,15,0,64.751495
s0026,16,0,65.79782
s0026,17,0,69.476746
s0026,18,0,66.79394
s0026,19,0,54.6463
s0026,20,0,68.2484
s0026,21,0,61.716106
s0026,22,0,69.1626
s0026,23,0,68.49692
s0026,24,0,72.39765
s0026,25,0,67.005775
s0026,26,0,70.144226
s0026,27,0,60.237133
s0026,28,0,72.78611
s0026,29,0,65.373604
s0026,30,0,55.780785
s0026,31,0,60.624016
s0026,32,0,54.946888
s0026,33,0,54.975956
s0026,34,0,50.72865
s0026,35,0,60.846577
s0026,36,0,55.6187
s0026,37,0,50.296604
s0026,38,0,59.930664
s0026,39,0,53.02136
s0026,40,0,61.124523
s0026,41,0,45.158794
s0026,42,0,49.96771
s0026,43,0,51.59375
s0026,44,0,45.983864
s0026,45,0,59.3318
s0026,46,0,45.49383
s0026,47,0,43.239136
s0026,48,0,55.678032
s0026,49,0,41.809437
s0026,50,0,48.08532
s0026,51,0,66.49847
s0026,52,0,58.861626
s0026,53,0,56.01326
s0026,54,0,50.693867
s0026,55,0,41.356014
s0026,56,0,54.06052
s0026,57,0,61.813942
s0026,58,0,50.919914
s0026,59,0,62.17107
s0026,60,0,76.01078
s0026,61,0,61.409195
s0026,62,0,74.15038
s0026,63,0,67.67962
s0026,64,0,70.14865
s0026,65,0,61.723907
s0026,66,0,73.02296
s0026,67,0,62.252834
s0026,68,0,69.36377
s0026,69,0,73.18593
s0026,70,0,57.452663
s0026,71,0,69.91834
s0026,72,0,55.351707
s0026,73,0,71.394295
s0026,74,0,74.70685
s0026,75,0,79.06497
s0026,76,0,80.16134
s0026,77,0,79.35058
s0026,78,0,77.71351
s0026,79,0,79.61828
s0026,80,0,78.53791
s0026,81,0,77.49367
s0026,82,0,65.60211
s0026,83,0,72.82875
s0026,84,0,66.40245
s0026,85,0,75.57126
s0026,86,0,67.42966
s0026,87,0,57.155235
s0026,88,0,61.29924
s0026,89,0,59.46264
s0026,90,0,57.8968
s0026,91,0,65.04909
s0026,92,0,69.48728
s0026,93,0,68.5256
s0026,94,0,71.81674
s0026,95,0,64.39283
s0027,0,0,53.50624
s0027,1,0,40.610153
s0027,2,0,47.881153
s0027,3,0,38.624523
s0027,4,0,50.654594
s0027,5,0,55.305256
s0027,6,0,52.99982
s0027,7,0,47.908554
s0027,8,0,63.846607
s0027,9,0,60.40889
s0027,10,0,64.241196
s0027,11,0,77.298775
s0027,12,0,73.341194
s0027,13,0,66.267715
s0027,14,0,64.43103
s0027,15,0,60.40559
s0027,16,0,70.07682
s0027,17,0,70.14789
s0027,18,0,60.258743
s0027,19,0,71.365585
s0027,20,0,68.65391
s0027,21,0,65.70259
s0027,22,0,65.35199
s0027,23,0,54.83
s0027,24,0,63.768093
s0027,25,0,71.902084
s0027,26,0,72.07093
s0027,27,0,64.72704
s0027,28,0,69.226204
s0027,29,0,58.66409
s0027,30,0,62.505875
s0027,31,0,53.89349
s0027,32,0,54.729916
s0027,33,0,56.265793
s0027,34,0,55.484024
s0027,35,0,47.859947
s0027,36,0,54.151825
s0027,37,0,58.39083
s0027,38,0,69.08852
s0027,39,0,16.614805
s0027,40,0,58.937733
s0027,41,0,66.595566
s0027,42,0,47.98366
s0027,43,0,57.351734
s0027,44,0,48.16678
s0027,45,0,71.42417
s0027,46,0,28.114567
s0027,47,0,43.68659
s0027,48,0,56.092327
s0027,49,0,55.46445
s0027,50,0,58.80323
s0027,51,0,46.442112
s0027,52,0,43.47647
s0027,53,0,38.528408
s0027,54,0,51.93467
s0027,55,0,61.650814
s0027,56,0,69.6149
s0027,57,0,64.47619
s0027,58,0,50.7482
s0027,59,0,64.83991
s0027,60,0,60.36031
s0027,61,0,60.384995
s0027,62,0,68.3506
s0027,63,0,75.566574
s0027,64,0,67.93629
s0027,65,0,73.177895
s0027,66,0,69.08665
s0027,67,0,54.001953
s0027,68,0,67.323166
s0027,69,0,62.18288
s0027,70,0,69.23169
s0027,71,0,57.063526
s0027,72,0,58.10146
s0027,73,0,69.22758
s0027,74,0,77.03008
s0027,75,0,78.753174
s0027,76,0,80.15152
s0027,77,0,79.36695
s0027,78,0,78.55628
s0027,79,0,79.57981
s0027,80,0,80.38838
s0027,81,0,80.413925
s0027,82,0,72.16937
s0027,83,0,62.408585
s0027,84,0,61.282948
s0027,85,0,81.34118
s0027,86,0,65.74643
s0027,87,0,66.0959
s0027,88,0,75.63619
s0027,89,0,55.496586
s0027,90,0,55.930763
s0027,91,0,74.42837
s0027,92,0,67.445335
s0027,93,0,65.11218
s0027,94,0,67.6467
s0027,95,0,66.74838
s0028,0,0,54.230724
s0028,1,0,51.421494
s0028,2,0,40.543476
s0028,3,0,39.5805
s0028,4,0,54.062332
s0028,5,0,44.753998
s0028,6,0,55.935524
s0028,7,0,65.095566
s0028,8,0,66.357704
s0028,9,0,62.549683
s0028,10,0,51.99728
s0028,11,0,65.26603
s0028,12,0,57.941006
s0028,13,0,72.66599
s0028,14,0,74.427795
s0028,15,0,69.99464
s0028,16,0,61.83738
s0028,17,0,78.474785
s0028,18,0,70.67634
s0028,19,0,65.22587
s0028,20,0,70.74308
s0028,21,0,70.100876
s0028,22,0,63.524044
s0028,23,0,71.846985
s0028,24,0,71.25243
s0028,25,0,65.44386
s0028,26,0,66.081024
s0028,27,0,62.887077
s0028,28,0,65.13533
s0028,29,0,73.90394
s0028,30,0,56.35377
s0028,31,0,58.39829
s0028,32,0,51.41439
s0028,33,0,52.208103
s0028,34,0,57.444946
s0028,35,0,63.725048
s0028,36,0,54.069206
s0028,37,0,57.195297
s0028,38,0,63.836834
s0028,39,0,64.75352
s0028,40,0,68.20445
s0028,41,0,57.21424
s0028,42,0,44.140415
s0028,43,0,65.060036
s0028,44,0,48.346073
s0028,45,0,68.331436
s0028,46,0,42.963737
s0028,47,0,27.769424
s0028,48,0,47.070114
s0028,49,0,46.35601
s0028,50,0,43.57503
s0028,51,0,38.656864
s0028,52,0,47.72832
s0028,53,0,48.92061
s0028,54,0,60.105827
s0028,55,0,54.72663
s0028,56,0,59.231304
s0028,57,0,70.49109
s0028,58,0,54.0661
s0028,59,0,67.887
s0028,60,0,64.23533
s0028,61,0,62.159374
s0028,62,0,65.0651
s0028,63,0,67.85873
s0028,64,0,71.35611
s0028,65,0,63.302326
s0028,66,0,73.427895
s0028,67,0,59.499306
s0028,68,0,66.50981
s0028,69,0,62.22674
s0028,70,0,53.203896
s0028,71,0,67.49264
s0028,72,0,56.004467
s0028,73,0,67.058205
s0028,74,0,78.71298
s0028,75,0,79.50071
s0028,76,0,79.95963
s0028,77,0,80.09294
s0028,78,0,79.33411
s0028,79,0,80.11612
s0028,80,0,78.41478
s0028,81,0,78.871216
s0028,82,0,67.666374
s0028,83,0,67.44723
s0028,84,0,65.87662
s0028,85,0,70.822365
s0028,86,0,61.97406
s0028,87,0,58.431126
s0028,88,0,60.893734
s0028,89,0,64.143845
s0028,90,0,63.101738
s0028,91,0,67.826
s0028,92,0,62.404392
s0028,93,0,76.11503
s0028,94,0,71.12827
s0028,95,0,67.745834
s0029,0,0,58.903923
s0029,1,0,47.258656
s0029,2,0,36.960808
s0029,3,0,43.02084
s0029,4,0,53.341652
s0029,5,0,52.35971
s0029,6,0,58.32288
s0029,7,0,64.28148
s0029,8,0,64.653275
s0029,9,0,64.175026
s0029,10,0,55.017605
s0029,11,0,63.47148
s0029,12,0,65.51505
s0029,13,0,65.65897
s0029,14,0,65.73131
s0029,15,0,61.50916
s0029,16,0,69.69708
s0029,17,0,66.1091
s0029,18,0,59.454792
s0029,19,0,63.64047
s0029,20,0,67.26655
s0029,21,0,65.3335
s0029,22,0,69.71858
s0029,23,0,70.7625
s0029,24,0,70.99593
s0029,25,0,79.37882
s0029,26,0,72.209496
s0029,27,0,71.45586
s0029,28,0,76.91268
s0029,29,0,63.030087
s0029,30,0,52.27372
s0029,31,0,66.189964
s0029,32,0,61.409187
s0029,33,0,47.982883
s0029,34,0,53.488853
s0029,35,0,51.31109
s0029,36,0,53.08469
s0029,37,0,55.776245
s0029,38,0,50.42072
s0029,39,0,38.206608
s0029,40,0,56.719364
s0029,41,0,40.893196
s0029,42,0,51.728813
s0029,43,0,44.641865
s0029,44,0,42.80717
s0029,45,0,51.395836
s0029,46,0,34.572754
s0029,47,0,42.545982
s0029,48,0,42.70918
s0029,49,0,54.85221
s0029,50,0,48.044823
s0029,51,0,47.219883
s0029,52,0,64.43728
s0029,53,0,52.200436
s0029,54,0,44.806602
s0029,55,0,52.45002
s0029,56,0,58.75568
s0029,57,0,54.16608
s0029,58,0,65.05672
s0029,59,0,64.01604
s0029,60,0,55.879417
s0029,61,0,64.38981
s0029,62,0,67.02588
s0029,63,0,67.1654
s0029,64,0,63.45274
s0029,65,0,63.61322
s0029,66,0,76.06242
s0029,67,0,64.949776
s0029,68,0,66.30062
s0029,69,0,60.585926
s0029,70,0,50.34526
s0029,71,0,57.192234
s0029,72,0,60.077187
s0029,73,0,64.34798
s0029,74,0,75.17094
s0029,75,0,79.714935
s0029,76,0,78.83535
s0029,77,0,79.12583
s0029,78,0,81.34414
s0029,79,0,79.10444
s0029,80,0,79.11955
s0029,81,0,80.96088
s0029,82,0,60.904434
s0029,83,0,70.44651
s0029,84,0,70.03124
s0029,85,0,75.360435
s0029,86,0,61.288208
s0029,87,0,54.935932
s0029,88,0,57.12334
s0029,89,0,65.84167
s0029,90,0,51.191017
s0029,91,0,76.57359
s0029,92,0,73.038765
s0029,93,0,71.86348
s0029,94,0,66.888275
s0029,95,0,68.50595
s0030,0,0,49.561996
s0030,1,0,45.473606
s0030,2,0,44.236034
s0030,3,0,41.573715
s0030,4,0,55.050243
s0030,5,0,40.860966
s0030,6,0,58.284492
s0030,7,0,54.52632
s0030,8,0,60.76451
s0030,9,0,57.94314
s0030,10,0,63.128345
s0030,11,0,53.854923
s0030,12,0,60.349606
s0030,13,0,63.23176
s0030,14,0,65.73885
s0030,15,0,62.538525
s0030,16,0,68.18744
s0030,17,0,72.47129
s0030,18,0,61.68798
s0030,19,0,65.34223
s0030,20,0,73.4948
s0030,21,0,69.40808
s0030,22,0,65.30756
s0030,23,0,71.84067
s0030,24,0,72.94773
s0030,25,0,69.19169
s0030,26,0,68.80126
s0030,27,0,68.86462
s0030,28,0,70.91915
s0030,29,0,77.67164
s0030,30,0,59.27941
s0030,31,0,58.95745
s0030,32,0,65.01416
s0030,33,0,54.00111
s0030,34,0,49.258213
s0030,35,0,48.187687
s0030,36,0,49.07062
s0030,37,0,56.94432
s0030,38,0,65.09533
s0030,39,0,58.257767
s0030,40,0,44.806652
s0030,41,0,56.79932
s0030,42,0,43.752346
s0030,43,0,48.627983
s0030,44,0,57.59996
s0030,45,0,37.033993
s0030,46,0,33.60722
s0030,47,0,69.393616
s0030,48,0,48.286007
s0030,49,0,35.548576
s0030,50,0,52.06484
s0030,51,0,26.919186
s0030,52,0,48.656937
s0030,53,0,59.320377
s0030,54,0,58.232815
s0030,55,0,45.103546
s0030,56,0,49.63636
s0030,57,0,57.240997
s0030,58,0,58.892365
s0030,59,0,70.73643
s0030,60,0,53.865223
s0030,61,0,66.62572
s0030,62,0,78.505646
s0030,63,0,74.64209
s0030,64,0,62.22275
s0030,65,0,60.82087
s0030,66,0,69.49415
s0030,67,0,68.3339
s0030,68,0,71.49334
s0030,69,0,66.10968
s0030,70,0,67.62825
s0030,71,0,67.75378
s0030,72,0,59.26422
s0030,73,0,68.38962
s0030,74,0,76.77092
s0030,75,0,79.26586
s0030,76,0,79.21836
s0030,77,0,79.95168
s0030,78,0,77.90724
s0030,79,0,78.817
s0030,80,0,79.02989
s0030,81,0,78.08229
s0030,82,0,62.36128
s0030,83,0,67.0289
s0030,84,0,64.56949
s0030,85,0,70.6199
s0030,86,0,62.59669
s0030,87,0,62.674217
s0030,88,0,62.931744
s0030,89,0,57.62633
s0030,90,0,55.326466
s0030,91,0,66.21245
s0030,92,0,61.926365
s0030,93,0,59.77662
s0030,94,0,66.17304
s0030,95,0,72.63355
s0031,0,0,55.072075
s0031,1,0,53.133595
s0031,2,0,43.202766
s0031,3,0,51.992046
s0031,4,0,55.224697
s0031,5,0,51.255768
s0031,6,0,45.72154
s0031,7,0,61.73166
s0031,8,0,60.538628
s0031,9,0,62.834988
s0031,10,0,58.734154
s0031,11,0,55.884434
s0031,12,0,67.74603
s0031,13,0,66.40381
s0031,14,0,58.783695
s0031,15,0,64.58648
s0031,16,0,66.66573
s0031,17,0,67.69068
s0031,18,0,63.947216
s0031,19,0,64.89815
s0031,20,0,66.189125
s0031,21,0,80.402306
s0031,22,0,65.32752
s0031,23,0,59.785633
s0031,24,0,74.426674
s0031,25,0,68.875404
s0031,26,0,59.088078
s0031,27,0,64.415146
s0031,28,0,65.872604
s0031,29,0,75.35401
s0031,30,0,62.32511
s0031,31,0,70.62385
s0031,32,0,62.55416
s0031,33,0,59.844593
s0031,34,0,55.787315
s0031,35,0,49.76356
s0031,36,0,59.138573
s0031,37,0,51.200615
s0031,38,0,52.066704
s0031,39,0,61.354897
s0031,40,0,63.184635
s0031,41,0,55.818295
s0031,42,0,45.639603
s0031,43,0,46.680927
s0031,44,0,36.47541
s0031,45,0,41.141403
s0031,46,0,45.153797
s0031,47,0,27.6692
s0031,48,0,49.033184
s0031,49,0,53.955193
s0031,50,0,67.68607
s0031,51,0,43.76489
s0031,52,0,59.157234
s0031,53,0,46.486668
s0031,54,0,39.617107
s0031,55,0,50.10401
s0031,56,0,59.240536
s0031,57,0,62.472374
s0031,58,0,63.617363
s0031,59,0,71.72569
s0031,60,0,72.70791
s0031,61,0,69.886856
s0031,62,0,76.90253
s0031,63,0,71.89335
s0031,64,0,65.680145
s0031,65,0,67.983696
s0031,66,0,74.809135
s0031,67,0,67.58374
s0031,68,0,70.11927
s0031,69,0,69.48111
s0031,70,0,66.97302
s0031,71,0,63.646553
s0031,72,0,67.620285
s0031,73,0,76.29147
s0031,74,0,76.22858
s0031,75,0,80.43467
s0031,76,0,80.59811
s0031,77,0,79.99188
s0031,78,0,79.49122
s0031,79,0,78.992325
s0031,80,0,78.895424
s0031,81,0,77.47334
s0031,82,0,65.904686
s0031,83,0,70.971306
s0031,84,0,60.350735
s0031,85,0,75.14768
s0031,86,0,70.463135
s0031,87,0,54.923798
s0031,88,0,66.216286
s0031,89,0,67.54897
s0031,90,0,67.85872
s0031,91,0,69.8829
s0031,92,0,65.3853
s0031,93,0,65.50138
s0031,94,0,66.9492
s0031,95,0,67.89418
s0032,0,0,53.811848
s0032,1,0,50.186333
s0032,2,0,29.349648
s0032,3,0,51.96153
s0032,4,0,59.808094
s0032,5,0,56.80452
s0032,6,0,50.566517
s0032,7,0,63.651794
s0032,8,0,70.95796
s0032,9,0,57.96462
s0032,10,0,57.264812
s0032,11,0,57.3144
s0032,12,0,70.2208
s0032,13,0,60.82662
s0032,14,0,69.06918
s0032,15,0,64.29634
s0032,16,0,65.16557
s0032,17,0,73.59446
s0032,18,0,55.095535
s0032,19,0,67.272064
s0032,20,0,70.5776
s0032,21,0,64.68205
s0032,22,0,63.543255
s0032,23,0,60.469444
s0032,24,0,64.70856
s0032,25,0,69.28215
s0032,26,0,71.72544
s0032,27,0,59.359726
s0032,28,0,72.18064
s0032,29,0,73.114265
s0032,30,0,56.88667
s0032,31,0,71.586845
s0032,32,0,55.477814
s0032,33,0,64.80921
s0032,34,0,64.21828
s0032,35,0,63.956074
s0032,36,0,51.122807
s0032,37,0,52.46007
s0032,38,0,57.420948
s0032,39,0,48.52851
s0032,40,0,55.602947
s0032,41,0,63.01005
s0032,42,0,51.044422
s0032,43,0,45.862602
s0032,44,0,57.649345
s0032,45,0,49.617275
s0032,46,0,26.586823
s0032,47,0,45.597313
s0032,48,0,69.38196
s0032,49,0,56.965218
s0032,50,0,49.121895
s0032,51,0,53.761578
s0032,52,0,54.158295
s0032,53,0,51.5199
s0032,54,0,54.499146
s0032,55,0,55.770092
s0032,56,0,64.37693
s0032,57,0,54.100025
s0032,58,0,58.001225
s0032,59,0,59.748104
s0032,60,0,61.803352
s0032,61,0,69.88027
s0032,62,0,77.04789
s0032,63,0,80.55687
s0032,64,0,63.42247
s0032,65,0,62.412426
s0032,66,0,71.670166
s0032,67,0,67.14365
s0032,68,0,62.394848
s0032,69,0,72.62989
s0032,70,0,49.32962
s0032,71,0,57.414623
s0032,72,0,53.744984
s0032,73,0,66.59243
s0032,74,0,80.251396
s0032,75,0,79.95916
s0032,76,0,80.81447
s0032,77,0,79.19625
s0032,78,0,80.40844
s0032,79,0,80.17208
s0032,80,0,80.0136
s0032,81,0,76.63372
s0032,82,0,68.77736
s0032,83,0,67.48197
s0032,84,0,66.65833
s0032,85,0,68.79917
s0032,86,0,69.82118
s0032,87,0,59.93699
s0032,88,0,67.20008
s0032,89,0,63.023323
s0032,90,0,59.58191
s0032,91,0,61.035206
s0032,92,0,65.95922
s0032,93,0,69.68091
s0032,94,0,63.690357
s0032,95,0,70.077866
s0033,0,0,51.227287
s0033,1,0,50.73996
s0033,2,0,48.803204
s0033,3,0,45.351044
s0033,4,0,56.71156
s0033,5,0,59.68313
s0033,6,0,52.206112
s0033,7,0,64.70729
s0033,8,0,55.928986
s0033,9,0,61.549805
s0033,10,0,56.8977
s0033,11,0,60.682434
s0033,12,0,61.22429
s0033,13,0,55.84418
s0033,14,0,63.274452
s0033,15,0,67.019844
s0033,16,0,68.74345
s0033,17,0,71.79665
s0033,18,0,68.71975
s0033,19,0,73.53025
s0033,20,0,67.295296
s0033,21,0,63.522007
s0033,22,0,56.601997
s0033,23,0,67.52115
s0033,24,0,70.67911
s0033,25,0,70.41023
s0033,26,0,65.839485
s0033,27,0,72.99001
s0033,28,0,67.23507
s0033,29,0,65.92333
s0033,30,0,61.035908
s0033,31,0,65.316956
s0033,32,0,60.858643
s0033,33,0,51.99184
s0033,34,0,53.223244
s0033,35,0,59.15381
s0033,36,0,43.421818
s0033,37,0,54.54397
s0033,38,0,56.341213
s0033,39,0,51.323013
s0033,40,0,37.409943
s0033,41,0,50.94482
s0033,42,0,46.10851
s0033,43,0,33.24337
s0033,44,0,34.649845
s0033,45,0,35.468212
s0033,46,0,28.055182
s0033,47,0,41.983406
s0033,48,0,27.552488
s0033,49,0,41.496277
s0033,50,0,52.312366
s0033,51,0,42.1649
s0033,52,0,45.68621
s0033,53,0,58.529873
s0033,54,0,31.552824
s0033,55,0,49.112106
s0033,56,0,50.46947
s0033,57,0,65.078865
s0033,58,0,54.528553
s0033,59,0,72.176834
s0033,60,0,59.958206
s0033,61,0,70.02146
s0033,62,0,74.87298
s0033,63,0,76.84833
s0033,64,0,69.07086
s0033,65,0,70.14797
s0033,66,0,65.242645
s0033,67,0,66.95092
s0033,68,0,74.0007
s0033,69,0,66.99264
s0033,70,0,63.976974
s0033,71,0,57.219006
s0033,72,0,54.70115
s0033,73,0,61.155437
s0033,74,0,81.656624
s0033,75,0,79.94395
s0033,76,0,79.68453
s0033,77,0,80.53747
s0033,78,0,77.33479
s0033,79,0,80.085434
s0033,80,0,79.44144
s0033,81,0,79.95203
s0033,82,0,68.3382
s0033,83,0,65.46686
s0033,84,0,66.125084
s0033,85,0,72.44874
s0033,86,0,73.31597
s0033,87,0,63.00915
s0033,88,0,75.59298
s0033,89,0,59.467308
s0033,90,0,60.318405
s0033,91,0,69.48299
s0033,92,0,59.064953
s0033,93,0,69.31768
s0033,94,0,66.991776
s0033,95,0,63.562935
s0034,0,0,42.415405
s0034,1,0,48.836407
s0034,2,0,36.18838
s0034,3,0,39.403748
s0034,4,0,48.912758
s0034,5,0,52.691803
s0034,6,0,50.755234
s0034,7,0,59.27036
s0034,8,0,57.988075
s0034,9,0,55.366165
s0034,10,0,52.19495
s0034,11,0,62.600414
s0034,12,0,67.709335
s0034,13,0,65.84784
s0034,14,0,59.12616
s0034,15,0,62.800953
s0034,16,0,52.334274
s0034,17,0,64.791824
s0034,18,0,68.44803
s0034,19,0,67.557526
s0034,20,0,67.527985
s0034,21,0,64.402466
s0034,22,0,63.4696
s0034,23,0,69.09606
s0034,24,0,66.326065
s0034,25,0,71.81729
s0034,26,0,76.320015
s0034,27,0,67.84124
s0034,28,0,73.60667
s0034,29,0,63.061523
s0034,30,0,62.15308
s0034,31,0,59.657352
s0034,32,0,56.035805
s0034,33,0,48.76449
s0034,34,0,50.107616
s0034,35,0,56.15769
s0034,36,0,44.28841
s0034,37,0,68.56684
s0034,38,0,51.831097
s0034,39,0,57.186764
s0034,40,0,59.368053
s0034,41,0,42.0648
s0034,42,0,42.417522
s0034,43,0,66.501305
s0034,44,0,44.164917
s0034,45,0,52.241035
s0034,46,0,38.338486
s0034,47,0,28.24367
s0034,48,0,57.9932
s0034,49,0,41.101128
s0034,50,0,41.92539
s0034,51,0,56.645847
s0034,52,0,36.47505
s0034,53,0,60.39261
s0034,54,0,53.123363
s0034,55,0,73.606346
s0034,56,0,52.85676
s0034,57,0,62.21734
s0034,58,0,50.30443
s0034,59,0,69.52654
s0034,60,0,55.257374
s0034,61,0,62.541172
s0034,62,0,70.15404
s0034,63,0,63.679882
s0034,64,0,64.38156
s0034,65,0,58.47316
s0034,66,0,69.479
s0034,67,0,52.40083
s0034,68,0,71.77129
s0034,69,0,63.719887
s0034,70,0,58.20255
s0034,71,0,60.47705
s0034,72,0,63.302654
s0034,73,0,68.50449
s0034,74,0,71.825645
s0034,75,0,79.05403
s0034,76,0,60.93906
s0034,77,0,79.72607
s0034,78,0,75.157555
s0034,79,0,80.01788
s0034,80,0,78.68224
s0034,81,0,78.07264
s0034,82,0,60.262966
s0034,83,0,69.40893
s0034,84,0,65.340546
s0034,85,0,72.70937
s0034,86,0,60.319046
s0034,87,0,59.27472
s0034,88,0,73.80944
s0034,89,0,54.1005
s0034,90,0,54.10569
s0034,91,0,64.328636
s0034,92,0,66.59571
s0034,93,0,74.15387
s0034,94,0,67.289925
s0034,95,0,59.91375
s0035,0,0,62.215916
s0035,1,0,54.4272
s0035,2,0,48.74846
s0035,3,0,47.09117
s0035,4,0,56.37903
s0035,5,0,57.966846
s0035,6,0,59.84348
s0035,7,0,49.518383
s0035,8,0,54.195114
s0035,9,0,63.5147
s0035,10,0,61.384632
s0035,11,0,64.53157
s0035,12,0,53.876614
s0035,13,0,71.25019
s0035,14,0,66.64526
s0035,15,0,68.50746
s0035,16,0,76.73587
s0035,17,0,71.38584
s0035,18,0,66.832115
s0035,19,0,57.785797
s0035,20,0,61.816856
s0035,21,0,66.72292
s0035,22,0,70.839386
s0035,23,0,71.36211
s0035,24,0,64.24368
s0035,25,0,76.79198
s0035,26,0,71.35146
s0035,27,0,71.89428
s0035,28,0,73.398964
s0035,29,0,74.32421
s0035,30,0,55.777245
s0035,31,0,63.212124
s0035,32,0,61.87688
s0035,33,0,49.655514
s0035,34,0,63.525352
s0035,35,0,63.40755
s0035,36,0,63.469093
s0035,37,0,54.347637
s0035,38,0,66.70686
s0035,39,0,24.39911
s0035,40,0,68.64296
s0035,41,0,53.432247
s0035,42,0,55.36591
s0035,43,0,45.22729
s0035,44,0,48.654076
s0035,45,0,64.831055
s0035,46,0,55.304012
s0035,47,0,37.02636
s0035,48,0,73.1254
s0035,49,0,57.549263
s0035,50,0,45.875668
s0035,51,0,51.9394
s0035,52,0,57.170307
s0035,53,0,53.274204
s0035,54,0,48.48246
s0035,55,0,48.372448
s0035,56,0,66.543015
s0035,57,0,62.355247
s0035,58,0,59.89735
s0035,59,0,60.335342
s0035,60,0,60.64457
s0035,61,0,62.09159
s0035,62,0,74.23385
s0035,63,0,81.278175
s0035,64,0,57.329777
s0035,65,0,71.63804
s0035,66,0,72.67984
s0035,67,0,75.8437
s0035,68,0,65.37677
s0035,69,0,65.805786
s0035,70,0,58.696243
s0035,71,0,58.73399
s0035,72,0,60.01485
s0035,73,0,73.89852
s0035,74,0,77.897865
s0035,75,0,79.65059
s0035,76,0,79.61081
s0035,77,0,80.40668
s0035,78,0,72.65231
s0035,79,0,78.73019
s0035,80,0,79.95625
s0035,81,0,80.39656
s0035,82,0,69.42569
s0035,83,0,66.20171
s0035,84,0,69.52084
s0035,85,0,72.319565
s0035,86,0,64.249504
s0035,87,0,58.4106
s0035,88,0,68.63809
s0035,89,0,68.55985
s0035,90,0,61.224716
s0035,91,0,66.1333
s0035,92,0,62.020393
s0035,93,0,65.56658
s0035,94,0,66.71556
s0035,95,0,68.242355
s0036,0,0,54.353565
s0036,1,0,45.227604
s0036,2,0,41.39409
s0036,3,0,48.122593
s0036,4,0,52.93773
s0036,5,0,55.78212
s0036,6,0,60.0405
s0036,7,0,59.381332
s0036,8,0,61.945763
s0036,9,0,64.71892
s0036,10,0,62.61901
s0036,11,0,68.559395
s0036,12,0,66.38971
s0036,13,0,68.138176
s0036,14,0,66.66792
s0036,15,0,74.054054
s0036,16,0,68.024994
s0036,17,0,54.113045
s0036,18,0,65.074
s0036,19,0,53.86769
s0036,20,0,67.48141
s0036,21,0,66.58615
s0036,22,0,66.17391
s0036,23,0,63.363262
s0036,24,0,67.755974
s0036,25,0,65.3466
s0036,26,0,71.01624
s0036,27,0,67.30047
s0036,28,0,63.88725
s0036,29,0,65.170044
s0036,30,0,64.272995
s0036,31,0,63.251328
s0036,32,0,60.75996
s0036,33,0,51.71642
s0036,34,0,46.615265
s0036,35,0,63.7695
s0036,36,0,60.395954
s0036,37,0,66.68033
s0036,38,0,63.0934
s0036,39,0,45.15759
s0036,40,0,63.38199
s0036,41,0,46.71671
s0036,42,0,51.91712
s0036,43,0,50.93005
s0036,44,0,35.973824
s0036,45,0,50.11128
s0036,46,0,58.52514
s0036,47,0,46.594757
s0036,48,0,61.821903
s0036,49,0,44.355927
s0036,50,0,48.98238
s0036,51,0,53.04961
s0036,52,0,46.719646
s0036,53,0,57.388496
s0036,54,0,64.31152
s0036,55,0,63.143734
s0036,56,0,51.882732
s0036,57,0,59.58937
s0036,58,0,58.829956
s0036,59,0,62.45066
s0036,60,0,62.709435
s0036,61,0,57.376766
s0036,62,0,68.942566
s0036,63,0,73.62716
s0036,64,0,69.41144
s0036,65,0,70.69605
s0036,66,0,71.85665
s0036,67,0,66.071144
s0036,68,0,69.51566
s0036,69,0,68.57241
s0036,70,0,57.3685
s0036,71,0,57.795643
s0036,72,0,58.17552
s0036,73,0,74.775566
s0036,74,0,75.01832
s0036,75,0,82.82299
s0036,76,0,79.29087
s0036,77,0,79.83394
s0036,78,0,76.86973
s0036,79,0,79.033356
s0036,80,0,74.77369
s0036,81,0,76.47523
s0036,82,0,65.99986
s0036,83,0,63.75878
s0036,84,0,72.27155
s0036,85,0,75.9884
s0036,86,0,64.60773
s0036,87,0,63.851513
s0036,88,0,72.72828
s0036,89,0,64.95702
s0036,90,0,56.215816
s0036,91,0,67.57981
s0036,92,0,68.87295
s0036,93,0,63.26698
s0036,94,0,66.16104
s0036,95,0,67.2811
s0037,0,0,57.507904
s0037,1,0,44.361603
s0037,2,0,48.79353
s0037,3,0,43.79241
s0037,4,0,64.265305
s0037,5,0,50.831993
s0037,6,0,59.879642
s0037,7,0,56.239754
s0037,8,0,62.56732
s0037,9,0,56.196957
s0037,10,0,71.265656
s0037,11,0,61.26872
s0037,12,0,75.42576
s0037,13,0,60.414047
s0037,14,0,65.99786
s0037,15,0,62.63306
s0037,16,0,66.12049
s0037,17,0,71.34446
s0037,18,0,64.506775
s0037,19,0,67.77829
s0037,20,0,69.33747
s0037,21,0,60.137714
s0037,22,0,64.56819
s0037,23,0,66.761116
s0037,24,0,70.8452
s0037,25,0,79.59122
s0037,26,0,82.34669
s0037,27,0,65.03667
s0037,28,0,66.09372
s0037,29,0,68.820854
s0037,30,0,57.89067
s0037,31,0,62.734913
s0037,32,0,63.091255
s0037,33,0,50.39851
s0037,34,0,46.608593
s0037,35,0,53.53945
s0037,36,0,46.17904
s0037,37,0,88.29269
s0037,38,0,63.76989
s0037,39,0,60.67504
s0037,40,0,61.75781
s0037,41,0,49.05323
s0037,42,0,39.41099
s0037,43,0,51.34703
s0037,44,0,47.336426
s0037,45,0,43.054245
s0037,46,0,52.27597
s0037,47,0,48.758347
s0037,48,0,30.414675
s0037,49,0,48.393826
s0037,50,0,42.635174
s0037,51,0,50.906963
s0037,52,0,43.088165
s0037,53,0,42.83628
s0037,54,0,53.10358
s0037,55,0,50.52308
s0037,56,0,84.0591
s0037,57,0,68.13741
s0037,58,0,53.229965
s0037,59,0,68.08854
s0037,60,0,67.04242
s0037,61,0,66.797516
s0037,62,0,59.03231
s0037,63,0,74.982956
s0037,64,0,65.70574
s0037,65,0,63.445858
s0037,66,0,74.553345
s0037,67,0,61.461605
s0037,68,0,64.46139
s0037,69,0,67.05334
s0037,70,0,58.42205
s0037,71,0,67.80813
s0037,72,0,64.627785
s0037,73,0,65.84744
s0037,74,0,84.78459
s0037,75,0,79.53308
s0037,76,0,80.08258
s0037,77,0,80.50694
s0037,78,0,75.94833
s0037,79,0,79.39578
s0037,80,0,79.10699
s0037,81,0,76.57102
s0037,82,0,67.03668
s0037,83,0,67.52551
s0037,84,0,79.29471
s0037,85,0,72.27748
s0037,86,0,79.10612
s0037,87,0,66.592026
s0037,88,0,67.9055
s0037,89,0,64.9831
s0037,90,0,53.191357
s0037,91,0,67.7861
s0037,92,0,64.44938
s0037,93,0,62.6013
s0037,94,0,64.70429
s0037,95,0,61.00205
s0038,0,0,60.680832
s0038,1,0,43.24668
s0038,2,0,47.31761
s0038,3,0,49.04811
s0038,4,0,61.043606
s0038,5,0,48.648155
s0038,6,0,56.51065
s0038,7,0,58.546116
s0038,8,0,61.613483
s0038,9,0,49.64363
s0038,10,0,59.265217
s0038,11,0,67.21586
s0038,12,0,68.07162
s0038,13,0,65.31387
s0038,14,0,67.379456
s0038,15,0,69.46616
s0038,16,0,64.67367
s0038,17,0,69.60368
s0038,18,0,63.748913
s0038,19,0,66.126465
s0038,20,0,61.417778
s0038,21,0,68.02306
s0038,22,0,65.2248
s0038,23,0,71.50489
s0038,24,0,77.15567
s0038,25,0,64.12861
s0038,26,0,67.979805
s0038,27,0,70.13187
s0038,28,0,71.505
s0038,29,0,69.75172
s0038,30,0,58.24876
s0038,31,0,64.61827
s0038,32,0,59.09308
s0038,33,0,50.086483
s0038,34,0,60.494316
s0038,35,0,57.329796
s0038,36,0,47.108025
s0038,37,0,63.87418
s0038,38,0,64.11011
s0038,39,0,43.041985
s0038,40,0,66.144646
s0038,41,0,55.949898
s0038,42,0,21.20082
s0038,43,0,56.841877
s0038,44,0,44.95346
s0038,45,0,18.450947
s0038,46,0,45.716022
s0038,47,0,40.864483
s0038,48,0,71.367714
s0038,49,0,52.36009
s0038,50,0,56.4032
s0038,51,0,60.92443
s0038,52,0,64.50177
s0038,53,0,45.044342
s0038,54,0,40.974934
s0038,55,0,55.640404
s0038,56,0,68.71091
s0038,57,0,60.907364
s0038,58,0,56.27061
s0038,59,0,54.754807
s0038,60,0,59.466602
s0038,61,0,63.755795
s0038,62,0,76.63789
s0038,63,0,63.023148
s0038,64,0,57.667336
s0038,65,0,67.303604
s0038,66,0,73.19976
s0038,67,0,71.50254
s0038,68,0,65.81253
s0038,69,0,72.33314
s0038,70,0,59.611332
s0038,71,0,61.71853
s0038,72,0,58.12611
s0038,73,0,74.80461
s0038,74,0,76.25304
s0038,75,0,79.18894
s0038,76,0,79.598114
s0038,77,0,80.461655
s0038,78,0,77.84826
s0038,79,0,78.75345
s0038,80,0,80.378006
s0038,81,0,76.681625
s0038,82,0,63.422955
s0038,83,0,69.92075
s0038,84,0,75.10778
s0038,85,0,77.84597
s0038,86,0,67.014626
s0038,87,0,66.09621
s0038,88,0,65.31745
s0038,89,0,65.90089
s0038,90,0,56.514282
s0038,91,0,71.89165
s0038,92,0,63.876064
s0038,93,0,67.93671
s0038,94,0,68.096695
s0038,95,0,69.14695
s0039,0,0,49.449688
s0039,1,0,44.043198
s0039,2,0,39.840363
s0039,3,0,43.660683
s0039,4,0,47.424232
s0039,5,0,60.520958
s0039,6,0,47.231873
s0039,7,0,53.651188
s0039,8,0,54.692413
s0039,9,0,65.4525
s0039,10,0,61.301624
s0039,11,0,58.278717
s0039,12,0,66.9503
s0039,13,0,73.01686
s0039,14,0,68.234955
s0039,15,0,62.469223
s0039,16,0,70.76375
s0039,17,0,68.05349
s0039,18,0,66.01656
s0039,19,0,58.7986
s0039,20,0,71.11761
s0039,21,0,64.53778
s0039,22,0,55.544918
s0039,23,0,69.20388
s0039,24,0,72.394775
s0039,25,0,69.44048
s0039,26,0,68.39175
s0039,27,0,59.903744
s0039,28,0,68.308846
s0039,29,0,70.44627
s0039,30,0,44.394505
s0039,31,0,70.65827
s0039,32,0,52.790127
s0039,33,0,48.45277
s0039,34,0,50.21661
s0039,35,0,50.127476
s0039,36,0,51.20283
s0039,37,0,51.339195
s0039,38,0,56.126755
s0039,39,0,45.553825
s0039,40,0,61.2269
s0039,41,0,58.012535
s0039,42,0,48.457626
s0039,43,0,52.55782
s0039,44,0,46.5072
s0039,45,0,75.505455
s0039,46,0,38.453735
s0039,47,0,68.909966
s0039,48,0,43.351524
s0039,49,0,46.382374
s0039,50,0,55.75523
s0039,51,0,63.24725
s0039,52,0,50.003693
s0039,53,0,42.48852
s0039,54,0,62.42014
s0039,55,0,58.614685
s0039,56,0,53.04488
s0039,57,0,62.523525
s0039,58,0,58.863007
s0039,59,0,62.21874
s0039,60,0,61.25057
s0039,61,0,53.938435
s0039,62,0,78.04097
s0039,63,0,69.41022
s0039,64,0,68.97242
s0039,65,0,62.401684
s0039,66,0,68.80687
s0039,67,0,62.218597
s0039,68,0,56.38211
s0039,69,0,63.164364
s0039,70,0,48.67138
s0039,71,0,55.14027
s0039,72,0,63.778202
s0039,73,0,65.16173
s0039,74,0,77.67318
s0039,75,0,79.81641
s0039,76,0,80.534584
s0039,77,0,80.56814
s0039,78,0,76.95331
s0039,79,0,79.02304
s0039,80,0,79.96252
s0039,81,0,76.39611
s0039,82,0,61.33214
s0039,83,0,60.78427
s0039,84,0,64.50534
s0039,85,0,76.81545
s0039,86,0,62.01232
s0039,87,0,57.550797
s0039,88,0,57.462666
s0039,89,0,56.38362
s0039,90,0,60.41943
s0039,91,0,68.34108
s0039,92,0,60.155518
s0039,93,0,62.39654
s0039,94,0,66.61103
s0039,95,0,68.81324
s0040,0,0,56.01052
s0040,1,0,54.822548
s0040,2,0,49.96732
s0040,3,0,38.71166
s0040,4,0,53.34241
s0040,5,0,51.880714
s0040,6,0,53.410538
s0040,7,0,60.256535
s0040,8,0,53.27667
s0040,9,0,60.196808
s0040,10,0,57.927567
s0040,11,0,66.80788
s0040,12,0,67.824104
s0040,13,0,67.85544
s0040,14,0,63.361473
s0040,15,0,73.97033
s0040,16,0,65.84379
s0040,17,0,61.306553
s0040,18,0,63.015438
s0040,19,0,68.64736
s0040,20,0,75.91667
s0040,21,0,61.522774
s0040,22,0,65.16408
s0040,23,0,65.53114
s0040,24,0,72.98509
s0040,25,0,70.81139
s0040,26,0,70.47349
s0040,27,0,58.188965
s0040,28,0,68.92607
s0040,29,0,59.482243
s0040,30,0,63.84375
s0040,31,0,55.269337
s0040,32,0,64.64832
s0040,33,0,58.494125
s0040,34,0,60.998913
s0040,35,0,40.912243
s0040,36,0,49.005314
s0040,37,0,54.547337
s0040,38,0,54.762268
s0040,39,0,48.15397
s0040,40,0,51.255295
s0040,41,0,53.824528
s0040,42,0,43.50034
s0040,43,0,55.19096
s0040,44,0,63.015903
s0040,45,0,49.859985
s0040,46,0,41.927197
s0040,47,0,40.346027
s0040,48,0,45.489483
s0040,49,0,45.86232
s0040,50,0,55.905342
s0040,51,0,57.779602
s0040,52,0,64.01107
s0040,53,0,52.517536
s0040,54,0,57.966408
s0040,55,0,61.24162
s0040,56,0,59.334587
s0040,57,0,81.67737
s0040,58,0,57.375343
s0040,59,0,68.44868
s0040,60,0,58.781185
s0040,61,0,54.223553
s0040,62,0,68.32825
s0040,63,0,74.22004
s0040,64,0,72.51634
s0040,65,0,62.30173
s0040,66,0,78.24462
s0040,67,0,53.313488
s0040,68,0,61.6361
s0040,69,0,60.774185
s0040,70,0,51.432842
s0040,71,0,55.045048
s0040,72,0,60.85688
s0040,73,0,67.13952
s0040,74,0,80.1344
s0040,75,0,79.7984
s0040,76,0,78.236015
s0040,77,0,79.61371
s0040,78,0,78.68659
s0040,79,0,78.69126
s0040,80,0,79.09314
s0040,81,0,77.95316
s0040,82,0,60.17907
s0040,83,0,69.07486
s0040,84,0,69.975105
s0040,85,0,68.4856
s0040,86,0,66.162735
s0040,87,0,60.6358
s0040,88,0,59.03662
s0040,89,0,55.581482
s0040,90,0,55.306847
s0040,91,0,72.80346
s0040,92,0,63.917114
s0040,93,0,70.928696
s0040,94,0,62.95259
s0040,95,0,74.83463
s0041,0,0,50.585075
s0041,1,0,52.993507
s0041,2,0,51.768227
s0041,3,0,49.74763
s0041,4,0,53.25913
s0041,5,0,51.981434
s0041,6,0,52.534763
s0041,7,0,45.472702
s0041,8,0,56.569496
s0041,9,0,68.74932
s0041,10,0,62.42143
s0041,11,0,67.2661
s0041,12,0,70.955894
s0041,13,0,55.590122
s0041,14,0,69.96696
s0041,15,0,59.25715
s0041,16,0,72.38325
s0041,17,0,63.76253
s0041,18,0,70.93582
s0041,19,0,66.9221
s0041,20,0,64.41367
s0041,21,0,70.93137
s0041,22,0,67.6529
s0041,23,0,69.088715
s0041,24,0,69.560875
s0041,25,0,61.55701
s0041,26,0,64.42867
s0041,27,0,55.771297
s0041,28,0,73.44035
s0041,29,0,70.66013
s0041,30,0,60.451088
s0041,31,0,63.56068
s0041,32,0,58.830444
s0041,33,0,57.897396
s0041,34,0,44.988785
s0041,35,0,53.651447
s0041,36,0,57.90812
s0041,37,0,68.49476
s0041,38,0,53.76123
s0041,39,0,46.872623
s0041,40,0,57.215702
s0041,41,0,54.36149
s0041,42,0,47.641342
s0041,43,0,59.05012
s0041,44,0,42.790424
s0041,45,0,32.3737
s0041,46,0,40.116566
s0041,47,0,40.09475
s0041,48,0,42.182747
s0041,49,0,53.949665
s0041,50,0,51.77349
s0041,51,0,57.95131
s0041,52,0,64.701996
s0041,53,0,49.127537
s0041,54,0,49.28414
s0041,55,0,60.870148
s0041,56,0,64.12521
s0041,57,0,63.134598
s0041,58,0,56.265137
s0041,59,0,67.715614
s0041,60,0,56.148796
s0041,61,0,58.156517
s0041,62,0,70.397514
s0041,63,0,69.23178
s0041,64,0,61.31977
s0041,65,0,65.36046
s0041,66,0,66.45366
s0041,67,0,66.64995
s0041,68,0,66.621346
s0041,69,0,65.10448
s0041,70,0,56.281803
s0041,71,0,64.1957
s0041,72,0,60.396935
s0041,73,0,64.35225
s0041,74,0,80.36161
s0041,75,0,79.19653
s0041,76,0,78.32892
s0041,77,0,79.46673
s0041,78,0,74.89784
s0041,79,0,79.62682
s0041,80,0,78.41721
s0041,81,0,75.22201
s0041,82,0,67.48834
s0041,83,0,68.78805
s0041,84,0,77.45258
s0041,85,0,73.88194
s0041,86,0,64.232796
s0041,87,0,57.48817
s0041,88,0,65.252594
s0041,89,0,64.5717
s0041,90,0,55.16675
s0041,91,0,63.0864
s0041,92,0,68.543236
s0041,93,0,64.653404
s0041,94,0,68.1071
s0041,95,0,71.464584
s0042,0,0,58.515594
s0042,1,0,52.688316
s0042,2,0,34.66425
s0042,3,0,50.26777
s0042,4,0,52.086174
s0042,5,0,50.35929
s0042,6,0,50.828636
s0042,7,0,49.049355
s0042,8,0,58.321857
s0042,9,0,57.21927
s0042,10,0,63.039997
s0042,11,0,68.14918
s0042,12,0,67.03085
s0042,13,0,61.930183
s0042,14,0,68.034515
s0042,15,0,67.915695
s0042,16,0,60.557987
s0042,17,0,55.07269
s0042,18,0,61.420685
s0042,19,0,60.580147
s0042,20,0,69.120476
s0042,21,0,66.599144
s0042,22,0,60.698994
s0042,23,0,67.88156
s0042,24,0,75.68297
s0042,25,0,72.0856
s0042,26,0,69.13022
s0042,27,0,61.574123
s0042,28,0,72.510086
s0042,29,0,68.76853
s0042,30,0,63.512974
s0042,31,0,62.588276
s0042,32,0,61.71932
s0042,33,0,50.186943
s0042,34,0,56.598846
s0042,35,0,58.862373
s0042,36,0,53.10257
s0042,37,0,60.755047
s0042,38,0,69.692986
s0042,39,0,48.29142
s0042,40,0,68.18634
s0042,41,0,59.643276
s0042,42,0,54.345436
s0042,43,0,69.32227
s0042,44,0,33.98149
s0042,45,0,72.660614
s0042,46,0,34.339474
s0042,47,0,59.719948
s0042,48,0,49.06162
s0042,49,0,61.942577
s0042,50,0,48.129696
s0042,51,0,65.23999
s0042,52,0,47.647217
s0042,53,0,62.047127
s0042,54,0,56.721893
s0042,55,0,56.570683
s0042,56,0,61.59622
s0042,57,0,66.580666
s0042,58,0,58.830856
s0042,59,0,65.81945
s0042,60,0,60.565395
s0042,61,0,60.240986
s0042,62,0,78.16122
s0042,63,0,73.39492
s0042,64,0,67.261604
s0042,65,0,67.57698
s0042,66,0,66.671616
s0042,67,0,67.754616
s0042,68,0,64.4202
s0042,69,0,75.534584
s0042,70,0,62.21767
s0042,71,0,67.55303
s0042,72,0,66.806145
s0042,73,0,78.445694
s0042,74,0,76.821396
s0042,75,0,79.821365
s0042,76,0,79.30129
s0042,77,0,78.64574
s0042,78,0,76.22918
s0042,79,0,80.78105
s0042,80,0,79.58362
s0042,81,0,76.30606
s0042,82,0,66.7643
s0042,83,0,68.4721
s0042,84,0,84.510376
s0042,85,0,64.92552
s0042,86,0,62.22412
s0042,87,0,60.838375
s0042,88,0,63.61589
s0042,89,0,64.216255
s0042,90,0,54.506645
s0042,91,0,68.04557
s0042,92,0,66.311195
s0042,93,0,69.23057
s0042,94,0,72.458824
s0042,95,0,67.105225
s0043,0,0,62.996284
s0043,1,0,48.871223
s0043,2,0,65.075905
s0043,3,0,52.60254
s0043,4,0,54.746925
s0043,5,0,56.97207
s0043,6,0,53.644413
s0043,7,0,46.07543
s0043,8,0,66.45792
s0043,9,0,60.19254
s0043,10,0,63.757446
s0043,11,0,66.84742
s0043,12,0,63.448734
s0043,13,0,69.57725
s0043,14,0,66.71593
s0043,15,0,70.20008
s0043,16,0,67.95893
s0043,17,0,69.22048
s0043,18,0,64.120895
s0043,19,0,68.10379
s0043,20,0,82.34541
s0043,21,0,67.864136
s0043,22,0,71.22843
s0043,23,0,66.05726
s0043,24,0,65.727135
s0043,25,0,58.929035
s0043,26,0,63.23481
s0043,27,0,69.62037
s0043,28,0,66.53215
s0043,29,0,69.76559
s0043,30,0,68.80618
s0043,31,0,59.195217
s0043,32,0,62.236637
s0043,33,0,54.341236
s0043,34,0,56.22668
s0043,35,0,52.076015
s0043,36,0,61.475456
s0043,37,0,60.403496
s0043,38,0,60.896347
s0043,39,0,53.614952
s0043,40,0,51.440105
s0043,41,0,55.574715
s0043,42,0,34.57726
s0043,43,0,44.414673
s0043,44,0,54.348267
s0043,45,0,58.363823
s0043,46,0,33.989967
s0043,47,0,46.000603
s0043,48,0,49.85911
s0043,49,0,47.39629
s0043,50,0,46.409393
s0043,51,0,48.650333
s0043,52,0,54.093594
s0043,53,0,39.9236
s0043,54,0,55.765766
s0043,55,0,62.136616
s0043,56,0,66.930244
s0043,57,0,65.796364
s0043,58,0,67.14136
s0043,59,0,70.20031
s0043,60,0,68.8577
s0043,61,0,57.527515
s0043,62,0,66.603905
s0043,63,0,79.60216
s0043,64,0,63.64865
s0043,65,0,72.0397
s0043,66,0,62.118786
s0043,67,0,59.815216
s0043,68,0,59.369133
s0043,69,0,61.360947
s0043,70,0,58.39639
s0043,71,0,61.786736
s0043,72,0,59.037117
s0043,73,0,60.205994
s0043,74,0,77.22984
s0043,75,0,79.97278
s0043,76,0,78.25084
s0043,77,0,79.32469
s0043,78,0,80.05478
s0043,79,0,78.783
s0043,80,0,79.15014
s0043,81,0,77.944824
s0043,82,0,66.21829
s0043,83,0,73.57447
s0043,84,0,68.99742
s0043,85,0,70.00666
s0043,86,0,59.633465
s0043,87,0,61.578007
s0043,88,0,60.197067
s0043,89,0,58.128227
s0043,90,0,57.772556
s0043,91,0,76.82622
s0043,92,0,65.3993
s0043,93,0,73.793396
s0043,94,0,74.6727
s0043,95,0,70.04954
s0044,0,0,65.64416
s0044,1,0,47.002987
s0044,2,0,54.56447
s0044,3,0,42.305737
s0044,4,0,55.79119
s0044,5,0,51.722164
s0044,6,0,61.99416
s0044,7,0,65.42101
s0044,8,0,58.394924
s0044,9,0,59.613144
s0044,10,0,62.737137
s0044,11,0,62.12235
s0044,12,0,65.091675
s0044,13,0,66.899796
s0044,14,0,73.85707
s0044,15,0,69.197395
s0044,16,0,60.96743
s0044,17,0,65.26593
s0044,18,0,64.73845
s0044,19,0,64.05662
s0044,20,0,69.651085
s0044,21,0,65.313965
s0044,22,0,65.11562
s0044,23,0,64.24864
s0044,24,0,70.161095
s0044,25,0,68.2399
s0044,26,0,69.71657
s0044,27,0,64.352554
s0044,28,0,65.18816
s0044,29,0,65.777725
s0044,30,0,61.01111
s0044,31,0,57.548794
s0044,32,0,51.741493
s0044,33,0,49.07137
s0044,34,0,50.46446
s0044,35,0,58.266407
s0044,36,0,56.650135
s0044,37,0,61.266846
s0044,38,0,69.4054
s0044,39,0,58.399944
s0044,40,0,53.515415
s0044,41,0,34.11056
s0044,42,0,47.117844
s0044,43,0,57.89283
s0044,44,0,43.164303
s0044,45,0,45.178715
s0044,46,0,46.963963
s0044,47,0,23.180696
s0044,48,0,51.968338
s0044,49,0,37.07067
s0044,50,0,66.820496
s0044,51,0,54.803345
s0044,52,0,49.814
s0044,53,0,55.287643
s0044,54,0,46.543083
s0044,55,0,61.55207
s0044,56,0,63.70182
s0044,57,0,65.08221
s0044,58,0,58.920887
s0044,59,0,58.945385
s0044,60,0,57.833706
s0044,61,0,66.33034
s0044,62,0,74.89024
s0044,63,0,72.77958
s0044,64,0,63.565224
s0044,65,0,65.72379
s0044,66,0,77.26744
s0044,67,0,74.514275
s0044,68,0,54.870346
s0044,69,0,58.73677
s0044,70,0,55.419582
s0044,71,0,59.114956
s0044,72,0,67.177376
s0044,73,0,74.786354
s0044,74,0,75.12381
s0044,75,0,80.43825
s0044,76,0,80.07628
s0044,77,0,80.005165
s0044,78,0,75.500534
s0044,79,0,79.53109
s0044,80,0,80.059364
s0044,81,0,79.7904
s0044,82,0,68.25008
s0044,83,0,78.53702
s0044,84,0,69.510475
s0044,85,0,69.36358
s0044,86,0,68.40199
s0044,87,0,65.54997
s0044,88,0,62.910282
s0044,89,0,56.392853
s0044,90,0,58.87802
s0044,91,0,61.98071
s0044,92,0,61.86274
s0044,93,0,71.03282
s0044,94,0,66.051796
s0044,95,0,68.8986
s0045,0,0,50.468876
s0045,1,0,46.13983
s0045,2,0,41.281895
s0045,3,0,51.720764
s0045,4,0,47.576534
s0045,5,0,56.53639
s0045,6,0,55.891956
s0045,7,0,53.148876
s0045,8,0,68.3998
s0045,9,0,58.805622
s0045,10,0,60.210266
s0045,11,0,61.887066
s0045,12,0,59.29194
s0045,13,0,58.889248
s0045,14,0,65.17711
s0045,15,0,71.30304
s0045,16,0,66.478714
s0045,17,0,66.26181
s0045,18,0,61.55453
s0045,19,0,60.705383
s0045,20,0,74.54637
s0045,21,0,62.26922
s0045,22,0,67.808655
s0045,23,0,65.70586
s0045,24,0,67.985214
s0045,25,0,68.24215
s0045,26,0,69.007034
s0045,27,0,62.109337
s0045,28,0,72.9639
s0045,29,0,72.42863
s0045,30,0,57.434032
s0045,31,0,64.34145
s0045,32,0,54.842937
s0045,33,0,52.435383
s0045,34,0,57.601692
s0045,35,0,57.528545
s0045,36,0,51.052658
s0045,37,0,58.001694
s0045,38,0,58.469345
s0045,39,0,54.695408
s0045,40,0,58.71494
s0045,41,0,57.011444
s0045,42,0,62.245087
s0045,43,0,48.471706
s0045,44,0,52.839916
s0045,45,0,51.94766
s0045,46,0,47.292656
s0045,47,0,49.459602
s0045,48,0,57.196487
s0045,49,0,44.879436
s0045,50,0,60.192596
s0045,51,0,48.463894
s0045,52,0,51.961403
s0045,53,0,52.179417
s0045,54,0,49.64173
s0045,55,0,49.324905
s0045,56,0,60.732426
s0045,57,0,59.626125
s0045,58,0,60.0682
s0045,59,0,61.79851
s0045,60,0,56.996464
s0045,61,0,60.656307
s0045,62,0,71.90367
s0045,63,0,71.51418
s0045,64,0,69.25225
s0045,65,0,73.82993
s0045,66,0,66.93192
s0045,67,0,56.0534
s0045,68,0,60.4985
s0045,69,0,72.630585
s0045,70,0,49.49651
s0045,71,0,59.243553
s0045,72,0,60.92256
s0045,73,0,63.77487
s0045,74,0,79.006325
s0045,75,0,79.94295
s0045,76,0,79.40746
s0045,77,0,79.13897
s0045,78,0,74.41462
s0045,79,0,79.76852
s0045,80,0,79.16709
s0045,81,0,76.87494
s0045,82,0,71.70153
s0045,83,0,59.31833
s0045,84,0,68.744545
s0045,85,0,80.493065
s0045,86,0,64.49989
s0045,87,0,57.05113
s0045,88,0,56.914757
s0045,89,0,64.17017
s0045,90,0,52.774292
s0045,91,0,71.12789
s0045,92,0,66.052574
s0045,93,0,71.201675
s0045,94,0,69.4349
s0045,95,0,66.81368
s0046,0,0,53.08182
s0046,1,0,41.24772
s0046,2,0,48.682156
s0046,3,0,51.613476
s0046,4,0,48.14239
s0046,5,0,58.97785
s0046,6,0,44.70982
s0046,7,0,47.64557
s0046,8,0,64.098175
s0046,9,0,56.791725
s0046,10,0,67.28802
s0046,11,0,69.42859
s0046,12,0,63.281162
s0046,13,0,60.677353
s0046,14,0,60.26308
s0046,15,0,61.03696
s0046,16,0,53.84829
s0046,17,0,63.936275
s0046,18,0,64.43617
s0046,19,0,58.408607
s0046,20,0,69.21274
s0046,21,0,60.01832
s0046,22,0,48.224854
s0046,23,0,68.5717
s0046,24,0,72.46018
s0046,25,0,73.783844
s0046,26,0,69.89384
s0046,27,0,58.98983
s0046,28,0,72.24386
s0046,29,0,68.90155
s0046,30,0,57.443386
s0046,31,0,74.84952
s0046,32,0,45.427174
s0046,33,0,48.807804
s0046,34,0,51.273533
s0046,35,0,49.441288
s0046,36,0,49.90034
s0046,37,0,62.719097
s0046,38,0,51.316517
s0046,39,0,49.70178
s0046,40,0,43.911293
s0046,41,0,42.330753
s0046,42,0,46.71993
s0046,43,0,53.20307
s0046,44,0,67.88089
s0046,45,0,45.108902
s0046,46,0,39.186012
s0046,47,0,59.484985
s0046,48,0,38.354588
s0046,49,0,51.115547
s0046,50,0,56.280334
s0046,51,0,55.21121
s0046,52,0,51.06581
s0046,53,0,61.538998
s0046,54,0,45.201817
s0046,55,0,52.153667
s0046,56,0,61.473797
s0046,57,0,61.385742
s0046,58,0,58.48281
s0046,59,0,65.16429
s0046,60,0,60.047
s0046,61,0,65.91426
s0046,62,0,78.8659
s0046,63,0,75.13614
s0046,64,0,68.71613
s0046,65,0,59.950687
s0046,66,0,62.928116
s0046,67,0,59.27802
s0046,68,0,69.53295
s0046,69,0,65.71899
s0046,70,0,53.293556
s0046,71,0,63.43262
s0046,72,0,57.916794
s0046,73,0,59.175022
s0046,74,0,74.075325
s0046,75,0,79.2421
s0046,76,0,79.311424
s0046,77,0,79.720825
s0046,78,0,72.416626
s0046,79,0,80.49288
s0046,80,0,79.90376
s0046,81,0,78.85705
s0046,82,0,59.043552
s0046,83,0,72.9995
s0046,84,0,60.14792
s0046,85,0,65.49359
s0046,86,0,54.411552
s0046,87,0,61.227905
s0046,88,0,54.73918
s0046,89,0,59.126923
s0046,90,0,57.7998
s0046,91,0,72.75996
s0046,92,0,53.505253
s0046,93,0,60.799194
s0046,94,0,61.91853
s0046,95,0,67.905334
s0047,0,0,54.2147
s0047,1,0,54.58387
s0047,2,0,48.279774
s0047,3,0,48.885956
s0047,4,0,66.0874
s0047,5,0,55.443836
s0047,6,0,54.227085
s0047,7,0,62.89004
s0047,8,0,61.889465
s0047,9,0,60.973034
s0047,10,0,63.90617
s0047,11,0,59.231937
s0047,12,0,62.690514
s0047,13,0,67.97814
s0047,14,0,66.94001
s0047,15,0,68.54932
s0047,16,0,60.9066
s0047,17,0,73.45028
s0047,18,0,54.04832
s0047,19,0,65.95853
s0047,20,0,58.62925
s0047,21,0,67.22293
s0047,22,0,60.5123
s0047,23,0,70.90612
s0047,24,0,64.537796
s0047,25,0,66.03836
s0047,26,0,68.69497
s0047,27,0,72.226
s0047,28,0,53.280823
s0047,29,0,74.63154
s0047,30,0,54.979664
s0047,31,0,56.777313
s0047,32,0,63.87845
s0047,33,0,51.956707
s0047,34,0,65.256226
s0047,35,0,51.280643
s0047,36,0,58.105057
s0047,37,0,52.536827
s0047,38,0,62.992535
s0047,39,0,52.10978
s0047,40,0,60.56322
s0047,41,0,58.988598
s0047,42,0,51.96546
s0047,43,0,54.87007
s0047,44,0,56.708252
s0047,45,0,51.893524
s0047,46,0,51.92641
s0047,47,0,33.8885
s0047,48,0,43.707832
s0047,49,0,37.805164
s0047,50,0,52.7764
s0047,51,0,54.15705
s0047,52,0,62.937035
s0047,53,0,54.53117
s0047,54,0,56.18599
s0047,55,0,60.4992
s0047,56,0,49.846348
s0047,57,0,60.259995
s0047,58,0,47.168453
s0047,59,0,63.30193
s0047,60,0,66.07863
s0047,61,0,64.66879
s0047,62,0,69.73231
s0047,63,0,73.49575
s0047,64,0,65.17392
s0047,65,0,61.742733
s0047,66,0,76.446365
s0047,67,0,66.91221
s0047,68,0,69.77308
s0047,69,0,72.042725
s0047,70,0,67.51953
s0047,71,0,60.683903
s0047,72,0,56.851227
s0047,73,0,70.42598
s0047,74,0,75.57708
s0047,75,0,79.3648
s0047,76,0,79.231895
s0047,77,0,79.78316
s0047,78,0,76.792175
s0047,79,0,79.55794
s0047,80,0,79.645386
s0047,81,0,80.34941
s0047,82,0,64.010704
s0047,83,0,73.83733
s0047,84,0,64.3449
s0047,85,0,75.61171
s0047,86,0,69.87322
s0047,87,0,67.208725
s0047,88,0,64.52228
s0047,89,0,58.8597
s0047,90,0,50.258602
s0047,91,0,71.88363
s0047,92,0,68.22615
s0047,93,0,70.47951
s0047,94,0,75.844086
s0047,95,0,71.20771
s0048,0,0,54.367798
s0048,1,0,47.225277
s0048,2,0,43.581573
s0048,3,0,54.734737
s0048,4,0,47.84494
s0048,5,0,59.60573
s0048,6,0,44.323494
s0048,7,0,53.510563
s0048,8,0,64.66737
s0048,9,0,67.53336
s0048,10,0,65.77614
s0048,11,0,68.360985
s0048,12,0,64.51142
s0048,13,0,68.78398
s0048,14,0,61.31715
s0048,15,0,61.86567
s0048,16,0,67.20848
s0048,17,0,65.281364
s0048,18,0,69.467094
s0048,19,0,61.690784
s0048,20,0,65.58814
s0048,21,0,62.835163
s0048,22,0,58.526363
s0048,23,0,69.389725
s0048,24,0,63.616993
s0048,25,0,66.96395
s0048,26,0,71.27581
s0048,27,0,66.98889
s0048,28,0,66.9203
s0048,29,0,67.11292
s0048,30,0,65.49567
s0048,31,0,70.605774
s0048,32,0,66.83578
s0048,33,0,47.25583
s0048,34,0,37.789547
s0048,35,0,57.511513
s0048,36,0,57.397957
s0048,37,0,57.86347
s0048,38,0,58.834652
s0048,39,0,53.680298
s0048,40,0,72.080025
s0048,41,0,51.273582
s0048,42,0,56.95106
s0048,43,0,58.79786
s0048,44,0,46.965557
s0048,45,0,41.55721
s0048,46,0,27.864832
s0048,47,0,48.5735
s0048,48,0,56.34509
s0048,49,0,55.350662
s0048,50,0,53.568745
s0048,51,0,60.5146
s0048,52,0,46.64084
s0048,53,0,40.754246
s0048,54,0,45.414307
s0048,55,0,57.159184
s0048,56,0,42.60929
s0048,57,0,65.69088
s0048,58,0,59.480732
s0048,59,0,66.745865
s0048,60,0,60.245113
s0048,61,0,61.9125
s0048,62,0,66.144325
s0048,63,0,66.033165
s0048,64,0,73.60915
s0048,65,0,70.20069
s0048,66,0,69.68394
s0048,67,0,59.59956
s0048,68,0,60.260345
s0048,69,0,58.971035
s0048,70,0,51.7351
s0048,71,0,62.60426
s0048,72,0,62.783955
s0048,73,0,75.94596
s0048,74,0,78.89758
s0048,75,0,78.253685
s0048,76,0,79.52001
s0048,77,0,79.7567
s0048,78,0,80.05619
s0048,79,0,79.19384
s0048,80,0,79.25769
s0048,81,0,78.82986
s0048,82,0,65.09788
s0048,83,0,55.351166
s0048,84,0,72.40883
s0048,85,0,72.60293
s0048,86,0,82.62948
s0048,87,0,60.97741
s0048,88,0,55.771866
s0048,89,0,65.82025
s0048,90,0,54.4448
s0048,91,0,69.354744
s0048,92,0,57.16635
s0048,93,0,72.56871
s0048,94,0,64.81928
s0048,95,0,59.523586
s0049,0,0,54.283577
s0049,1,0,48.39593
s0049,2,0,41.676914
s0049,3,0,46.282944
s0049,4,0,51.931496
s0049,5,0,42.981625
s0049,6,0,57.67842
s0049,7,0,57.161648
s0049,8,0,64.47189
s0049,9,0,61.252563
s0049,10,0,58.574547
s0049,11,0,53.356117
s0049,12,0,63.99168
s0049,13,0,56.729885
s0049,14,0,69.82006
s0049,15,0,59.377953
s0049,16,0,55.719963
s0049,17,0,62.312847
s0049,18,0,63.651752
s0049,19,0,60.86992
s0049,20,0,65.21383
s0049,21,0,61.699314
s0049,22,0,54.596867
s0049,23,0,76.074974
s0049,24,0,59.073277
s0049,25,0,64.73614
s0049,26,0,57.443798
s0049,27,0,64.345474
s0049,28,0,67.26133
s0049,29,0,68.756165
s0049,30,0,58.1258
s0049,31,0,65.92927
s0049,32,0,58.903408
s0049,33,0,48.470936
s0049,34,0,54.068436
s0049,35,0,54.91485
s0049,36,0,29.040567
s0049,37,0,57.177277
s0049,38,0,44.631184
s0049,39,0,56.981728
s0049,40,0,71.67192
s0049,41,0,61.4799
s0049,42,0,63.225574
s0049,43,0,48.40949
s0049,44,0,37.79647
s0049,45,0,36.26827
s0049,46,0,46.505505
s0049,47,0,29.723152
s0049,48,0,56.97709
s0049,49,0,55.16823
s0049,50,0,34.75702
s0049,51,0,56.486664
s0049,52,0,48.34493
s0049,53,0,64.32521
s0049,54,0,47.819065
s0049,55,0,56.346504
s0049,56,0,48.981625
s0049,57,0,63.38918
s0049,58,0,55.855633
s0049,59,0,66.206825
s0049,60,0,62.472485
s0049,61,0,62.640682
s0049,62,0,76.65822
s0049,63,0,65.397194
s0049,64,0,62.618034
s0049,65,0,65.00633
s0049,66,0,66.08646
s0049,67,0,61.54175
s0049,68,0,66.88868
s0049,69,0,69.288574
s0049,70,0,45.66187
s0049,71,0,51.9328
s0049,72,0,62.973747
s0049,73,0,64.76442
s0049,74,0,74.85841
s0049,75,0,80.11733
s0049,76,0,79.4792
s0049,77,0,79.93554
s0049,78,0,76.524506
s0049,79,0,79.4008
s0049,80,0,80.105194
s0049,81,0,77.731514
s0049,82,0,60.674458
s0049,83,0,66.68981
s0049,84,0,70.314705
s0049,85,0,74.96329
s0049,86,0,64.72412
s0049,87,0,60.919693
s0049,88,0,58.31228
s0049,89,0,54.976543
s0049,90,0,48.849327
s0049,91,0,70.11659
s0049,92,0,65.388466
s0049,93,0,69.74947
s0049,94,0,69.01996
s0049,95,0,64.683105
s0050,0,0,57.59342
s0050,1,0,53.900917
s0050,2,0,51.40759
s0050,3,0,48.98228
s0050,4,0,62.07529
s0050,5,0,64.78571
s0050,6,0,49.071938
s0050,7,0,58.827183
s0050,8,0,62.922165
s0050,9,0,54.02359
s0050,10,0,57.64665
s0050,11,0,63.958485
s0050,12,0,64.07109
s0050,13,0,67.57201
s0050,14,0,63.50793
s0050,15,0,67.598724
s0050,16,0,67.26629
s0050,17,0,56.003895
s0050,18,0,57.82986
s0050,19,0,59.254784
s0050,20,0,64.317245
s0050,21,0,60.781277
s0050,22,0,67.38039
s0050,23,0,73.82807
s0050,24,0,62.07053
s0050,25,0,72.131874
s0050,26,0,62.14164
s0050,27,0,62.322483
s0050,28,0,71.39053
s0050,29,0,70.366066
s0050,30,0,67.57729
s0050,31,0,61.828705
s0050,32,0,57.43882
s0050,33,0,59.204876
s0050,34,0,65.65806
s0050,35,0,49.16672
s0050,36,0,54.420013
s0050,37,0,56.90932
s0050,38,0,54.175415
s0050,39,0,63.21355
s0050,40,0,61.103973
s0050,41,0,43.250286
s0050,42,0,39.660885
s0050,43,0,61.199345
s0050,44,0,60.994328
s0050,45,0,60.029877
s0050,46,0,37.736477
s0050,47,0,73.64427
s0050,48,0,60.397343
s0050,49,0,43.62845
s0050,50,0,55.640053
s0050,51,0,53.39889
s0050,52,0,52.97114
s0050,53,0,58.847282
s0050,54,0,53.107143
s0050,55,0,43.594273
s0050,56,0,56.56855
s0050,57,0,63.972916
s0050,58,0,70.8712
s0050,59,0,66.41725
s0050,60,0,68.534134
s0050,61,0,70.81755
s0050,62,0,70.38662
s0050,63,0,73.5816
s0050,64,0,58.53128
s0050,65,0,70.02342
s0050,66,0,64.13478
s0050,67,0,66.0652
s0050,68,0,67.37762
s0050,69,0,69.43263
s0050,70,0,63.769978
s0050,71,0,63.869728
s0050,72,0,65.27822
s0050,73,0,80.99756
s0050,74,0,79.476776
s0050,75,0,79.85312
s0050,76,0,79.83341
s0050,77,0,80.65684
s0050,78,0,80.572914
s0050,79,0,79.95399
s0050,80,0,79.96714
s0050,81,0,79.11623
s0050,82,0,69.06396
s0050,83,0,67.304276
s0050,84,0,75.34321
s0050,85,0,72.142944
s0050,86,0,70.23947
s0050,87,0,70.75145
s0050,88,0,63.19923
s0050,89,0,65.05035
s0050,90,0,64.026566
s0050,91,0,66.76643
s0050,92,0,77.07451
s0050,93,0,67.74034
s0050,94,0,69.591934
s0050,95,0,69.008156
s0051,0,0,58.416084
s0051,1,0,43.361324
s0051,2,0,39.962013
s0051,3,0,50.2916
s0051,4,0,44.242687
s0051,5,0,53.831604
s0051,6,0,56.908768
s0051,7,0,55.547333
s0051,8,0,59.06116
s0051,9,0,64.27841
s0051,10,0,61.837692
s0051,11,0,66.98205
s0051,12,0,68.59827
s0051,13,0,64.76293
s0051,14,0,58.888733
s0051,15,0,61.508335
s0051,16,0,73.63856
s0051,17,0,60.680954
s0051,18,0,63.396393
s0051,19,0,55.256935
s0051,20,0,67.0246
s0051,21,0,69.24403
s0051,22,0,60.568096
s0051,23,0,68.501015
s0051,24,0,72.40094
s0051,25,0,72.61652
s0051,26,0,74.807594
s0051,27,0,74.96149
s0051,28,0,71.88452
s0051,29,0,69.9527
s0051,30,0,58.19857
s0051,31,0,65.14688
s0051,32,0,55.5664
s0051,33,0,50.59832
s0051,34,0,49.95855
s0051,35,0,60.35927
s0051,36,0,51.72559
s0051,37,0,54.70181
s0051,38,0,56.132584
s0051,39,0,63.735237
s0051,40,0,64.5236
s0051,41,0,50.450237
s0051,42,0,58.83488
s0051,43,0,42.572285
s0051,44,0,51.310932
s0051,45,0,66.70669
s0051,46,0,44.592884
s0051,47,0,55.028976
s0051,48,0,49.092712
s0051,49,0,61.493103
s0051,50,0,51.68751
s0051,51,0,60.89541
s0051,52,0,52.235413
s0051,53,0,55.60541
s0051,54,0,50.078796
s0051,55,0,56.67123
s0051,56,0,58.5539
s0051,57,0,70.13233
s0051,58,0,51.952244
s0051,59,0,64.434
s0051,60,0,64.12196
s0051,61,0,58.364094
s0051,62,0,71.61228
s0051,63,0,72.341064
s0051,64,0,68.14558
s0051,65,0,65.55243
s0051,66,0,63.15956
s0051,67,0,67.11941
s0051,68,0,66.86798
s0051,69,0,57.770504
s0051,70,0,56.480106
s0051,71,0,68.51483
s0051,72,0,58.776363
s0051,73,0,71.4701
s0051,74,0,74.91819
s0051,75,0,79.91248
s0051,76,0,79.589516
s0051,77,0,79.99903
s0051,78,0,77.65363
s0051,79,0,79.57458
s0051,80,0,79.186
s0051,81,0,78.632164
s0051,82,0,61.071068
s0051,83,0,65.08623
s0051,84,0,65.937355
s0051,85,0,66.73728
s0051,86,0,68.18671
s0051,87,0,65.407906
s0051,88,0,67.40903
s0051,89,0,61.359833
s0051,90,0,59.693447
s0051,91,0,69.58473
s0051,92,0,65.85694
s0051,93,0,61.682858
s0051,94,0,68.98673
s0051,95,0,66.62508
s0052,0,0,53.050537
s0052,1,0,46.956734
s0052,2,0,53.24748
s0052,3,0,43.56465
s0052,4,0,46.280785
s0052,5,0,50.81683
s0052,6,0,52.97491
s0052,7,0,58.786125
s0052,8,0,58.929665
s0052,9,0,52.361164
s0052,10,0,66.47539
s0052,11,0,66.72136
s0052,12,0,71.39682
s0052,13,0,59.518394
s0052,14,0,65.79301
s0052,15,0,65.59287
s0052,16,0,71.00068
s0052,17,0,67.0605
s0052,18,0,61.97433
s0052,19,0,74.60597
s0052,20,0,69.03644
s0052,21,0,73.302795
s0052,22,0,56.43584
s0052,23,0,66.77718
s0052,24,0,67.98215
s0052,25,0,63.52074
s0052,26,0,67.909294
s0052,27,0,63.008995
s0052,28,0,74.13703
s0052,29,0,59.188297
s0052,30,0,54.900204
s0052,31,0,58.43758
s0052,32,0,51.610916
s0052,33,0,58.094757
s0052,34,0,55.333965
s0052,35,0,53.016132
s0052,36,0,44.87995
s0052,37,0,60.085606
s0052,38,0,69.564125
s0052,39,0,50.65109
s0052,40,0,42.710796
s0052,41,0,59.68685
s0052,42,0,38.69622
s0052,43,0,57.490303
s0052,44,0,40.78945
s0052,45,0,49.383575
s0052,46,0,45.59922
s0052,47,0,18.0802
s0052,48,0,49.90284
s0052,49,0,41.47489
s0052,50,0,55.04315
s0052,51,0,53.228714
s0052,52,0,46.15865
s0052,53,0,46.923122
s0052,54,0,68.003975
s0052,55,0,51.94245
s0052,56,0,55.599102
s0052,57,0,58.196312
s0052,58,0,53.423195
s0052,59,0,67.02007
s0052,60,0,55.65941
s0052,61,0,77.28938
s0052,62,0,71.19885
s0052,63,0,69.54252
s0052,64,0,63.643616
s0052,65,0,59.28636
s0052,66,0,72.370186
s0052,67,0,61.992947
s0052,68,0,62.49866
s0052,69,0,63.03199
s0052,70,0,54.849373
s0052,71,0,55.946087
s0052,72,0,63.060505
s0052,73,0,61.527008
s0052,74,0,75.642815
s0052,75,0,78.25531
s0052,76,0,79.15296
s0052,77,0,78.92323
s0052,78,0,75.54894
s0052,79,0,78.531006
s0052,80,0,78.94427
s0052,81,0,78.77104
s0052,82,0,60.12256
s0052,83,0,62.593067
s0052,84,0,61.399868
s0052,85,0,68.51734
s0052,86,0,63.40211
s0052,87,0,61.197487
s0052,88,0,65.22073
s0052,89,0,55.10038
s0052,90,0,53.57985
s0052,91,0,61.45349
s0052,92,0,58.994514
s0052,93,0,77.08612
s0052,94,0,66.03786
s0052,95,0,74.68228
s0053,0,0,55.313206
s0053,1,0,48.58786
s0053,2,0,45.001842
s0053,3,0,52.37824
s0053,4,0,53.694904
s0053,5,0,51.91338
s0053,6,0,45.212997
s0053,7,0,61.90916
s0053,8,0,53.26322
s0053,9,0,64.41092
s0053,10,0,65.07187
s0053,11,0,60.26018
s0053,12,0,66.632095
s0053,13,0,61.17595
s0053,14,0,64.2795
s0053,15,0,60.503723
s0053,16,0,62.035763
s0053,17,0,65.57759
s0053,18,0,62.79819
s0053,19,0,63.59947
s0053,20,0,68.15522
s0053,21,0,66.603325
s0053,22,0,67.84442
s0053,23,0,71.405495
s0053,24,0,75.42587
s0053,25,0,64.79735
s0053,26,0,67.79734
s0053,27,0,64.609215
s0053,28,0,75.30439
s0053,29,0,68.480736
s0053,30,0,61.748898
s0053,31,0,69.08276
s0053,32,0,64.0162
s0053,33,0,56.226093
s0053,34,0,54.396114
s0053,35,0,56.84754
s0053,36,0,54.12038
s0053,37,0,67.845245
s0053,38,0,53.70422
s0053,39,0,24.388166
s0053,40,0,58.812546
s0053,41,0,54.267586
s0053,42,0,43.822968
s0053,43,0,45.707817
s0053,44,0,44.174145
s0053,45,0,54.518764
s0053,46,0,49.507748
s0053,47,0,38.30452
s0053,48,0,58.752583
s0053,49,0,46.657436
s0053,50,0,59.02263
s0053,51,0,46.97106
s0053,52,0,56.931324
s0053,53,0,48.95701
s0053,54,0,45.242886
s0053,55,0,48.885666
s0053,56,0,50.048626
s0053,57,0,65.00331
s0053,58,0,55.32886
s0053,59,0,67.46757
s0053,60,0,67.62534
s0053,61,0,51.087887
s0053,62,0,79.52263
s0053,63,0,68.73969
s0053,64,0,63.16909
s0053,65,0,61.074665
s0053,66,0,75.25824
s0053,67,0,62.54978
s0053,68,0,69.92896
s0053,69,0,60.628033
s0053,70,0,57.63394
s0053,71,0,60.76523
s0053,72,0,66.46262
s0053,73,0,72.47754
s0053,74,0,83.05076
s0053,75,0,79.57409
s0053,76,0,78.92762
s0053,77,0,79.44277
s0053,78,0,76.96535
s0053,79,0,78.33563
s0053,80,0,80.09627
s0053,81,0,78.86819
s0053,82,0,70.77245
s0053,83,0,64.05551
s0053,84,0,68.81276
s0053,85,0,72.211815
s0053,86,0,71.57225
s0053,87,0,61.21846
s0053,88,0,61.13048
s0053,89,0,56.152973
s0053,90,0,51.60181
s0053,91,0,71.046486
s0053,92,0,61.636654
s0053,93,0,63.814575
s0053,94,0,68.49008
s0053,95,0,65.97638
s0054,0,0,55.21933
s0054,1,0,44.405643
s0054,2,0,50.80749
s0054,3,0,47.90658
s0054,4,0,56.071487
s0054,5,0,58.687527
s0054,6,0,62.596138
s0054,7,0,42.022083
s0054,8,0,53.93299
s0054,9,0,60.011566
s0054,10,0,60.02136
s0054,11,0,61.882393
s0054,12,0,68.69659
s0054,13,0,64.65615
s0054,14,0,59.036163
s0054,15,0,66.28335
s0054,16,0,69.39506
s0054,17,0,66.067154
s0054,18,0,60.57424
s0054,19,0,57.75265
s0054,20,0,69.25995
s0054,21,0,63.742416
s0054,22,0,68.57292
s0054,23,0,67.96599
s0054,24,0,63.341465
s0054,25,0,67.758736
s0054,26,0,67.138824
s0054,27,0,63.323666
s0054,28,0,71.822266
s0054,29,0,70.02492
s0054,30,0,50.43362
s0054,31,0,56.523552
s0054,32,0,65.61617
s0054,33,0,55.013954
s0054,34,0,48.139084
s0054,35,0,58.05538
s0054,36,0,62.78017
s0054,37,0,59.7513
s0054,38,0,65.457275
s0054,39,0,58.78333
s0054,40,0,39.714466
s0054,41,0,37.34272
s0054,42,0,54.96911
s0054,43,0,45.644714
s0054,44,0,74.456505
s0054,45,0,43.081528
s0054,46,0,60.2216
s0054,47,0,56.48724
s0054,48,0,48.684566
s0054,49,0,57.38509
s0054,50,0,49.426178
s0054,51,0,58.871883
s0054,52,0,41.84904
s0054,53,0,54.911938
s0054,54,0,48.999928
s0054,55,0,54.947296
s0054,56,0,58.437603
s0054,57,0,63.85503
s0054,58,0,61.589855
s0054,59,0,65.128044
s0054,60,0,60.11163
s0054,61,0,72.52969
s0054,62,0,71.77352
s0054,63,0,77.338745
s0054,64,0,62.5578
s0054,65,0,71.796936
s0054,66,0,74.014915
s0054,67,0,54.52427
s0054,68,0,64.68321
s0054,69,0,68.88893
s0054,70,0,58.955826
s0054,71,0,66.64652
s0054,72,0,60.893738
s0054,73,0,70.164116
s0054,74,0,72.90422
s0054,75,0,79.579414
s0054,76,0,79.34864
s0054,77,0,78.95784
s0054,78,0,78.34196
s0054,79,0,79.69027
s0054,80,0,79.40234
s0054,81,0,79.84643
s0054,82,0,62.591522
s0054,83,0,68.3783
s0054,84,0,70.197716
s0054,85,0,78.298965
s0054,86,0,63.497562
s0054,87,0,68.89224
s0054,88,0,68.47538
s0054,89,0,59.235905
s0054,90,0,52.562756
s0054,91,0,79.13182
s0054,92,0,66.03495
s0054,93,0,69.62478
s0054,94,0,73.434525
s0054,95,0,72.8199
s0055,0,0,47.296173
s0055,1,0,52.76514
s0055,2,0,47.04379
s0055,3,0,53.909542
s0055,4,0,50.428772
s0055,5,0,57.55116
s0055,6,0,51.984283
s0055,7,0,51.77535
s0055,8,0,66.28583
s0055,9,0,58.915993
s0055,10,0,61.673122
s0055,11,0,61.235424
s0055,12,0,68.84903
s0055,13,0,64.87788
s0055,14,0,68.22861
s0055,15,0,69.2668
s0055,16,0,64.89691
s0055,17,0,63.87985
s0055,18,0,61.45869
s0055,19,0,73.29071
s0055,20,0,68.71534
s0055,21,0,66.41493
s0055,22,0,63.124996
s0055,23,0,70.36964
s0055,24,0,68.23691
s0055,25,0,62.429573
s0055,26,0,69.58956
s0055,27,0,62.020622
s0055,28,0,69.48828
s0055,29,0,69.10762
s0055,30,0,55.66688
s0055,31,0,61.64664
s0055,32,0,58.474274
s0055,33,0,50.140594
s0055,34,0,51.8798
s0055,35,0,60.412006
s0055,36,0,54.48929
s0055,37,0,59.80447
s0055,38,0,58.611
s0055,39,0,61.007343
s0055,40,0,57.674404
s0055,41,0,55.627903
s0055,42,0,45.657658
s0055,43,0,35.326546
s0055,44,0,51.46102
s0055,45,0,49.43131
s0055,46,0,49.41655
s0055,47,0,57.285282
s0055,48,0,38.232964
s0055,49,0,63.541603
s0055,50,0,51.73147
s0055,51,0,64.89306
s0055,52,0,60.81264
s0055,53,0,42.428265
s0055,54,0,63.30302
s0055,55,0,53.469093
s0055,56,0,47.470943
s0055,57,0,57.430206
s0055,58,0,61.834854
s0055,59,0,69.47693
s0055,60,0,60.229362
s0055,61,0,64.64843
s0055,62,0,73.33805
s0055,63,0,68.48786
s0055,64,0,67.58745
s0055,65,0,69.50549
s0055,66,0,77.17187
s0055,67,0,64.5191
s0055,68,0,66.92199
s0055,69,0,56.66325
s0055,70,0,56.394566
s0055,71,0,65.38593
s0055,72,0,52.16993
s0055,73,0,71.727325
s0055,74,0,71.98593
s0055,75,0,78.77604
s0055,76,0,65.320694
s0055,77,0,79.20078
s0055,78,0,75.98162
s0055,79,0,79.38024
s0055,80,0,78.01773
s0055,81,0,80.22891
s0055,82,0,65.10084
s0055,83,0,60.699833
s0055,84,0,64.56899
s0055,85,0,75.24477
s0055,86,0,66.98721
s0055,87,0,59.535973
s0055,88,0,57.28935
s0055,89,0,56.089046
s0055,90,0,53.586906
s0055,91,0,78.03715
s0055,92,0,69.498886
s0055,93,0,68.768814
s0055,94,0,73.20196
s0055,95,0,73.51058
s0056,0,0,48.315502
s0056,1,0,45.89906
s0056,2,0,45.886505
s0056,3,0,39.546158
s0056,4,0,52.970207
s0056,5,0,52.197342
s0056,6,0,51.214478
s0056,7,0,59.26328
s0056,8,0,51.524277
s0056,9,0,59.150116
s0056,10,0,52.145607
s0056,11,0,56.547657
s0056,12,0,77.86267
s0056,13,0,58.234447
s0056,14,0,63.20382
s0056,15,0,69.589554
s0056,16,0,68.778984
s0056,17,0,63.02844
s0056,18,0,66.77262
s0056,19,0,65.64904
s0056,20,0,68.329895
s0056,21,0,65.80052
s0056,22,0,61.235462
s0056,23,0,70.86629
s0056,24,0,70.5939
s0056,25,0,51.98636
s0056,26,0,69.46786
s0056,27,0,64.368126
s0056,28,0,65.13063
s0056,29,0,68.51604
s0056,30,0,71.24275
s0056,31,0,60.47031
s0056,32,0,48.92633
s0056,33,0,50.46787
s0056,34,0,46.51823
s0056,35,0,58.669216
s0056,36,0,52.579147
s0056,37,0,49.808178
s0056,38,0,56.28334
s0056,39,0,57.620564
s0056,40,0,63.839046
s0056,41,0,67.31669
s0056,42,0,45.46215
s0056,43,0,50.783756
s0056,44,0,45.81877
s0056,45,0,59.638195
s0056,46,0,40.036705
s0056,47,0,29.932056
s0056,48,0,41.208256
s0056,49,0,40.412254
s0056,50,0,48.43395
s0056,51,0,53.920074
s0056,52,0,49.8032
s0056,53,0,41.64861
s0056,54,0,49.27922
s0056,55,0,60.82211
s0056,56,0,52.84127
s0056,57,0,72.13234
s0056,58,0,62.090042
s0056,59,0,63.883434
s0056,60,0,55.037003
s0056,61,0,57.835144
s0056,62,0,67.13739
s0056,63,0,70.23297
s0056,64,0,61.88121
s0056,65,0,69.18027
s0056,66,0,62.791508
s0056,67,0,68.38055
s0056,68,0,63.066036
s0056,69,0,64.16025
s0056,70,0,66.362656
s0056,71,0,58.206207
s0056,72,0,69.57368
s0056,73,0,69.229774
s0056,74,0,76.44657
s0056,75,0,80.502594
s0056,76,0,80.1438
s0056,77,0,79.29676
s0056,78,0,73.13421
s0056,79,0,79.47021
s0056,80,0,80.465965
s0056,81,0,76.370125
s0056,82,0,62.99346
s0056,83,0,71.38467
s0056,84,0,73.99906
s0056,85,0,70.18682
s0056,86,0,55.71779
s0056,87,0,59.507015
s0056,88,0,64.33218
s0056,89,0,50.363644
s0056,90,0,61.997883
s0056,91,0,71.18825
s0056,92,0,69.4363
s0056,93,0,65.90574
s0056,94,0,68.430405
s0056,95,0,62.851967
s0057,0,0,56.280033
s0057,1,0,47.113415
s0057,2,0,36.99746
s0057,3,0,42.198215
s0057,4,0,55.920647
s0057,5,0,53.21466
s0057,6,0,54.884457
s0057,7,0,62.688725
s0057,8,0,61.66269
s0057,9,0,53.342693
s0057,10,0,66.7248
s0057,11,0,64.61109
s0057,12,0,61.038475
s0057,13,0,61.14105
s0057,14,0,65.57253
s0057,15,0,61.081593
s0057,16,0,64.11022
s0057,17,0,68.355896
s0057,18,0,69.7287
s0057,19,0,66.28627
s0057,20,0,67.44734
s0057,21,0,66.67437
s0057,22,0,61.621166
s0057,23,0,65.42912
s0057,24,0,63.550068
s0057,25,0,65.17106
s0057,26,0,66.8392
s0057,27,0,65.85667
s0057,28,0,72.49261
s0057,29,0,76.55411
s0057,30,0,51.216125
s0057,31,0,71.30408
s0057,32,0,61.426117
s0057,33,0,49.076385
s0057,34,0,45.0665
s0057,35,0,55.854267
s0057,36,0,56.199677
s0057,37,0,61.17363
s0057,38,0,58.154003
s0057,39,0,57.835537
s0057,40,0,61.841526
s0057,41,0,44.235214
s0057,42,0,49.720554
s0057,43,0,55.93747
s0057,44,0,35.399124
s0057,45,0,42.25056
s0057,46,0,30.765629
s0057,47,0,45.896805
s0057,48,0,51.712887
s0057,49,0,46.6106
s0057,50,0,38.35873
s0057,51,0,44.56599
s0057,52,0,57.043606
s0057,53,0,53.625736
s0057,54,0,36.203262
s0057,55,0,70.88805
s0057,56,0,54.837574
s0057,57,0,62.88706
s0057,58,0,57.093697
s0057,59,0,63.753963
s0057,60,0,60.831856
s0057,61,0,68.6817
s0057,62,0,71.985245
s0057,63,0,73.563194
s0057,64,0,69.43452
s0057,65,0,61.149998
s0057,66,0,70.16865
s0057,67,0,60.932907
s0057,68,0,66.761185
s0057,69,0,70.466255
s0057,70,0,57.237328
s0057,71,0,57.865936
s0057,72,0,62.096756
s0057,73,0,66.59641
s0057,74,0,82.07759
s0057,75,0,79.50651
s0057,76,0,79.196396
s0057,77,0,80.10851
s0057,78,0,78.99638
s0057,79,0,79.178856
s0057,80,0,79.51107
s0057,81,0,77.59328
s0057,82,0,57.9321
s0057,83,0,62.38651
s0057,84,0,64.13381
s0057,85,0,78.81309
s0057,86,0,69.08109
s0057,87,0,54.74707
s0057,88,0,56.203426
s0057,89,0,57.796196
s0057,90,0,62.61081
s0057,91,0,68.79349
s0057,92,0,67.23323
s0057,93,0,68.68819
s0057,94,0,72.988014
s0057,95,0,57.314934
s0058,0,0,53.29715
s0058,1,0,62.55086
s0058,2,0,41.669197
s0058,3,0,46.628746
s0058,4,0,56.463314
s0058,5,0,59.152504
s0058,6,0,52.58415
s0058,7,0,51.120735
s0058,8,0,62.259247
s0058,9,0,56.702293
s0058,10,0,57.179455
s0058,11,0,67.46392
s0058,12,0,74.47139
s0058,13,0,64.17993
s0058,14,0,64.74891
s0058,15,0,63.388416
s0058,16,0,71.84969
s0058,17,0,65.01164
s0058,18,0,63.688316
s0058,19,0,68.141106
s0058,20,0,68.83161
s0058,21,0,75.45196
s0058,22,0,71.83429
s0058,23,0,68.465515
s0058,24,0,73.34502
s0058,25,0,66.40095
s0058,26,0,66.13747
s0058,27,0,60.660515
s0058,28,0,75.00057
s0058,29,0,69.47279
s0058,30,0,62.08996
s0058,31,0,68.40105
s0058,32,0,60.646427
s0058,33,0,69.104675
s0058,34,0,51.186935
s0058,35,0,61.05578
s0058,36,0,52.307648
s0058,37,0,55.18092
s0058,38,0,51.04031
s0058,39,0,46.409687
s0058,40,0,57.56247
s0058,41,0,62.599373
s0058,42,0,65.88055
s0058,43,0,42.024685
s0058,44,0,40.58538
s0058,45,0,59.50983
s0058,46,0,53.89819
s0058,47,0,50.689705
s0058,48,0,50.48409
s0058,49,0,38.073128
s0058,50,0,40.90647
s0058,51,0,44.727936
s0058,52,0,54.453617
s0058,53,0,47.953274
s0058,54,0,52.19703
s0058,55,0,65.12925
s0058,56,0,51.71032
s0058,57,0,64.08436
s0058,58,0,55.641273
s0058,59,0,63.992214
s0058,60,0,63.466396
s0058,61,0,66.2889
s0058,62,0,69.66592
s0058,63,0,74.24863
s0058,64,0,70.49407
s0058,65,0,72.22989
s0058,66,0,72.6154
s0058,67,0,67.59455
s0058,68,0,66.88882
s0058,69,0,57.462555
s0058,70,0,62.570675
s0058,71,0,53.504387
s0058,72,0,58.867798
s0058,73,0,78.959755
s0058,74,0,79.0979
s0058,75,0,79.94135
s0058,76,0,78.417244
s0058,77,0,80.04282
s0058,78,0,77.76464
s0058,79,0,81.86016
s0058,80,0,78.18989
s0058,81,0,77.98911
s0058,82,0,66.53715
s0058,83,0,64.12555
s0058,84,0,78.331215
s0058,85,0,73.6006
s0058,86,0,63.04534
s0058,87,0,55.567596
s0058,88,0,57.82205
s0058,89,0,57.882347
s0058,90,0,59.928173
s0058,91,0,69.36016
s0058,92,0,58.655323
s0058,93,0,72.48315
s0058,94,0,73.1894
s0058,95,0,70.450966
s0059,0,0,51.088455
s0059,1,0,44.428722
s0059,2,0,49.030773
s0059,3,0,52.986744
s0059,4,0,52.922657
s0059,5,0,56.041924
s0059,6,0,52.63405
s0059,7,0,56.894077
s0059,8,0,69.28972
s0059,9,0,58.13652
s0059,10,0,70.07782
s0059,11,0,55.411633
s0059,12,0,61.69494
s0059,13,0,62.518085
s0059,14,0,58.828243
s0059,15,0,69.55506
s0059,16,0,70.90308
s0059,17,0,68.15325
s0059,18,0,69.275925
s0059,19,0,63.621994
s0059,20,0,76.83424
s0059,21,0,56.055424
s0059,22,0,48.82705
s0059,23,0,74.17184
s0059,24,0,63.620354
s0059,25,0,67.71312
s0059,26,0,71.644295
s0059,27,0,54.829296
s0059,28,0,73.50353
s0059,29,0,71.70681
s0059,30,0,58.428448
s0059,31,0,64.49403
s0059,32,0,57.745102
s0059,33,0,61.555477
s0059,34,0,58.772423
s0059,35,0,50.979794
s0059,36,0,58.211994
s0059,37,0,59.22992
s0059,38,0,45.003914
s0059,39,0,55.46896
s0059,40,0,65.14916
s0059,41,0,57.763725
s0059,42,0,43.745174
s0059,43,0,42.964417
s0059,44,0,26.639004
s0059,45,0,53.936874
s0059,46,0,59.42977
s0059,47,0,48.191612
s0059,48,0,36.5864
s0059,49,0,52.937008
s0059,50,0,45.59694
s0059,51,0,65.755646
s0059,52,0,35.95158
s0059,53,0,52.54525
s0059,54,0,49.22542
s0059,55,0,51.84836
s0059,56,0,61.213028
s0059,57,0,58.781693
s0059,58,0,52.600395
s0059,59,0,68.27995
s0059,60,0,57.77162
s0059,61,0,65.17522
s0059,62,0,69.2995
s0059,63,0,73.82741
s0059,64,0,60.585205
s0059,65,0,71.18188
s0059,66,0,68.56353
s0059,67,0,67.66213
s0059,68,0,68.46638
s0059,69,0,60.944885
s0059,70,0,59.021694
s0059,71,0,58.450928
s0059,72,0,63.65901
s0059,73,0,71.709404
s0059,74,0,79.83868
s0059,75,0,79.115234
s0059,76,0,78.601234
s0059,77,0,78.16784
s0059,78,0,78.18536
s0059,79,0,78.79871
s0059,80,0,78.1136
s0059,81,0,77.555046
s0059,82,0,61.859676
s0059,83,0,69.55004
s0059,84,0,69.91924
s0059,85,0,73.01509
s0059,86,0,58.65056
s0059,87,0,60.509197
s0059,88,0,65.489395
s0059,89,0,65.80452
s0059,90,0,51.684944
s0059,91,0,73.56886
s0059,92,0,52.789898
s0059,93,0,70.08521
s0059,94,0,76.351906
s0059,95,0,65.05505
s0060,0,0,42.2468
s0060,1,0,53.311054
s0060,2,0,47.678284
s0060,3,0,36.921436
s0060,4,0,49.212624
s0060,5,0,61.580597
s0060,6,0,57.450836
s0060,7,0,49.853535
s0060,8,0,64.31738
s0060,9,0,55.466057
s0060,10,0,56.77052
s0060,11,0,60.340435
s0060,12,0,63.31693
s0060,13,0,64.50547
s0060,14,0,64.914444
s0060,15,0,66.291275
s0060,16,0,59.796
s0060,17,0,63.559746
s0060,18,0,70.35538
s0060,19,0,58.930794
s0060,20,0,66.00564
s0060,21,0,71.110245
s0060,22,0,61.744442
s0060,23,0,73.80742
s0060,24,0,66.066795
s0060,25,0,66.70142
s0060,26,0,72.76161
s0060,27,0,67.289314
s0060,28,0,68.22605
s0060,29,0,69.36914
s0060,30,0,52.84177
s0060,31,0,59.03417
s0060,32,0,62.292435
s0060,33,0,53.767414
s0060,34,0,51.976143
s0060,35,0,48.17132
s0060,36,0,54.569504
s0060,37,0,56.356796
s0060,38,0,60.874714
s0060,39,0,45.652275
s0060,40,0,61.464104
s0060,41,0,49.60326
s0060,42,0,49.23821
s0060,43,0,52.42014
s0060,44,0,46.094864
s0060,45,0,59.592724
s0060,46,0,36.151848
s0060,47,0,51.544
s0060,48,0,32.53991
s0060,49,0,21.45607
s0060,50,0,31.917149
s0060,51,0,43.36896
s0060,52,0,51.358887
s0060,53,0,63.167107
s0060,54,0,52.97603
s0060,55,0,50.472755
s0060,56,0,62.220093
s0060,57,0,69.13784
s0060,58,0,62.936836
s0060,59,0,63.734535
s0060,60,0,63.731865
s0060,61,0,62.760143
s0060,62,0,66.60685
s0060,63,0,76.18279
s0060,64,0,59.120903
s0060,65,0,58.429398
s0060,66,0,69.989975
s0060,67,0,71.217094
s0060,68,0,70.41252
s0060,69,0,58.12684
s0060,70,0,62.5355
s0060,71,0,64.38913
s0060,72,0,61.113037
s0060,73,0,68.43752
s0060,74,0,75.40259
s0060,75,0,78.79431
s0060,76,0,78.932076
s0060,77,0,80.07122
s0060,78,0,79.96134
s0060,79,0,79.90776
s0060,80,0,78.591866
s0060,81,0,78.88109
s0060,82,0,55.3066
s0060,83,0,65.09769
s0060,84,0,56.778744
s0060,85,0,67.0655
s0060,86,0,62.292206
s0060,87,0,59.930428
s0060,88,0,47.41924
s0060,89,0,62.818256
s0060,90,0,60.206852
s0060,91,0,67.59057
s0060,92,0,72.80477
s0060,93,0,66.24871
s0060,94,0,59.38089
s0060,95,0,63.799694
s0061,0,0,49.6061
s0061,1,0,33.66768
s0061,2,0,39.129524
s0061,3,0,49.052963
s0061,4,0,48.069424
s0061,5,0,49.85305
s0061,6,0,54.857185
s0061,7,0,55.70816
s0061,8,0,62.19454
s0061,9,0,56.817528
s0061,10,0,56.967705
s0061,11,0,68.53354
s0061,12,0,63.314205
s0061,13,0,62.39971
s0061,14,0,63.89531
s0061,15,0,66.65192
s0061,16,0,65.73463
s0061,17,0,66.48201
s0061,18,0,54.802994
s0061,19,0,63.240253
s0061,20,0,70.68107
s0061,21,0,68.022095
s0061,22,0,60.57147
s0061,23,0,70.85047
s0061,24,0,76.00911
s0061,25,0,78.509224
s0061,26,0,78.46546
s0061,27,0,64.40493
s0061,28,0,69.103714
s0061,29,0,64.08025
s0061,30,0,55.939556
s0061,31,0,60.232655
s0061,32,0,61.79775
s0061,33,0,45.65167
s0061,34,0,40.657692
s0061,35,0,52.262257
s0061,36,0,56.47561
s0061,37,0,66.849236
s0061,38,0,55.878387
s0061,39,0,56.498226
s0061,40,0,60.630222
s0061,41,0,46.15779
s0061,42,0,46.10629
s0061,43,0,51.40158
s0061,44,0,51.10214
s0061,45,0,56.970734
s0061,46,0,44.96621
s0061,47,0,20.038757
s0061,48,0,30.610922
s0061,49,0,47.359524
s0061,50,0,48.137966
s0061,51,0,42.895123
s0061,52,0,49.86056
s0061,53,0,54.34039
s0061,54,0,67.38791
s0061,55,0,54.712658
s0061,56,0,45.329536
s0061,57,0,70.07529
s0061,58,0,55.98516
s0061,59,0,63.5202
s0061,60,0,61.923477
s0061,61,0,68.93139
s0061,62,0,70.76173
s0061,63,0,70.6392
s0061,64,0,58.529335
s0061,65,0,63.379658
s0061,66,0,73.203
s0061,67,0,60.216286
s0061,68,0,64.08574
s0061,69,0,61.752724
s0061,70,0,58.09195
s0061,71,0,62.320393
s0061,72,0,72.66351
s0061,73,0,63.08539
s0061,74,0,79.44689
s0061,75,0,79.202065
s0061,76,0,80.19683
s0061,77,0,78.827614
s0061,78,0,76.589195
s0061,79,0,79.82976
s0061,80,0,78.40257
s0061,81,0,75.37321
s0061,82,0,61.392548
s0061,83,0,65.690475
s0061,84,0,70.16138
s0061,85,0,72.04344
s0061,86,0,69.75779
s0061,87,0,60.3336
s0061,88,0,55.679672
s0061,89,0,63.630306
s0061,90,0,43.261368
s0061,91,0,65.94977
s0061,92,0,63.778378
s0061,93,0,70.963875
s0061,94,0,65.098656
s0061,95,0,70.77019
s0062,0,0,54.83609
s0062,1,0,47.281292
s0062,2,0,52.906754
s0062,3,0,49.166862
s0062,4,0,58.016823
s0062,5,0,44.762787
s0062,6,0,51.45572
s0062,7,0,53.57252
s0062,8,0,63.741894
s0062,9,0,64.0142
s0062,10,0,64.54847
s0062,11,0,68.88749
s0062,12,0,69.23191
s0062,13,0,58.659027
s0062,14,0,59.121265
s0062,15,0,62.40663
s0062,16,0,70.51124
s0062,17,0,69.98725
s0062,18,0,77.26031
s0062,19,0,69.56462
s0062,20,0,71.45078
s0062,21,0,69.02503
s0062,22,0,61.19081
s0062,23,0,71.492615
s0062,24,0,65.99019
s0062,25,0,66.52941
s0062,26,0,62.466496
s0062,27,0,60.193233
s0062,28,0,69.45551
s0062,29,0,66.174416
s0062,30,0,58.93511
s0062,31,0,71.25738
s0062,32,0,59.33334
s0062,33,0,56.535015
s0062,34,0,54.580456
s0062,35,0,52.37329
s0062,36,0,52.07212
s0062,37,0,65.510735
s0062,38,0,58.720203
s0062,39,0,53.729797
s0062,40,0,52.601746
s0062,41,0,47.43402
s0062,42,0,48.603874
s0062,43,0,45.203423
s0062,44,0,42.034325
s0062,45,0,46.63517
s0062,46,0,41.472668
s0062,47,0,46.589203
s0062,48,0,58.58241
s0062,49,0,36.75469
s0062,50,0,24.385878
s0062,51,0,69.757286
s0062,52,0,40.721703
s0062,53,0,59.737064
s0062,54,0,58.066303
s0062,55,0,52.10571
s0062,56,0,64.4556
s0062,57,0,62.31841
s0062,58,0,60.606922
s0062,59,0,66.12694
s0062,60,0,72.6024
s0062,61,0,57.029842
s0062,62,0,76.906944
s0062,63,0,71.87904
s0062,64,0,62.55457
s0062,65,0,67.604416
s0062,66,0,67.10636
s0062,67,0,59.903313
s0062,68,0,70.55482
s0062,69,0,69.50178
s0062,70,0,51.307796
s0062,71,0,60.128986
s0062,72,0,66.264824
s0062,73,0,73.12366
s0062,74,0,78.17645
s0062,75,0,79.42411
s0062,76,0,80.35624
s0062,77,0,79.97932
s0062,78,0,78.09249
s0062,79,0,79.14394
s0062,80,0,79.61068
s0062,81,0,76.83331
s0062,82,0,63.83757
s0062,83,0,62.17893
s0062,84,0,69.27296
s0062,85,0,69.23505
s0062,86,0,60.146492
s0062,87,0,58.37776
s0062,88,0,62.43894
s0062,89,0,52.441486
s0062,90,0,50.039783
s0062,91,0,66.9325
s0062,92,0,69.06903
s0062,93,0,79.00018
s0062,94,0,67.3289
s0062,95,0,62.32316
s0063,0,0,58.233162
s0063,1,0,52.39752
s0063,2,0,42.77949
s0063,3,0,49.757347
s0063,4,0,51.905308
s0063,5,0,56.1361
s0063,6,0,50.491974
s0063,7,0,59.632618
s0063,8,0,54.680946
s0063,9,0,66.01052
s0063,10,0,60.172756
s0063,11,0,59.988266
s0063,12,0,61.11825
s0063,13,0,70.96984
s0063,14,0,54.663013
s0063,15,0,65.83977
s0063,16,0,70.51234
s0063,17,0,66.04449
s0063,18,0,66.53114
s0063,19,0,64.939125
s0063,20,0,66.646194
s0063,21,0,68.03955
s0063,22,0,69.44094
s0063,23,0,72.42966
s0063,24,0,60.721752
s0063,25,0,70.534615
s0063,26,0,74.42333
s0063,27,0,64.17073
s0063,28,0,73.69891
s0063,29,0,71.519516
s0063,30,0,53.645557
s0063,31,0,65.71347
s0063,32,0,56.359272
s0063,33,0,57.27558
s0063,34,0,53.04359
s0063,35,0,51.008053
s0063,36,0,46.359123
s0063,37,0,51.48307
s0063,38,0,51.898487
s0063,39,0,50.92278
s0063,40,0,51.731846
s0063,41,0,58.987602
s0063,42,0,55.859806
s0063,43,0,39.188366
s0063,44,0,51.5395
s0063,45,0,26.701324
s0063,46,0,34.699276
s0063,47,0,55.98036
s0063,48,0,45.882282
s0063,49,0,52.236153
s0063,50,0,54.98069
s0063,51,0,54.289276
s0063,52,0,51.78947
s0063,53,0,53.5711
s0063,54,0,59.517845
s0063,55,0,56.945343
s0063,56,0,67.94586
s0063,57,0,65.473076
s0063,58,0,60.94941
s0063,59,0,64.54796
s0063,60,0,63.265926
s0063,61,0,65.724144
s0063,62,0,74.00417
s0063,63,0,74.16405
s0063,64,0,62.137882
s0063,65,0,68.29078
s0063,66,0,72.50382
s0063,67,0,61.12719
s0063,68,0,60.037113
s0063,69,0,60.27543
s0063,70,0,59.66986
s0063,71,0,45.303577
s0063,72,0,60.153873
s0063,73,0,68.58164
s0063,74,0,76.14293
s0063,75,0,79.638214
s0063,76,0,79.816666
s0063,77,0,80.18751
s0063,78,0,75.65671
s0063,79,0,79.1347
s0063,80,0,79.660484
s0063,81,0,78.68298
s0063,82,0,66.472725
s0063,83,0,65.63894
s0063,84,0,64.87701
s0063,85,0,68.16652
s0063,86,0,62.793232
s0063,87,0,62.845272
s0063,88,0,56.455017
s0063,89,0,61.862816
s0063,90,0,53.713722
s0063,91,0,71.813576
s0063,92,0,62.42207
s0063,93,0,64.62653
s0063,94,0,69.15237
s0063,95,0,60.818157
s0064,0,0,47.468082
s0064,1,0,38.911144
s0064,2,0,45.300407
s0064,3,0,40.570465
s0064,4,0,51.653496
s0064,5,0,43.930725
s0064,6,0,52.503227
s0064,7,0,56.810535
s0064,8,0,64.95191
s0064,9,0,56.748936
s0064,10,0,56.082222
s0064,11,0,72.36214
s0064,12,0,72.28406
s0064,13,0,55.96218
s0064,14,0,66.91409
s0064,15,0,63.361614
s0064,16,0,61.82986
s0064,17,0,55.57369
s0064,18,0,63.663895
s0064,19,0,67.823265
s0064,20,0,67.641655
s0064,21,0,62.424133
s0064,22,0,61.02556
s0064,23,0,73.57337
s0064,24,0,64.04403
s0064,25,0,62.16986
s0064,26,0,70.16902
s0064,27,0,63.071575
s0064,28,0,72.15203
s0064,29,0,60.533825
s0064,30,0,54.860813
s0064,31,0,61.430298
s0064,32,0,55.765274
s0064,33,0,51.897705
s0064,34,0,48.21032
s0064,35,0,56.855164
s0064,36,0,45.29613
s0064,37,0,51.73271
s0064,38,0,55.57961
s0064,39,0,49.702106
s0064,40,0,70.95655
s0064,41,0,50.270386
s0064,42,0,59.643356
s0064,43,0,44.23839
s0064,44,0,51.51954
s0064,45,0,55.55075
s0064,46,0,35.144077
s0064,47,0,17.876024
s0064,48,0,55.048008
s0064,49,0,48.895386
s0064,50,0,55.573757
s0064,51,0,52.245773
s0064,52,0,40.669636
s0064,53,0,48.636063
s0064,54,0,54.627285
s0064,55,0,49.5909
s0064,56,0,73.992546
s0064,57,0,61.912144
s0064,58,0,51.55852
s0064,59,0,63.467087
s0064,60,0,59.82156
s0064,61,0,63.760086
s0064,62,0,75.92568
s0064,63,0,73.151695
s0064,64,0,67.499245
s0064,65,0,57.8161
s0064,66,0,59.644234
s0064,67,0,57.456028
s0064,68,0,64.00565
s0064,69,0,60.418083
s0064,70,0,56.988056
s0064,71,0,60.143177
s0064,72,0,55.165695
s0064,73,0,66.63563
s0064,74,0,73.35711
s0064,75,0,80.4928
s0064,76,0,79.001465
s0064,77,0,78.97958
s0064,78,0,71.01836
s0064,79,0,79.257996
s0064,80,0,78.66325
s0064,81,0,78.47597
s0064,82,0,60.187927
s0064,83,0,64.74726
s0064,84,0,56.963898
s0064,85,0,74.65126
s0064,86,0,56.482292
s0064,87,0,70.97813
s0064,88,0,55.68979
s0064,89,0,57.99942
s0064,90,0,49.320442
s0064,91,0,64.024864
s0064,92,0,58.90792
s0064,93,0,67.143135
s0064,94,0,65.55568
s0064,95,0,67.916245
s0065,0,0,47.174854
s0065,1,0,50.584938
s0065,2,0,48.896248
s0065,3,0,48.250084
s0065,4,0,52.83643
s0065,5,0,53.469254
s0065,6,0,46.042336
s0065,7,0,59.706757
s0065,8,0,61.80022
s0065,9,0,62.692818
s0065,10,0,67.24038
s0065,11,0,55.382988
s0065,12,0,69.35369
s0065,13,0,64.27108
s0065,14,0,66.73529
s0065,15,0,71.16118
s0065,16,0,67.6944
s0065,17,0,57.68635
s0065,18,0,65.79715
s0065,19,0,72.39737
s0065,20,0,68.57767
s0065,21,0,61.58129
s0065,22,0,51.60795
s0065,23,0,72.150246
s0065,24,0,68.07717
s0065,25,0,74.11912
s0065,26,0,72.25787
s0065,27,0,64.988884
s0065,28,0,63.06163
s0065,29,0,72.938835
s0065,30,0,62.135387
s0065,31,0,72.82311
s0065,32,0,62.443314
s0065,33,0,63.186863
s0065,34,0,53.51112
s0065,35,0,52.340137
s0065,36,0,60.79522
s0065,37,0,54.574253
s0065,38,0,48.88829
s0065,39,0,67.959526
s0065,40,0,73.90724
s0065,41,0,56.91612
s0065,42,0,38.768036
s0065,43,0,64.44388
s0065,44,0,41.034977
s0065,45,0,49.044952
s0065,46,0,33.019295
s0065,47,0,21.121595
s0065,48,0,35.59246
s0065,49,0,49.107533
s0065,50,0,47.763977
s0065,51,0,54.031906
s0065,52,0,58.11712
s0065,53,0,54.058678
s0065,54,0,45.70702
s0065,55,0,51.223175
s0065,56,0,55.377934
s0065,57,0,62.37173
s0065,58,0,62.840027
s0065,59,0,62.816055
s0065,60,0,54.91269
s0065,61,0,64.58689
s0065,62,0,75.430275
s0065,63,0,73.85685
s0065,64,0,72.06485
s0065,65,0,65.04243
s0065,66,0,66.16058
s0065,67,0,57.695805
s0065,68,0,67.67599
s0065,69,0,60.85608
s0065,70,0,51.96371
s0065,71,0,55.00128
s0065,72,0,59.76245
s0065,73,0,61.490536
s0065,74,0,76.88464
s0065,75,0,79.385254
s0065,76,0,80.544
s0065,77,0,78.681145
s0065,78,0,79.57714
s0065,79,0,80.26969
s0065,80,0,79.53157
s0065,81,0,76.87751
s0065,82,0,67.55725
s0065,83,0,64.286514
s0065,84,0,71.549095
s0065,85,0,68.81204
s0065,86,0,63.076866
s0065,87,0,62.602585
s0065,88,0,59.59258
s0065,89,0,59.76913
s0065,90,0,57.473793
s0065,91,0,73.000534
s0065,92,0,73.40622
s0065,93,0,67.597115
s0065,94,0,63.6989
s0065,95,0,65.06357
s0066,0,0,54.42059
s0066,1,0,38.17093
s0066,2,0,52.217224
s0066,3,0,47.69254
s0066,4,0,51.74246
s0066,5,0,51.60145
s0066,6,0,53.44982
s0066,7,0,51.9121
s0066,8,0,58.225597
s0066,9,0,57.618233
s0066,10,0,57.7682
s0066,11,0,59.550022
s0066,12,0,58.908936
s0066,13,0,65.89513
s0066,14,0,64.423935
s0066,15,0,73.39192
s0066,16,0,62.201294
s0066,17,0,63.83854
s0066,18,0,64.25121
s0066,19,0,60.310177
s0066,20,0,65.11331
s0066,21,0,70.94478
s0066,22,0,54.760933
s0066,23,0,65.89954
s0066,24,0,72.36238
s0066,25,0,65.53081
s0066,26,0,73.40191
s0066,27,0,62.575665
s0066,28,0,71.87962
s0066,29,0,69.66765
s0066,30,0,64.365425
s0066,31,0,64.19808
s0066,32,0,62.076756
s0066,33,0,47.882748
s0066,34,0,41.21206
s0066,35,0,62.386852
s0066,36,0,52.60593
s0066,37,0,40.206367
s0066,38,0,42.577164
s0066,39,0,61.16014
s0066,40,0,56.187737
s0066,41,0,52.286777
s0066,42,0,36.893085
s0066,43,0,47.70479
s0066,44,0,55.32948
s0066,45,0,57.268806
s0066,46,0,38.662243
s0066,47,0,68.0689
s0066,48,0,44.46133
s0066,49,0,53.072605
s0066,50,0,46.683144
s0066,51,0,63.78248
s0066,52,0,60.7976
s0066,53,0,47.51353
s0066,54,0,56.609997
s0066,55,0,48.281086
s0066,56,0,58.976326
s0066,57,0,82.90359
s0066,58,0,49.844685
s0066,59,0,61.750916
s0066,60,0,60.186157
s0066,61,0,64.04922
s0066,62,0,67.99142
s0066,63,0,71.069435
s0066,64,0,68.85464
s0066,65,0,57.400158
s0066,66,0,68.43674
s0066,67,0,66.70903
s0066,68,0,67.27774
s0066,69,0,58.02435
s0066,70,0,60.864227
s0066,71,0,52.980286
s0066,72,0,63.0056
s0066,73,0,74.12721
s0066,74,0,82.224075
s0066,75,0,79.53804
s0066,76,0,78.76301
s0066,77,0,80.18212
s0066,78,0,80.10731
s0066,79,0,78.31945
s0066,80,0,79.81921
s0066,81,0,78.57783
s0066,82,0,54.10497
s0066,83,0,62.50108
s0066,84,0,66.4372
s0066,85,0,66.63342
s0066,86,0,60.39853
s0066,87,0,65.464806
s0066,88,0,56.754307
s0066,89,0,58.858772
s0066,90,0,67.27758
s0066,91,0,71.06551
s0066,92,0,63.13884
s0066,93,0,69.79034
s0066,94,0,70.996796
s0066,95,0,65.81427
s0067,0,0,53.931606
s0067,1,0,47.725082
s0067,2,0,51.44251
s0067,3,0,44.45172
s0067,4,0,53.372314
s0067,5,0,50.769096
s0067,6,0,57.926666
s0067,7,0,49.78355
s0067,8,0,63.024536
s0067,9,0,54.333153
s0067,10,0,61.677383
s0067,11,0,68.17041
s0067,12,0,61.27629
s0067,13,0,68.09515
s0067,14,0,64.33338
s0067,15,0,68.51229
s0067,16,0,57.651302
s0067,17,0,64.034615
s0067,18,0,61.889256
s0067,19,0,58.591213
s0067,20,0,67.316956
s0067,21,0,70.24236
s0067,22,0,58.664516
s0067,23,0,67.98219
s0067,24,0,71.86082
s0067,25,0,72.591125
s0067,26,0,78.72664
s0067,27,0,65.402985
s0067,28,0,73.047264
s0067,29,0,75.963844
s0067,30,0,61.25245
s0067,31,0,60.936768
s0067,32,0,52.82976
s0067,33,0,44.75791
s0067,34,0,50.87464
s0067,35,0,47.203426
s0067,36,0,51.654568
s0067,37,0,60.79529
s0067,38,0,62.0184
s0067,39,0,48.17368
s0067,40,0,49.34502
s0067,41,0,38.140118
s0067,42,0,53.426987
s0067,43,0,46.5698
s0067,44,0,54.610287
s0067,45,0,41.02834
s0067,46,0,41.07759
s0067,47,0,55.34341
s0067,48,0,63.48718
s0067,49,0,54.77463
s0067,50,0,52.952866
s0067,51,0,49.255547
s0067,52,0,46.1509
s0067,53,0,58.943653
s0067,54,0,56.00572
s0067,55,0,50.668118
s0067,56,0,67.23088
s0067,57,0,66.769035
s0067,58,0,56.680923
s0067,59,0,74.78526
s0067,60,0,52.368256
s0067,61,0,61.50931
s0067,62,0,76.815445
s0067,63,0,74.74785
s0067,64,0,59.766342
s0067,65,0,51.421585
s0067,66,0,68.05546
s0067,67,0,55.124554
s0067,68,0,66.28513
s0067,69,0,54.597725
s0067,70,0,43.529835
s0067,71,0,53.704514
s0067,72,0,55.531387
s0067,73,0,77.22821
s0067,74,0,70.558876
s0067,75,0,79.32507
s0067,76,0,79.72184
s0067,77,0,79.38436
s0067,78,0,73.28589
s0067,79,0,79.01269
s0067,80,0,79.924255
s0067,81,0,79.96693
s0067,82,0,61.809593
s0067,83,0,62.402855
s0067,84,0,73.07372
s0067,85,0,70.71685
s0067,86,0,68.980606
s0067,87,0,54.1367
s0067,88,0,61.76016
s0067,89,0,61.948296
s0067,90,0,58.497112
s0067,91,0,66.04634
s0067,92,0,62.99807
s0067,93,0,63.215954
s0067,94,0,67.3144
s0067,95,0,70.01456
s0068,0,0,64.61851
s0068,1,0,52.419273
s0068,2,0,47.545635
s0068,3,0,45.93579
s0068,4,0,50.144962
s0068,5,0,51.820602
s0068,6,0,55.48416
s0068,7,0,66.24904
s0068,8,0,63.469803
s0068,9,0,57.87751
s0068,10,0,58.964287
s0068,11,0,69.65051
s0068,12,0,60.275513
s0068,13,0,69.556885
s0068,14,0,67.039406
s0068,15,0,73.14838
s0068,16,0,65.89579
s0068,17,0,63.107765
s0068,18,0,64.66385
s0068,19,0,69.15053
s0068,20,0,65.06518
s0068,21,0,63.291565
s0068,22,0,63.257008
s0068,23,0,66.39143
s0068,24,0,72.16941
s0068,25,0,73.58167
s0068,26,0,58.555138
s0068,27,0,62.463737
s0068,28,0,63.78539
s0068,29,0,71.22943
s0068,30,0,58.502617
s0068,31,0,68.51917
s0068,32,0,54.9721
s0068,33,0,49.19828
s0068,34,0,55.343887
s0068,35,0,57.95548
s0068,36,0,44.36731
s0068,37,0,55.82721
s0068,38,0,65.53108
s0068,39,0,44.4071
s0068,40,0,58.423576
s0068,41,0,51.342026
s0068,42,0,61.245533
s0068,43,0,68.87471
s0068,44,0,41.868828
s0068,45,0,50.462173
s0068,46,0,60.975483
s0068,47,0,37.31902
s0068,48,0,45.804306
s0068,49,0,44.534126
s0068,50,0,45.678616
s0068,51,0,54.502438
s0068,52,0,50.499924
s0068,53,0,47.122486
s0068,54,0,54.39077
s0068,55,0,53.02305
s0068,56,0,54.678192
s0068,57,0,64.68785
s0068,58,0,54.108013
s0068,59,0,64.65133
s0068,60,0,64.87916
s0068,61,0,66.86243
s0068,62,0,68.460556
s0068,63,0,67.10309
s0068,64,0,65.73663
s0068,65,0,66.567116
s0068,66,0,61.55596
s0068,67,0,66.85008
s0068,68,0,70.67031
s0068,69,0,62.353035
s0068,70,0,49.865253
s0068,71,0,61.320057
s0068,72,0,68.55089
s0068,73,0,72.803696
s0068,74,0,81.18466
s0068,75,0,80.58031
s0068,76,0,80.54634
s0068,77,0,80.644135
s0068,78,0,77.48991
s0068,79,0,80.752174
s0068,80,0,79.7521
s0068,81,0,84.70393
s0068,82,0,70.51565
s0068,83,0,68.900444
s0068,84,0,79.58925
s0068,85,0,72.07328
s0068,86,0,67.950554
s0068,87,0,59.273388
s0068,88,0,56.198116
s0068,89,0,77.57346
s0068,90,0,67.59755
s0068,91,0,70.40427
s0068,92,0,68.22347
s0068,93,0,68.92267
s0068,94,0,60.398384
s0068,95,0,70.61232
s0069,0,0,59.035107
s0069,1,0,38.577602
s0069,2,0,46.043144
s0069,3,0,40.758724
s0069,4,0,57.047497
s0069,5,0,52.431232
s0069,6,0,49.524414
s0069,7,0,58.345947
s0069,8,0,57.726643
s0069,9,0,59.312675
s0069,10,0,61.790802
s0069,11,0,60.570194
s0069,12,0,63.597958
s0069,13,0,67.14384
s0069,14,0,63.71332
s0069,15,0,59.630283
s0069,16,0,71.9749
s0069,17,0,59.033215
s0069,18,0,66.2447
s0069,19,0,58.028584
s0069,20,0,65.15705
s0069,21,0,69.82658
s0069,22,0,66.722176
s0069,23,0,63.61596
s0069,24,0,67.72946
s0069,25,0,64.14208
s0069,26,0,69.60516
s0069,27,0,58.5786
s0069,28,0,63.25427
s0069,29,0,67.81497
s0069,30,0,57.144543
s0069,31,0,66.17885
s0069,32,0,49.175102
s0069,33,0,50.783012
s0069,34,0,51.01303
s0069,35,0,50.17802
s0069,36,0,48.271114
s0069,37,0,69.06723
s0069,38,0,63.180923
s0069,39,0,52.797318
s0069,40,0,59.249813
s0069,41,0,43.04197
s0069,42,0,36.505157
s0069,43,0,55.282505
s0069,44,0,45.705627
s0069,45,0,59.455708
s0069,46,0,56.842594
s0069,47,0,44.445286
s0069,48,0,43.05407
s0069,49,0,36.6083
s0069,50,0,42.046124
s0069,51,0,45.485893
s0069,52,0,53.674538
s0069,53,0,61.389767
s0069,54,0,60.558838
s0069,55,0,52.087234
s0069,56,0,58.35963
s0069,57,0,51.433083
s0069,58,0,65.337494
s0069,59,0,64.904594
s0069,60,0,70.34824
s0069,61,0,62.906254
s0069,62,0,65.38228
s0069,63,0,70.69639
s0069,64,0,67.09456
s0069,65,0,60.92082
s0069,66,0,69.4901
s0069,67,0,63.137478
s0069,68,0,61.652958
s0069,69,0,57.696552
s0069,70,0,59.872627
s0069,71,0,62.483093
s0069,72,0,52.118404
s0069,73,0,71.814316
s0069,74,0,75.671135
s0069,75,0,80.37437
s0069,76,0,79.633385
s0069,77,0,79.81096
s0069,78,0,74.76803
s0069,79,0,79.7573
s0069,80,0,78.69534
s0069,81,0,77.67224
s0069,82,0,73.35732
s0069,83,0,64.857124
s0069,84,0,73.57724
s0069,85,0,73.08743
s0069,86,0,63.414165
s0069,87,0,60.26678
s0069,88,0,68.36524
s0069,89,0,61.001186
s0069,90,0,47.572136
s0069,91,0,71.77103
s0069,92,0,65.64905
s0069,93,0,68.170265
s0069,94,0,72.40667
s0069,95,0,68.4724
s0070,0,0,54.03808
s0070,1,0,48.974937
s0070,2,0,41.385986
s0070,3,0,53.568283
s0070,4,0,41.606876
s0070,5,0,58.49025
s0070,6,0,57.99072
s0070,7,0,54.446095
s0070,8,0,64.33154
s0070,9,0,65.33452
s0070,10,0,59.273838
s0070,11,0,65.44663
s0070,12,0,67.47353
s0070,13,0,67.8517
s0070,14,0,67.55306
s0070,15,0,68.71609
s0070,16,0,61.39316
s0070,17,0,73.72937
s0070,18,0,63.97841
s0070,19,0,68.115555
s0070,20,0,70.721535
s0070,21,0,66.686195
s0070,22,0,57.508526
s0070,23,0,53.583553
s0070,24,0,65.943726
s0070,25,0,61.627007
s0070,26,0,68.72183
s0070,27,0,65.76941
s0070,28,0,67.939125
s0070,29,0,65.00527
s0070,30,0,59.344677
s0070,31,0,68.628685
s0070,32,0,58.513687
s0070,33,0,56.29571
s0070,34,0,57.819572
s0070,35,0,43.808956
s0070,36,0,57.218285
s0070,37,0,55.776463
s0070,38,0,69.10296
s0070,39,0,51.053185
s0070,40,0,62.567547
s0070,41,0,53.016644
s0070,42,0,56.767048
s0070,43,0,21.94709
s0070,44,0,54.14857
s0070,45,0,34.328682
s0070,46,0,60.55359
s0070,47,0,21.488611
s0070,48,0,46.719154
s0070,49,0,36.35111
s0070,50,0,56.18815
s0070,51,0,51.690765
s0070,52,0,44.947357
s0070,53,0,53.170567
s0070,54,0,47.678547
s0070,55,0,68.187256
s0070,56,0,63.618053
s0070,57,0,63.42992
s0070,58,0,60.56363
s0070,59,0,68.11389
s0070,60,0,62.8709
s0070,61,0,61.31833
s0070,62,0,69.90772
s0070,63,0,69.33263
s0070,64,0,61.424267
s0070,65,0,60.21716
s0070,66,0,64.83377
s0070,67,0,63.906883
s0070,68,0,61.128723
s0070,69,0,65.8163
s0070,70,0,58.89175
s0070,71,0,63.985672
s0070,72,0,48.91967
s0070,73,0,77.62168
s0070,74,0,71.1587
s0070,75,0,79.7084
s0070,76,0,80.100044
s0070,77,0,78.47306
s0070,78,0,80.33053
s0070,79,0,80.05228
s0070,80,0,78.784035
s0070,81,0,76.031555
s0070,82,0,66.22078
s0070,83,0,62.04177
s0070,84,0,66.65345
s0070,85,0,68.364845
s0070,86,0,70.13093
s0070,87,0,65.267105
s0070,88,0,64.624176
s0070,89,0,65.76125
s0070,90,0,59.84706
s0070,91,0,72.44014
s0070,92,0,64.56868
s0070,93,0,66.048615
s0070,94,0,69.16137
s0070,95,0,73.92264
s0071,0,0,52.297867
s0071,1,0,47.75624
s0071,2,0,49.84281
s0071,3,0,43.45168
s0071,4,0,59.985626
s0071,5,0,58.452576
s0071,6,0,47.714294
s0071,7,0,58.563393
s0071,8,0,47.149525
s0071,9,0,54.072437
s0071,10,0,60.70367
s0071,11,0,66.31947
s0071,12,0,69.570145
s0071,13,0,66.59335
s0071,14,0,66.73074
s0071,15,0,72.06028
s0071,16,0,69.59284
s0071,17,0,62.57816
s0071,18,0,65.640945
s0071,19,0,60.124092
s0071,20,0,60.86639
s0071,21,0,66.348335
s0071,22,0,60.393208
s0071,23,0,65.05282
s0071,24,0,67.00596
s0071,25,0,71.15697
s0071,26,0,67.94417
s0071,27,0,68.08181
s0071,28,0,77.820885
s0071,29,0,61.630806
s0071,30,0,55.060055
s0071,31,0,62.056225
s0071,32,0,63.720173
s0071,33,0,46.387283
s0071,34,0,56.715107
s0071,35,0,46.22546
s0071,36,0,53.690327
s0071,37,0,50.56271
s0071,38,0,67.29799
s0071,39,0,58.414875
s0071,40,0,64.68974
s0071,41,0,44.135296
s0071,42,0,54.454582
s0071,43,0,60.23671
s0071,44,0,66.77202
s0071,45,0,43.070286
s0071,46,0,18.940105
s0071,47,0,72.91597
s0071,48,0,67.331245
s0071,49,0,52.756294
s0071,50,0,55.289856
s0071,51,0,54.635696
s0071,52,0,47.730087
s0071,53,0,62.099995
s0071,54,0,51.83715
s0071,55,0,63.67274
s0071,56,0,56.38314
s0071,57,0,60.231056
s0071,58,0,55.819115
s0071,59,0,62.222958
s0071,60,0,58.562717
s0071,61,0,66.10638
s0071,62,0,71.88134
s0071,63,0,74.331696
s0071,64,0,63.270363
s0071,65,0,69.049576
s0071,66,0,65.99249
s0071,67,0,62.601765
s0071,68,0,59.351044
s0071,69,0,70.65528
s0071,70,0,57.384796
s0071,71,0,68.4097
s0071,72,0,63.656227
s0071,73,0,63.21733
s0071,74,0,78.88875
s0071,75,0,79.59034
s0071,76,0,78.57179
s0071,77,0,79.54559
s0071,78,0,80.01606
s0071,79,0,79.067924
s0071,80,0,81.1358
s0071,81,0,76.67376
s0071,82,0,63.52073
s0071,83,0,64.0902
s0071,84,0,63.720917
s0071,85,0,72.05427
s0071,86,0,68.29835
s0071,87,0,59.44099
s0071,88,0,62.046463
s0071,89,0,59.674137
s0071,90,0,52.61986
s0071,91,0,64.690735
s0071,92,0,64.72745
s0071,93,0,65.24297
s0071,94,0,65.07801
s0071,95,0,65.594475
s0072,0,0,55.270943
s0072,1,0,46.90532
s0072,2,0,45.108273
s0072,3,0,47.38141
s0072,4,0,51.990414
s0072,5,0,51.91547
s0072,6,0,44.91246
s0072,7,0,52.190598
s0072,8,0,65.512184
s0072,9,0,58.807087
s0072,10,0,61.534843
s0072,11,0,59.42015
s0072,12,0,64.17646
s0072,13,0,71.7343
s0072,14,0,64.31972
s0072,15,0,69.01409
s0072,16,0,69.25151
s0072,17,0,70.07722
s0072,18,0,59.877335
s0072,19,0,66.12939
s0072,20,0,68.33648
s0072,21,0,64.40177
s0072,22,0,58.434837
s0072,23,0,63.36331
s0072,24,0,69.15548
s0072,25,0,68.630005
s0072,26,0,76.84974
s0072,27,0,61.62067
s0072,28,0,71.55474
s0072,29,0,70.94098
s0072,30,0,61.4527
s0072,31,0,66.47316
s0072,32,0,54.409317
s0072,33,0,50.227264
s0072,34,0,54.00832
s0072,35,0,55.214275
s0072,36,0,45.864296
s0072,37,0,47.795334
s0072,38,0,51.520596
s0072,39,0,63.873352
s0072,40,0,39.66026
s0072,41,0,66.06822
s0072,42,0,43.39202
s0072,43,0,60.28783
s0072,44,0,58.215027
s0072,45,0,46.81848
s0072,46,0,27.753899
s0072,47,0,33.81989
s0072,48,0,48.12545
s0072,49,0,42.009567
s0072,50,0,53.993923
s0072,51,0,43.85695
s0072,52,0,44.78766
s0072,53,0,60.97917
s0072,54,0,46.94155
s0072,55,0,46.80944
s0072,56,0,64.13147
s0072,57,0,62.738663
s0072,58,0,63.38833
s0072,59,0,69.09952
s0072,60,0,58.42328
s0072,61,0,62.575016
s0072,62,0,67.30042
s0072,63,0,68.13527
s0072,64,0,66.99494
s0072,65,0,65.82121
s0072,66,0,71.71257
s0072,67,0,61.25822
s0072,68,0,78.971016
s0072,69,0,63.929535
s0072,70,0,59.53109
s0072,71,0,60.87305
s0072,72,0,65.307045
s0072,73,0,72.65716
s0072,74,0,78.187836
s0072,75,0,79.24108
s0072,76,0,78.628784
s0072,77,0,80.665405
s0072,78,0,78.988365
s0072,79,0,78.331955
s0072,80,0,80.0076
s0072,81,0,79.230934
s0072,82,0,64.33599
s0072,83,0,61.609863
s0072,84,0,77.10169
s0072,85,0,69.26844
s0072,86,0,60.684498
s0072,87,0,60.497406
s0072,88,0,62.059246
s0072,89,0,53.129566
s0072,90,0,59.258335
s0072,91,0,66.623634
s0072,92,0,67.8671
s0072,93,0,71.13756
s0072,94,0,65.53978
s0072,95,0,70.074554
s0073,0,0,52.246582
s0073,1,0,45.1125
s0073,2,0,41.924267
s0073,3,0,53.240772
s0073,4,0,59.6269
s0073,5,0,55.61111
s0073,6,0,53.0178
s0073,7,0,59.141098
s0073,8,0,65.36006
s0073,9,0,61.139984
s0073,10,0,56.446445
s0073,11,0,69.08075
s0073,12,0,71.95547
s0073,13,0,66.33202
s0073,14,0,66.60973
s0073,15,0,65.90631
s0073,16,0,67.15076
s0073,17,0,64.92156
s0073,18,0,64.86331
s0073,19,0,71.15759
s0073,20,0,68.438995
s0073,21,0,66.408356
s0073,22,0,64.8303
s0073,23,0,66.40378
s0073,24,0,63.459972
s0073,25,0,68.7387
s0073,26,0,72.689255
s0073,27,0,62.740482
s0073,28,0,74.82813
s0073,29,0,61.477932
s0073,30,0,58.965897
s0073,31,0,65.56604
s0073,32,0,59.200176
s0073,33,0,59.531963
s0073,34,0,50.170547
s0073,35,0,50.332493
s0073,36,0,55.810947
s0073,37,0,61.32629
s0073,38,0,57.343086
s0073,39,0,54.030117
s0073,40,0,70.828995
s0073,41,0,40.50467
s0073,42,0,30.009108
s0073,43,0,34.13994
s0073,44,0,39.613697
s0073,45,0,46.426884
s0073,46,0,31.823822
s0073,47,0,58.40948
s0073,48,0,54.337383
s0073,49,0,57.974026
s0073,50,0,55.452766
s0073,51,0,57.353344
s0073,52,0,63.907513
s0073,53,0,39.708794
s0073,54,0,52.342
s0073,55,0,65.38135
s0073,56,0,53.061104
s0073,57,0,61.82336
s0073,58,0,61.014763
s0073,59,0,66.18616
s0073,60,0,56.34394
s0073,61,0,54.91377
s0073,62,0,69.78277
s0073,63,0,68.46893
s0073,64,0,68.393776
s0073,65,0,64.593376
s0073,66,0,67.73182
s0073,67,0,57.98184
s0073,68,0,64.77847
s0073,69,0,67.26535
s0073,70,0,62.09093
s0073,71,0,58.022465
s0073,72,0,60.534515
s0073,73,0,69.66337
s0073,74,0,75.497154
s0073,75,0,79.29895
s0073,76,0,80.199196
s0073,77,0,79.26221
s0073,78,0,76.92818
s0073,79,0,79.44787
s0073,80,0,79.769745
s0073,81,0,80.37496
s0073,82,0,72.09545
s0073,83,0,66.369385
s0073,84,0,65.83585
s0073,85,0,68.02223
s0073,86,0,64.57454
s0073,87,0,54.114983
s0073,88,0,70.21562
s0073,89,0,70.16183
s0073,90,0,62.204937
s0073,91,0,64.54174
s0073,92,0,78.73752
s0073,93,0,71.76569
s0073,94,0,75.4903
s0073,95,0,66.378914
s0074,0,0,49.27465
s0074,1,0,43.64806
s0074,2,0,42.282005
s0074,3,0,49.557564
s0074,4,0,54.7839
s0074,5,0,46.894833
s0074,6,0,55.591858
s0074,7,0,61.247486
s0074,8,0,58.63195
s0074,9,0,54.272793
s0074,10,0,55.7544
s0074,11,0,65.135994
s0074,12,0,66.33329
s0074,13,0,58.997902
s0074,14,0,68.2245
s0074,15,0,66.59211
s0074,16,0,60.726368
s0074,17,0,65.96052
s0074,18,0,61.174076
s0074,19,0,78.073814
s0074,20,0,68.49984
s0074,21,0,68.534966
s0074,22,0,44.72588
s0074,23,0,69.85435
s0074,24,0,69.76762
s0074,25,0,66.56282
s0074,26,0,71.225075
s0074,27,0,62.954384
s0074,28,0,69.84586
s0074,29,0,73.02455
s0074,30,0,69.0011
s0074,31,0,64.1584
s0074,32,0,58.55448
s0074,33,0,60.484653
s0074,34,0,50.185455
s0074,35,0,49.132614
s0074,36,0,42.738358
s0074,37,0,58.86364
s0074,38,0,47.456577
s0074,39,0,55.942
s0074,40,0,58.119408
s0074,41,0,49.81219
s0074,42,0,55.30961
s0074,43,0,67.48954
s0074,44,0,51.26286
s0074,45,0,67.00492
s0074,46,0,30.695263
s0074,47,0,27.010534
s0074,48,0,41.928806
s0074,49,0,56.880363
s0074,50,0,51.128643
s0074,51,0,39.145103
s0074,52,0,54.90983
s0074,53,0,56.299274
s0074,54,0,64.40018
s0074,55,0,53.25022
s0074,56,0,42.264744
s0074,57,0,55.69617
s0074,58,0,59.250248
s0074,59,0,63.42704
s0074,60,0,58.51977
s0074,61,0,57.826637
s0074,62,0,80.3168
s0074,63,0,69.8145
s0074,64,0,59.639503
s0074,65,0,58.712025
s0074,66,0,63.182224
s0074,67,0,75.14967
s0074,68,0,63.570118
s0074,69,0,58.473236
s0074,70,0,65.70567
s0074,71,0,57.347862
s0074,72,0,62.182327
s0074,73,0,71.52151
s0074,74,0,80.30895
s0074,75,0,79.29527
s0074,76,0,78.72054
s0074,77,0,79.17104
s0074,78,0,76.466446
s0074,79,0,80.0556
s0074,80,0,79.19925
s0074,81,0,78.14085
s0074,82,0,65.76973
s0074,83,0,68.998695
s0074,84,0,67.77857
s0074,85,0,71.315636
s0074,86,0,61.097954
s0074,87,0,59.590942
s0074,88,0,58.496952
s0074,89,0,65.01873
s0074,90,0,53.54156
s0074,91,0,68.18489
s0074,92,0,63.498985
s0074,93,0,79.130775
s0074,94,0,62.162704
s0074,95,0,72.10747
s0075,0,0,53.371437
s0075,1,0,51.238747
s0075,2,0,30.42376
s0075,3,0,44.778263
s0075,4,0,60.946068
s0075,5,0,48.112858
s0075,6,0,57.990494
s0075,7,0,48.010925
s0075,8,0,54.108063
s0075,9,0,55.15101
s0075,10,0,51.427612
s0075,11,0,59.006676
s0075,12,0,66.18468
s0075,13,0,60.28532
s0075,14,0,59.10072
s0075,15,0,64.73243
s0075,16,0,70.46255
s0075,17,0,61.72965
s0075,18,0,66.856926
s0075,19,0,63.324238
s0075,20,0,74.653305
s0075,21,0,66.80023
s0075,22,0,60.27211
s0075,23,0,68.45212
s0075,24,0,72.588776
s0075,25,0,68.56464
s0075,26,0,69.021866
s0075,27,0,59.10476
s0075,28,0,63.461037
s0075,29,0,65.82161
s0075,30,0,64.65098
s0075,31,0,61.02435
s0075,32,0,50.81128
s0075,33,0,51.676758
s0075,34,0,35.662487
s0075,35,0,43.208256
s0075,36,0,62.178123
s0075,37,0,48.51419
s0075,38,0,64.05863
s0075,39,0,42.566597
s0075,40,0,59.996597
s0075,41,0,60.52826
s0075,42,0,31.971004
s0075,43,0,44.40704
s0075,44,0,46.558853
s0075,45,0,46.449493
s0075,46,0,47.280113
s0075,47,0,44.50011
s0075,48,0,41.156876
s0075,49,0,44.5517
s0075,50,0,23.087692
s0075,51,0,54.477848
s0075,52,0,46.88005
s0075,53,0,52.95474
s0075,54,0,61.14654
s0075,55,0,57.008785
s0075,56,0,57.011665
s0075,57,0,65.86743
s0075,58,0,54.106808
s0075,59,0,59.92957
s0075,60,0,55.15741
s0075,61,0,62.891045
s0075,62,0,73.82754
s0075,63,0,67.70872
s0075,64,0,61.660465
s0075,65,0,65.10461
s0075,66,0,69.65975
s0075,67,0,60.456352
s0075,68,0,65.33805
s0075,69,0,53.924103
s0075,70,0,50.922943
s0075,71,0,55.42166
s0075,72,0,52.111107
s0075,73,0,68.669846
s0075,74,0,77.7528
s0075,75,0,78.66419
s0075,76,0,79.55811
s0075,77,0,78.81236
s0075,78,0,71.93101
s0075,79,0,79.501305
s0075,80,0,79.36156
s0075,81,0,80.55626
s0075,82,0,60.391384
s0075,83,0,64.02819
s0075,84,0,64.095146
s0075,85,0,63.03288
s0075,86,0,64.10318
s0075,87,0,65.25468
s0075,88,0,57.325024
s0075,89,0,56.744007
s0075,90,0,52.38189
s0075,91,0,72.40344
s0075,92,0,66.02526
s0075,93,0,65.56918
s0075,94,0,74.38408
s0075,95,0,69.56847
s0076,0,0,52.5577
s0076,1,0,52.56276
s0076,2,0,45.017227
s0076,3,0,41.425674
s0076,4,0,54.07461
s0076,5,0,55.716534
s0076,6,0,50.174717
s0076,7,0,52.08052
s0076,8,0,65.03462
s0076,9,0,61.38408
s0076,10,0,58.55597
s0076,11,0,65.12016
s0076,12,0,71.26688
s0076,13,0,59.13453
s0076,14,0,54.834476
s0076,15,0,65.28786
s0076,16,0,60.22941
s0076,17,0,64.73889
s0076,18,0,66.0544
s0076,19,0,58.70861
s0076,20,0,68.1113
s0076,21,0,67.600914
s0076,22,0,61.668518
s0076,23,0,72.91806
s0076,24,0,66.80504
s0076,25,0,64.73786
s0076,26,0,66.24199
s0076,27,0,69.8104
s0076,28,0,69.91908
s0076,29,0,66.13709
s0076,30,0,60.2256
s0076,31,0,66.631744
s0076,32,0,65.976494
s0076,33,0,58.230392
s0076,34,0,54.537697
s0076,35,0,52.714066
s0076,36,0,61.87758
s0076,37,0,51.938248
s0076,38,0,66.058426
s0076,39,0,42.630424
s0076,40,0,50.390354
s0076,41,0,45.654263
s0076,42,0,56.980022
s0076,43,0,28.889807
s0076,44,0,60.016914
s0076,45,0,48.63603
s0076,46,0,52.40778
s0076,47,0,71.272835
s0076,48,0,60.781967
s0076,49,0,42.927677
s0076,50,0,45.917843
s0076,51,0,48.476715
s0076,52,0,43.033253
s0076,53,0,47.42984
s0076,54,0,61.214096
s0076,55,0,64.66759
s0076,56,0,66.74356
s0076,57,0,69.5916
s0076,58,0,58.257694
s0076,59,0,70.10321
s0076,60,0,65.59319
s0076,61,0,64.28078
s0076,62,0,73.249344
s0076,63,0,71.05108
s0076,64,0,67.926254
s0076,65,0,61.25615
s0076,66,0,69.12429
s0076,67,0,64.42293
s0076,68,0,69.84364
s0076,69,0,63.02529
s0076,70,0,45.20984
s0076,71,0,56.43352
s0076,72,0,68.04128
s0076,73,0,80.802376
s0076,74,0,77.562546
s0076,75,0,79.98257
s0076,76,0,79.62943
s0076,77,0,80.62886
s0076,78,0,77.05845
s0076,79,0,80.02864
s0076,80,0,79.28781
s0076,81,0,79.288536
s0076,82,0,71.88889
s0076,83,0,65.79192
s0076,84,0,69.53045
s0076,85,0,79.27627
s0076,86,0,66.38872
s0076,87,0,69.2166
s0076,88,0,67.33369
s0076,89,0,64.46251
s0076,90,0,58.70624
s0076,91,0,67.23891
s0076,92,0,57.54104
s0076,93,0,66.33938
s0076,94,0,69.87642
s0076,95,0,60.01427
s0077,0,0,51.40393
s0077,1,0,53.8031
s0077,2,0,45.700485
s0077,3,0,51.90113
s0077,4,0,61.442295
s0077,5,0,52.78618
s0077,6,0,47.202168
s0077,7,0,59.35397
s0077,8,0,55.978107
s0077,9,0,57.90777
s0077,10,0,55.98642
s0077,11,0,62.619045
s0077,12,0,64.583984
s0077,13,0,61.610256
s0077,14,0,57.63859
s0077,15,0,71.41682
s0077,16,0,71.539215
s0077,17,0,66.091286
s0077,18,0,69.37602
s0077,19,0,65.616615
s0077,20,0,66.17184
s0077,21,0,66.38622
s0077,22,0,57.72997
s0077,23,0,73.19395
s0077,24,0,67.35227
s0077,25,0,59.621864
s0077,26,0,67.51097
s0077,27,0,61.00541
s0077,28,0,66.65855
s0077,29,0,67.66067
s0077,30,0,54.643036
s0077,31,0,62.231674
s0077,32,0,53.824757
s0077,33,0,55.06721
s0077,34,0,44.82491
s0077,35,0,49.90399
s0077,36,0,58.94727
s0077,37,0,58.108498
s0077,38,0,59.689915
s0077,39,0,48.001076
s0077,40,0,59.872658
s0077,41,0,34.245228
s0077,42,0,41.76496
s0077,43,0,60.89634
s0077,44,0,50.0304
s0077,45,0,49.428654
s0077,46,0,42.628204
s0077,47,0,38.165108
s0077,48,0,50.98796
s0077,49,0,56.117393
s0077,50,0,41.53209
s0077,51,0,42.710598
s0077,52,0,52.92131
s0077,53,0,47.256016
s0077,54,0,52.20801
s0077,55,0,57.343754
s0077,56,0,65.58116
s0077,57,0,54.124134
s0077,58,0,61.37526
s0077,59,0,71.92165
s0077,60,0,51.25463
s0077,61,0,56.70209
s0077,62,0,77.446304
s0077,63,0,65.727806
s0077,64,0,70.301895
s0077,65,0,67.1288
s0077,66,0,64.67973
s0077,67,0,68.92555
s0077,68,0,58.960632
s0077,69,0,59.581245
s0077,70,0,61.15228
s0077,71,0,59.30099
s0077,72,0,56.207687
s0077,73,0,70.38579
s0077,74,0,76.83403
s0077,75,0,78.341515
s0077,76,0,74.27719
s0077,77,0,79.47557
s0077,78,0,74.367226
s0077,79,0,79.0176
s0077,80,0,78.86317
s0077,81,0,77.48841
s0077,82,0,76.999825
s0077,83,0,65.018906
s0077,84,0,60.235687
s0077,85,0,68.7249
s0077,86,0,59.33444
s0077,87,0,67.38296
s0077,88,0,59.751957
s0077,89,0,60.318413
s0077,90,0,52.227413
s0077,91,0,66.25217
s0077,92,0,67.459564
s0077,93,0,68.514534
s0077,94,0,73.0625
s0077,95,0,53.45277
s0078,0,0,51.49814
s0078,1,0,47.41995
s0078,2,0,48.93312
s0078,3,0,49.15107
s0078,4,0,57.86844
s0078,5,0,48.138737
s0078,6,0,60.366432
s0078,7,0,55.874676
s0078,8,0,52.54961
s0078,9,0,60.535385
s0078,10,0,62.145542
s0078,11,0,67.999504
s0078,12,0,65.28385
s0078,13,0,64.736084
s0078,14,0,65.11985
s0078,15,0,71.336555
s0078,16,0,65.74931
s0078,17,0,63.979908
s0078,18,0,58.7775
s0078,19,0,58.90173
s0078,20,0,63.043327
s0078,21,0,64.87368
s0078,22,0,67.79538
s0078,23,0,67.99564
s0078,24,0,64.86371
s0078,25,0,69.33076
s0078,26,0,66.67406
s0078,27,0,68.36735
s0078,28,0,67.49825
s0078,29,0,69.918686
s0078,30,0,53.29911
s0078,31,0,62.960114
s0078,32,0,61.47407
s0078,33,0,52.399887
s0078,34,0,58.275295
s0078,35,0,51.603386
s0078,36,0,54.228153
s0078,37,0,58.661263
s0078,38,0,58.577797
s0078,39,0,55.249634
s0078,40,0,55.700176
s0078,41,0,51.72445
s0078,42,0,56.731823
s0078,43,0,50.093746
s0078,44,0,30.092064
s0078,45,0,63.585224
s0078,46,0,30.630104
s0078,47,0,36.2619
s0078,48,0,30.952936
s0078,49,0,41.292393
s0078,50,0,55.115234
s0078,51,0,41.78974
s0078,52,0,56.04654
s0078,53,0,48.658535
s0078,54,0,53.62185
s0078,55,0,55.66505
s0078,56,0,52.802876
s0078,57,0,70.16597
s0078,58,0,59.092026
s0078,59,0,73.73848
s0078,60,0,63.438805
s0078,61,0,56.778843
s0078,62,0,76.91838
s0078,63,0,77.72267
s0078,64,0,65.34427
s0078,65,0,69.889626
s0078,66,0,65.36302
s0078,67,0,57.614796
s0078,68,0,70.61872
s0078,69,0,70.40841
s0078,70,0,45.9157
s0078,71,0,67.02351
s0078,72,0,53.629906
s0078,73,0,66.39515
s0078,74,0,77.939896
s0078,75,0,79.856766
s0078,76,0,79.096794
s0078,77,0,79.57092
s0078,78,0,79.997475
s0078,79,0,80.502815
s0078,80,0,80.185036
s0078,81,0,79.323395
s0078,82,0,70.051636
s0078,83,0,74.36668
s0078,84,0,70.51756
s0078,85,0,69.23949
s0078,86,0,68.48749
s0078,87,0,64.56921
s0078,88,0,66.05103
s0078,89,0,59.088047
s0078,90,0,49.050724
s0078,91,0,67.09219
s0078,92,0,74.40509
s0078,93,0,70.254814
s0078,94,0,72.54836
s0078,95,0,67.37363
s0079,0,0,56.933197
s0079,1,0,50.507053
s0079,2,0,45.818916
s0079,3,0,44.481342
s0079,4,0,59.087185
s0079,5,0,51.139923
s0079,6,0,62.146454
s0079,7,0,55.78021
s0079,8,0,61.010246
s0079,9,0,58.131645
s0079,10,0,61.380585
s0079,11,0,61.610443
s0079,12,0,68.17259
s0079,13,0,72.29963
s0079,14,0,54.653133
s0079,15,0,57.456955
s0079,16,0,69.62736
s0079,17,0,57.844986
s0079,18,0,62.193848
s0079,19,0,62.688953
s0079,20,0,71.23745
s0079,21,0,62.488968
s0079,22,0,65.23814
s0079,23,0,70.547676
s0079,24,0,65.63236
s0079,25,0,71.091866
s0079,26,0,69.66464
s0079,27,0,65.47197
s0079,28,0,66.259445
s0079,29,0,67.664825
s0079,30,0,60.549816
s0079,31,0,65.03358
s0079,32,0,63.835056
s0079,33,0,67.48133
s0079,34,0,51.01465
s0079,35,0,58.318974
s0079,36,0,59.806892
s0079,37,0,48.34061
s0079,38,0,49.609753
s0079,39,0,46.54817
s0079,40,0,52.989178
s0079,41,0,51.525955
s0079,42,0,28.264513
s0079,43,0,59.033295
s0079,44,0,55.070023
s0079,45,0,40.305016
s0079,46,0,33.385914
s0079,47,0,41.88634
s0079,48,0,41.545345
s0079,49,0,52.84528
s0079,50,0,42.363285
s0079,51,0,48.06995
s0079,52,0,48.5963
s0079,53,0,58.28494
s0079,54,0,50.81208
s0079,55,0,61.976032
s0079,56,0,64.69109
s0079,57,0,55.622734
s0079,58,0,59.401417
s0079,59,0,65.189156
s0079,60,0,56.827576
s0079,61,0,62.74518
s0079,62,0,74.31389
s0079,63,0,76.95206
s0079,64,0,60.36581
s0079,65,0,53.03882
s0079,66,0,73.86571
s0079,67,0,67.78883
s0079,68,0,60.265965
s0079,69,0,64.47725
s0079,70,0,64.62134
s0079,71,0,56.89091
s0079,72,0,71.0008
s0079,73,0,72.23102
s0079,74,0,78.03269
s0079,75,0,78.90607
s0079,76,0,79.59694
s0079,77,0,75.83362
s0079,78,0,78.23133
s0079,79,0,79.37556
s0079,80,0,79.18129
s0079,81,0,79.20503
s0079,82,0,69.128746
s0079,83,0,62.504864
s0079,84,0,65.795
s0079,85,0,73.502815
s0079,86,0,65.26817
s0079,87,0,52.346745
s0079,88,0,58.710075
s0079,89,0,60.358643
s0079,90,0,60.555687
s0079,91,0,73.80261
s0079,92,0,60.17542
s0079,93,0,76.58676
s0079,94,0,68.05289
s0079,95,0,66.65516
s0080,0,0,59.883183
s0080,1,0,59.503117
s0080,2,0,48.003345
s0080,3,0,50.64571
s0080,4,0,56.64793
s0080,5,0,60.3338
s0080,6,0,55.79023
s0080,7,0,50.894947
s0080,8,0,63.900898
s0080,9,0,67.53093
s0080,10,0,73.13891
s0080,11,0,68.67005
s0080,12,0,72.64275
s0080,13,0,67.41251
s0080,14,0,68.83608
s0080,15,0,67.82424
s0080,16,0,64.72333
s0080,17,0,64.37579
s0080,18,0,65.21961
s0080,19,0,60.813328
s0080,20,0,61.800488
s0080,21,0,64.14173
s0080,22,0,72.13442
s0080,23,0,69.31876
s0080,24,0,70.689125
s0080,25,0,69.63292
s0080,26,0,72.52054
s0080,27,0,75.547104
s0080,28,0,63.18579
s0080,29,0,63.585262
s0080,30,0,69.52268
s0080,31,0,61.703423
s0080,32,0,60.021957
s0080,33,0,56.20609
s0080,34,0,51.860214
s0080,35,0,50.930447
s0080,36,0,61.082813
s0080,37,0,62.69579
s0080,38,0,58.737755
s0080,39,0,63.467426
s0080,40,0,51.77624
s0080,41,0,56.254597
s0080,42,0,52.366276
s0080,43,0,58.70914
s0080,44,0,35.313118
s0080,45,0,74.03679
s0080,46,0,44.32781
s0080,47,0,52.063793
s0080,48,0,72.2125
s0080,49,0,46.29759
s0080,50,0,42.217777
s0080,51,0,63.769814
s0080,52,0,74.56637
s0080,53,0,49.175495
s0080,54,0,52.086678
s0080,55,0,52.00726
s0080,56,0,50.310314
s0080,57,0,66.40934
s0080,58,0,63.718494
s0080,59,0,65.47733
s0080,60,0,64.683525
s0080,61,0,71.27654
s0080,62,0,76.407135
s0080,63,0,69.55507
s0080,64,0,66.7787
s0080,65,0,70.94725
s0080,66,0,66.328964
s0080,67,0,75.37356
s0080,68,0,68.969635
s0080,69,0,64.589455
s0080,70,0,54.37122
s0080,71,0,65.52716
s0080,72,0,68.34408
s0080,73,0,74.52099
s0080,74,0,79.36909
s0080,75,0,80.48653
s0080,76,0,80.26307
s0080,77,0,81.60177
s0080,78,0,77.559746
s0080,79,0,84.89267
s0080,80,0,79.17357
s0080,81,0,79.909325
s0080,82,0,63.437073
s0080,83,0,70.90289
s0080,84,0,70.86994
s0080,85,0,75.13094
s0080,86,0,68.178246
s0080,87,0,61.565243
s0080,88,0,68.74966
s0080,89,0,67.30032
s0080,90,0,66.41529
s0080,91,0,72.59321
s0080,92,0,71.04828
s0080,93,0,74.14361
s0080,94,0,74.771576
s0080,95,0,78.458565
s0081,0,0,57.632618
s0081,1,0,50.221886
s0081,2,0,47.80951
s0081,3,0,54.43012
s0081,4,0,51.785378
s0081,5,0,26.302853
s0081,6,0,58.326256
s0081,7,0,52.89322
s0081,8,0,60.283024
s0081,9,0,61.061745
s0081,10,0,61.06514
s0081,11,0,63.930004
s0081,12,0,70.86653
s0081,13,0,64.55616
s0081,14,0,59.529835
s0081,15,0,69.083496
s0081,16,0,64.39914
s0081,17,0,72.129715
s0081,18,0,69.08359
s0081,19,0,59.16411
s0081,20,0,66.60013
s0081,21,0,66.08671
s0081,22,0,68.265785
s0081,23,0,70.967735
s0081,24,0,73.34375
s0081,25,0,80.4348
s0081,26,0,72.36264
s0081,27,0,60.573868
s0081,28,0,69.18762
s0081,29,0,75.11704
s0081,30,0,56.08215
s0081,31,0,65.78924
s0081,32,0,59.050556
s0081,33,0,47.919426
s0081,34,0,48.323586
s0081,35,0,61.622204
s0081,36,0,49.660168
s0081,37,0,74.29568
s0081,38,0,66.65047
s0081,39,0,37.17933
s0081,40,0,55.834282
s0081,41,0,57.543854
s0081,42,0,54.21083
s0081,43,0,56.34475
s0081,44,0,49.884697
s0081,45,0,55.412712
s0081,46,0,56.36652
s0081,47,0,28.480211
s0081,48,0,79.58389
s0081,49,0,65.32841
s0081,50,0,53.338394
s0081,51,0,57.2296
s0081,52,0,48.67026
s0081,53,0,45.049843
s0081,54,0,33.415672
s0081,55,0,61.740414
s0081,56,0,57.90997
s0081,57,0,61.688644
s0081,58,0,58.64419
s0081,59,0,65.59463
s0081,60,0,62.813553
s0081,61,0,63.656307
s0081,62,0,70.22951
s0081,63,0,75.82806
s0081,64,0,73.49959
s0081,65,0,68.46838
s0081,66,0,70.83172
s0081,67,0,65.261925
s0081,68,0,63.44064
s0081,69,0,71.42786
s0081,70,0,59.102123
s0081,71,0,57.864708
s0081,72,0,65.00032
s0081,73,0,66.24265
s0081,74,0,83.60805
s0081,75,0,79.28865
s0081,76,0,80.07674
s0081,77,0,79.89361
s0081,78,0,81.632454
s0081,79,0,79.2738
s0081,80,0,79.95875
s0081,81,0,76.563995
s0081,82,0,73.29173
s0081,83,0,60.42272
s0081,84,0,72.526665
s0081,85,0,72.7376
s0081,86,0,66.605835
s0081,87,0,59.18411
s0081,88,0,67.16382
s0081,89,0,61.16099
s0081,90,0,59.705593
s0081,91,0,67.5095
s0081,92,0,71.233246
s0081,93,0,64.09479
s0081,94,0,67.493515
s0081,95,0,66.435974
s0082,0,0,36.456696
s0082,1,0,44.24093
s0082,2,0,34.154037
s0082,3,0,38.779827
s0082,4,0,45.42447
s0082,5,0,42.352478
s0082,6,0,49.54542
s0082,7,0,46.988255
s0082,8,0,48.34579
s0082,9,0,50.323116
s0082,10,0,54.03449
s0082,11,0,54.06879
s0082,12,0,63.113888
s0082,13,0,77.81693
s0082,14,0,58.427837
s0082,15,0,61.886486
s0082,16,0,60.849518
s0082,17,0,64.75305
s0082,18,0,62.027218
s0082,19,0,56.970543
s0082,20,0,65.20615
s0082,21,0,60.061237
s0082,22,0,66.16197
s0082,23,0,69.15203
s0082,24,0,68.81064
s0082,25,0,63.168144
s0082,26,0,60.033276
s0082,27,0,59.55704
s0082,28,0,65.12644
s0082,29,0,69.518845
s0082,30,0,61.623817
s0082,31,0,61.8124
s0082,32,0,50.075993
s0082,33,0,55.2053
s0082,34,0,47.044273
s0082,35,0,60.71903
s0082,36,0,46.16819
s0082,37,0,49.965183
s0082,38,0,36.949512
s0082,39,0,58.568256
s0082,40,0,53.47888
s0082,41,0,48.355675
s0082,42,0,37.55801
s0082,43,0,43.891083
s0082,44,0,58.17857
s0082,45,0,33.92652
s0082,46,0,47.51879
s0082,47,0,16.10618
s0082,48,0,37.160004
s0082,49,0,39.21741
s0082,50,0,44.271492
s0082,51,0,51.2125
s0082,52,0,50.993332
s0082,53,0,58.932663
s0082,54,0,56.209614
s0082,55,0,52.177856
s0082,56,0,65.768616
s0082,57,0,70.254654
s0082,58,0,57.76737
s0082,59,0,67.65144
s0082,60,0,60.604813
s0082,61,0,56.45471
s0082,62,0,73.664246
s0082,63,0,64.54608
s0082,64,0,56.81827
s0082,65,0,64.60099
s0082,66,0,59.977264
s0082,67,0,55.827976
s0082,68,0,57.871414
s0082,69,0,62.00309
s0082,70,0,51.00813
s0082,71,0,58.556225
s0082,72,0,56.445984
s0082,73,0,64.90436
s0082,74,0,69.99455
s0082,75,0,78.96185
s0082,76,0,79.0901
s0082,77,0,78.73788
s0082,78,0,75.51826
s0082,79,0,78.3431
s0082,80,0,78.771034
s0082,81,0,76.664925
s0082,82,0,59.161457
s0082,83,0,58.013657
s0082,84,0,58.57187
s0082,85,0,53.13215
s0082,86,0,61.65019
s0082,87,0,57.00358
s0082,88,0,54.55177
s0082,89,0,62.924603
s0082,90,0,58.25447
s0082,91,0,69.97212
s0082,92,0,63.03587
s0082,93,0,56.273113
s0082,94,0,71.564865
s0082,95,0,62.99354
s0083,0,0,51.531754
s0083,1,0,48.826984
s0083,2,0,38.418095
s0083,3,0,49.130047
s0083,4,0,63.35262
s0083,5,0,54.99425
s0083,6,0,39.948124
s0083,7,0,48.466206
s0083,8,0,67.739204
s0083,9,0,57.892487
s0083,10,0,60.589733
s0083,11,0,56.461956
s0083,12,0,71.657234
s0083,13,0,64.437416
s0083,14,0,68.10586
s0083,15,0,56.48124
s0083,16,0,63.366302
s0083,17,0,57.09415
s0083,18,0,64.62541
s0083,19,0,69.82543
s0083,20,0,73.59793
s0083,21,0,76.44518
s0083,22,0,66.382614
s0083,23,0,71.606316
s0083,24,0,68.5306
s0083,25,0,76.73964
s0083,26,0,79.16774
s0083,27,0,77.691666
s0083,28,0,73.052925
s0083,29,0,67.850204
s0083,30,0,59.52882
s0083,31,0,60.25156
s0083,32,0,67.48087
s0083,33,0,57.180737
s0083,34,0,52.489765
s0083,35,0,54.380108
s0083,36,0,58.546223
s0083,37,0,49.907166
s0083,38,0,67.6814
s0083,39,0,55.004665
s0083,40,0,69.818405
s0083,41,0,44.47859
s0083,42,0,42.412056
s0083,43,0,63.29407
s0083,44,0,48.586494
s0083,45,0,53.23569
s0083,46,0,41.86168
s0083,47,0,58.40459
s0083,48,0,68.95744
s0083,49,0,58.92079
s0083,50,0,43.431232
s0083,51,0,37.876076
s0083,52,0,58.741966
s0083,53,0,49.003017
s0083,54,0,66.991615
s0083,55,0,56.76179
s0083,56,0,61.564793
s0083,57,0,73.22379
s0083,58,0,57.0466
s0083,59,0,67.72409
s0083,60,0,57.547905
s0083,61,0,66.465385
s0083,62,0,82.339584
s0083,63,0,72.47588
s0083,64,0,69.24705
s0083,65,0,64.57463
s0083,66,0,69.988884
s0083,67,0,64.606964
s0083,68,0,61.28928
s0083,69,0,77.615524
s0083,70,0,54.4853
s0083,71,0,74.13239
s0083,72,0,58.16732
s0083,73,0,74.11694
s0083,74,0,79.20841
s0083,75,0,76.429955
s0083,76,0,79.19445
s0083,77,0,79.14087
s0083,78,0,77.29582
s0083,79,0,78.95653
s0083,80,0,79.48273
s0083,81,0,76.109604
s0083,82,0,72.154655
s0083,83,0,58.323364
s0083,84,0,65.82218
s0083,85,0,71.86113
s0083,86,0,68.52705
s0083,87,0,60.735565
s0083,88,0,69.413765
s0083,89,0,65.17696
s0083,90,0,53.54962
s0083,91,0,66.210625
s0083,92,0,68.496666
s0083,93,0,73.81576
s0083,94,0,65.31125
s0083,95,0,65.310616
s0084,0,0,51.879086
s0084,1,0,47.14148
s0084,2,0,46.539734
s0084,3,0,41.338474
s0084,4,0,58.068512
s0084,5,0,54.78016
s0084,6,0,57.83307
s0084,7,0,54.7152
s0084,8,0,56.203922
s0084,9,0,54.098427
s0084,10,0,61.258255
s0084,11,0,68.851456
s0084,12,0,68.73503
s0084,13,0,63.140816
s0084,14,0,69.54895
s0084,15,0,65.8021
s0084,16,0,67.73055
s0084,17,0,70.00455
s0084,18,0,73.27194
s0084,19,0,62.44133
s0084,20,0,77.41584
s0084,21,0,68.39145
s0084,22,0,66.68648
s0084,23,0,74.721756
s0084,24,0,72.867615
s0084,25,0,75.73058
s0084,26,0,70.222015
s0084,27,0,60.996674
s0084,28,0,80.88681
s0084,29,0,69.41825
s0084,30,0,56.99787
s0084,31,0,62.052498
s0084,32,0,62.161896
s0084,33,0,59.565598
s0084,34,0,56.617924
s0084,35,0,49.20929
s0084,36,0,61.288933
s0084,37,0,54.35329
s0084,38,0,54.63172
s0084,39,0,54.07579
s0084,40,0,59.157333
s0084,41,0,47.25728
s0084,42,0,41.196503
s0084,43,0,52.535652
s0084,44,0,69.15399
s0084,45,0,42.057476
s0084,46,0,58.596527
s0084,47,0,50.13323
s0084,48,0,44.35083
s0084,49,0,60.216118
s0084,50,0,69.41198
s0084,51,0,59.105488
s0084,52,0,54.047424
s0084,53,0,41.206818
s0084,54,0,46.45748
s0084,55,0,64.11768
s0084,56,0,37.06254
s0084,57,0,62.90005
s0084,58,0,61.826187
s0084,59,0,69.20274
s0084,60,0,53.921516
s0084,61,0,58.548557
s0084,62,0,66.70735
s0084,63,0,72.60175
s0084,64,0,72.45621
s0084,65,0,77.76152
s0084,66,0,79.44464
s0084,67,0,61.986267
s0084,68,0,71.578705
s0084,69,0,58.775677
s0084,70,0,54.50896
s0084,71,0,59.4354
s0084,72,0,66.201
s0084,73,0,65.36315
s0084,74,0,81.14836
s0084,75,0,78.79702
s0084,76,0,80.25733
s0084,77,0,79.71141
s0084,78,0,79.54975
s0084,79,0,78.77555
s0084,80,0,79.714554
s0084,81,0,79.2817
s0084,82,0,60.289658
s0084,83,0,65.32129
s0084,84,0,69.24548
s0084,85,0,66.31234
s0084,86,0,62.617245
s0084,87,0,60.894966
s0084,88,0,61.457962
s0084,89,0,64.64337
s0084,90,0,62.386406
s0084,91,0,67.28895
s0084,92,0,65.01021
s0084,93,0,71.34292
s0084,94,0,72.11454
s0084,95,0,62.06445
s0085,0,0,54.554108
s0085,1,0,45.455715
s0085,2,0,42.872337
s0085,3,0,43.80512
s0085,4,0,58.047935
s0085,5,0,50.78151
s0085,6,0,58.01891
s0085,7,0,60.535683
s0085,8,0,61.38229
s0085,9,0,58.867367
s0085,10,0,61.990547
s0085,11,0,63.646236
s0085,12,0,76.222275
s0085,13,0,63.643917
s0085,14,0,61.073307
s0085,15,0,68.724846
s0085,16,0,62.20809
s0085,17,0,65.84321
s0085,18,0,63.050606
s0085,19,0,64.31315
s0085,20,0,67.74347
s0085,21,0,64.18317
s0085,22,0,55.55869
s0085,23,0,65.6624
s0085,24,0,66.84449
s0085,25,0,67.59522
s0085,26,0,62.55726
s0085,27,0,65.440125
s0085,28,0,68.74219
s0085,29,0,67.495056
s0085,30,0,41.49224
s0085,31,0,59.155495
s0085,32,0,60.65046
s0085,33,0,49.55041
s0085,34,0,55.63641
s0085,35,0,61.33352
s0085,36,0,58.495705
s0085,37,0,57.351418
s0085,38,0,58.07231
s0085,39,0,49.665356
s0085,40,0,43.936947
s0085,41,0,52.237877
s0085,42,0,60.508183
s0085,43,0,46.078926
s0085,44,0,55.58701
s0085,45,0,40.7111
s0085,46,0,37.53184
s0085,47,0,56.640343
s0085,48,0,45.210785
s0085,49,0,40.09954
s0085,50,0,56.014206
s0085,51,0,67.77413
s0085,52,0,64.21681
s0085,53,0,45.737434
s0085,54,0,43.443424
s0085,55,0,53.995136
s0085,56,0,60.697273
s0085,57,0,63.61734
s0085,58,0,59.262093
s0085,59,0,60.585266
s0085,60,0,69.53148
s0085,61,0,70.12721
s0085,62,0,77.375656
s0085,63,0,74.514946
s0085,64,0,56.550583
s0085,65,0,67.46749
s0085,66,0,73.76398
s0085,67,0,59.60833
s0085,68,0,66.72405
s0085,69,0,58.243427
s0085,70,0,61.39173
s0085,71,0,56.571026
s0085,72,0,63.257397
s0085,73,0,77.59052
s0085,74,0,73.82288
s0085,75,0,79.95238
s0085,76,0,79.41687
s0085,77,0,83.54396
s0085,78,0,75.66277
s0085,79,0,79.37189
s0085,80,0,80.37677
s0085,81,0,79.9315
s0085,82,0,71.66068
s0085,83,0,62.79254
s0085,84,0,69.69318
s0085,85,0,62.078224
s0085,86,0,59.878784
s0085,87,0,62.019814
s0085,88,0,55.455284
s0085,89,0,61.866234
s0085,90,0,62.64812
s0085,91,0,67.127525
s0085,92,0,58.378952
s0085,93,0,69.19905
s0085,94,0,70.09872
s0085,95,0,69.306564
s0086,0,0,55.98403
s0086,1,0,50.458385
s0086,2,0,45.05746
s0086,3,0,43.125206
s0086,4,0,48.44176
s0086,5,0,52.611637
s0086,6,0,58.521534
s0086,7,0,56.008595
s0086,8,0,58.71105
s0086,9,0,58.661682
s0086,10,0,62.24563
s0086,11,0,66.4377
s0086,12,0,57.517056
s0086,13,0,62.40182
s0086,14,0,67.45781
s0086,15,0,60.37615
s0086,16,0,64.96271
s0086,17,0,67.41715
s0086,18,0,62.29719
s0086,19,0,68.88835
s0086,20,0,70.0489
s0086,21,0,61.902103
s0086,22,0,47.511745
s0086,23,0,61.43229
s0086,24,0,63.316204
s0086,25,0,63.262913
s0086,26,0,67.58054
s0086,27,0,62.79576
s0086,28,0,67.91939
s0086,29,0,74.689415
s0086,30,0,51.908356
s0086,31,0,57.16059
s0086,32,0,67.98862
s0086,33,0,58.065105
s0086,34,0,55.89294
s0086,35,0,55.66465
s0086,36,0,44.447647
s0086,37,0,60.994194
s0086,38,0,44.163727
s0086,39,0,59.527866
s0086,40,0,79.45303
s0086,41,0,51.89246
s0086,42,0,44.573727
s0086,43,0,67.887344
s0086,44,0,50.598892
s0086,45,0,40.724445
s0086,46,0,32.975735
s0086,47,0,52.24396
s0086,48,0,23.17861
s0086,49,0,52.009968
s0086,50,0,47.87536
s0086,51,0,57.986423
s0086,52,0,57.563004
s0086,53,0,49.355896
s0086,54,0,46.2669
s0086,55,0,63.760197
s0086,56,0,51.3458
s0086,57,0,64.190384
s0086,58,0,60.828026
s0086,59,0,67.75744
s0086,60,0,58.66672
s0086,61,0,65.15277
s0086,62,0,66.99047
s0086,63,0,72.2321
s0086,64,0,71.215744
s0086,65,0,72.21785
s0086,66,0,68.59278
s0086,67,0,68.017944
s0086,68,0,67.524124
s0086,69,0,68.780304
s0086,70,0,57.056168
s0086,71,0,52.536358
s0086,72,0,68.37678
s0086,73,0,71.28445
s0086,74,0,75.48969
s0086,75,0,79.51597
s0086,76,0,79.462814
s0086,77,0,79.172585
s0086,78,0,77.04687
s0086,79,0,78.86208
s0086,80,0,78.929794
s0086,81,0,78.38621
s0086,82,0,67.6915
s0086,83,0,65.411736
s0086,84,0,69.01786
s0086,85,0,74.42878
s0086,86,0,65.32426
s0086,87,0,65.46105
s0086,88,0,54.113205
s0086,89,0,76.47179
s0086,90,0,62.32838
s0086,91,0,71.07686
s0086,92,0,75.48569
s0086,93,0,70.863365
s0086,94,0,63.65893
s0086,95,0,65.827675
s0087,0,0,55.323643
s0087,1,0,46.91132
s0087,2,0,41.340954
s0087,3,0,50.3444
s0087,4,0,50.451572
s0087,5,0,51.382236
s0087,6,0,41.72827
s0087,7,0,57.543865
s0087,8,0,59.350067
s0087,9,0,58.51436
s0087,10,0,54.654488
s0087,11,0,67.81465
s0087,12,0,60.60644
s0087,13,0,67.95837
s0087,14,0,66.41459
s0087,15,0,76.5356
s0087,16,0,63.669983
s0087,17,0,67.69213
s0087,18,0,64.561676
s0087,19,0,63.343693
s0087,20,0,73.84899
s0087,21,0,72.050865
s0087,22,0,64.37111
s0087,23,0,64.52684
s0087,24,0,72.71638
s0087,25,0,61.392147
s0087,26,0,68.05058
s0087,27,0,72.70979
s0087,28,0,70.32272
s0087,29,0,65.39532
s0087,30,0,52.685265
s0087,31,0,61.96496
s0087,32,0,44.612522
s0087,33,0,42.04714
s0087,34,0,53.98526
s0087,35,0,44.66166
s0087,36,0,53.56909
s0087,37,0,53.52921
s0087,38,0,62.121773
s0087,39,0,54.566372
s0087,40,0,47.86594
s0087,41,0,55.10486
s0087,42,0,49.779312
s0087,43,0,36.747833
s0087,44,0,46.238514
s0087,45,0,53.433014
s0087,46,0,53.34612
s0087,47,0,55.815735
s0087,48,0,53.555576
s0087,49,0,50.81752
s0087,50,0,48.624653
s0087,51,0,40.876408
s0087,52,0,63.669926
s0087,53,0,40.847027
s0087,54,0,58.98174
s0087,55,0,50.532818
s0087,56,0,60.670113
s0087,57,0,60.647568
s0087,58,0,63.278305
s0087,59,0,63.382008
s0087,60,0,60.210377
s0087,61,0,58.914536
s0087,62,0,69.896736
s0087,63,0,68.43736
s0087,64,0,66.04012
s0087,65,0,65.42572
s0087,66,0,71.8102
s0087,67,0,63.92204
s0087,68,0,68.936775
s0087,69,0,54.286423
s0087,70,0,48.101883
s0087,71,0,65.538
s0087,72,0,62.675354
s0087,73,0,64.64973
s0087,74,0,82.148705
s0087,75,0,80.52564
s0087,76,0,77.74755
s0087,77,0,80.258514
s0087,78,0,79.40579
s0087,79,0,78.16722
s0087,80,0,79.00492
s0087,81,0,76.63264
s0087,82,0,69.19828
s0087,83,0,60.599045
s0087,84,0,60.40412
s0087,85,0,74.765305
s0087,86,0,56.504646
s0087,87,0,73.28255
s0087,88,0,51.181065
s0087,89,0,59.36769
s0087,90,0,57.712452
s0087,91,0,72.60813
s0087,92,0,66.5743
s0087,93,0,70.300674
s0087,94,0,68.4193
s0087,95,0,61.364487
s0088,0,0,56.58514
s0088,1,0,54.897873
s0088,2,0,48.92487
s0088,3,0,42.65976
s0088,4,0,49.113247
s0088,5,0,59.339115
s0088,6,0,57.312813
s0088,7,0,62.931934
s0088,8,0,67.026
s0088,9,0,46.316704
s0088,10,0,59.10299
s0088,11,0,61.52304
s0088,12,0,67.536316
s0088,13,0,65.69645
s0088,14,0,66.38417
s0088,15,0,59.62707
s0088,16,0,63.873814
s0088,17,0,69.96453
s0088,18,0,63.258766
s0088,19,0,63.599102
s0088,20,0,64.51296
s0088,21,0,61.56931
s0088,22,0,67.29564
s0088,23,0,69.81719
s0088,24,0,74.08107
s0088,25,0,66.39575
s0088,26,0,72.98839
s0088,27,0,69.61327
s0088,28,0,75.48313
s0088,29,0,65.082466
s0088,30,0,67.53169
s0088,31,0,62.761295
s0088,32,0,56.03779
s0088,33,0,46.490055
s0088,34,0,53.971966
s0088,35,0,46.902203
s0088,36,0,37.026752
s0088,37,0,55.343224
s0088,38,0,58.61146
s0088,39,0,46.19771
s0088,40,0,77.71682
s0088,41,0,39.34226
s0088,42,0,49.499035
s0088,43,0,51.386932
s0088,44,0,62.704784
s0088,45,0,52.57806
s0088,46,0,28.90276
s0088,47,0,31.241592
s0088,48,0,23.446918
s0088,49,0,62.507233
s0088,50,0,43.006657
s0088,51,0,56.038197
s0088,52,0,57.987926
s0088,53,0,54.269897
s0088,54,0,46.099598
s0088,55,0,53.199833
s0088,56,0,64.85092
s0088,57,0,58.96405
s0088,58,0,49.434208
s0088,59,0,64.5653
s0088,60,0,62.791252
s0088,61,0,56.718513
s0088,62,0,67.33609
s0088,63,0,65.21991
s0088,64,0,65.91325
s0088,65,0,68.79361
s0088,66,0,73.62166
s0088,67,0,64.371765
s0088,68,0,67.2709
s0088,69,0,60.33659
s0088,70,0,58.04387
s0088,71,0,55.07018
s0088,72,0,58.22271
s0088,73,0,68.94829
s0088,74,0,76.76004
s0088,75,0,78.94197
s0088,76,0,79.71214
s0088,77,0,79.067665
s0088,78,0,78.83401
s0088,79,0,78.68835
s0088,80,0,79.28072
s0088,81,0,79.87593
s0088,82,0,77.031876
s0088,83,0,65.6702
s0088,84,0,59.321354
s0088,85,0,78.281235
s0088,86,0,74.993
s0088,87,0,56.996216
s0088,88,0,54.904434
s0088,89,0,73.60918
s0088,90,0,58.291664
s0088,91,0,76.003204
s0088,92,0,62.32136
s0088,93,0,62.551594
s0088,94,0,57.81401
s0088,95,0,63.43573
s0089,0,0,57.116077
s0089,1,0,54.7456
s0089,2,0,39.693092
s0089,3,0,55.022438
s0089,4,0,48.188316
s0089,5,0,54.872814
s0089,6,0,54.275665
s0089,7,0,57.18818
s0089,8,0,58.721493
s0089,9,0,57.695004
s0089,10,0,52.472805
s0089,11,0,64.881325
s0089,12,0,62.108387
s0089,13,0,61.352303
s0089,14,0,64.50026
s0089,15,0,62.49216
s0089,16,0,62.551323
s0089,17,0,64.792404
s0089,18,0,61.23195
s0089,19,0,66.58385
s0089,20,0,65.369545
s0089,21,0,77.4369
s0089,22,0,71.3617
s0089,23,0,68.18844
s0089,24,0,109.27785
s0089,25,0,69.07058
s0089,26,0,73.60344
s0089,27,0,68.214745
s0089,28,0,68.26403
s0089,29,0,69.33603
s0089,30,0,56.48814
s0089,31,0,67.337555
s0089,32,0,53.42177
s0089,33,0,53.962975
s0089,34,0,41.43662
s0089,35,0,54.668915
s0089,36,0,39.92201
s0089,37,0,60.478733
s0089,38,0,61.407654
s0089,39,0,49.292282
s0089,40,0,60.143703
s0089,41,0,48.338455
s0089,42,0,56.054405
s0089,43,0,52.781635
s0089,44,0,69.19926
s0089,45,0,48.290333
s0089,46,0,55.202885
s0089,47,0,46.505714
s0089,48,0,51.162643
s0089,49,0,42.426567
s0089,50,0,33.11416
s0089,51,0,61.253315
s0089,52,0,54.90563
s0089,53,0,98.30151
s0089,54,0,55.298065
s0089,55,0,54.059593
s0089,56,0,55.90122
s0089,57,0,62.827984
s0089,58,0,57.13914
s0089,59,0,62.76228
s0089,60,0,63.915176
s0089,61,0,54.87981
s0089,62,0,71.79626
s0089,63,0,69.137115
s0089,64,0,68.89898
s0089,65,0,63.212746
s0089,66,0,69.646194
s0089,67,0,61.88497
s0089,68,0,65.552086
s0089,69,0,63.783897
s0089,70,0,60.016956
s0089,71,0,55.8287
s0089,72,0,63.8367
s0089,73,0,66.100006
s0089,74,0,78.21509
s0089,75,0,80.04987
s0089,76,0,79.009384
s0089,77,0,78.45714
s0089,78,0,76.37203
s0089,79,0,79.525
s0089,80,0,79.66014
s0089,81,0,75.627525
s0089,82,0,58.815998
s0089,83,0,75.28819
s0089,84,0,68.51448
s0089,85,0,70.12328
s0089,86,0,62.24412
s0089,87,0,61.135117
s0089,88,0,54.255943
s0089,89,0,62.446514
s0089,90,0,50.570065
s0089,91,0,72.23576
s0089,92,0,73.6151
s0089,93,0,74.73152
s0089,94,0,80.52102
s0089,95,0,72.625
s0090,0,0,53.19873
s0090,1,0,52.41579
s0090,2,0,36.616066
s0090,3,0,44.732155
s0090,4,0,50.192406
s0090,5,0,57.53213
s0090,6,0,55.82772
s0090,7,0,50.3034
s0090,8,0,66.2772
s0090,9,0,61.52468
s0090,10,0,54.41757
s0090,11,0,63.143353
s0090,12,0,73.9275
s0090,13,0,60.785774
s0090,14,0,61.404877
s0090,15,0,57.84537
s0090,16,0,68.87741
s0090,17,0,66.50075
s0090,18,0,58.92369
s0090,19,0,66.74712
s0090,20,0,69.7306
s0090,21,0,66.484314
s0090,22,0,59.1276
s0090,23,0,66.26897
s0090,24,0,71.94199
s0090,25,0,62.646606
s0090,26,0,73.37012
s0090,27,0,59.442204
s0090,28,0,72.13083
s0090,29,0,69.79692
s0090,30,0,54.881607
s0090,31,0,62.24879
s0090,32,0,60.058342
s0090,33,0,49.23823
s0090,34,0,57.449684
s0090,35,0,46.556274
s0090,36,0,55.834553
s0090,37,0,51.356308
s0090,38,0,56.755257
s0090,39,0,56.348106
s0090,40,0,67.92825
s0090,41,0,49.85419
s0090,42,0,55.764706
s0090,43,0,55.85539
s0090,44,0,48.16571
s0090,45,0,45.034615
s0090,46,0,45.611744
s0090,47,0,54.12791
s0090,48,0,54.06093
s0090,49,0,48.05092
s0090,50,0,57.586052
s0090,51,0,52.333992
s0090,52,0,58.78407
s0090,53,0,47.860844
s0090,54,0,51.882553
s0090,55,0,62.06119
s0090,56,0,66.98911
s0090,57,0,67.307045
s0090,58,0,58.712322
s0090,59,0,76.93126
s0090,60,0,61.754353
s0090,61,0,69.80097
s0090,62,0,71.61939
s0090,63,0,58.1472
s0090,64,0,67.663185
s0090,65,0,63.398243
s0090,66,0,71.04291
s0090,67,0,61.049553
s0090,68,0,63.848186
s0090,69,0,63.908405
s0090,70,0,46.50077
s0090,71,0,68.17037
s0090,72,0,63.211456
s0090,73,0,69.25903
s0090,74,0,78.04542
s0090,75,0,79.25088
s0090,76,0,79.64387
s0090,77,0,79.88003
s0090,78,0,78.429436
s0090,79,0,79.74939
s0090,80,0,75.023186
s0090,81,0,77.92825
s0090,82,0,63.979298
s0090,83,0,70.409004
s0090,84,0,73.20682
s0090,85,0,80.892
s0090,86,0,62.97044
s0090,87,0,64.64909
s0090,88,0,64.61738
s0090,89,0,52.273674
s0090,90,0,60.902206
s0090,91,0,65.22374
s0090,92,0,60.566204
s0090,93,0,61.618797
s0090,94,0,60.15379
s0090,95,0,69.54308
s0091,0,0,50.6153
s0091,1,0,43.96353
s0091,2,0,37.640594
s0091,3,0,42.75251
s0091,4,0,48.57384
s0091,5,0,58.470314
s0091,6,0,53.05937
s0091,7,0,54.724266
s0091,8,0,61.754932
s0091,9,0,55.670567
s0091,10,0,61.268856
s0091,11,0,61.245296
s0091,12,0,67.48038
s0091,13,0,72.17078
s0091,14,0,59.7582
s0091,15,0,60.186497
s0091,16,0,66.57084
s0091,17,0,64.66747
s0091,18,0,69.25014
s0091,19,0,66.86241
s0091,20,0,60.967014
s0091,21,0,73.35234
s0091,22,0,59.96823
s0091,23,0,70.74211
s0091,24,0,70.18817
s0091,25,0,66.771706
s0091,26,0,63.813885
s0091,27,0,72.375374
s0091,28,0,67.736786
s0091,29,0,72.89443
s0091,30,0,64.00805
s0091,31,0,65.21283
s0091,32,0,61.322826
s0091,33,0,44.147823
s0091,34,0,56.78267
s0091,35,0,65.80228
s0091,36,0,56.634468
s0091,37,0,59.010296
s0091,38,0,56.62032
s0091,39,0,37.722622
s0091,40,0,64.561714
s0091,41,0,51.452652
s0091,42,0,49.723625
s0091,43,0,47.889263
s0091,44,0,54.444836
s0091,45,0,42.078865
s0091,46,0,62.285942
s0091,47,0,48.977222
s0091,48,0,55.678463
s0091,49,0,37.905617
s0091,50,0,53.930965
s0091,51,0,49.936855
s0091,52,0,51.761993
s0091,53,0,55.482777
s0091,54,0,39.451607
s0091,55,0,62.552593
s0091,56,0,51.748043
s0091,57,0,59.916702
s0091,58,0,54.822914
s0091,59,0,57.78643
s0091,60,0,61.44221
s0091,61,0,62.40605
s0091,62,0,84.53316
s0091,63,0,67.78227
s0091,64,0,65.70685
s0091,65,0,56.14154
s0091,66,0,65.702255
s0091,67,0,61.987095
s0091,68,0,62.46122
s0091,69,0,67.1191
s0091,70,0,61.5474
s0091,71,0,62.469814
s0091,72,0,62.52412
s0091,73,0,70.90894
s0091,74,0,76.664276
s0091,75,0,78.984344
s0091,76,0,79.2034
s0091,77,0,80.02317
s0091,78,0,76.55488
s0091,79,0,78.592415
s0091,80,0,79.12483
s0091,81,0,78.65606
s0091,82,0,67.01891
s0091,83,0,65.69606
s0091,84,0,72.80629
s0091,85,0,67.5246
s0091,86,0,64.35124
s0091,87,0,63.173996
s0091,88,0,64.12442
s0091,89,0,59.589024
s0091,90,0,55.610554
s0091,91,0,61.78853
s0091,92,0,67.91967
s0091,93,0,69.5276
s0091,94,0,67.229706
s0091,95,0,71.34937
s0092,0,0,56.414303
s0092,1,0,53.74743
s0092,2,0,47.176407
s0092,3,0,42.673378
s0092,4,0,48.693012
s0092,5,0,52.694744
s0092,6,0,48.562195
s0092,7,0,59.18938
s0092,8,0,63.436577
s0092,9,0,57.35472
s0092,10,0,60.912315
s0092,11,0,66.13445
s0092,12,0,68.63172
s0092,13,0,62.176346
s0092,14,0,67.27997
s0092,15,0,67.196754
s0092,16,0,61.681385
s0092,17,0,68.72028
s0092,18,0,60.47807
s0092,19,0,70.13558
s0092,20,0,72.55185
s0092,21,0,66.098
s0092,22,0,62.355503
s0092,23,0,67.631355
s0092,24,0,74.95043
s0092,25,0,67.653946
s0092,26,0,60.98004
s0092,27,0,62.54576
s0092,28,0,63.185654
s0092,29,0,68.93571
s0092,30,0,58.29192
s0092,31,0,56.30084
s0092,32,0,65.129745
s0092,33,0,54.148434
s0092,34,0,57.059647
s0092,35,0,49.185314
s0092,36,0,57.95091
s0092,37,0,62.829815
s0092,38,0,56.351192
s0092,39,0,57.5512
s0092,40,0,53.194096
s0092,41,0,58.669903
s0092,42,0,49.78159
s0092,43,0,48.627354
s0092,44,0,55.784138
s0092,45,0,47.954636
s0092,46,0,46.487133
s0092,47,0,31.025366
s0092,48,0,72.23945
s0092,49,0,60.10723
s0092,50,0,52.064144
s0092,51,0,59.609184
s0092,52,0,43.578465
s0092,53,0,46.417683
s0092,54,0,52.33795
s0092,55,0,59.357616
s0092,56,0,58.015472
s0092,57,0,72.46428
s0092,58,0,49.71465
s0092,59,0,58.44421
s0092,60,0,60.21942
s0092,61,0,55.978596
s0092,62,0,72.94887
s0092,63,0,69.215065
s0092,64,0,70.08038
s0092,65,0,62.887157
s0092,66,0,63.791298
s0092,67,0,67.64048
s0092,68,0,62.833035
s0092,69,0,65.223206
s0092,70,0,56.5098
s0092,71,0,65.12163
s0092,72,0,63.594814
s0092,73,0,66.67761
s0092,74,0,73.76789
s0092,75,0,80.10635
s0092,76,0,79.60047
s0092,77,0,79.157776
s0092,78,0,75.55898
s0092,79,0,79.97067
s0092,80,0,78.62652
s0092,81,0,76.4429
s0092,82,0,55.91461
s0092,83,0,68.60148
s0092,84,0,62.95665
s0092,85,0,70.91628
s0092,86,0,61.763203
s0092,87,0,59.36635
s0092,88,0,62.165466
s0092,89,0,57.488247
s0092,90,0,55.582924
s0092,91,0,67.179924
s0092,92,0,63.368523
s0092,93,0,72.0458
s0092,94,0,67.87927
s0092,95,0,63.439972
s0093,0,0,53.330853
s0093,1,0,54.42481
s0093,2,0,50.721146
s0093,3,0,49.77205
s0093,4,0,47.46829
s0093,5,0,52.683132
s0093,6,0,58.071754
s0093,7,0,53.999805
s0093,8,0,70.477745
s0093,9,0,60.513584
s0093,10,0,56.00655
s0093,11,0,66.18748
s0093,12,0,67.24419
s0093,13,0,60.73289
s0093,14,0,66.095085
s0093,15,0,75.84189
s0093,16,0,58.160595
s0093,17,0,58.49615
s0093,18,0,67.97332
s0093,19,0,52.11196
s0093,20,0,69.592316
s0093,21,0,66.0407
s0093,22,0,60.434315
s0093,23,0,72.538734
s0093,24,0,78.64555
s0093,25,0,62.586807
s0093,26,0,66.38908
s0093,27,0,60.316746
s0093,28,0,72.4626
s0093,29,0,74.15337
s0093,30,0,51.314465
s0093,31,0,64.5463
s0093,32,0,54.967133
s0093,33,0,59.970905
s0093,34,0,62.12011
s0093,35,0,49.65445
s0093,36,0,50.174057
s0093,37,0,59.438465
s0093,38,0,68.295784
s0093,39,0,52.89894
s0093,40,0,54.79401
s0093,41,0,34.26674
s0093,42,0,39.49425
s0093,43,0,61.590775
s0093,44,0,37.004402
s0093,45,0,58.275845
s0093,46,0,46.07366
s0093,47,0,38.72487
s0093,48,0,51.50019
s0093,49,0,38.489063
s0093,50,0,58.995937
s0093,51,0,53.761173
s0093,52,0,49.36702
s0093,53,0,55.857338
s0093,54,0,44.82169
s0093,55,0,51.528324
s0093,56,0,44.821583
s0093,57,0,59.67296
s0093,58,0,59.58491
s0093,59,0,61.314682
s0093,60,0,54.956696
s0093,61,0,67.034706
s0093,62,0,72.327896
s0093,63,0,69.74992
s0093,64,0,43.502453
s0093,65,0,62.884438
s0093,66,0,67.04352
s0093,67,0,67.84978
s0093,68,0,72.27673
s0093,69,0,64.12225
s0093,70,0,56.692825
s0093,71,0,60.04916
s0093,72,0,52.64747
s0093,73,0,63.267246
s0093,74,0,80.16802
s0093,75,0,79.17721
s0093,76,0,79.71082
s0093,77,0,81.8698
s0093,78,0,82.9038
s0093,79,0,79.55786
s0093,80,0,79.21077
s0093,81,0,79.22547
s0093,82,0,65.98009
s0093,83,0,64.96547
s0093,84,0,70.34963
s0093,85,0,70.05303
s0093,86,0,63.806465
s0093,87,0,57.52714
s0093,88,0,64.74783
s0093,89,0,67.454475
s0093,90,0,50.13824
s0093,91,0,72.10481
s0093,92,0,62.56537
s0093,93,0,69.59413
s0093,94,0,60.08738
s0093,95,0,69.162796
s0094,0,0,50.688477
s0094,1,0,46.573147
s0094,2,0,37.67476
s0094,3,0,36.89469
s0094,4,0,52.097996
s0094,5,0,50.871307
s0094,6,0,58.404194
s0094,7,0,38.34788
s0094,8,0,62.440285
s0094,9,0,44.83085
s0094,10,0,62.965446
s0094,11,0,58.15318
s0094,12,0,67.748116
s0094,13,0,68.07366
s0094,14,0,64.61111
s0094,15,0,56.331993
s0094,16,0,60.63524
s0094,17,0,60.277184
s0094,18,0,72.26843
s0094,19,0,69.12467
s0094,20,0,71.38453
s0094,21,0,61.026062
s0094,22,0,67.62253
s0094,23,0,67.36429
s0094,24,0,69.45611
s0094,25,0,66.55625
s0094,26,0,70.305504
s0094,27,0,66.66146
s0094,28,0,68.80039
s0094,29,0,70.69227
s0094,30,0,59.29924
s0094,31,0,67.48572
s0094,32,0,51.4439
s0094,33,0,52.729904
s0094,34,0,34.06997
s0094,35,0,49.89095
s0094,36,0,61.605858
s0094,37,0,62.04988
s0094,38,0,50.526806
s0094,39,0,49.352394
s0094,40,0,50.416348
s0094,41,0,40.292587
s0094,42,0,55.719612
s0094,43,0,46.82336
s0094,44,0,59.988735
s0094,45,0,49.784794
s0094,46,0,44.035824
s0094,47,0,41.966145
s0094,48,0,54.894974
s0094,49,0,49.33432
s0094,50,0,48.58427
s0094,51,0,56.169804
s0094,52,0,50.05158
s0094,53,0,43.7587
s0094,54,0,51.423927
s0094,55,0,50.712276
s0094,56,0,64.152374
s0094,57,0,70.380775
s0094,58,0,57.02157
s0094,59,0,61.664185
s0094,60,0,70.69394
s0094,61,0,57.242012
s0094,62,0,74.42682
s0094,63,0,67.684555
s0094,64,0,63.38303
s0094,65,0,64.77093
s0094,66,0,71.6274
s0094,67,0,63.268055
s0094,68,0,62.79077
s0094,69,0,67.794556
s0094,70,0,57.29216
s0094,71,0,56.522217
s0094,72,0,56.555832
s0094,73,0,75.3534
s0094,74,0,74.914795
s0094,75,0,79.452484
s0094,76,0,78.218025
s0094,77,0,79.276215
s0094,78,0,75.65888
s0094,79,0,78.84964
s0094,80,0,79.51274
s0094,81,0,77.21197
s0094,82,0,62.021877
s0094,83,0,67.72124
s0094,84,0,62.146072
s0094,85,0,71.43774
s0094,86,0,65.56884
s0094,87,0,59.956512
s0094,88,0,53.776993
s0094,89,0,67.92909
s0094,90,0,63.124676
s0094,91,0,71.19441
s0094,92,0,67.36331
s0094,93,0,59.595524
s0094,94,0,75.76178
s0094,95,0,62.73078
s0095,0,0,51.985893
s0095,1,0,46.674496
s0095,2,0,55.809902
s0095,3,0,55.61001
s0095,4,0,59.421997
s0095,5,0,48.402897
s0095,6,0,47.638866
s0095,7,0,57.593594
s0095,8,0,62.85303
s0095,9,0,58.657673
s0095,10,0,77.312706
s0095,11,0,64.12406
s0095,12,0,60.390182
s0095,13,0,68.989365
s0095,14,0,62.051468
s0095,15,0,68.90709
s0095,16,0,66.24849
s0095,17,0,64.96223
s0095,18,0,64.301834
s0095,19,0,64.67318
s0095,20,0,69.7315
s0095,21,0,69.16317
s0095,22,0,63.176548
s0095,23,0,62.31127
s0095,24,0,71.208954
s0095,25,0,67.62984
s0095,26,0,67.34926
s0095,27,0,72.02958
s0095,28,0,64.29368
s0095,29,0,70.62356
s0095,30,0,59.44169
s0095,31,0,62.618565
s0095,32,0,56.301105
s0095,33,0,56.756668
s0095,34,0,55.86869
s0095,35,0,60.247734
s0095,36,0,51.178734
s0095,37,0,62.062347
s0095,38,0,59.053947
s0095,39,0,55.053192
s0095,40,0,70.48936
s0095,41,0,59.134262
s0095,42,0,45.030983
s0095,43,0,52.69013
s0095,44,0,48.4944
s0095,45,0,53.742096
s0095,46,0,33.144756
s0095,47,0,44.09263
s0095,48,0,54.373756
s0095,49,0,57.972057
s0095,50,0,59.44452
s0095,51,0,49.939205
s0095,52,0,58.22636
s0095,53,0,54.63697
s0095,54,0,58.398727
s0095,55,0,51.636044
s0095,56,0,65.945595
s0095,57,0,63.51155
s0095,58,0,59.1845
s0095,59,0,57.714977
s0095,60,0,58.588863
s0095,61,0,69.568474
s0095,62,0,74.02071
s0095,63,0,69.74234
s0095,64,0,69.85453
s0095,65,0,60.303818
s0095,66,0,72.253105
s0095,67,0,67.17604
s0095,68,0,66.38146
s0095,69,0,62.51668
s0095,70,0,53.59032
s0095,71,0,58.556114
s0095,72,0,70.54642
s0095,73,0,63.77977
s0095,74,0,78.04777
s0095,75,0,79.29414
s0095,76,0,79.54267
s0095,77,0,80.52255
s0095,78,0,79.26195
s0095,79,0,78.746056
s0095,80,0,78.68985
s0095,81,0,78.11978
s0095,82,0,62.475563
s0095,83,0,63.726437
s0095,84,0,64.291985
s0095,85,0,79.94893
s0095,86,0,63.469852
s0095,87,0,54.167038
s0095,88,0,71.14359
s0095,89,0,66.980545
s0095,90,0,59.300236
s0095,91,0,66.21125
s0095,92,0,71.25456
s0095,93,0,70.458916
s0095,94,0,64.38934
s0095,95,0,74.692566
s0096,0,0,48.994446
s0096,1,0,46.21178
s0096,2,0,47.860523
s0096,3,0,47.972908
s0096,4,0,48.825947
s0096,5,0,51.472706
s0096,6,0,47.56034
s0096,7,0,63.03048
s0096,8,0,71.222916
s0096,9,0,59.55688
s0096,10,0,64.33817
s0096,11,0,69.20732
s0096,12,0,66.0676
s0096,13,0,57.398983
s0096,14,0,68.98389
s0096,15,0,64.53411
s0096,16,0,64.53022
s0096,17,0,58.700836
s0096,18,0,68.36101
s0096,19,0,56.253983
s0096,20,0,68.4168
s0096,21,0,69.74825
s0096,22,0,58.602238
s0096,23,0,60.96666
s0096,24,0,70.495865
s0096,25,0,63.438007
s0096,26,0,68.58134
s0096,27,0,67.21517
s0096,28,0,72.60851
s0096,29,0,63.65774
s0096,30,0,56.420506
s0096,31,0,67.64423
s0096,32,0,57.643356
s0096,33,0,52.516495
s0096,34,0,48.88268
s0096,35,0,54.639477
s0096,36,0,53.5269
s0096,37,0,52.217487
s0096,38,0,49.82472
s0096,39,0,63.44133
s0096,40,0,75.6112
s0096,41,0,50.40614
s0096,42,0,56.32386
s0096,43,0,41.497646
s0096,44,0,37.36252
s0096,45,0,53.469673
s0096,46,0,39.136295
s0096,47,0,32.291183
s0096,48,0,47.717796
s0096,49,0,44.696274
s0096,50,0,47.920677
s0096,51,0,57.27262
s0096,52,0,56.2654
s0096,53,0,55.29874
s0096,54,0,49.903255
s0096,55,0,60.060013
s0096,56,0,61.399895
s0096,57,0,59.889137
s0096,58,0,49.78655
s0096,59,0,62.1352
s0096,60,0,59.402996
s0096,61,0,63.86902
s0096,62,0,79.011986
s0096,63,0,76.795044
s0096,64,0,71.182335
s0096,65,0,66.31387
s0096,66,0,66.36198
s0096,67,0,61.669483
s0096,68,0,67.104
s0096,69,0,69.24157
s0096,70,0,62.082527
s0096,71,0,65.86375
s0096,72,0,67.80628
s0096,73,0,71.12443
s0096,74,0,76.02406
s0096,75,0,79.983246
s0096,76,0,80.072235
s0096,77,0,80.44342
s0096,78,0,76.79465
s0096,79,0,74.95099
s0096,80,0,80.12864
s0096,81,0,78.02006
s0096,82,0,59.87402
s0096,83,0,56.64098
s0096,84,0,71.415924
s0096,85,0,73.429504
s0096,86,0,59.98256
s0096,87,0,59.416126
s0096,88,0,58.750103
s0096,89,0,65.74004
s0096,90,0,56.184677
s0096,91,0,72.51609
s0096,92,0,68.10919
s0096,93,0,70.853355
s0096,94,0,67.90823
s0096,95,0,78.32948
s0097,0,0,52.580986
s0097,1,0,45.869316
s0097,2,0,46.4799
s0097,3,0,39.271038
s0097,4,0,47.249737
s0097,5,0,67.54604
s0097,6,0,53.20534
s0097,7,0,54.27784
s0097,8,0,64.93458
s0097,9,0,73.95499
s0097,10,0,59.955555
s0097,11,0,60.367588
s0097,12,0,66.699615
s0097,13,0,66.55579
s0097,14,0,61.321728
s0097,15,0,68.20842
s0097,16,0,70.28195
s0097,17,0,64.08165
s0097,18,0,61.51071
s0097,19,0,72.916855
s0097,20,0,58.24246
s0097,21,0,67.50785
s0097,22,0,71.311485
s0097,23,0,70.9174
s0097,24,0,69.143234
s0097,25,0,64.59173
s0097,26,0,66.32393
s0097,27,0,60.517
s0097,28,0,65.58644
s0097,29,0,69.46452
s0097,30,0,59.102722
s0097,31,0,63.645573
s0097,32,0,55.712193
s0097,33,0,53.49308
s0097,34,0,53.641277
s0097,35,0,63.308235
s0097,36,0,55.638706
s0097,37,0,55.101837
s0097,38,0,61.279682
s0097,39,0,44.760265
s0097,40,0,60.91949
s0097,41,0,53.06506
s0097,42,0,55.556736
s0097,43,0,40.155643
s0097,44,0,52.616642
s0097,45,0,40.191128
s0097,46,0,27.21269
s0097,47,0,44.862076
s0097,48,0,53.930748
s0097,49,0,54.341072
s0097,50,0,55.069355
s0097,51,0,46.682655
s0097,52,0,62.989502
s0097,53,0,50.021347
s0097,54,0,53.09433
s0097,55,0,70.02339
s0097,56,0,71.32334
s0097,57,0,68.539276
s0097,58,0,58.2664
s0097,59,0,60.323704
s0097,60,0,59.39617
s0097,61,0,62.10973
s0097,62,0,72.284805
s0097,63,0,79.82103
s0097,64,0,63.806347
s0097,65,0,61.439407
s0097,66,0,67.34168
s0097,67,0,53.38302
s0097,68,0,71.93378
s0097,69,0,54.623463
s0097,70,0,65.7136
s0097,71,0,62.096893
s0097,72,0,61.41635
s0097,73,0,71.52073
s0097,74,0,81.33152
s0097,75,0,78.37589
s0097,76,0,81.0805
s0097,77,0,79.11071
s0097,78,0,78.48693
s0097,79,0,79.78661
s0097,80,0,79.0497
s0097,81,0,78.97122
s0097,82,0,68.43762
s0097,83,0,67.3182
s0097,84,0,58.815292
s0097,85,0,64.389854
s0097,86,0,61.376392
s0097,87,0,57.826984
s0097,88,0,63.511364
s0097,89,0,63.870346
s0097,90,0,50.027557
s0097,91,0,59.269005
s0097,92,0,67.14233
s0097,93,0,75.15451
s0097,94,0,73.606415
s0097,95,0,64.32193
s0098,0,0,41.642612
s0098,1,0,36.851494
s0098,2,0,45.642902
s0098,3,0,51.46692
s0098,4,0,52.916367
s0098,5,0,42.74634
s0098,6,0,48.194687
s0098,7,0,53.32044
s0098,8,0,60.895348
s0098,9,0,61.07563
s0098,10,0,64.871574
s0098,11,0,55.775574
s0098,12,0,56.94592
s0098,13,0,63.78735
s0098,14,0,58.459557
s0098,15,0,71.07265
s0098,16,0,72.42051
s0098,17,0,67.152855
s0098,18,0,59.454502
s0098,19,0,73.19302
s0098,20,0,67.28795
s0098,21,0,75.44868
s0098,22,0,63.51774
s0098,23,0,64.0803
s0098,24,0,70.05077
s0098,25,0,63.01676
s0098,26,0,67.760704
s0098,27,0,59.38843
s0098,28,0,64.39478
s0098,29,0,69.67868
s0098,30,0,66.54864
s0098,31,0,56.66152
s0098,32,0,70.225655
s0098,33,0,56.10625
s0098,34,0,50.55334
s0098,35,0,52.78875
s0098,36,0,60.30136
s0098,37,0,63.1762
s0098,38,0,56.291225
s0098,39,0,48.150192
s0098,40,0,77.957306
s0098,41,0,66.710175
s0098,42,0,57.349564
s0098,43,0,60.381954
s0098,44,0,57.221424
s0098,45,0,44.877583
s0098,46,0,59.296688
s0098,47,0,65.398636
s0098,48,0,61.043755
s0098,49,0,50.342728
s0098,50,0,46.61531
s0098,51,0,51.693977
s0098,52,0,48.645294
s0098,53,0,49.019226
s0098,54,0,54.46844
s0098,55,0,59.434845
s0098,56,0,64.05614
s0098,57,0,55.14674
s0098,58,0,58.464706
s0098,59,0,63.6719
s0098,60,0,63.06395
s0098,61,0,65.04942
s0098,62,0,64.086624
s0098,63,0,73.85017
s0098,64,0,68.44179
s0098,65,0,61.36669
s0098,66,0,77.248116
s0098,67,0,66.550766
s0098,68,0,64.87504
s0098,69,0,62.779594
s0098,70,0,54.818146
s0098,71,0,64.415085
s0098,72,0,61.558407
s0098,73,0,67.205666
s0098,74,0,78.08954
s0098,75,0,79.053154
s0098,76,0,79.87508
s0098,77,0,79.00106
s0098,78,0,77.06224
s0098,79,0,79.73957
s0098,80,0,80.31255
s0098,81,0,79.163605
s0098,82,0,67.84786
s0098,83,0,67.14473
s0098,84,0,67.73869
s0098,85,0,73.90752
s0098,86,0,58.93331
s0098,87,0,61.742004
s0098,88,0,55.56819
s0098,89,0,67.00032
s0098,90,0,57.308613
s0098,91,0,69.19428
s0098,92,0,69.11088
s0098,93,0,64.31492
s0098,94,0,68.83962
s0098,95,0,65.18974
s0099,0,0,51.50017
s0099,1,0,36.629326
s0099,2,0,49.348442
s0099,3,0,47.532482
s0099,4,0,51.57662
s0099,5,0,56.009956
s0099,6,0,53.389835
s0099,7,0,58.879112
s0099,8,0,61.585026
s0099,9,0,52.704678
s0099,10,0,59.387173
s0099,11,0,54.533054
s0099,12,0,67.92654
s0099,13,0,64.18025
s0099,14,0,73.648254
s0099,15,0,67.087494
s0099,16,0,69.87553
s0099,17,0,55.384193
s0099,18,0,68.26588
s0099,19,0,66.347824
s0099,20,0,66.54351
s0099,21,0,63.461952
s0099,22,0,58.948807
s0099,23,0,68.74684
s0099,24,0,70.32263
s0099,25,0,78.29477
s0099,26,0,74.95606
s0099,27,0,66.328064
s0099,28,0,73.91659
s0099,29,0,66.67526
s0099,30,0,58.213264
s0099,31,0,64.89527
s0099,32,0,65.67125
s0099,33,0,55.31363
s0099,34,0,59.689915
s0099,35,0,59.98257
s0099,36,0,59.546497
s0099,37,0,50.504436
s0099,38,0,53.63274
s0099,39,0,51.933918
s0099,40,0,52.027077
s0099,41,0,53.484333
s0099,42,0,37.340134
s0099,43,0,51.304516
s0099,44,0,36.00201
s0099,45,0,41.302856
s0099,46,0,64.91369
s0099,47,0,37.420628
s0099,48,0,62.481754
s0099,49,0,49.185623
s0099,50,0,48.716515
s0099,51,0,41.655033
s0099,52,0,51.64234
s0099,53,0,46.89514
s0099,54,0,49.757347
s0099,55,0,52.16524
s0099,56,0,54.915882
s0099,57,0,52.31316
s0099,58,0,64.83748
s0099,59,0,67.31125
s0099,60,0,64.77159
s0099,61,0,65.34224
s0099,62,0,77.18666
s0099,63,0,72.70375
s0099,64,0,67.58895
s0099,65,0,68.21643
s0099,66,0,68.710526
s0099,67,0,68.50469
s0099,68,0,64.60261
s0099,69,0,70.90928
s0099,70,0,65.65628
s0099,71,0,56.828247
s0099,72,0,59.47754
s0099,73,0,70.72417
s0099,74,0,73.059456
s0099,75,0,89.02977
s0099,76,0,80.466484
s0099,77,0,88.035774
s0099,78,0,76.15762
s0099,79,0,80.24206
s0099,80,0,78.98294
s0099,81,0,80.40158
s0099,82,0,66.358444
s0099,83,0,68.68855
s0099,84,0,68.23176
s0099,85,0,65.538704
s0099,86,0,73.34644
s0099,87,0,66.823135
s0099,88,0,58.528355
s0099,89,0,62.938072
s0099,90,0,63.54848
s0099,91,0,60.27047
s0099,92,0,72.81573
s0099,93,0,73.07066
s0099,94,0,70.24528
s0099,95,0,63.757694
s0100,0,0,52.406784
s0100,1,0,43.742958
s0100,2,0,36.04338
s0100,3,0,43.810997
s0100,4,0,42.78595
s0100,5,0,46.78664
s0100,6,0,37.152092
s0100,7,0,54.060917
s0100,8,0,43.01737
s0100,9,0,52.122925
s0100,10,0,47.1056
s0100,11,0,57.21865
s0100,12,0,59.088654
s0100,13,0,64.00516
s0100,14,0,63.635036
s0100,15,0,67.27199
s0100,16,0,66.87643
s0100,17,0,64.42499
s0100,18,0,64.96653
s0100,19,0,69.99227
s0100,20,0,69.06486
s0100,21,0,65.403275
s0100,22,0,67.70319
s0100,23,0,71.24871
s0100,24,0,62.255985
s0100,25,0,67.51757
s0100,26,0,72.9897
s0100,27,0,62.383408
s0100,28,0,66.74969
s0100,29,0,64.513054
s0100,30,0,49.11764
s0100,31,0,75.71843
s0100,32,0,60.83599
s0100,33,0,43.027695
s0100,34,0,33.75018
s0100,35,0,50.29865
s0100,36,0,50.623173
s0100,37,0,47.195
s0100,38,0,58.94371
s0100,39,0,40.73444
s0100,40,0,65.031364
s0100,41,0,48.720116
s0100,42,0,52.9061
s0100,43,0,50.75514
s0100,44,0,62.237263
s0100,45,0,43.498753
s0100,46,0,54.297626
s0100,47,0,35.49622
s0100,48,0,42.5534
s0100,49,0,42.430122
s0100,50,0,46.623318
s0100,51,0,59.202694
s0100,52,0,37.150333
s0100,53,0,57.43488
s0100,54,0,53.216274
s0100,55,0,55.917217
s0100,56,0,64.40362
s0100,57,0,68.32172
s0100,58,0,58.747726
s0100,59,0,73.65285
s0100,60,0,68.58181
s0100,61,0,65.74995
s0100,62,0,73.89025
s0100,63,0,66.43668
s0100,64,0,60.18208
s0100,65,0,58.671093
s0100,66,0,68.17004
s0100,67,0,59.73841
s0100,68,0,56.79517
s0100,69,0,55.733414
s0100,70,0,60.867157
s0100,71,0,58.80021
s0100,72,0,45.255184
s0100,73,0,63.838352
s0100,74,0,76.45908
s0100,75,0,78.980316
s0100,76,0,79.469734
s0100,77,0,79.03469
s0100,78,0,75.059204
s0100,79,0,78.8982
s0100,80,0,79.174934
s0100,81,0,78.35549
s0100,82,0,66.40527
s0100,83,0,72.39597
s0100,84,0,64.5199
s0100,85,0,60.73097
s0100,86,0,61.495216
s0100,87,0,49.540012
s0100,88,0,49.19524
s0100,89,0,56.407608
s0100,90,0,52.485718
s0100,91,0,63.748173
s0100,92,0,68.17081
s0100,93,0,63.82143
s0100,94,0,63.66754
s0100,95,0,59.79408
s0001,0,0,53.65518
s0001,1,0,47.497097
s0001,2,0,43.225
s0001,3,0,51.288322
s0001,4,0,58.24987
s0001,5,0,47.199665
s0001,6,0,47.463345
s0001,7,0,60.975983
s0001,8,0,53.819912
s0001,9,0,59.785404
s0001,10,0,59.369545
s0001,11,0,68.83674
s0001,12,0,64.203094
s0001,13,0,65.24322
s0001,14,0,63.739597
s0001,15,0,69.952126
s0001,16,0,66.96008
s0001,17,0,64.93302
s0001,18,0,71.52463
s0001,19,0,67.34638
s0001,20,0,68.64979
s0001,21,0,67.42943
s0001,22,0,52.101814
s0001,23,0,71.02561
s0001,24,0,62.138775
s0001,25,0,74.06024
s0001,26,0,65.45198
s0001,27,0,61.86289
s0001,28,0,64.192986
s0001,29,0,69.81905
s0001,30,0,60.461414
s0001,31,0,63.962223
s0001,32,0,63.32402
s0001,33,0,48.953476
s0001,34,0,44.488617
s0001,35,0,56.253895
s0001,36,0,54.379192
s0001,37,0,61.67122
s0001,38,0,63.102623
s0001,39,0,47.59657
s0001,40,0,58.911743
s0001,41,0,59.69405
s0001,42,0,44.601753
s0001,43,0,63.09479
s0001,44,0,48.107597
s0001,45,0,70.82666
s0001,46,0,49.119453
s0001,47,0,47.772816
s0001,48,0,63.065807
s0001,49,0,44.131065
s0001,50,0,42.772877
s0001,51,0,60.27862
s0001,52,0,48.728973
s0001,53,0,49.412727
s0001,54,0,53.43559
s0001,55,0,57.369843
s0001,56,0,57.43724
s0001,57,0,59.82244
s0001,58,0,51.832233
s0001,59,0,66.30814
s0001,60,0,68.01693
s0001,61,0,56.469227
s0001,62,0,65.240074
s0001,63,0,75.791245
s0001,64,0,63.12357
s0001,65,0,72.15763
s0001,66,0,64.8935
s0001,67,0,65.14512
s0001,68,0,66.14952
s0001,69,0,65.36384
s0001,70,0,61.573986
s0001,71,0,56.45793
s0001,72,0,63.35038
s0001,73,0,75.92506
s0001,74,0,72.20155
s0001,75,0,80.23488
s0001,76,0,80.570015
s0001,77,0,80.11914
s0001,78,0,84.14
s0001,79,0,78.94968
s0001,80,0,79.81318
s0001,81,0,78.20368
s0001,82,0,69.90745
s0001,83,0,69.37761
s0001,84,0,69.36276
s0001,85,0,65.356705
s0001,86,0,63.31826
s0001,87,0,66.97114
s0001,88,0,51.589344
s0001,89,0,61.565086
s0001,90,0,62.548668
s0001,91,0,62.88704
s0001,92,0,62.532383
s0001,93,0,72.80838
s0001,94,0,70.063705
s0001,95,0,72.742584
s0002,0,0,55.554077
s0002,1,0,53.106625
s0002,2,0,43.328983
s0002,3,0,46.27191
s0002,4,0,51.267796
s0002,5,0,55.215065
s0002,6,0,59.879116
s0002,7,0,61.64939
s0002,8,0,59.256992
s0002,9,0,52.926323
s0002,10,0,54.494125
s0002,11,0,79.21047
s0002,12,0,59.508568
s0002,13,0,58.70082
s0002,14,0,63.931713
s0002,15,0,59.003178
s0002,16,0,83.998665
s0002,17,0,63.70228
s0002,18,0,61.73628
s0002,19,0,64.01474
s0002,20,0,68.060585
s0002,21,0,69.77338
s0002,22,0,62.421024
s0002,23,0,70.15435
s0002,24,0,76.056946
s0002,25,0,67.13502
s0002,26,0,68.40939
s0002,27,0,70.21087
s0002,28,0,69.14298
s0002,29,0,77.19924
s0002,30,0,51.068237
s0002,31,0,72.84137
s0002,32,0,58.38239
s0002,33,0,58.643127
s0002,34,0,52.099445
s0002,35,0,49.004883
s0002,36,0,57.977158
s0002,37,0,56.28413
s0002,38,0,62.576073
s0002,39,0,28.381424
s0002,40,0,65.59504
s0002,41,0,25.612852
s0002,42,0,45.7984
s0002,43,0,36.740158
s0002,44,0,50.44931
s0002,45,0,51.824467
s0002,46,0,41.473694
s0002,47,0,33.15333
s0002,48,0,69.290115
s0002,49,0,46.27754
s0002,50,0,46.26742
s0002,51,0,66.31999
s0002,52,0,57.114212
s0002,53,0,52.431335
s0002,54,0,49.54968
s0002,55,0,64.40061
s0002,56,0,53.91727
s0002,57,0,62.628456
s0002,58,0,56.89105
s0002,59,0,62.471836
s0002,60,0,69.17039
s0002,61,0,64.927635
s0002,62,0,66.42626
s0002,63,0,69.5565
s0002,64,0,67.00716
s0002,65,0,67.527534
s0002,66,0,70.94326
s0002,67,0,65.011406
s0002,68,0,54.798878
s0002,69,0,66.764046
s0002,70,0,63.282623
s0002,71,0,60.06145
s0002,72,0,61.59582
s0002,73,0,70.95559
s0002,74,0,75.62459
s0002,75,0,78.755
s0002,76,0,80.4974
s0002,77,0,78.52446
s0002,78,0,80.32971
s0002,79,0,80.136406
s0002,80,0,79.58822
s0002,81,0,79.60582
s0002,82,0,70.386536
s0002,83,0,59.654877
s0002,84,0,63.17768
s0002,85,0,67.5425
s0002,86,0,62.493435
s0002,87,0,61.077114
s0002,88,0,54.52979
s0002,89,0,56.2912
s0002,90,0,50.048916
s0002,91,0,70.26923
s0002,92,0,72.80364
s0002,93,0,71.51219
s0002,94,0,69.48917
s0002,95,0,77.06934
s0003,0,0,53.970825
s0003,1,0,54.82034
s0003,2,0,45.462654
s0003,3,0,44.461975
s0003,4,0,51.32462
s0003,5,0,57.025005
s0003,6,0,56.845158
s0003,7,0,53.4673
s0003,8,0,63.81519
s0003,9,0,63.316772
s0003,10,0,57.7342
s0003,11,0,66.564835
s0003,12,0,68.38191
s0003,13,0,66.32525
s0003,14,0,69.44969
s0003,15,0,64.37902
s0003,16,0,56.10759
s0003,17,0,69.22353
s0003,18,0,69.32212
s0003,19,0,57.35882
s0003,20,0,68.38824
s0003,21,0,70.02812
s0003,22,0,56.925972
s0003,23,0,66.44767
s0003,24,0,76.65074
s0003,25,0,73.83007
s0003,26,0,73.298935
s0003,27,0,71.23537
s0003,28,0,69.70289
s0003,29,0,73.089066
s0003,30,0,63.246265
s0003,31,0,69.45922
s0003,32,0,57.2206
s0003,33,0,59.244057
s0003,34,0,62.760643
s0003,35,0,49.94281
s0003,36,0,50.029385
s0003,37,0,52.29536
s0003,38,0,41.672413
s0003,39,0,32.300304
s0003,40,0,62.06298
s0003,41,0,54.26018
s0003,42,0,68.73058
s0003,43,0,67.14724
s0003,44,0,49.51225
s0003,45,0,34.24537
s0003,46,0,42.356285
s0003,47,0,30.062077
s0003,48,0,52.35852
s0003,49,0,50.446404
s0003,50,0,60.766716
s0003,51,0,55.51813
s0003,52,0,67.034424
s0003,53,0,59.829445
s0003,54,0,57.517582
s0003,55,0,60.344803
s0003,56,0,54.150635
s0003,57,0,63.341415
s0003,58,0,57.735954
s0003,59,0,67.34342
s0003,60,0,61.684204
s0003,61,0,58.950886
s0003,62,0,73.27248
s0003,63,0,71.012596
s0003,64,0,72.98529
s0003,65,0,73.17398
s0003,66,0,73.44385
s0003,67,0,67.04854
s0003,68,0,57.608944
s0003,69,0,62.158176
s0003,70,0,51.385094
s0003,71,0,57.266266
s0003,72,0,64.6961
s0003,73,0,73.38914
s0003,74,0,74.77006
s0003,75,0,80.6762
s0003,76,0,78.68999
s0003,77,0,80.13734
s0003,78,0,75.07692
s0003,79,0,79.84266
s0003,80,0,79.327286
s0003,81,0,78.7088
s0003,82,0,57.72068
s0003,83,0,62.818134
s0003,84,0,73.45912
s0003,85,0,71.82144
s0003,86,0,68.958046
s0003,87,0,65.34454
s0003,88,0,57.928753
s0003,89,0,64.335846
s0003,90,0,56.05336
s0003,91,0,67.91595
s0003,92,0,64.29256
s0003,93,0,70.846214
s0003,94,0,65.7667
s0003,95,0,69.67394
s0004,0,0,51.930317
s0004,1,0,48.23165
s0004,2,0,43.221634
s0004,3,0,47.549923
s0004,4,0,51.592766
s0004,5,0,58.79133
s0004,6,0,48.05772
s0004,7,0,53.768776
s0004,8,0,65.47
s0004,9,0,53.82595
s0004,10,0,56.642765
s0004,11,0,64.7584
s0004,12,0,56.95373
s0004,13,0,53.85584
s0004,14,0,65.43153
s0004,15,0,61.8725
s0004,16,0,61.909554
s0004,17,0,58.247143
s0004,18,0,71.85474
s0004,19,0,62.167515
s0004,20,0,69.36653
s0004,21,0,63.161766
s0004,22,0,63.80438
s0004,23,0,62.91877
s0004,24,0,69.58344
s0004,25,0,74.33162
s0004,26,0,74.24695
s0004,27,0,63.774582
s0004,28,0,69.867744
s0004,29,0,69.03568
s0004,30,0,55.10556
s0004,31,0,60.022266
s0004,32,0,61.70829
s0004,33,0,46.327053
s0004,34,0,51.21189
s0004,35,0,54.633495
s0004,36,0,52.23904
s0004,37,0,62.574852
s0004,38,0,54.874096
s0004,39,0,55.15485
s0004,40,0,57.612213
s0004,41,0,57.20623
s0004,42,0,26.9584
s0004,43,0,61.756065
s0004,44,0,49.52875
s0004,45,0,41.252983
s0004,46,0,45.354824
s0004,47,0,25.028385
s0004,48,0,62.146294
s0004,49,0,52.414352
s0004,50,0,48.43794
s0004,51,0,41.71403
s0004,52,0,52.633408
s0004,53,0,56.673313
s0004,54,0,57.437366
s0004,55,0,60.503807
s0004,56,0,58.342896
s0004,57,0,63.633915
s0004,58,0,49.901176
s0004,59,0,66.31544
s0004,60,0,60.724613
s0004,61,0,62.168644
s0004,62,0,63.673622
s0004,63,0,73.29294
s0004,64,0,68.230705
s0004,65,0,61.973118
s0004,66,0,73.61474
s0004,67,0,59.226974
s0004,68,0,66.6093
s0004,69,0,68.87929
s0004,70,0,60.93939
s0004,71,0,61.627953
s0004,72,0,58.869667
s0004,73,0,76.05284
s0004,74,0,76.39057
s0004,75,0,80.128235
s0004,76,0,79.48836
s0004,77,0,78.739494
s0004,78,0,76.24215
s0004,79,0,78.47957
s0004,80,0,79.27415
s0004,81,0,77.60989
s0004,82,0,67.655556
s0004,83,0,54.804474
s0004,84,0,65.26606
s0004,85,0,65.12459
s0004,86,0,76.92169
s0004,87,0,60.748943
s0004,88,0,63.19409
s0004,89,0,65.04559
s0004,90,0,53.510002
s0004,91,0,64.74345
s0004,92,0,59.205746
s0004,93,0,69.14711
s0004,94,0,66.52552
s0004,95,0,58.378082
s0005,0,0,51.642662
s0005,1,0,41.532684
s0005,2,0,46.77278
s0005,3,0,45.758198
s0005,4,0,51.659946
s0005,5,0,53.47501
s0005,6,0,49.951946
s0005,7,0,58.548378
s0005,8,0,63.02392
s0005,9,0,57.762337
s0005,10,0,59.311703
s0005,11,0,69.937874
s0005,12,0,65.19345
s0005,13,0,70.73665
s0005,14,0,57.591534
s0005,15,0,65.03235
s0005,16,0,61.397038
s0005,17,0,62.915977
s0005,18,0,58.65767
s0005,19,0,66.94228
s0005,20,0,73.27891
s0005,21,0,73.20456
s0005,22,0,63.037624
s0005,23,0,65.16266
s0005,24,0,72.23392
s0005,25,0,68.67749
s0005,26,0,72.056244
s0005,27,0,66.831314
s0005,28,0,74.82526
s0005,29,0,68.11796
s0005,30,0,53.565792
s0005,31,0,66.65839
s0005,32,0,63.07299
s0005,33,0,55.919395
s0005,34,0,49.2371
s0005,35,0,53.41791
s0005,36,0,55.589108
s0005,37,0,57.97946
s0005,38,0,66.16733
s0005,39,0,44.33804
s0005,40,0,47.05022
s0005,41,0,44.94618
s0005,42,0,44.29593
s0005,43,0,24.248234
s0005,44,0,29.220486
s0005,45,0,51.542637
s0005,46,0,50.817783
s0005,47,0,47.220524
s0005,48,0,54.238132
s0005,49,0,42.048294
s0005,50,0,45.14092
s0005,51,0,59.749504
s0005,52,0,62.982502
s0005,53,0,52.821148
s0005,54,0,50.696358
s0005,55,0,57.52132
s0005,56,0,51.527557
s0005,57,0,65.07689
s0005,58,0,53.93125
s0005,59,0,58.831116
s0005,60,0,68.79243
s0005,61,0,60.148666
s0005,62,0,74.439865
s0005,63,0,76.55481
s0005,64,0,69.91286
s0005,65,0,62.430233
s0005,66,0,67.73255
s0005,67,0,68.890434
s0005,68,0,65.822754
s0005,69,0,54.13316
s0005,70,0,60.488503
s0005,71,0,57.254364
s0005,72,0,55.46291
s0005,73,0,65.72819
s0005,74,0,74.501495
s0005,75,0,79.37221
s0005,76,0,79.45923
s0005,77,0,79.49353
s0005,78,0,76.24943
s0005,79,0,78.79787
s0005,80,0,79.46882
s0005,81,0,80.26156
s0005,82,0,71.41877
s0005,83,0,62.717922
s0005,84,0,67.36502
s0005,85,0,68.390945
s0005,86,0,61.55092
s0005,87,0,61.28466
s0005,88,0,64.38518
s0005,89,0,63.487793
s0005,90,0,60.82693
s0005,91,0,72.57668
s0005,92,0,69.22522
s0005,93,0,70.45219
s0005,94,0,75.42387
s0005,95,0,70.132614
s0006,0,0,51.92734
s0006,1,0,45.949455
s0006,2,0,48.083935
s0006,3,0,42.84269
s0006,4,0,58.123066
s0006,5,0,51.933735
s0006,6,0,41.512924
s0006,7,0,54.46487
s0006,8,0,73.74189
s0006,9,0,58.24505
s0006,10,0,60.22011
s0006,11,0,67.51758
s0006,12,0,61.67095
s0006,13,0,57.614063
s0006,14,0,62.194885
s0006,15,0,66.463715
s0006,16,0,64.80279
s0006,17,0,68.1845
s0006,18,0,61.37903
s0006,19,0,64.81441
s0006,20,0,68.68374
s0006,21,0,67.00082
s0006,22,0,54.795357
s0006,23,0,74.79858
s0006,24,0,68.64631
s0006,25,0,57.5375
s0006,26,0,79.50093
s0006,27,0,62.99988
s0006,28,0,73.61495
s0006,29,0,61.447514
s0006,30,0,57.785015
s0006,31,0,63.21226
s0006,32,0,56.766884
s0006,33,0,61.156967
s0006,34,0,51.344086
s0006,35,0,59.683506
s0006,36,0,50.223114
s0006,37,0,62.441826
s0006,38,0,59.3002
s0006,39,0,40.245552
s0006,40,0,51.971775
s0006,41,0,50.329777
s0006,42,0,45.57702
s0006,43,0,54.094074
s0006,44,0,43.58519
s0006,45,0,54.230587
s0006,46,0,41.908657
s0006,47,0,27.124823
s0006,48,0,37.88836
s0006,49,0,39.969643
s0006,50,0,51.229774
s0006,51,0,42.841133
s0006,52,0,60.296825
s0006,53,0,51.371704
s0006,54,0,64.46362
s0006,55,0,58.290478
s0006,56,0,52.202293
s0006,57,0,59.69769
s0006,58,0,62.406364
s0006,59,0,61.352623
s0006,60,0,76.167725
s0006,61,0,56.361702
s0006,62,0,74.8317
s0006,63,0,72.802055
s0006,64,0,62.074234
s0006,65,0,64.90004
s0006,66,0,67.873146
s0006,67,0,70.05456
s0006,68,0,65.36094
s0006,69,0,64.15337
s0006,70,0,56.30342
s0006,71,0,61.383747
s0006,72,0,59.33445
s0006,73,0,73.41
s0006,74,0,76.762314
s0006,75,0,79.70194
s0006,76,0,79.96699
s0006,77,0,79.83975
s0006,78,0,75.63896
s0006,79,0,80.49841
s0006,80,0,78.46699
s0006,81,0,78.49868
s0006,82,0,71.712845
s0006,83,0,59.02796
s0006,84,0,72.34032
s0006,85,0,69.42109
s0006,86,0,59.993855
s0006,87,0,60.29726
s0006,88,0,62.519062
s0006,89,0,54.29011
s0006,90,0,59.07091
s0006,91,0,66.85222
s0006,92,0,73.23594
s0006,93,0,78.7009
s0006,94,0,70.71052
s0006,95,0,66.09923
s0007,0,0,53.214687
s0007,1,0,44.476257
s0007,2,0,51.33918
s0007,3,0,53.61129
s0007,4,0,52.528473
s0007,5,0,56.48774
s0007,6,0,48.63013
s0007,7,0,59.93363
s0007,8,0,69.98991
s0007,9,0,56.93046
s0007,10,0,58.07757
s0007,11,0,58.654648
s0007,12,0,65.96584
s0007,13,0,71.90618
s0007,14,0,71.42007
s0007,15,0,65.75461
s0007,16,0,72.21145
s0007,17,0,74.831276
s0007,18,0,65.17658
s0007,19,0,62.623093
s0007,20,0,64.03212
s0007,21,0,64.53428
s0007,22,0,62.668137
s0007,23,0,65.63306
s0007,24,0,76.73522
s0007,25,0,65.74602
s0007,26,0,64.265686
s0007,27,0,67.87142
s0007,28,0,72.0797
s0007,29,0,62.900856
s0007,30,0,52.769894
s0007,31,0,64.90999
s0007,32,0,57.589706
s0007,33,0,51.088528
s0007,34,0,57.490192
s0007,35,0,52.360962
s0007,36,0,56.51147
s0007,37,0,65.24466
s0007,38,0,59.85153
s0007,39,0,54.75783
s0007,40,0,58.42267
s0007,41,0,49.76334
s0007,42,0,45.360268
s0007,43,0,47.335358
s0007,44,0,49.426105
s0007,45,0,69.727234
s0007,46,0,40.404144
s0007,47,0,44.563625
s0007,48,0,37.6021
s0007,49,0,58.43072
s0007,50,0,51.901657
s0007,51,0,48.880974
s0007,52,0,51.038837
s0007,53,0,51.824787
s0007,54,0,60.58384
s0007,55,0,49.32402
s0007,56,0,78.85501
s0007,57,0,63.631844
s0007,58,0,64.76083
s0007,59,0,58.182716
s0007,60,0,60.663513
s0007,61,0,65.17988
s0007,62,0,66.53261
s0007,63,0,84.63656
s0007,64,0,69.81412
s0007,65,0,72.153076
s0007,66,0,68.10339
s0007,67,0,60.619137
s0007,68,0,67.17725
s0007,69,0,60.664898
s0007,70,0,58.539906
s0007,71,0,64.448685
s0007,72,0,59.324974
s0007,73,0,76.74499
s0007,74,0,76.156075
s0007,75,0,80.90356
s0007,76,0,79.17547
s0007,77,0,79.82618
s0007,78,0,78.39599
s0007,79,0,80.1419
s0007,80,0,80.51111
s0007,81,0,79.179
s0007,82,0,62.4718
s0007,83,0,70.552444
s0007,84,0,68.88374
s0007,85,0,67.60218
s0007,86,0,75.53816
s0007,87,0,61.100838
s0007,88,0,56.120094
s0007,89,0,67.77222
s0007,90,0,57.597965
s0007,91,0,85.18364
s0007,92,0,66.08242
s0007,93,0,69.560776
s0007,94,0,77.97647
s0007,95,0,65.29505
s0008,0,0,62.12985
s0008,1,0,52.86655
s0008,2,0,48.38256
s0008,3,0,61.68761
s0008,4,0,49.778038
s0008,5,0,55.543316
s0008,6,0,53.928497
s0008,7,0,54.447487
s0008,8,0,66.14667
s0008,9,0,52.876762
s0008,10,0,54.90688
s0008,11,0,67.68286
s0008,12,0,71.92689
s0008,13,0,60.687157
s0008,14,0,50.46879
s0008,15,0,67.92418
s0008,16,0,73.03035
s0008,17,0,64.42853
s0008,18,0,70.04054
s0008,19,0,71.48667
s0008,20,0,70.83212
s0008,21,0,61.361816
s0008,22,0,66.16059
s0008,23,0,69.68983
s0008,24,0,71.09608
s0008,25,0,67.8103
s0008,26,0,68.59645
s0008,27,0,65.65188
s0008,28,0,79.13696
s0008,29,0,66.03257
s0008,30,0,50.912067
s0008,31,0,66.182655
s0008,32,0,54.562737
s0008,33,0,55.320736
s0008,34,0,51.4707
s0008,35,0,47.727943
s0008,36,0,46.391605
s0008,37,0,51.81984
s0008,38,0,63.68676
s0008,39,0,48.226406
s0008,40,0,58.226357
s0008,41,0,49.599945
s0008,42,0,51.09101
s0008,43,0,41.84602
s0008,44,0,30.022232
s0008,45,0,53.78132
s0008,46,0,51.163425
s0008,47,0,47.772785
s0008,48,0,72.109695
s0008,49,0,56.539288
s0008,50,0,47.188454
s0008,51,0,47.034706
s0008,52,0,46.430706
s0008,53,0,48.227238
s0008,54,0,56.131653
s0008,55,0,59.04002
s0008,56,0,58.58999
s0008,57,0,63.859715
s0008,58,0,51.844765
s0008,59,0,66.08917
s0008,60,0,63.25399
s0008,61,0,59.809864
s0008,62,0,68.826004
s0008,63,0,68.737854
s0008,64,0,67.67511
s0008,65,0,64.46484
s0008,66,0,74.04027
s0008,67,0,62.455585
s0008,68,0,68.48484
s0008,69,0,68.42674
s0008,70,0,60.04092
s0008,71,0,62.857452
s0008,72,0,57.23933
s0008,73,0,71.3871
s0008,74,0,73.08618
s0008,75,0,79.08473
s0008,76,0,79.627014
s0008,77,0,79.97301
s0008,78,0,75.99807
s0008,79,0,78.85496
s0008,80,0,79.97264
s0008,81,0,76.48334
s0008,82,0,64.57548
s0008,83,0,64.23481
s0008,84,0,64.67714
s0008,85,0,75.343
s0008,86,0,65.834
s0008,87,0,65.026245
s0008,88,0,56.779076
s0008,89,0,57.713947
s0008,90,0,58.253517
s0008,91,0,76.19539
s0008,92,0,67.67592
s0008,93,0,65.058975
s0008,94,0,68.109184
s0008,95,0,72.61571
s0009,0,0,53.51766
s0009,1,0,41.892216
s0009,2,0,40.381966
s0009,3,0,48.262398
s0009,4,0,54.55351
s0009,5,0,52.484894
s0009,6,0,55.52328
s0009,7,0,50.096718
s0009,8,0,60.367744
s0009,9,0,58.08473
s0009,10,0,60.331284
s0009,11,0,55.410275
s0009,12,0,57.503475
s0009,13,0,65.112144
s0009,14,0,68.19355
s0009,15,0,66.66262
s0009,16,0,68.895096
s0009,17,0,74.986206
s0009,18,0,59.781273
s0009,19,0,64.71663
s0009,20,0,57.76895
s0009,21,0,70.25751
s0009,22,0,60.334015
s0009,23,0,69.1947
s0009,24,0,72.35353
s0009,25,0,65.92254
s0009,26,0,68.8774
s0009,27,0,57.202946
s0009,28,0,74.3279
s0009,29,0,65.21518
s0009,30,0,56.146255
s0009,31,0,67.939735
s0009,32,0,57.39977
s0009,33,0,49.840004
s0009,34,0,64.135345
s0009,35,0,55.280296
s0009,36,0,46.088604
s0009,37,0,54.38361
s0009,38,0,54.539803
s0009,39,0,43.376225
s0009,40,0,52.243034
s0009,41,0,51.991447
s0009,42,0,39.332085
s0009,43,0,55.25581
s0009,44,0,36.503475
s0009,45,0,48.664318
s0009,46,0,50.65887
s0009,47,0,52.299183
s0009,48,0,58.631107
s0009,49,0,52.220943
s0009,50,0,34.237686
s0009,51,0,56.135494
s0009,52,0,53.58735
s0009,53,0,51.799725
s0009,54,0,48.943146
s0009,55,0,31.937248
s0009,56,0,50.683666
s0009,57,0,59.127857
s0009,58,0,57.91
s0009,59,0,64.85381
s0009,60,0,66.190445
s0009,61,0,65.05845
s0009,62,0,71.81058
s0009,63,0,75.54658
s0009,64,0,65.156876
s0009,65,0,69.12108
s0009,66,0,67.30098
s0009,67,0,54.1058
s0009,68,0,63.7105
s0009,69,0,66.65601
s0009,70,0,65.41954
s0009,71,0,67.87422
s0009,72,0,65.12532
s0009,73,0,67.52102
s0009,74,0,74.79054
s0009,75,0,80.26995
s0009,76,0,80.021164
s0009,77,0,76.11009
s0009,78,0,81.525826
s0009,79,0,79.99779
s0009,80,0,79.93076
s0009,81,0,78.28045
s0009,82,0,59.586906
s0009,83,0,60.583683
s0009,84,0,70.100105
s0009,85,0,70.16572
s0009,86,0,55.751972
s0009,87,0,61.438034
s0009,88,0,66.13866
s0009,89,0,63.899734
s0009,90,0,63.362045
s0009,91,0,69.56962
s0009,92,0,66.43948
s0009,93,0,66.45501
s0009,94,0,66.03258
s0009,95,0,73.0936
s0010,0,0,48.521877
s0010,1,0,44.921734
s0010,2,0,38.580437
s0010,3,0,48.48135
s0010,4,0,55.66367
s0010,5,0,43.482628
s0010,6,0,50.667877
s0010,7,0,56.682556
s0010,8,0,72.5928
s0010,9,0,56.591576
s0010,10,0,63.195835
s0010,11,0,66.337746
s0010,12,0,70.40581
s0010,13,0,72.01864
s0010,14,0,72.452095
s0010,15,0,66.09155
s0010,16,0,77.18548
s0010,17,0,61.29944
s0010,18,0,67.2645
s0010,19,0,67.30153
s0010,20,0,67.48715
s0010,21,0,67.35338
s0010,22,0,57.888638
s0010,23,0,65.3432
s0010,24,0,71.29438
s0010,25,0,69.01303
s0010,26,0,76.66793
s0010,27,0,64.99481
s0010,28,0,73.27222
s0010,29,0,71.72207
s0010,30,0,58.771416
s0010,31,0,59.014973
s0010,32,0,51.362522
s0010,33,0,48.53823
s0010,34,0,51.943096
s0010,35,0,55.28593
s0010,36,0,62.747993
s0010,37,0,62.60976
s0010,38,0,63.650585
s0010,39,0,59.325005
s0010,40,0,62.090954
s0010,41,0,58.53378
s0010,42,0,40.421093
s0010,43,0,57.947002
s0010,44,0,57.313755
s0010,45,0,47.616867
s0010,46,0,21.560175
s0010,47,0,38.962807
s0010,48,0,49.95118
s0010,49,0,62.65168
s0010,50,0,36.596207
s0010,51,0,56.979332
s0010,52,0,39.715675
s0010,53,0,52.843433
s0010,54,0,61.036053
s0010,55,0,53.06269
s0010,56,0,55.798397
s0010,57,0,61.633205
s0010,58,0,59.203907
s0010,59,0,61.262943
s0010,60,0,60.721363
s0010,61,0,64.44214
s0010,62,0,65.660416
s0010,63,0,71.79837
s0010,64,0,56.020683
s0010,65,0,61.668312
s0010,66,0,72.85285
s0010,67,0,54.53515
s0010,68,0,66.18182
s0010,69,0,75.345825
s0010,70,0,54.453266
s0010,71,0,56.089264
s0010,72,0,65.58463
s0010,73,0,68.16851
s0010,74,0,75.97479
s0010,75,0,80.5129
s0010,76,0,79.344284
s0010,77,0,79.40494
s0010,78,0,74.59506
s0010,79,0,79.168594
s0010,80,0,79.43074
s0010,81,0,79.99337
s0010,82,0,60.56167
s0010,83,0,64.98424
s0010,84,0,72.64104
s0010,85,0,69.38514
s0010,86,0,59.260303
s0010,87,0,53.329605
s0010,88,0,62.646214
s0010,89,0,56.07003
s0010,90,0,53.72171
s0010,91,0,67.09523
s0010,92,0,69.03533
s0010,93,0,63.873634
s0010,94,0,70.2187
s0010,95,0,67.089905
s0011,0,0,56.322277
s0011,1,0,47.465595
s0011,2,0,37.477943
s0011,3,0,54.315243
s0011,4,0,54.218338
s0011,5,0,51.757072
s0011,6,0,45.718166
s0011,7,0,70.08973
s0011,8,0,49.38286
s0011,9,0,59.262722
s0011,10,0,59.67996
s0011,11,0,64.478836
s0011,12,0,64.95145
s0011,13,0,71.48388
s0011,14,0,57.786667
s0011,15,0,64.624466
s0011,16,0,64.01724
s0011,17,0,69.24658
s0011,18,0,64.06172
s0011,19,0,68.40382
s0011,20,0,64.36508
s0011,21,0,66.38418
s0011,22,0,57.200874
s0011,23,0,74.63686
s0011,24,0,57.028996
s0011,25,0,62.023174
s0011,26,0,70.02949
s0011,27,0,68.51284
s0011,28,0,68.47081
s0011,29,0,63.688927
s0011,30,0,62.08424
s0011,31,0,62.617096
s0011,32,0,54.860172
s0011,33,0,54.19917
s0011,34,0,46.168797
s0011,35,0,47.264584
s0011,36,0,44.359467
s0011,37,0,55.84767
s0011,38,0,52.17715
s0011,39,0,58.487164
s0011,40,0,53.119957
s0011,41,0,47.944565
s0011,42,0,28.337597
s0011,43,0,56.811226
s0011,44,0,45.625595
s0011,45,0,53.45317
s0011,46,0,26.274744
s0011,47,0,37.03195
s0011,48,0,47.70232
s0011,49,0,63.35187
s0011,50,0,60.135456
s0011,51,0,51.11807
s0011,52,0,36.010204
s0011,53,0,44.624332
s0011,54,0,64.576744
s0011,55,0,46.329243
s0011,56,0,55.61056
s0011,57,0,66.4851
s0011,58,0,64.286095
s0011,59,0,67.589
s0011,60,0,57.786995
s0011,61,0,57.41994
s0011,62,0,71.45172
s0011,63,0,64.94807
s0011,64,0,66.122246
s0011,65,0,71.45579
s0011,66,0,78.15383
s0011,67,0,69.40169
s0011,68,0,73.201004
s0011,69,0,65.97418
s0011,70,0,61.731827
s0011,71,0,57.675255
s0011,72,0,62.13537
s0011,73,0,71.105835
s0011,74,0,77.7199
s0011,75,0,79.91963
s0011,76,0,79.37894
s0011,77,0,79.81661
s0011,78,0,75.055
s0011,79,0,79.51312
s0011,80,0,79.21506
s0011,81,0,75.58117
s0011,82,0,66.466324
s0011,83,0,63.49731
s0011,84,0,64.97361
s0011,85,0,69.10121
s0011,86,0,57.080383
s0011,87,0,62.271027
s0011,88,0,61.761723
s0011,89,0,67.000175
s0011,90,0,51.948105
s0011,91,0,61.7169
s0011,92,0,66.68756
s0011,93,0,69.7078
s0011,94,0,68.38259
s0011,95,0,70.263756
s0012,0,0,53.587845
s0012,1,0,52.44489
s0012,2,0,45.54603
s0012,3,0,43.052505
s0012,4,0,47.618782
s0012,5,0,56.246662
s0012,6,0,54.233974
s0012,7,0,49.895298
s0012,8,0,59.393982
s0012,9,0,58.52632
s0012,10,0,57.473576
s0012,11,0,64.70397
s0012,12,0,68.649956
s0012,13,0,65.69285
s0012,14,0,64.312874
s0012,15,0,76.44023
s0012,16,0,59.249863
s0012,17,0,67.25929
s0012,18,0,66.33445
s0012,19,0,62.69024
s0012,20,0,68.21323
s0012,21,0,70.04906
s0012,22,0,70.527145
s0012,23,0,69.178314
s0012,24,0,70.74314
s0012,25,0,78.52739
s0012,26,0,80.20962
s0012,27,0,72.67933
s0012,28,0,67.86955
s0012,29,0,71.4458
s0012,30,0,40.493294
s0012,31,0,63.880577
s0012,32,0,57.139545
s0012,33,0,64.42292
s0012,34,0,52.44688
s0012,35,0,55.137394
s0012,36,0,59.39964
s0012,37,0,42.04421
s0012,38,0,47.01467
s0012,39,0,62.284267
s0012,40,0,64.07808
s0012,41,0,56.8035
s0012,42,0,55.122368
s0012,43,0,52.255077
s0012,44,0,64.078964
s0012,45,0,50.01854
s0012,46,0,44.2732
s0012,47,0,54.310265
s0012,48,0,63.473938
s0012,49,0,57.091362
s0012,50,0,45.522636
s0012,51,0,40.94653
s0012,52,0,60.860073
s0012,53,0,47.511044
s0012,54,0,48.482517
s0012,55,0,49.76458
s0012,56,0,66.70262
s0012,57,0,71.3976
s0012,58,0,56.41248
s0012,59,0,61.231476
s0012,60,0,69.36591
s0012,61,0,57.94413
s0012,62,0,68.71841
s0012,63,0,71.207985
s0012,64,0,60.846664
s0012,65,0,52.37259
s0012,66,0,72.253845
s0012,67,0,71.65416
s0012,68,0,65.42773
s0012,69,0,62.92881
s0012,70,0,63.81184
s0012,71,0,74.09964
s0012,72,0,60.546387
s0012,73,0,74.77652
s0012,74,0,76.23335
s0012,75,0,79.53129
s0012,76,0,80.45189
s0012,77,0,79.285675
s0012,78,0,74.40943
s0012,79,0,79.10189
s0012,80,0,79.12204
s0012,81,0,78.00754
s0012,82,0,65.51851
s0012,83,0,67.8268
s0012,84,0,60.24073
s0012,85,0,66.48358
s0012,86,0,71.373436
s0012,87,0,58.75893
s0012,88,0,62.139538
s0012,89,0,65.5348
s0012,90,0,57.60592
s0012,91,0,71.8081
s0012,92,0,68.199356
s0012,93,0,65.58088
s0012,94,0,68.110275
s0012,95,0,66.22791
s0013,0,0,49.194405
s0013,1,0,52.6844
s0013,2,0,47.0648
s0013,3,0,41.337254
s0013,4,0,57.922485
s0013,5,0,54.665424
s0013,6,0,62.640915
s0013,7,0,55.34649
s0013,8,0,53.83369
s0013,9,0,55.286423
s0013,10,0,59.56449
s0013,11,0,63.939903
s0013,12,0,64.2212
s0013,13,0,68.21864
s0013,14,0,63.135147
s0013,15,0,65.702934
s0013,16,0,61.27372
s0013,17,0,74.14766
s0013,18,0,63.27817
s0013,19,0,63.370354
s0013,20,0,69.1496
s0013,21,0,58.13324
s0013,22,0,72.43144
s0013,23,0,67.51714
s0013,24,0,71.40843
s0013,25,0,74.79545
s0013,26,0,70.80385
s0013,27,0,63.85389
s0013,28,0,65.158905
s0013,29,0,63.18442
s0013,30,0,49.76231
s0013,31,0,62.55107
s0013,32,0,58.68058
s0013,33,0,45.4124
s0013,34,0,52.357204
s0013,35,0,48.59072
s0013,36,0,56.780727
s0013,37,0,61.99545
s0013,38,0,66.011375
s0013,39,0,45.971466
s0013,40,0,58.186764
s0013,41,0,54.967
s0013,42,0,42.846558
s0013,43,0,49.93372
s0013,44,0,39.904408
s0013,45,0,45.459095
s0013,46,0,28.599018
s0013,47,0,60.55543
s0013,48,0,55.633057
s0013,49,0,51.825474
s0013,50,0,46.894268
s0013,51,0,43.361057
s0013,52,0,56.387
s0013,53,0,50.65764
s0013,54,0,45.976795
s0013,55,0,63.951515
s0013,56,0,61.828476
s0013,57,0,58.789417
s0013,58,0,53.735035
s0013,59,0,59.3433
s0013,60,0,62.3289
s0013,61,0,67.7741
s0013,62,0,71.23002
s0013,63,0,72.40138
s0013,64,0,64.64701
s0013,65,0,57.35076
s0013,66,0,77.32812
s0013,67,0,59.795555
s0013,68,0,59.91885
s0013,69,0,60.702797
s0013,70,0,55.393272
s0013,71,0,56.4081
s0013,72,0,68.056244
s0013,73,0,61.704273
s0013,74,0,73.76735
s0013,75,0,79.32181
s0013,76,0,79.39644
s0013,77,0,79.842674
s0013,78,0,78.354034
s0013,79,0,79.51494
s0013,80,0,79.47594
s0013,81,0,79.159134
s0013,82,0,68.74955
s0013,83,0,66.02157
s0013,84,0,67.06763
s0013,85,0,72.59773
s0013,86,0,68.087395
s0013,87,0,61.28159
s0013,88,0,63.790325
s0013,89,0,59.727634
s0013,90,0,61.804836
s0013,91,0,64.29855
s0013,92,0,67.03428
s0013,93,0,72.86168
s0013,94,0,64.40341
s0013,95,0,61.748573
s0014,0,0,56.10562
s0014,1,0,55.044147
s0014,2,0,38.493713
s0014,3,0,32.7957
s0014,4,0,55.887653
s0014,5,0,54.01675
s0014,6,0,63.706642
s0014,7,0,47.27488
s0014,8,0,64.89115
s0014,9,0,62.88116
s0014,10,0,56.254272
s0014,11,0,67.37492
s0014,12,0,63.433002
s0014,13,0,66.53189
s0014,14,0,67.9024
s0014,15,0,62.879936
s0014,16,0,67.676445
s0014,17,0,66.1581
s0014,18,0,61.95081
s0014,19,0,65.078064
s0014,20,0,69.227425
s0014,21,0,61.627434
s0014,22,0,69.93681
s0014,23,0,65.611946
s0014,24,0,69.84361
s0014,25,0,63.14675
s0014,26,0,68.84133
s0014,27,0,65.53169
s0014,28,0,76.269
s0014,29,0,65.81557
s0014,30,0,57.029175
s0014,31,0,63.620842
s0014,32,0,59.684685
s0014,33,0,52.58777
s0014,34,0,53.09927
s0014,35,0,49.18759
s0014,36,0,53.750374
s0014,37,0,58.280422
s0014,38,0,67.49816
s0014,39,0,54.510784
s0014,40,0,68.54654
s0014,41,0,68.32577
s0014,42,0,51.67446
s0014,43,0,57.44241
s0014,44,0,48.500793
s0014,45,0,54.686348
s0014,46,0,46.329887
s0014,47,0,38.7915
s0014,48,0,58.2182
s0014,49,0,46.10089
s0014,50,0,44.856
s0014,51,0,44.46771
s0014,52,0,62.238747
s0014,53,0,55.58936
s0014,54,0,45.439438
s0014,55,0,54.46535
s0014,56,0,64.05764
s0014,57,0,65.321655
s0014,58,0,53.379585
s0014,59,0,67.06075
s0014,60,0,60.79567
s0014,61,0,55.88139
s0014,62,0,65.87776
s0014,63,0,69.12018
s0014,64,0,61.45966
s0014,65,0,65.03019
s0014,66,0,67.4226
s0014,67,0,55.295017
s0014,68,0,60.421284
s0014,69,0,65.04796
s0014,70,0,65.20336
s0014,71,0,60.355972
s0014,72,0,65.07234
s0014,73,0,67.50036
s0014,74,0,79.93445
s0014,75,0,79.27581
s0014,76,0,80.55338
s0014,77,0,78.4221
s0014,78,0,75.27417
s0014,79,0,79.373024
s0014,80,0,79.05749
s0014,81,0,79.4954
s0014,82,0,67.95274
s0014,83,0,62.622513
s0014,84,0,65.05819
s0014,85,0,69.08911
s0014,86,0,63.584507
s0014,87,0,59.40675
s0014,88,0,65.72177
s0014,89,0,65.27758
s0014,90,0,54.935444
s0014,91,0,72.19661
s0014,92,0,64.836426
s0014,93,0,71.14888
s0014,94,0,67.06088
s0014,95,0,75.70233
s0015,0,0,64.480446
s0015,1,0,42.929253
s0015,2,0,43.52745
s0015,3,0,57.43932
s0015,4,0,47.185654
s0015,5,0,53.95136
s0015,6,0,55.041153
s0015,7,0,55.142838
s0015,8,0,57.943943
s0015,9,0,66.40791
s0015,10,0,53.36268
s0015,11,0,67.7982
s0015,12,0,70.37846
s0015,13,0,64.60302
s0015,14,0,60.812046
s0015,15,0,68.082756
s0015,16,0,58.907604
s0015,17,0,76.33628
s0015,18,0,69.79867
s0015,19,0,70.50807
s0015,20,0,70.049576
s0015,21,0,61.234535
s0015,22,0,65.02789
s0015,23,0,70.52648
s0015,24,0,72.339264
s0015,25,0,71.27108
s0015,26,0,64.5686
s0015,27,0,69.81782
s0015,28,0,68.91814
s0015,29,0,66.852585
s0015,30,0,61.50919
s0015,31,0,63.379574
s0015,32,0,66.4384
s0015,33,0,46.9374
s0015,34,0,47.62314
s0015,35,0,60.201576
s0015,36,0,69.65299
s0015,37,0,55.65572
s0015,38,0,45.17111
s0015,39,0,46.98919
s0015,40,0,66.72351
s0015,41,0,53.985104
s0015,42,0,36.837337
s0015,43,0,50.569717
s0015,44,0,38.851574
s0015,45,0,46.77829
s0015,46,0,38.362053
s0015,47,0,42.53583
s0015,48,0,62.366165
s0015,49,0,44.185898
s0015,50,0,39.42865
s0015,51,0,45.69611
s0015,52,0,61.005966
s0015,53,0,68.237495
s0015,54,0,49.675312
s0015,55,0,66.99575
s0015,56,0,59.53772
s0015,57,0,60.207077
s0015,58,0,52.751354
s0015,59,0,63.905594
s0015,60,0,59.86645
s0015,61,0,61.9023
s0015,62,0,66.76563
s0015,63,0,67.7362
s0015,64,0,68.41521
s0015,65,0,61.356964
s0015,66,0,71.604294
s0015,67,0,56.35314
s0015,68,0,58.68542
s0015,69,0,65.384575
s0015,70,0,58.550987
s0015,71,0,51.884884
s0015,72,0,64.227356
s0015,73,0,74.44588
s0015,74,0,74.89126
s0015,75,0,78.3096
s0015,76,0,79.34884
s0015,77,0,78.97747
s0015,78,0,73.33641
s0015,79,0,79.80965
s0015,80,0,79.22521
s0015,81,0,79.36395
s0015,82,0,61.07454
s0015,83,0,63.786266
s0015,84,0,68.23362
s0015,85,0,67.27179
s0015,86,0,67.0186
s0015,87,0,58.72039
s0015,88,0,70.71229
s0015,89,0,58.791615
s0015,90,0,46.29386
s0015,91,0,66.98327
s0015,92,0,67.23405
s0015,93,0,62.292797
s0015,94,0,66.76645
s0015,95,0,66.351006
s0016,0,0,62.6969
s0016,1,0,47.357227
s0016,2,0,46.974842
s0016,3,0,42.484814
s0016,4,0,58.038967
s0016,5,0,56.554886
s0016,6,0,55.4012
s0016,7,0,58.25783
s0016,8,0,65.52417
s0016,9,0,57.4875
s0016,10,0,57.33565
s0016,11,0,66.55998
s0016,12,0,70.201866
s0016,13,0,72.232834
s0016,14,0,64.845345
s0016,15,0,64.62013
s0016,16,0,66.96364
s0016,17,0,65.8527
s0016,18,0,57.726334
s0016,19,0,66.10967
s0016,20,0,71.64488
s0016,21,0,71.42543
s0016,22,0,64.182175
s0016,23,0,62.137154
s0016,24,0,71.32055
s0016,25,0,69.5205
s0016,26,0,68.80846
s0016,27,0,63.31321
s0016,28,0,68.97705
s0016,29,0,73.65763
s0016,30,0,55.530792
s0016,31,0,67.72391
s0016,32,0,58.116673
s0016,33,0,56.916813
s0016,34,0,53.195374
s0016,35,0,49.36653
s0016,36,0,62.482258
s0016,37,0,54.334038
s0016,38,0,57.788498
s0016,39,0,42.56565
s0016,40,0,42.120987
s0016,41,0,58.794838
s0016,42,0,37.406963
s0016,43,0,45.14614
s0016,44,0,44.264942
s0016,45,0,49.401917
s0016,46,0,58.26547
s0016,47,0,28.764671
s0016,48,0,45.714447
s0016,49,0,39.1517
s0016,50,0,57.808155
s0016,51,0,38.086433
s0016,52,0,57.688103
s0016,53,0,52.808025
s0016,54,0,51.015373
s0016,55,0,68.71399
s0016,56,0,67.40714
s0016,57,0,59.910378
s0016,58,0,59.843193
s0016,59,0,64.2719
s0016,60,0,54.575077
s0016,61,0,61.09437
s0016,62,0,75.760445
s0016,63,0,72.419876
s0016,64,0,77.25334
s0016,65,0,69.48677
s0016,66,0,72.53755
s0016,67,0,67.09485
s0016,68,0,68.39892
s0016,69,0,60.464252
s0016,70,0,62.21013
s0016,71,0,53.106888
s0016,72,0,60.85965
s0016,73,0,71.13696
s0016,74,0,78.775215
s0016,75,0,80.25025
s0016,76,0,78.90031
s0016,77,0,79.84178
s0016,78,0,80.58621
s0016,79,0,78.63748
s0016,80,0,79.31047
s0016,81,0,79.635956
s0016,82,0,60.758457
s0016,83,0,63.388878
s0016,84,0,71.21583
s0016,85,0,75.343376
s0016,86,0,62.627804
s0016,87,0,64.42212
s0016,88,0,63.178772
s0016,89,0,65.0617
s0016,90,0,46.729996
s0016,91,0,74.59679
s0016,92,0,67.099174
s0016,93,0,71.02604
s0016,94,0,70.94884
s0016,95,0,71.86093
s0017,0,0,55.3696
s0017,1,0,53.239773
s0017,2,0,52.862423
s0017,3,0,45.647232
s0017,4,0,57.22987
s0017,5,0,56.49801
s0017,6,0,45.52804
s0017,7,0,57.15252
s0017,8,0,59.429913
s0017,9,0,64.806694
s0017,10,0,67.86036
s0017,11,0,67.881226
s0017,12,0,66.42871
s0017,13,0,65.97814
s0017,14,0,69.532326
s0017,15,0,56.619617
s0017,16,0,66.426895
s0017,17,0,69.51289
s0017,18,0,64.11939
s0017,19,0,58.39364
s0017,20,0,67.11251
s0017,21,0,70.93476
s0017,22,0,67.039314
s0017,23,0,74.04372
s0017,24,0,69.85257
s0017,25,0,62.652004
s0017,26,0,72.16816
s0017,27,0,58.576218
s0017,28,0,61.412292
s0017,29,0,67.07739
s0017,30,0,62.147533
s0017,31,0,59.090206
s0017,32,0,62.377274
s0017,33,0,51.548206
s0017,34,0,51.518017
s0017,35,0,59.041977
s0017,36,0,62.539993
s0017,37,0,62.71184
s0017,38,0,59.58551
s0017,39,0,49.727215
s0017,40,0,75.85066
s0017,41,0,68.06755
s0017,42,0,64.91232
s0017,43,0,32.36397
s0017,44,0,31.694916
s0017,45,0,56.556202
s0017,46,0,40.94895
s0017,47,0,50.000454
s0017,48,0,49.61091
s0017,49,0,60.706104
s0017,50,0,49.76684
s0017,51,0,42.6764
s0017,52,0,61.42282
s0017,53,0,53.002865
s0017,54,0,37.290077
s0017,55,0,58.556763
s0017,56,0,53.22888
s0017,57,0,68.45821
s0017,58,0,50.579216
s0017,59,0,67.47059
s0017,60,0,62.726707
s0017,61,0,70.981995
s0017,62,0,68.636955
s0017,63,0,74.19948
s0017,64,0,59.99722
s0017,65,0,67.47536
s0017,66,0,73.541435
s0017,67,0,71.6411
s0017,68,0,67.087296
s0017,69,0,72.31738
s0017,70,0,63.067303
s0017,71,0,64.174065
s0017,72,0,69.36994
s0017,73,0,75.10927
s0017,74,0,77.27911
s0017,75,0,79.49755
s0017,76,0,80.04443
s0017,77,0,80.467285
s0017,78,0,79.80989
s0017,79,0,80.67108
s0017,80,0,79.49301
s0017,81,0,78.69967
s0017,82,0,75.001816
s0017,83,0,64.68656
s0017,84,0,72.88184
s0017,85,0,74.6404
s0017,86,0,72.222946
s0017,87,0,76.84357
s0017,88,0,62.22987
s0017,89,0,66.484344
s0017,90,0,52.27357
s0017,91,0,69.80331
s0017,92,0,67.83782
s0017,93,0,70.85526
s0017,94,0,60.679348
s0017,95,0,62.699142
s0018,0,0,58.47891
s0018,1,0,44.598576
s0018,2,0,51.37821
s0018,3,0,60.025658
s0018,4,0,54.513157
s0018,5,0,52.73037
s0018,6,0,54.672165
s0018,7,0,52.47358
s0018,8,0,63.924942
s0018,9,0,66.61866
s0018,10,0,58.684
s0018,11,0,72.94565
s0018,12,0,73.481064
s0018,13,0,70.00744
s0018,14,0,69.580444
s0018,15,0,71.16618
s0018,16,0,59.636467
s0018,17,0,56.798016
s0018,18,0,76.77393
s0018,19,0,68.2858
s0018,20,0,65.54335
s0018,21,0,70.15108
s0018,22,0,61.886127
s0018,23,0,71.99146
s0018,24,0,68.35515
s0018,25,0,66.77427
s0018,26,0,71.87757
s0018,27,0,70.14591
s0018,28,0,65.043144
s0018,29,0,70.176384
s0018,30,0,62.765766
s0018,31,0,61.869884
s0018,32,0,59.780045
s0018,33,0,56.969296
s0018,34,0,48.86221
s0018,35,0,54.501286
s0018,36,0,48.256233
s0018,37,0,55.08571
s0018,38,0,47.225143
s0018,39,0,51.576897
s0018,40,0,59.439995
s0018,41,0,55.13033
s0018,42,0,28.729492
s0018,43,0,43.787346
s0018,44,0,47.927063
s0018,45,0,38.006725
s0018,46,0,43.47724
s0018,47,0,38.21483
s0018,48,0,57.000072
s0018,49,0,57.247173
s0018,50,0,46.386917
s0018,51,0,55.717316
s0018,52,0,51.002148
s0018,53,0,50.299126
s0018,54,0,62.5558
s0018,55,0,50.785408
s0018,56,0,53.638893
s0018,57,0,62.00907
s0018,58,0,55.00138
s0018,59,0,67.45689
s0018,60,0,57.48301
s0018,61,0,59.520615
s0018,62,0,66.6992
s0018,63,0,73.38985
s0018,64,0,66.05095
s0018,65,0,65.861115
s0018,66,0,74.303986
s0018,67,0,64.32952
s0018,68,0,63.477222
s0018,69,0,63.08175
s0018,70,0,58.390507
s0018,71,0,44.939846
s0018,72,0,57.192516
s0018,73,0,71.871704
s0018,74,0,77.747574
s0018,75,0,79.91311
s0018,76,0,79.79475
s0018,77,0,79.56271
s0018,78,0,75.7109
s0018,79,0,79.862434
s0018,80,0,79.52461
s0018,81,0,78.49015
s0018,82,0,67.817345
s0018,83,0,67.03493
s0018,84,0,69.44291
s0018,85,0,74.302704
s0018,86,0,71.94748
s0018,87,0,59.805515
s0018,88,0,76.50299
s0018,89,0,63.220993
s0018,90,0,59.36312
s0018,91,0,65.20535
s0018,92,0,64.75304
s0018,93,0,62.409245
s0018,94,0,70.078606
s0018,95,0,69.04975
s0019,0,0,55.656784
s0019,1,0,44.938297
s0019,2,0,43.599754
s0019,3,0,44.148323
s0019,4,0,42.351383
s0019,5,0,53.35245
s0019,6,0,43.43455
s0019,7,0,55.715862
s0019,8,0,64.51508
s0019,9,0,60.90621
s0019,10,0,58.106728
s0019,11,0,69.36005
s0019,12,0,65.30496
s0019,13,0,71.00023
s0019,14,0,57.66805
s0019,15,0,65.58799
s0019,16,0,67.61613
s0019,17,0,57.782673
s0019,18,0,59.519676
s0019,19,0,60.917603
s0019,20,0,64.220345
s0019,21,0,71.27623
s0019,22,0,46.9488
s0019,23,0,69.216354
s0019,24,0,73.1238
s0019,25,0,75.63933
s0019,26,0,69.49633
s0019,27,0,69.43167
s0019,28,0,77.35975
s0019,29,0,60.129345
s0019,30,0,58.70907
s0019,31,0,62.769833
s0019,32,0,61.478146
s0019,33,0,52.656208
s0019,34,0,50.868584
s0019,35,0,56.194305
s0019,36,0,54.755352
s0019,37,0,56.631886
s0019,38,0,64.98334
s0019,39,0,57.16022
s0019,40,0,77.13431
s0019,41,0,63.376507
s0019,42,0,49.198524
s0019,43,0,31.93468
s0019,44,0,49.239426
s0019,45,0,52.05942
s0019,46,0,31.401464
s0019,47,0,61.232216
s0019,48,0,44.59934
s0019,49,0,41.844067
s0019,50,0,45.30466
s0019,51,0,63.21023
s0019,52,0,60.30824
s0019,53,0,40.97154
s0019,54,0,49.6928
s0019,55,0,60.06015
s0019,56,0,63.105106
s0019,57,0,64.91147
s0019,58,0,60.303337
s0019,59,0,70.73973
s0019,60,0,59.31391
s0019,61,0,49.82722
s0019,62,0,77.42328
s0019,63,0,74.551094
s0019,64,0,64.28968
s0019,65,0,56.577335
s0019,66,0,74.01912
s0019,67,0,51.698006
s0019,68,0,69.10877
s0019,69,0,66.77886
s0019,70,0,63.15686
s0019,71,0,62.496964
s0019,72,0,64.61519
s0019,73,0,62.841236
s0019,74,0,77.0378
s0019,75,0,78.55857
s0019,76,0,79.94966
s0019,77,0,80.41651
s0019,78,0,79.28248
s0019,79,0,78.89864
s0019,80,0,78.779175
s0019,81,0,76.70128
s0019,82,0,61.629124
s0019,83,0,63.61188
s0019,84,0,65.946045
s0019,85,0,67.674835
s0019,86,0,62.519855
s0019,87,0,70.2279
s0019,88,0,55.13566
s0019,89,0,56.573483
s0019,90,0,50.471474
s0019,91,0,69.004074
s0019,92,0,73.81598
s0019,93,0,68.89249
s0019,94,0,70.384865
s0019,95,0,65.392426
s0020,0,0,51.435677
s0020,1,0,40.906013
s0020,2,0,45.69856
s0020,3,0,47.880318
s0020,4,0,47.594574
s0020,5,0,47.69648
s0020,6,0,53.54711
s0020,7,0,44.687798
s0020,8,0,56.098137
s0020,9,0,57.807446
s0020,10,0,64.81353
s0020,11,0,65.508064
s0020,12,0,61.30351
s0020,13,0,60.673016
s0020,14,0,60.24233
s0020,15,0,56.88426
s0020,16,0,68.3546
s0020,17,0,64.21394
s0020,18,0,70.27976
s0020,19,0,66.76929
s0020,20,0,68.097496
s0020,21,0,64.93972
s0020,22,0,66.69923
s0020,23,0,66.50128
s0020,24,0,75.50806
s0020,25,0,69.922066
s0020,26,0,63.21622
s0020,27,0,70.06294
s0020,28,0,75.84995
s0020,29,0,60.824787
s0020,30,0,53.866695
s0020,31,0,61.89882
s0020,32,0,60.66698
s0020,33,0,52.312737
s0020,34,0,54.03596
s0020,35,0,52.633892
s0020,36,0,59.735584
s0020,37,0,64.20794
s0020,38,0,56.395363
s0020,39,0,49.59752
s0020,40,0,60.036865
s0020,41,0,55.97974
s0020,42,0,40.51896
s0020,43,0,63.852497
s0020,44,0,45.95938
s0020,45,0,39.53085
s0020,46,0,54.864227
s0020,47,0,54.785473
s0020,48,0,60.152218
s0020,49,0,53.800762
s0020,50,0,47.855717
s0020,51,0,51.035316
s0020,52,0,28.585459
s0020,53,0,52.984783
s0020,54,0,57.802593
s0020,55,0,55.646194
s0020,56,0,56.03018
s0020,57,0,53.45455
s0020,58,0,62.234173
s0020,59,0,62.027714
s0020,60,0,60.988297
s0020,61,0,57.865814
s0020,62,0,66.76848
s0020,63,0,70.409775
s0020,64,0,59.186092
s0020,65,0,61.8339
s0020,66,0,67.47476
s0020,67,0,61.985508
s0020,68,0,59.196598
s0020,69,0,66.61713
s0020,70,0,58.68628
s0020,71,0,62.189262
s0020,72,0,56.842205
s0020,73,0,72.47381
s0020,74,0,75.761665
s0020,75,0,78.849686
s0020,76,0,83.55608
s0020,77,0,79.51898
s0020,78,0,76.270584
s0020,79,0,79.352234
s0020,80,0,79.56625
s0020,81,0,80.591774
s0020,82,0,68.67408
s0020,83,0,66.10162
s0020,84,0,70.24753
s0020,85,0,72.76269
s0020,86,0,68.950195
s0020,87,0,59.6612
s0020,88,0,59.730297
s0020,89,0,61.997818
s0020,90,0,56.49553
s0020,91,0,73.09534
s0020,92,0,74.40178
s0020,93,0,66.61819
s0020,94,0,76.87618
s0020,95,0,58.339622
s0021,0,0,56.46139
s0021,1,0,41.63053
s0021,2,0,39.24096
s0021,3,0,48.554077
s0021,4,0,56.165634
s0021,5,0,57.167667
s0021,6,0,46.045605
s0021,7,0,56.42806
s0021,8,0,62.04913
s0021,9,0,57.111885
s0021,10,0,56.20327
s0021,11,0,66.424446
s0021,12,0,73.88085
s0021,13,0,71.1964
s0021,14,0,66.06354
s0021,15,0,73.451035
s0021,16,0,68.51063
s0021,17,0,59.481228
s0021,18,0,71.44465
s0021,19,0,64.92848
s0021,20,0,72.42268
s0021,21,0,54.896255
s0021,22,0,65.596596
s0021,23,0,69.90228
s0021,24,0,65.94875
s0021,25,0,65.05108
s0021,26,0,69.92257
s0021,27,0,62.36885
s0021,28,0,71.69041
s0021,29,0,74.93914
s0021,30,0,51.72122
s0021,31,0,57.143406
s0021,32,0,64.101944
s0021,33,0,44.9667
s0021,34,0,63.811737
s0021,35,0,51.175846
s0021,36,0,43.39324
s0021,37,0,40.07489
s0021,38,0,53.793358
s0021,39,0,53.70071
s0021,40,0,61.818356
s0021,41,0,36.38045
s0021,42,0,40.26191
s0021,43,0,51.29778
s0021,44,0,58.319893
s0021,45,0,71.024796
s0021,46,0,51.900497
s0021,47,0,60.29083
s0021,48,0,51.99981
s0021,49,0,44.269024
s0021,50,0,52.577183
s0021,51,0,26.798136
s0021,52,0,44.054592
s0021,53,0,55.980324
s0021,54,0,53.66488
s0021,55,0,58.405014
s0021,56,0,47.818073
s0021,57,0,53.940308
s0021,58,0,59.93989
s0021,59,0,70.66885
s0021,60,0,65.17684
s0021,61,0,61.79129
s0021,62,0,73.075806
s0021,63,0,70.50524
s0021,64,0,74.58534
s0021,65,0,64.387856
s0021,66,0,69.891716
s0021,67,0,66.41117
s0021,68,0,62.29153
s0021,69,0,69.60989
s0021,70,0,57.258926
s0021,71,0,62.78839
s0021,72,0,62.530685
s0021,73,0,62.223553
s0021,74,0,78.55029
s0021,75,0,79.25995
s0021,76,0,79.74708
s0021,77,0,79.97975
s0021,78,0,77.35078
s0021,79,0,80.67796
s0021,80,0,79.71359
s0021,81,0,77.749886
s0021,82,0,69.389694
s0021,83,0,65.886345
s0021,84,0,71.78173
s0021,85,0,72.55103
s0021,86,0,63.761223
s0021,87,0,59.189262
s0021,88,0,65.807045
s0021,89,0,53.785866
s0021,90,0,57.55995
s0021,91,0,68.65264
s0021,92,0,67.785126
s0021,93,0,69.07148
s0021,94,0,67.48629
s0021,95,0,74.180176
s0022,0,0,57.466263
s0022,1,0,47.001694
s0022,2,0,45.229656
s0022,3,0,44.242214
s0022,4,0,60.87233
s0022,5,0,54.164806
s0022,6,0,53.694695
s0022,7,0,56.02213
s0022,8,0,63.33172
s0022,9,0,54.488255
s0022,10,0,49.792194
s0022,11,0,71.21564
s0022,12,0,63.15898
s0022,13,0,68.26636
s0022,14,0,61.050007
s0022,15,0,65.202515
s0022,16,0,68.48388
s0022,17,0,71.876205
s0022,18,0,67.64266
s0022,19,0,65.670006
s0022,20,0,71.685905
s0022,21,0,61.88763
s0022,22,0,64.98837
s0022,23,0,73.75608
s0022,24,0,61.812233
s0022,25,0,72.880135
s0022,26,0,73.18719
s0022,27,0,54.617916
s0022,28,0,69.18884
s0022,29,0,64.30415
s0022,30,0,61.274685
s0022,31,0,45.558567
s0022,32,0,69.33888
s0022,33,0,56.67995
s0022,34,0,55.115562
s0022,35,0,49.126896
s0022,36,0,47.928337
s0022,37,0,50.32409
s0022,38,0,50.99332
s0022,39,0,55.043896
s0022,40,0,70.12382
s0022,41,0,58.09945
s0022,42,0,45.16891
s0022,43,0,53.379665
s0022,44,0,60.65097
s0022,45,0,67.92788
s0022,46,0,37.53214
s0022,47,0,64.742645
s0022,48,0,40.345234
s0022,49,0,51.855907
s0022,50,0,48.05982
s0022,51,0,56.86649
s0022,52,0,48.7432
s0022,53,0,57.648026
s0022,54,0,49.585773
s0022,55,0,43.928852
s0022,56,0,48.245754
s0022,57,0,58.809277
s0022,58,0,56.668087
s0022,59,0,55.615402
s0022,60,0,65.04831
s0022,61,0,66.12194
s0022,62,0,68.94846
s0022,63,0,75.91705
s0022,64,0,65.927956
s0022,65,0,68.320366
s0022,66,0,64.2918
s0022,67,0,71.21893
s0022,68,0,56.202736
s0022,69,0,64.89849
s0022,70,0,48.17467
s0022,71,0,65.33771
s0022,72,0,60.436943
s0022,73,0,62.495037
s0022,74,0,77.00529
s0022,75,0,78.76379
s0022,76,0,79.579834
s0022,77,0,80.14042
s0022,78,0,75.6546
s0022,79,0,78.7018
s0022,80,0,79.61392
s0022,81,0,77.90471
s0022,82,0,58.626072
s0022,83,0,61.177017
s0022,84,0,68.71592
s0022,85,0,65.96685
s0022,86,0,45.119545
s0022,87,0,64.514496
s0022,88,0,63.260223
s0022,89,0,69.675385
s0022,90,0,59.51216
s0022,91,0,73.53883
s0022,92,0,72.939865
s0022,93,0,71.56666
s0022,94,0,72.660965
s0022,95,0,64.202774
s0023,0,0,48.997517
s0023,1,0,60.066517
s0023,2,0,53.930237
s0023,3,0,53.20169
s0023,4,0,30.749456
s0023,5,0,50.843666
s0023,6,0,53.76687
s0023,7,0,63.868103
s0023,8,0,57.036346
s0023,9,0,64.77771
s0023,10,0,65.670235
s0023,11,0,65.15938
s0023,12,0,65.22515
s0023,13,0,66.2442
s0023,14,0,64.428055
s0023,15,0,68.16429
s0023,16,0,65.606674
s0023,17,0,65.53877
s0023,18,0,65.99772
s0023,19,0,61.998714
s0023,20,0,66.84007
s0023,21,0,65.837494
s0023,22,0,66.277504
s0023,23,0,68.01098
s0023,24,0,76.07979
s0023,25,0,78.18975
s0023,26,0,67.64946
s0023,27,0,69.3221
s0023,28,0,66.48915
s0023,29,0,70.44398
s0023,30,0,56.216515
s0023,31,0,67.5702
s0023,32,0,62.6303
s0023,33,0,50.648308
s0023,34,0,52.56571
s0023,35,0,50.8164
s0023,36,0,60.985798
s0023,37,0,63.685432
s0023,38,0,52.706844
s0023,39,0,61.264923
s0023,40,0,73.760124
s0023,41,0,48.32367
s0023,42,0,43.160168
s0023,43,0,48.31602
s0023,44,0,32.580463
s0023,45,0,57.469357
s0023,46,0,59.827744
s0023,47,0,54.134315
s0023,48,0,58.825504
s0023,49,0,46.82153
s0023,50,0,53.412357
s0023,51,0,60.44939
s0023,52,0,63.678963
s0023,53,0,37.339718
s0023,54,0,55.032562
s0023,55,0,49.234665
s0023,56,0,61.36109
s0023,57,0,65.740135
s0023,58,0,53.853703
s0023,59,0,61.749813
s0023,60,0,64.643394
s0023,61,0,62.213497
s0023,62,0,74.42105
s0023,63,0,79.32917
s0023,64,0,68.74618
s0023,65,0,67.22015
s0023,66,0,68.43917
s0023,67,0,66.23423
s0023,68,0,70.06792
s0023,69,0,62.56978
s0023,70,0,56.355812
s0023,71,0,58.372032
s0023,72,0,55.422695
s0023,73,0,73.27759
s0023,74,0,75.92104
s0023,75,0,79.95216
s0023,76,0,78.80941
s0023,77,0,79.81594
s0023,78,0,76.36373
s0023,79,0,79.44453
s0023,80,0,79.44314
s0023,81,0,79.6292
s0023,82,0,65.40433
s0023,83,0,74.41422
s0023,84,0,74.238556
s0023,85,0,77.646904
s0023,86,0,64.33263
s0023,87,0,65.43527
s0023,88,0,69.14096
s0023,89,0,67.69713
s0023,90,0,54.01863
s0023,91,0,68.205605
s0023,92,0,63.0433
s0023,93,0,66.92037
s0023,94,0,66.271645
s0023,95,0,67.694305
s0024,0,0,55.49942
s0024,1,0,43.592297
s0024,2,0,49.58864
s0024,3,0,48.40181
s0024,4,0,45.744022
s0024,5,0,58.905144
s0024,6,0,54.607273
s0024,7,0,61.22813
s0024,8,0,62.441853
s0024,9,0,61.092297
s0024,10,0,55.050846
s0024,11,0,65.58776
s0024,12,0,65.82944
s0024,13,0,76.02146
s0024,14,0,66.893486
s0024,15,0,71.41606
s0024,16,0,73.60389
s0024,17,0,71.054016
s0024,18,0,61.008263
s0024,19,0,68.05749
s0024,20,0,68.243675
s0024,21,0,58.196003
s0024,22,0,67.229485
s0024,23,0,67.68852
s0024,24,0,71.20715
s0024,25,0,65.025375
s0024,26,0,67.66169
s0024,27,0,66.36472
s0024,28,0,70.44385
s0024,29,0,77.91894
s0024,30,0,61.009705
s0024,31,0,67.493195
s0024,32,0,64.81222
s0024,33,0,52.021297
s0024,34,0,49.263706
s0024,35,0,57.308468
s0024,36,0,58.115913
s0024,37,0,58.198338
s0024,38,0,53.119156
s0024,39,0,43.11296
s0024,40,0,58.94619
s0024,41,0,53.559566
s0024,42,0,52.10824
s0024,43,0,37.096146
s0024,44,0,46.636963
s0024,45,0,56.78322
s0024,46,0,21.21067
s0024,47,0,41.795742
s0024,48,0,54.45023
s0024,49,0,51.38347
s0024,50,0,51.165897
s0024,51,0,49.528645
s0024,52,0,52.962463
s0024,53,0,51.526783
s0024,54,0,53.425453
s0024,55,0,53.313072
s0024,56,0,54.3969
s0024,57,0,61.539806
s0024,58,0,53.39755
s0024,59,0,65.49748
s0024,60,0,65.55681
s0024,61,0,65.563675
s0024,62,0,71.136765
s0024,63,0,63.752323
s0024,64,0,70.77644
s0024,65,0,69.64041
s0024,66,0,68.81456
s0024,67,0,62.393116
s0024,68,0,72.64461
s0024,69,0,58.730957
s0024,70,0,57.574825
s0024,71,0,64.27295
s0024,72,0,54.896538
s0024,73,0,67.90118
s0024,74,0,76.49266
s0024,75,0,79.60573
s0024,76,0,78.76251
s0024,77,0,79.77271
s0024,78,0,77.94631
s0024,79,0,78.50667
s0024,80,0,79.10116
s0024,81,0,77.70712
s0024,82,0,67.70613
s0024,83,0,69.295265
s0024,84,0,67.57036
s0024,85,0,73.94194
s0024,86,0,63.65799
s0024,87,0,52.49651
s0024,88,0,64.33024
s0024,89,0,61.643948
s0024,90,0,57.282116
s0024,91,0,65.10198
s0024,92,0,65.53242
s0024,93,0,69.20964
s0024,94,0,65.958275
s0024,95,0,64.52434
s0025,0,0,53.884094
s0025,1,0,45.63714
s0025,2,0,42.000572
s0025,3,0,47.75369
s0025,4,0,57.25408
s0025,5,0,52.868946
s0025,6,0,56.71443
s0025,7,0,53.184593
s0025,8,0,58.27227
s0025,9,0,70.781395
s0025,10,0,56.016247
s0025,11,0,70.15787
s0025,12,0,64.07277
s0025,13,0,62.30847
s0025,14,0,68.696976
s0025,15,0,62.12978
s0025,16,0,71.25465
s0025,17,0,63.858776
s0025,18,0,65.909935
s0025,19,0,76.23462
s0025,20,0,69.94695
s0025,21,0,64.91119
s0025,22,0,73.46769
s0025,23,0,67.464615
s0025,24,0,69.57092
s0025,25,0,73.414246
s0025,26,0,69.01262
s0025,27,0,68.93801
s0025,28,0,73.97684
s0025,29,0,73.30176
s0025,30,0,64.134674
s0025,31,0,67.08208
s0025,32,0,62.890396
s0025,33,0,58.045338
s0025,34,0,53.273422
s0025,35,0,56.605595
s0025,36,0,57.519463
s0025,37,0,59.281013
s0025,38,0,60.461357
s0025,39,0,48.1589
s0025,40,0,69.25229
s0025,41,0,58.766865
s0025,42,0,51.17051
s0025,43,0,49.567932
s0025,44,0,51.36656
s0025,45,0,67.08913
s0025,46,0,37.066208
s0025,47,0,24.61036
s0025,48,0,59.38002
s0025,49,0,54.671185
s0025,50,0,44.840717
s0025,51,0,40.7428
s0025,52,0,43.31866
s0025,53,0,51.995907
s0025,54,0,52.548313
s0025,55,0,63.882603
s0025,56,0,60.074146
s0025,57,0,60.794464
s0025,58,0,54.508274
s0025,59,0,69.355576
s0025,60,0,61.851658
s0025,61,0,53.396126
s0025,62,0,76.6278
s0025,63,0,75.393036
s0025,64,0,72.54868
s0025,65,0,62.59087
s0025,66,0,67.58192
s0025,67,0,61.28895
s0025,68,0,70.504105
s0025,69,0,65.273926
s0025,70,0,61.24563
s0025,71,0,61.703014
s0025,72,0,52.916725
s0025,73,0,76.8325
s0025,74,0,72.45155
s0025,75,0,79.29619
s0025,76,0,78.785965
s0025,77,0,79.70044
s0025,78,0,79.091156
s0025,79,0,79.67106
s0025,80,0,80.38059
s0025,81,0,77.52693
s0025,82,0,65.53074
s0025,83,0,62.039078
s0025,84,0,67.73782
s0025,85,0,74.12787
s0025,86,0,67.286156
s0025,87,0,61.918407
s0025,88,0,63.514713
s0025,89,0,58.054817
s0025,90,0,57.80069
s0025,91,0,66.41422
s0025,92,0,69.99395
s0025,93,0,69.713
s0025,94,0,62.466183
s0025,95,0,73.4215
s0026,0,0,54.36117
s0026,1,0,51.543884
s0026,2,0,35.69159
s0026,3,0,52.214806
s0026,4,0,41.5306
s0026,5,0,56.30684
s0026,6,0,54.938812
s0026,7,0,56.98242
s0026,8,0,63.88626
s0026,9,0,52.6471
s0026,10,0,63.227535
s0026,11,0,69.429695
s0026,12,0,70.77255
s0026,13,0,66.88204
s0026,14,0,64.72171
s0026,15,0,64.751495
s0026,16,0,65.79782
s0026,17,0,69.476746
s0026,18,0,66.79394
s0026,19,0,54.6463
s0026,20,0,68.2484
s0026,21,0,61.716106
s0026,22,0,69.1626
s0026,23,0,68.49692
s0026,24,0,72.39765
s0026,25,0,67.005775
s0026,26,0,70.144226
s0026,27,0,60.237133
s0026,28,0,72.78611
s0026,29,0,65.373604
s0026,30,0,55.780785
s0026,31,0,60.624016
s0026,32,0,54.946888
s0026,33,0,54.975956
s0026,34,0,50.72865
s0026,35,0,60.846577
s0026,36,0,55.6187
s0026,37,0,50.296604
s0026,38,0,59.930664
s0026,39,0,53.02136
s0026,40,0,61.124523
s0026,41,0,45.158794
s0026,42,0,49.96771
s0026,43,0,51.59375
s0026,44,0,45.983864
s0026,45,0,59.3318
s0026,46,0,45.49383
s0026,47,0,43.239136
s0026,48,0,55.678032
s0026,49,0,41.809437
s0026,50,0,48.08532
s0026,51,0,66.49847
s0026,52,0,58.861626
s0026,53,0,56.01326
s0026,54,0,50.693867
s0026,55,0,41.356014
s0026,56,0,54.06052
s0026,57,0,61.813942
s0026,58,0,50.919914
s0026,59,0,62.17107
s0026,60,0,76.01078
s0026,61,0,61.409195
s0026,62,0,74.15038
s0026,63,0,67.67962
s0026,64,0,70.14865
s0026,65,0,61.723907
s0026,66,0,73.02296
s0026,67,0,62.252834
s0026,68,0,69.36377
s0026,69,0,73.18593
s0026,70,0,57.452663
s0026,71,0,69.91834
s0026,72,0,55.351707
s0026,73,0,71.394295
s0026,74,0,74.70685
s0026,75,0,79.06497
s0026,76,0,80.16134
s0026,77,0,79.35058
s0026,78,0,77.71351
s0026,79,0,79.61828
s0026,80,0,78.53791
s0026,81,0,77.49367
s0026,82,0,65.60211
s0026,83,0,72.82875
s0026,84,0,66.40245
s0026,85,0,75.57126
s0026,86,0,67.42966
s0026,87,0,57.155235
s0026,88,0,61.29924
s0026,89,0,59.46264
s0026,90,0,57.8968
s0026,91,0,65.04909
s0026,92,0,69.48728
s0026,93,0,68.5256
s0026,94,0,71.81674
s0026,95,0,64.39283
s0027,0,0,53.50624
s0027,1,0,40.610153
s0027,2,0,47.881153
s0027,3,0,38.624523
s0027,4,0,50.654594
s0027,5,0,55.305256
s0027,6,0,52.99982
s0027,7,0,47.908554
s0027,8,0,63.846607
s0027,9,0,60.40889
s0027,10,0,64.241196
s0027,11,0,77.298775
s0027,12,0,73.341194
s0027,13,0,66.267715
s0027,14,0,64.43103
s0027,15,0,60.40559
s0027,16,0,70.07682
s0027,17,0,70.14789
s0027,18,0,60.258743
s0027,19,0,71.365585
s0027,20,0,68.65391
s0027,21,0,65.70259
s0027,22,0,65.35199
s0027,23,0,54.83
s0027,24,0,63.768093
s0027,25,0,71.902084
s0027,26,0,72.07093
s0027,27,0,64.72704
s0027,28,0,69.226204
s0027,29,0,58.66409
s0027,30,0,62.505875
s0027,31,0,53.89349
s0027,32,0,54.729916
s0027,33,0,56.265793
s0027,34,0,55.484024
s0027,35,0,47.859947
s0027,36,0,54.151825
s0027,37,0,58.39083
s0027,38,0,69.08852
s0027,39,0,16.614805
s0027,40,0,58.937733
s0027,41,0,66.595566
s0027,42,0,47.98366
s0027,43,0,57.351734
s0027,44,0,48.16678
s0027,45,0,71.42417
s0027,46,0,28.114567
s0027,47,0,43.68659
s0027,48,0,56.092327
s0027,49,0,55.46445
s0027,50,0,58.80323
s0027,51,0,46.442112
s0027,52,0,43.47647
s0027,53,0,38.528408
s0027,54,0,51.93467
s0027,55,0,61.650814
s0027,56,0,69.6149
s0027,57,0,64.47619
s0027,58,0,50.7482
s0027,59,0,64.83991
s0027,60,0,60.36031
s0027,61,0,60.384995
s0027,62,0,68.3506
s0027,63,0,75.566574
s0027,64,0,67.93629
s0027,65,0,73.177895
s0027,66,0,69.08665
s0027,67,0,54.001953
s0027,68,0,67.323166
s0027,69,0,62.18288
s0027,70,0,69.23169
s0027,71,0,57.063526
s0027,72,0,58.10146
s0027,73,0,69.22758
s0027,74,0,77.03008
s0027,75,0,78.753174
s0027,76,0,80.15152
s0027,77,0,79.36695
s0027,78,0,78.55628
s0027,79,0,79.57981
s0027,80,0,80.38838
s0027,81,0,80.413925
s0027,82,0,72.16937
s0027,83,0,62.408585
s0027,84,0,61.282948
s0027,85,0,81.34118
s0027,86,0,65.74643
s0027,87,0,66.0959
s0027,88,0,75.63619
s0027,89,0,55.496586
s0027,90,0,55.930763
s0027,91,0,74.42837
s0027,92,0,67.445335
s0027,93,0,65.11218
s0027,94,0,67.6467
s0027,95,0,66.74838
s0028,0,0,54.230724
s0028,1,0,51.421494
s0028,2,0,40.543476
s0028,3,0,39.5805
s0028,4,0,54.062332
s0028,5,0,44.753998
s0028,6,0,55.935524
s0028,7,0,65.095566
s0028,8,0,66.357704
s0028,9,0,62.549683
s0028,10,0,51.99728
s0028,11,0,65.26603
s0028,12,0,57.941006
s0028,13,0,72.66599
s0028,14,0,74.427795
s0028,15,0,69.99464
s0028,16,0,61.83738
s0028,17,0,78.474785
s0028,18,0,70.67634
s0028,19,0,65.22587
s0028,20,0,70.74308
s0028,21,0,70.100876
s0028,22,0,63.524044
s0028,23,0,71.846985
s0028,24,0,71.25243
s0028,25,0,65.44386
s0028,26,0,66.081024
s0028,27,0,62.887077
s0028,28,0,65.13533
s0028,29,0,73.90394
s0028,30,0,56.35377
s0028,31,0,58.39829
s0028,32,0,51.41439
s0028,33,0,52.208103
s0028,34,0,57.444946
s0028,35,0,63.725048
s0028,36,0,54.069206
s0028,37,0,57.195297
s0028,38,0,63.836834
s0028,39,0,64.75352
s0028,40,0,68.20445
s0028,41,0,57.21424
s0028,42,0,44.140415
s0028,43,0,65.060036
s0028,44,0,48.346073
s0028,45,0,68.331436
s0028,46,0,42.963737
s0028,47,0,27.769424
s0028,48,0,47.070114
s0028,49,0,46.35601
s0028,50,0,43.57503
s0028,51,0,38.656864
s0028,52,0,47.72832
s0028,53,0,48.92061
s0028,54,0,60.105827
s0028,55,0,54.72663
s0028,56,0,59.231304
s0028,57,0,70.49109
s0028,58,0,54.0661
s0028,59,0,67.887
s0028,60,0,64.23533
s0028,61,0,62.159374
s0028,62,0,65.0651
s0028,63,0,67.85873
s0028,64,0,71.35611
s0028,65,0,63.302326
s0028,66,0,73.427895
s0028,67,0,59.499306
s0028,68,0,66.50981
s0028,69,0,62.22674
s0028,70,0,53.203896
s0028,71,0,67.49264
s0028,72,0,56.004467
s0028,73,0,67.058205
s0028,74,0,78.71298
s0028,75,0,79.50071
s0028,76,0,79.95963
s0028,77,0,80.09294
s0028,78,0,79.33411
s0028,79,0,80.11612
s0028,80,0,78.41478
s0028,81,0,78.871216
s0028,82,0,67.666374
s0028,83,0,67.44723
s0028,84,0,65.87662
s0028,85,0,70.822365
s0028,86,0,61.97406
s0028,87,0,58.431126
s0028,88,0,60.893734
s0028,89,0,64.143845
s0028,90,0,63.101738
s0028,91,0,67.826
s0028,92,0,62.404392
s0028,93,0,76.11503
s0028,94,0,71.12827
s0028,95,0,67.745834
s0029,0,0,58.903923
s0029,1,0,47.258656
s0029,2,0,36.960808
s0029,3,0,43.02084
s0029,4,0,53.341652
s0029,5,0,52.35971
s0029,6,0,58.32288
s0029,7,0,64.28148
s0029,8,0,64.653275
s0029,9,0,64.175026
s0029,10,0,55.017605
s0029,11,0,63.47148
s0029,12,0,65.51505
s0029,13,0,65.65897
s0029,14,0,65.73131
s0029,15,0,61.50916
s0029,16,0,69.69708
s0029,17,0,66.1091
s0029,18,0,59.454792
s0029,19,0,63.64047
s0029,20,0,67.26655
s0029,21,0,65.3335
s0029,22,0,69.71858
s0029,23,0,70.7625
s0029,24,0,70.99593
s0029,25,0,79.37882
s0029,26,0,72.209496
s0029,27,0,71.45586
s0029,28,0,76.91268
s0029,29,0,63.030087
s0029,30,0,52.27372
s0029,31,0,66.189964
s0029,32,0,61.409187
s0029,33,0,47.982883
s0029,34,0,53.488853
s0029,35,0,51.31109
s0029,36,0,53.08469
s0029,37,0,55.776245
s0029,38,0,50.42072
s0029,39,0,38.206608
s0029,40,0,56.719364
s0029,41,0,40.893196
s0029,42,0,51.728813
s0029,43,0,44.641865
s0029,44,0,42.80717
s0029,45,0,51.395836
s0029,46,0,34.572754
s0029,47,0,42.545982
s0029,48,0,42.70918
s0029,49,0,54.85221
s0029,50,0,48.044823
s0029,51,0,47.219883
s0029,52,0,64.43728
s0029,53,0,52.200436
s0029,54,0,44.806602
s0029,55,0,52.45002
s0029,56,0,58.75568
s0029,57,0,54.16608
s0029,58,0,65.05672
s0029,59,0,64.01604
s0029,60,0,55.879417
s0029,61,0,64.38981
s0029,62,0,67.02588
s0029,63,0,67.1654
s0029,64,0,63.45274
s0029,65,0,63.61322
s0029,66,0,76.06242
s0029,67,0,64.949776
s0029,68,0,66.30062
s0029,69,0,60.585926
s0029,70,0,50.34526
s0029,71,0,57.192234
s0029,72,0,60.077187
s0029,73,0,64.34798
s0029,74,0,75.17094
s0029,75,0,79.714935
s0029,76,0,78.83535
s0029,77,0,79.12583
s0029,78,0,81.34414
s0029,79,0,79.10444
s0029,80,0,79.11955
s0029,81,0,80.96088
s0029,82,0,60.904434
s0029,83,0,70.44651
s0029,84,0,70.03124
s0029,85,0,75.360435
s0029,86,0,61.288208
s0029,87,0,54.935932
s0029,88,0,57.12334
s0029,89,0,65.84167
s0029,90,0,51.191017
s0029,91,0,76.57359
s0029,92,0,73.038765
s0029,93,0,71.86348
s0029,94,0,66.888275
s0029,95,0,68.50595
s0030,0,0,49.561996
s0030,1,0,45.473606
s0030,2,0,44.236034
s0030,3,0,41.573715
s0030,4,0,55.050243
s0030,5,0,40.860966
s0030,6,0,58.284492
s0030,7,0,54.52632
s0030,8,0,60.76451
s0030,9,0,57.94314
s0030,10,0,63.128345
s0030,11,0,53.854923
s0030,12,0,60.349606
s0030,13,0,63.23176
s0030,14,0,65.73885
s0030,15,0,62.538525
s0030,16,0,68.18744
s0030,17,0,72.47129
s0030,18,0,61.68798
s0030,19,0,65.34223
s0030,20,0,73.4948
s0030,21,0,69.40808
s0030,22,0,65.30756
s0030,23,0,71.84067
s0030,24,0,72.94773
s0030,25,0,69.19169
s0030,26,0,68.80126
s0030,27,0,68.86462
s0030,28,0,70.91915
s0030,29,0,77.67164
s0030,30,0,59.27941
s0030,31,0,58.95745
s0030,32,0,65.01416
s0030,33,0,54.00111
s0030,34,0,49.258213
s0030,35,0,48.187687
s0030,36,0,49.07062
s0030,37,0,56.94432
s0030,38,0,65.09533
s0030,39,0,58.257767
s0030,40,0,44.806652
s0030,41,0,56.79932
s0030,42,0,43.752346
s0030,43,0,48.627983
s0030,44,0,57.59996
s0030,45,0,37.033993
s0030,46,0,33.60722
s0030,47,0,69.393616
s0030,48,0,48.286007
s0030,49,0,35.548576
s0030,50,0,52.06484
s0030,51,0,26.919186
s0030,52,0,48.656937
s0030,53,0,59.320377
s0030,54,0,58.232815
s0030,55,0,45.103546
s0030,56,0,49.63636
s0030,57,0,57.240997
s0030,58,0,58.892365
s0030,59,0,70.73643
s0030,60,0,53.865223
s0030,61,0,66.62572
s0030,62,0,78.505646
s0030,63,0,74.64209
s0030,64,0,62.22275
s0030,65,0,60.82087
s0030,66,0,69.49415
s0030,67,0,68.3339
s0030,68,0,71.49334
s0030,69,0,66.10968
s0030,70,0,67.62825
s0030,71,0,67.75378
s0030,72,0,59.26422
s0030,73,0,68.38962
s0030,74,0,76.77092
s0030,75,0,79.26586
s0030,76,0,79.21836
s0030,77,0,79.95168
s0030,78,0,77.90724
s0030,79,0,78.817
s0030,80,0,79.02989
s0030,81,0,78.08229
s0030,82,0,62.36128
s0030,83,0,67.0289
s0030,84,0,64.56949
s0030,85,0,70.6199
s0030,86,0,62.59669
s0030,87,0,62.674217
s0030,88,0,62.931744
s0030,89,0,57.62633
s0030,90,0,55.326466
s0030,91,0,66.21245
s0030,92,0,61.926365
s0030,93,0,59.77662
s0030,94,0,66.17304
s0030,95,0,72.63355
s0031,0,0,55.072075
s0031,1,0,53.133595
s0031,2,0,43.202766
s0031,3,0,51.992046
s0031,4,0,55.224697
s0031,5,0,51.255768
s0031,6,0,45.72154
s0031,7,0,61.73166
s0031,8,0,60.538628
s0031,9,0,62.834988
s0031,10,0,58.734154
s0031,11,0,55.884434
s0031,12,0,67.74603
s0031,13,0,66.40381
s0031,14,0,58.783695
s0031,15,0,64.58648
s0031,16,0,66.66573
s0031,17,0,67.69068
s0031,18,0,63.947216
s0031,19,0,64.89815
s0031,20,0,66.189125
s0031,21,0,80.402306
s0031,22,0,65.32752
s0031,23,0,59.785633
s0031,24,0,74.426674
s0031,25,0,68.875404
s0031,26,0,59.088078
s0031,27,0,64.415146
s0031,28,0,65.872604
s0031,29,0,75.35401
s0031,30,0,62.32511
s0031,31,0,70.62385
s0031,32,0,62.55416
s0031,33,0,59.844593
s0031,34,0,55.787315
s0031,35,0,49.76356
s0031,36,0,59.138573
s0031,37,0,51.200615
s0031,38,0,52.066704
s0031,39,0,61.354897
s0031,40,0,63.184635
s0031,41,0,55.818295
s0031,42,0,45.639603
s0031,43,0,46.680927
s0031,44,0,36.47541
s0031,45,0,41.141403
s0031,46,0,45.153797
s0031,47,0,27.6692
s0031,48,0,49.033184
s0031,49,0,53.955193
s0031,50,0,67.68607
s0031,51,0,43.76489
s0031,52,0,59.157234
s0031,53,0,46.486668
s0031,54,0,39.617107
s0031,55,0,50.10401
s0031,56,0,59.240536
s0031,57,0,62.472374
s0031,58,0,63.617363
s0031,59,0,71.72569
s0031,60,0,72.70791
s0031,61,0,69.886856
s0031,62,0,76.90253
s0031,63,0,71.89335
s0031,64,0,65.680145
s0031,65,0,67.983696
s0031,66,0,74.809135
s0031,67,0,67.58374
s0031,68,0,70.11927
s0031,69,0,69.48111
s0031,70,0,66.97302
s0031,71,0,63.646553
s0031,72,0,67.620285
s0031,73,0,76.29147
s0031,74,0,76.22858
s0031,75,0,80.43467
s0031,76,0,80.59811
s0031,77,0,79.99188
s0031,78,0,79.49122
s0031,79,0,78.992325
s0031,80,0,78.895424
s0031,81,0,77.47334
s0031,82,0,65.904686
s0031,83,0,70.971306
s0031,84,0,60.350735
s0031,85,0,75.14768
s0031,86,0,70.463135
s0031,87,0,54.923798
s0031,88,0,66.216286
s0031,89,0,67.54897
s0031,90,0,67.85872
s0031,91,0,69.8829
s0031,92,0,65.3853
s0031,93,0,65.50138
s0031,94,0,66.9492
s0031,95,0,67.89418
s0032,0,0,53.811848
s0032,1,0,50.186333
s0032,2,0,29.349648
s0032,3,0,51.96153
s0032,4,0,59.808094
s0032,5,0,56.80452
s0032,6,0,50.566517
s0032,7,0,63.651794
s0032,8,0,70.95796
s0032,9,0,57.96462
s0032,10,0,57.264812
s0032,11,0,57.3144
s0032,12,0,70.2208
s0032,13,0,60.82662
s0032,14,0,69.06918
s0032,15,0,64.29634
s0032,16,0,65.16557
s0032,17,0,73.59446
s0032,18,0,55.095535
s0032,19,0,67.272064
s0032,20,0,70.5776
s0032,21,0,64.68205
s0032,22,0,63.543255
s0032,23,0,60.469444
s0032,24,0,64.70856
s0032,25,0,69.28215
s0032,26,0,71.72544
s0032,27,0,59.359726
s0032,28,0,72.18064
s0032,29,0,73.114265
s0032,30,0,56.88667
s0032,31,0,71.586845
s0032,32,0,55.477814
s0032,33,0,64.80921
s0032,34,0,64.21828
s0032,35,0,63.956074
s0032,36,0,51.122807
s0032,37,0,52.46007
s0032,38,0,57.420948
s0032,39,0,48.52851
s0032,40,0,55.602947
s0032,41,0,63.01005
s0032,42,0,51.044422
s0032,43,0,45.862602
s0032,44,0,57.649345
s0032,45,0,49.617275
s0032,46,0,26.586823
s0032,47,0,45.597313
s0032,48,0,69.38196
s0032,49,0,56.965218
s0032,50,0,49.121895
s0032,51,0,53.761578
s0032,52,0,54.158295
s0032,53,0,51.5199
s0032,54,0,54.499146
s0032,55,0,55.770092
s0032,56,0,64.37693
s0032,57,0,54.100025
s0032,58,0,58.001225
s0032,59,0,59.748104
s0032,60,0,61.803352
s0032,61,0,69.88027
s0032,62,0,77.04789
s0032,63,0,80.55687
s0032,64,0,63.42247
s0032,65,0,62.412426
s0032,66,0,71.670166
s0032,67,0,67.14365
s0032,68,0,62.394848
s0032,69,0,72.62989
s0032,70,0,49.32962
s0032,71,0,57.414623
s0032,72,0,53.744984
s0032,73,0,66.59243
s0032,74,0,80.251396
s0032,75,0,79.95916
s0032,76,0,80.81447
s0032,77,0,79.19625
s0032,78,0,80.40844
s0032,79,0,80.17208
s0032,80,0,80.0136
s0032,81,0,76.63372
s0032,82,0,68.77736
s0032,83,0,67.48197
s0032,84,0,66.65833
s0032,85,0,68.79917
s0032,86,0,69.82118
s0032,87,0,59.93699
s0032,88,0,67.20008
s0032,89,0,63.023323
s0032,90,0,59.58191
s0032,91,0,61.035206
s0032,92,0,65.95922
s0032,93,0,69.68091
s0032,94,0,63.690357
s0032,95,0,70.077866
s0033,0,0,51.227287
s0033,1,0,50.73996
s0033,2,0,48.803204
s0033,3,0,45.351044
s0033,4,0,56.71156
s0033,5,0,59.68313
s0033,6,0,52.206112
s0033,7,0,64.70729
s0033,8,0,55.928986
s0033,9,0,61.549805
s0033,10,0,56.8977
s0033,11,0,60.682434
s0033,12,0,61.22429
s0033,13,0,55.84418
s0033,14,0,63.274452
s0033,15,0,67.019844
s0033,16,0,68.74345
s0033,17,0,71.79665
s0033,18,0,68.71975
s0033,19,0,73.53025
s0033,20,0,67.295296
s0033,21,0,63.522007
s0033,22,0,56.601997
s0033,23,0,67.52115
s0033,24,0,70.67911
s0033,25,0,70.41023
s0033,26,0,65.839485
s0033,27,0,72.99001
s0033,28,0,67.23507
s0033,29,0,65.92333
s0033,30,0,61.035908
s0033,31,0,65.316956
s0033,32,0,60.858643
s0033,33,0,51.99184
s0033,34,0,53.223244
s0033,35,0,59.15381
s0033,36,0,43.421818
s0033,37,0,54.54397
s0033,38,0,56.341213
s0033,39,0,51.323013
s0033,40,0,37.409943
s0033,41,0,50.94482
s0033,42,0,46.10851
s0033,43,0,33.24337
s0033,44,0,34.649845
s0033,45,0,35.468212
s0033,46,0,28.055182
s0033,47,0,41.983406
s0033,48,0,27.552488
s0033,49,0,41.496277
s0033,50,0,52.312366
s0033,51,0,42.1649
s0033,52,0,45.68621
s0033,53,0,58.529873
s0033,54,0,31.552824
s0033,55,0,49.112106
s0033,56,0,50.46947
s0033,57,0,65.078865
s0033,58,0,54.528553
s0033,59,0,72.176834
s0033,60,0,59.958206
s0033,61,0,70.02146
s0033,62,0,74.87298
s0033,63,0,76.84833
s0033,64,0,69.07086
s0033,65,0,70.14797
s0033,66,0,65.242645
s0033,67,0,66.95092
s0033,68,0,74.0007
s0033,69,0,66.99264
s0033,70,0,63.976974
s0033,71,0,57.219006
s0033,72,0,54.70115
s0033,73,0,61.155437
s0033,74,0,81.656624
s0033,75,0,79.94395
s0033,76,0,79.68453
s0033,77,0,80.53747
s0033,78,0,77.33479
s0033,79,0,80.085434
s0033,80,0,79.44144
s0033,81,0,79.95203
s0033,82,0,68.3382
s0033,83,0,65.46686
s0033,84,0,66.125084
s0033,85,0,72.44874
s0033,86,0,73.31597
s0033,87,0,63.00915
s0033,88,0,75.59298
s0033,89,0,59.467308
s0033,90,0,60.318405
s0033,91,0,69.48299
s0033,92,0,59.064953
s0033,93,0,69.31768
s0033,94,0,66.991776
s0033,95,0,63.562935
s0034,0,0,42.415405
s0034,1,0,48.836407
s0034,2,0,36.18838
s0034,3,0,39.403748
s0034,4,0,48.912758
s0034,5,0,52.691803
s0034,6,0,50.755234
s0034,7,0,59.27036
s0034,8,0,57.988075
s0034,9,0,55.366165
s0034,10,0,52.19495
s0034,11,0,62.600414
s0034,12,0,67.709335
s0034,13,0,65.84784
s0034,14,0,59.12616
s0034,15,0,62.800953
s0034,16,0,52.334274
s0034,17,0,64.791824
s0034,18,0,68.44803
s0034,19,0,67.557526
s0034,20,0,67.527985
s0034,21,0,64.402466
s0034,22,0,63.4696
s0034,23,0,69.09606
s0034,24,0,66.326065
s0034,25,0,71.81729
s0034,26,0,76.320015
s0034,27,0,67.84124
s0034,28,0,73.60667
s0034,29,0,63.061523
s0034,30,0,62.15308
s0034,31,0,59.657352
s0034,32,0,56.035805
s0034,33,0,48.76449
s0034,34,0,50.107616
s0034,35,0,56.15769
s0034,36,0,44.28841
s0034,37,0,68.56684
s0034,38,0,51.831097
s0034,39,0,57.186764
s0034,40,0,59.368053
s0034,41,0,42.0648
s0034,42,0,42.417522
s0034,43,0,66.501305
s0034,44,0,44.164917
s0034,45,0,52.241035
s0034,46,0,38.338486
s0034,47,0,28.24367
s0034,48,0,57.9932
s0034,49,0,41.101128
s0034,50,0,41.92539
s0034,51,0,56.645847
s0034,52,0,36.47505
s0034,53,0,60.39261
s0034,54,0,53.123363
s0034,55,0,73.606346
s0034,56,0,52.85676
s0034,57,0,62.21734
s0034,58,0,50.30443
s0034,59,0,69.52654
s0034,60,0,55.257374
s0034,61,0,62.541172
s0034,62,0,70.15404
s0034,63,0,63.679882
s0034,64,0,64.38156
s0034,65,0,58.47316
s0034,66,0,69.479
s0034,67,0,52.40083
s0034,68,0,71.77129
s0034,69,0,63.719887
s0034,70,0,58.20255
s0034,71,0,60.47705
s0034,72,0,63.302654
s0034,73,0,68.50449
s0034,74,0,71.825645
s0034,75,0,79.05403
s0034,76,0,60.93906
s0034,77,0,79.72607
s0034,78,0,75.157555
s0034,79,0,80.01788
s0034,80,0,78.68224
s0034,81,0,78.07264
s0034,82,0,60.262966
s0034,83,0,69.40893
s0034,84,0,65.340546
s0034,85,0,72.70937
s0034,86,0,60.319046
s0034,87,0,59.27472
s0034,88,0,73.80944
s0034,89,0,54.1005
s0034,90,0,54.10569
s0034,91,0,64.328636
s0034,92,0,66.59571
s0034,93,0,74.15387
s0034,94,0,67.289925
s0034,95,0,59.91375
s0035,0,0,62.215916
s0035,1,0,54.4272
s0035,2,0,48.74846
s0035,3,0,47.09117
s0035,4,0,56.37903
s0035,5,0,57.966846
s0035,6,0,59.84348
s0035,7,0,49.518383
s0035,8,0,54.195114
s0035,9,0,63.5147
s0035,10,0,61.384632
s0035,11,0,64.53157
s0035,12,0,53.876614
s0035,13,0,71.25019
s0035,14,0,66.64526
s0035,15,0,68.50746
s0035,16,0,76.73587
s0035,17,0,71.38584
s0035,18,0,66.832115
s0035,19,0,57.785797
s0035,20,0,61.816856
s0035,21,0,66.72292
s0035,22,0,70.839386
s0035,23,0,71.36211
s0035,24,0,64.24368
s0035,25,0,76.79198
s0035,26,0,71.35146
s0035,27,0,71.89428
s0035,28,0,73.398964
s0035,29,0,74.32421
s0035,30,0,55.777245
s0035,31,0,63.212124
s0035,32,0,61.87688
s0035,33,0,49.655514
s0035,34,0,63.525352
s0035,35,0,63.40755
s0035,36,0,63.469093
s0035,37,0,54.347637
s0035,38,0,66.70686
s0035,39,0,24.39911
s0035,40,0,68.64296
s0035,41,0,53.432247
s0035,42,0,55.36591
s0035,43,0,45.22729
s0035,44,0,48.654076
s0035,45,0,64.831055
s0035,46,0,55.304012
s0035,47,0,37.02636
s0035,48,0,73.1254
s0035,49,0,57.549263
s0035,50,0,45.875668
s0035,51,0,51.9394
s0035,52,0,57.170307
s0035,53,0,53.274204
s0035,54,0,48.48246
s0035,55,0,48.372448
s0035,56,0,66.543015
s0035,57,0,62.355247
s0035,58,0,59.89735
s0035,59,0,60.335342
s0035,60,0,60.64457
s0035,61,0,62.09159
s0035,62,0,74.23385
s0035,63,0,81.278175
s0035,64,0,57.329777
s0035,65,0,71.63804
s0035,66,0,72.67984
s0035,67,0,75.8437
s0035,68,0,65.37677
s0035,69,0,65.805786
s0035,70,0,58.696243
s0035,71,0,58.73399
s0035,72,0,60.01485
s0035,73,0,73.89852
s0035,74,0,77.897865
s0035,75,0,79.65059
s0035,76,0,79.61081
s0035,77,0,80.40668
s0035,78,0,72.65231
s0035,79,0,78.73019
s0035,80,0,79.95625
s0035,81,0,80.39656
s0035,82,0,69.42569
s0035,83,0,66.20171
s0035,84,0,69.52084
s0035,85,0,72.319565
s0035,86,0,64.249504
s0035,87,0,58.4106
s0035,88,0,68.63809
s0035,89,0,68.55985
s0035,90,0,61.224716
s0035,91,0,66.1333
s0035,92,0,62.020393
s0035,93,0,65.56658
s0035,94,0,66.71556
s0035,95,0,68.242355
s0036,0,0,54.353565
s0036,1,0,45.227604
s0036,2,0,41.39409
s0036,3,0,48.122593
s0036,4,0,52.93773
s0036,5,0,55.78212
s0036,6,0,60.0405
s0036,7,0,59.381332
s0036,8,0,61.945763
s0036,9,0,64.71892
s0036,10,0,62.61901
s0036,11,0,68.559395
s0036,12,0,66.38971
s0036,13,0,68.138176
s0036,14,0,66.66792
s0036,15,0,74.054054
s0036,16,0,68.024994
s0036,17,0,54.113045
s0036,18,0,65.074
s0036,19,0,53.86769
s0036,20,0,67.48141
s0036,21,0,66.58615
s0036,22,0,66.17391
s0036,23,0,63.363262
s0036,24,0,67.755974
s0036,25,0,65.3466
s0036,26,0,71.01624
s0036,27,0,67.30047
s0036,28,0,63.88725
s0036,29,0,65.170044
s0036,30,0,64.272995
s0036,31,0,63.251328
s0036,32,0,60.75996
s0036,33,0,51.71642
s0036,34,0,46.615265
s0036,35,0,63.7695
s0036,36,0,60.395954
s0036,37,0,66.68033
s0036,38,0,63.0934
s0036,39,0,45.15759
s0036,40,0,63.38199
s0036,41,0,46.71671
s0036,42,0,51.91712
s0036,43,0,50.93005
s0036,44,0,35.973824
s0036,45,0,50.11128
s0036,46,0,58.52514
s0036,47,0,46.594757
s0036,48,0,61.821903
s0036,49,0,44.355927
s0036,50,0,48.98238
s0036,51,0,53.04961
s0036,52,0,46.719646
s0036,53,0,57.388496
s0036,54,0,64.31152
s0036,55,0,63.143734
s0036,56,0,51.882732
s0036,57,0,59.58937
s0036,58,0,58.829956
s0036,59,0,62.45066
s0036,60,0,62.709435
s0036,61,0,57.376766
s0036,62,0,68.942566
s0036,63,0,73.62716
s0036,64,0,69.41144
s0036,65,0,70.69605
s0036,66,0,71.85665
s0036,67,0,66.071144
s0036,68,0,69.51566
s0036,69,0,68.57241
s0036,70,0,57.3685
s0036,71,0,57.795643
s0036,72,0,58.17552
s0036,73,0,74.775566
s0036,74,0,75.01832
s0036,75,0,82.82299
s0036,76,0,79.29087
s0036,77,0,79.83394
s0036,78,0,76.86973
s0036,79,0,79.033356
s0036,80,0,74.77369
s0036,81,0,76.47523
s0036,82,0,65.99986
s0036,83,0,63.75878
s0036,84,0,72.27155
s0036,85,0,75.9884
s0036,86,0,64.60773
s0036,87,0,63.851513
s0036,88,0,72.72828
s0036,89,0,64.95702
s0036,90,0,56.215816
s0036,91,0,67.57981
s0036,92,0,68.87295
s0036,93,0,63.26698
s0036,94,0,66.16104
s0036,95,0,67.2811
s0037,0,0,57.507904
s0037,1,0,44.361603
s0037,2,0,48.79353
s0037,3,0,43.79241
s0037,4,0,64.265305
s0037,5,0,50.831993
s0037,6,0,59.879642
s0037,7,0,56.239754
s0037,8,0,62.56732
s0037,9,0,56.196957
s0037,10,0,71.265656
s0037,11,0,61.26872
s0037,12,0,75.42576
s0037,13,0,60.414047
s0037,14,0,65.99786
s0037,15,0,62.63306
s0037,16,0,66.12049
s0037,17,0,71.34446
s0037,18,0,64.506775
s0037,19,0,67.77829
s0037,20,0,69.33747
s0037,21,0,60.137714
s0037,22,0,64.56819
s0037,23,0,66.761116
s0037,24,0,70.8452
s0037,25,0,79.59122
s0037,26,0,82.34669
s0037,27,0,65.03667
s0037,28,0,66.09372
s0037,29,0,68.820854
s0037,30,0,57.89067
s0037,31,0,62.734913
s0037,32,0,63.091255
s0037,33,0,50.39851
s0037,34,0,46.608593
s0037,35,0,53.53945
s0037,36,0,46.17904
s0037,37,0,88.29269
s0037,38,0,63.76989
s0037,39,0,60.67504
s0037,40,0,61.75781
s0037,41,0,49.05323
s0037,42,0,39.41099
s0037,43,0,51.34703
s0037,44,0,47.336426
s0037,45,0,43.054245
s0037,46,0,52.27597
s0037,47,0,48.758347
s0037,48,0,30.414675
s0037,49,0,48.393826
s0037,50,0,42.635174
s0037,51,0,50.906963
s0037,52,0,43.088165
s0037,53,0,42.83628
s0037,54,0,53.10358
s0037,55,0,50.52308
s0037,56,0,84.0591
s0037,57,0,68.13741
s0037,58,0,53.229965
s0037,59,0,68.08854
s0037,60,0,67.04242
s0037,61,0,66.797516
s0037,62,0,59.03231
s0037,63,0,74.982956
s0037,64,0,65.70574
s0037,65,0,63.445858
s0037,66,0,74.553345
s0037,67,0,61.461605
s0037,68,0,64.46139
s0037,69,0,67.05334
s0037,70,0,58.42205
s0037,71,0,67.80813
s0037,72,0,64.627785
s0037,73,0,65.84744
s0037,74,0,84.78459
s0037,75,0,79.53308
s0037,76,0,80.08258
s0037,77,0,80.50694
s0037,78,0,75.94833
s0037,79,0,79.39578
s0037,80,0,79.10699
s0037,81,0,76.57102
s0037,82,0,67.03668
s0037,83,0,67.52551
s0037,84,0,79.29471
s0037,85,0,72.27748
s0037,86,0,79.10612
s0037,87,0,66.592026
s0037,88,0,67.9055
s0037,89,0,64.9831
s0037,90,0,53.191357
s0037,91,0,67.7861
s0037,92,0,64.44938
s0037,93,0,62.6013
s0037,94,0,64.70429
s0037,95,0,61.00205
s0038,0,0,60.680832
s0038,1,0,43.24668
s0038,2,0,47.31761
s0038,3,0,49.04811
s0038,4,0,61.043606
s0038,5,0,48.648155
s0038,6,0,56.51065
s0038,7,0,58.546116
s0038,8,0,61.613483
s0038,9,0,49.64363
s0038,10,0,59.265217
s0038,11,0,67.21586
s0038,12,0,68.07162
s0038,13,0,65.31387
s0038,14,0,67.379456
s0038,15,0,69.46616
s0038,16,0,64.67367
s0038,17,0,69.60368
s0038,18,0,63.748913
s0038,19,0,66.126465
s0038,20,0,61.417778
s0038,21,0,68.02306
s0038,22,0,65.2248
s0038,23,0,71.50489
s0038,24,0,77.15567
s0038,25,0,64.12861
s0038,26,0,67.979805
s0038,27,0,70.13187
s0038,28,0,71.505
s0038,29,0,69.75172
s0038,30,0,58.24876
s0038,31,0,64.61827
s0038,32,0,59.09308
s0038,33,0,50.086483
s0038,34,0,60.494316
s0038,35,0,57.329796
s0038,36,0,47.108025
s0038,37,0,63.87418
s0038,38,0,64.11011
s0038,39,0,43.041985
s0038,40,0,66.144646
s0038,41,0,55.949898
s0038,42,0,21.20082
s0038,43,0,56.841877
s0038,44,0,44.95346
s0038,45,0,18.450947
s0038,46,0,45.716022
s0038,47,0,40.864483
s0038,48,0,71.367714
s0038,49,0,52.36009
s0038,50,0,56.4032
s0038,51,0,60.92443
s0038,52,0,64.50177
s0038,53,0,45.044342
s0038,54,0,40.974934
s0038,55,0,55.640404
s0038,56,0,68.71091
s0038,57,0,60.907364
s0038,58,0,56.27061
s0038,59,0,54.754807
s0038,60,0,59.466602
s0038,61,0,63.755795
s0038,62,0,76.63789
s0038,63,0,63.023148
s0038,64,0,57.667336
s0038,65,0,67.303604
s0038,66,0,73.19976
s0038,67,0,71.50254
s0038,68,0,65.81253
s0038,69,0,72.33314
s0038,70,0,59.611332
s0038,71,0,61.71853
s0038,72,0,58.12611
s0038,73,0,74.80461
s0038,74,0,76.25304
s0038,75,0,79.18894
s0038,76,0,79.598114
s0038,77,0,80.461655
s0038,78,0,77.84826
s0038,79,0,78.75345
s0038,80,0,80.378006
s0038,81,0,76.681625
s0038,82,0,63.422955
s0038,83,0,69.92075
s0038,84,0,75.10778
s0038,85,0,77.84597
s0038,86,0,67.014626
s0038,87,0,66.09621
s0038,88,0,65.31745
s0038,89,0,65.90089
s0038,90,0,56.514282
s0038,91,0,71.89165
s0038,92,0,63.876064
s0038,93,0,67.93671
s0038,94,0,68.096695
s0038,95,0,69.14695
s0039,0,0,49.449688
s0039,1,0,44.043198
s0039,2,0,39.840363
s0039,3,0,43.660683
s0039,4,0,47.424232
s0039,5,0,60.520958
s0039,6,0,47.231873
s0039,7,0,53.651188
s0039,8,0,54.692413
s0039,9,0,65.4525
s0039,10,0,61.301624
s0039,11,0,58.278717
s0039,12,0,66.9503
s0039,13,0,73.01686
s0039,14,0,68.234955
s0039,15,0,62.469223
s0039,16,0,70.76375
s0039,17,0,68.05349
s0039,18,0,66.01656
s0039,19,0,58.7986
s0039,20,0,71.11761
s0039,21,0,64.53778
s0039,22,0,55.544918
s0039,23,0,69.20388
s0039,24,0,72.394775
s0039,25,0,69.44048
s0039,26,0,68.39175
s0039,27,0,59.903744
s0039,28,0,68.308846
s0039,29,0,70.44627
s0039,30,0,44.394505
s0039,31,0,70.65827
s0039,32,0,52.790127
s0039,33,0,48.45277
s0039,34,0,50.21661
s0039,35,0,50.127476
s0039,36,0,51.20283
s0039,37,0,51.339195
s0039,38,0,56.126755
s0039,39,0,45.553825
s0039,40,0,61.2269
s0039,41,0,58.012535
s0039,42,0,48.457626
s0039,43,0,52.55782
s0039,44,0,46.5072
s0039,45,0,75.505455
s0039,46,0,38.453735
s0039,47,0,68.909966
s0039,48,0,43.351524
s0039,49,0,46.382374
s0039,50,0,55.75523
s0039,51,0,63.24725
s0039,52,0,50.003693
s0039,53,0,42.48852
s0039,54,0,62.42014
s0039,55,0,58.614685
s0039,56,0,53.04488
s0039,57,0,62.523525
s0039,58,0,58.863007
s0039,59,0,62.21874
s0039,60,0,61.25057
s0039,61,0,53.938435
s0039,62,0,78.04097
s0039,63,0,69.41022
s0039,64,0,68.97242
s0039,65,0,62.401684
s0039,66,0,68.80687
s0039,67,0,62.218597
s0039,68,0,56.38211
s0039,69,0,63.164364
s0039,70,0,48.67138
s0039,71,0,55.14027
s0039,72,0,63.778202
s0039,73,0,65.16173
s0039,74,0,77.67318
s0039,75,0,79.81641
s0039,76,0,80.534584
s0039,77,0,80.56814
s0039,78,0,76.95331
s0039,79,0,79.02304
s0039,80,0,79.96252
s0039,81,0,76.39611
s0039,82,0,61.33214
s0039,83,0,60.78427
s0039,84,0,64.50534
s0039,85,0,76.81545
s0039,86,0,62.01232
s0039,87,0,57.550797
s0039,88,0,57.462666
s0039,89,0,56.38362
s0039,90,0,60.41943
s0039,91,0,68.34108
s0039,92,0,60.155518
s0039,93,0,62.39654
s0039,94,0,66.61103
s0039,95,0,68.81324
s0040,0,0,56.01052
s0040,1,0,54.822548
s0040,2,0,49.96732
s0040,3,0,38.71166
s0040,4,0,53.34241
s0040,5,0,51.880714
s0040,6,0,53.410538
s0040,7,0,60.256535
s0040,8,0,53.27667
s0040,9,0,60.196808
s0040,10,0,57.927567
s0040,11,0,66.80788
s0040,12,0,67.824104
s0040,13,0,67.85544
s0040,14,0,63.361473
s0040,15,0,73.97033
s0040,16,0,65.84379
s0040,17,0,61.306553
s0040,18,0,63.015438
s0040,19,0,68.64736
s0040,20,0,75.91667
s0040,21,0,61.522774
s0040,22,0,65.16408
s0040,23,0,65.53114
s0040,24,0,72.98509
s0040,25,0,70.81139
s0040,26,0,70.47349
s0040,27,0,58.188965
s0040,28,0,68.92607
s0040,29,0,59.482243
s0040,30,0,63.84375
s0040,31,0,55.269337
s0040,32,0,64.64832
s0040,33,0,58.494125
s0040,34,0,60.998913
s0040,35,0,40.912243
s0040,36,0,49.005314
s0040,37,0,54.547337
s0040,38,0,54.762268
s0040,39,0,48.15397
s0040,40,0,51.255295
s0040,41,0,53.824528
s0040,42,0,43.50034
s0040,43,0,55.19096
s0040,44,0,63.015903
s0040,45,0,49.859985
s0040,46,0,41.927197
s0040,47,0,40.346027
s0040,48,0,45.489483
s0040,49,0,45.86232
s0040,50,0,55.905342
s0040,51,0,57.779602
s0040,52,0,64.01107
s0040,53,0,52.517536
s0040,54,0,57.966408
s0040,55,0,61.24162
s0040,56,0,59.334587
s0040,57,0,81.67737
s0040,58,0,57.375343
s0040,59,0,68.44868
s0040,60,0,58.781185
s0040,61,0,54.223553
s0040,62,0,68.32825
s0040,63,0,74.22004
s0040,64,0,72.51634
s0040,65,0,62.30173
s0040,66,0,78.24462
s0040,67,0,53.313488
s0040,68,0,61.6361
s0040,69,0,60.774185
s0040,70,0,51.432842
s0040,71,0,55.045048
s0040,72,0,60.85688
s0040,73,0,67.13952
s0040,74,0,80.1344
s0040,75,0,79.7984
s0040,76,0,78.236015
s0040,77,0,79.61371
s0040,78,0,78.68659
s0040,79,0,78.69126
s0040,80,0,79.09314
s0040,81,0,77.95316
s0040,82,0,60.17907
s0040,83,0,69.07486
s0040,84,0,69.975105
s0040,85,0,68.4856
s0040,86,0,66.162735
s0040,87,0,60.6358
s0040,88,0,59.03662
s0040,89,0,55.581482
s0040,90,0,55.306847
s0040,91,0,72.80346
s0040,92,0,63.917114
s0040,93,0,70.928696
s0040,94,0,62.95259
s0040,95,0,74.83463
s0041,0,0,50.585075
s0041,1,0,52.993507
s0041,2,0,51.768227
s0041,3,0,49.74763
s0041,4,0,53.25913
s0041,5,0,51.981434
s0041,6,0,52.534763
s0041,7,0,45.472702
s0041,8,0,56.569496
s0041,9,0,68.74932
s0041,10,0,62.42143
s0041,11,0,67.2661
s0041,12,0,70.955894
s0041,13,0,55.590122
s0041,14,0,69.96696
s0041,15,0,59.25715
s0041,16,0,72.38325
s0041,17,0,63.76253
s0041,18,0,70.93582
s0041,19,0,66.9221
s0041,20,0,64.41367
s0041,21,0,70.93137
s0041,22,0,67.6529
s0041,23,0,69.088715
s0041,24,0,69.560875
s0041,25,0,61.55701
s0041,26,0,64.42867
s0041,27,0,55.771297
s0041,28,0,73.44035
s0041,29,0,70.66013
s0041,30,0,60.451088
s0041,31,0,63.56068
s0041,32,0,58.830444
s0041,33,0,57.897396
s0041,34,0,44.988785
s0041,35,0,53.651447
s0041,36,0,57.90812
s0041,37,0,68.49476
s0041,38,0,53.76123
s0041,39,0,46.872623
s0041,40,0,57.215702
s0041,41,0,54.36149
s0041,42,0,47.641342
s0041,43,0,59.05012
s0041,44,0,42.790424
s0041,45,0,32.3737
s0041,46,0,40.116566
s0041,47,0,40.09475
s0041,48,0,42.182747
s0041,49,0,53.949665
s0041,50,0,51.77349
s0041,51,0,57.95131
s0041,52,0,64.701996
s0041,53,0,49.127537
s0041,54,0,49.28414
s0041,55,0,60.870148
s0041,56,0,64.12521
s0041,57,0,63.134598
s0041,58,0,56.265137
s0041,59,0,67.715614
s0041,60,0,56.148796
s0041,61,0,58.156517
s0041,62,0,70.397514
s0041,63,0,69.23178
s0041,64,0,61.31977
s0041,65,0,65.36046
s0041,66,0,66.45366
s0041,67,0,66.64995
s0041,68,0,66.621346
s0041,69,0,65.10448
s0041,70,0,56.281803
s0041,71,0,64.1957
s0041,72,0,60.396935
s0041,73,0,64.35225
s0041,74,0,80.36161
s0041,75,0,79.19653
s0041,76,0,78.32892
s0041,77,0,79.46673
s0041,78,0,74.89784
s0041,79,0,79.62682
s0041,80,0,78.41721
s0041,81,0,75.22201
s0041,82,0,67.48834
s0041,83,0,68.78805
s0041,84,0,77.45258
s0041,85,0,73.88194
s0041,86,0,64.232796
s0041,87,0,57.48817
s0041,88,0,65.252594
s0041,89,0,64.5717
s0041,90,0,55.16675
s0041,91,0,63.0864
s0041,92,0,68.543236
s0041,93,0,64.653404
s0041,94,0,68.1071
s0041,95,0,71.464584
s0042,0,0,58.515594
s0042,1,0,52.688316
s0042,2,0,34.66425
s0042,3,0,50.26777
s0042,4,0,52.086174
s0042,5,0,50.35929
s0042,6,0,50.828636
s0042,7,0,49.049355
s0042,8,0,58.321857
s0042,9,0,57.21927
s0042,10,0,63.039997
s0042,11,0,68.14918
s0042,12,0,67.03085
s0042,13,0,61.930183
s0042,14,0,68.034515
s0042,15,0,67.915695
s0042,16,0,60.557987
s0042,17,0,55.07269
s0042,18,0,61.420685
s0042,19,0,60.580147
s0042,20,0,69.120476
s0042,21,0,66.599144
s0042,22,0,60.698994
s0042,23,0,67.88156
s0042,24,0,75.68297
s0042,25,0,72.0856
s0042,26,0,69.13022
s0042,27,0,61.574123
s0042,28,0,72.510086
s0042,29,0,68.76853
s0042,30,0,63.512974
s0042,31,0,62.588276
s0042,32,0,61.71932
s0042,33,0,50.186943
s0042,34,0,56.598846
s0042,35,0,58.862373
s0042,36,0,53.10257
s0042,37,0,60.755047
s0042,38,0,69.692986
s0042,39,0,48.29142
s0042,40,0,68.18634
s0042,41,0,59.643276
s0042,42,0,54.345436
s0042,43,0,69.32227
s0042,44,0,33.98149
s0042,45,0,72.660614
s0042,46,0,34.339474
s0042,47,0,59.719948
s0042,48,0,49.06162
s0042,49,0,61.942577
s0042,50,0,48.129696
s0042,51,0,65.23999
s0042,52,0,47.647217
s0042,53,0,62.047127
s0042,54,0,56.721893
s0042,55,0,56.570683
s0042,56,0,61.59622
s0042,57,0,66.580666
s0042,58,0,58.830856
s0042,59,0,65.81945
s0042,60,0,60.565395
s0042,61,0,60.240986
s0042,62,0,78.16122
s0042,63,0,73.39492
s0042,64,0,67.261604
s0042,65,0,67.57698
s0042,66,0,66.671616
s0042,67,0,67.754616
s0042,68,0,64.4202
s0042,69,0,75.534584
s0042,70,0,62.21767
s0042,71,0,67.55303
s0042,72,0,66.806145
s0042,73,0,78.445694
s0042,74,0,76.821396
s0042,75,0,79.821365
s0042,76,0,79.30129
s0042,77,0,78.64574
s0042,78,0,76.22918
s0042,79,0,80.78105
s0042,80,0,79.58362
s0042,81,0,76.30606
s0042,82,0,66.7643
s0042,83,0,68.4721
s0042,84,0,84.510376
s0042,85,0,64.92552
s0042,86,0,62.22412
s0042,87,0,60.838375
s0042,88,0,63.61589
s0042,89,0,64.216255
s0042,90,0,54.506645
s0042,91,0,68.04557
s0042,92,0,66.311195
s0042,93,0,69.23057
s0042,94,0,72.458824
s0042,95,0,67.105225
s0043,0,0,62.996284
s0043,1,0,48.871223
s0043,2,0,65.075905
s0043,3,0,52.60254
s0043,4,0,54.746925
s0043,5,0,56.97207
s0043,6,0,53.644413
s0043,7,0,46.07543
s0043,8,0,66.45792
s0043,9,0,60.19254
s0043,10,0,63.757446
s0043,11,0,66.84742
s0043,12,0,63.448734
s0043,13,0,69.57725
s0043,14,0,66.71593
s0043,15,0,70.20008
s0043,16,0,67.95893
s0043,17,0,69.22048
s0043,18,0,64.120895
s0043,19,0,68.10379
s0043,20,0,82.34541
s0043,21,0,67.864136
s0043,22,0,71.22843
s0043,23,0,66.05726
s0043,24,0,65.727135
s0043,25,0,58.929035
s0043,26,0,63.23481
s0043,27,0,69.62037
s0043,28,0,66.53215
s0043,29,0,69.76559
s0043,30,0,68.80618
s0043,31,0,59.195217
s0043,32,0,62.236637
s0043,33,0,54.341236
s0043,34,0,56.22668
s0043,35,0,52.076015
s0043,36,0,61.475456
s0043,37,0,60.403496
s0043,38,0,60.896347
s0043,39,0,53.614952
s0043,40,0,51.440105
s0043,41,0,55.574715
s0043,42,0,34.57726
s0043,43,0,44.414673
s0043,44,0,54.348267
s0043,45,0,58.363823
s0043,46,0,33.989967
s0043,47,0,46.000603
s0043,48,0,49.85911
s0043,49,0,47.39629
s0043,50,0,46.409393
s0043,51,0,48.650333
s0043,52,0,54.093594
s0043,53,0,39.9236
s0043,54,0,55.765766
s0043,55,0,62.136616
s0043,56,0,66.930244
s0043,57,0,65.796364
s0043,58,0,67.14136
s0043,59,0,70.20031
s0043,60,0,68.8577
s0043,61,0,57.527515
s0043,62,0,66.603905
s0043,63,0,79.60216
s0043,64,0,63.64865
s0043,65,0,72.0397
s0043,66,0,62.118786
s0043,67,0,59.815216
s0043,68,0,59.369133
s0043,69,0,61.360947
s0043,70,0,58.39639
s0043,71,0,61.786736
s0043,72,0,59.037117
s0043,73,0,60.205994
s0043,74,0,77.22984
s0043,75,0,79.97278
s0043,76,0,78.25084
s0043,77,0,79.32469
s0043,78,0,80.05478
s0043,79,0,78.783
s0043,80,0,79.15014
s0043,81,0,77.944824
s0043,82,0,66.21829
s0043,83,0,73.57447
s0043,84,0,68.99742
s0043,85,0,70.00666
s0043,86,0,59.633465
s0043,87,0,61.578007
s0043,88,0,60.197067
s0043,89,0,58.128227
s0043,90,0,57.772556
s0043,91,0,76.82622
s0043,92,0,65.3993
s0043,93,0,73.793396
s0043,94,0,74.6727
s0043,95,0,70.04954
s0044,0,0,65.64416
s0044,1,0,47.002987
s0044,2,0,54.56447
s0044,3,0,42.305737
s0044,4,0,55.79119
s0044,5,0,51.722164
s0044,6,0,61.99416
s0044,7,0,65.42101
s0044,8,0,58.394924
s0044,9,0,59.613144
s0044,10,0,62.737137
s0044,11,0,62.12235
s0044,12,0,65.091675
s0044,13,0,66.899796
s0044,14,0,73.85707
s0044,15,0,69.197395
s0044,16,0,60.96743
s0044,17,0,65.26593
s0044,18,0,64.73845
s0044,19,0,64.05662
s0044,20,0,69.651085
s0044,21,0,65.313965
s0044,22,0,65.11562
s0044,23,0,64.24864
s0044,24,0,70.161095
s0044,25,0,68.2399
s0044,26,0,69.71657
s0044,27,0,64.352554
s0044,28,0,65.18816
s0044,29,0,65.777725
s0044,30,0,61.01111
s0044,31,0,57.548794
s0044,32,0,51.741493
s0044,33,0,49.07137
s0044,34,0,50.46446
s0044,35,0,58.266407
s0044,36,0,56.650135
s0044,37,0,61.266846
s0044,38,0,69.4054
s0044,39,0,58.399944
s0044,40,0,53.515415
s0044,41,0,34.11056
s0044,42,0,47.117844
s0044,43,0,57.89283
s0044,44,0,43.164303
s0044,45,0,45.178715
s0044,46,0,46.963963
s0044,47,0,23.180696
s0044,48,0,51.968338
s0044,49,0,37.07067
s0044,50,0,66.820496
s0044,51,0,54.803345
s0044,52,0,49.814
s0044,53,0,55.287643
s0044,54,0,46.543083
s0044,55,0,61.55207
s0044,56,0,63.70182
s0044,57,0,65.08221
s0044,58,0,58.920887
s0044,59,0,58.945385
s0044,60,0,57.833706
s0044,61,0,66.33034
s0044,62,0,74.89024
s0044,63,0,72.77958
s0044,64,0,63.565224
s0044,65,0,65.72379
s0044,66,0,77.26744
s0044,67,0,74.514275
s0044,68,0,54.870346
s0044,69,0,58.73677
s0044,70,0,55.419582
s0044,71,0,59.114956
s0044,72,0,67.177376
s0044,73,0,74.786354
s0044,74,0,75.12381
s0044,75,0,80.43825
s0044,76,0,80.07628
s0044,77,0,80.005165
s0044,78,0,75.500534
s0044,79,0,79.53109
s0044,80,0,80.059364
s0044,81,0,79.7904
s0044,82,0,68.25008
s0044,83,0,78.53702
s0044,84,0,69.510475
s0044,85,0,69.36358
s0044,86,0,68.40199
s0044,87,0,65.54997
s0044,88,0,62.910282
s0044,89,0,56.392853
s0044,90,0,58.87802
s0044,91,0,61.98071
s0044,92,0,61.86274
s0044,93,0,71.03282
s0044,94,0,66.051796
s0044,95,0,68.8986
s0045,0,0,50.468876
s0045,1,0,46.13983
s0045,2,0,41.281895
s0045,3,0,51.720764
s0045,4,0,47.576534
s0045,5,0,56.53639
s0045,6,0,55.891956
s0045,7,0,53.148876
s0045,8,0,68.3998
s0045,9,0,58.805622
s0045,10,0,60.210266
s0045,11,0,61.887066
s0045,12,0,59.29194
s0045,13,0,58.889248
s0045,14,0,65.17711
s0045,15,0,71.30304
s0045,16,0,66.478714
s0045,17,0,66.26181
s0045,18,0,61.55453
s0045,19,0,60.705383
s0045,20,0,74.54637
s0045,21,0,62.26922
s0045,22,0,67.808655
s0045,23,0,65.70586
s0045,24,0,67.985214
s0045,25,0,68.24215
s0045,26,0,69.007034
s0045,27,0,62.109337
s0045,28,0,72.9639
s0045,29,0,72.42863
s0045,30,0,57.434032
s0045,31,0,64.34145
s0045,32,0,54.842937
s0045,33,0,52.435383
s0045,34,0,57.601692
s0045,35,0,57.528545
s0045,36,0,51.052658
s0045,37,0,58.001694
s0045,38,0,58.469345
s0045,39,0,54.695408
s0045,40,0,58.71494
s0045,41,0,57.011444
s0045,42,0,62.245087
s0045,43,0,48.471706
s0045,44,0,52.839916
s0045,45,0,51.94766
s0045,46,0,47.292656
s0045,47,0,49.459602
s0045,48,0,57.196487
s0045,49,0,44.879436
s0045,50,0,60.192596
s0045,51,0,48.463894
s0045,52,0,51.961403
s0045,53,0,52.179417
s0045,54,0,49.64173
s0045,55,0,49.324905
s0045,56,0,60.732426
s0045,57,0,59.626125
s0045,58,0,60.0682
s0045,59,0,61.79851
s0045,60,0,56.996464
s0045,61,0,60.656307
s0045,62,0,71.90367
s0045,63,0,71.51418
s0045,64,0,69.25225
s0045,65,0,73.82993
s0045,66,0,66.93192
s0045,67,0,56.0534
s0045,68,0,60.4985
s0045,69,0,72.630585
s0045,70,0,49.49651
s0045,71,0,59.243553
s0045,72,0,60.92256
s0045,73,0,63.77487
s0045,74,0,79.006325
s0045,75,0,79.94295
s0045,76,0,79.40746
s0045,77,0,79.13897
s0045,78,0,74.41462
s0045,79,0,79.76852
s0045,80,0,79.16709
s0045,81,0,76.87494
s0045,82,0,71.70153
s0045,83,0,59.31833
s0045,84,0,68.744545
s0045,85,0,80.493065
s0045,86,0,64.49989
s0045,87,0,57.05113
s0045,88,0,56.914757
s0045,89,0,64.17017
s0045,90,0,52.774292
s0045,91,0,71.12789
s0045,92,0,66.052574
s0045,93,0,71.201675
s0045,94,0,69.4349
s0045,95,0,66.81368
s0046,0,0,53.08182
s0046,1,0,41.24772
s0046,2,0,48.682156
s0046,3,0,51.613476
s0046,4,0,48.14239
s0046,5,0,58.97785
s0046,6,0,44.70982
s0046,7,0,47.64557
s0046,8,0,64.098175
s0046,9,0,56.791725
s0046,10,0,67.28802
s0046,11,0,69.42859
s0046,12,0,63.281162
s0046,13,0,60.677353
s0046,14,0,60.26308
s0046,15,0,61.03696
s0046,16,0,53.84829
s0046,17,0,63.936275
s0046,18,0,64.43617
s0046,19,0,58.408607
s0046,20,0,69.21274
s0046,21,0,60.01832
s0046,22,0,48.224854
s0046,23,0,68.5717
s0046,24,0,72.46018
s0046,25,0,73.783844
s0046,26,0,69.89384
s0046,27,0,58.98983
s0046,28,0,72.24386
s0046,29,0,68.90155
s0046,30,0,57.443386
s0046,31,0,74.84952
s0046,32,0,45.427174
s0046,33,0,48.807804
s0046,34,0,51.273533
s0046,35,0,49.441288
s0046,36,0,49.90034
s0046,37,0,62.719097
s0046,38,0,51.316517
s0046,39,0,49.70178
s0046,40,0,43.911293
s0046,41,0,42.330753
s0046,42,0,46.71993
s0046,43,0,53.20307
s0046,44,0,67.88089
s0046,45,0,45.108902
s0046,46,0,39.186012
s0046,47,0,59.484985
s0046,48,0,38.354588
s0046,49,0,51.115547
s0046,50,0,56.280334
s0046,51,0,55.21121
s0046,52,0,51.06581
s0046,53,0,61.538998
s0046,54,0,45.201817
s0046,55,0,52.153667
s0046,56,0,61.473797
s0046,57,0,61.385742
s0046,58,0,58.48281
s0046,59,0,65.16429
s0046,60,0,60.047
s0046,61,0,65.91426
s0046,62,0,78.8659
s0046,63,0,75.13614
s0046,64,0,68.71613
s0046,65,0,59.950687
s0046,66,0,62.928116
s0046,67,0,59.27802
s0046,68,0,69.53295
s0046,69,0,65.71899
s0046,70,0,53.293556
s0046,71,0,63.43262
s0046,72,0,57.916794
s0046,73,0,59.175022
s0046,74,0,74.075325
s0046,75,0,79.2421
s0046,76,0,79.311424
s0046,77,0,79.720825
s0046,78,0,72.416626
s0046,79,0,80.49288
s0046,80,0,79.90376
s0046,81,0,78.85705
s0046,82,0,59.043552
s0046,83,0,72.9995
s0046,84,0,60.14792
s0046,85,0,65.49359
s0046,86,0,54.411552
s0046,87,0,61.227905
s0046,88,0,54.73918
s0046,89,0,59.126923
s0046,90,0,57.7998
s0046,91,0,72.75996
s0046,92,0,53.505253
s0046,93,0,60.799194
s0046,94,0,61.91853
s0046,95,0,67.905334
s0047,0,0,54.2147
s0047,1,0,54.58387
s0047,2,0,48.279774
s0047,3,0,48.885956
s0047,4,0,66.0874
s0047,5,0,55.443836
s0047,6,0,54.227085
s0047,7,0,62.89004
s0047,8,0,61.889465
s0047,9,0,60.973034
s0047,10,0,63.90617
s0047,11,0,59.231937
s0047,12,0,62.690514
s0047,13,0,67.97814
s0047,14,0,66.94001
s0047,15,0,68.54932
s0047,16,0,60.9066
s0047,17,0,73.45028
s0047,18,0,54.04832
s0047,19,0,65.95853
s0047,20,0,58.62925
s0047,21,0,67.22293
s0047,22,0,60.5123
s0047,23,0,70.90612
s0047,24,0,64.537796
s0047,25,0,66.03836
s0047,26,0,68.69497
s0047,27,0,72.226
s0047,28,0,53.280823
s0047,29,0,74.63154
s0047,30,0,54.979664
s0047,31,0,56.777313
s0047,32,0,63.87845
s0047,33,0,51.956707
s0047,34,0,65.256226
s0047,35,0,51.280643
s0047,36,0,58.105057
s0047,37,0,52.536827
s0047,38,0,62.992535
s0047,39,0,52.10978
s0047,40,0,60.56322
s0047,41,0,58.988598
s0047,42,0,51.96546
s0047,43,0,54.87007
s0047,44,0,56.708252
s0047,45,0,51.893524
s0047,46,0,51.92641
s0047,47,0,33.8885
s0047,48,0,43.707832
s0047,49,0,37.805164
s0047,50,0,52.7764
s0047,51,0,54.15705
s0047,52,0,62.937035
s0047,53,0,54.53117
s0047,54,0,56.18599
s0047,55,0,60.4992
s0047,56,0,49.846348
s0047,57,0,60.259995
s0047,58,0,47.168453
s0047,59,0,63.30193
s0047,60,0,66.07863
s0047,61,0,64.66879
s0047,62,0,69.73231
s0047,63,0,73.49575
s0047,64,0,65.17392
s0047,65,0,61.742733
s0047,66,0,76.446365
s0047,67,0,66.91221
s0047,68,0,69.77308
s0047,69,0,72.042725
s0047,70,0,67.51953
s0047,71,0,60.683903
s0047,72,0,56.851227
s0047,73,0,70.42598
s0047,74,0,75.57708
s0047,75,0,79.3648
s0047,76,0,79.231895
s0047,77,0,79.78316
s0047,78,0,76.792175
s0047,79,0,79.55794
s0047,80,0,79.645386
s0047,81,0,80.34941
s0047,82,0,64.010704
s0047,83,0,73.83733
s0047,84,0,64.3449
s0047,85,0,75.61171
s0047,86,0,69.87322
s0047,87,0,67.208725
s0047,88,0,64.52228
s0047,89,0,58.8597
s0047,90,0,50.258602
s0047,91,0,71.88363
s0047,92,0,68.22615
s0047,93,0,70.47951
s0047,94,0,75.844086
s0047,95,0,71.20771
s0048,0,0,54.367798
s0048,1,0,47.225277
s0048,2,0,43.581573
s0048,3,0,54.734737
s0048,4,0,47.84494
s0048,5,0,59.60573
s0048,6,0,44.323494
s0048,7,0,53.510563
s0048,8,0,64.66737
s0048,9,0,67.53336
s0048,10,0,65.77614
s0048,11,0,68.360985
s0048,12,0,64.51142
s0048,13,0,68.78398
s0048,14,0,61.31715
s0048,15,0,61.86567
s0048,16,0,67.20848
s0048,17,0,65.281364
s0048,18,0,69.467094
s0048,19,0,61.690784
s0048,20,0,65.58814
s0048,21,0,62.835163
s0048,22,0,58.526363
s0048,23,0,69.389725
s0048,24,0,63.616993
s0048,25,0,66.96395
s0048,26,0,71.27581
s0048,27,0,66.98889
s0048,28,0,66.9203
s0048,29,0,67.11292
s0048,30,0,65.49567
s0048,31,0,70.605774
s0048,32,0,66.83578
s0048,33,0,47.25583
s0048,34,0,37.789547
s0048,35,0,57.511513
s0048,36,0,57.397957
s0048,37,0,57.86347
s0048,38,0,58.834652
s0048,39,0,53.680298
s0048,40,0,72.080025
s0048,41,0,51.273582
s0048,42,0,56.95106
s0048,43,0,58.79786
s0048,44,0,46.965557
s0048,45,0,41.55721
s0048,46,0,27.864832
s0048,47,0,48.5735
s0048,48,0,56.34509
s0048,49,0,55.350662
s0048,50,0,53.568745
s0048,51,0,60.5146
s0048,52,0,46.64084
s0048,53,0,40.754246
s0048,54,0,45.414307
s0048,55,0,57.159184
s0048,56,0,42.60929
s0048,57,0,65.69088
s0048,58,0,59.480732
s0048,59,0,66.745865
s0048,60,0,60.245113
s0048,61,0,61.9125
s0048,62,0,66.144325
s0048,63,0,66.033165
s0048,64,0,73.60915
s0048,65,0,70.20069
s0048,66,0,69.68394
s0048,67,0,59.59956
s0048,68,0,60.260345
s0048,69,0,58.971035
s0048,70,0,51.7351
s0048,71,0,62.60426
s0048,72,0,62.783955
s0048,73,0,75.94596
s0048,74,0,78.89758
s0048,75,0,78.253685
s0048,76,0,79.52001
s0048,77,0,79.7567
s0048,78,0,80.05619
s0048,79,0,79.19384
s0048,80,0,79.25769
s0048,81,0,78.82986
s0048,82,0,65.09788
s0048,83,0,55.351166
s0048,84,0,72.40883
s0048,85,0,72.60293
s0048,86,0,82.62948
s0048,87,0,60.97741
s0048,88,0,55.771866
s0048,89,0,65.82025
s0048,90,0,54.4448
s0048,91,0,69.354744
s0048,92,0,57.16635
s0048,93,0,72.56871
s0048,94,0,64.81928
s0048,95,0,59.523586
s0049,0,0,54.283577
s0049,1,0,48.39593
s0049,2,0,41.676914
s0049,3,0,46.282944
s0049,4,0,51.931496
s0049,5,0,42.981625
s0049,6,0,57.67842
s0049,7,0,57.161648
s0049,8,0,64.47189
s0049,9,0,61.252563
s0049,10,0,58.574547
s0049,11,0,53.356117
s0049,12,0,63.99168
s0049,13,0,56.729885
s0049,14,0,69.82006
s0049,15,0,59.377953
s0049,16,0,55.719963
s0049,17,0,62.312847
s0049,18,0,63.651752
s0049,19,0,60.86992
s0049,20,0,65.21383
s0049,21,0,61.699314
s0049,22,0,54.596867
s0049,23,0,76.074974
s0049,24,0,59.073277
s0049,25,0,64.73614
s0049,26,0,57.443798
s0049,27,0,64.345474
s0049,28,0,67.26133
s0049,29,0,68.756165
s0049,30,0,58.1258
s0049,31,0,65.92927
s0049,32,0,58.903408
s0049,33,0,48.470936
s0049,34,0,54.068436
s0049,35,0,54.91485
s0049,36,0,29.040567
s0049,37,0,57.177277
s0049,38,0,44.631184
s0049,39,0,56.981728
s0049,40,0,71.67192
s0049,41,0,61.4799
s0049,42,0,63.225574
s0049,43,0,48.40949
s0049,44,0,37.79647
s0049,45,0,36.26827
s0049,46,0,46.505505
s0049,47,0,29.723152
s0049,48,0,56.97709
s0049,49,0,55.16823
s0049,50,0,34.75702
s0049,51,0,56.486664
s0049,52,0,48.34493
s0049,53,0,64.32521
s0049,54,0,47.819065
s0049,55,0,56.346504
s0049,56,0,48.981625
s0049,57,0,63.38918
s0049,58,0,55.855633
s0049,59,0,66.206825
s0049,60,0,62.472485
s0049,61,0,62.640682
s0049,62,0,76.65822
s0049,63,0,65.397194
s0049,64,0,62.618034
s0049,65,0,65.00633
s0049,66,0,66.08646
s0049,67,0,61.54175
s0049,68,0,66.88868
s0049,69,0,69.288574
s0049,70,0,45.66187
s0049,71,0,51.9328
s0049,72,0,62.973747
s0049,73,0,64.76442
s0049,74,0,74.85841
s0049,75,0,80.11733
s0049,76,0,79.4792
s0049,77,0,79.93554
s0049,78,0,76.524506
s0049,79,0,79.4008
s0049,80,0,80.105194
s0049,81,0,77.731514
s0049,82,0,60.674458
s0049,83,0,66.68981
s0049,84,0,70.314705
s0049,85,0,74.96329
s0049,86,0,64.72412
s0049,87,0,60.919693
s0049,88,0,58.31228
s0049,89,0,54.976543
s0049,90,0,48.849327
s0049,91,0,70.11659
s0049,92,0,65.388466
s0049,93,0,69.74947
s0049,94,0,69.01996
s0049,95,0,64.683105
s0050,0,0,57.59342
s0050,1,0,53.900917
s0050,2,0,51.40759
s0050,3,0,48.98228
s0050,4,0,62.07529
s0050,5,0,64.78571
s0050,6,0,49.071938
s0050,7,0,58.827183
s0050,8,0,62.922165
s0050,9,0,54.02359
s0050,10,0,57.64665
s0050,11,0,63.958485
s0050,12,0,64.07109
s0050,13,0,67.57201
s0050,14,0,63.50793
s0050,15,0,67.598724
s0050,16,0,67.26629
s0050,17,0,56.003895
s0050,18,0,57.82986
s0050,19,0,59.254784
s0050,20,0,64.317245
s0050,21,0,60.781277
s0050,22,0,67.38039
s0050,23,0,73.82807
s0050,24,0,62.07053
s0050,25,0,72.131874
s0050,26,0,62.14164
s0050,27,0,62.322483
s0050,28,0,71.39053
s0050,29,0,70.366066
s0050,30,0,67.57729
s0050,31,0,61.828705
s0050,32,0,57.43882
s0050,33,0,59.204876
s0050,34,0,65.65806
s0050,35,0,49.16672
s0050,36,0,54.420013
s0050,37,0,56.90932
s0050,38,0,54.175415
s0050,39,0,63.21355
s0050,40,0,61.103973
s0050,41,0,43.250286
s0050,42,0,39.660885
s0050,43,0,61.199345
s0050,44,0,60.994328
s0050,45,0,60.029877
s0050,46,0,37.736477
s0050,47,0,73.64427
s0050,48,0,60.397343
s0050,49,0,43.62845
s0050,50,0,55.640053
s0050,51,0,53.39889
s0050,52,0,52.97114
s0050,53,0,58.847282
s0050,54,0,53.107143
s0050,55,0,43.594273
s0050,56,0,56.56855
s0050,57,0,63.972916
s0050,58,0,70.8712
s0050,59,0,66.41725
s0050,60,0,68.534134
s0050,61,0,70.81755
s0050,62,0,70.38662
s0050,63,0,73.5816
s0050,64,0,58.53128
s0050,65,0,70.02342
s0050,66,0,64.13478
s0050,67,0,66.0652
s0050,68,0,67.37762
s0050,69,0,69.43263
s0050,70,0,63.769978
s0050,71,0,63.869728
s0050,72,0,65.27822
s0050,73,0,80.99756
s0050,74,0,79.476776
s0050,75,0,79.85312
s0050,76,0,79.83341
s0050,77,0,80.65684
s0050,78,0,80.572914
s0050,79,0,79.95399
s0050,80,0,79.96714
s0050,81,0,79.11623
s0050,82,0,69.06396
s0050,83,0,67.304276
s0050,84,0,75.34321
s0050,85,0,72.142944
s0050,86,0,70.23947
s0050,87,0,70.75145
s0050,88,0,63.19923
s0050,89,0,65.05035
s0050,90,0,64.026566
s0050,91,0,66.76643
s0050,92,0,77.07451
s0050,93,0,67.74034
s0050,94,0,69.591934
s0050,95,0,69.008156
s0051,0,0,58.416084
s0051,1,0,43.361324
s0051,2,0,39.962013
s0051,3,0,50.2916
s0051,4,0,44.242687
s0051,5,0,53.831604
s0051,6,0,56.908768
s0051,7,0,55.547333
s0051,8,0,59.06116
s0051,9,0,64.27841
s0051,10,0,61.837692
s0051,11,0,66.98205
s0051,12,0,68.59827
s0051,13,0,64.76293
s0051,14,0,58.888733
s0051,15,0,61.508335
s0051,16,0,73.63856
s0051,17,0,60.680954
s0051,18,0,63.396393
s0051,19,0,55.256935
s0051,20,0,67.0246
s0051,21,0,69.24403
s0051,22,0,60.568096
s0051,23,0,68.501015
s0051,24,0,72.40094
s0051,25,0,72.61652
s0051,26,0,74.807594
s0051,27,0,74.96149
s0051,28,0,71.88452
s0051,29,0,69.9527
s0051,30,0,58.19857
s0051,31,0,65.14688
s0051,32,0,55.5664
s0051,33,0,50.59832
s0051,34,0,49.95855
s0051,35,0,60.35927
s0051,36,0,51.72559
s0051,37,0,54.70181
s0051,38,0,56.132584
s0051,39,0,63.735237
s0051,40,0,64.5236
s0051,41,0,50.450237
s0051,42,0,58.83488
s0051,43,0,42.572285
s0051,44,0,51.310932
s0051,45,0,66.70669
s0051,46,0,44.592884
s0051,47,0,55.028976
s0051,48,0,49.092712
s0051,49,0,61.493103
s0051,50,0,51.68751
s0051,51,0,60.89541
s0051,52,0,52.235413
s0051,53,0,55.60541
s0051,54,0,50.078796
s0051,55,0,56.67123
s0051,56,0,58.5539
s0051,57,0,70.13233
s0051,58,0,51.952244
s0051,59,0,64.434
s0051,60,0,64.12196
s0051,61,0,58.364094
s0051,62,0,71.61228
s0051,63,0,72.341064
s0051,64,0,68.14558
s0051,65,0,65.55243
s0051,66,0,63.15956
s0051,67,0,67.11941
s0051,68,0,66.86798
s0051,69,0,57.770504
s0051,70,0,56.480106
s0051,71,0,68.51483
s0051,72,0,58.776363
s0051,73,0,71.4701
s0051,74,0,74.91819
s0051,75,0,79.91248
s0051,76,0,79.589516
s0051,77,0,79.99903
s0051,78,0,77.65363
s0051,79,0,79.57458
s0051,80,0,79.186
s0051,81,0,78.632164
s0051,82,0,61.071068
s0051,83,0,65.08623
s0051,84,0,65.937355
s0051,85,0,66.73728
s0051,86,0,68.18671
s0051,87,0,65.407906
s0051,88,0,67.40903
s0051,89,0,61.359833
s0051,90,0,59.693447
s0051,91,0,69.58473
s0051,92,0,65.85694
s0051,93,0,61.682858
s0051,94,0,68.98673
s0051,95,0,66.62508
s0052,0,0,53.050537
s0052,1,0,46.956734
s0052,2,0,53.24748
s0052,3,0,43.56465
s0052,4,0,46.280785
s0052,5,0,50.81683
s0052,6,0,52.97491
s0052,7,0,58.786125
s0052,8,0,58.929665
s0052,9,0,52.361164
s0052,10,0,66.47539
s0052,11,0,66.72136
s0052,12,0,71.39682
s0052,13,0,59.518394
s0052,14,0,65.79301
s0052,15,0,65.59287
s0052,16,0,71.00068
s0052,17,0,67.0605
s0052,18,0,61.97433
s0052,19,0,74.60597
s0052,20,0,69.03644
s0052,21,0,73.302795
s0052,22,0,56.43584
s0052,23,0,66.77718
s0052,24,0,67.98215
s0052,25,0,63.52074
s0052,26,0,67.909294
s0052,27,0,63.008995
s0052,28,0,74.13703
s0052,29,0,59.188297
s0052,30,0,54.900204
s0052,31,0,58.43758
s0052,32,0,51.610916
s0052,33,0,58.094757
s0052,34,0,55.333965
s0052,35,0,53.016132
s0052,36,0,44.87995
s0052,37,0,60.085606
s0052,38,0,69.564125
s0052,39,0,50.65109
s0052,40,0,42.710796
s0052,41,0,59.68685
s0052,42,0,38.69622
s0052,43,0,57.490303
s0052,44,0,40.78945
s0052,45,0,49.383575
s0052,46,0,45.59922
s0052,47,0,18.0802
s0052,48,0,49.90284
s0052,49,0,41.47489
s0052,50,0,55.04315
s0052,51,0,53.228714
s0052,52,0,46.15865
s0052,53,0,46.923122
s0052,54,0,68.003975
s0052,55,0,51.94245
s0052,56,0,55.599102
s0052,57,0,58.196312
s0052,58,0,53.423195
s0052,59,0,67.02007
s0052,60,0,55.65941
s0052,61,0,77.28938
s0052,62,0,71.19885
s0052,63,0,69.54252
s0052,64,0,63.643616
s0052,65,0,59.28636
s0052,66,0,72.370186
s0052,67,0,61.992947
s0052,68,0,62.49866
s0052,69,0,63.03199
s0052,70,0,54.849373
s0052,71,0,55.946087
s0052,72,0,63.060505
s0052,73,0,61.527008
s0052,74,0,75.642815
s0052,75,0,78.25531
s0052,76,0,79.15296
s0052,77,0,78.92323
s0052,78,0,75.54894
s0052,79,0,78.531006
s0052,80,0,78.94427
s0052,81,0,78.77104
s0052,82,0,60.12256
s0052,83,0,62.593067
s0052,84,0,61.399868
s0052,85,0,68.51734
s0052,86,0,63.40211
s0052,87,0,61.197487
s0052,88,0,65.22073
s0052,89,0,55.10038
s0052,90,0,53.57985
s0052,91,0,61.45349
s0052,92,0,58.994514
s0052,93,0,77.08612
s0052,94,0,66.03786
s0052,95,0,74.68228
s0053,0,0,55.313206
s0053,1,0,48.58786
s0053,2,0,45.001842
s0053,3,0,52.37824
s0053,4,0,53.694904
s0053,5,0,51.91338
s0053,6,0,45.212997
s0053,7,0,61.90916
s0053,8,0,53.26322
s0053,9,0,64.41092
s0053,10,0,65.07187
s0053,11,0,60.26018
s0053,12,0,66.632095
s0053,13,0,61.17595
s0053,14,0,64.2795
s0053,15,0,60.503723
s0053,16,0,62.035763
s0053,17,0,65.57759
s0053,18,0,62.79819
s0053,19,0,63.59947
s0053,20,0,68.15522
s0053,21,0,66.603325
s0053,22,0,67.84442
s0053,23,0,71.405495
s0053,24,0,75.42587
s0053,25,0,64.79735
s0053,26,0,67.79734
s0053,27,0,64.609215
s0053,28,0,75.30439
s0053,29,0,68.480736
s0053,30,0,61.748898
s0053,31,0,69.08276
s0053,32,0,64.0162
s0053,33,0,56.226093
s0053,34,0,54.396114
s0053,35,0,56.84754
s0053,36,0,54.12038
s0053,37,0,67.845245
s0053,38,0,53.70422
s0053,39,0,24.388166
s0053,40,0,58.812546
s0053,41,0,54.267586
s0053,42,0,43.822968
s0053,43,0,45.707817
s0053,44,0,44.174145
s0053,45,0,54.518764
s0053,46,0,49.507748
s0053,47,0,38.30452
s0053,48,0,58.752583
s0053,49,0,46.657436
s0053,50,0,59.02263
s0053,51,0,46.97106
s0053,52,0,56.931324
s0053,53,0,48.95701
s0053,54,0,45.242886
s0053,55,0,48.885666
s0053,56,0,50.048626
s0053,57,0,65.00331
s0053,58,0,55.32886
s0053,59,0,67.46757
s0053,60,0,67.62534
s0053,61,0,51.087887
s0053,62,0,79.52263
s0053,63,0,68.73969
s0053,64,0,63.16909
s0053,65,0,61.074665
s0053,66,0,75.25824
s0053,67,0,62.54978
s0053,68,0,69.92896
s0053,69,0,60.628033
s0053,70,0,57.63394
s0053,71,0,60.76523
s0053,72,0,66.46262
s0053,73,0,72.47754
s0053,74,0,83.05076
s0053,75,0,79.57409
s0053,76,0,78.92762
s0053,77,0,79.44277
s0053,78,0,76.96535
s0053,79,0,78.33563
s0053,80,0,80.09627
s0053,81,0,78.86819
s0053,82,0,70.77245
s0053,83,0,64.05551
s0053,84,0,68.81276
s0053,85,0,72.211815
s0053,86,0,71.57225
s0053,87,0,61.21846
s0053,88,0,61.13048
s0053,89,0,56.152973
s0053,90,0,51.60181
s0053,91,0,71.046486
s0053,92,0,61.636654
s0053,93,0,63.814575
s0053,94,0,68.49008
s0053,95,0,65.97638
s0054,0,0,55.21933
s0054,1,0,44.405643
s0054,2,0,50.80749
s0054,3,0,47.90658
s0054,4,0,56.071487
s0054,5,0,58.687527
s0054,6,0,62.596138
s0054,7,0,42.022083
s0054,8,0,53.93299
s0054,9,0,60.011566
s0054,10,0,60.02136
s0054,11,0,61.882393
s0054,12,0,68.69659
s0054,13,0,64.65615
s0054,14,0,59.036163
s0054,15,0,66.28335
s0054,16,0,69.39506
s0054,17,0,66.067154
s0054,18,0,60.57424
s0054,19,0,57.75265
s0054,20,0,69.25995
s0054,21,0,63.742416
s0054,22,0,68.57292
s0054,23,0,67.96599
s0054,24,0,63.341465
s0054,25,0,67.758736
s0054,26,0,67.138824
s0054,27,0,63.323666
s0054,28,0,71.822266
s0054,29,0,70.02492
s0054,30,0,50.43362
s0054,31,0,56.523552
s0054,32,0,65.61617
s0054,33,0,55.013954
s0054,34,0,48.139084
s0054,35,0,58.05538
s0054,36,0,62.78017
s0054,37,0,59.7513
s0054,38,0,65.457275
s0054,39,0,58.78333
s0054,40,0,39.714466
s0054,41,0,37.34272
s0054,42,0,54.96911
s0054,43,0,45.644714
s0054,44,0,74.456505
s0054,45,0,43.081528
s0054,46,0,60.2216
s0054,47,0,56.48724
s0054,48,0,48.684566
s0054,49,0,57.38509
s0054,50,0,49.426178
s0054,51,0,58.871883
s0054,52,0,41.84904
s0054,53,0,54.911938
s0054,54,0,48.999928
s0054,55,0,54.947296
s0054,56,0,58.437603
s0054,57,0,63.85503
s0054,58,0,61.589855
s0054,59,0,65.128044
s0054,60,0,60.11163
s0054,61,0,72.52969
s0054,62,0,71.77352
s0054,63,0,77.338745
s0054,64,0,62.5578
s0054,65,0,71.796936
s0054,66,0,74.014915
s0054,67,0,54.52427
s0054,68,0,64.68321
s0054,69,0,68.88893
s0054,70,0,58.955826
s0054,71,0,66.64652
s0054,72,0,60.893738
s0054,73,0,70.164116
s0054,74,0,72.90422
s0054,75,0,79.579414
s0054,76,0,79.34864
s0054,77,0,78.95784
s0054,78,0,78.34196
s0054,79,0,79.69027
s0054,80,0,79.40234
s0054,81,0,79.84643
s0054,82,0,62.591522
s0054,83,0,68.3783
s0054,84,0,70.197716
s0054,85,0,78.298965
s0054,86,0,63.497562
s0054,87,0,68.89224
s0054,88,0,68.47538
s0054,89,0,59.235905
s0054,90,0,52.562756
s0054,91,0,79.13182
s0054,92,0,66.03495
s0054,93,0,69.62478
s0054,94,0,73.434525
s0054,95,0,72.8199
s0055,0,0,47.296173
s0055,1,0,52.76514
s0055,2,0,47.04379
s0055,3,0,53.909542
s0055,4,0,50.428772
s0055,5,0,57.55116
s0055,6,0,51.984283
s0055,7,0,51.77535
s0055,8,0,66.28583
s0055,9,0,58.915993
s0055,10,0,61.673122
s0055,11,0,61.235424
s0055,12,0,68.84903
s0055,13,0,64.87788
s0055,14,0,68.22861
s0055,15,0,69.2668
s0055,16,0,64.89691
s0055,17,0,63.87985
s0055,18,0,61.45869
s0055,19,0,73.29071
s0055,20,0,68.71534
s0055,21,0,66.41493
s0055,22,0,63.124996
s0055,23,0,70.36964
s0055,24,0,68.23691
s0055,25,0,62.429573
s0055,26,0,69.58956
s0055,27,0,62.020622
s0055,28,0,69.48828
s0055,29,0,69.10762
s0055,30,0,55.66688
s0055,31,0,61.64664
s0055,32,0,58.474274
s0055,33,0,50.140594
s0055,34,0,51.8798
s0055,35,0,60.412006
s0055,36,0,54.48929
s0055,37,0,59.80447
s0055,38,0,58.611
s0055,39,0,61.007343
s0055,40,0,57.674404
s0055,41,0,55.627903
s0055,42,0,45.657658
s0055,43,0,35.326546
s0055,44,0,51.46102
s0055,45,0,49.43131
s0055,46,0,49.41655
s0055,47,0,57.285282
s0055,48,0,38.232964
s0055,49,0,63.541603
s0055,50,0,51.73147
s0055,51,0,64.89306
s0055,52,0,60.81264
s0055,53,0,42.428265
s0055,54,0,63.30302
s0055,55,0,53.469093
s0055,56,0,47.470943
s0055,57,0,57.430206
s0055,58,0,61.834854
s0055,59,0,69.47693
s0055,60,0,60.229362
s0055,61,0,64.64843
s0055,62,0,73.33805
s0055,63,0,68.48786
s0055,64,0,67.58745
s0055,65,0,69.50549
s0055,66,0,77.17187
s0055,67,0,64.5191
s0055,68,0,66.92199
s0055,69,0,56.66325
s0055,70,0,56.394566
s0055,71,0,65.38593
s0055,72,0,52.16993
s0055,73,0,71.727325
s0055,74,0,71.98593
s0055,75,0,78.77604
s0055,76,0,65.320694
s0055,77,0,79.20078
s0055,78,0,75.98162
s0055,79,0,79.38024
s0055,80,0,78.01773
s0055,81,0,80.22891
s0055,82,0,65.10084
s0055,83,0,60.699833
s0055,84,0,64.56899
s0055,85,0,75.24477
s0055,86,0,66.98721
s0055,87,0,59.535973
s0055,88,0,57.28935
s0055,89,0,56.089046
s0055,90,0,53.586906
s0055,91,0,78.03715
s0055,92,0,69.498886
s0055,93,0,68.768814
s0055,94,0,73.20196
s0055,95,0,73.51058
s0056,0,0,48.315502
s0056,1,0,45.89906
s0056,2,0,45.886505
s0056,3,0,39.546158
s0056,4,0,52.970207
s0056,5,0,52.197342
s0056,6,0,51.214478
s0056,7,0,59.26328
s0056,8,0,51.524277
s0056,9,0,59.150116
s0056,10,0,52.145607
s0056,11,0,56.547657
s0056,12,0,77.86267
s0056,13,0,58.234447
s0056,14,0,63.20382
s0056,15,0,69.589554
s0056,16,0,68.778984
s0056,17,0,63.02844
s0056,18,0,66.77262
s0056,19,0,65.64904
s0056,20,0,68.329895
s0056,21,0,65.80052
s0056,22,0,61.235462
s0056,23,0,70.86629
s0056,24,0,70.5939
s0056,25,0,51.98636
s0056,26,0,69.46786
s0056,27,0,64.368126
s0056,28,0,65.13063
s0056,29,0,68.51604
s0056,30,0,71.24275
s0056,31,0,60.47031
s0056,32,0,48.92633
s0056,33,0,50.46787
s0056,34,0,46.51823
s0056,35,0,58.669216
s0056,36,0,52.579147
s0056,37,0,49.808178
s0056,38,0,56.28334
s0056,39,0,57.620564
s0056,40,0,63.839046
s0056,41,0,67.31669
s0056,42,0,45.46215
s0056,43,0,50.783756
s0056,44,0,45.81877
s0056,45,0,59.638195
s0056,46,0,40.036705
s0056,47,0,29.932056
s0056,48,0,41.208256
s0056,49,0,40.412254
s0056,50,0,48.43395
s0056,51,0,53.920074
s0056,52,0,49.8032
s0056,53,0,41.64861
s0056,54,0,49.27922
s0056,55,0,60.82211
s0056,56,0,52.84127
s0056,57,0,72.13234
s0056,58,0,62.090042
s0056,59,0,63.883434
s0056,60,0,55.037003
s0056,61,0,57.835144
s0056,62,0,67.13739
s0056,63,0,70.23297
s0056,64,0,61.88121
s0056,65,0,69.18027
s0056,66,0,62.791508
s0056,67,0,68.38055
s0056,68,0,63.066036
s0056,69,0,64.16025
s0056,70,0,66.362656
s0056,71,0,58.206207
s0056,72,0,69.57368
s0056,73,0,69.229774
s0056,74,0,76.44657
s0056,75,0,80.502594
s0056,76,0,80.1438
s0056,77,0,79.29676
s0056,78,0,73.13421
s0056,79,0,79.47021
s0056,80,0,80.465965
s0056,81,0,76.370125
s0056,82,0,62.99346
s0056,83,0,71.38467
s0056,84,0,73.99906
s0056,85,0,70.18682
s0056,86,0,55.71779
s0056,87,0,59.507015
s0056,88,0,64.33218
s0056,89,0,50.363644
s0056,90,0,61.997883
s0056,91,0,71.18825
s0056,92,0,69.4363
s0056,93,0,65.90574
s0056,94,0,68.430405
s0056,95,0,62.851967
s0057,0,0,56.280033
s0057,1,0,47.113415
s0057,2,0,36.99746
s0057,3,0,42.198215
s0057,4,0,55.920647
s0057,5,0,53.21466
s0057,6,0,54.884457
s0057,7,0,62.688725
s0057,8,0,61.66269
s0057,9,0,53.342693
s0057,10,0,66.7248
s0057,11,0,64.61109
s0057,12,0,61.038475
s0057,13,0,61.14105
s0057,14,0,65.57253
s0057,15,0,61.081593
s0057,16,0,64.11022
s0057,17,0,68.355896
s0057,18,0,69.7287
s0057,19,0,66.28627
s0057,20,0,67.44734
s0057,21,0,66.67437
s0057,22,0,61.621166
s0057,23,0,65.42912
s0057,24,0,63.550068
s0057,25,0,65.17106
s0057,26,0,66.8392
s0057,27,0,65.85667
s0057,28,0,72.49261
s0057,29,0,76.55411
s0057,30,0,51.216125
s0057,31,0,71.30408
s0057,32,0,61.426117
s0057,33,0,49.076385
s0057,34,0,45.0665
s0057,35,0,55.854267
s0057,36,0,56.199677
s0057,37,0,61.17363
s0057,38,0,58.154003
s0057,39,0,57.835537
s0057,40,0,61.841526
s0057,41,0,44.235214
s0057,42,0,49.720554
s0057,43,0,55.93747
s0057,44,0,35.399124
s0057,45,0,42.25056
s0057,46,0,30.765629
s0057,47,0,45.896805
s0057,48,0,51.712887
s0057,49,0,46.6106
s0057,50,0,38.35873
s0057,51,0,44.56599
s0057,52,0,57.043606
s0057,53,0,53.625736
s0057,54,0,36.203262
s0057,55,0,70.88805
s0057,56,0,54.837574
s0057,57,0,62.88706
s0057,58,0,57.093697
s0057,59,0,63.753963
s0057,60,0,60.831856
s0057,61,0,68.6817
s0057,62,0,71.985245
s0057,63,0,73.563194
s0057,64,0,69.43452
s0057,65,0,61.149998
s0057,66,0,70.16865
s0057,67,0,60.932907
s0057,68,0,66.761185
s0057,69,0,70.466255
s0057,70,0,57.237328
s0057,71,0,57.865936
s0057,72,0,62.096756
s0057,73,0,66.59641
s0057,74,0,82.07759
s0057,75,0,79.50651
s0057,76,0,79.196396
s0057,77,0,80.10851
s0057,78,0,78.99638
s0057,79,0,79.178856
s0057,80,0,79.51107
s0057,81,0,77.59328
s0057,82,0,57.9321
s0057,83,0,62.38651
s0057,84,0,64.13381
s0057,85,0,78.81309
s0057,86,0,69.08109
s0057,87,0,54.74707
s0057,88,0,56.203426
s0057,89,0,57.796196
s0057,90,0,62.61081
s0057,91,0,68.79349
s0057,92,0,67.23323
s0057,93,0,68.68819
s0057,94,0,72.988014
s0057,95,0,57.314934
s0058,0,0,53.29715
s0058,1,0,62.55086
s0058,2,0,41.669197
s0058,3,0,46.628746
s0058,4,0,56.463314
s0058,5,0,59.152504
s0058,6,0,52.58415
s0058,7,0,51.120735
s0058,8,0,62.259247
s0058,9,0,56.702293
s0058,10,0,57.179455
s0058,11,0,67.46392
s0058,12,0,74.47139
s0058,13,0,64.17993
s0058,14,0,64.74891
s0058,15,0,63.388416
s0058,16,0,71.84969
s0058,17,0,65.01164
s0058,18,0,63.688316
s0058,19,0,68.141106
s0058,20,0,68.83161
s0058,21,0,75.45196
s0058,22,0,71.83429
s0058,23,0,68.465515
s0058,24,0,73.34502
s0058,25,0,66.40095
s0058,26,0,66.13747
s0058,27,0,60.660515
s0058,28,0,75.00057
s0058,29,0,69.47279
s0058,30,0,62.08996
s0058,31,0,68.40105
s0058,32,0,60.646427
s0058,33,0,69.104675
s0058,34,0,51.186935
s0058,35,0,61.05578
s0058,36,0,52.307648
s0058,37,0,55.18092
s0058,38,0,51.04031
s0058,39,0,46.409687
s0058,40,0,57.56247
s0058,41,0,62.599373
s0058,42,0,65.88055
s0058,43,0,42.024685
s0058,44,0,40.58538
s0058,45,0,59.50983
s0058,46,0,53.89819
s0058,47,0,50.689705
s0058,48,0,50.48409
s0058,49,0,38.073128
s0058,50,0,40.90647
s0058,51,0,44.727936
s0058,52,0,54.453617
s0058,53,0,47.953274
s0058,54,0,52.19703
s0058,55,0,65.12925
s0058,56,0,51.71032
s0058,57,0,64.08436
s0058,58,0,55.641273
s0058,59,0,63.992214
s0058,60,0,63.466396
s0058,61,0,66.2889
s0058,62,0,69.66592
s0058,63,0,74.24863
s0058,64,0,70.49407
s0058,65,0,72.22989
s0058,66,0,72.6154
s0058,67,0,67.59455
s0058,68,0,66.88882
s0058,69,0,57.462555
s0058,70,0,62.570675
s0058,71,0,53.504387
s0058,72,0,58.867798
s0058,73,0,78.959755
s0058,74,0,79.0979
s0058,75,0,79.94135
s0058,76,0,78.417244
s0058,77,0,80.04282
s0058,78,0,77.76464
s0058,79,0,81.86016
s0058,80,0,78.18989
s0058,81,0,77.98911
s0058,82,0,66.53715
s0058,83,0,64.12555
s0058,84,0,78.331215
s0058,85,0,73.6006
s0058,86,0,63.04534
s0058,87,0,55.567596
s0058,88,0,57.82205
s0058,89,0,57.882347
s0058,90,0,59.928173
s0058,91,0,69.36016
s0058,92,0,58.655323
s0058,93,0,72.48315
s0058,94,0,73.1894
s0058,95,0,70.450966
s0059,0,0,51.088455
s0059,1,0,44.428722
s0059,2,0,49.030773
s0059,3,0,52.986744
s0059,4,0,52.922657
s0059,5,0,56.041924
s0059,6,0,52.63405
s0059,7,0,56.894077
s0059,8,0,69.28972
s0059,9,0,58.13652
s0059,10,0,70.07782
s0059,11,0,55.411633
s0059,12,0,61.69494
s0059,13,0,62.518085
s0059,14,0,58.828243
s0059,15,0,69.55506
s0059,16,0,70.90308
s0059,17,0,68.15325
s0059,18,0,69.275925
s0059,19,0,63.621994
s0059,20,0,76.83424
s0059,21,0,56.055424
s0059,22,0,48.82705
s0059,23,0,74.17184
s0059,24,0,63.620354
s0059,25,0,67.71312
s0059,26,0,71.644295
s0059,27,0,54.829296
s0059,28,0,73.50353
s0059,29,0,71.70681
s0059,30,0,58.428448
s0059,31,0,64.49403
s0059,32,0,57.745102
s0059,33,0,61.555477
s0059,34,0,58.772423
s0059,35,0,50.979794
s0059,36,0,58.211994
s0059,37,0,59.22992
s0059,38,0,45.003914
s0059,39,0,55.46896
s0059,40,0,65.14916
s0059,41,0,57.763725
s0059,42,0,43.745174
s0059,43,0,42.964417
s0059,44,0,26.639004
s0059,45,0,53.936874
s0059,46,0,59.42977
s0059,47,0,48.191612
s0059,48,0,36.5864
s0059,49,0,52.937008
s0059,50,0,45.59694
s0059,51,0,65.755646
s0059,52,0,35.95158
s0059,53,0,52.54525
s0059,54,0,49.22542
s0059,55,0,51.84836
s0059,56,0,61.213028
s0059,57,0,58.781693
s0059,58,0,52.600395
s0059,59,0,68.27995
s0059,60,0,57.77162
s0059,61,0,65.17522
s0059,62,0,69.2995
s0059,63,0,73.82741
s0059,64,0,60.585205
s0059,65,0,71.18188
s0059,66,0,68.56353
s0059,67,0,67.66213
s0059,68,0,68.46638
s0059,69,0,60.944885
s0059,70,0,59.021694
s0059,71,0,58.450928
s0059,72,0,63.65901
s0059,73,0,71.709404
s0059,74,0,79.83868
s0059,75,0,79.115234
s0059,76,0,78.601234
s0059,77,0,78.16784
s0059,78,0,78.18536
s0059,79,0,78.79871
s0059,80,0,78.1136
s0059,81,0,77.555046
s0059,82,0,61.859676
s0059,83,0,69.55004
s0059,84,0,69.91924
s0059,85,0,73.01509
s0059,86,0,58.65056
s0059,87,0,60.509197
s0059,88,0,65.489395
s0059,89,0,65.80452
s0059,90,0,51.684944
s0059,91,0,73.56886
s0059,92,0,52.789898
s0059,93,0,70.08521
s0059,94,0,76.351906
s0059,95,0,65.05505
s0060,0,0,42.2468
s0060,1,0,53.311054
s0060,2,0,47.678284
s0060,3,0,36.921436
s0060,4,0,49.212624
s0060,5,0,61.580597
s0060,6,0,57.450836
s0060,7,0,49.853535
s0060,8,0,64.31738
s0060,9,0,55.466057
s0060,10,0,56.77052
s0060,11,0,60.340435
s0060,12,0,63.31693
s0060,13,0,64.50547
s0060,14,0,64.914444
s0060,15,0,66.291275
s0060,16,0,59.796
s0060,17,0,63.559746
s0060,18,0,70.35538
s0060,19,0,58.930794
s0060,20,0,66.00564
s0060,21,0,71.110245
s0060,22,0,61.744442
s0060,23,0,73.80742
s0060,24,0,66.066795
s0060,25,0,66.70142
s0060,26,0,72.76161
s0060,27,0,67.289314
s0060,28,0,68.22605
s0060,29,0,69.36914
s0060,30,0,52.84177
s0060,31,0,59.03417
s0060,32,0,62.292435
s0060,33,0,53.767414
s0060,34,0,51.976143
s0060,35,0,48.17132
s0060,36,0,54.569504
s0060,37,0,56.356796
s0060,38,0,60.874714
s0060,39,0,45.652275
s0060,40,0,61.464104
s0060,41,0,49.60326
s0060,42,0,49.23821
s0060,43,0,52.42014
s0060,44,0,46.094864
s0060,45,0,59.592724
s0060,46,0,36.151848
s0060,47,0,51.544
s0060,48,0,32.53991
s0060,49,0,21.45607
s0060,50,0,31.917149
s0060,51,0,43.36896
s0060,52,0,51.358887
s0060,53,0,63.167107
s0060,54,0,52.97603
s0060,55,0,50.472755
s0060,56,0,62.220093
s0060,57,0,69.13784
s0060,58,0,62.936836
s0060,59,0,63.734535
s0060,60,0,63.731865
s0060,61,0,62.760143
s0060,62,0,66.60685
s0060,63,0,76.18279
s0060,64,0,59.120903
s0060,65,0,58.429398
s0060,66,0,69.989975
s0060,67,0,71.217094
s0060,68,0,70.41252
s0060,69,0,58.12684
s0060,70,0,62.5355
s0060,71,0,64.38913
s0060,72,0,61.113037
s0060,73,0,68.43752
s0060,74,0,75.40259
s0060,75,0,78.79431
s0060,76,0,78.932076
s0060,77,0,80.07122
s0060,78,0,79.96134
s0060,79,0,79.90776
s0060,80,0,78.591866
s0060,81,0,78.88109
s0060,82,0,55.3066
s0060,83,0,65.09769
s0060,84,0,56.778744
s0060,85,0,67.0655
s0060,86,0,62.292206
s0060,87,0,59.930428
s0060,88,0,47.41924
s0060,89,0,62.818256
s0060,90,0,60.206852
s0060,91,0,67.59057
s0060,92,0,72.80477
s0060,93,0,66.24871
s0060,94,0,59.38089
s0060,95,0,63.799694
s0061,0,0,49.6061
s0061,1,0,33.66768
s0061,2,0,39.129524
s0061,3,0,49.052963
s0061,4,0,48.069424
s0061,5,0,49.85305
s0061,6,0,54.857185
s0061,7,0,55.70816
s0061,8,0,62.19454
s0061,9,0,56.817528
s0061,10,0,56.967705
s0061,11,0,68.53354
s0061,12,0,63.314205
s0061,13,0,62.39971
s0061,14,0,63.89531
s0061,15,0,66.65192
s0061,16,0,65.73463
s0061,17,0,66.48201
s0061,18,0,54.802994
s0061,19,0,63.240253
s0061,20,0,70.68107
s0061,21,0,68.022095
s0061,22,0,60.57147
s0061,23,0,70.85047
s0061,24,0,76.00911
s0061,25,0,78.509224
s0061,26,0,78.46546
s0061,27,0,64.40493
s0061,28,0,69.103714
s0061,29,0,64.08025
s0061,30,0,55.939556
s0061,31,0,60.232655
s0061,32,0,61.79775
s0061,33,0,45.65167
s0061,34,0,40.657692
s0061,35,0,52.262257
s0061,36,0,56.47561
s0061,37,0,66.849236
s0061,38,0,55.878387
s0061,39,0,56.498226
s0061,40,0,60.630222
s0061,41,0,46.15779
s0061,42,0,46.10629
s0061,43,0,51.40158
s0061,44,0,51.10214
s0061,45,0,56.970734
s0061,46,0,44.96621
s0061,47,0,20.038757
s0061,48,0,30.610922
s0061,49,0,47.359524
s0061,50,0,48.137966
s0061,51,0,42.895123
s0061,52,0,49.86056
s0061,53,0,54.34039
s0061,54,0,67.38791
s0061,55,0,54.712658
s0061,56,0,45.329536
s0061,57,0,70.07529
s0061,58,0,55.98516
s0061,59,0,63.5202
s0061,60,0,61.923477
s0061,61,0,68.93139
s0061,62,0,70.76173
s0061,63,0,70.6392
s0061,64,0,58.529335
s0061,65,0,63.379658
s0061,66,0,73.203
s0061,67,0,60.216286
s0061,68,0,64.08574
s0061,69,0,61.752724
s0061,70,0,58.09195
s0061,71,0,62.320393
s0061,72,0,72.66351
s0061,73,0,63.08539
s0061,74,0,79.44689
s0061,75,0,79.202065
s0061,76,0,80.19683
s0061,77,0,78.827614
s0061,78,0,76.589195
s0061,79,0,79.82976
s0061,80,0,78.40257
s0061,81,0,75.37321
s0061,82,0,61.392548
s0061,83,0,65.690475
s0061,84,0,70.16138
s0061,85,0,72.04344
s0061,86,0,69.75779
s0061,87,0,60.3336
s0061,88,0,55.679672
s0061,89,0,63.630306
s0061,90,0,43.261368
s0061,91,0,65.94977
s0061,92,0,63.778378
s0061,93,0,70.963875
s0061,94,0,65.098656
s0061,95,0,70.77019
s0062,0,0,54.83609
s0062,1,0,47.281292
s0062,2,0,52.906754
s0062,3,0,49.166862
s0062,4,0,58.016823
s0062,5,0,44.762787
s0062,6,0,51.45572
s0062,7,0,53.57252
s0062,8,0,63.741894
s0062,9,0,64.0142
s0062,10,0,64.54847
s0062,11,0,68.88749
s0062,12,0,69.23191
s0062,13,0,58.659027
s0062,14,0,59.121265
s0062,15,0,62.40663
s0062,16,0,70.51124
s0062,17,0,69.98725
s0062,18,0,77.26031
s0062,19,0,69.56462
s0062,20,0,71.45078
s0062,21,0,69.02503
s0062,22,0,61.19081
s0062,23,0,71.492615
s0062,24,0,65.99019
s0062,25,0,66.52941
s0062,26,0,62.466496
s0062,27,0,60.193233
s0062,28,0,69.45551
s0062,29,0,66.174416
s0062,30,0,58.93511
s0062,31,0,71.25738
s0062,32,0,59.33334
s0062,33,0,56.535015
s0062,34,0,54.580456
s0062,35,0,52.37329
s0062,36,0,52.07212
s0062,37,0,65.510735
s0062,38,0,58.720203
s0062,39,0,53.729797
s0062,40,0,52.601746
s0062,41,0,47.43402
s0062,42,0,48.603874
s0062,43,0,45.203423
s0062,44,0,42.034325
s0062,45,0,46.63517
s0062,46,0,41.472668
s0062,47,0,46.589203
s0062,48,0,58.58241
s0062,49,0,36.75469
s0062,50,0,24.385878
s0062,51,0,69.757286
s0062,52,0,40.721703
s0062,53,0,59.737064
s0062,54,0,58.066303
s0062,55,0,52.10571
s0062,56,0,64.4556
s0062,57,0,62.31841
s0062,58,0,60.606922
s0062,59,0,66.12694
s0062,60,0,72.6024
s0062,61,0,57.029842
s0062,62,0,76.906944
s0062,63,0,71.87904
s0062,64,0,62.55457
s0062,65,0,67.604416
s0062,66,0,67.10636
s0062,67,0,59.903313
s0062,68,0,70.55482
s0062,69,0,69.50178
s0062,70,0,51.307796
s0062,71,0,60.128986
s0062,72,0,66.264824
s0062,73,0,73.12366
s0062,74,0,78.17645
s0062,75,0,79.42411
s0062,76,0,80.35624
s0062,77,0,79.97932
s0062,78,0,78.09249
s0062,79,0,79.14394
s0062,80,0,79.61068
s0062,81,0,76.83331
s0062,82,0,63.83757
s0062,83,0,62.17893
s0062,84,0,69.27296
s0062,85,0,69.23505
s0062,86,0,60.146492
s0062,87,0,58.37776
s0062,88,0,62.43894
s0062,89,0,52.441486
s0062,90,0,50.039783
s0062,91,0,66.9325
s0062,92,0,69.06903
s0062,93,0,79.00018
s0062,94,0,67.3289
s0062,95,0,62.32316
s0063,0,0,58.233162
s0063,1,0,52.39752
s0063,2,0,42.77949
s0063,3,0,49.757347
s0063,4,0,51.905308
s0063,5,0,56.1361
s0063,6,0,50.491974
s0063,7,0,59.632618
s0063,8,0,54.680946
s0063,9,0,66.01052
s0063,10,0,60.172756
s0063,11,0,59.988266
s0063,12,0,61.11825
s0063,13,0,70.96984
s0063,14,0,54.663013
s0063,15,0,65.83977
s0063,16,0,70.51234
s0063,17,0,66.04449
s0063,18,0,66.53114
s0063,19,0,64.939125
s0063,20,0,66.646194
s0063,21,0,68.03955
s0063,22,0,69.44094
s0063,23,0,72.42966
s0063,24,0,60.721752
s0063,25,0,70.534615
s0063,26,0,74.42333
s0063,27,0,64.17073
s0063,28,0,73.69891
s0063,29,0,71.519516
s0063,30,0,53.645557
s0063,31,0,65.71347
s0063,32,0,56.359272
s0063,33,0,57.27558
s0063,34,0,53.04359
s0063,35,0,51.008053
s0063,36,0,46.359123
s0063,37,0,51.48307
s0063,38,0,51.898487
s0063,39,0,50.92278
s0063,40,0,51.731846
s0063,41,0,58.987602
s0063,42,0,55.859806
s0063,43,0,39.188366
s0063,44,0,51.5395
s0063,45,0,26.701324
s0063,46,0,34.699276
s0063,47,0,55.98036
s0063,48,0,45.882282
s0063,49,0,52.236153
s0063,50,0,54.98069
s0063,51,0,54.289276
s0063,52,0,51.78947
s0063,53,0,53.5711
s0063,54,0,59.517845
s0063,55,0,56.945343
s0063,56,0,67.94586
s0063,57,0,65.473076
s0063,58,0,60.94941
s0063,59,0,64.54796
s0063,60,0,63.265926
s0063,61,0,65.724144
s0063,62,0,74.00417
s0063,63,0,74.16405
s0063,64,0,62.137882
s0063,65,0,68.29078
s0063,66,0,72.50382
s0063,67,0,61.12719
s0063,68,0,60.037113
s0063,69,0,60.27543
s0063,70,0,59.66986
s0063,71,0,45.303577
s0063,72,0,60.153873
s0063,73,0,68.58164
s0063,74,0,76.14293
s0063,75,0,79.638214
s0063,76,0,79.816666
s0063,77,0,80.18751
s0063,78,0,75.65671
s0063,79,0,79.1347
s0063,80,0,79.660484
s0063,81,0,78.68298
s0063,82,0,66.472725
s0063,83,0,65.63894
s0063,84,0,64.87701
s0063,85,0,68.16652
s0063,86,0,62.793232
s0063,87,0,62.845272
s0063,88,0,56.455017
s0063,89,0,61.862816
s0063,90,0,53.713722
s0063,91,0,71.813576
s0063,92,0,62.42207
s0063,93,0,64.62653
s0063,94,0,69.15237
s0063,95,0,60.818157
s0064,0,0,47.468082
s0064,1,0,38.911144
s0064,2,0,45.300407
s0064,3,0,40.570465
s0064,4,0,51.653496
s0064,5,0,43.930725
s0064,6,0,52.503227
s0064,7,0,56.810535
s0064,8,0,64.95191
s0064,9,0,56.748936
s0064,10,0,56.082222
s0064,11,0,72.36214
s0064,12,0,72.28406
s0064,13,0,55.96218
s0064,14,0,66.91409
s0064,15,0,63.361614
s0064,16,0,61.82986
s0064,17,0,55.57369
s0064,18,0,63.663895
s0064,19,0,67.823265
s0064,20,0,67.641655
s0064,21,0,62.424133
s0064,22,0,61.02556
s0064,23,0,73.57337
s0064,24,0,64.04403
s0064,25,0,62.16986
s0064,26,0,70.16902
s0064,27,0,63.071575
s0064,28,0,72.15203
s0064,29,0,60.533825
s0064,30,0,54.860813
s0064,31,0,61.430298
s0064,32,0,55.765274
s0064,33,0,51.897705
s0064,34,0,48.21032
s0064,35,0,56.855164
s0064,36,0,45.29613
s0064,37,0,51.73271
s0064,38,0,55.57961
s0064,39,0,49.702106
s0064,40,0,70.95655
s0064,41,0,50.270386
s0064,42,0,59.643356
s0064,43,0,44.23839
s0064,44,0,51.51954
s0064,45,0,55.55075
s0064,46,0,35.144077
s0064,47,0,17.876024
s0064,48,0,55.048008
s0064,49,0,48.895386
s0064,50,0,55.573757
s0064,51,0,52.245773
s0064,52,0,40.669636
s0064,53,0,48.636063
s0064,54,0,54.627285
s0064,55,0,49.5909
s0064,56,0,73.992546
s0064,57,0,61.912144
s0064,58,0,51.55852
s0064,59,0,63.467087
s0064,60,0,59.82156
s0064,61,0,63.760086
s0064,62,0,75.92568
s0064,63,0,73.151695
s0064,64,0,67.499245
s0064,65,0,57.8161
s0064,66,0,59.644234
s0064,67,0,57.456028
s0064,68,0,64.00565
s0064,69,0,60.418083
s0064,70,0,56.988056
s0064,71,0,60.143177
s0064,72,0,55.165695
s0064,73,0,66.63563
s0064,74,0,73.35711
s0064,75,0,80.4928
s0064,76,0,79.001465
s0064,77,0,78.97958
s0064,78,0,71.01836
s0064,79,0,79.257996
s0064,80,0,78.66325
s0064,81,0,78.47597
s0064,82,0,60.187927
s0064,83,0,64.74726
s0064,84,0,56.963898
s0064,85,0,74.65126
s0064,86,0,56.482292
s0064,87,0,70.97813
s0064,88,0,55.68979
s0064,89,0,57.99942
s0064,90,0,49.320442
s0064,91,0,64.024864
s0064,92,0,58.90792
s0064,93,0,67.143135
s0064,94,0,65.55568
s0064,95,0,67.916245
s0065,0,0,47.174854
s0065,1,0,50.584938
s0065,2,0,48.896248
s0065,3,0,48.250084
s0065,4,0,52.83643
s0065,5,0,53.469254
s0065,6,0,46.042336
s0065,7,0,59.706757
s0065,8,0,61.80022
s0065,9,0,62.692818
s0065,10,0,67.24038
s0065,11,0,55.382988
s0065,12,0,69.35369
s0065,13,0,64.27108
s0065,14,0,66.73529
s0065,15,0,71.16118
s0065,16,0,67.6944
s0065,17,0,57.68635
s0065,18,0,65.79715
s0065,19,0,72.39737
s0065,20,0,68.57767
s0065,21,0,61.58129
s0065,22,0,51.60795
s0065,23,0,72.150246
s0065,24,0,68.07717
s0065,25,0,74.11912
s0065,26,0,72.25787
s0065,27,0,64.988884
s0065,28,0,63.06163
s0065,29,0,72.938835
s0065,30,0,62.135387
s0065,31,0,72.82311
s0065,32,0,62.443314
s0065,33,0,63.186863
s0065,34,0,53.51112
s0065,35,0,52.340137
s0065,36,0,60.79522
s0065,37,0,54.574253
s0065,38,0,48.88829
s0065,39,0,67.959526
s0065,40,0,73.90724
s0065,41,0,56.91612
s0065,42,0,38.768036
s0065,43,0,64.44388
s0065,44,0,41.034977
s0065,45,0,49.044952
s0065,46,0,33.019295
s0065,47,0,21.121595
s0065,48,0,35.59246
s0065,49,0,49.107533
s0065,50,0,47.763977
s0065,51,0,54.031906
s0065,52,0,58.11712
s0065,53,0,54.058678
s0065,54,0,45.70702
s0065,55,0,51.223175
s0065,56,0,55.377934
s0065,57,0,62.37173
s0065,58,0,62.840027
s0065,59,0,62.816055
s0065,60,0,54.91269
s0065,61,0,64.58689
s0065,62,0,75.430275
s0065,63,0,73.85685
s0065,64,0,72.06485
s0065,65,0,65.04243
s0065,66,0,66.16058
s0065,67,0,57.695805
s0065,68,0,67.67599
s0065,69,0,60.85608
s0065,70,0,51.96371
s0065,71,0,55.00128
s0065,72,0,59.76245
s0065,73,0,61.490536
s0065,74,0,76.88464
s0065,75,0,79.385254
s0065,76,0,80.544
s0065,77,0,78.681145
s0065,78,0,79.57714
s0065,79,0,80.26969
s0065,80,0,79.53157
s0065,81,0,76.87751
s0065,82,0,67.55725
s0065,83,0,64.286514
s0065,84,0,71.549095
s0065,85,0,68.81204
s0065,86,0,63.076866
s0065,87,0,62.602585
s0065,88,0,59.59258
s0065,89,0,59.76913
s0065,90,0,57.473793
s0065,91,0,73.000534
s0065,92,0,73.40622
s0065,93,0,67.597115
s0065,94,0,63.6989
s0065,95,0,65.06357
s0066,0,0,54.42059
s0066,1,0,38.17093
s0066,2,0,52.217224
s0066,3,0,47.69254
s0066,4,0,51.74246
s0066,5,0,51.60145
s0066,6,0,53.44982
s0066,7,0,51.9121
s0066,8,0,58.225597
s0066,9,0,57.618233
s0066,10,0,57.7682
s0066,11,0,59.550022
s0066,12,0,58.908936
s0066,13,0,65.89513
s0066,14,0,64.423935
s0066,15,0,73.39192
s0066,16,0,62.201294
s0066,17,0,63.83854
s0066,18,0,64.25121
s0066,19,0,60.310177
s0066,20,0,65.11331
s0066,21,0,70.94478
s0066,22,0,54.760933
s0066,23,0,65.89954
s0066,24,0,72.36238
s0066,25,0,65.53081
s0066,26,0,73.40191
s0066,27,0,62.575665
s0066,28,0,71.87962
s0066,29,0,69.66765
s0066,30,0,64.365425
s0066,31,0,64.19808
s0066,32,0,62.076756
s0066,33,0,47.882748
s0066,34,0,41.21206
s0066,35,0,62.386852
s0066,36,0,52.60593
s0066,37,0,40.206367
s0066,38,0,42.577164
s0066,39,0,61.16014
s0066,40,0,56.187737
s0066,41,0,52.286777
s0066,42,0,36.893085
s0066,43,0,47.70479
s0066,44,0,55.32948
s0066,45,0,57.268806
s0066,46,0,38.662243
s0066,47,0,68.0689
s0066,48,0,44.46133
s0066,49,0,53.072605
s0066,50,0,46.683144
s0066,51,0,63.78248
s0066,52,0,60.7976
s0066,53,0,47.51353
s0066,54,0,56.609997
s0066,55,0,48.281086
s0066,56,0,58.976326
s0066,57,0,82.90359
s0066,58,0,49.844685
s0066,59,0,61.750916
s0066,60,0,60.186157
s0066,61,0,64.04922
s0066,62,0,67.99142
s0066,63,0,71.069435
s0066,64,0,68.85464
s0066,65,0,57.400158
s0066,66,0,68.43674
s0066,67,0,66.70903
s0066,68,0,67.27774
s0066,69,0,58.02435
s0066,70,0,60.864227
s0066,71,0,52.980286
s0066,72,0,63.0056
s0066,73,0,74.12721
s0066,74,0,82.224075
s0066,75,0,79.53804
s0066,76,0,78.76301
s0066,77,0,80.18212
s0066,78,0,80.10731
s0066,79,0,78.31945
s0066,80,0,79.81921
s0066,81,0,78.57783
s0066,82,0,54.10497
s0066,83,0,62.50108
s0066,84,0,66.4372
s0066,85,0,66.63342
s0066,86,0,60.39853
s0066,87,0,65.464806
s0066,88,0,56.754307
s0066,89,0,58.858772
s0066,90,0,67.27758
s0066,91,0,71.06551
s0066,92,0,63.13884
s0066,93,0,69.79034
s0066,94,0,70.996796
s0066,95,0,65.81427
s0067,0,0,53.931606
s0067,1,0,47.725082
s0067,2,0,51.44251
s0067,3,0,44.45172
s0067,4,0,53.372314
s0067,5,0,50.769096
s0067,6,0,57.926666
s0067,7,0,49.78355
s0067,8,0,63.024536
s0067,9,0,54.333153
s0067,10,0,61.677383
s0067,11,0,68.17041
s0067,12,0,61.27629
s0067,13,0,68.09515
s0067,14,0,64.33338
s0067,15,0,68.51229
s0067,16,0,57.651302
s0067,17,0,64.034615
s0067,18,0,61.889256
s0067,19,0,58.591213
s0067,20,0,67.316956
s0067,21,0,70.24236
s0067,22,0,58.664516
s0067,23,0,67.98219
s0067,24,0,71.86082
s0067,25,0,72.591125
s0067,26,0,78.72664
s0067,27,0,65.402985
s0067,28,0,73.047264
s0067,29,0,75.963844
s0067,30,0,61.25245
s0067,31,0,60.936768
s0067,32,0,52.82976
s0067,33,0,44.75791
s0067,34,0,50.87464
s0067,35,0,47.203426
s0067,36,0,51.654568
s0067,37,0,60.79529
s0067,38,0,62.0184
s0067,39,0,48.17368
s0067,40,0,49.34502
s0067,41,0,38.140118
s0067,42,0,53.426987
s0067,43,0,46.5698
s0067,44,0,54.610287
s0067,45,0,41.02834
s0067,46,0,41.07759
s0067,47,0,55.34341
s0067,48,0,63.48718
s0067,49,0,54.77463
s0067,50,0,52.952866
s0067,51,0,49.255547
s0067,52,0,46.1509
s0067,53,0,58.943653
s0067,54,0,56.00572
s0067,55,0,50.668118
s0067,56,0,67.23088
s0067,57,0,66.769035
s0067,58,0,56.680923
s0067,59,0,74.78526
s0067,60,0,52.368256
s0067,61,0,61.50931
s0067,62,0,76.815445
s0067,63,0,74.74785
s0067,64,0,59.766342
s0067,65,0,51.421585
s0067,66,0,68.05546
s0067,67,0,55.124554
s0067,68,0,66.28513
s0067,69,0,54.597725
s0067,70,0,43.529835
s0067,71,0,53.704514
s0067,72,0,55.531387
s0067,73,0,77.22821
s0067,74,0,70.558876
s0067,75,0,79.32507
s0067,76,0,79.72184
s0067,77,0,79.38436
s0067,78,0,73.28589
s0067,79,0,79.01269
s0067,80,0,79.924255
s0067,81,0,79.96693
s0067,82,0,61.809593
s0067,83,0,62.402855
s0067,84,0,73.07372
s0067,85,0,70.71685
s0067,86,0,68.980606
s0067,87,0,54.1367
s0067,88,0,61.76016
s0067,89,0,61.948296
s0067,90,0,58.497112
s0067,91,0,66.04634
s0067,92,0,62.99807
s0067,93,0,63.215954
s0067,94,0,67.3144
s0067,95,0,70.01456
s0068,0,0,64.61851
s0068,1,0,52.419273
s0068,2,0,47.545635
s0068,3,0,45.93579
s0068,4,0,50.144962
s0068,5,0,51.820602
s0068,6,0,55.48416
s0068,7,0,66.24904
s0068,8,0,63.469803
s0068,9,0,57.87751
s0068,10,0,58.964287
s0068,11,0,69.65051
s0068,12,0,60.275513
s0068,13,0,69.556885
s0068,14,0,67.039406
s0068,15,0,73.14838
s0068,16,0,65.89579
s0068,17,0,63.107765
s0068,18,0,64.66385
s0068,19,0,69.15053
s0068,20,0,65.06518
s0068,21,0,63.291565
s0068,22,0,63.257008
s0068,23,0,66.39143
s0068,24,0,72.16941
s0068,25,0,73.58167
s0068,26,0,58.555138
s0068,27,0,62.463737
s0068,28,0,63.78539
s0068,29,0,71.22943
s0068,30,0,58.502617
s0068,31,0,68.51917
s0068,32,0,54.9721
s0068,33,0,49.19828
s0068,34,0,55.343887
s0068,35,0,57.95548
s0068,36,0,44.36731
s0068,37,0,55.82721
s0068,38,0,65.53108
s0068,39,0,44.4071
s0068,40,0,58.423576
s0068,41,0,51.342026
s0068,42,0,61.245533
s0068,43,0,68.87471
s0068,44,0,41.868828
s0068,45,0,50.462173
s0068,46,0,60.975483
s0068,47,0,37.31902
s0068,48,0,45.804306
s0068,49,0,44.534126
s0068,50,0,45.678616
s0068,51,0,54.502438
s0068,52,0,50.499924
s0068,53,0,47.122486
s0068,54,0,54.39077
s0068,55,0,53.02305
s0068,56,0,54.678192
s0068,57,0,64.68785
s0068,58,0,54.108013
s0068,59,0,64.65133
s0068,60,0,64.87916
s0068,61,0,66.86243
s0068,62,0,68.460556
s0068,63,0,67.10309
s0068,64,0,65.73663
s0068,65,0,66.567116
s0068,66,0,61.55596
s0068,67,0,66.85008
s0068,68,0,70.67031
s0068,69,0,62.353035
s0068,70,0,49.865253
s0068,71,0,61.320057
s0068,72,0,68.55089
s0068,73,0,72.803696
s0068,74,0,81.18466
s0068,75,0,80.58031
s0068,76,0,80.54634
s0068,77,0,80.644135
s0068,78,0,77.48991
s0068,79,0,80.752174
s0068,80,0,79.7521
s0068,81,0,84.70393
s0068,82,0,70.51565
s0068,83,0,68.900444
s0068,84,0,79.58925
s0068,85,0,72.07328
s0068,86,0,67.950554
s0068,87,0,59.273388
s0068,88,0,56.198116
s0068,89,0,77.57346
s0068,90,0,67.59755
s0068,91,0,70.40427
s0068,92,0,68.22347
s0068,93,0,68.92267
s0068,94,0,60.398384
s0068,95,0,70.61232
s0069,0,0,59.035107
s0069,1,0,38.577602
s0069,2,0,46.043144
s0069,3,0,40.758724
s0069,4,0,57.047497
s0069,5,0,52.431232
s0069,6,0,49.524414
s0069,7,0,58.345947
s0069,8,0,57.726643
s0069,9,0,59.312675
s0069,10,0,61.790802
s0069,11,0,60.570194
s0069,12,0,63.597958
s0069,13,0,67.14384
s0069,14,0,63.71332
s0069,15,0,59.630283
s0069,16,0,71.9749
s0069,17,0,59.033215
s0069,18,0,66.2447
s0069,19,0,58.028584
s0069,20,0,65.15705
s0069,21,0,69.82658
s0069,22,0,66.722176
s0069,23,0,63.61596
s0069,24,0,67.72946
s0069,25,0,64.14208
s0069,26,0,69.60516
s0069,27,0,58.5786
s0069,28,0,63.25427
s0069,29,0,67.81497
s0069,30,0,57.144543
s0069,31,0,66.17885
s0069,32,0,49.175102
s0069,33,0,50.783012
s0069,34,0,51.01303
s0069,35,0,50.17802
s0069,36,0,48.271114
s0069,37,0,69.06723
s0069,38,0,63.180923
s0069,39,0,52.797318
s0069,40,0,59.249813
s0069,41,0,43.04197
s0069,42,0,36.505157
s0069,43,0,55.282505
s0069,44,0,45.705627
s0069,45,0,59.455708
s0069,46,0,56.842594
s0069,47,0,44.445286
s0069,48,0,43.05407
s0069,49,0,36.6083
s0069,50,0,42.046124
s0069,51,0,45.485893
s0069,52,0,53.674538
s0069,53,0,61.389767
s0069,54,0,60.558838
s0069,55,0,52.087234
s0069,56,0,58.35963
s0069,57,0,51.433083
s0069,58,0,65.337494
s0069,59,0,64.904594
s0069,60,0,70.34824
s0069,61,0,62.906254
s0069,62,0,65.38228
s0069,63,0,70.69639
s0069,64,0,67.09456
s0069,65,0,60.92082
s0069,66,0,69.4901
s0069,67,0,63.137478
s0069,68,0,61.652958
s0069,69,0,57.696552
s0069,70,0,59.872627
s0069,71,0,62.483093
s0069,72,0,52.118404
s0069,73,0,71.814316
s0069,74,0,75.671135
s0069,75,0,80.37437
s0069,76,0,79.633385
s0069,77,0,79.81096
s0069,78,0,74.76803
s0069,79,0,79.7573
s0069,80,0,78.69534
s0069,81,0,77.67224
s0069,82,0,73.35732
s0069,83,0,64.857124
s0069,84,0,73.57724
s0069,85,0,73.08743
s0069,86,0,63.414165
s0069,87,0,60.26678
s0069,88,0,68.36524
s0069,89,0,61.001186
s0069,90,0,47.572136
s0069,91,0,71.77103
s0069,92,0,65.64905
s0069,93,0,68.170265
s0069,94,0,72.40667
s0069,95,0,68.4724
s0070,0,0,54.03808
s0070,1,0,48.974937
s0070,2,0,41.385986
s0070,3,0,53.568283
s0070,4,0,41.606876
s0070,5,0,58.49025
s0070,6,0,57.99072
s0070,7,0,54.446095
s0070,8,0,64.33154
s0070,9,0,65.33452
s0070,10,0,59.273838
s0070,11,0,65.44663
s0070,12,0,67.47353
s0070,13,0,67.8517
s0070,14,0,67.55306
s0070,15,0,68.71609
s0070,16,0,61.39316
s0070,17,0,73.72937
s0070,18,0,63.97841
s0070,19,0,68.115555
s0070,20,0,70.721535
s0070,21,0,66.686195
s0070,22,0,57.508526
s0070,23,0,53.583553
s0070,24,0,65.943726
s0070,25,0,61.627007
s0070,26,0,68.72183
s0070,27,0,65.76941
s0070,28,0,67.939125
s0070,29,0,65.00527
s0070,30,0,59.344677
s0070,31,0,68.628685
s0070,32,0,58.513687
s0070,33,0,56.29571
s0070,34,0,57.819572
s0070,35,0,43.808956
s0070,36,0,57.218285
s0070,37,0,55.776463
s0070,38,0,69.10296
s0070,39,0,51.053185
s0070,40,0,62.567547
s0070,41,0,53.016644
s0070,42,0,56.767048
s0070,43,0,21.94709
s0070,44,0,54.14857
s0070,45,0,34.328682
s0070,46,0,60.55359
s0070,47,0,21.488611
s0070,48,0,46.719154
s0070,49,0,36.35111
s0070,50,0,56.18815
s0070,51,0,51.690765
s0070,52,0,44.947357
s0070,53,0,53.170567
s0070,54,0,47.678547
s0070,55,0,68.187256
s0070,56,0,63.618053
s0070,57,0,63.42992
s0070,58,0,60.56363
s0070,59,0,68.11389
s0070,60,0,62.8709
s0070,61,0,61.31833
s0070,62,0,69.90772
s0070,63,0,69.33263
s0070,64,0,61.424267
s0070,65,0,60.21716
s0070,66,0,64.83377
s0070,67,0,63.906883
s0070,68,0,61.128723
s0070,69,0,65.8163
s0070,70,0,58.89175
s0070,71,0,63.985672
s0070,72,0,48.91967
s0070,73,0,77.62168
s0070,74,0,71.1587
s0070,75,0,79.7084
s0070,76,0,80.100044
s0070,77,0,78.47306
s0070,78,0,80.33053
s0070,79,0,80.05228
s0070,80,0,78.784035
s0070,81,0,76.031555
s0070,82,0,66.22078
s0070,83,0,62.04177
s0070,84,0,66.65345
s0070,85,0,68.364845
s0070,86,0,70.13093
s0070,87,0,65.267105
s0070,88,0,64.624176
s0070,89,0,65.76125
s0070,90,0,59.84706
s0070,91,0,72.44014
s0070,92,0,64.56868
s0070,93,0,66.048615
s0070,94,0,69.16137
s0070,95,0,73.92264
s0071,0,0,52.297867
s0071,1,0,47.75624
s0071,2,0,49.84281
s0071,3,0,43.45168
s0071,4,0,59.985626
s0071,5,0,58.452576
s0071,6,0,47.714294
s0071,7,0,58.563393
s0071,8,0,47.149525
s0071,9,0,54.072437
s0071,10,0,60.70367
s0071,11,0,66.31947
s0071,12,0,69.570145
s0071,13,0,66.59335
s0071,14,0,66.73074
s0071,15,0,72.06028
s0071,16,0,69.59284
s0071,17,0,62.57816
s0071,18,0,65.640945
s0071,19,0,60.124092
s0071,20,0,60.86639
s0071,21,0,66.348335
s0071,22,0,60.393208
s0071,23,0,65.05282
s0071,24,0,67.00596
s0071,25,0,71.15697
s0071,26,0,67.94417
s0071,27,0,68.08181
s0071,28,0,77.820885
s0071,29,0,61.630806
s0071,30,0,55.060055
s0071,31,0,62.056225
s0071,32,0,63.720173
s0071,33,0,46.387283
s0071,34,0,56.715107
s0071,35,0,46.22546
s0071,36,0,53.690327
s0071,37,0,50.56271
s0071,38,0,67.29799
s0071,39,0,58.414875
s0071,40,0,64.68974
s0071,41,0,44.135296
s0071,42,0,54.454582
s0071,43,0,60.23671
s0071,44,0,66.77202
s0071,45,0,43.070286
s0071,46,0,18.940105
s0071,47,0,72.91597
s0071,48,0,67.331245
s0071,49,0,52.756294
s0071,50,0,55.289856
s0071,51,0,54.635696
s0071,52,0,47.730087
s0071,53,0,62.099995
s0071,54,0,51.83715
s0071,55,0,63.67274
s0071,56,0,56.38314
s0071,57,0,60.231056
s0071,58,0,55.819115
s0071,59,0,62.222958
s0071,60,0,58.562717
s0071,61,0,66.10638
s0071,62,0,71.88134
s0071,63,0,74.331696
s0071,64,0,63.270363
s0071,65,0,69.049576
s0071,66,0,65.99249
s0071,67,0,62.601765
s0071,68,0,59.351044
s0071,69,0,70.65528
s0071,70,0,57.384796
s0071,71,0,68.4097
s0071,72,0,63.656227
s0071,73,0,63.21733
s0071,74,0,78.88875
s0071,75,0,79.59034
s0071,76,0,78.57179
s0071,77,0,79.54559
s0071,78,0,80.01606
s0071,79,0,79.067924
s0071,80,0,81.1358
s0071,81,0,76.67376
s0071,82,0,63.52073
s0071,83,0,64.0902
s0071,84,0,63.720917
s0071,85,0,72.05427
s0071,86,0,68.29835
s0071,87,0,59.44099
s0071,88,0,62.046463
s0071,89,0,59.674137
s0071,90,0,52.61986
s0071,91,0,64.690735
s0071,92,0,64.72745
s0071,93,0,65.24297
s0071,94,0,65.07801
s0071,95,0,65.594475
s0072,0,0,55.270943
s0072,1,0,46.90532
s0072,2,0,45.108273
s0072,3,0,47.38141
s0072,4,0,51.990414
s0072,5,0,51.91547
s0072,6,0,44.91246
s0072,7,0,52.190598
s0072,8,0,65.512184
s0072,9,0,58.807087
s0072,10,0,61.534843
s0072,11,0,59.42015
s0072,12,0,64.17646
s0072,13,0,71.7343
s0072,14,0,64.31972
s0072,15,0,69.01409
s0072,16,0,69.25151
s0072,17,0,70.07722
s0072,18,0,59.877335
s0072,19,0,66.12939
s0072,20,0,68.33648
s0072,21,0,64.40177
s0072,22,0,58.434837
s0072,23,0,63.36331
s0072,24,0,69.15548
s0072,25,0,68.630005
s0072,26,0,76.84974
s0072,27,0,61.62067
s0072,28,0,71.55474
s0072,29,0,70.94098
s0072,30,0,61.4527
s0072,31,0,66.47316
s0072,32,0,54.409317
s0072,33,0,50.227264
s0072,34,0,54.00832
s0072,35,0,55.214275
s0072,36,0,45.864296
s0072,37,0,47.795334
s0072,38,0,51.520596
s0072,39,0,63.873352
s0072,40,0,39.66026
s0072,41,0,66.06822
s0072,42,0,43.39202
s0072,43,0,60.28783
s0072,44,0,58.215027
s0072,45,0,46.81848
s0072,46,0,27.753899
s0072,47,0,33.81989
s0072,48,0,48.12545
s0072,49,0,42.009567
s0072,50,0,53.993923
s0072,51,0,43.85695
s0072,52,0,44.78766
s0072,53,0,60.97917
s0072,54,0,46.94155
s0072,55,0,46.80944
s0072,56,0,64.13147
s0072,57,0,62.738663
s0072,58,0,63.38833
s0072,59,0,69.09952
s0072,60,0,58.42328
s0072,61,0,62.575016
s0072,62,0,67.30042
s0072,63,0,68.13527
s0072,64,0,66.99494
s0072,65,0,65.82121
s0072,66,0,71.71257
s0072,67,0,61.25822
s0072,68,0,78.971016
s0072,69,0,63.929535
s0072,70,0,59.53109
s0072,71,0,60.87305
s0072,72,0,65.307045
s0072,73,0,72.65716
s0072,74,0,78.187836
s0072,75,0,79.24108
s0072,76,0,78.628784
s0072,77,0,80.665405
s0072,78,0,78.988365
s0072,79,0,78.331955
s0072,80,0,80.0076
s0072,81,0,79.230934
s0072,82,0,64.33599
s0072,83,0,61.609863
s0072,84,0,77.10169
s0072,85,0,69.26844
s0072,86,0,60.684498
s0072,87,0,60.497406
s0072,88,0,62.059246
s0072,89,0,53.129566
s0072,90,0,59.258335
s0072,91,0,66.623634
s0072,92,0,67.8671
s0072,93,0,71.13756
s0072,94,0,65.53978
s0072,95,0,70.074554
s0073,0,0,52.246582
s0073,1,0,45.1125
s0073,2,0,41.924267
s0073,3,0,53.240772
s0073,4,0,59.6269
s0073,5,0,55.61111
s0073,6,0,53.0178
s0073,7,0,59.141098
s0073,8,0,65.36006
s0073,9,0,61.139984
s0073,10,0,56.446445
s0073,11,0,69.08075
s0073,12,0,71.95547
s0073,13,0,66.33202
s0073,14,0,66.60973
s0073,15,0,65.90631
s0073,16,0,67.15076
s0073,17,0,64.92156
s0073,18,0,64.86331
s0073,19,0,71.15759
s0073,20,0,68.438995
s0073,21,0,66.408356
s0073,22,0,64.8303
s0073,23,0,66.40378
s0073,24,0,63.459972
s0073,25,0,68.7387
s0073,26,0,72.689255
s0073,27,0,62.740482
s0073,28,0,74.82813
s0073,29,0,61.477932
s0073,30,0,58.965897
s0073,31,0,65.56604
s0073,32,0,59.200176
s0073,33,0,59.531963
s0073,34,0,50.170547
s0073,35,0,50.332493
s0073,36,0,55.810947
s0073,37,0,61.32629
s0073,38,0,57.343086
s0073,39,0,54.030117
s0073,40,0,70.828995
s0073,41,0,40.50467
s0073,42,0,30.009108
s0073,43,0,34.13994
s0073,44,0,39.613697
s0073,45,0,46.426884
s0073,46,0,31.823822
s0073,47,0,58.40948
s0073,48,0,54.337383
s0073,49,0,57.974026
s0073,50,0,55.452766
s0073,51,0,57.353344
s0073,52,0,63.907513
s0073,53,0,39.708794
s0073,54,0,52.342
s0073,55,0,65.38135
s0073,56,0,53.061104
s0073,57,0,61.82336
s0073,58,0,61.014763
s0073,59,0,66.18616
s0073,60,0,56.34394
s0073,61,0,54.91377
s0073,62,0,69.78277
s0073,63,0,68.46893
s0073,64,0,68.393776
s0073,65,0,64.593376
s0073,66,0,67.73182
s0073,67,0,57.98184
s0073,68,0,64.77847
s0073,69,0,67.26535
s0073,70,0,62.09093
s0073,71,0,58.022465
s0073,72,0,60.534515
s0073,73,0,69.66337
s0073,74,0,75.497154
s0073,75,0,79.29895
s0073,76,0,80.199196
s0073,77,0,79.26221
s0073,78,0,76.92818
s0073,79,0,79.44787
s0073,80,0,79.769745
s0073,81,0,80.37496
s0073,82,0,72.09545
s0073,83,0,66.369385
s0073,84,0,65.83585
s0073,85,0,68.02223
s0073,86,0,64.57454
s0073,87,0,54.114983
s0073,88,0,70.21562
s0073,89,0,70.16183
s0073,90,0,62.204937
s0073,91,0,64.54174
s0073,92,0,78.73752
s0073,93,0,71.76569
s0073,94,0,75.4903
s0073,95,0,66.378914
s0074,0,0,49.27465
s0074,1,0,43.64806
s0074,2,0,42.282005
s0074,3,0,49.557564
s0074,4,0,54.7839
s0074,5,0,46.894833
s0074,6,0,55.591858
s0074,7,0,61.247486
s0074,8,0,58.63195
s0074,9,0,54.272793
s0074,10,0,55.7544
s0074,11,0,65.135994
s0074,12,0,66.33329
s0074,13,0,58.997902
s0074,14,0,68.2245
s0074,15,0,66.59211
s0074,16,0,60.726368
s0074,17,0,65.96052
s0074,18,0,61.174076
s0074,19,0,78.073814
s0074,20,0,68.49984
s0074,21,0,68.534966
s0074,22,0,44.72588
s0074,23,0,69.85435
s0074,24,0,69.76762
s0074,25,0,66.56282
s0074,26,0,71.225075
s0074,27,0,62.954384
s0074,28,0,69.84586
s0074,29,0,73.02455
s0074,30,0,69.0011
s0074,31,0,64.1584
s0074,32,0,58.55448
s0074,33,0,60.484653
s0074,34,0,50.185455
s0074,35,0,49.132614
s0074,36,0,42.738358
s0074,37,0,58.86364
s0074,38,0,47.456577
s0074,39,0,55.942
s0074,40,0,58.119408
s0074,41,0,49.81219
s0074,42,0,55.30961
s0074,43,0,67.48954
s0074,44,0,51.26286
s0074,45,0,67.00492
s0074,46,0,30.695263
s0074,47,0,27.010534
s0074,48,0,41.928806
s0074,49,0,56.880363
s0074,50,0,51.128643
s0074,51,0,39.145103
s0074,52,0,54.90983
s0074,53,0,56.299274
s0074,54,0,64.40018
s0074,55,0,53.25022
s0074,56,0,42.264744
s0074,57,0,55.69617
s0074,58,0,59.250248
s0074,59,0,63.42704
s0074,60,0,58.51977
s0074,61,0,57.826637
s0074,62,0,80.3168
s0074,63,0,69.8145
s0074,64,0,59.639503
s0074,65,0,58.712025
s0074,66,0,63.182224
s0074,67,0,75.14967
s0074,68,0,63.570118
s0074,69,0,58.473236
s0074,70,0,65.70567
s0074,71,0,57.347862
s0074,72,0,62.182327
s0074,73,0,71.52151
s0074,74,0,80.30895
s0074,75,0,79.29527
s0074,76,0,78.72054
s0074,77,0,79.17104
s0074,78,0,76.466446
s0074,79,0,80.0556
s0074,80,0,79.19925
s0074,81,0,78.14085
s0074,82,0,65.76973
s0074,83,0,68.998695
s0074,84,0,67.77857
s0074,85,0,71.315636
s0074,86,0,61.097954
s0074,87,0,59.590942
s0074,88,0,58.496952
s0074,89,0,65.01873
s0074,90,0,53.54156
s0074,91,0,68.18489
s0074,92,0,63.498985
s0074,93,0,79.130775
s0074,94,0,62.162704
s0074,95,0,72.10747
s0075,0,0,53.371437
s0075,1,0,51.238747
s0075,2,0,30.42376
s0075,3,0,44.778263
s0075,4,0,60.946068
s0075,5,0,48.112858
s0075,6,0,57.990494
s0075,7,0,48.010925
s0075,8,0,54.108063
s0075,9,0,55.15101
s0075,10,0,51.427612
s0075,11,0,59.006676
s0075,12,0,66.18468
s0075,13,0,60.28532
s0075,14,0,59.10072
s0075,15,0,64.73243
s0075,16,0,70.46255
s0075,17,0,61.72965
s0075,18,0,66.856926
s0075,19,0,63.324238
s0075,20,0,74.653305
s0075,21,0,66.80023
s0075,22,0,60.27211
s0075,23,0,68.45212
s0075,24,0,72.588776
s0075,25,0,68.56464
s0075,26,0,69.021866
s0075,27,0,59.10476
s0075,28,0,63.461037
s0075,29,0,65.82161
s0075,30,0,64.65098
s0075,31,0,61.02435
s0075,32,0,50.81128
s0075,33,0,51.676758
s0075,34,0,35.662487
s0075,35,0,43.208256
s0075,36,0,62.178123
s0075,37,0,48.51419
s0075,38,0,64.05863
s0075,39,0,42.566597
s0075,40,0,59.996597
s0075,41,0,60.52826
s0075,42,0,31.971004
s0075,43,0,44.40704
s0075,44,0,46.558853
s0075,45,0,46.449493
s0075,46,0,47.280113
s0075,47,0,44.50011
s0075,48,0,41.156876
s0075,49,0,44.5517
s0075,50,0,23.087692
s0075,51,0,54.477848
s0075,52,0,46.88005
s0075,53,0,52.95474
s0075,54,0,61.14654
s0075,55,0,57.008785
s0075,56,0,57.011665
s0075,57,0,65.86743
s0075,58,0,54.106808
s0075,59,0,59.92957
s0075,60,0,55.15741
s0075,61,0,62.891045
s0075,62,0,73.82754
s0075,63,0,67.70872
s0075,64,0,61.660465
s0075,65,0,65.10461
s0075,66,0,69.65975
s0075,67,0,60.456352
s0075,68,0,65.33805
s0075,69,0,53.924103
s0075,70,0,50.922943
s0075,71,0,55.42166
s0075,72,0,52.111107
s0075,73,0,68.669846
s0075,74,0,77.7528
s0075,75,0,78.66419
s0075,76,0,79.55811
s0075,77,0,78.81236
s0075,78,0,71.93101
s0075,79,0,79.501305
s0075,80,0,79.36156
s0075,81,0,80.55626
s0075,82,0,60.391384
s0075,83,0,64.02819
s0075,84,0,64.095146
s0075,85,0,63.03288
s0075,86,0,64.10318
s0075,87,0,65.25468
s0075,88,0,57.325024
s0075,89,0,56.744007
s0075,90,0,52.38189
s0075,91,0,72.40344
s0075,92,0,66.02526
s0075,93,0,65.56918
s0075,94,0,74.38408
s0075,95,0,69.56847
s0076,0,0,52.5577
s0076,1,0,52.56276
s0076,2,0,45.017227
s0076,3,0,41.425674
s0076,4,0,54.07461
s0076,5,0,55.716534
s0076,6,0,50.174717
s0076,7,0,52.08052
s0076,8,0,65.03462
s0076,9,0,61.38408
s0076,10,0,58.55597
s0076,11,0,65.12016
s0076,12,0,71.26688
s0076,13,0,59.13453
s0076,14,0,54.834476
s0076,15,0,65.28786
s0076,16,0,60.22941
s0076,17,0,64.73889
s0076,18,0,66.0544
s0076,19,0,58.70861
s0076,20,0,68.1113
s0076,21,0,67.600914
s0076,22,0,61.668518
s0076,23,0,72.91806
s0076,24,0,66.80504
s0076,25,0,64.73786
s0076,26,0,66.24199
s0076,27,0,69.8104
s0076,28,0,69.91908
s0076,29,0,66.13709
s0076,30,0,60.2256
s0076,31,0,66.631744
s0076,32,0,65.976494
s0076,33,0,58.230392
s0076,34,0,54.537697
s0076,35,0,52.714066
s0076,36,0,61.87758
s0076,37,0,51.938248
s0076,38,0,66.058426
s0076,39,0,42.630424
s0076,40,0,50.390354
s0076,41,0,45.654263
s0076,42,0,56.980022
s0076,43,0,28.889807
s0076,44,0,60.016914
s0076,45,0,48.63603
s0076,46,0,52.40778
s0076,47,0,71.272835
s0076,48,0,60.781967
s0076,49,0,42.927677
s0076,50,0,45.917843
s0076,51,0,48.476715
s0076,52,0,43.033253
s0076,53,0,47.42984
s0076,54,0,61.214096
s0076,55,0,64.66759
s0076,56,0,66.74356
s0076,57,0,69.5916
s0076,58,0,58.257694
s0076,59,0,70.10321
s0076,60,0,65.59319
s0076,61,0,64.28078
s0076,62,0,73.249344
s0076,63,0,71.05108
s0076,64,0,67.926254
s0076,65,0,61.25615
s0076,66,0,69.12429
s0076,67,0,64.42293
s0076,68,0,69.84364
s0076,69,0,63.02529
s0076,70,0,45.20984
s0076,71,0,56.43352
s0076,72,0,68.04128
s0076,73,0,80.802376
s0076,74,0,77.562546
s0076,75,0,79.98257
s0076,76,0,79.62943
s0076,77,0,80.62886
s0076,78,0,77.05845
s0076,79,0,80.02864
s0076,80,0,79.28781
s0076,81,0,79.288536
s0076,82,0,71.88889
s0076,83,0,65.79192
s0076,84,0,69.53045
s0076,85,0,79.27627
s0076,86,0,66.38872
s0076,87,0,69.2166
s0076,88,0,67.33369
s0076,89,0,64.46251
s0076,90,0,58.70624
s0076,91,0,67.23891
s0076,92,0,57.54104
s0076,93,0,66.33938
s0076,94,0,69.87642
s0076,95,0,60.01427
s0077,0,0,51.40393
s0077,1,0,53.8031
s0077,2,0,45.700485
s0077,3,0,51.90113
s0077,4,0,61.442295
s0077,5,0,52.78618
s0077,6,0,47.202168
s0077,7,0,59.35397
s0077,8,0,55.978107
s0077,9,0,57.90777
s0077,10,0,55.98642
s0077,11,0,62.619045
s0077,12,0,64.583984
s0077,13,0,61.610256
s0077,14,0,57.63859
s0077,15,0,71.41682
s0077,16,0,71.539215
s0077,17,0,66.091286
s0077,18,0,69.37602
s0077,19,0,65.616615
s0077,20,0,66.17184
s0077,21,0,66.38622
s0077,22,0,57.72997
s0077,23,0,73.19395
s0077,24,0,67.35227
s0077,25,0,59.621864
s0077,26,0,67.51097
s0077,27,0,61.00541
s0077,28,0,66.65855
s0077,29,0,67.66067
s0077,30,0,54.643036
s0077,31,0,62.231674
s0077,32,0,53.824757
s0077,33,0,55.06721
s0077,34,0,44.82491
s0077,35,0,49.90399
s0077,36,0,58.94727
s0077,37,0,58.108498
s0077,38,0,59.689915
s0077,39,0,48.001076
s0077,40,0,59.872658
s0077,41,0,34.245228
s0077,42,0,41.76496
s0077,43,0,60.89634
s0077,44,0,50.0304
s0077,45,0,49.428654
s0077,46,0,42.628204
s0077,47,0,38.165108
s0077,48,0,50.98796
s0077,49,0,56.117393
s0077,50,0,41.53209
s0077,51,0,42.710598
s0077,52,0,52.92131
s0077,53,0,47.256016
s0077,54,0,52.20801
s0077,55,0,57.343754
s0077,56,0,65.58116
s0077,57,0,54.124134
s0077,58,0,61.37526
s0077,59,0,71.92165
s0077,60,0,51.25463
s0077,61,0,56.70209
s0077,62,0,77.446304
s0077,63,0,65.727806
s0077,64,0,70.301895
s0077,65,0,67.1288
s0077,66,0,64.67973
s0077,67,0,68.92555
s0077,68,0,58.960632
s0077,69,0,59.581245
s0077,70,0,61.15228
s0077,71,0,59.30099
s0077,72,0,56.207687
s0077,73,0,70.38579
s0077,74,0,76.83403
s0077,75,0,78.341515
s0077,76,0,74.27719
s0077,77,0,79.47557
s0077,78,0,74.367226
s0077,79,0,79.0176
s0077,80,0,78.86317
s0077,81,0,77.48841
s0077,82,0,76.999825
s0077,83,0,65.018906
s0077,84,0,60.235687
s0077,85,0,68.7249
s0077,86,0,59.33444
s0077,87,0,67.38296
s0077,88,0,59.751957
s0077,89,0,60.318413
s0077,90,0,52.227413
s0077,91,0,66.25217
s0077,92,0,67.459564
s0077,93,0,68.514534
s0077,94,0,73.0625
s0077,95,0,53.45277
s0078,0,0,51.49814
s0078,1,0,47.41995
s0078,2,0,48.93312
s0078,3,0,49.15107
s0078,4,0,57.86844
s0078,5,0,48.138737
s0078,6,0,60.366432
s0078,7,0,55.874676
s0078,8,0,52.54961
s0078,9,0,60.535385
s0078,10,0,62.145542
s0078,11,0,67.999504
s0078,12,0,65.28385
s0078,13,0,64.736084
s0078,14,0,65.11985
s0078,15,0,71.336555
s0078,16,0,65.74931
s0078,17,0,63.979908
s0078,18,0,58.7775
s0078,19,0,58.90173
s0078,20,0,63.043327
s0078,21,0,64.87368
s0078,22,0,67.79538
s0078,23,0,67.99564
s0078,24,0,64.86371
s0078,25,0,69.33076
s0078,26,0,66.67406
s0078,27,0,68.36735
s0078,28,0,67.49825
s0078,29,0,69.918686
s0078,30,0,53.29911
s0078,31,0,62.960114
s0078,32,0,61.47407
s0078,33,0,52.399887
s0078,34,0,58.275295
s0078,35,0,51.603386
s0078,36,0,54.228153
s0078,37,0,58.661263
s0078,38,0,58.577797
s0078,39,0,55.249634
s0078,40,0,55.700176
s0078,41,0,51.72445
s0078,42,0,56.731823
s0078,43,0,50.093746
s0078,44,0,30.092064
s0078,45,0,63.585224
s0078,46,0,30.630104
s0078,47,0,36.2619
s0078,48,0,30.952936
s0078,49,0,41.292393
s0078,50,0,55.115234
s0078,51,0,41.78974
s0078,52,0,56.04654
s0078,53,0,48.658535
s0078,54,0,53.62185
s0078,55,0,55.66505
s0078,56,0,52.802876
s0078,57,0,70.16597
s0078,58,0,59.092026
s0078,59,0,73.73848
s0078,60,0,63.438805
s0078,61,0,56.778843
s0078,62,0,76.91838
s0078,63,0,77.72267
s0078,64,0,65.34427
s0078,65,0,69.889626
s0078,66,0,65.36302
s0078,67,0,57.614796
s0078,68,0,70.61872
s0078,69,0,70.40841
s0078,70,0,45.9157
s0078,71,0,67.02351
s0078,72,0,53.629906
s0078,73,0,66.39515
s0078,74,0,77.939896
s0078,75,0,79.856766
s0078,76,0,79.096794
s0078,77,0,79.57092
s0078,78,0,79.997475
s0078,79,0,80.502815
s0078,80,0,80.185036
s0078,81,0,79.323395
s0078,82,0,70.051636
s0078,83,0,74.36668
s0078,84,0,70.51756
s0078,85,0,69.23949
s0078,86,0,68.48749
s0078,87,0,64.56921
s0078,88,0,66.05103
s0078,89,0,59.088047
s0078,90,0,49.050724
s0078,91,0,67.09219
s0078,92,0,74.40509
s0078,93,0,70.254814
s0078,94,0,72.54836
s0078,95,0,67.37363
s0079,0,0,56.933197
s0079,1,0,50.507053
s0079,2,0,45.818916
s0079,3,0,44.481342
s0079,4,0,59.087185
s0079,5,0,51.139923
s0079,6,0,62.146454
s0079,7,0,55.78021
s0079,8,0,61.010246
s0079,9,0,58.131645
s0079,10,0,61.380585
s0079,11,0,61.610443
s0079,12,0,68.17259
s0079,13,0,72.29963
s0079,14,0,54.653133
s0079,15,0,57.456955
s0079,16,0,69.62736
s0079,17,0,57.844986
s0079,18,0,62.193848
s0079,19,0,62.688953
s0079,20,0,71.23745
s0079,21,0,62.488968
s0079,22,0,65.23814
s0079,23,0,70.547676
s0079,24,0,65.63236
s0079,25,0,71.091866
s0079,26,0,69.66464
s0079,27,0,65.47197
s0079,28,0,66.259445
s0079,29,0,67.664825
s0079,30,0,60.549816
s0079,31,0,65.03358
s0079,32,0,63.835056
s0079,33,0,67.48133
s0079,34,0,51.01465
s0079,35,0,58.318974
s0079,36,0,59.806892
s0079,37,0,48.34061
s0079,38,0,49.609753
s0079,39,0,46.54817
s0079,40,0,52.989178
s0079,41,0,51.525955
s0079,42,0,28.264513
s0079,43,0,59.033295
s0079,44,0,55.070023
s0079,45,0,40.305016
s0079,46,0,33.385914
s0079,47,0,41.88634
s0079,48,0,41.545345
s0079,49,0,52.84528
s0079,50,0,42.363285
s0079,51,0,48.06995
s0079,52,0,48.5963
s0079,53,0,58.28494
s0079,54,0,50.81208
s0079,55,0,61.976032
s0079,56,0,64.69109
s0079,57,0,55.622734
s0079,58,0,59.401417
s0079,59,0,65.189156
s0079,60,0,56.827576
s0079,61,0,62.74518
s0079,62,0,74.31389
s0079,63,0,76.95206
s0079,64,0,60.36581
s0079,65,0,53.03882
s0079,66,0,73.86571
s0079,67,0,67.78883
s0079,68,0,60.265965
s0079,69,0,64.47725
s0079,70,0,64.62134
s0079,71,0,56.89091
s0079,72,0,71.0008
s0079,73,0,72.23102
s0079,74,0,78.03269
s0079,75,0,78.90607
s0079,76,0,79.59694
s0079,77,0,75.83362
s0079,78,0,78.23133
s0079,79,0,79.37556
s0079,80,0,79.18129
s0079,81,0,79.20503
s0079,82,0,69.128746
s0079,83,0,62.504864
s0079,84,0,65.795
s0079,85,0,73.502815
s0079,86,0,65.26817
s0079,87,0,52.346745
s0079,88,0,58.710075
s0079,89,0,60.358643
s0079,90,0,60.555687
s0079,91,0,73.80261
s0079,92,0,60.17542
s0079,93,0,76.58676
s0079,94,0,68.05289
s0079,95,0,66.65516
s0080,0,0,59.883183
s0080,1,0,59.503117
s0080,2,0,48.003345
s0080,3,0,50.64571
s0080,4,0,56.64793
s0080,5,0,60.3338
s0080,6,0,55.79023
s0080,7,0,50.894947
s0080,8,0,63.900898
s0080,9,0,67.53093
s0080,10,0,73.13891
s0080,11,0,68.67005
s0080,12,0,72.64275
s0080,13,0,67.41251
s0080,14,0,68.83608
s0080,15,0,67.82424
s0080,16,0,64.72333
s0080,17,0,64.37579
s0080,18,0,65.21961
s0080,19,0,60.813328
s0080,20,0,61.800488
s0080,21,0,64.14173
s0080,22,0,72.13442
s0080,23,0,69.31876
s0080,24,0,70.689125
s0080,25,0,69.63292
s0080,26,0,72.52054
s0080,27,0,75.547104
s0080,28,0,63.18579
s0080,29,0,63.585262
s0080,30,0,69.52268
s0080,31,0,61.703423
s0080,32,0,60.021957
s0080,33,0,56.20609
s0080,34,0,51.860214
s0080,35,0,50.930447
s0080,36,0,61.082813
s0080,37,0,62.69579
s0080,38,0,58.737755
s0080,39,0,63.467426
s0080,40,0,51.77624
s0080,41,0,56.254597
s0080,42,0,52.366276
s0080,43,0,58.70914
s0080,44,0,35.313118
s0080,45,0,74.03679
s0080,46,0,44.32781
s0080,47,0,52.063793
s0080,48,0,72.2125
s0080,49,0,46.29759
s0080,50,0,42.217777
s0080,51,0,63.769814
s0080,52,0,74.56637
s0080,53,0,49.175495
s0080,54,0,52.086678
s0080,55,0,52.00726
s0080,56,0,50.310314
s0080,57,0,66.40934
s0080,58,0,63.718494
s0080,59,0,65.47733
s0080,60,0,64.683525
s0080,61,0,71.27654
s0080,62,0,76.407135
s0080,63,0,69.55507
s0080,64,0,66.7787
s0080,65,0,70.94725
s0080,66,0,66.328964
s0080,67,0,75.37356
s0080,68,0,68.969635
s0080,69,0,64.589455
s0080,70,0,54.37122
s0080,71,0,65.52716
s0080,72,0,68.34408
s0080,73,0,74.52099
s0080,74,0,79.36909
s0080,75,0,80.48653
s0080,76,0,80.26307
s0080,77,0,81.60177
s0080,78,0,77.559746
s0080,79,0,84.89267
s0080,80,0,79.17357
s0080,81,0,79.909325
s0080,82,0,63.437073
s0080,83,0,70.90289
s0080,84,0,70.86994
s0080,85,0,75.13094
s0080,86,0,68.178246
s0080,87,0,61.565243
s0080,88,0,68.74966
s0080,89,0,67.30032
s0080,90,0,66.41529
s0080,91,0,72.59321
s0080,92,0,71.04828
s0080,93,0,74.14361
s0080,94,0,74.771576
s0080,95,0,78.458565
s0081,0,0,57.632618
s0081,1,0,50.221886
s0081,2,0,47.80951
s0081,3,0,54.43012
s0081,4,0,51.785378
s0081,5,0,26.302853
s0081,6,0,58.326256
s0081,7,0,52.89322
s0081,8,0,60.283024
s0081,9,0,61.061745
s0081,10,0,61.06514
s0081,11,0,63.930004
s0081,12,0,70.86653
s0081,13,0,64.55616
s0081,14,0,59.529835
s0081,15,0,69.083496
s0081,16,0,64.39914
s0081,17,0,72.129715
s0081,18,0,69.08359
s0081,19,0,59.16411
s0081,20,0,66.60013
s0081,21,0,66.08671
s0081,22,0,68.265785
s0081,23,0,70.967735
s0081,24,0,73.34375
s0081,25,0,80.4348
s0081,26,0,72.36264
s0081,27,0,60.573868
s0081,28,0,69.18762
s0081,29,0,75.11704
s0081,30,0,56.08215
s0081,31,0,65.78924
s0081,32,0,59.050556
s0081,33,0,47.919426
s0081,34,0,48.323586
s0081,35,0,61.622204
s0081,36,0,49.660168
s0081,37,0,74.29568
s0081,38,0,66.65047
s0081,39,0,37.17933
s0081,40,0,55.834282
s0081,41,0,57.543854
s0081,42,0,54.21083
s0081,43,0,56.34475
s0081,44,0,49.884697
s0081,45,0,55.412712
s0081,46,0,56.36652
s0081,47,0,28.480211
s0081,48,0,79.58389
s0081,49,0,65.32841
s0081,50,0,53.338394
s0081,51,0,57.2296
s0081,52,0,48.67026
s0081,53,0,45.049843
s0081,54,0,33.415672
s0081,55,0,61.740414
s0081,56,0,57.90997
s0081,57,0,61.688644
s0081,58,0,58.64419
s0081,59,0,65.59463
s0081,60,0,62.813553
s0081,61,0,63.656307
s0081,62,0,70.22951
s0081,63,0,75.82806
s0081,64,0,73.49959
s0081,65,0,68.46838
s0081,66,0,70.83172
s0081,67,0,65.261925
s0081,68,0,63.44064
s0081,69,0,71.42786
s0081,70,0,59.102123
s0081,71,0,57.864708
s0081,72,0,65.00032
s0081,73,0,66.24265
s0081,74,0,83.60805
s0081,75,0,79.28865
s0081,76,0,80.07674
s0081,77,0,79.89361
s0081,78,0,81.632454
s0081,79,0,79.2738
s0081,80,0,79.95875
s0081,81,0,76.563995
s0081,82,0,73.29173
s0081,83,0,60.42272
s0081,84,0,72.526665
s0081,85,0,72.7376
s0081,86,0,66.605835
s0081,87,0,59.18411
s0081,88,0,67.16382
s0081,89,0,61.16099
s0081,90,0,59.705593
s0081,91,0,67.5095
s0081,92,0,71.233246
s0081,93,0,64.09479
s0081,94,0,67.493515
s0081,95,0,66.435974
s0082,0,0,36.456696
s0082,1,0,44.24093
s0082,2,0,34.154037
s0082,3,0,38.779827
s0082,4,0,45.42447
s0082,5,0,42.352478
s0082,6,0,49.54542
s0082,7,0,46.988255
s0082,8,0,48.34579
s0082,9,0,50.323116
s0082,10,0,54.03449
s0082,11,0,54.06879
s0082,12,0,63.113888
s0082,13,0,77.81693
s0082,14,0,58.427837
s0082,15,0,61.886486
s0082,16,0,60.849518
s0082,17,0,64.75305
s0082,18,0,62.027218
s0082,19,0,56.970543
s0082,20,0,65.20615
s0082,21,0,60.061237
s0082,22,0,66.16197
s0082,23,0,69.15203
s0082,24,0,68.81064
s0082,25,0,63.168144
s0082,26,0,60.033276
s0082,27,0,59.55704
s0082,28,0,65.12644
s0082,29,0,69.518845
s0082,30,0,61.623817
s0082,31,0,61.8124
s0082,32,0,50.075993
s0082,33,0,55.2053
s0082,34,0,47.044273
s0082,35,0,60.71903
s0082,36,0,46.16819
s0082,37,0,49.965183
s0082,38,0,36.949512
s0082,39,0,58.568256
s0082,40,0,53.47888
s0082,41,0,48.355675
s0082,42,0,37.55801
s0082,43,0,43.891083
s0082,44,0,58.17857
s0082,45,0,33.92652
s0082,46,0,47.51879
s0082,47,0,16.10618
s0082,48,0,37.160004
s0082,49,0,39.21741
s0082,50,0,44.271492
s0082,51,0,51.2125
s0082,52,0,50.993332
s0082,53,0,58.932663
s0082,54,0,56.209614
s0082,55,0,52.177856
s0082,56,0,65.768616
s0082,57,0,70.254654
s0082,58,0,57.76737
s0082,59,0,67.65144
s0082,60,0,60.604813
s0082,61,0,56.45471
s0082,62,0,73.664246
s0082,63,0,64.54608
s0082,64,0,56.81827
s0082,65,0,64.60099
s0082,66,0,59.977264
s0082,67,0,55.827976
s0082,68,0,57.871414
s0082,69,0,62.00309
s0082,70,0,51.00813
s0082,71,0,58.556225
s0082,72,0,56.445984
s0082,73,0,64.90436
s0082,74,0,69.99455
s0082,75,0,78.96185
s0082,76,0,79.0901
s0082,77,0,78.73788
s0082,78,0,75.51826
s0082,79,0,78.3431
s0082,80,0,78.771034
s0082,81,0,76.664925
s0082,82,0,59.161457
s0082,83,0,58.013657
s0082,84,0,58.57187
s0082,85,0,53.13215
s0082,86,0,61.65019
s0082,87,0,57.00358
s0082,88,0,54.55177
s0082,89,0,62.924603
s0082,90,0,58.25447
s0082,91,0,69.97212
s0082,92,0,63.03587
s0082,93,0,56.273113
s0082,94,0,71.564865
s0082,95,0,62.99354
s0083,0,0,51.531754
s0083,1,0,48.826984
s0083,2,0,38.418095
s0083,3,0,49.130047
s0083,4,0,63.35262
s0083,5,0,54.99425
s0083,6,0,39.948124
s0083,7,0,48.466206
s0083,8,0,67.739204
s0083,9,0,57.892487
s0083,10,0,60.589733
s0083,11,0,56.461956
s0083,12,0,71.657234
s0083,13,0,64.437416
s0083,14,0,68.10586
s0083,15,0,56.48124
s0083,16,0,63.366302
s0083,17,0,57.09415
s0083,18,0,64.62541
s0083,19,0,69.82543
s0083,20,0,73.59793
s0083,21,0,76.44518
s0083,22,0,66.382614
s0083,23,0,71.606316
s0083,24,0,68.5306
s0083,25,0,76.73964
s0083,26,0,79.16774
s0083,27,0,77.691666
s0083,28,0,73.052925
s0083,29,0,67.850204
s0083,30,0,59.52882
s0083,31,0,60.25156
s0083,32,0,67.48087
s0083,33,0,57.180737
s0083,34,0,52.489765
s0083,35,0,54.380108
s0083,36,0,58.546223
s0083,37,0,49.907166
s0083,38,0,67.6814
s0083,39,0,55.004665
s0083,40,0,69.818405
s0083,41,0,44.47859
s0083,42,0,42.412056
s0083,43,0,63.29407
s0083,44,0,48.586494
s0083,45,0,53.23569
s0083,46,0,41.86168
s0083,47,0,58.40459
s0083,48,0,68.95744
s0083,49,0,58.92079
s0083,50,0,43.431232
s0083,51,0,37.876076
s0083,52,0,58.741966
s0083,53,0,49.003017
s0083,54,0,66.991615
s0083,55,0,56.76179
s0083,56,0,61.564793
s0083,57,0,73.22379
s0083,58,0,57.0466
s0083,59,0,67.72409
s0083,60,0,57.547905
s0083,61,0,66.465385
s0083,62,0,82.339584
s0083,63,0,72.47588
s0083,64,0,69.24705
s0083,65,0,64.57463
s0083,66,0,69.988884
s0083,67,0,64.606964
s0083,68,0,61.28928
s0083,69,0,77.615524
s0083,70,0,54.4853
s0083,71,0,74.13239
s0083,72,0,58.16732
s0083,73,0,74.11694
s0083,74,0,79.20841
s0083,75,0,76.429955
s0083,76,0,79.19445
s0083,77,0,79.14087
s0083,78,0,77.29582
s0083,79,0,78.95653
s0083,80,0,79.48273
s0083,81,0,76.109604
s0083,82,0,72.154655
s0083,83,0,58.323364
s0083,84,0,65.82218
s0083,85,0,71.86113
s0083,86,0,68.52705
s0083,87,0,60.735565
s0083,88,0,69.413765
s0083,89,0,65.17696
s0083,90,0,53.54962
s0083,91,0,66.210625
s0083,92,0,68.496666
s0083,93,0,73.81576
s0083,94,0,65.31125
s0083,95,0,65.310616
s0084,0,0,51.879086
s0084,1,0,47.14148
s0084,2,0,46.539734
s0084,3,0,41.338474
s0084,4,0,58.068512
s0084,5,0,54.78016
s0084,6,0,57.83307
s0084,7,0,54.7152
s0084,8,0,56.203922
s0084,9,0,54.098427
s0084,10,0,61.258255
s0084,11,0,68.851456
s0084,12,0,68.73503
s0084,13,0,63.140816
s0084,14,0,69.54895
s0084,15,0,65.8021
s0084,16,0,67.73055
s0084,17,0,70.00455
s0084,18,0,73.27194
s0084,19,0,62.44133
s0084,20,0,77.41584
s0084,21,0,68.39145
s0084,22,0,66.68648
s0084,23,0,74.721756
s0084,24,0,72.867615
s0084,25,0,75.73058
s0084,26,0,70.222015
s0084,27,0,60.996674
s0084,28,0,80.88681
s0084,29,0,69.41825
s0084,30,0,56.99787
s0084,31,0,62.052498
s0084,32,0,62.161896
s0084,33,0,59.565598
s0084,34,0,56.617924
s0084,35,0,49.20929
s0084,36,0,61.288933
s0084,37,0,54.35329
s0084,38,0,54.63172
s0084,39,0,54.07579
s0084,40,0,59.157333
s0084,41,0,47.25728
s0084,42,0,41.196503
s0084,43,0,52.535652
s0084,44,0,69.15399
s0084,45,0,42.057476
s0084,46,0,58.596527
s0084,47,0,50.13323
s0084,48,0,44.35083
s0084,49,0,60.216118
s0084,50,0,69.41198
s0084,51,0,59.105488
s0084,52,0,54.047424
s0084,53,0,41.206818
s0084,54,0,46.45748
s0084,55,0,64.11768
s0084,56,0,37.06254
s0084,57,0,62.90005
s0084,58,0,61.826187
s0084,59,0,69.20274
s0084,60,0,53.921516
s0084,61,0,58.548557
s0084,62,0,66.70735
s0084,63,0,72.60175
s0084,64,0,72.45621
s0084,65,0,77.76152
s0084,66,0,79.44464
s0084,67,0,61.986267
s0084,68,0,71.578705
s0084,69,0,58.775677
s0084,70,0,54.50896
s0084,71,0,59.4354
s0084,72,0,66.201
s0084,73,0,65.36315
s0084,74,0,81.14836
s0084,75,0,78.79702
s0084,76,0,80.25733
s0084,77,0,79.71141
s0084,78,0,79.54975
s0084,79,0,78.77555
s0084,80,0,79.714554
s0084,81,0,79.2817
s0084,82,0,60.289658
s0084,83,0,65.32129
s0084,84,0,69.24548
s0084,85,0,66.31234
s0084,86,0,62.617245
s0084,87,0,60.894966
s0084,88,0,61.457962
s0084,89,0,64.64337
s0084,90,0,62.386406
s0084,91,0,67.28895
s0084,92,0,65.01021
s0084,93,0,71.34292
s0084,94,0,72.11454
s0084,95,0,62.06445
s0085,0,0,54.554108
s0085,1,0,45.455715
s0085,2,0,42.872337
s0085,3,0,43.80512
s0085,4,0,58.047935
s0085,5,0,50.78151
s0085,6,0,58.01891
s0085,7,0,60.535683
s0085,8,0,61.38229
s0085,9,0,58.867367
s0085,10,0,61.990547
s0085,11,0,63.646236
s0085,12,0,76.222275
s0085,13,0,63.643917
s0085,14,0,61.073307
s0085,15,0,68.724846
s0085,16,0,62.20809
s0085,17,0,65.84321
s0085,18,0,63.050606
s0085,19,0,64.31315
s0085,20,0,67.74347
s0085,21,0,64.18317
s0085,22,0,55.55869
s0085,23,0,65.6624
s0085,24,0,66.84449
s0085,25,0,67.59522
s0085,26,0,62.55726
s0085,27,0,65.440125
s0085,28,0,68.74219
s0085,29,0,67.495056
s0085,30,0,41.49224
s0085,31,0,59.155495
s0085,32,0,60.65046
s0085,33,0,49.55041
s0085,34,0,55.63641
s0085,35,0,61.33352
s0085,36,0,58.495705
s0085,37,0,57.351418
s0085,38,0,58.07231
s0085,39,0,49.665356
s0085,40,0,43.936947
s0085,41,0,52.237877
s0085,42,0,60.508183
s0085,43,0,46.078926
s0085,44,0,55.58701
s0085,45,0,40.7111
s0085,46,0,37.53184
s0085,47,0,56.640343
s0085,48,0,45.210785
s0085,49,0,40.09954
s0085,50,0,56.014206
s0085,51,0,67.77413
s0085,52,0,64.21681
s0085,53,0,45.737434
s0085,54,0,43.443424
s0085,55,0,53.995136
s0085,56,0,60.697273
s0085,57,0,63.61734
s0085,58,0,59.262093
s0085,59,0,60.585266
s0085,60,0,69.53148
s0085,61,0,70.12721
s0085,62,0,77.375656
s0085,63,0,74.514946
s0085,64,0,56.550583
s0085,65,0,67.46749
s0085,66,0,73.76398
s0085,67,0,59.60833
s0085,68,0,66.72405
s0085,69,0,58.243427
s0085,70,0,61.39173
s0085,71,0,56.571026
s0085,72,0,63.257397
s0085,73,0,77.59052
s0085,74,0,73.82288
s0085,75,0,79.95238
s0085,76,0,79.41687
s0085,77,0,83.54396
s0085,78,0,75.66277
s0085,79,0,79.37189
s0085,80,0,80.37677
s0085,81,0,79.9315
s0085,82,0,71.66068
s0085,83,0,62.79254
s0085,84,0,69.69318
s0085,85,0,62.078224
s0085,86,0,59.878784
s0085,87,0,62.019814
s0085,88,0,55.455284
s0085,89,0,61.866234
s0085,90,0,62.64812
s0085,91,0,67.127525
s0085,92,0,58.378952
s0085,93,0,69.19905
s0085,94,0,70.09872
s0085,95,0,69.306564
s0086,0,0,55.98403
s0086,1,0,50.458385
s0086,2,0,45.05746
s0086,3,0,43.125206
s0086,4,0,48.44176
s0086,5,0,52.611637
s0086,6,0,58.521534
s0086,7,0,56.008595
s0086,8,0,58.71105
s0086,9,0,58.661682
s0086,10,0,62.24563
s0086,11,0,66.4377
s0086,12,0,57.517056
s0086,13,0,62.40182
s0086,14,0,67.45781
s0086,15,0,60.37615
s0086,16,0,64.96271
s0086,17,0,67.41715
s0086,18,0,62.29719
s0086,19,0,68.88835
s0086,20,0,70.0489
s0086,21,0,61.902103
s0086,22,0,47.511745
s0086,23,0,61.43229
s0086,24,0,63.316204
s0086,25,0,63.262913
s0086,26,0,67.58054
s0086,27,0,62.79576
s0086,28,0,67.91939
s0086,29,0,74.689415
s0086,30,0,51.908356
s0086,31,0,57.16059
s0086,32,0,67.98862
s0086,33,0,58.065105
s0086,34,0,55.89294
s0086,35,0,55.66465
s0086,36,0,44.447647
s0086,37,0,60.994194
s0086,38,0,44.163727
s0086,39,0,59.527866
s0086,40,0,79.45303
s0086,41,0,51.89246
s0086,42,0,44.573727
s0086,43,0,67.887344
s0086,44,0,50.598892
s0086,45,0,40.724445
s0086,46,0,32.975735
s0086,47,0,52.24396
s0086,48,0,23.17861
s0086,49,0,52.009968
s0086,50,0,47.87536
s0086,51,0,57.986423
s0086,52,0,57.563004
s0086,53,0,49.355896
s0086,54,0,46.2669
s0086,55,0,63.760197
s0086,56,0,51.3458
s0086,57,0,64.190384
s0086,58,0,60.828026
s0086,59,0,67.75744
s0086,60,0,58.66672
s0086,61,0,65.15277
s0086,62,0,66.99047
s0086,63,0,72.2321
s0086,64,0,71.215744
s0086,65,0,72.21785
s0086,66,0,68.59278
s0086,67,0,68.017944
s0086,68,0,67.524124
s0086,69,0,68.780304
s0086,70,0,57.056168
s0086,71,0,52.536358
s0086,72,0,68.37678
s0086,73,0,71.28445
s0086,74,0,75.48969
s0086,75,0,79.51597
s0086,76,0,79.462814
s0086,77,0,79.172585
s0086,78,0,77.04687
s0086,79,0,78.86208
s0086,80,0,78.929794
s0086,81,0,78.38621
s0086,82,0,67.6915
s0086,83,0,65.411736
s0086,84,0,69.01786
s0086,85,0,74.42878
s0086,86,0,65.32426
s0086,87,0,65.46105
s0086,88,0,54.113205
s0086,89,0,76.47179
s0086,90,0,62.32838
s0086,91,0,71.07686
s0086,92,0,75.48569
s0086,93,0,70.863365
s0086,94,0,63.65893
s0086,95,0,65.827675
s0087,0,0,55.323643
s0087,1,0,46.91132
s0087,2,0,41.340954
s0087,3,0,50.3444
s0087,4,0,50.451572
s0087,5,0,51.382236
s0087,6,0,41.72827
s0087,7,0,57.543865
s0087,8,0,59.350067
s0087,9,0,58.51436
s0087,10,0,54.654488
s0087,11,0,67.81465
s0087,12,0,60.60644
s0087,13,0,67.95837
s0087,14,0,66.41459
s0087,15,0,76.5356
s0087,16,0,63.669983
s0087,17,0,67.69213
s0087,18,0,64.561676
s0087,19,0,63.343693
s0087,20,0,73.84899
s0087,21,0,72.050865
s0087,22,0,64.37111
s0087,23,0,64.52684
s0087,24,0,72.71638
s0087,25,0,61.392147
s0087,26,0,68.05058
s0087,27,0,72.70979
s0087,28,0,70.32272
s0087,29,0,65.39532
s0087,30,0,52.685265
s0087,31,0,61.96496
s0087,32,0,44.612522
s0087,33,0,42.04714
s0087,34,0,53.98526
s0087,35,0,44.66166
s0087,36,0,53.56909
s0087,37,0,53.52921
s0087,38,0,62.121773
s0087,39,0,54.566372
s0087,40,0,47.86594
s0087,41,0,55.10486
s0087,42,0,49.779312
s0087,43,0,36.747833
s0087,44,0,46.238514
s0087,45,0,53.433014
s0087,46,0,53.34612
s0087,47,0,55.815735
s0087,48,0,53.555576
s0087,49,0,50.81752
s0087,50,0,48.624653
s0087,51,0,40.876408
s0087,52,0,63.669926
s0087,53,0,40.847027
s0087,54,0,58.98174
s0087,55,0,50.532818
s0087,56,0,60.670113
s0087,57,0,60.647568
s0087,58,0,63.278305
s0087,59,0,63.382008
s0087,60,0,60.210377
s0087,61,0,58.914536
s0087,62,0,69.896736
s0087,63,0,68.43736
s0087,64,0,66.04012
s0087,65,0,65.42572
s0087,66,0,71.8102
s0087,67,0,63.92204
s0087,68,0,68.936775
s0087,69,0,54.286423
s0087,70,0,48.101883
s0087,71,0,65.538
s0087,72,0,62.675354
s0087,73,0,64.64973
s0087,74,0,82.148705
s0087,75,0,80.52564
s0087,76,0,77.74755
s0087,77,0,80.258514
s0087,78,0,79.40579
s0087,79,0,78.16722
s0087,80,0,79.00492
s0087,81,0,76.63264
s0087,82,0,69.19828
s0087,83,0,60.599045
s0087,84,0,60.40412
s0087,85,0,74.765305
s0087,86,0,56.504646
s0087,87,0,73.28255
s0087,88,0,51.181065
s0087,89,0,59.36769
s0087,90,0,57.712452
s0087,91,0,72.60813
s0087,92,0,66.5743
s0087,93,0,70.300674
s0087,94,0,68.4193
s0087,95,0,61.364487
s0088,0,0,56.58514
s0088,1,0,54.897873
s0088,2,0,48.92487
s0088,3,0,42.65976
s0088,4,0,49.113247
s0088,5,0,59.339115
s0088,6,0,57.312813
s0088,7,0,62.931934
s0088,8,0,67.026
s0088,9,0,46.316704
s0088,10,0,59.10299
s0088,11,0,61.52304
s0088,12,0,67.536316
s0088,13,0,65.69645
s0088,14,0,66.38417
s0088,15,0,59.62707
s0088,16,0,63.873814
s0088,17,0,69.96453
s0088,18,0,63.258766
s0088,19,0,63.599102
s0088,20,0,64.51296
s0088,21,0,61.56931
s0088,22,0,67.29564
s0088,23,0,69.81719
s0088,24,0,74.08107
s0088,25,0,66.39575
s0088,26,0,72.98839
s0088,27,0,69.61327
s0088,28,0,75.48313
s0088,29,0,65.082466
s0088,30,0,67.53169
s0088,31,0,62.761295
s0088,32,0,56.03779
s0088,33,0,46.490055
s0088,34,0,53.971966
s0088,35,0,46.902203
s0088,36,0,37.026752
s0088,37,0,55.343224
s0088,38,0,58.61146
s0088,39,0,46.19771
s0088,40,0,77.71682
s0088,41,0,39.34226
s0088,42,0,49.499035
s0088,43,0,51.386932
s0088,44,0,62.704784
s0088,45,0,52.57806
s0088,46,0,28.90276
s0088,47,0,31.241592
s0088,48,0,23.446918
s0088,49,0,62.507233
s0088,50,0,43.006657
s0088,51,0,56.038197
s0088,52,0,57.987926
s0088,53,0,54.269897
s0088,54,0,46.099598
s0088,55,0,53.199833
s0088,56,0,64.85092
s0088,57,0,58.96405
s0088,58,0,49.434208
s0088,59,0,64.5653
s0088,60,0,62.791252
s0088,61,0,56.718513
s0088,62,0,67.33609
s0088,63,0,65.21991
s0088,64,0,65.91325
s0088,65,0,68.79361
s0088,66,0,73.62166
s0088,67,0,64.371765
s0088,68,0,67.2709
s0088,69,0,60.33659
s0088,70,0,58.04387
s0088,71,0,55.07018
s0088,72,0,58.22271
s0088,73,0,68.94829
s0088,74,0,76.76004
s0088,75,0,78.94197
s0088,76,0,79.71214
s0088,77,0,79.067665
s0088,78,0,78.83401
s0088,79,0,78.68835
s0088,80,0,79.28072
s0088,81,0,79.87593
s0088,82,0,77.031876
s0088,83,0,65.6702
s0088,84,0,59.321354
s0088,85,0,78.281235
s0088,86,0,74.993
s0088,87,0,56.996216
s0088,88,0,54.904434
s0088,89,0,73.60918
s0088,90,0,58.291664
s0088,91,0,76.003204
s0088,92,0,62.32136
s0088,93,0,62.551594
s0088,94,0,57.81401
s0088,95,0,63.43573
s0089,0,0,57.116077
s0089,1,0,54.7456
s0089,2,0,39.693092
s0089,3,0,55.022438
s0089,4,0,48.188316
s0089,5,0,54.872814
s0089,6,0,54.275665
s0089,7,0,57.18818
s0089,8,0,58.721493
s0089,9,0,57.695004
s0089,10,0,52.472805
s0089,11,0,64.881325
s0089,12,0,62.108387
s0089,13,0,61.352303
s0089,14,0,64.50026
s0089,15,0,62.49216
s0089,16,0,62.551323
s0089,17,0,64.792404
s0089,18,0,61.23195
s0089,19,0,66.58385
s0089,20,0,65.369545
s0089,21,0,77.4369
s0089,22,0,71.3617
s0089,23,0,68.18844
s0089,24,0,109.27785
s0089,25,0,69.07058
s0089,26,0,73.60344
s0089,27,0,68.214745
s0089,28,0,68.26403
s0089,29,0,69.33603
s0089,30,0,56.48814
s0089,31,0,67.337555
s0089,32,0,53.42177
s0089,33,0,53.962975
s0089,34,0,41.43662
s0089,35,0,54.668915
s0089,36,0,39.92201
s0089,37,0,60.478733
s0089,38,0,61.407654
s0089,39,0,49.292282
s0089,40,0,60.143703
s0089,41,0,48.338455
s0089,42,0,56.054405
s0089,43,0,52.781635
s0089,44,0,69.19926
s0089,45,0,48.290333
s0089,46,0,55.202885
s0089,47,0,46.505714
s0089,48,0,51.162643
s0089,49,0,42.426567
s0089,50,0,33.11416
s0089,51,0,61.253315
s0089,52,0,54.90563
s0089,53,0,98.30151
s0089,54,0,55.298065
s0089,55,0,54.059593
s0089,56,0,55.90122
s0089,57,0,62.827984
s0089,58,0,57.13914
s0089,59,0,62.76228
s0089,60,0,63.915176
s0089,61,0,54.87981
s0089,62,0,71.79626
s0089,63,0,69.137115
s0089,64,0,68.89898
s0089,65,0,63.212746
s0089,66,0,69.646194
s0089,67,0,61.88497
s0089,68,0,65.552086
s0089,69,0,63.783897
s0089,70,0,60.016956
s0089,71,0,55.8287
s0089,72,0,63.8367
s0089,73,0,66.100006
s0089,74,0,78.21509
s0089,75,0,80.04987
s0089,76,0,79.009384
s0089,77,0,78.45714
s0089,78,0,76.37203
s0089,79,0,79.525
s0089,80,0,79.66014
s0089,81,0,75.627525
s0089,82,0,58.815998
s0089,83,0,75.28819
s0089,84,0,68.51448
s0089,85,0,70.12328
s0089,86,0,62.24412
s0089,87,0,61.135117
s0089,88,0,54.255943
s0089,89,0,62.446514
s0089,90,0,50.570065
s0089,91,0,72.23576
s0089,92,0,73.6151
s0089,93,0,74.73152
s0089,94,0,80.52102
s0089,95,0,72.625
s0090,0,0,53.19873
s0090,1,0,52.41579
s0090,2,0,36.616066
s0090,3,0,44.732155
s0090,4,0,50.192406
s0090,5,0,57.53213
s0090,6,0,55.82772
s0090,7,0,50.3034
s0090,8,0,66.2772
s0090,9,0,61.52468
s0090,10,0,54.41757
s0090,11,0,63.143353
s0090,12,0,73.9275
s0090,13,0,60.785774
s0090,14,0,61.404877
s0090,15,0,57.84537
s0090,16,0,68.87741
s0090,17,0,66.50075
s0090,18,0,58.92369
s0090,19,0,66.74712
s0090,20,0,69.7306
s0090,21,0,66.484314
s0090,22,0,59.1276
s0090,23,0,66.26897
s0090,24,0,71.94199
s0090,25,0,62.646606
s0090,26,0,73.37012
s0090,27,0,59.442204
s0090,28,0,72.13083
s0090,29,0,69.79692
s0090,30,0,54.881607
s0090,31,0,62.24879
s0090,32,0,60.058342
s0090,33,0,49.23823
s0090,34,0,57.449684
s0090,35,0,46.556274
s0090,36,0,55.834553
s0090,37,0,51.356308
s0090,38,0,56.755257
s0090,39,0,56.348106
s0090,40,0,67.92825
s0090,41,0,49.85419
s0090,42,0,55.764706
s0090,43,0,55.85539
s0090,44,0,48.16571
s0090,45,0,45.034615
s0090,46,0,45.611744
s0090,47,0,54.12791
s0090,48,0,54.06093
s0090,49,0,48.05092
s0090,50,0,57.586052
s0090,51,0,52.333992
s0090,52,0,58.78407
s0090,53,0,47.860844
s0090,54,0,51.882553
s0090,55,0,62.06119
s0090,56,0,66.98911
s0090,57,0,67.307045
s0090,58,0,58.712322
s0090,59,0,76.93126
s0090,60,0,61.754353
s0090,61,0,69.80097
s0090,62,0,71.61939
s0090,63,0,58.1472
s0090,64,0,67.663185
s0090,65,0,63.398243
s0090,66,0,71.04291
s0090,67,0,61.049553
s0090,68,0,63.848186
s0090,69,0,63.908405
s0090,70,0,46.50077
s0090,71,0,68.17037
s0090,72,0,63.211456
s0090,73,0,69.25903
s0090,74,0,78.04542
s0090,75,0,79.25088
s0090,76,0,79.64387
s0090,77,0,79.88003
s0090,78,0,78.429436
s0090,79,0,79.74939
s0090,80,0,75.023186
s0090,81,0,77.92825
s0090,82,0,63.979298
s0090,83,0,70.409004
s0090,84,0,73.20682
s0090,85,0,80.892
s0090,86,0,62.97044
s0090,87,0,64.64909
s0090,88,0,64.61738
s0090,89,0,52.273674
s0090,90,0,60.902206
s0090,91,0,65.22374
s0090,92,0,60.566204
s0090,93,0,61.618797
s0090,94,0,60.15379
s0090,95,0,69.54308
s0091,0,0,50.6153
s0091,1,0,43.96353
s0091,2,0,37.640594
s0091,3,0,42.75251
s0091,4,0,48.57384
s0091,5,0,58.470314
s0091,6,0,53.05937
s0091,7,0,54.724266
s0091,8,0,61.754932
s0091,9,0,55.670567
s0091,10,0,61.268856
s0091,11,0,61.245296
s0091,12,0,67.48038
s0091,13,0,72.17078
s0091,14,0,59.7582
s0091,15,0,60.186497
s0091,16,0,66.57084
s0091,17,0,64.66747
s0091,18,0,69.25014
s0091,19,0,66.86241
s0091,20,0,60.967014
s0091,21,0,73.35234
s0091,22,0,59.96823
s0091,23,0,70.74211
s0091,24,0,70.18817
s0091,25,0,66.771706
s0091,26,0,63.813885
s0091,27,0,72.375374
s0091,28,0,67.736786
s0091,29,0,72.89443
s0091,30,0,64.00805
s0091,31,0,65.21283
s0091,32,0,61.322826
s0091,33,0,44.147823
s0091,34,0,56.78267
s0091,35,0,65.80228
s0091,36,0,56.634468
s0091,37,0,59.010296
s0091,38,0,56.62032
s0091,39,0,37.722622
s0091,40,0,64.561714
s0091,41,0,51.452652
s0091,42,0,49.723625
s0091,43,0,47.889263
s0091,44,0,54.444836
s0091,45,0,42.078865
s0091,46,0,62.285942
s0091,47,0,48.977222
s0091,48,0,55.678463
s0091,49,0,37.905617
s0091,50,0,53.930965
s0091,51,0,49.936855
s0091,52,0,51.761993
s0091,53,0,55.482777
s0091,54,0,39.451607
s0091,55,0,62.552593
s0091,56,0,51.748043
s0091,57,0,59.916702
s0091,58,0,54.822914
s0091,59,0,57.78643
s0091,60,0,61.44221
s0091,61,0,62.40605
s0091,62,0,84.53316
s0091,63,0,67.78227
s0091,64,0,65.70685
s0091,65,0,56.14154
s0091,66,0,65.702255
s0091,67,0,61.987095
s0091,68,0,62.46122
s0091,69,0,67.1191
s0091,70,0,61.5474
s0091,71,0,62.469814
s0091,72,0,62.52412
s0091,73,0,70.90894
s0091,74,0,76.664276
s0091,75,0,78.984344
s0091,76,0,79.2034
s0091,77,0,80.02317
s0091,78,0,76.55488
s0091,79,0,78.592415
s0091,80,0,79.12483
s0091,81,0,78.65606
s0091,82,0,67.01891
s0091,83,0,65.69606
s0091,84,0,72.80629
s0091,85,0,67.5246
s0091,86,0,64.35124
s0091,87,0,63.173996
s0091,88,0,64.12442
s0091,89,0,59.589024
s0091,90,0,55.610554
s0091,91,0,61.78853
s0091,92,0,67.91967
s0091,93,0,69.5276
s0091,94,0,67.229706
s0091,95,0,71.34937
s0092,0,0,56.414303
s0092,1,0,53.74743
s0092,2,0,47.176407
s0092,3,0,42.673378
s0092,4,0,48.693012
s0092,5,0,52.694744
s0092,6,0,48.562195
s0092,7,0,59.18938
s0092,8,0,63.436577
s0092,9,0,57.35472
s0092,10,0,60.912315
s0092,11,0,66.13445
s0092,12,0,68.63172
s0092,13,0,62.176346
s0092,14,0,67.27997
s0092,15,0,67.196754
s0092,16,0,61.681385
s0092,17,0,68.72028
s0092,18,0,60.47807
s0092,19,0,70.13558
s0092,20,0,72.55185
s0092,21,0,66.098
s0092,22,0,62.355503
s0092,23,0,67.631355
s0092,24,0,74.95043
s0092,25,0,67.653946
s0092,26,0,60.98004
s0092,27,0,62.54576
s0092,28,0,63.185654
s0092,29,0,68.93571
s0092,30,0,58.29192
s0092,31,0,56.30084
s0092,32,0,65.129745
s0092,33,0,54.148434
s0092,34,0,57.059647
s0092,35,0,49.185314
s0092,36,0,57.95091
s0092,37,0,62.829815
s0092,38,0,56.351192
s0092,39,0,57.5512
s0092,40,0,53.194096
s0092,41,0,58.669903
s0092,42,0,49.78159
s0092,43,0,48.627354
s0092,44,0,55.784138
s0092,45,0,47.954636
s0092,46,0,46.487133
s0092,47,0,31.025366
s0092,48,0,72.23945
s0092,49,0,60.10723
s0092,50,0,52.064144
s0092,51,0,59.609184
s0092,52,0,43.578465
s0092,53,0,46.417683
s0092,54,0,52.33795
s0092,55,0,59.357616
s0092,56,0,58.015472
s0092,57,0,72.46428
s0092,58,0,49.71465
s0092,59,0,58.44421
s0092,60,0,60.21942
s0092,61,0,55.978596
s0092,62,0,72.94887
s0092,63,0,69.215065
s0092,64,0,70.08038
s0092,65,0,62.887157
s0092,66,0,63.791298
s0092,67,0,67.64048
s0092,68,0,62.833035
s0092,69,0,65.223206
s0092,70,0,56.5098
s0092,71,0,65.12163
s0092,72,0,63.594814
s0092,73,0,66.67761
s0092,74,0,73.76789
s0092,75,0,80.10635
s0092,76,0,79.60047
s0092,77,0,79.157776
s0092,78,0,75.55898
s0092,79,0,79.97067
s0092,80,0,78.62652
s0092,81,0,76.4429
s0092,82,0,55.91461
s0092,83,0,68.60148
s0092,84,0,62.95665
s0092,85,0,70.91628
s0092,86,0,61.763203
s0092,87,0,59.36635
s0092,88,0,62.165466
s0092,89,0,57.488247
s0092,90,0,55.582924
s0092,91,0,67.179924
s0092,92,0,63.368523
s0092,93,0,72.0458
s0092,94,0,67.87927
s0092,95,0,63.439972
s0093,0,0,53.330853
s0093,1,0,54.42481
s0093,2,0,50.721146
s0093,3,0,49.77205
s0093,4,0,47.46829
s0093,5,0,52.683132
s0093,6,0,58.071754
s0093,7,0,53.999805
s0093,8,0,70.477745
s0093,9,0,60.513584
s0093,10,0,56.00655
s0093,11,0,66.18748
s0093,12,0,67.24419
s0093,13,0,60.73289
s0093,14,0,66.095085
s0093,15,0,75.84189
s0093,16,0,58.160595
s0093,17,0,58.49615
s0093,18,0,67.97332
s0093,19,0,52.11196
s0093,20,0,69.592316
s0093,21,0,66.0407
s0093,22,0,60.434315
s0093,23,0,72.538734
s0093,24,0,78.64555
s0093,25,0,62.586807
s0093,26,0,66.38908
s0093,27,0,60.316746
s0093,28,0,72.4626
s0093,29,0,74.15337
s0093,30,0,51.314465
s0093,31,0,64.5463
s0093,32,0,54.967133
s0093,33,0,59.970905
s0093,34,0,62.12011
s0093,35,0,49.65445
s0093,36,0,50.174057
s0093,37,0,59.438465
s0093,38,0,68.295784
s0093,39,0,52.89894
s0093,40,0,54.79401
s0093,41,0,34.26674
s0093,42,0,39.49425
s0093,43,0,61.590775
s0093,44,0,37.004402
s0093,45,0,58.275845
s0093,46,0,46.07366
s0093,47,0,38.72487
s0093,48,0,51.50019
s0093,49,0,38.489063
s0093,50,0,58.995937
s0093,51,0,53.761173
s0093,52,0,49.36702
s0093,53,0,55.857338
s0093,54,0,44.82169
s0093,55,0,51.528324
s0093,56,0,44.821583
s0093,57,0,59.67296
s0093,58,0,59.58491
s0093,59,0,61.314682
s0093,60,0,54.956696
s0093,61,0,67.034706
s0093,62,0,72.327896
s0093,63,0,69.74992
s0093,64,0,43.502453
s0093,65,0,62.884438
s0093,66,0,67.04352
s0093,67,0,67.84978
s0093,68,0,72.27673
s0093,69,0,64.12225
s0093,70,0,56.692825
s0093,71,0,60.04916
s0093,72,0,52.64747
s0093,73,0,63.267246
s0093,74,0,80.16802
s0093,75,0,79.17721
s0093,76,0,79.71082
s0093,77,0,81.8698
s0093,78,0,82.9038
s0093,79,0,79.55786
s0093,80,0,79.21077
s0093,81,0,79.22547
s0093,82,0,65.98009
s0093,83,0,64.96547
s0093,84,0,70.34963
s0093,85,0,70.05303
s0093,86,0,63.806465
s0093,87,0,57.52714
s0093,88,0,64.74783
s0093,89,0,67.454475
s0093,90,0,50.13824
s0093,91,0,72.10481
s0093,92,0,62.56537
s0093,93,0,69.59413
s0093,94,0,60.08738
s0093,95,0,69.162796
s0094,0,0,50.688477
s0094,1,0,46.573147
s0094,2,0,37.67476
s0094,3,0,36.89469
s0094,4,0,52.097996
s0094,5,0,50.871307
s0094,6,0,58.404194
s0094,7,0,38.34788
s0094,8,0,62.440285
s0094,9,0,44.83085
s0094,10,0,62.965446
s0094,11,0,58.15318
s0094,12,0,67.748116
s0094,13,0,68.07366
s0094,14,0,64.61111
s0094,15,0,56.331993
s0094,16,0,60.63524
s0094,17,0,60.277184
s0094,18,0,72.26843
s0094,19,0,69.12467
s0094,20,0,71.38453
s0094,21,0,61.026062
s0094,22,0,67.62253
s0094,23,0,67.36429
s0094,24,0,69.45611
s0094,25,0,66.55625
s0094,26,0,70.305504
s0094,27,0,66.66146
s0094,28,0,68.80039
s0094,29,0,70.69227
s0094,30,0,59.29924
s0094,31,0,67.48572
s0094,32,0,51.4439
s0094,33,0,52.729904
s0094,34,0,34.06997
s0094,35,0,49.89095
s0094,36,0,61.605858
s0094,37,0,62.04988
s0094,38,0,50.526806
s0094,39,0,49.352394
s0094,40,0,50.416348
s0094,41,0,40.292587
s0094,42,0,55.719612
s0094,43,0,46.82336
s0094,44,0,59.988735
s0094,45,0,49.784794
s0094,46,0,44.035824
s0094,47,0,41.966145
s0094,48,0,54.894974
s0094,49,0,49.33432
s0094,50,0,48.58427
s0094,51,0,56.169804
s0094,52,0,50.05158
s0094,53,0,43.7587
s0094,54,0,51.423927
s0094,55,0,50.712276
s0094,56,0,64.152374
s0094,57,0,70.380775
s0094,58,0,57.02157
s0094,59,0,61.664185
s0094,60,0,70.69394
s0094,61,0,57.242012
s0094,62,0,74.42682
s0094,63,0,67.684555
s0094,64,0,63.38303
s0094,65,0,64.77093
s0094,66,0,71.6274
s0094,67,0,63.268055
s0094,68,0,62.79077
s0094,69,0,67.794556
s0094,70,0,57.29216
s0094,71,0,56.522217
s0094,72,0,56.555832
s0094,73,0,75.3534
s0094,74,0,74.914795
s0094,75,0,79.452484
s0094,76,0,78.218025
s0094,77,0,79.276215
s0094,78,0,75.65888
s0094,79,0,78.84964
s0094,80,0,79.51274
s0094,81,0,77.21197
s0094,82,0,62.021877
s0094,83,0,67.72124
s0094,84,0,62.146072
s0094,85,0,71.43774
s0094,86,0,65.56884
s0094,87,0,59.956512
s0094,88,0,53.776993
s0094,89,0,67.92909
s0094,90,0,63.124676
s0094,91,0,71.19441
s0094,92,0,67.36331
s0094,93,0,59.595524
s0094,94,0,75.76178
s0094,95,0,62.73078
s0095,0,0,51.985893
s0095,1,0,46.674496
s0095,2,0,55.809902
s0095,3,0,55.61001
s0095,4,0,59.421997
s0095,5,0,48.402897
s0095,6,0,47.638866
s0095,7,0,57.593594
s0095,8,0,62.85303
s0095,9,0,58.657673
s0095,10,0,77.312706
s0095,11,0,64.12406
s0095,12,0,60.390182
s0095,13,0,68.989365
s0095,14,0,62.051468
s0095,15,0,68.90709
s0095,16,0,66.24849
s0095,17,0,64.96223
s0095,18,0,64.301834
s0095,19,0,64.67318
s0095,20,0,69.7315
s0095,21,0,69.16317
s0095,22,0,63.176548
s0095,23,0,62.31127
s0095,24,0,71.208954
s0095,25,0,67.62984
s0095,26,0,67.34926
s0095,27,0,72.02958
s0095,28,0,64.29368
s0095,29,0,70.62356
s0095,30,0,59.44169
s0095,31,0,62.618565
s0095,32,0,56.301105
s0095,33,0,56.756668
s0095,34,0,55.86869
s0095,35,0,60.247734
s0095,36,0,51.178734
s0095,37,0,62.062347
s0095,38,0,59.053947
s0095,39,0,55.053192
s0095,40,0,70.48936
s0095,41,0,59.134262
s0095,42,0,45.030983
s0095,43,0,52.69013
s0095,44,0,48.4944
s0095,45,0,53.742096
s0095,46,0,33.144756
s0095,47,0,44.09263
s0095,48,0,54.373756
s0095,49,0,57.972057
s0095,50,0,59.44452
s0095,51,0,49.939205
s0095,52,0,58.22636
s0095,53,0,54.63697
s0095,54,0,58.398727
s0095,55,0,51.636044
s0095,56,0,65.945595
s0095,57,0,63.51155
s0095,58,0,59.1845
s0095,59,0,57.714977
s0095,60,0,58.588863
s0095,61,0,69.568474
s0095,62,0,74.02071
s0095,63,0,69.74234
s0095,64,0,69.85453
s0095,65,0,60.303818
s0095,66,0,72.253105
s0095,67,0,67.17604
s0095,68,0,66.38146
s0095,69,0,62.51668
s0095,70,0,53.59032
s0095,71,0,58.556114
s0095,72,0,70.54642
s0095,73,0,63.77977
s0095,74,0,78.04777
s0095,75,0,79.29414
s0095,76,0,79.54267
s0095,77,0,80.52255
s0095,78,0,79.26195
s0095,79,0,78.746056
s0095,80,0,78.68985
s0095,81,0,78.11978
s0095,82,0,62.475563
s0095,83,0,63.726437
s0095,84,0,64.291985
s0095,85,0,79.94893
s0095,86,0,63.469852
s0095,87,0,54.167038
s0095,88,0,71.14359
s0095,89,0,66.980545
s0095,90,0,59.300236
s0095,91,0,66.21125
s0095,92,0,71.25456
s0095,93,0,70.458916
s0095,94,0,64.38934
s0095,95,0,74.692566
s0096,0,0,48.994446
s0096,1,0,46.21178
s0096,2,0,47.860523
s0096,3,0,47.972908
s0096,4,0,48.825947
s0096,5,0,51.472706
s0096,6,0,47.56034
s0096,7,0,63.03048
s0096,8,0,71.222916
s0096,9,0,59.55688
s0096,10,0,64.33817
s0096,11,0,69.20732
s0096,12,0,66.0676
s0096,13,0,57.398983
s0096,14,0,68.98389
s0096,15,0,64.53411
s0096,16,0,64.53022
s0096,17,0,58.700836
s0096,18,0,68.36101
s0096,19,0,56.253983
s0096,20,0,68.4168
s0096,21,0,69.74825
s0096,22,0,58.602238
s0096,23,0,60.96666
s0096,24,0,70.495865
s0096,25,0,63.438007
s0096,26,0,68.58134
s0096,27,0,67.21517
s0096,28,0,72.60851
s0096,29,0,63.65774
s0096,30,0,56.420506
s0096,31,0,67.64423
s0096,32,0,57.643356
s0096,33,0,52.516495
s0096,34,0,48.88268
s0096,35,0,54.639477
s0096,36,0,53.5269
s0096,37,0,52.217487
s0096,38,0,49.82472
s0096,39,0,63.44133
s0096,40,0,75.6112
s0096,41,0,50.40614
s0096,42,0,56.32386
s0096,43,0,41.497646
s0096,44,0,37.36252
s0096,45,0,53.469673
s0096,46,0,39.136295
s0096,47,0,32.291183
s0096,48,0,47.717796
s0096,49,0,44.696274
s0096,50,0,47.920677
s0096,51,0,57.27262
s0096,52,0,56.2654
s0096,53,0,55.29874
s0096,54,0,49.903255
s0096,55,0,60.060013
s0096,56,0,61.399895
s0096,57,0,59.889137
s0096,58,0,49.78655
s0096,59,0,62.1352
s0096,60,0,59.402996
s0096,61,0,63.86902
s0096,62,0,79.011986
s0096,63,0,76.795044
s0096,64,0,71.182335
s0096,65,0,66.31387
s0096,66,0,66.36198
s0096,67,0,61.669483
s0096,68,0,67.104
s0096,69,0,69.24157
s0096,70,0,62.082527
s0096,71,0,65.86375
s0096,72,0,67.80628
s0096,73,0,71.12443
s0096,74,0,76.02406
s0096,75,0,79.983246
s0096,76,0,80.072235
s0096,77,0,80.44342
s0096,78,0,76.79465
s0096,79,0,74.95099
s0096,80,0,80.12864
s0096,81,0,78.02006
s0096,82,0,59.87402
s0096,83,0,56.64098
s0096,84,0,71.415924
s0096,85,0,73.429504
s0096,86,0,59.98256
s0096,87,0,59.416126
s0096,88,0,58.750103
s0096,89,0,65.74004
s0096,90,0,56.184677
s0096,91,0,72.51609
s0096,92,0,68.10919
s0096,93,0,70.853355
s0096,94,0,67.90823
s0096,95,0,78.32948
s0097,0,0,52.580986
s0097,1,0,45.869316
s0097,2,0,46.4799
s0097,3,0,39.271038
s0097,4,0,47.249737
s0097,5,0,67.54604
s0097,6,0,53.20534
s0097,7,0,54.27784
s0097,8,0,64.93458
s0097,9,0,73.95499
s0097,10,0,59.955555
s0097,11,0,60.367588
s0097,12,0,66.699615
s0097,13,0,66.55579
s0097,14,0,61.321728
s0097,15,0,68.20842
s0097,16,0,70.28195
s0097,17,0,64.08165
s0097,18,0,61.51071
s0097,19,0,72.916855
s0097,20,0,58.24246
s0097,21,0,67.50785
s0097,22,0,71.311485
s0097,23,0,70.9174
s0097,24,0,69.143234
s0097,25,0,64.59173
s0097,26,0,66.32393
s0097,27,0,60.517
s0097,28,0,65.58644
s0097,29,0,69.46452
s0097,30,0,59.102722
s0097,31,0,63.645573
s0097,32,0,55.712193
s0097,33,0,53.49308
s0097,34,0,53.641277
s0097,35,0,63.308235
s0097,36,0,55.638706
s0097,37,0,55.101837
s0097,38,0,61.279682
s0097,39,0,44.760265
s0097,40,0,60.91949
s0097,41,0,53.06506
s0097,42,0,55.556736
s0097,43,0,40.155643
s0097,44,0,52.616642
s0097,45,0,40.191128
s0097,46,0,27.21269
s0097,47,0,44.862076
s0097,48,0,53.930748
s0097,49,0,54.341072
s0097,50,0,55.069355
s0097,51,0,46.682655
s0097,52,0,62.989502
s0097,53,0,50.021347
s0097,54,0,53.09433
s0097,55,0,70.02339
s0097,56,0,71.32334
s0097,57,0,68.539276
s0097,58,0,58.2664
s0097,59,0,60.323704
s0097,60,0,59.39617
s0097,61,0,62.10973
s0097,62,0,72.284805
s0097,63,0,79.82103
s0097,64,0,63.806347
s0097,65,0,61.439407
s0097,66,0,67.34168
s0097,67,0,53.38302
s0097,68,0,71.93378
s0097,69,0,54.623463
s0097,70,0,65.7136
s0097,71,0,62.096893
s0097,72,0,61.41635
s0097,73,0,71.52073
s0097,74,0,81.33152
s0097,75,0,78.37589
s0097,76,0,81.0805
s0097,77,0,79.11071
s0097,78,0,78.48693
s0097,79,0,79.78661
s0097,80,0,79.0497
s0097,81,0,78.97122
s0097,82,0,68.43762
s0097,83,0,67.3182
s0097,84,0,58.815292
s0097,85,0,64.389854
s0097,86,0,61.376392
s0097,87,0,57.826984
s0097,88,0,63.511364
s0097,89,0,63.870346
s0097,90,0,50.027557
s0097,91,0,59.269005
s0097,92,0,67.14233
s0097,93,0,75.15451
s0097,94,0,73.606415
s0097,95,0,64.32193
s0098,0,0,41.642612
s0098,1,0,36.851494
s0098,2,0,45.642902
s0098,3,0,51.46692
s0098,4,0,52.916367
s0098,5,0,42.74634
s0098,6,0,48.194687
s0098,7,0,53.32044
s0098,8,0,60.895348
s0098,9,0,61.07563
s0098,10,0,64.871574
s0098,11,0,55.775574
s0098,12,0,56.94592
s0098,13,0,63.78735
s0098,14,0,58.459557
s0098,15,0,71.07265
s0098,16,0,72.42051
s0098,17,0,67.152855
s0098,18,0,59.454502
s0098,19,0,73.19302
s0098,20,0,67.28795
s0098,21,0,75.44868
s0098,22,0,63.51774
s0098,23,0,64.0803
s0098,24,0,70.05077
s0098,25,0,63.01676
s0098,26,0,67.760704
s0098,27,0,59.38843
s0098,28,0,64.39478
s0098,29,0,69.67868
s0098,30,0,66.54864
s0098,31,0,56.66152
s0098,32,0,70.225655
s0098,33,0,56.10625
s0098,34,0,50.55334
s0098,35,0,52.78875
s0098,36,0,60.30136
s0098,37,0,63.1762
s0098,38,0,56.291225
s0098,39,0,48.150192
s0098,40,0,77.957306
s0098,41,0,66.710175
s0098,42,0,57.349564
s0098,43,0,60.381954
s0098,44,0,57.221424
s0098,45,0,44.877583
s0098,46,0,59.296688
s0098,47,0,65.398636
s0098,48,0,61.043755
s0098,49,0,50.342728
s0098,50,0,46.61531
s0098,51,0,51.693977
s0098,52,0,48.645294
s0098,53,0,49.019226
s0098,54,0,54.46844
s0098,55,0,59.434845
s0098,56,0,64.05614
s0098,57,0,55.14674
s0098,58,0,58.464706
s0098,59,0,63.6719
s0098,60,0,63.06395
s0098,61,0,65.04942
s0098,62,0,64.086624
s0098,63,0,73.85017
s0098,64,0,68.44179
s0098,65,0,61.36669
s0098,66,0,77.248116
s0098,67,0,66.550766
s0098,68,0,64.87504
s0098,69,0,62.779594
s0098,70,0,54.818146
s0098,71,0,64.415085
s0098,72,0,61.558407
s0098,73,0,67.205666
s0098,74,0,78.08954
s0098,75,0,79.053154
s0098,76,0,79.87508
s0098,77,0,79.00106
s0098,78,0,77.06224
s0098,79,0,79.73957
s0098,80,0,80.31255
s0098,81,0,79.163605
s0098,82,0,67.84786
s0098,83,0,67.14473
s0098,84,0,67.73869
s0098,85,0,73.90752
s0098,86,0,58.93331
s0098,87,0,61.742004
s0098,88,0,55.56819
s0098,89,0,67.00032
s0098,90,0,57.308613
s0098,91,0,69.19428
s0098,92,0,69.11088
s0098,93,0,64.31492
s0098,94,0,68.83962
s0098,95,0,65.18974
s0099,0,0,51.50017
s0099,1,0,36.629326
s0099,2,0,49.348442
s0099,3,0,47.532482
s0099,4,0,51.57662
s0099,5,0,56.009956
s0099,6,0,53.389835
s0099,7,0,58.879112
s0099,8,0,61.585026
s0099,9,0,52.704678
s0099,10,0,59.387173
s0099,11,0,54.533054
s0099,12,0,67.92654
s0099,13,0,64.18025
s0099,14,0,73.648254
s0099,15,0,67.087494
s0099,16,0,69.87553
s0099,17,0,55.384193
s0099,18,0,68.26588
s0099,19,0,66.347824
s0099,20,0,66.54351
s0099,21,0,63.461952
s0099,22,0,58.948807
s0099,23,0,68.74684
s0099,24,0,70.32263
s0099,25,0,78.29477
s0099,26,0,74.95606
s0099,27,0,66.328064
s0099,28,0,73.91659
s0099,29,0,66.67526
s0099,30,0,58.213264
s0099,31,0,64.89527
s0099,32,0,65.67125
s0099,33,0,55.31363
s0099,34,0,59.689915
s0099,35,0,59.98257
s0099,36,0,59.546497
s0099,37,0,50.504436
s0099,38,0,53.63274
s0099,39,0,51.933918
s0099,40,0,52.027077
s0099,41,0,53.484333
s0099,42,0,37.340134
s0099,43,0,51.304516
s0099,44,0,36.00201
s0099,45,0,41.302856
s0099,46,0,64.91369
s0099,47,0,37.420628
s0099,48,0,62.481754
s0099,49,0,49.185623
s0099,50,0,48.716515
s0099,51,0,41.655033
s0099,52,0,51.64234
s0099,53,0,46.89514
s0099,54,0,49.757347
s0099,55,0,52.16524
s0099,56,0,54.915882
s0099,57,0,52.31316
s0099,58,0,64.83748
s0099,59,0,67.31125
s0099,60,0,64.77159
s0099,61,0,65.34224
s0099,62,0,77.18666
s0099,63,0,72.70375
s0099,64,0,67.58895
s0099,65,0,68.21643
s0099,66,0,68.710526
s0099,67,0,68.50469
s0099,68,0,64.60261
s0099,69,0,70.90928
s0099,70,0,65.65628
s0099,71,0,56.828247
s0099,72,0,59.47754
s0099,73,0,70.72417
s0099,74,0,73.059456
s0099,75,0,89.02977
s0099,76,0,80.466484
s0099,77,0,88.035774
s0099,78,0,76.15762
s0099,79,0,80.24206
s0099,80,0,78.98294
s0099,81,0,80.40158
s0099,82,0,66.358444
s0099,83,0,68.68855
s0099,84,0,68.23176
s0099,85,0,65.538704
s0099,86,0,73.34644
s0099,87,0,66.823135
s0099,88,0,58.528355
s0099,89,0,62.938072
s0099,90,0,63.54848
s0099,91,0,60.27047
s0099,92,0,72.81573
s0099,93,0,73.07066
s0099,94,0,70.24528
s0099,95,0,63.757694
s0100,0,0,52.406784
s0100,1,0,43.742958
s0100,2,0,36.04338
s0100,3,0,43.810997
s0100,4,0,42.78595
s0100,5,0,46.78664
s0100,6,0,37.152092
s0100,7,0,54.060917
s0100,8,0,43.01737
s0100,9,0,52.122925
s0100,10,0,47.1056
s0100,11,0,57.21865
s0100,12,0,59.088654
s0100,13,0,64.00516
s0100,14,0,63.635036
s0100,15,0,67.27199
s0100,16,0,66.87643
s0100,17,0,64.42499
s0100,18,0,64.96653
s0100,19,0,69.99227
s0100,20,0,69.06486
s0100,21,0,65.403275
s0100,22,0,67.70319
s0100,23,0,71.24871
s0100,24,0,62.255985
s0100,25,0,67.51757
s0100,26,0,72.9897
s0100,27,0,62.383408
s0100,28,0,66.74969
s0100,29,0,64.513054
s0100,30,0,49.11764
s0100,31,0,75.71843
s0100,32,0,60.83599
s0100,33,0,43.027695
s0100,34,0,33.75018
s0100,35,0,50.29865
s0100,36,0,50.623173
s0100,37,0,47.195
s0100,38,0,58.94371
s0100,39,0,40.73444
s0100,40,0,65.031364
s0100,41,0,48.720116
s0100,42,0,52.9061
s0100,43,0,50.75514
s0100,44,0,62.237263
s0100,45,0,43.498753
s0100,46,0,54.297626
s0100,47,0,35.49622
s0100,48,0,42.5534
s0100,49,0,42.430122
s0100,50,0,46.623318
s0100,51,0,59.202694
s0100,52,0,37.150333
s0100,53,0,57.43488
s0100,54,0,53.216274
s0100,55,0,55.917217
s0100,56,0,64.40362
s0100,57,0,68.32172
s0100,58,0,58.747726
s0100,59,0,73.65285
s0100,60,0,68.58181
s0100,61,0,65.74995
s0100,62,0,73.89025
s0100,63,0,66.43668
s0100,64,0,60.18208
s0100,65,0,58.671093
s0100,66,0,68.17004
s0100,67,0,59.73841
s0100,68,0,56.79517
s0100,69,0,55.733414
s0100,70,0,60.867157
s0100,71,0,58.80021
s0100,72,0,45.255184
s0100,73,0,63.838352
s0100,74,0,76.45908
s0100,75,0,78.980316
s0100,76,0,79.469734
s0100,77,0,79.03469
s0100,78,0,75.059204
s0100,79,0,78.8982
s0100,80,0,79.174934
s0100,81,0,78.35549
s0100,82,0,66.40527
s0100,83,0,72.39597
s0100,84,0,64.5199
s0100,85,0,60.73097
s0100,86,0,61.495216
s0100,87,0,49.540012
s0100,88,0,49.19524
s0100,89,0,56.407608
s0100,90,0,52.485718
s0100,91,0,63.748173
s0100,92,0,68.17081
s0100,93,0,63.82143
s0100,94,0,63.66754
s0100,95,0,59.79408
s0001,0,0,53.65518
s0001,1,0,47.497097
s0001,2,0,43.225
s0001,3,0,51.288322
s0001,4,0,58.24987
s0001,5,0,47.199665
s0001,6,0,47.463345
s0001,7,0,60.975983
s0001,8,0,53.819912
s0001,9,0,59.785404
s0001,10,0,59.369545
s0001,11,0,68.83674
s0001,12,0,64.203094
s0001,13,0,65.24322
s0001,14,0,63.739597
s0001,15,0,69.952126
s0001,16,0,66.96008
s0001,17,0,64.93302
s0001,18,0,71.52463
s0001,19,0,67.34638
s0001,20,0,68.64979
s0001,21,0,67.42943
s0001,22,0,52.101814
s0001,23,0,71.02561
s0001,24,0,62.138775
s0001,25,0,74.06024
s0001,26,0,65.45198
s0001,27,0,61.86289
s0001,28,0,64.192986
s0001,29,0,69.81905
s0001,30,0,60.461414
s0001,31,0,63.962223
s0001,32,0,63.32402
s0001,33,0,48.953476
s0001,34,0,44.488617
s0001,35,0,56.253895
s0001,36,0,54.379192
s0001,37,0,61.67122
s0001,38,0,63.102623
s0001,39,0,47.59657
s0001,40,0,58.911743
s0001,41,0,59.69405
s0001,42,0,44.601753
s0001,43,0,63.09479
s0001,44,0,48.107597
s0001,45,0,70.82666
s0001,46,0,49.119453
s0001,47,0,47.772816
s0001,48,0,63.065807
s0001,49,0,44.131065
s0001,50,0,42.772877
s0001,51,0,60.27862
s0001,52,0,48.728973
s0001,53,0,49.412727
s0001,54,0,53.43559
s0001,55,0,57.369843
s0001,56,0,57.43724
s0001,57,0,59.82244
s0001,58,0,51.832233
s0001,59,0,66.30814
s0001,60,0,68.01693
s0001,61,0,56.469227
s0001,62,0,65.240074
s0001,63,0,75.791245
s0001,64,0,63.12357
s0001,65,0,72.15763
s0001,66,0,64.8935
s0001,67,0,65.14512
s0001,68,0,66.14952
s0001,69,0,65.36384
s0001,70,0,61.573986
s0001,71,0,56.45793
s0001,72,0,63.35038
s0001,73,0,75.92506
s0001,74,0,72.20155
s0001,75,0,80.23488
s0001,76,0,80.570015
s0001,77,0,80.11914
s0001,78,0,84.14
s0001,79,0,78.94968
s0001,80,0,79.81318
s0001,81,0,78.20368
s0001,82,0,69.90745
s0001,83,0,69.37761
s0001,84,0,69.36276
s0001,85,0,65.356705
s0001,86,0,63.31826
s0001,87,0,66.97114
s0001,88,0,51.589344
s0001,89,0,61.565086
s0001,90,0,62.548668
s0001,91,0,62.88704
s0001,92,0,62.532383
s0001,93,0,72.80838
s0001,94,0,70.063705
s0001,95,0,72.742584
s0002,0,0,55.554077
s0002,1,0,53.106625
s0002,2,0,43.328983
s0002,3,0,46.27191
s0002,4,0,51.267796
s0002,5,0,55.215065
s0002,6,0,59.879116
s0002,7,0,61.64939
s0002,8,0,59.256992
s0002,9,0,52.926323
s0002,10,0,54.494125
s0002,11,0,79.21047
s0002,12,0,59.508568
s0002,13,0,58.70082
s0002,14,0,63.931713
s0002,15,0,59.003178
s0002,16,0,83.998665
s0002,17,0,63.70228
s0002,18,0,61.73628
s0002,19,0,64.01474
s0002,20,0,68.060585
s0002,21,0,69.77338
s0002,22,0,62.421024
s0002,23,0,70.15435
s0002,24,0,76.056946
s0002,25,0,67.13502
s0002,26,0,68.40939
s0002,27,0,70.21087
s0002,28,0,69.14298
s0002,29,0,77.19924
s0002,30,0,51.068237
s0002,31,0,72.84137
s0002,32,0,58.38239
s0002,33,0,58.643127
s0002,34,0,52.099445
s0002,35,0,49.004883
s0002,36,0,57.977158
s0002,37,0,56.28413
s0002,38,0,62.576073
s0002,39,0,28.381424
s0002,40,0,65.59504
s0002,41,0,25.612852
s0002,42,0,45.7984
s0002,43,0,36.740158
s0002,44,0,50.44931
s0002,45,0,51.824467
s0002,46,0,41.473694
s0002,47,0,33.15333
s0002,48,0,69.290115
s0002,49,0,46.27754
s0002,50,0,46.26742
s0002,51,0,66.31999
s0002,52,0,57.114212
s0002,53,0,52.431335
s0002,54,0,49.54968
s0002,55,0,64.40061
s0002,56,0,53.91727
s0002,57,0,62.628456
s0002,58,0,56.89105
s0002,59,0,62.471836
s0002,60,0,69.17039
s0002,61,0,64.927635
s0002,62,0,66.42626
s0002,63,0,69.5565
s0002,64,0,67.00716
s0002,65,0,67.527534
s0002,66,0,70.94326
s0002,67,0,65.011406
s0002,68,0,54.798878
s0002,69,0,66.764046
s0002,70,0,63.282623
s0002,71,0,60.06145
s0002,72,0,61.59582
s0002,73,0,70.95559
s0002,74,0,75.62459
s0002,75,0,78.755
s0002,76,0,80.4974
s0002,77,0,78.52446
s0002,78,0,80.32971
s0002,79,0,80.136406
s0002,80,0,79.58822
s0002,81,0,79.60582
s0002,82,0,70.386536
s0002,83,0,59.654877
s0002,84,0,63.17768
s0002,85,0,67.5425
s0002,86,0,62.493435
s0002,87,0,61.077114
s0002,88,0,54.52979
s0002,89,0,56.2912
s0002,90,0,50.048916
s0002,91,0,70.26923
s0002,92,0,72.80364
s0002,93,0,71.51219
s0002,94,0,69.48917
s0002,95,0,77.06934
s0003,0,0,53.970825
s0003,1,0,54.82034
s0003,2,0,45.462654
s0003,3,0,44.461975
s0003,4,0,51.32462
s0003,5,0,57.025005
s0003,6,0,56.845158
s0003,7,0,53.4673
s0003,8,0,63.81519
s0003,9,0,63.316772
s0003,10,0,57.7342
s0003,11,0,66.564835
s0003,12,0,68.38191
s0003,13,0,66.32525
s0003,14,0,69.44969
s0003,15,0,64.37902
s0003,16,0,56.10759
s0003,17,0,69.22353
s0003,18,0,69.32212
s0003,19,0,57.35882
s0003,20,0,68.38824
s0003,21,0,70.02812
s0003,22,0,56.925972
s0003,23,0,66.44767
s0003,24,0,76.65074
s0003,25,0,73.83007
s0003,26,0,73.298935
s0003,27,0,71.23537
s0003,28,0,69.70289
s0003,29,0,73.089066
s0003,30,0,63.246265
s0003,31,0,69.45922
s0003,32,0,57.2206
s0003,33,0,59.244057
s0003,34,0,62.760643
s0003,35,0,49.94281
s0003,36,0,50.029385
s0003,37,0,52.29536
s0003,38,0,41.672413
s0003,39,0,32.300304
s0003,40,0,62.06298
s0003,41,0,54.26018
s0003,42,0,68.73058
s0003,43,0,67.14724
s0003,44,0,49.51225
s0003,45,0,34.24537
s0003,46,0,42.356285
s0003,47,0,30.062077
s0003,48,0,52.35852
s0003,49,0,50.446404
s0003,50,0,60.766716
s0003,51,0,55.51813
s0003,52,0,67.034424
s0003,53,0,59.829445
s0003,54,0,57.517582
s0003,55,0,60.344803
s0003,56,0,54.150635
s0003,57,0,63.341415
s0003,58,0,57.735954
s0003,59,0,67.34342
s0003,60,0,61.684204
s0003,61,0,58.950886
s0003,62,0,73.27248
s0003,63,0,71.012596
s0003,64,0,72.98529
s0003,65,0,73.17398
s0003,66,0,73.44385
s0003,67,0,67.04854
s0003,68,0,57.608944
s0003,69,0,62.158176
s0003,70,0,51.385094
s0003,71,0,57.266266
s0003,72,0,64.6961
s0003,73,0,73.38914
s0003,74,0,74.77006
s0003,75,0,80.6762
s0003,76,0,78.68999
s0003,77,0,80.13734
s0003,78,0,75.07692
s0003,79,0,79.84266
s0003,80,0,79.327286
s0003,81,0,78.7088
s0003,82,0,57.72068
s0003,83,0,62.818134
s0003,84,0,73.45912
s0003,85,0,71.82144
s0003,86,0,68.958046
s0003,87,0,65.34454
s0003,88,0,57.928753
s0003,89,0,64.335846
s0003,90,0,56.05336
s0003,91,0,67.91595
s0003,92,0,64.29256
s0003,93,0,70.846214
s0003,94,0,65.7667
s0003,95,0,69.67394
s0004,0,0,51.930317
s0004,1,0,48.23165
s0004,2,0,43.221634
s0004,3,0,47.549923
s0004,4,0,51.592766
s0004,5,0,58.79133
s0004,6,0,48.05772
s0004,7,0,53.768776
s0004,8,0,65.47
s0004,9,0,53.82595
s0004,10,0,56.642765
s0004,11,0,64.7584
s0004,12,0,56.95373
s0004,13,0,53.85584
s0004,14,0,65.43153
s0004,15,0,61.8725
s0004,16,0,61.909554
s0004,17,0,58.247143
s0004,18,0,71.85474
s0004,19,0,62.167515
s0004,20,0,69.36653
s0004,21,0,63.161766
s0004,22,0,63.80438
s0004,23,0,62.91877
s0004,24,0,69.58344
s0004,25,0,74.33162
s0004,26,0,74.24695
s0004,27,0,63.774582
s0004,28,0,69.867744
s0004,29,0,69.03568
s0004,30,0,55.10556
s0004,31,0,60.022266
s0004,32,0,61.70829
s0004,33,0,46.327053
s0004,34,0,51.21189
s0004,35,0,54.633495
s0004,36,0,52.23904
s0004,37,0,62.574852
s0004,38,0,54.874096
s0004,39,0,55.15485
s0004,40,0,57.612213
s0004,41,0,57.20623
s0004,42,0,26.9584
s0004,43,0,61.756065
s0004,44,0,49.52875
s0004,45,0,41.252983
s0004,46,0,45.354824
s0004,47,0,25.028385
s0004,48,0,62.146294
s0004,49,0,52.414352
s0004,50,0,48.43794
s0004,51,0,41.71403
s0004,52,0,52.633408
s0004,53,0,56.673313
s0004,54,0,57.437366
s0004,55,0,60.503807
s0004,56,0,58.342896
s0004,57,0,63.633915
s0004,58,0,49.901176
s0004,59,0,66.31544
s0004,60,0,60.724613
s0004,61,0,62.168644
s0004,62,0,63.673622
s0004,63,0,73.29294
s0004,64,0,68.230705
s0004,65,0,61.973118
s0004,66,0,73.61474
s0004,67,0,59.226974
s0004,68,0,66.6093
s0004,69,0,68.87929
s0004,70,0,60.93939
s0004,71,0,61.627953
s0004,72,0,58.869667
s0004,73,0,76.05284
s0004,74,0,76.39057
s0004,75,0,80.128235
s0004,76,0,79.48836
s0004,77,0,78.739494
s0004,78,0,76.24215
s0004,79,0,78.47957
s0004,80,0,79.27415
s0004,81,0,77.60989
s0004,82,0,67.655556
s0004,83,0,54.804474
s0004,84,0,65.26606
s0004,85,0,65.12459
s0004,86,0,76.92169
s0004,87,0,60.748943
s0004,88,0,63.19409
s0004,89,0,65.04559
s0004,90,0,53.510002
s0004,91,0,64.74345
s0004,92,0,59.205746
s0004,93,0,69.14711
s0004,94,0,66.52552
s0004,95,0,58.378082
s0005,0,0,51.642662
s0005,1,0,41.532684
s0005,2,0,46.77278
s0005,3,0,45.758198
s0005,4,0,51.659946
s0005,5,0,53.47501
s0005,6,0,49.951946
s0005,7,0,58.548378
s0005,8,0,63.02392
s0005,9,0,57.762337
s0005,10,0,59.311703
s0005,11,0,69.937874
s0005,12,0,65.19345
s0005,13,0,70.73665
s0005,14,0,57.591534
s0005,15,0,65.03235
s0005,16,0,61.397038
s0005,17,0,62.915977
s0005,18,0,58.65767
s0005,19,0,66.94228
s0005,20,0,73.27891
s0005,21,0,73.20456
s0005,22,0,63.037624
s0005,23,0,65.16266
s0005,24,0,72.23392
s0005,25,0,68.67749
s0005,26,0,72.056244
s0005,27,0,66.831314
s0005,28,0,74.82526
s0005,29,0,68.11796
s0005,30,0,53.565792
s0005,31,0,66.65839
s0005,32,0,63.07299
s0005,33,0,55.919395
s0005,34,0,49.2371
s0005,35,0,53.41791
s0005,36,0,55.589108
s0005,37,0,57.97946
s0005,38,0,66.16733
s0005,39,0,44.33804
s0005,40,0,47.05022
s0005,41,0,44.94618
s0005,42,0,44.29593
s0005,43,0,24.248234
s0005,44,0,29.220486
s0005,45,0,51.542637
s0005,46,0,50.817783
s0005,47,0,47.220524
s0005,48,0,54.238132
s0005,49,0,42.048294
s0005,50,0,45.14092
s0005,51,0,59.749504
s0005,52,0,62.982502
s0005,53,0,52.821148
s0005,54,0,50.696358
s0005,55,0,57.52132
s0005,56,0,51.527557
s0005,57,0,65.07689
s0005,58,0,53.93125
s0005,59,0,58.831116
s0005,60,0,68.79243
s0005,61,0,60.148666
s0005,62,0,74.439865
s0005,63,0,76.55481
s0005,64,0,69.91286
s0005,65,0,62.430233
s0005,66,0,67.73255
s0005,67,0,68.890434
s0005,68,0,65.822754
s0005,69,0,54.13316
s0005,70,0,60.488503
s0005,71,0,57.254364
s0005,72,0,55.46291
s0005,73,0,65.72819
s0005,74,0,74.501495
s0005,75,0,79.37221
s0005,76,0,79.45923
s0005,77,0,79.49353
s0005,78,0,76.24943
s0005,79,0,78.79787
s0005,80,0,79.46882
s0005,81,0,80.26156
s0005,82,0,71.41877
s0005,83,0,62.717922
s0005,84,0,67.36502
s0005,85,0,68.390945
s0005,86,0,61.55092
s0005,87,0,61.28466
s0005,88,0,64.38518
s0005,89,0,63.487793
s0005,90,0,60.82693
s0005,91,0,72.57668
s0005,92,0,69.22522
s0005,93,0,70.45219
s0005,94,0,75.42387
s0005,95,0,70.132614
s0006,0,0,51.92734
s0006,1,0,45.949455
s0006,2,0,48.083935
s0006,3,0,42.84269
s0006,4,0,58.123066
s0006,5,0,51.933735
s0006,6,0,41.512924
s0006,7,0,54.46487
s0006,8,0,73.74189
s0006,9,0,58.24505
s0006,10,0,60.22011
s0006,11,0,67.51758
s0006,12,0,61.67095
s0006,13,0,57.614063
s0006,14,0,62.194885
s0006,15,0,66.463715
s0006,16,0,64.80279
s0006,17,0,68.1845
s0006,18,0,61.37903
s0006,19,0,64.81441
s0006,20,0,68.68374
s0006,21,0,67.00082
s0006,22,0,54.795357
s0006,23,0,74.79858
s0006,24,0,68.64631
s0006,25,0,57.5375
s0006,26,0,79.50093
s0006,27,0,62.99988
s0006,28,0,73.61495
s0006,29,0,61.447514
s0006,30,0,57.785015
s0006,31,0,63.21226
s0006,32,0,56.766884
s0006,33,0,61.156967
s0006,34,0,51.344086
s0006,35,0,59.683506
s0006,36,0,50.223114
s0006,37,0,62.441826
s0006,38,0,59.3002
s0006,39,0,40.245552
s0006,40,0,51.971775
s0006,41,0,50.329777
s0006,42,0,45.57702
s0006,43,0,54.094074
s0006,44,0,43.58519
s0006,45,0,54.230587
s0006,46,0,41.908657
s0006,47,0,27.124823
s0006,48,0,37.88836
s0006,49,0,39.969643
s0006,50,0,51.229774
s0006,51,0,42.841133
s0006,52,0,60.296825
s0006,53,0,51.371704
s0006,54,0,64.46362
s0006,55,0,58.290478
s0006,56,0,52.202293
s0006,57,0,59.69769
s0006,58,0,62.406364
s0006,59,0,61.352623
s0006,60,0,76.167725
s0006,61,0,56.361702
s0006,62,0,74.8317
s0006,63,0,72.802055
s0006,64,0,62.074234
s0006,65,0,64.90004
s0006,66,0,67.873146
s0006,67,0,70.05456
s0006,68,0,65.36094
s0006,69,0,64.15337
s0006,70,0,56.30342
s0006,71,0,61.383747
s0006,72,0,59.33445
s0006,73,0,73.41
s0006,74,0,76.762314
s0006,75,0,79.70194
s0006,76,0,79.96699
s0006,77,0,79.83975
s0006,78,0,75.63896
s0006,79,0,80.49841
s0006,80,0,78.46699
s0006,81,0,78.49868
s0006,82,0,71.712845
s0006,83,0,59.02796
s0006,84,0,72.34032
s0006,85,0,69.42109
s0006,86,0,59.993855
s0006,87,0,60.29726
s0006,88,0,62.519062
s0006,89,0,54.29011
s0006,90,0,59.07091
s0006,91,0,66.85222
s0006,92,0,73.23594
s0006,93,0,78.7009
s0006,94,0,70.71052
s0006,95,0,66.09923
s0007,0,0,53.214687
s0007,1,0,44.476257
s0007,2,0,51.33918
s0007,3,0,53.61129
s0007,4,0,52.528473
s0007,5,0,56.48774
s0007,6,0,48.63013
s0007,7,0,59.93363
s0007,8,0,69.98991
s0007,9,0,56.93046
s0007,10,0,58.07757
s0007,11,0,58.654648
s0007,12,0,65.96584
s0007,13,0,71.90618
s0007,14,0,71.42007
s0007,15,0,65.75461
s0007,16,0,72.21145
s0007,17,0,74.831276
s0007,18,0,65.17658
s0007,19,0,62.623093
s0007,20,0,64.03212
s0007,21,0,64.53428
s0007,22,0,62.668137
s0007,23,0,65.63306
s0007,24,0,76.73522
s0007,25,0,65.74602
s0007,26,0,64.265686
s0007,27,0,67.87142
s0007,28,0,72.0797
s0007,29,0,62.900856
s0007,30,0,52.769894
s0007,31,0,64.90999
s0007,32,0,57.589706
s0007,33,0,51.088528
s0007,34,0,57.490192
s0007,35,0,52.360962
s0007,36,0,56.51147
s0007,37,0,65.24466
s0007,38,0,59.85153
s0007,39,0,54.75783
s0007,40,0,58.42267
s0007,41,0,49.76334
s0007,42,0,45.360268
s0007,43,0,47.335358
s0007,44,0,49.426105
s0007,45,0,69.727234
s0007,46,0,40.404144
s0007,47,0,44.563625
s0007,48,0,37.6021
s0007,49,0,58.43072
s0007,50,0,51.901657
s0007,51,0,48.880974
s0007,52,0,51.038837
s0007,53,0,51.824787
s0007,54,0,60.58384
s0007,55,0,49.32402
s0007,56,0,78.85501
s0007,57,0,63.631844
s0007,58,0,64.76083
s0007,59,0,58.182716
s0007,60,0,60.663513
s0007,61,0,65.17988
s0007,62,0,66.53261
s0007,63,0,84.63656
s0007,64,0,69.81412
s0007,65,0,72.153076
s0007,66,0,68.10339
s0007,67,0,60.619137
s0007,68,0,67.17725
s0007,69,0,60.664898
s0007,70,0,58.539906
s0007,71,0,64.448685
s0007,72,0,59.324974
s0007,73,0,76.74499
s0007,74,0,76.156075
s0007,75,0,80.90356
s0007,76,0,79.17547
s0007,77,0,79.82618
s0007,78,0,78.39599
s0007,79,0,80.1419
s0007,80,0,80.51111
s0007,81,0,79.179
s0007,82,0,62.4718
s0007,83,0,70.552444
s0007,84,0,68.88374
s0007,85,0,67.60218
s0007,86,0,75.53816
s0007,87,0,61.100838
s0007,88,0,56.120094
s0007,89,0,67.77222
s0007,90,0,57.597965
s0007,91,0,85.18364
s0007,92,0,66.08242
s0007,93,0,69.560776
s0007,94,0,77.97647
s0007,95,0,65.29505
s0008,0,0,62.12985
s0008,1,0,52.86655
s0008,2,0,48.38256
s0008,3,0,61.68761
s0008,4,0,49.778038
s0008,5,0,55.543316
s0008,6,0,53.928497
s0008,7,0,54.447487
s0008,8,0,66.14667
s0008,9,0,52.876762
s0008,10,0,54.90688
s0008,11,0,67.68286
s0008,12,0,71.92689
s0008,13,0,60.687157
s0008,14,0,50.46879
s0008,15,0,67.92418
s0008,16,0,73.03035
s0008,17,0,64.42853
s0008,18,0,70.04054
s0008,19,0,71.48667
s0008,20,0,70.83212
s0008,21,0,61.361816
s0008,22,0,66.16059
s0008,23,0,69.68983
s0008,24,0,71.09608
s0008,25,0,67.8103
s0008,26,0,68.59645
s0008,27,0,65.65188
s0008,28,0,79.13696
s0008,29,0,66.03257
s0008,30,0,50.912067
s0008,31,0,66.182655
s0008,32,0,54.562737
s0008,33,0,55.320736
s0008,34,0,51.4707
s0008,35,0,47.727943
s0008,36,0,46.391605
s0008,37,0,51.81984
s0008,38,0,63.68676
s0008,39,0,48.226406
s0008,40,0,58.226357
s0008,41,0,49.599945
s0008,42,0,51.09101
s0008,43,0,41.84602
s0008,44,0,30.022232
s0008,45,0,53.78132
s0008,46,0,51.163425
s0008,47,0,47.772785
s0008,48,0,72.109695
s0008,49,0,56.539288
s0008,50,0,47.188454
s0008,51,0,47.034706
s0008,52,0,46.430706
s0008,53,0,48.227238
s0008,54,0,56.131653
s0008,55,0,59.04002
s0008,56,0,58.58999
s0008,57,0,63.859715
s0008,58,0,51.844765
s0008,59,0,66.08917
s0008,60,0,63.25399
s0008,61,0,59.809864
s0008,62,0,68.826004
s0008,63,0,68.737854
s0008,64,0,67.67511
s0008,65,0,64.46484
s0008,66,0,74.04027
s0008,67,0,62.455585
s0008,68,0,68.48484
s0008,69,0,68.42674
s0008,70,0,60.04092
s0008,71,0,62.857452
s0008,72,0,57.23933
s0008,73,0,71.3871
s0008,74,0,73.08618
s0008,75,0,79.08473
s0008,76,0,79.627014
s0008,77,0,79.97301
s0008,78,0,75.99807
s0008,79,0,78.85496
s0008,80,0,79.97264
s0008,81,0,76.48334
s0008,82,0,64.57548
s0008,83,0,64.23481
s0008,84,0,64.67714
s0008,85,0,75.343
s0008,86,0,65.834
s0008,87,0,65.026245
s0008,88,0,56.779076
s0008,89,0,57.713947
s0008,90,0,58.253517
s0008,91,0,76.19539
s0008,92,0,67.67592
s0008,93,0,65.058975
s0008,94,0,68.109184
s0008,95,0,72.61571
s0009,0,0,53.51766
s0009,1,0,41.892216
s0009,2,0,40.381966
s0009,3,0,48.262398
s0009,4,0,54.55351
s0009,5,0,52.484894
s0009,6,0,55.52328
s0009,7,0,50.096718
s0009,8,0,60.367744
s0009,9,0,58.08473
s0009,10,0,60.331284
s0009,11,0,55.410275
s0009,12,0,57.503475
s0009,13,0,65.112144
s0009,14,0,68.19355
s0009,15,0,66.66262
s0009,16,0,68.895096
s0009,17,0,74.986206
s0009,18,0,59.781273
s0009,19,0,64.71663
s0009,20,0,57.76895
s0009,21,0,70.25751
s0009,22,0,60.334015
s0009,23,0,69.1947
s0009,24,0,72.35353
s0009,25,0,65.92254
s0009,26,0,68.8774
s0009,27,0,57.202946
s0009,28,0,74.3279
s0009,29,0,65.21518
s0009,30,0,56.146255
s0009,31,0,67.939735
s0009,32,0,57.39977
s0009,33,0,49.840004
s0009,34,0,64.135345
s0009,35,0,55.280296
s0009,36,0,46.088604
s0009,37,0,54.38361
s0009,38,0,54.539803
s0009,39,0,43.376225
s0009,40,0,52.243034
s0009,41,0,51.991447
s0009,42,0,39.332085
s0009,43,0,55.25581
s0009,44,0,36.503475
s0009,45,0,48.664318
s0009,46,0,50.65887
s0009,47,0,52.299183
s0009,48,0,58.631107
s0009,49,0,52.220943
s0009,50,0,34.237686
s0009,51,0,56.135494
s0009,52,0,53.58735
s0009,53,0,51.799725
s0009,54,0,48.943146
s0009,55,0,31.937248
s0009,56,0,50.683666
s0009,57,0,59.127857
s0009,58,0,57.91
s0009,59,0,64.85381
s0009,60,0,66.190445
s0009,61,0,65.05845
s0009,62,0,71.81058
s0009,63,0,75.54658
s0009,64,0,65.156876
s0009,65,0,69.12108
s0009,66,0,67.30098
s0009,67,0,54.1058
s0009,68,0,63.7105
s0009,69,0,66.65601
s0009,70,0,65.41954
s0009,71,0,67.87422
s0009,72,0,65.12532
s0009,73,0,67.52102
s0009,74,0,74.79054
s0009,75,0,80.26995
s0009,76,0,80.021164
s0009,77,0,76.11009
s0009,78,0,81.525826
s0009,79,0,79.99779
s0009,80,0,79.93076
s0009,81,0,78.28045
s0009,82,0,59.586906
s0009,83,0,60.583683
s0009,84,0,70.100105
s0009,85,0,70.16572
s0009,86,0,55.751972
s0009,87,0,61.438034
s0009,88,0,66.13866
s0009,89,0,63.899734
s0009,90,0,63.362045
s0009,91,0,69.56962
s0009,92,0,66.43948
s0009,93,0,66.45501
s0009,94,0,66.03258
s0009,95,0,73.0936
s0010,0,0,48.521877
s0010,1,0,44.921734
s0010,2,0,38.580437
s0010,3,0,48.48135
s0010,4,0,55.66367
s0010,5,0,43.482628
s0010,6,0,50.667877
s0010,7,0,56.682556
s0010,8,0,72.5928
s0010,9,0,56.591576
s0010,10,0,63.195835
s0010,11,0,66.337746
s0010,12,0,70.40581
s0010,13,0,72.01864
s0010,14,0,72.452095
s0010,15,0,66.09155
s0010,16,0,77.18548
s0010,17,0,61.29944
s0010,18,0,67.2645
s0010,19,0,67.30153
s0010,20,0,67.48715
s0010,21,0,67.35338
s0010,22,0,57.888638
s0010,23,0,65.3432
s0010,24,0,71.29438
s0010,25,0,69.01303
s0010,26,0,76.66793
s0010,27,0,64.99481
s0010,28,0,73.27222
s0010,29,0,71.72207
s0010,30,0,58.771416
s0010,31,0,59.014973
s0010,32,0,51.362522
s0010,33,0,48.53823
s0010,34,0,51.943096
s0010,35,0,55.28593
s0010,36,0,62.747993
s0010,37,0,62.60976
s0010,38,0,63.650585
s0010,39,0,59.325005
s0010,40,0,62.090954
s0010,41,0,58.53378
s0010,42,0,40.421093
s0010,43,0,57.947002
s0010,44,0,57.313755
s0010,45,0,47.616867
s0010,46,0,21.560175
s0010,47,0,38.962807
s0010,48,0,49.95118
s0010,49,0,62.65168
s0010,50,0,36.596207
s0010,51,0,56.979332
s0010,52,0,39.715675
s0010,53,0,52.843433
s0010,54,0,61.036053
s0010,55,0,53.06269
s0010,56,0,55.798397
s0010,57,0,61.633205
s0010,58,0,59.203907
s0010,59,0,61.262943
s0010,60,0,60.721363
s0010,61,0,64.44214
s0010,62,0,65.660416
s0010,63,0,71.79837
s0010,64,0,56.020683
s0010,65,0,61.668312
s0010,66,0,72.85285
s0010,67,0,54.53515
s0010,68,0,66.18182
s0010,69,0,75.345825
s0010,70,0,54.453266
s0010,71,0,56.089264
s0010,72,0,65.58463
s0010,73,0,68.16851
s0010,74,0,75.97479
s0010,75,0,80.5129
s0010,76,0,79.344284
s0010,77,0,79.40494
s0010,78,0,74.59506
s0010,79,0,79.168594
s0010,80,0,79.43074
s0010,81,0,79.99337
s0010,82,0,60.56167
s0010,83,0,64.98424
s0010,84,0,72.64104
s0010,85,0,69.38514
s0010,86,0,59.260303
s0010,87,0,53.329605
s0010,88,0,62.646214
s0010,89,0,56.07003
s0010,90,0,53.72171
s0010,91,0,67.09523
s0010,92,0,69.03533
s0010,93,0,63.873634
s0010,94,0,70.2187
s0010,95,0,67.089905
s0011,0,0,56.322277
s0011,1,0,47.465595
s0011,2,0,37.477943
s0011,3,0,54.315243
s0011,4,0,54.218338
s0011,5,0,51.757072
s0011,6,0,45.718166
s0011,7,0,70.08973
s0011,8,0,49.38286
s0011,9,0,59.262722
s0011,10,0,59.67996
s0011,11,0,64.478836
s0011,12,0,64.95145
s0011,13,0,71.48388
s0011,14,0,57.786667
s0011,15,0,64.624466
s0011,16,0,64.01724
s0011,17,0,69.24658
s0011,18,0,64.06172
s0011,19,0,68.40382
s0011,20,0,64.36508
s0011,21,0,66.38418
s0011,22,0,57.200874
s0011,23,0,74.63686
s0011,24,0,57.028996
s0011,25,0,62.023174
s0011,26,0,70.02949
s0011,27,0,68.51284
s0011,28,0,68.47081
s0011,29,0,63.688927
s0011,30,0,62.08424
s0011,31,0,62.617096
s0011,32,0,54.860172
s0011,33,0,54.19917
s0011,34,0,46.168797
s0011,35,0,47.264584
s0011,36,0,44.359467
s0011,37,0,55.84767
s0011,38,0,52.17715
s0011,39,0,58.487164
s0011,40,0,53.119957
s0011,41,0,47.944565
s0011,42,0,28.337597
s0011,43,0,56.811226
s0011,44,0,45.625595
s0011,45,0,53.45317
s0011,46,0,26.274744
s0011,47,0,37.03195
s0011,48,0,47.70232
s0011,49,0,63.35187
s0011,50,0,60.135456
s0011,51,0,51.11807
s0011,52,0,36.010204
s0011,53,0,44.624332
s0011,54,0,64.576744
s0011,55,0,46.329243
s0011,56,0,55.61056
s0011,57,0,66.4851
s0011,58,0,64.286095
s0011,59,0,67.589
s0011,60,0,57.786995
s0011,61,0,57.41994
s0011,62,0,71.45172
s0011,63,0,64.94807
s0011,64,0,66.122246
s0011,65,0,71.45579
s0011,66,0,78.15383
s0011,67,0,69.40169
s0011,68,0,73.201004
s0011,69,0,65.97418
s0011,70,0,61.731827
s0011,71,0,57.675255
s0011,72,0,62.13537
s0011,73,0,71.105835
s0011,74,0,77.7199
s0011,75,0,79.91963
s0011,76,0,79.37894
s0011,77,0,79.81661
s0011,78,0,75.055
s0011,79,0,79.51312
s0011,80,0,79.21506
s0011,81,0,75.58117
s0011,82,0,66.466324
s0011,83,0,63.49731
s0011,84,0,64.97361
s0011,85,0,69.10121
s0011,86,0,57.080383
s0011,87,0,62.271027
s0011,88,0,61.761723
s0011,89,0,67.000175
s0011,90,0,51.948105
s0011,91,0,61.7169
s0011,92,0,66.68756
s0011,93,0,69.7078
s0011,94,0,68.38259
s0011,95,0,70.263756
s0012,0,0,53.587845
s0012,1,0,52.44489
s0012,2,0,45.54603
s0012,3,0,43.052505
s0012,4,0,47.618782
s0012,5,0,56.246662
s0012,6,0,54.233974
s0012,7,0,49.895298
s0012,8,0,59.393982
s0012,9,0,58.52632
s0012,10,0,57.473576
s0012,11,0,64.70397
s0012,12,0,68.649956
s0012,13,0,65.69285
s0012,14,0,64.312874
s0012,15,0,76.44023
s0012,16,0,59.249863
s0012,17,0,67.25929
s0012,18,0,66.33445
s0012,19,0,62.69024
s0012,20,0,68.21323
s0012,21,0,70.04906
s0012,22,0,70.527145
s0012,23,0,69.178314
s0012,24,0,70.74314
s0012,25,0,78.52739
s0012,26,0,80.20962
s0012,27,0,72.67933
s0012,28,0,67.86955
s0012,29,0,71.4458
s0012,30,0,40.493294
s0012,31,0,63.880577
s0012,32,0,57.139545
s0012,33,0,64.42292
s0012,34,0,52.44688
s0012,35,0,55.137394
s0012,36,0,59.39964
s0012,37,0,42.04421
s0012,38,0,47.01467
s0012,39,0,62.284267
s0012,40,0,64.07808
s0012,41,0,56.8035
s0012,42,0,55.122368
s0012,43,0,52.255077
s0012,44,0,64.078964
s0012,45,0,50.01854
s0012,46,0,44.2732
s0012,47,0,54.310265
s0012,48,0,63.473938
s0012,49,0,57.091362
s0012,50,0,45.522636
s0012,51,0,40.94653
s0012,52,0,60.860073
s0012,53,0,47.511044
s0012,54,0,48.482517
s0012,55,0,49.76458
s0012,56,0,66.70262
s0012,57,0,71.3976
s0012,58,0,56.41248
s0012,59,0,61.231476
s0012,60,0,69.36591
s0012,61,0,57.94413
s0012,62,0,68.71841
s0012,63,0,71.207985
s0012,64,0,60.846664
s0012,65,0,52.37259
s0012,66,0,72.253845
s0012,67,0,71.65416
s0012,68,0,65.42773
s0012,69,0,62.92881
s0012,70,0,63.81184
s0012,71,0,74.09964
s0012,72,0,60.546387
s0012,73,0,74.77652
s0012,74,0,76.23335
s0012,75,0,79.53129
s0012,76,0,80.45189
s0012,77,0,79.285675
s0012,78,0,74.40943
s0012,79,0,79.10189
s0012,80,0,79.12204
s0012,81,0,78.00754
s0012,82,0,65.51851
s0012,83,0,67.8268
s0012,84,0,60.24073
s0012,85,0,66.48358
s0012,86,0,71.373436
s0012,87,0,58.75893
s0012,88,0,62.139538
s0012,89,0,65.5348
s0012,90,0,57.60592
s0012,91,0,71.8081
s0012,92,0,68.199356
s0012,93,0,65.58088
s0012,94,0,68.110275
s0012,95,0,66.22791
s0013,0,0,49.194405
s0013,1,0,52.6844
s0013,2,0,47.0648
s0013,3,0,41.337254
s0013,4,0,57.922485
s0013,5,0,54.665424
s0013,6,0,62.640915
s0013,7,0,55.34649
s0013,8,0,53.83369
s0013,9,0,55.286423
s0013,10,0,59.56449
s0013,11,0,63.939903
s0013,12,0,64.2212
s0013,13,0,68.21864
s0013,14,0,63.135147
s0013,15,0,65.702934
s0013,16,0,61.27372
s0013,17,0,74.14766
s0013,18,0,63.27817
s0013,19,0,63.370354
s0013,20,0,69.1496
s0013,21,0,58.13324
s0013,22,0,72.43144
s0013,23,0,67.51714
s0013,24,0,71.40843
s0013,25,0,74.79545
s0013,26,0,70.80385
s0013,27,0,63.85389
s0013,28,0,65.158905
s0013,29,0,63.18442
s0013,30,0,49.76231
s0013,31,0,62.55107
s0013,32,0,58.68058
s0013,33,0,45.4124
s0013,34,0,52.357204
s0013,35,0,48.59072
s0013,36,0,56.780727
s0013,37,0,61.99545
s0013,38,0,66.011375
s0013,39,0,45.971466
s0013,40,0,58.186764
s0013,41,0,54.967
s0013,42,0,42.846558
s0013,43,0,49.93372
s0013,44,0,39.904408
s0013,45,0,45.459095
s0013,46,0,28.599018
s0013,47,0,60.55543
s0013,48,0,55.633057
s0013,49,0,51.825474
s0013,50,0,46.894268
s0013,51,0,43.361057
s0013,52,0,56.387
s0013,53,0,50.65764
s0013,54,0,45.976795
s0013,55,0,63.951515
s0013,56,0,61.828476
s0013,57,0,58.789417
s0013,58,0,53.735035
s0013,59,0,59.3433
s0013,60,0,62.3289
s0013,61,0,67.7741
s0013,62,0,71.23002
s0013,63,0,72.40138
s0013,64,0,64.64701
s0013,65,0,57.35076
s0013,66,0,77.32812
s0013,67,0,59.795555
s0013,68,0,59.91885
s0013,69,0,60.702797
s0013,70,0,55.393272
s0013,71,0,56.4081
s0013,72,0,68.056244
s0013,73,0,61.704273
s0013,74,0,73.76735
s0013,75,0,79.32181
s0013,76,0,79.39644
s0013,77,0,79.842674
s0013,78,0,78.354034
s0013,79,0,79.51494
s0013,80,0,79.47594
s0013,81,0,79.159134
s0013,82,0,68.74955
s0013,83,0,66.02157
s0013,84,0,67.06763
s0013,85,0,72.59773
s0013,86,0,68.087395
s0013,87,0,61.28159
s0013,88,0,63.790325
s0013,89,0,59.727634
s0013,90,0,61.804836
s0013,91,0,64.29855
s0013,92,0,67.03428
s0013,93,0,72.86168
s0013,94,0,64.40341
s0013,95,0,61.748573
s0014,0,0,56.10562
s0014,1,0,55.044147
s0014,2,0,38.493713
s0014,3,0,32.7957
s0014,4,0,55.887653
s0014,5,0,54.01675
s0014,6,0,63.706642
s0014,7,0,47.27488
s0014,8,0,64.89115
s0014,9,0,62.88116
s0014,10,0,56.254272
s0014,11,0,67.37492
s0014,12,0,63.433002
s0014,13,0,66.53189
s0014,14,0,67.9024
s0014,15,0,62.879936
s0014,16,0,67.676445
s0014,17,0,66.1581
s0014,18,0,61.95081
s0014,19,0,65.078064
s0014,20,0,69.227425
s0014,21,0,61.627434
s0014,22,0,69.93681
s0014,23,0,65.611946
s0014,24,0,69.84361
s0014,25,0,63.14675
s0014,26,0,68.84133
s0014,27,0,65.53169
s0014,28,0,76.269
s0014,29,0,65.81557
s0014,30,0,57.029175
s0014,31,0,63.620842
s0014,32,0,59.684685
s0014,33,0,52.58777
s0014,34,0,53.09927
s0014,35,0,49.18759
s0014,36,0,53.750374
s0014,37,0,58.280422
s0014,38,0,67.49816
s0014,39,0,54.510784
s0014,40,0,68.54654
s0014,41,0,68.32577
s0014,42,0,51.67446
s0014,43,0,57.44241
s0014,44,0,48.500793
s0014,45,0,54.686348
s0014,46,0,46.329887
s0014,47,0,38.7915
s0014,48,0,58.2182
s0014,49,0,46.10089
s0014,50,0,44.856
s0014,51,0,44.46771
s0014,52,0,62.238747
s0014,53,0,55.58936
s0014,54,0,45.439438
s0014,55,0,54.46535
s0014,56,0,64.05764
s0014,57,0,65.321655
s0014,58,0,53.379585
s0014,59,0,67.06075
s0014,60,0,60.79567
s0014,61,0,55.88139
s0014,62,0,65.87776
s0014,63,0,69.12018
s0014,64,0,61.45966
s0014,65,0,65.03019
s0014,66,0,67.4226
s0014,67,0,55.295017
s0014,68,0,60.421284
s0014,69,0,65.04796
s0014,70,0,65.20336
s0014,71,0,60.355972
s0014,72,0,65.07234
s0014,73,0,67.50036
s0014,74,0,79.93445
s0014,75,0,79.27581
s0014,76,0,80.55338
s0014,77,0,78.4221
s0014,78,0,75.27417
s0014,79,0,79.373024
s0014,80,0,79.05749
s0014,81,0,79.4954
s0014,82,0,67.95274
s0014,83,0,62.622513
s0014,84,0,65.05819
s0014,85,0,69.08911
s0014,86,0,63.584507
s0014,87,0,59.40675
s0014,88,0,65.72177
s0014,89,0,65.27758
s0014,90,0,54.935444
s0014,91,0,72.19661
s0014,92,0,64.836426
s0014,93,0,71.14888
s0014,94,0,67.06088
s0014,95,0,75.70233
s0015,0,0,64.480446
s0015,1,0,42.929253
s0015,2,0,43.52745
s0015,3,0,57.43932
s0015,4,0,47.185654
s0015,5,0,53.95136
s0015,6,0,55.041153
s0015,7,0,55.142838
s0015,8,0,57.943943
s0015,9,0,66.40791
s0015,10,0,53.36268
s0015,11,0,67.7982
s0015,12,0,70.37846
s0015,13,0,64.60302
s0015,14,0,60.812046
s0015,15,0,68.082756
s0015,16,0,58.907604
s0015,17,0,76.33628
s0015,18,0,69.79867
s0015,19,0,70.50807
s0015,20,0,70.049576
s0015,21,0,61.234535
s0015,22,0,65.02789
s0015,23,0,70.52648
s0015,24,0,72.339264
s0015,25,0,71.27108
s0015,26,0,64.5686
s0015,27,0,69.81782
s0015,28,0,68.91814
s0015,29,0,66.852585
s0015,30,0,61.50919
s0015,31,0,63.379574
s0015,32,0,66.4384
s0015,33,0,46.9374
s0015,34,0,47.62314
s0015,35,0,60.201576
s0015,36,0,69.65299
s0015,37,0,55.65572
s0015,38,0,45.17111
s0015,39,0,46.98919
s0015,40,0,66.72351
s0015,41,0,53.985104
s0015,42,0,36.837337
s0015,43,0,50.569717
s0015,44,0,38.851574
s0015,45,0,46.77829
s0015,46,0,38.362053
s0015,47,0,42.53583
s0015,48,0,62.366165
s0015,49,0,44.185898
s0015,50,0,39.42865
s0015,51,0,45.69611
s0015,52,0,61.005966
s0015,53,0,68.237495
s0015,54,0,49.675312
s0015,55,0,66.99575
s0015,56,0,59.53772
s0015,57,0,60.207077
s0015,58,0,52.751354
s0015,59,0,63.905594
s0015,60,0,59.86645
s0015,61,0,61.9023
s0015,62,0,66.76563
s0015,63,0,67.7362
s0015,64,0,68.41521
s0015,65,0,61.356964
s0015,66,0,71.604294
s0015,67,0,56.35314
s0015,68,0,58.68542
s0015,69,0,65.384575
s0015,70,0,58.550987
s0015,71,0,51.884884
s0015,72,0,64.227356
s0015,73,0,74.44588
s0015,74,0,74.89126
s0015,75,0,78.3096
s0015,76,0,79.34884
s0015,77,0,78.97747
s0015,78,0,73.33641
s0015,79,0,79.80965
s0015,80,0,79.22521
s0015,81,0,79.36395
s0015,82,0,61.07454
s0015,83,0,63.786266
s0015,84,0,68.23362
s0015,85,0,67.27179
s0015,86,0,67.0186
s0015,87,0,58.72039
s0015,88,0,70.71229
s0015,89,0,58.791615
s0015,90,0,46.29386
s0015,91,0,66.98327
s0015,92,0,67.23405
s0015,93,0,62.292797
s0015,94,0,66.76645
s0015,95,0,66.351006
s0016,0,0,62.6969
s0016,1,0,47.357227
s0016,2,0,46.974842
s0016,3,0,42.484814
s0016,4,0,58.038967
s0016,5,0,56.554886
s0016,6,0,55.4012
s0016,7,0,58.25783
s0016,8,0,65.52417
s0016,9,0,57.4875
s0016,10,0,57.33565
s0016,11,0,66.55998
s0016,12,0,70.201866
s0016,13,0,72.232834
s0016,14,0,64.845345
s0016,15,0,64.62013
s0016,16,0,66.96364
s0016,17,0,65.8527
s0016,18,0,57.726334
s0016,19,0,66.10967
s0016,20,0,71.64488
s0016,21,0,71.42543
s0016,22,0,64.182175
s0016,23,0,62.137154
s0016,24,0,71.32055
s0016,25,0,69.5205
s0016,26,0,68.80846
s0016,27,0,63.31321
s0016,28,0,68.97705
s0016,29,0,73.65763
s0016,30,0,55.530792
s0016,31,0,67.72391
s0016,32,0,58.116673
s0016,33,0,56.916813
s0016,34,0,53.195374
s0016,35,0,49.36653
s0016,36,0,62.482258
s0016,37,0,54.334038
s0016,38,0,57.788498
s0016,39,0,42.56565
s0016,40,0,42.120987
s0016,41,0,58.794838
s0016,42,0,37.406963
s0016,43,0,45.14614
s0016,44,0,44.264942
s0016,45,0,49.401917
s0016,46,0,58.26547
s0016,47,0,28.764671
s0016,48,0,45.714447
s0016,49,0,39.1517
s0016,50,0,57.808155
s0016,51,0,38.086433
s0016,52,0,57.688103
s0016,53,0,52.808025
s0016,54,0,51.015373
s0016,55,0,68.71399
s0016,56,0,67.40714
s0016,57,0,59.910378
s0016,58,0,59.843193
s0016,59,0,64.2719
s0016,60,0,54.575077
s0016,61,0,61.09437
s0016,62,0,75.760445
s0016,63,0,72.419876
s0016,64,0,77.25334
s0016,65,0,69.48677
s0016,66,0,72.53755
s0016,67,0,67.09485
s0016,68,0,68.39892
s0016,69,0,60.464252
s0016,70,0,62.21013
s0016,71,0,53.106888
s0016,72,0,60.85965
s0016,73,0,71.13696
s0016,74,0,78.775215
s0016,75,0,80.25025
s0016,76,0,78.90031
s0016,77,0,79.84178
s0016,78,0,80.58621
s0016,79,0,78.63748
s0016,80,0,79.31047
s0016,81,0,79.635956
s0016,82,0,60.758457
s0016,83,0,63.388878
s0016,84,0,71.21583
s0016,85,0,75.343376
s0016,86,0,62.627804
s0016,87,0,64.42212
s0016,88,0,63.178772
s0016,89,0,65.0617
s0016,90,0,46.729996
s0016,91,0,74.59679
s0016,92,0,67.099174
s0016,93,0,71.02604
s0016,94,0,70.94884
s0016,95,0,71.86093
s0017,0,0,55.3696
s0017,1,0,53.239773
s0017,2,0,52.862423
s0017,3,0,45.647232
s0017,4,0,57.22987
s0017,5,0,56.49801
s0017,6,0,45.52804
s0017,7,0,57.15252
s0017,8,0,59.429913
s0017,9,0,64.806694
s0017,10,0,67.86036
s0017,11,0,67.881226
s0017,12,0,66.42871
s0017,13,0,65.97814
s0017,14,0,69.532326
s0017,15,0,56.619617
s0017,16,0,66.426895
s0017,17,0,69.51289
s0017,18,0,64.11939
s0017,19,0,58.39364
s0017,20,0,67.11251
s0017,21,0,70.93476
s0017,22,0,67.039314
s0017,23,0,74.04372
s0017,24,0,69.85257
s0017,25,0,62.652004
s0017,26,0,72.16816
s0017,27,0,58.576218
s0017,28,0,61.412292
s0017,29,0,67.07739
s0017,30,0,62.147533
s0017,31,0,59.090206
s0017,32,0,62.377274
s0017,33,0,51.548206
s0017,34,0,51.518017
s0017,35,0,59.041977
s0017,36,0,62.539993
s0017,37,0,62.71184
s0017,38,0,59.58551
s0017,39,0,49.727215
s0017,40,0,75.85066
s0017,41,0,68.06755
s0017,42,0,64.91232
s0017,43,0,32.36397
s0017,44,0,31.694916
s0017,45,0,56.556202
s0017,46,0,40.94895
s0017,47,0,50.000454
s0017,48,0,49.61091
s0017,49,0,60.706104
s0017,50,0,49.76684
s0017,51,0,42.6764
s0017,52,0,61.42282
s0017,53,0,53.002865
s0017,54,0,37.290077
s0017,55,0,58.556763
s0017,56,0,53.22888
s0017,57,0,68.45821
s0017,58,0,50.579216
s0017,59,0,67.47059
s0017,60,0,62.726707
s0017,61,0,70.981995
s0017,62,0,68.636955
s0017,63,0,74.19948
s0017,64,0,59.99722
s0017,65,0,67.47536
s0017,66,0,73.541435
s0017,67,0,71.6411
s0017,68,0,67.087296
s0017,69,0,72.31738
s0017,70,0,63.067303
s0017,71,0,64.174065
s0017,72,0,69.36994
s0017,73,0,75.10927
s0017,74,0,77.27911
s0017,75,0,79.49755
s0017,76,0,80.04443
s0017,77,0,80.467285
s0017,78,0,79.80989
s0017,79,0,80.67108
s0017,80,0,79.49301
s0017,81,0,78.69967
s0017,82,0,75.001816
s0017,83,0,64.68656
s0017,84,0,72.88184
s0017,85,0,74.6404
s0017,86,0,72.222946
s0017,87,0,76.84357
s0017,88,0,62.22987
s0017,89,0,66.484344
s0017,90,0,52.27357
s0017,91,0,69.80331
s0017,92,0,67.83782
s0017,93,0,70.85526
s0017,94,0,60.679348
s0017,95,0,62.699142
s0018,0,0,58.47891
s0018,1,0,44.598576
s0018,2,0,51.37821
s0018,3,0,60.025658
s0018,4,0,54.513157
s0018,5,0,52.73037
s0018,6,0,54.672165
s0018,7,0,52.47358
s0018,8,0,63.924942
s0018,9,0,66.61866
s0018,10,0,58.684
s0018,11,0,72.94565
s0018,12,0,73.481064
s0018,13,0,70.00744
s0018,14,0,69.580444
s0018,15,0,71.16618
s0018,16,0,59.636467
s0018,17,0,56.798016
s0018,18,0,76.77393
s0018,19,0,68.2858
s0018,20,0,65.54335
s0018,21,0,70.15108
s0018,22,0,61.886127
s0018,23,0,71.99146
s0018,24,0,68.35515
s0018,25,0,66.77427
s0018,26,0,71.87757
s0018,27,0,70.14591
s0018,28,0,65.043144
s0018,29,0,70.176384
s0018,30,0,62.765766
s0018,31,0,61.869884
s0018,32,0,59.780045
s0018,33,0,56.969296
s0018,34,0,48.86221
s0018,35,0,54.501286
s0018,36,0,48.256233
s0018,37,0,55.08571
s0018,38,0,47.225143
s0018,39,0,51.576897
s0018,40,0,59.439995
s0018,41,0,55.13033
s0018,42,0,28.729492
s0018,43,0,43.787346
s0018,44,0,47.927063
s0018,45,0,38.006725
s0018,46,0,43.47724
s0018,47,0,38.21483
s0018,48,0,57.000072
s0018,49,0,57.247173
s0018,50,0,46.386917
s0018,51,0,55.717316
s0018,52,0,51.002148
s0018,53,0,50.299126
s0018,54,0,62.5558
s0018,55,0,50.785408
s0018,56,0,53.638893
s0018,57,0,62.00907
s0018,58,0,55.00138
s0018,59,0,67.45689
s0018,60,0,57.48301
s0018,61,0,59.520615
s0018,62,0,66.6992
s0018,63,0,73.38985
s0018,64,0,66.05095
s0018,65,0,65.861115
s0018,66,0,74.303986
s0018,67,0,64.32952
s0018,68,0,63.477222
s0018,69,0,63.08175
s0018,70,0,58.390507
s0018,71,0,44.939846
s0018,72,0,57.192516
s0018,73,0,71.871704
s0018,74,0,77.747574
s0018,75,0,79.91311
s0018,76,0,79.79475
s0018,77,0,79.56271
s0018,78,0,75.7109
s0018,79,0,79.862434
s0018,80,0,79.52461
s0018,81,0,78.49015
s0018,82,0,67.817345
s0018,83,0,67.03493
s0018,84,0,69.44291
s0018,85,0,74.302704
s0018,86,0,71.94748
s0018,87,0,59.805515
s0018,88,0,76.50299
s0018,89,0,63.220993
s0018,90,0,59.36312
s0018,91,0,65.20535
s0018,92,0,64.75304
s0018,93,0,62.409245
s0018,94,0,70.078606
s0018,95,0,69.04975
s0019,0,0,55.656784
s0019,1,0,44.938297
s0019,2,0,43.599754
s0019,3,0,44.148323
s0019,4,0,42.351383
s0019,5,0,53.35245
s0019,6,0,43.43455
s0019,7,0,55.715862
s0019,8,0,64.51508
s0019,9,0,60.90621
s0019,10,0,58.106728
s0019,11,0,69.36005
s0019,12,0,65.30496
s0019,13,0,71.00023
s0019,14,0,57.66805
s0019,15,0,65.58799
s0019,16,0,67.61613
s0019,17,0,57.782673
s0019,18,0,59.519676
s0019,19,0,60.917603
s0019,20,0,64.220345
s0019,21,0,71.27623
s0019,22,0,46.9488
s0019,23,0,69.216354
s0019,24,0,73.1238
s0019,25,0,75.63933
s0019,26,0,69.49633
s0019,27,0,69.43167
s0019,28,0,77.35975
s0019,29,0,60.129345
s0019,30,0,58.70907
s0019,31,0,62.769833
s0019,32,0,61.478146
s0019,33,0,52.656208
s0019,34,0,50.868584
s0019,35,0,56.194305
s0019,36,0,54.755352
s0019,37,0,56.631886
s0019,38,0,64.98334
s0019,39,0,57.16022
s0019,40,0,77.13431
s0019,41,0,63.376507
s0019,42,0,49.198524
s0019,43,0,31.93468
s0019,44,0,49.239426
s0019,45,0,52.05942
s0019,46,0,31.401464
s0019,47,0,61.232216
s0019,48,0,44.59934
s0019,49,0,41.844067
s0019,50,0,45.30466
s0019,51,0,63.21023
s0019,52,0,60.30824
s0019,53,0,40.97154
s0019,54,0,49.6928
s0019,55,0,60.06015
s0019,56,0,63.105106
s0019,57,0,64.91147
s0019,58,0,60.303337
s0019,59,0,70.73973
s0019,60,0,59.31391
s0019,61,0,49.82722
s0019,62,0,77.42328
s0019,63,0,74.551094
s0019,64,0,64.28968
s0019,65,0,56.577335
s0019,66,0,74.01912
s0019,67,0,51.698006
s0019,68,0,69.10877
s0019,69,0,66.77886
s0019,70,0,63.15686
s0019,71,0,62.496964
s0019,72,0,64.61519
s0019,73,0,62.841236
s0019,74,0,77.0378
s0019,75,0,78.55857
s0019,76,0,79.94966
s0019,77,0,80.41651
s0019,78,0,79.28248
s0019,79,0,78.89864
s0019,80,0,78.779175
s0019,81,0,76.70128
s0019,82,0,61.629124
s0019,83,0,63.61188
s0019,84,0,65.946045
s0019,85,0,67.674835
s0019,86,0,62.519855
s0019,87,0,70.2279
s0019,88,0,55.13566
s0019,89,0,56.573483
s0019,90,0,50.471474
s0019,91,0,69.004074
s0019,92,0,73.81598
s0019,93,0,68.89249
s0019,94,0,70.384865
s0019,95,0,65.392426
s0020,0,0,51.435677
s0020,1,0,40.906013
s0020,2,0,45.69856
s0020,3,0,47.880318
s0020,4,0,47.594574
s0020,5,0,47.69648
s0020,6,0,53.54711
s0020,7,0,44.687798
s0020,8,0,56.098137
s0020,9,0,57.807446
s0020,10,0,64.81353
s0020,11,0,65.508064
s0020,12,0,61.30351
s0020,13,0,60.673016
s0020,14,0,60.24233
s0020,15,0,56.88426
s0020,16,0,68.3546
s0020,17,0,64.21394
s0020,18,0,70.27976
s0020,19,0,66.76929
s0020,20,0,68.097496
s0020,21,0,64.93972
s0020,22,0,66.69923
s0020,23,0,66.50128
s0020,24,0,75.50806
s0020,25,0,69.922066
s0020,26,0,63.21622
s0020,27,0,70.06294
s0020,28,0,75.84995
s0020,29,0,60.824787
s0020,30,0,53.866695
s0020,31,0,61.89882
s0020,32,0,60.66698
s0020,33,0,52.312737
s0020,34,0,54.03596
s0020,35,0,52.633892
s0020,36,0,59.735584
s0020,37,0,64.20794
s0020,38,0,56.395363
s0020,39,0,49.59752
s0020,40,0,60.036865
s0020,41,0,55.97974
s0020,42,0,40.51896
s0020,43,0,63.852497
s0020,44,0,45.95938
s0020,45,0,39.53085
s0020,46,0,54.864227
s0020,47,0,54.785473
s0020,48,0,60.152218
s0020,49,0,53.800762
s0020,50,0,47.855717
s0020,51,0,51.035316
s0020,52,0,28.585459
s0020,53,0,52.984783
s0020,54,0,57.802593
s0020,55,0,55.646194
s0020,56,0,56.03018
s0020,57,0,53.45455
s0020,58,0,62.234173
s0020,59,0,62.027714
s0020,60,0,60.988297
s0020,61,0,57.865814
s0020,62,0,66.76848
s0020,63,0,70.409775
s0020,64,0,59.186092
s0020,65,0,61.8339
s0020,66,0,67.47476
s0020,67,0,61.985508
s0020,68,0,59.196598
s0020,69,0,66.61713
s0020,70,0,58.68628
s0020,71,0,62.189262
s0020,72,0,56.842205
s0020,73,0,72.47381
s0020,74,0,75.761665
s0020,75,0,78.849686
s0020,76,0,83.55608
s0020,77,0,79.51898
s0020,78,0,76.270584
s0020,79,0,79.352234
s0020,80,0,79.56625
s0020,81,0,80.591774
s0020,82,0,68.67408
s0020,83,0,66.10162
s0020,84,0,70.24753
s0020,85,0,72.76269
s0020,86,0,68.950195
s0020,87,0,59.6612
s0020,88,0,59.730297
s0020,89,0,61.997818
s0020,90,0,56.49553
s0020,91,0,73.09534
s0020,92,0,74.40178
s0020,93,0,66.61819
s0020,94,0,76.87618
s0020,95,0,58.339622
s0021,0,0,56.46139
s0021,1,0,41.63053
s0021,2,0,39.24096
s0021,3,0,48.554077
s0021,4,0,56.165634
s0021,5,0,57.167667
s0021,6,0,46.045605
s0021,7,0,56.42806
s0021,8,0,62.04913
s0021,9,0,57.111885
s0021,10,0,56.20327
s0021,11,0,66.424446
s0021,12,0,73.88085
s0021,13,0,71.1964
s0021,14,0,66.06354
s0021,15,0,73.451035
s0021,16,0,68.51063
s0021,17,0,59.481228
s0021,18,0,71.44465
s0021,19,0,64.92848
s0021,20,0,72.42268
s0021,21,0,54.896255
s0021,22,0,65.596596
s0021,23,0,69.90228
s0021,24,0,65.94875
s0021,25,0,65.05108
s0021,26,0,69.92257
s0021,27,0,62.36885
s0021,28,0,71.69041
s0021,29,0,74.93914
s0021,30,0,51.72122
s0021,31,0,57.143406
s0021,32,0,64.101944
s0021,33,0,44.9667
s0021,34,0,63.811737
s0021,35,0,51.175846
s0021,36,0,43.39324
s0021,37,0,40.07489
s0021,38,0,53.793358
s0021,39,0,53.70071
s0021,40,0,61.818356
s0021,41,0,36.38045
s0021,42,0,40.26191
s0021,43,0,51.29778
s0021,44,0,58.319893
s0021,45,0,71.024796
s0021,46,0,51.900497
s0021,47,0,60.29083
s0021,48,0,51.99981
s0021,49,0,44.269024
s0021,50,0,52.577183
s0021,51,0,26.798136
s0021,52,0,44.054592
s0021,53,0,55.980324
s0021,54,0,53.66488
s0021,55,0,58.405014
s0021,56,0,47.818073
s0021,57,0,53.940308
s0021,58,0,59.93989
s0021,59,0,70.66885
s0021,60,0,65.17684
s0021,61,0,61.79129
s0021,62,0,73.075806
s0021,63,0,70.50524
s0021,64,0,74.58534
s0021,65,0,64.387856
s0021,66,0,69.891716
s0021,67,0,66.41117
s0021,68,0,62.29153
s0021,69,0,69.60989
s0021,70,0,57.258926
s0021,71,0,62.78839
s0021,72,0,62.530685
s0021,73,0,62.223553
s0021,74,0,78.55029
s0021,75,0,79.25995
s0021,76,0,79.74708
s0021,77,0,79.97975
s0021,78,0,77.35078
s0021,79,0,80.67796
s0021,80,0,79.71359
s0021,81,0,77.749886
s0021,82,0,69.389694
s0021,83,0,65.886345
s0021,84,0,71.78173
s0021,85,0,72.55103
s0021,86,0,63.761223
s0021,87,0,59.189262
s0021,88,0,65.807045
s0021,89,0,53.785866
s0021,90,0,57.55995
s0021,91,0,68.65264
s0021,92,0,67.785126
s0021,93,0,69.07148
s0021,94,0,67.48629
s0021,95,0,74.180176
s0022,0,0,57.466263
s0022,1,0,47.001694
s0022,2,0,45.229656
s0022,3,0,44.242214
s0022,4,0,60.87233
s0022,5,0,54.164806
s0022,6,0,53.694695
s0022,7,0,56.02213
s0022,8,0,63.33172
s0022,9,0,54.488255
s0022,10,0,49.792194
s0022,11,0,71.21564
s0022,12,0,63.15898
s0022,13,0,68.26636
s0022,14,0,61.050007
s0022,15,0,65.202515
s0022,16,0,68.48388
s0022,17,0,71.876205
s0022,18,0,67.64266
s0022,19,0,65.670006
s0022,20,0,71.685905
s0022,21,0,61.88763
s0022,22,0,64.98837
s0022,23,0,73.75608
s0022,24,0,61.812233
s0022,25,0,72.880135
s0022,26,0,73.18719
s0022,27,0,54.617916
s0022,28,0,69.18884
s0022,29,0,64.30415
s0022,30,0,61.274685
s0022,31,0,45.558567
s0022,32,0,69.33888
s0022,33,0,56.67995
s0022,34,0,55.115562
s0022,35,0,49.126896
s0022,36,0,47.928337
s0022,37,0,50.32409
s0022,38,0,50.99332
s0022,39,0,55.043896
s0022,40,0,70.12382
s0022,41,0,58.09945
s0022,42,0,45.16891
s0022,43,0,53.379665
s0022,44,0,60.65097
s0022,45,0,67.92788
s0022,46,0,37.53214
s0022,47,0,64.742645
s0022,48,0,40.345234
s0022,49,0,51.855907
s0022,50,0,48.05982
s0022,51,0,56.86649
s0022,52,0,48.7432
s0022,53,0,57.648026
s0022,54,0,49.585773
s0022,55,0,43.928852
s0022,56,0,48.245754
s0022,57,0,58.809277
s0022,58,0,56.668087
s0022,59,0,55.615402
s0022,60,0,65.04831
s0022,61,0,66.12194
s0022,62,0,68.94846
s0022,63,0,75.91705
s0022,64,0,65.927956
s0022,65,0,68.320366
s0022,66,0,64.2918
s0022,67,0,71.21893
s0022,68,0,56.202736
s0022,69,0,64.89849
s0022,70,0,48.17467
s0022,71,0,65.33771
s0022,72,0,60.436943
s0022,73,0,62.495037
s0022,74,0,77.00529
s0022,75,0,78.76379
s0022,76,0,79.579834
s0022,77,0,80.14042
s0022,78,0,75.6546
s0022,79,0,78.7018
s0022,80,0,79.61392
s0022,81,0,77.90471
s0022,82,0,58.626072
s0022,83,0,61.177017
s0022,84,0,68.71592
s0022,85,0,65.96685
s0022,86,0,45.119545
s0022,87,0,64.514496
s0022,88,0,63.260223
s0022,89,0,69.675385
s0022,90,0,59.51216
s0022,91,0,73.53883
s0022,92,0,72.939865
s0022,93,0,71.56666
s0022,94,0,72.660965
s0022,95,0,64.202774
s0023,0,0,48.997517
s0023,1,0,60.066517
s0023,2,0,53.930237
s0023,3,0,53.20169
s0023,4,0,30.749456
s0023,5,0,50.843666
s0023,6,0,53.76687
s0023,7,0,63.868103
s0023,8,0,57.036346
s0023,9,0,64.77771
s0023,10,0,65.670235
s0023,11,0,65.15938
s0023,12,0,65.22515
s0023,13,0,66.2442
s0023,14,0,64.428055
s0023,15,0,68.16429
s0023,16,0,65.606674
s0023,17,0,65.53877
s0023,18,0,65.99772
s0023,19,0,61.998714
s0023,20,0,66.84007
s0023,21,0,65.837494
s0023,22,0,66.277504
s0023,23,0,68.01098
s0023,24,0,76.07979
s0023,25,0,78.18975
s0023,26,0,67.64946
s0023,27,0,69.3221
s0023,28,0,66.48915
s0023,29,0,70.44398
s0023,30,0,56.216515
s0023,31,0,67.5702
s0023,32,0,62.6303
s0023,33,0,50.648308
s0023,34,0,52.56571
s0023,35,0,50.8164
s0023,36,0,60.985798
s0023,37,0,63.685432
s0023,38,0,52.706844
s0023,39,0,61.264923
s0023,40,0,73.760124
s0023,41,0,48.32367
s0023,42,0,43.160168
s0023,43,0,48.31602
s0023,44,0,32.580463
s0023,45,0,57.469357
s0023,46,0,59.827744
s0023,47,0,54.134315
s0023,48,0,58.825504
s0023,49,0,46.82153
s0023,50,0,53.412357
s0023,51,0,60.44939
s0023,52,0,63.678963
s0023,53,0,37.339718
s0023,54,0,55.032562
s0023,55,0,49.234665
s0023,56,0,61.36109
s0023,57,0,65.740135
s0023,58,0,53.853703
s0023,59,0,61.749813
s0023,60,0,64.643394
s0023,61,0,62.213497
s0023,62,0,74.42105
s0023,63,0,79.32917
s0023,64,0,68.74618
s0023,65,0,67.22015
s0023,66,0,68.43917
s0023,67,0,66.23423
s0023,68,0,70.06792
s0023,69,0,62.56978
s0023,70,0,56.355812
s0023,71,0,58.372032
s0023,72,0,55.422695
s0023,73,0,73.27759
s0023,74,0,75.92104
s0023,75,0,79.95216
s0023,76,0,78.80941
s0023,77,0,79.81594
s0023,78,0,76.36373
s0023,79,0,79.44453
s0023,80,0,79.44314
s0023,81,0,79.6292
s0023,82,0,65.40433
s0023,83,0,74.41422
s0023,84,0,74.238556
s0023,85,0,77.646904
s0023,86,0,64.33263
s0023,87,0,65.43527
s0023,88,0,69.14096
s0023,89,0,67.69713
s0023,90,0,54.01863
s0023,91,0,68.205605
s0023,92,0,63.0433
s0023,93,0,66.92037
s0023,94,0,66.271645
s0023,95,0,67.694305
s0024,0,0,55.49942
s0024,1,0,43.592297
s0024,2,0,49.58864
s0024,3,0,48.40181
s0024,4,0,45.744022
s0024,5,0,58.905144
s0024,6,0,54.607273
s0024,7,0,61.22813
s0024,8,0,62.441853
s0024,9,0,61.092297
s0024,10,0,55.050846
s0024,11,0,65.58776
s0024,12,0,65.82944
s0024,13,0,76.02146
s0024,14,0,66.893486
s0024,15,0,71.41606
s0024,16,0,73.60389
s0024,17,0,71.054016
s0024,18,0,61.008263
s0024,19,0,68.05749
s0024,20,0,68.243675
s0024,21,0,58.196003
s0024,22,0,67.229485
s0024,23,0,67.68852
s0024,24,0,71.20715
s0024,25,0,65.025375
s0024,26,0,67.66169
s0024,27,0,66.36472
s0024,28,0,70.44385
s0024,29,0,77.91894
s0024,30,0,61.009705
s0024,31,0,67.493195
s0024,32,0,64.81222
s0024,33,0,52.021297
s0024,34,0,49.263706
s0024,35,0,57.308468
s0024,36,0,58.115913
s0024,37,0,58.198338
s0024,38,0,53.119156
s0024,39,0,43.11296
s0024,40,0,58.94619
s0024,41,0,53.559566
s0024,42,0,52.10824
s0024,43,0,37.096146
s0024,44,0,46.636963
s0024,45,0,56.78322
s0024,46,0,21.21067
s0024,47,0,41.795742
s0024,48,0,54.45023
s0024,49,0,51.38347
s0024,50,0,51.165897
s0024,51,0,49.528645
s0024,52,0,52.962463
s0024,53,0,51.526783
s0024,54,0,53.425453
s0024,55,0,53.313072
s0024,56,0,54.3969
s0024,57,0,61.539806
s0024,58,0,53.39755
s0024,59,0,65.49748
s0024,60,0,65.55681
s0024,61,0,65.563675
s0024,62,0,71.136765
s0024,63,0,63.752323
s0024,64,0,70.77644
s0024,65,0,69.64041
s0024,66,0,68.81456
s0024,67,0,62.393116
s0024,68,0,72.64461
s0024,69,0,58.730957
s0024,70,0,57.574825
s0024,71,0,64.27295
s0024,72,0,54.896538
s0024,73,0,67.90118
s0024,74,0,76.49266
s0024,75,0,79.60573
s0024,76,0,78.76251
s0024,77,0,79.77271
s0024,78,0,77.94631
s0024,79,0,78.50667
s0024,80,0,79.10116
s0024,81,0,77.70712
s0024,82,0,67.70613
s0024,83,0,69.295265
s0024,84,0,67.57036
s0024,85,0,73.94194
s0024,86,0,63.65799
s0024,87,0,52.49651
s0024,88,0,64.33024
s0024,89,0,61.643948
s0024,90,0,57.282116
s0024,91,0,65.10198
s0024,92,0,65.53242
s0024,93,0,69.20964
s0024,94,0,65.958275
s0024,95,0,64.52434
s0025,0,0,53.884094
s0025,1,0,45.63714
s0025,2,0,42.000572
s0025,3,0,47.75369
s0025,4,0,57.25408
s0025,5,0,52.868946
s0025,6,0,56.71443
s0025,7,0,53.184593
s0025,8,0,58.27227
s0025,9,0,70.781395
s0025,10,0,56.016247
s0025,11,0,70.15787
s0025,12,0,64.07277
s0025,13,0,62.30847
s0025,14,0,68.696976
s0025,15,0,62.12978
s0025,16,0,71.25465
s0025,17,0,63.858776
s0025,18,0,65.909935
s0025,19,0,76.23462
s0025,20,0,69.94695
s0025,21,0,64.91119
s0025,22,0,73.46769
s0025,23,0,67.464615
s0025,24,0,69.57092
s0025,25,0,73.414246
s0025,26,0,69.01262
s0025,27,0,68.93801
s0025,28,0,73.97684
s0025,29,0,73.30176
s0025,30,0,64.134674
s0025,31,0,67.08208
s0025,32,0,62.890396
s0025,33,0,58.045338
s0025,34,0,53.273422
s0025,35,0,56.605595
s0025,36,0,57.519463
s0025,37,0,59.281013
s0025,38,0,60.461357
s0025,39,0,48.1589
s0025,40,0,69.25229
s0025,41,0,58.766865
s0025,42,0,51.17051
s0025,43,0,49.567932
s0025,44,0,51.36656
s0025,45,0,67.08913
s0025,46,0,37.066208
s0025,47,0,24.61036
s0025,48,0,59.38002
s0025,49,0,54.671185
s0025,50,0,44.840717
s0025,51,0,40.7428
s0025,52,0,43.31866
s0025,53,0,51.995907
s0025,54,0,52.548313
s0025,55,0,63.882603
s0025,56,0,60.074146
s0025,57,0,60.794464
s0025,58,0,54.508274
s0025,59,0,69.355576
s0025,60,0,61.851658
s0025,61,0,53.396126
s0025,62,0,76.6278
s0025,63,0,75.393036
s0025,64,0,72.54868
s0025,65,0,62.59087
s0025,66,0,67.58192
s0025,67,0,61.28895
s0025,68,0,70.504105
s0025,69,0,65.273926
s0025,70,0,61.24563
s0025,71,0,61.703014
s0025,72,0,52.916725
s0025,73,0,76.8325
s0025,74,0,72.45155
s0025,75,0,79.29619
s0025,76,0,78.785965
s0025,77,0,79.70044
s0025,78,0,79.091156
s0025,79,0,79.67106
s0025,80,0,80.38059
s0025,81,0,77.52693
s0025,82,0,65.53074
s0025,83,0,62.039078
s0025,84,0,67.73782
s0025,85,0,74.12787
s0025,86,0,67.286156
s0025,87,0,61.918407
s0025,88,0,63.514713
s0025,89,0,58.054817
s0025,90,0,57.80069
s0025,91,0,66.41422
s0025,92,0,69.99395
s0025,93,0,69.713
s0025,94,0,62.466183
s0025,95,0,73.4215
s0026,0,0,54.36117
s0026,1,0,51.543884
s0026,2,0,35.69159
s0026,3,0,52.214806
s0026,4,0,41.5306
s0026,5,0,56.30684
s0026,6,0,54.938812
s0026,7,0,56.98242
s0026,8,0,63.88626
s0026,9,0,52.6471
s0026,10,0,63.227535
s0026,11,0,69.429695
s0026,12,0,70.77255
s0026,13,0,66.88204
s0026,14,0,64.72171
s0026,15,0,64.751495
s0026,16,0,65.79782
s0026,17,0,69.476746
s0026,18,0,66.79394
s0026,19,0,54.6463
s0026,20,0,68.2484
s0026,21,0,61.716106
s0026,22,0,69.1626
s0026,23,0,68.49692
s0026,24,0,72.39765
s0026,25,0,67.005775
s0026,26,0,70.144226
s0026,27,0,60.237133
s0026,28,0,72.78611
s0026,29,0,65.373604
s0026,30,0,55.780785
s0026,31,0,60.624016
s0026,32,0,54.946888
s0026,33,0,54.975956
s0026,34,0,50.72865
s0026,35,0,60.846577
s0026,36,0,55.6187
s0026,37,0,50.296604
s0026,38,0,59.930664
s0026,39,0,53.02136
s0026,40,0,61.124523
s0026,41,0,45.158794
s0026,42,0,49.96771
s0026,43,0,51.59375
s0026,44,0,45.983864
s0026,45,0,59.3318
s0026,46,0,45.49383
s0026,47,0,43.239136
s0026,48,0,55.678032
s0026,49,0,41.809437
s0026,50,0,48.08532
s0026,51,0,66.49847
s0026,52,0,58.861626
s0026,53,0,56.01326
s0026,54,0,50.693867
s0026,55,0,41.356014
s0026,56,0,54.06052
s0026,57,0,61.813942
s0026,58,0,50.919914
s0026,59,0,62.17107
s0026,60,0,76.01078
s0026,61,0,61.409195
s0026,62,0,74.15038
s0026,63,0,67.67962
s0026,64,0,70.14865
s0026,65,0,61.723907
s0026,66,0,73.02296
s0026,67,0,62.252834
s0026,68,0,69.36377
s0026,69,0,73.18593
s0026,70,0,57.452663
s0026,71,0,69.91834
s0026,72,0,55.351707
s0026,73,0,71.394295
s0026,74,0,74.70685
s0026,75,0,79.06497
s0026,76,0,80.16134
s0026,77,0,79.35058
s0026,78,0,77.71351
s0026,79,0,79.61828
s0026,80,0,78.53791
s0026,81,0,77.49367
s0026,82,0,65.60211
s0026,83,0,72.82875
s0026,84,0,66.40245
s0026,85,0,75.57126
s0026,86,0,67.42966
s0026,87,0,57.155235
s0026,88,0,61.29924
s0026,89,0,59.46264
s0026,90,0,57.8968
s0026,91,0,65.04909
s0026,92,0,69.48728
s0026,93,0,68.5256
s0026,94,0,71.81674
s0026,95,0,64.39283
s0027,0,0,53.50624
s0027,1,0,40.610153
s0027,2,0,47.881153
s0027,3,0,38.624523
s0027,4,0,50.654594
s0027,5,0,55.305256
s0027,6,0,52.99982
s0027,7,0,47.908554
s0027,8,0,63.846607
s0027,9,0,60.40889
s0027,10,0,64.241196
s0027,11,0,77.298775
s0027,12,0,73.341194
s0027,13,0,66.267715
s0027,14,0,64.43103
s0027,15,0,60.40559
s0027,16,0,70.07682
s0027,17,0,70.14789
s0027,18,0,60.258743
s0027,19,0,71.365585
s0027,20,0,68.65391
s0027,21,0,65.70259
s0027,22,0,65.35199
s0027,23,0,54.83
s0027,24,0,63.768093
s0027,25,0,71.902084
s0027,26,0,72.07093
s0027,27,0,64.72704
s0027,28,0,69.226204
s0027,29,0,58.66409
s0027,30,0,62.505875
s0027,31,0,53.89349
s0027,32,0,54.729916
s0027,33,0,56.265793
s0027,34,0,55.484024
s0027,35,0,47.859947
s0027,36,0,54.151825
s0027,37,0,58.39083
s0027,38,0,69.08852
s0027,39,0,16.614805
s0027,40,0,58.937733
s0027,41,0,66.595566
s0027,42,0,47.98366
s0027,43,0,57.351734
s0027,44,0,48.16678
s0027,45,0,71.42417
s0027,46,0,28.114567
s0027,47,0,43.68659
s0027,48,0,56.092327
s0027,49,0,55.46445
s0027,50,0,58.80323
s0027,51,0,46.442112
s0027,52,0,43.47647
s0027,53,0,38.528408
s0027,54,0,51.93467
s0027,55,0,61.650814
s0027,56,0,69.6149
s0027,57,0,64.47619
s0027,58,0,50.7482
s0027,59,0,64.83991
s0027,60,0,60.36031
s0027,61,0,60.384995
s0027,62,0,68.3506
s0027,63,0,75.566574
s0027,64,0,67.93629
s0027,65,0,73.177895
s0027,66,0,69.08665
s0027,67,0,54.001953
s0027,68,0,67.323166
s0027,69,0,62.18288
s0027,70,0,69.23169
s0027,71,0,57.063526
s0027,72,0,58.10146
s0027,73,0,69.22758
s0027,74,0,77.03008
s0027,75,0,78.753174
s0027,76,0,80.15152
s0027,77,0,79.36695
s0027,78,0,78.55628
s0027,79,0,79.57981
s0027,80,0,80.38838
s0027,81,0,80.413925
s0027,82,0,72.16937
s0027,83,0,62.408585
s0027,84,0,61.282948
s0027,85,0,81.34118
s0027,86,0,65.74643
s0027,87,0,66.0959
s0027,88,0,75.63619
s0027,89,0,55.496586
s0027,90,0,55.930763
s0027,91,0,74.42837
s0027,92,0,67.445335
s0027,93,0,65.11218
s0027,94,0,67.6467
s0027,95,0,66.74838
s0028,0,0,54.230724
s0028,1,0,51.421494
s0028,2,0,40.543476
s0028,3,0,39.5805
s0028,4,0,54.062332
s0028,5,0,44.753998
s0028,6,0,55.935524
s0028,7,0,65.095566
s0028,8,0,66.357704
s0028,9,0,62.549683
s0028,10,0,51.99728
s0028,11,0,65.26603
s0028,12,0,57.941006
s0028,13,0,72.66599
s0028,14,0,74.427795
s0028,15,0,69.99464
s0028,16,0,61.83738
s0028,17,0,78.474785
s0028,18,0,70.67634
s0028,19,0,65.22587
s0028,20,0,70.74308
s0028,21,0,70.100876
s0028,22,0,63.524044
s0028,23,0,71.846985
s0028,24,0,71.25243
s0028,25,0,65.44386
s0028,26,0,66.081024
s0028,27,0,62.887077
s0028,28,0,65.13533
s0028,29,0,73.90394
s0028,30,0,56.35377
s0028,31,0,58.39829
s0028,32,0,51.41439
s0028,33,0,52.208103
s0028,34,0,57.444946
s0028,35,0,63.725048
s0028,36,0,54.069206
s0028,37,0,57.195297
s0028,38,0,63.836834
s0028,39,0,64.75352
s0028,40,0,68.20445
s0028,41,0,57.21424
s0028,42,0,44.140415
s0028,43,0,65.060036
s0028,44,0,48.346073
s0028,45,0,68.331436
s0028,46,0,42.963737
s0028,47,0,27.769424
s0028,48,0,47.070114
s0028,49,0,46.35601
s0028,50,0,43.57503
s0028,51,0,38.656864
s0028,52,0,47.72832
s0028,53,0,48.92061
s0028,54,0,60.105827
s0028,55,0,54.72663
s0028,56,0,59.231304
s0028,57,0,70.49109
s0028,58,0,54.0661
s0028,59,0,67.887
s0028,60,0,64.23533
s0028,61,0,62.159374
s0028,62,0,65.0651
s0028,63,0,67.85873
s0028,64,0,71.35611
s0028,65,0,63.302326
s0028,66,0,73.427895
s0028,67,0,59.499306
s0028,68,0,66.50981
s0028,69,0,62.22674
s0028,70,0,53.203896
s0028,71,0,67.49264
s0028,72,0,56.004467
s0028,73,0,67.058205
s0028,74,0,78.71298
s0028,75,0,79.50071
s0028,76,0,79.95963
s0028,77,0,80.09294
s0028,78,0,79.33411
s0028,79,0,80.11612
s0028,80,0,78.41478
s0028,81,0,78.871216
s0028,82,0,67.666374
s0028,83,0,67.44723
s0028,84,0,65.87662
s0028,85,0,70.822365
s0028,86,0,61.97406
s0028,87,0,58.431126
s0028,88,0,60.893734
s0028,89,0,64.143845
s0028,90,0,63.101738
s0028,91,0,67.826
s0028,92,0,62.404392
s0028,93,0,76.11503
s0028,94,0,71.12827
s0028,95,0,67.745834
s0029,0,0,58.903923
s0029,1,0,47.258656
s0029,2,0,36.960808
s0029,3,0,43.02084
s0029,4,0,53.341652
s0029,5,0,52.35971
s0029,6,0,58.32288
s0029,7,0,64.28148
s0029,8,0,64.653275
s0029,9,0,64.175026
s0029,10,0,55.017605
s0029,11,0,63.47148
s0029,12,0,65.51505
s0029,13,0,65.65897
s0029,14,0,65.73131
s0029,15,0,61.50916
s0029,16,0,69.69708
s0029,17,0,66.1091
s0029,18,0,59.454792
s0029,19,0,63.64047
s0029,20,0,67.26655
s0029,21,0,65.3335
s0029,22,0,69.71858
s0029,23,0,70.7625
s0029,24,0,70.99593
s0029,25,0,79.37882
s0029,26,0,72.209496
s0029,27,0,71.45586
s0029,28,0,76.91268
s0029,29,0,63.030087
s0029,30,0,52.27372
s0029,31,0,66.189964
s0029,32,0,61.409187
s0029,33,0,47.982883
s0029,34,0,53.488853
s0029,35,0,51.31109
s0029,36,0,53.08469
s0029,37,0,55.776245
s0029,38,0,50.42072
s0029,39,0,38.206608
s0029,40,0,56.719364
s0029,41,0,40.893196
s0029,42,0,51.728813
s0029,43,0,44.641865
s0029,44,0,42.80717
s0029,45,0,51.395836
s0029,46,0,34.572754
s0029,47,0,42.545982
s0029,48,0,42.70918
s0029,49,0,54.85221
s0029,50,0,48.044823
s0029,51,0,47.219883
s0029,52,0,64.43728
s0029,53,0,52.200436
s0029,54,0,44.806602
s0029,55,0,52.45002
s0029,56,0,58.75568
s0029,57,0,54.16608
s0029,58,0,65.05672
s0029,59,0,64.01604
s0029,60,0,55.879417
s0029,61,0,64.38981
s0029,62,0,67.02588
s0029,63,0,67.1654
s0029,64,0,63.45274
s0029,65,0,63.61322
s0029,66,0,76.06242
s0029,67,0,64.949776
s0029,68,0,66.30062
s0029,69,0,60.585926
s0029,70,0,50.34526
s0029,71,0,57.192234
s0029,72,0,60.077187
s0029,73,0,64.34798
s0029,74,0,75.17094
s0029,75,0,79.714935
s0029,76,0,78.83535
s0029,77,0,79.12583
s0029,78,0,81.34414
s0029,79,0,79.10444
s0029,80,0,79.11955
s0029,81,0,80.96088
s0029,82,0,60.904434
s0029,83,0,70.44651
s0029,84,0,70.03124
s0029,85,0,75.360435
s0029,86,0,61.288208
s0029,87,0,54.935932
s0029,88,0,57.12334
s0029,89,0,65.84167
s0029,90,0,51.191017
s0029,91,0,76.57359
s0029,92,0,73.038765
s0029,93,0,71.86348
s0029,94,0,66.888275
s0029,95,0,68.50595
s0030,0,0,49.561996
s0030,1,0,45.473606
s0030,2,0,44.236034
s0030,3,0,41.573715
s0030,4,0,55.050243
s0030,5,0,40.860966
s0030,6,0,58.284492
s0030,7,0,54.52632
s0030,8,0,60.76451
s0030,9,0,57.94314
s0030,10,0,63.128345
s0030,11,0,53.854923
s0030,12,0,60.349606
s0030,13,0,63.23176
s0030,14,0,65.73885
s0030,15,0,62.538525
s0030,16,0,68.18744
s0030,17,0,72.47129
s0030,18,0,61.68798
s0030,19,0,65.34223
s0030,20,0,73.4948
s0030,21,0,69.40808
s0030,22,0,65.30756
s0030,23,0,71.84067
s0030,24,0,72.94773
s0030,25,0,69.19169
s0030,26,0,68.80126
s0030,27,0,68.86462
s0030,28,0,70.91915
s0030,29,0,77.67164
s0030,30,0,59.27941
s0030,31,0,58.95745
s0030,32,0,65.01416
s0030,33,0,54.00111
s0030,34,0,49.258213
s0030,35,0,48.187687
s0030,36,0,49.07062
s0030,37,0,56.94432
s0030,38,0,65.09533
s0030,39,0,58.257767
s0030,40,0,44.806652
s0030,41,0,56.79932
s0030,42,0,43.752346
s0030,43,0,48.627983
s0030,44,0,57.59996
s0030,45,0,37.033993
s0030,46,0,33.60722
s0030,47,0,69.393616
s0030,48,0,48.286007
s0030,49,0,35.548576
s0030,50,0,52.06484
s0030,51,0,26.919186
s0030,52,0,48.656937
s0030,53,0,59.320377
s0030,54,0,58.232815
s0030,55,0,45.103546
s0030,56,0,49.63636
s0030,57,0,57.240997
s0030,58,0,58.892365
s0030,59,0,70.73643
s0030,60,0,53.865223
s0030,61,0,66.62572
s0030,62,0,78.505646
s0030,63,0,74.64209
s0030,64,0,62.22275
s0030,65,0,60.82087
s0030,66,0,69.49415
s0030,67,0,68.3339
s0030,68,0,71.49334
s0030,69,0,66.10968
s0030,70,0,67.62825
s0030,71,0,67.75378
s0030,72,0,59.26422
s0030,73,0,68.38962
s0030,74,0,76.77092
s0030,75,0,79.26586
s0030,76,0,79.21836
s0030,77,0,79.95168
s0030,78,0,77.90724
s0030,79,0,78.817
s0030,80,0,79.02989
s0030,81,0,78.08229
s0030,82,0,62.36128
s0030,83,0,67.0289
s0030,84,0,64.56949
s0030,85,0,70.6199
s0030,86,0,62.59669
s0030,87,0,62.674217
s0030,88,0,62.931744
s0030,89,0,57.62633
s0030,90,0,55.326466
s0030,91,0,66.21245
s0030,92,0,61.926365
s0030,93,0,59.77662
s0030,94,0,66.17304
s0030,95,0,72.63355
s0031,0,0,55.072075
s0031,1,0,53.133595
s0031,2,0,43.202766
s0031,3,0,51.992046
s0031,4,0,55.224697
s0031,5,0,51.255768
s0031,6,0,45.72154
s0031,7,0,61.73166
s0031,8,0,60.538628
s0031,9,0,62.834988
s0031,10,0,58.734154
s0031,11,0,55.884434
s0031,12,0,67.74603
s0031,13,0,66.40381
s0031,14,0,58.783695
s0031,15,0,64.58648
s0031,16,0,66.66573
s0031,17,0,67.69068
s0031,18,0,63.947216
s0031,19,0,64.89815
s0031,20,0,66.189125
s0031,21,0,80.402306
s0031,22,0,65.32752
s0031,23,0,59.785633
s0031,24,0,74.426674
s0031,25,0,68.875404
s0031,26,0,59.088078
s0031,27,0,64.415146
s0031,28,0,65.872604
s0031,29,0,75.35401
s0031,30,0,62.32511
s0031,31,0,70.62385
s0031,32,0,62.55416
s0031,33,0,59.844593
s0031,34,0,55.787315
s0031,35,0,49.76356
s0031,36,0,59.138573
s0031,37,0,51.200615
s0031,38,0,52.066704
s0031,39,0,61.354897
s0031,40,0,63.184635
s0031,41,0,55.818295
s0031,42,0,45.639603
s0031,43,0,46.680927
s0031,44,0,36.47541
s0031,45,0,41.141403
s0031,46,0,45.153797
s0031,47,0,27.6692
s0031,48,0,49.033184
s0031,49,0,53.955193
s0031,50,0,67.68607
s0031,51,0,43.76489
s0031,52,0,59.157234
s0031,53,0,46.486668
s0031,54,0,39.617107
s0031,55,0,50.10401
s0031,56,0,59.240536
s0031,57,0,62.472374
s0031,58,0,63.617363
s0031,59,0,71.72569
s0031,60,0,72.70791
s0031,61,0,69.886856
s0031,62,0,76.90253
s0031,63,0,71.89335
s0031,64,0,65.680145
s0031,65,0,67.983696
s0031,66,0,74.809135
s0031,67,0,67.58374
s0031,68,0,70.11927
s0031,69,0,69.48111
s0031,70,0,66.97302
s0031,71,0,63.646553
s0031,72,0,67.620285
s0031,73,0,76.29147
s0031,74,0,76.22858
s0031,75,0,80.43467
s0031,76,0,80.59811
s0031,77,0,79.99188
s0031,78,0,79.49122
s0031,79,0,78.992325
s0031,80,0,78.895424
s0031,81,0,77.47334
s0031,82,0,65.904686
s0031,83,0,70.971306
s0031,84,0,60.350735
s0031,85,0,75.14768
s0031,86,0,70.463135
s0031,87,0,54.923798
s0031,88,0,66.216286
s0031,89,0,67.54897
s0031,90,0,67.85872
s0031,91,0,69.8829
s0031,92,0,65.3853
s0031,93,0,65.50138
s0031,94,0,66.9492
s0031,95,0,67.89418
s0032,0,0,53.811848
s0032,1,0,50.186333
s0032,2,0,29.349648
s0032,3,0,51.96153
s0032,4,0,59.808094
s0032,5,0,56.80452
s0032,6,0,50.566517
s0032,7,0,63.651794
s0032,8,0,70.95796
s0032,9,0,57.96462
s0032,10,0,57.264812
s0032,11,0,57.3144
s0032,12,0,70.2208
s0032,13,0,60.82662
s0032,14,0,69.06918
s0032,15,0,64.29634
s0032,16,0,65.16557
s0032,17,0,73.59446
s0032,18,0,55.095535
s0032,19,0,67.272064
s0032,20,0,70.5776
s0032,21,0,64.68205
s0032,22,0,63.543255
s0032,23,0,60.469444
s0032,24,0,64.70856
s0032,25,0,69.28215
s0032,26,0,71.72544
s0032,27,0,59.359726
s0032,28,0,72.18064
s0032,29,0,73.114265
s0032,30,0,56.88667
s0032,31,0,71.586845
s0032,32,0,55.477814
s0032,33,0,64.80921
s0032,34,0,64.21828
s0032,35,0,63.956074
s0032,36,0,51.122807
s0032,37,0,52.46007
s0032,38,0,57.420948
s0032,39,0,48.52851
s0032,40,0,55.602947
s0032,41,0,63.01005
s0032,42,0,51.044422
s0032,43,0,45.862602
s0032,44,0,57.649345
s0032,45,0,49.617275
s0032,46,0,26.586823
s0032,47,0,45.597313
s0032,48,0,69.38196
s0032,49,0,56.965218
s0032,50,0,49.121895
s0032,51,0,53.761578
s0032,52,0,54.158295
s0032,53,0,51.5199
s0032,54,0,54.499146
s0032,55,0,55.770092
s0032,56,0,64.37693
s0032,57,0,54.100025
s0032,58,0,58.001225
s0032,59,0,59.748104
s0032,60,0,61.803352
s0032,61,0,69.88027
s0032,62,0,77.04789
s0032,63,0,80.55687
s0032,64,0,63.42247
s0032,65,0,62.412426
s0032,66,0,71.670166
s0032,67,0,67.14365
s0032,68,0,62.394848
s0032,69,0,72.62989
s0032,70,0,49.32962
s0032,71,0,57.414623
s0032,72,0,53.744984
s0032,73,0,66.59243
s0032,74,0,80.251396
s0032,75,0,79.95916
s0032,76,0,80.81447
s0032,77,0,79.19625
s0032,78,0,80.40844
s0032,79,0,80.17208
s0032,80,0,80.0136
s0032,81,0,76.63372
s0032,82,0,68.77736
s0032,83,0,67.48197
s0032,84,0,66.65833
s0032,85,0,68.79917
s0032,86,0,69.82118
s0032,87,0,59.93699
s0032,88,0,67.20008
s0032,89,0,63.023323
s0032,90,0,59.58191
s0032,91,0,61.035206
s0032,92,0,65.95922
s0032,93,0,69.68091
s0032,94,0,63.690357
s0032,95,0,70.077866
s0033,0,0,51.227287
s0033,1,0,50.73996
s0033,2,0,48.803204
s0033,3,0,45.351044
s0033,4,0,56.71156
s0033,5,0,59.68313
s0033,6,0,52.206112
s0033,7,0,64.70729
s0033,8,0,55.928986
s0033,9,0,61.549805
s0033,10,0,56.8977
s0033,11,0,60.682434
s0033,12,0,61.22429
s0033,13,0,55.84418
s0033,14,0,63.274452
s0033,15,0,67.019844
s0033,16,0,68.74345
s0033,17,0,71.79665
s0033,18,0,68.71975
s0033,19,0,73.53025
s0033,20,0,67.295296
s0033,21,0,63.522007
s0033,22,0,56.601997
s0033,23,0,67.52115
s0033,24,0,70.67911
s0033,25,0,70.41023
s0033,26,0,65.839485
s0033,27,0,72.99001
s0033,28,0,67.23507
s0033,29,0,65.92333
s0033,30,0,61.035908
s0033,31,0,65.316956
s0033,32,0,60.858643
s0033,33,0,51.99184
s0033,34,0,53.223244
s0033,35,0,59.15381
s0033,36,0,43.421818
s0033,37,0,54.54397
s0033,38,0,56.341213
s0033,39,0,51.323013
s0033,40,0,37.409943
s0033,41,0,50.94482
s0033,42,0,46.10851
s0033,43,0,33.24337
s0033,44,0,34.649845
s0033,45,0,35.468212
s0033,46,0,28.055182
s0033,47,0,41.983406
s0033,48,0,27.552488
s0033,49,0,41.496277
s0033,50,0,52.312366
s0033,51,0,42.1649
s0033,52,0,45.68621
s0033,53,0,58.529873
s0033,54,0,31.552824
s0033,55,0,49.112106
s0033,56,0,50.46947
s0033,57,0,65.078865
s0033,58,0,54.528553
s0033,59,0,72.176834
s0033,60,0,59.958206
s0033,61,0,70.02146
s0033,62,0,74.87298
s0033,63,0,76.84833
s0033,64,0,69.07086
s0033,65,0,70.14797
s0033,66,0,65.242645
s0033,67,0,66.95092
s0033,68,0,74.0007
s0033,69,0,66.99264
s0033,70,0,63.976974
s0033,71,0,57.219006
s0033,72,0,54.70115
s0033,73,0,61.155437
s0033,74,0,81.656624
s0033,75,0,79.94395
s0033,76,0,79.68453
s0033,77,0,80.53747
s0033,78,0,77.33479
s0033,79,0,80.085434
s0033,80,0,79.44144
s0033,81,0,79.95203
s0033,82,0,68.3382
s0033,83,0,65.46686
s0033,84,0,66.125084
s0033,85,0,72.44874
s0033,86,0,73.31597
s0033,87,0,63.00915
s0033,88,0,75.59298
s0033,89,0,59.467308
s0033,90,0,60.318405
s0033,91,0,69.48299
s0033,92,0,59.064953
s0033,93,0,69.31768
s0033,94,0,66.991776
s0033,95,0,63.562935
s0034,0,0,42.415405
s0034,1,0,48.836407
s0034,2,0,36.18838
s0034,3,0,39.403748
s0034,4,0,48.912758
s0034,5,0,52.691803
s0034,6,0,50.755234
s0034,7,0,59.27036
s0034,8,0,57.988075
s0034,9,0,55.366165
s0034,10,0,52.19495
s0034,11,0,62.600414
s0034,12,0,67.709335
s0034,13,0,65.84784
s0034,14,0,59.12616
s0034,15,0,62.800953
s0034,16,0,52.334274
s0034,17,0,64.791824
s0034,18,0,68.44803
s0034,19,0,67.557526
s0034,20,0,67.527985
s0034,21,0,64.402466
s0034,22,0,63.4696
s0034,23,0,69.09606
s0034,24,0,66.326065
s0034,25,0,71.81729
s0034,26,0,76.320015
s0034,27,0,67.84124
s0034,28,0,73.60667
s0034,29,0,63.061523
s0034,30,0,62.15308
s0034,31,0,59.657352
s0034,32,0,56.035805
s0034,33,0,48.76449
s0034,34,0,50.107616
s0034,35,0,56.15769
s0034,36,0,44.28841
s0034,37,0,68.56684
s0034,38,0,51.831097
s0034,39,0,57.186764
s0034,40,0,59.368053
s0034,41,0,42.0648
s0034,42,0,42.417522
s0034,43,0,66.501305
s0034,44,0,44.164917
s0034,45,0,52.241035
s0034,46,0,38.338486
s0034,47,0,28.24367
s0034,48,0,57.9932
s0034,49,0,41.101128
s0034,50,0,41.92539
s0034,51,0,56.645847
s0034,52,0,36.47505
s0034,53,0,60.39261
s0034,54,0,53.123363
s0034,55,0,73.606346
s0034,56,0,52.85676
s0034,57,0,62.21734
s0034,58,0,50.30443
s0034,59,0,69.52654
s0034,60,0,55.257374
s0034,61,0,62.541172
s0034,62,0,70.15404
s0034,63,0,63.679882
s0034,64,0,64.38156
s0034,65,0,58.47316
s0034,66,0,69.479
s0034,67,0,52.40083
s0034,68,0,71.77129
s0034,69,0,63.719887
s0034,70,0,58.20255
s0034,71,0,60.47705
s0034,72,0,63.302654
s0034,73,0,68.50449
s0034,74,0,71.825645
s0034,75,0,79.05403
s0034,76,0,60.93906
s0034,77,0,79.72607
s0034,78,0,75.157555
s0034,79,0,80.01788
s0034,80,0,78.68224
s0034,81,0,78.07264
s0034,82,0,60.262966
s0034,83,0,69.40893
s0034,84,0,65.340546
s0034,85,0,72.70937
s0034,86,0,60.319046
s0034,87,0,59.27472
s0034,88,0,73.80944
s0034,89,0,54.1005
s0034,90,0,54.10569
s0034,91,0,64.328636
s0034,92,0,66.59571
s0034,93,0,74.15387
s0034,94,0,67.289925
s0034,95,0,59.91375
s0035,0,0,62.215916
s0035,1,0,54.4272
s0035,2,0,48.74846
s0035,3,0,47.09117
s0035,4,0,56.37903
s0035,5,0,57.966846
s0035,6,0,59.84348
s0035,7,0,49.518383
s0035,8,0,54.195114
s0035,9,0,63.5147
s0035,10,0,61.384632
s0035,11,0,64.53157
s0035,12,0,53.876614
s0035,13,0,71.25019
s0035,14,0,66.64526
s0035,15,0,68.50746
s0035,16,0,76.73587
s0035,17,0,71.38584
s0035,18,0,66.832115
s0035,19,0,57.785797
s0035,20,0,61.816856
s0035,21,0,66.72292
s0035,22,0,70.839386
s0035,23,0,71.36211
s0035,24,0,64.24368
s0035,25,0,76.79198
s0035,26,0,71.35146
s0035,27,0,71.89428
s0035,28,0,73.398964
s0035,29,0,74.32421
s0035,30,0,55.777245
s0035,31,0,63.212124
s0035,32,0,61.87688
s0035,33,0,49.655514
s0035,34,0,63.525352
s0035,35,0,63.40755
s0035,36,0,63.469093
s0035,37,0,54.347637
s0035,38,0,66.70686
s0035,39,0,24.39911
s0035,40,0,68.64296
s0035,41,0,53.432247
s0035,42,0,55.36591
s0035,43,0,45.22729
s0035,44,0,48.654076
s0035,45,0,64.831055
s0035,46,0,55.304012
s0035,47,0,37.02636
s0035,48,0,73.1254
s0035,49,0,57.549263
s0035,50,0,45.875668
s0035,51,0,51.9394
s0035,52,0,57.170307
s0035,53,0,53.274204
s0035,54,0,48.48246
s0035,55,0,48.372448
s0035,56,0,66.543015
s0035,57,0,62.355247
s0035,58,0,59.89735
s0035,59,0,60.335342
s0035,60,0,60.64457
s0035,61,0,62.09159
s0035,62,0,74.23385
s0035,63,0,81.278175
s0035,64,0,57.329777
s0035,65,0,71.63804
s0035,66,0,72.67984
s0035,67,0,75.8437
s0035,68,0,65.37677
s0035,69,0,65.805786
s0035,70,0,58.696243
s0035,71,0,58.73399
s0035,72,0,60.01485
s0035,73,0,73.89852
s0035,74,0,77.897865
s0035,75,0,79.65059
s0035,76,0,79.61081
s0035,77,0,80.40668
s0035,78,0,72.65231
s0035,79,0,78.73019
s0035,80,0,79.95625
s0035,81,0,80.39656
s0035,82,0,69.42569
s0035,83,0,66.20171
s0035,84,0,69.52084
s0035,85,0,72.319565
s0035,86,0,64.249504
s0035,87,0,58.4106
s0035,88,0,68.63809
s0035,89,0,68.55985
s0035,90,0,61.224716
s0035,91,0,66.1333
s0035,92,0,62.020393
s0035,93,0,65.56658
s0035,94,0,66.71556
s0035,95,0,68.242355
s0036,0,0,54.353565
s0036,1,0,45.227604
s0036,2,0,41.39409
s0036,3,0,48.122593
s0036,4,0,52.93773
s0036,5,0,55.78212
s0036,6,0,60.0405
s0036,7,0,59.381332
s0036,8,0,61.945763
s0036,9,0,64.71892
s0036,10,0,62.61901
s0036,11,0,68.559395
s0036,12,0,66.38971
s0036,13,0,68.138176
s0036,14,0,66.66792
s0036,15,0,74.054054
s0036,16,0,68.024994
s0036,17,0,54.113045
s0036,18,0,65.074
s0036,19,0,53.86769
s0036,20,0,67.48141
s0036,21,0,66.58615
s0036,22,0,66.17391
s0036,23,0,63.363262
s0036,24,0,67.755974
s0036,25,0,65.3466
s0036,26,0,71.01624
s0036,27,0,67.30047
s0036,28,0,63.88725
s0036,29,0,65.170044
s0036,30,0,64.272995
s0036,31,0,63.251328
s0036,32,0,60.75996
s0036,33,0,51.71642
s0036,34,0,46.615265
s0036,35,0,63.7695
s0036,36,0,60.395954
s0036,37,0,66.68033
s0036,38,0,63.0934
s0036,39,0,45.15759
s0036,40,0,63.38199
s0036,41,0,46.71671
s0036,42,0,51.91712
s0036,43,0,50.93005
s0036,44,0,35.973824
s0036,45,0,50.11128
s0036,46,0,58.52514
s0036,47,0,46.594757
s0036,48,0,61.821903
s0036,49,0,44.355927
s0036,50,0,48.98238
s0036,51,0,53.04961
s0036,52,0,46.719646
s0036,53,0,57.388496
s0036,54,0,64.31152
s0036,55,0,63.143734
s0036,56,0,51.882732
s0036,57,0,59.58937
s0036,58,0,58.829956
s0036,59,0,62.45066
s0036,60,0,62.709435
s0036,61,0,57.376766
s0036,62,0,68.942566
s0036,63,0,73.62716
s0036,64,0,69.41144
s0036,65,0,70.69605
s0036,66,0,71.85665
s0036,67,0,66.071144
s0036,68,0,69.51566
s0036,69,0,68.57241
s0036,70,0,57.3685
s0036,71,0,57.795643
s0036,72,0,58.17552
s0036,73,0,74.775566
s0036,74,0,75.01832
s0036,75,0,82.82299
s0036,76,0,79.29087
s0036,77,0,79.83394
s0036,78,0,76.86973
s0036,79,0,79.033356
s0036,80,0,74.77369
s0036,81,0,76.47523
s0036,82,0,65.99986
s0036,83,0,63.75878
s0036,84,0,72.27155
s0036,85,0,75.9884
s0036,86,0,64.60773
s0036,87,0,63.851513
s0036,88,0,72.72828
s0036,89,0,64.95702
s0036,90,0,56.215816
s0036,91,0,67.57981
s0036,92,0,68.87295
s0036,93,0,63.26698
s0036,94,0,66.16104
s0036,95,0,67.2811
s0037,0,0,57.507904
s0037,1,0,44.361603
s0037,2,0,48.79353
s0037,3,0,43.79241
s0037,4,0,64.265305
s0037,5,0,50.831993
s0037,6,0,59.879642
s0037,7,0,56.239754
s0037,8,0,62.56732
s0037,9,0,56.196957
s0037,10,0,71.265656
s0037,11,0,61.26872
s0037,12,0,75.42576
s0037,13,0,60.414047
s0037,14,0,65.99786
s0037,15,0,62.63306
s0037,16,0,66.12049
s0037,17,0,71.34446
s0037,18,0,64.506775
s0037,19,0,67.77829
s0037,20,0,69.33747
s0037,21,0,60.137714
s0037,22,0,64.56819
s0037,23,0,66.761116
s0037,24,0,70.8452
s0037,25,0,79.59122
s0037,26,0,82.34669
s0037,27,0,65.03667
s0037,28,0,66.09372
s0037,29,0,68.820854
s0037,30,0,57.89067
s0037,31,0,62.734913
s0037,32,0,63.091255
s0037,33,0,50.39851
s0037,34,0,46.608593
s0037,35,0,53.53945
s0037,36,0,46.17904
s0037,37,0,88.29269
s0037,38,0,63.76989
s0037,39,0,60.67504
s0037,40,0,61.75781
s0037,41,0,49.05323
s0037,42,0,39.41099
s0037,43,0,51.34703
s0037,44,0,47.336426
s0037,45,0,43.054245
s0037,46,0,52.27597
s0037,47,0,48.758347
s0037,48,0,30.414675
s0037,49,0,48.393826
s0037,50,0,42.635174
s0037,51,0,50.906963
s0037,52,0,43.088165
s0037,53,0,42.83628
s0037,54,0,53.10358
s0037,55,0,50.52308
s0037,56,0,84.0591
s0037,57,0,68.13741
s0037,58,0,53.229965
s0037,59,0,68.08854
s0037,60,0,67.04242
s0037,61,0,66.797516
s0037,62,0,59.03231
s0037,63,0,74.982956
s0037,64,0,65.70574
s0037,65,0,63.445858
s0037,66,0,74.553345
s0037,67,0,61.461605
s0037,68,0,64.46139
s0037,69,0,67.05334
s0037,70,0,58.42205
s0037,71,0,67.80813
s0037,72,0,64.627785
s0037,73,0,65.84744
s0037,74,0,84.78459
s0037,75,0,79.53308
s0037,76,0,80.08258
s0037,77,0,80.50694
s0037,78,0,75.94833
s0037,79,0,79.39578
s0037,80,0,79.10699
s0037,81,0,76.57102
s0037,82,0,67.03668
s0037,83,0,67.52551
s0037,84,0,79.29471
s0037,85,0,72.27748
s0037,86,0,79.10612
s0037,87,0,66.592026
s0037,88,0,67.9055
s0037,89,0,64.9831
s0037,90,0,53.191357
s0037,91,0,67.7861
s0037,92,0,64.44938
s0037,93,0,62.6013
s0037,94,0,64.70429
s0037,95,0,61.00205
s0038,0,0,60.680832
s0038,1,0,43.24668
s0038,2,0,47.31761
s0038,3,0,49.04811
s0038,4,0,61.043606
s0038,5,0,48.648155
s0038,6,0,56.51065
s0038,7,0,58.546116
s0038,8,0,61.613483
s0038,9,0,49.64363
s0038,10,0,59.265217
s0038,11,0,67.21586
s0038,12,0,68.07162
s0038,13,0,65.31387
s0038,14,0,67.379456
s0038,15,0,69.46616
s0038,16,0,64.67367
s0038,17,0,69.60368
s0038,18,0,63.748913
s0038,19,0,66.126465
s0038,20,0,61.417778
s0038,21,0,68.02306
s0038,22,0,65.2248
s0038,23,0,71.50489
s0038,24,0,77.15567
s0038,25,0,64.12861
s0038,26,0,67.979805
s0038,27,0,70.13187
s0038,28,0,71.505
s0038,29,0,69.75172
s0038,30,0,58.24876
s0038,31,0,64.61827
s0038,32,0,59.09308
s0038,33,0,50.086483
s0038,34,0,60.494316
s0038,35,0,57.329796
s0038,36,0,47.108025
s0038,37,0,63.87418
s0038,38,0,64.11011
s0038,39,0,43.041985
s0038,40,0,66.144646
s0038,41,0,55.949898
s0038,42,0,21.20082
s0038,43,0,56.841877
s0038,44,0,44.95346
s0038,45,0,18.450947
s0038,46,0,45.716022
s0038,47,0,40.864483
s0038,48,0,71.367714
s0038,49,0,52.36009
s0038,50,0,56.4032
s0038,51,0,60.92443
s0038,52,0,64.50177
s0038,53,0,45.044342
s0038,54,0,40.974934
s0038,55,0,55.640404
s0038,56,0,68.71091
s0038,57,0,60.907364
s0038,58,0,56.27061
s0038,59,0,54.754807
s0038,60,0,59.466602
s0038,61,0,63.755795
s0038,62,0,76.63789
s0038,63,0,63.023148
s0038,64,0,57.667336
s0038,65,0,67.303604
s0038,66,0,73.19976
s0038,67,0,71.50254
s0038,68,0,65.81253
s0038,69,0,72.33314
s0038,70,0,59.611332
s0038,71,0,61.71853
s0038,72,0,58.12611
s0038,73,0,74.80461
s0038,74,0,76.25304
s0038,75,0,79.18894
s0038,76,0,79.598114
s0038,77,0,80.461655
s0038,78,0,77.84826
s0038,79,0,78.75345
s0038,80,0,80.378006
s0038,81,0,76.681625
s0038,82,0,63.422955
s0038,83,0,69.92075
s0038,84,0,75.10778
s0038,85,0,77.84597
s0038,86,0,67.014626
s0038,87,0,66.09621
s0038,88,0,65.31745
s0038,89,0,65.90089
s0038,90,0,56.514282
s0038,91,0,71.89165
s0038,92,0,63.876064
s0038,93,0,67.93671
s0038,94,0,68.096695
s0038,95,0,69.14695
s0039,0,0,49.449688
s0039,1,0,44.043198
s0039,2,0,39.840363
s0039,3,0,43.660683
s0039,4,0,47.424232
s0039,5,0,60.520958
s0039,6,0,47.231873
s0039,7,0,53.651188
s0039,8,0,54.692413
s0039,9,0,65.4525
s0039,10,0,61.301624
s0039,11,0,58.278717
s0039,12,0,66.9503
s0039,13,0,73.01686
s0039,14,0,68.234955
s0039,15,0,62.469223
s0039,16,0,70.76375
s0039,17,0,68.05349
s0039,18,0,66.01656
s0039,19,0,58.7986
s0039,20,0,71.11761
s0039,21,0,64.53778
s0039,22,0,55.544918
s0039,23,0,69.20388
s0039,24,0,72.394775
s0039,25,0,69.44048
s0039,26,0,68.39175
s0039,27,0,59.903744
s0039,28,0,68.308846
s0039,29,0,70.44627
s0039,30,0,44.394505
s0039,31,0,70.65827
s0039,32,0,52.790127
s0039,33,0,48.45277
s0039,34,0,50.21661
s0039,35,0,50.127476
s0039,36,0,51.20283
s0039,37,0,51.339195
s0039,38,0,56.126755
s0039,39,0,45.553825
s0039,40,0,61.2269
s0039,41,0,58.012535
s0039,42,0,48.457626
s0039,43,0,52.55782
s0039,44,0,46.5072
s0039,45,0,75.505455
s0039,46,0,38.453735
s0039,47,0,68.909966
s0039,48,0,43.351524
s0039,49,0,46.382374
s0039,50,0,55.75523
s0039,51,0,63.24725
s0039,52,0,50.003693
s0039,53,0,42.48852
s0039,54,0,62.42014
s0039,55,0,58.614685
s0039,56,0,53.04488
s0039,57,0,62.523525
s0039,58,0,58.863007
s0039,59,0,62.21874
s0039,60,0,61.25057
s0039,61,0,53.938435
s0039,62,0,78.04097
s0039,63,0,69.41022
s0039,64,0,68.97242
s0039,65,0,62.401684
s0039,66,0,68.80687
s0039,67,0,62.218597
s0039,68,0,56.38211
s0039,69,0,63.164364
s0039,70,0,48.67138
s0039,71,0,55.14027
s0039,72,0,63.778202
s0039,73,0,65.16173
s0039,74,0,77.67318
s0039,75,0,79.81641
s0039,76,0,80.534584
s0039,77,0,80.56814
s0039,78,0,76.95331
s0039,79,0,79.02304
s0039,80,0,79.96252
s0039,81,0,76.39611
s0039,82,0,61.33214
s0039,83,0,60.78427
s0039,84,0,64.50534
s0039,85,0,76.81545
s0039,86,0,62.01232
s0039,87,0,57.550797
s0039,88,0,57.462666
s0039,89,0,56.38362
s0039,90,0,60.41943
s0039,91,0,68.34108
s0039,92,0,60.155518
s0039,93,0,62.39654
s0039,94,0,66.61103
s0039,95,0,68.81324
s0040,0,0,56.01052
s0040,1,0,54.822548
s0040,2,0,49.96732
s0040,3,0,38.71166
s0040,4,0,53.34241
s0040,5,0,51.880714
s0040,6,0,53.410538
s0040,7,0,60.256535
s0040,8,0,53.27667
s0040,9,0,60.196808
s0040,10,0,57.927567
s0040,11,0,66.80788
s0040,12,0,67.824104
s0040,13,0,67.85544
s0040,14,0,63.361473
s0040,15,0,73.97033
s0040,16,0,65.84379
s0040,17,0,61.306553
s0040,18,0,63.015438
s0040,19,0,68.64736
s0040,20,0,75.91667
s0040,21,0,61.522774
s0040,22,0,65.16408
s0040,23,0,65.53114
s0040,24,0,72.98509
s0040,25,0,70.81139
s0040,26,0,70.47349
s0040,27,0,58.188965
s0040,28,0,68.92607
s0040,29,0,59.482243
s0040,30,0,63.84375
s0040,31,0,55.269337
s0040,32,0,64.64832
s0040,33,0,58.494125
s0040,34,0,60.998913
s0040,35,0,40.912243
s0040,36,0,49.005314
s0040,37,0,54.547337
s0040,38,0,54.762268
s0040,39,0,48.15397
s0040,40,0,51.255295
s0040,41,0,53.824528
s0040,42,0,43.50034
s0040,43,0,55.19096
s0040,44,0,63.015903
s0040,45,0,49.859985
s0040,46,0,41.927197
s0040,47,0,40.346027
s0040,48,0,45.489483
s0040,49,0,45.86232
s0040,50,0,55.905342
s0040,51,0,57.779602
s0040,52,0,64.01107
s0040,53,0,52.517536
s0040,54,0,57.966408
s0040,55,0,61.24162
s0040,56,0,59.334587
s0040,57,0,81.67737
s0040,58,0,57.375343
s0040,59,0,68.44868
s0040,60,0,58.781185
s0040,61,0,54.223553
s0040,62,0,68.32825
s0040,63,0,74.22004
s0040,64,0,72.51634
s0040,65,0,62.30173
s0040,66,0,78.24462
s0040,67,0,53.313488
s0040,68,0,61.6361
s0040,69,0,60.774185
s0040,70,0,51.432842
s0040,71,0,55.045048
s0040,72,0,60.85688
s0040,73,0,67.13952
s0040,74,0,80.1344
s0040,75,0,79.7984
s0040,76,0,78.236015
s0040,77,0,79.61371
s0040,78,0,78.68659
s0040,79,0,78.69126
s0040,80,0,79.09314
s0040,81,0,77.95316
s0040,82,0,60.17907
s0040,83,0,69.07486
s0040,84,0,69.975105
s0040,85,0,68.4856
s0040,86,0,66.162735
s0040,87,0,60.6358
s0040,88,0,59.03662
s0040,89,0,55.581482
s0040,90,0,55.306847
s0040,91,0,72.80346
s0040,92,0,63.917114
s0040,93,0,70.928696
s0040,94,0,62.95259
s0040,95,0,74.83463
s0041,0,0,50.585075
s0041,1,0,52.993507
s0041,2,0,51.768227
s0041,3,0,49.74763
s0041,4,0,53.25913
s0041,5,0,51.981434
s0041,6,0,52.534763
s0041,7,0,45.472702
s0041,8,0,56.569496
s0041,9,0,68.74932
s0041,10,0,62.42143
s0041,11,0,67.2661
s0041,12,0,70.955894
s0041,13,0,55.590122
s0041,14,0,69.96696
s0041,15,0,59.25715
s0041,16,0,72.38325
s0041,17,0,63.76253
s0041,18,0,70.93582
s0041,19,0,66.9221
s0041,20,0,64.41367
s0041,21,0,70.93137
s0041,22,0,67.6529
s0041,23,0,69.088715
s0041,24,0,69.560875
s0041,25,0,61.55701
s0041,26,0,64.42867
s0041,27,0,55.771297
s0041,28,0,73.44035
s0041,29,0,70.66013
s0041,30,0,60.451088
s0041,31,0,63.56068
s0041,32,0,58.830444
s0041,33,0,57.897396
s0041,34,0,44.988785
s0041,35,0,53.651447
s0041,36,0,57.90812
s0041,37,0,68.49476
s0041,38,0,53.76123
s0041,39,0,46.872623
s0041,40,0,57.215702
s0041,41,0,54.36149
s0041,42,0,47.641342
s0041,43,0,59.05012
s0041,44,0,42.790424
s0041,45,0,32.3737
s0041,46,0,40.116566
s0041,47,0,40.09475
s0041,48,0,42.182747
s0041,49,0,53.949665
s0041,50,0,51.77349
s0041,51,0,57.95131
s0041,52,0,64.701996
s0041,53,0,49.127537
s0041,54,0,49.28414
s0041,55,0,60.870148
s0041,56,0,64.12521
s0041,57,0,63.134598
s0041,58,0,56.265137
s0041,59,0,67.715614
s0041,60,0,56.148796
s0041,61,0,58.156517
s0041,62,0,70.397514
s0041,63,0,69.23178
s0041,64,0,61.31977
s0041,65,0,65.36046
s0041,66,0,66.45366
s0041,67,0,66.64995
s0041,68,0,66.621346
s0041,69,0,65.10448
s0041,70,0,56.281803
s0041,71,0,64.1957
s0041,72,0,60.396935
s0041,73,0,64.35225
s0041,74,0,80.36161
s0041,75,0,79.19653
s0041,76,0,78.32892
s0041,77,0,79.46673
s0041,78,0,74.89784
s0041,79,0,79.62682
s0041,80,0,78.41721
s0041,81,0,75.22201
s0041,82,0,67.48834
s0041,83,0,68.78805
s0041,84,0,77.45258
s0041,85,0,73.88194
s0041,86,0,64.232796
s0041,87,0,57.48817
s0041,88,0,65.252594
s0041,89,0,64.5717
s0041,90,0,55.16675
s0041,91,0,63.0864
s0041,92,0,68.543236
s0041,93,0,64.653404
s0041,94,0,68.1071
s0041,95,0,71.464584
s0042,0,0,58.515594
s0042,1,0,52.688316
s0042,2,0,34.66425
s0042,3,0,50.26777
s0042,4,0,52.086174
s0042,5,0,50.35929
s0042,6,0,50.828636
s0042,7,0,49.049355
s0042,8,0,58.321857
s0042,9,0,57.21927
s0042,10,0,63.039997
s0042,11,0,68.14918
s0042,12,0,67.03085
s0042,13,0,61.930183
s0042,14,0,68.034515
s0042,15,0,67.915695
s0042,16,0,60.557987
s0042,17,0,55.07269
s0042,18,0,61.420685
s0042,19,0,60.580147
s0042,20,0,69.120476
s0042,21,0,66.599144
s0042,22,0,60.698994
s0042,23,0,67.88156
s0042,24,0,75.68297
s0042,25,0,72.0856
s0042,26,0,69.13022
s0042,27,0,61.574123
s0042,28,0,72.510086
s0042,29,0,68.76853
s0042,30,0,63.512974
s0042,31,0,62.588276
s0042,32,0,61.71932
s0042,33,0,50.186943
s0042,34,0,56.598846
s0042,35,0,58.862373
s0042,36,0,53.10257
s0042,37,0,60.755047
s0042,38,0,69.692986
s0042,39,0,48.29142
s0042,40,0,68.18634
s0042,41,0,59.643276
s0042,42,0,54.345436
s0042,43,0,69.32227
s0042,44,0,33.98149
s0042,45,0,72.660614
s0042,46,0,34.339474
s0042,47,0,59.719948
s0042,48,0,49.06162
s0042,49,0,61.942577
s0042,50,0,48.129696
s0042,51,0,65.23999
s0042,52,0,47.647217
s0042,53,0,62.047127
s0042,54,0,56.721893
s0042,55,0,56.570683
s0042,56,0,61.59622
s0042,57,0,66.580666
s0042,58,0,58.830856
s0042,59,0,65.81945
s0042,60,0,60.565395
s0042,61,0,60.240986
s0042,62,0,78.16122
s0042,63,0,73.39492
s0042,64,0,67.261604
s0042,65,0,67.57698
s0042,66,0,66.671616
s0042,67,0,67.754616
s0042,68,0,64.4202
s0042,69,0,75.534584
s0042,70,0,62.21767
s0042,71,0,67.55303
s0042,72,0,66.806145
s0042,73,0,78.445694
s0042,74,0,76.821396
s0042,75,0,79.821365
s0042,76,0,79.30129
s0042,77,0,78.64574
s0042,78,0,76.22918
s0042,79,0,80.78105
s0042,80,0,79.58362
s0042,81,0,76.30606
s0042,82,0,66.7643
s0042,83,0,68.4721
s0042,84,0,84.510376
s0042,85,0,64.92552
s0042,86,0,62.22412
s0042,87,0,60.838375
s0042,88,0,63.61589
s0042,89,0,64.216255
s0042,90,0,54.506645
s0042,91,0,68.04557
s0042,92,0,66.311195
s0042,93,0,69.23057
s0042,94,0,72.458824
s0042,95,0,67.105225
s0043,0,0,62.996284
s0043,1,0,48.871223
s0043,2,0,65.075905
s0043,3,0,52.60254
s0043,4,0,54.746925
s0043,5,0,56.97207
s0043,6,0,53.644413
s0043,7,0,46.07543
s0043,8,0,66.45792
s0043,9,0,60.19254
s0043,10,0,63.757446
s0043,11,0,66.84742
s0043,12,0,63.448734
s0043,13,0,69.57725
s0043,14,0,66.71593
s0043,15,0,70.20008
s0043,16,0,67.95893
s0043,17,0,69.22048
s0043,18,0,64.120895
s0043,19,0,68.10379
s0043,20,0,82.34541
s0043,21,0,67.864136
s0043,22,0,71.22843
s0043,23,0,66.05726
s0043,24,0,65.727135
s0043,25,0,58.929035
s0043,26,0,63.23481
s0043,27,0,69.62037
s0043,28,0,66.53215
s0043,29,0,69.76559
s0043,30,0,68.80618
s0043,31,0,59.195217
s0043,32,0,62.236637
s0043,33,0,54.341236
s0043,34,0,56.22668
s0043,35,0,52.076015
s0043,36,0,61.475456
s0043,37,0,60.403496
s0043,38,0,60.896347
s0043,39,0,53.614952
s0043,40,0,51.440105
s0043,41,0,55.574715
s0043,42,0,34.57726
s0043,43,0,44.414673
s0043,44,0,54.348267
s0043,45,0,58.363823
s0043,46,0,33.989967
s0043,47,0,46.000603
s0043,48,0,49.85911
s0043,49,0,47.39629
s0043,50,0,46.409393
s0043,51,0,48.650333
s0043,52,0,54.093594
s0043,53,0,39.9236
s0043,54,0,55.765766
s0043,55,0,62.136616
s0043,56,0,66.930244
s0043,57,0,65.796364
s0043,58,0,67.14136
s0043,59,0,70.20031
s0043,60,0,68.8577
s0043,61,0,57.527515
s0043,62,0,66.603905
s0043,63,0,79.60216
s0043,64,0,63.64865
s0043,65,0,72.0397
s0043,66,0,62.118786
s0043,67,0,59.815216
s0043,68,0,59.369133
s0043,69,0,61.360947
s0043,70,0,58.39639
s0043,71,0,61.786736
s0043,72,0,59.037117
s0043,73,0,60.205994
s0043,74,0,77.22984
s0043,75,0,79.97278
s0043,76,0,78.25084
s0043,77,0,79.32469
s0043,78,0,80.05478
s0043,79,0,78.783
s0043,80,0,79.15014
s0043,81,0,77.944824
s0043,82,0,66.21829
s0043,83,0,73.57447
s0043,84,0,68.99742
s0043,85,0,70.00666
s0043,86,0,59.633465
s0043,87,0,61.578007
s0043,88,0,60.197067
s0043,89,0,58.128227
s0043,90,0,57.772556
s0043,91,0,76.82622
s0043,92,0,65.3993
s0043,93,0,73.793396
s0043,94,0,74.6727
s0043,95,0,70.04954
s0044,0,0,65.64416
s0044,1,0,47.002987
s0044,2,0,54.56447
s0044,3,0,42.305737
s0044,4,0,55.79119
s0044,5,0,51.722164
s0044,6,0,61.99416
s0044,7,0,65.42101
s0044,8,0,58.394924
s0044,9,0,59.613144
s0044,10,0,62.737137
s0044,11,0,62.12235
s0044,12,0,65.091675
s0044,13,0,66.899796
s0044,14,0,73.85707
s0044,15,0,69.197395
s0044,16,0,60.96743
s0044,17,0,65.26593
s0044,18,0,64.73845
s0044,19,0,64.05662
s0044,20,0,69.651085
s0044,21,0,65.313965
s0044,22,0,65.11562
s0044,23,0,64.24864
s0044,24,0,70.161095
s0044,25,0,68.2399
s0044,26,0,69.71657
s0044,27,0,64.352554
s0044,28,0,65.18816
s0044,29,0,65.777725
s0044,30,0,61.01111
s0044,31,0,57.548794
s0044,32,0,51.741493
s0044,33,0,49.07137
s0044,34,0,50.46446
s0044,35,0,58.266407
s0044,36,0,56.650135
s0044,37,0,61.266846
s0044,38,0,69.4054
s0044,39,0,58.399944
s0044,40,0,53.515415
s0044,41,0,34.11056
s0044,42,0,47.117844
s0044,43,0,57.89283
s0044,44,0,43.164303
s0044,45,0,45.178715
s0044,46,0,46.963963
s0044,47,0,23.180696
s0044,48,0,51.968338
s0044,49,0,37.07067
s0044,50,0,66.820496
s0044,51,0,54.803345
s0044,52,0,49.814
s0044,53,0,55.287643
s0044,54,0,46.543083
s0044,55,0,61.55207
s0044,56,0,63.70182
s0044,57,0,65.08221
s0044,58,0,58.920887
s0044,59,0,58.945385
s0044,60,0,57.833706
s0044,61,0,66.33034
s0044,62,0,74.89024
s0044,63,0,72.77958
s0044,64,0,63.565224
s0044,65,0,65.72379
s0044,66,0,77.26744
s0044,67,0,74.514275
s0044,68,0,54.870346
s0044,69,0,58.73677
s0044,70,0,55.419582
s0044,71,0,59.114956
s0044,72,0,67.177376
s0044,73,0,74.786354
s0044,74,0,75.12381
s0044,75,0,80.43825
s0044,76,0,80.07628
s0044,77,0,80.005165
s0044,78,0,75.500534
s0044,79,0,79.53109
s0044,80,0,80.059364
s0044,81,0,79.7904
s0044,82,0,68.25008
s0044,83,0,78.53702
s0044,84,0,69.510475
s0044,85,0,69.36358
s0044,86,0,68.40199
s0044,87,0,65.54997
s0044,88,0,62.910282
s0044,89,0,56.392853
s0044,90,0,58.87802
s0044,91,0,61.98071
s0044,92,0,61.86274
s0044,93,0,71.03282
s0044,94,0,66.051796
s0044,95,0,68.8986
s0045,0,0,50.468876
s0045,1,0,46.13983
s0045,2,0,41.281895
s0045,3,0,51.720764
s0045,4,0,47.576534
s0045,5,0,56.53639
s0045,6,0,55.891956
s0045,7,0,53.148876
s0045,8,0,68.3998
s0045,9,0,58.805622
s0045,10,0,60.210266
s0045,11,0,61.887066
s0045,12,0,59.29194
s0045,13,0,58.889248
s0045,14,0,65.17711
s0045,15,0,71.30304
s0045,16,0,66.478714
s0045,17,0,66.26181
s0045,18,0,61.55453
s0045,19,0,60.705383
s0045,20,0,74.54637
s0045,21,0,62.26922
s0045,22,0,67.808655
s0045,23,0,65.70586
s0045,24,0,67.985214
s0045,25,0,68.24215
s0045,26,0,69.007034
s0045,27,0,62.109337
s0045,28,0,72.9639
s0045,29,0,72.42863
s0045,30,0,57.434032
s0045,31,0,64.34145
s0045,32,0,54.842937
s0045,33,0,52.435383
s0045,34,0,57.601692
s0045,35,0,57.528545
s0045,36,0,51.052658
s0045,37,0,58.001694
s0045,38,0,58.469345
s0045,39,0,54.695408
s0045,40,0,58.71494
s0045,41,0,57.011444
s0045,42,0,62.245087
s0045,43,0,48.471706
s0045,44,0,52.839916
s0045,45,0,51.94766
s0045,46,0,47.292656
s0045,47,0,49.459602
s0045,48,0,57.196487
s0045,49,0,44.879436
s0045,50,0,60.192596
s0045,51,0,48.463894
s0045,52,0,51.961403
s0045,53,0,52.179417
s0045,54,0,49.64173
s0045,55,0,49.324905
s0045,56,0,60.732426
s0045,57,0,59.626125
s0045,58,0,60.0682
s0045,59,0,61.79851
s0045,60,0,56.996464
s0045,61,0,60.656307
s0045,62,0,71.90367
s0045,63,0,71.51418
s0045,64,0,69.25225
s0045,65,0,73.82993
s0045,66,0,66.93192
s0045,67,0,56.0534
s0045,68,0,60.4985
s0045,69,0,72.630585
s0045,70,0,49.49651
s0045,71,0,59.243553
s0045,72,0,60.92256
s0045,73,0,63.77487
s0045,74,0,79.006325
s0045,75,0,79.94295
s0045,76,0,79.40746
s0045,77,0,79.13897
s0045,78,0,74.41462
s0045,79,0,79.76852
s0045,80,0,79.16709
s0045,81,0,76.87494
s0045,82,0,71.70153
s0045,83,0,59.31833
s0045,84,0,68.744545
s0045,85,0,80.493065
s0045,86,0,64.49989
s0045,87,0,57.05113
s0045,88,0,56.914757
s0045,89,0,64.17017
s0045,90,0,52.774292
s0045,91,0,71.12789
s0045,92,0,66.052574
s0045,93,0,71.201675
s0045,94,0,69.4349
s0045,95,0,66.81368
s0046,0,0,53.08182
s0046,1,0,41.24772
s0046,2,0,48.682156
s0046,3,0,51.613476
s0046,4,0,48.14239
s0046,5,0,58.97785
s0046,6,0,44.70982
s0046,7,0,47.64557
s0046,8,0,64.098175
s0046,9,0,56.791725
s0046,10,0,67.28802
s0046,11,0,69.42859
s0046,12,0,63.281162
s0046,13,0,60.677353
s0046,14,0,60.26308
s0046,15,0,61.03696
s0046,16,0,53.84829
s0046,17,0,63.936275
s0046,18,0,64.43617
s0046,19,0,58.408607
s0046,20,0,69.21274
s0046,21,0,60.01832
s0046,22,0,48.224854
s0046,23,0,68.5717
s0046,24,0,72.46018
s0046,25,0,73.783844
s0046,26,0,69.89384
s0046,27,0,58.98983
s0046,28,0,72.24386
s0046,29,0,68.90155
s0046,30,0,57.443386
s0046,31,0,74.84952
s0046,32,0,45.427174
s0046,33,0,48.807804
s0046,34,0,51.273533
s0046,35,0,49.441288
s0046,36,0,49.90034
s0046,37,0,62.719097
s0046,38,0,51.316517
s0046,39,0,49.70178
s0046,40,0,43.911293
s0046,41,0,42.330753
s0046,42,0,46.71993
s0046,43,0,53.20307
s0046,44,0,67.88089
s0046,45,0,45.108902
s0046,46,0,39.186012
s0046,47,0,59.484985
s0046,48,0,38.354588
s0046,49,0,51.115547
s0046,50,0,56.280334
s0046,51,0,55.21121
s0046,52,0,51.06581
s0046,53,0,61.538998
s0046,54,0,45.201817
s0046,55,0,52.153667
s0046,56,0,61.473797
s0046,57,0,61.385742
s0046,58,0,58.48281
s0046,59,0,65.16429
s0046,60,0,60.047
s0046,61,0,65.91426
s0046,62,0,78.8659
s0046,63,0,75.13614
s0046,64,0,68.71613
s0046,65,0,59.950687
s0046,66,0,62.928116
s0046,67,0,59.27802
s0046,68,0,69.53295
s0046,69,0,65.71899
s0046,70,0,53.293556
s0046,71,0,63.43262
s0046,72,0,57.916794
s0046,73,0,59.175022
s0046,74,0,74.075325
s0046,75,0,79.2421
s0046,76,0,79.311424
s0046,77,0,79.720825
s0046,78,0,72.416626
s0046,79,0,80.49288
s0046,80,0,79.90376
s0046,81,0,78.85705
s0046,82,0,59.043552
s0046,83,0,72.9995
s0046,84,0,60.14792
s0046,85,0,65.49359
s0046,86,0,54.411552
s0046,87,0,61.227905
s0046,88,0,54.73918
s0046,89,0,59.126923
s0046,90,0,57.7998
s0046,91,0,72.75996
s0046,92,0,53.505253
s0046,93,0,60.799194
s0046,94,0,61.91853
s0046,95,0,67.905334
s0047,0,0,54.2147
s0047,1,0,54.58387
s0047,2,0,48.279774
s0047,3,0,48.885956
s0047,4,0,66.0874
s0047,5,0,55.443836
s0047,6,0,54.227085
s0047,7,0,62.89004
s0047,8,0,61.889465
s0047,9,0,60.973034
s0047,10,0,63.90617
s0047,11,0,59.231937
s0047,12,0,62.690514
s0047,13,0,67.97814
s0047,14,0,66.94001
s0047,15,0,68.54932
s0047,16,0,60.9066
s0047,17,0,73.45028
s0047,18,0,54.04832
s0047,19,0,65.95853
s0047,20,0,58.62925
s0047,21,0,67.22293
s0047,22,0,60.5123
s0047,23,0,70.90612
s0047,24,0,64.537796
s0047,25,0,66.03836
s0047,26,0,68.69497
s0047,27,0,72.226
s0047,28,0,53.280823
s0047,29,0,74.63154
s0047,30,0,54.979664
s0047,31,0,56.777313
s0047,32,0,63.87845
s0047,33,0,51.956707
s0047,34,0,65.256226
s0047,35,0,51.280643
s0047,36,0,58.105057
s0047,37,0,52.536827
s0047,38,0,62.992535
s0047,39,0,52.10978
s0047,40,0,60.56322
s0047,41,0,58.988598
s0047,42,0,51.96546
s0047,43,0,54.87007
s0047,44,0,56.708252
s0047,45,0,51.893524
s0047,46,0,51.92641
s0047,47,0,33.8885
s0047,48,0,43.707832
s0047,49,0,37.805164
s0047,50,0,52.7764
s0047,51,0,54.15705
s0047,52,0,62.937035
s0047,53,0,54.53117
s0047,54,0,56.18599
s0047,55,0,60.4992
s0047,56,0,49.846348
s0047,57,0,60.259995
s0047,58,0,47.168453
s0047,59,0,63.30193
s0047,60,0,66.07863
s0047,61,0,64.66879
s0047,62,0,69.73231
s0047,63,0,73.49575
s0047,64,0,65.17392
s0047,65,0,61.742733
s0047,66,0,76.446365
s0047,67,0,66.91221
s0047,68,0,69.77308
s0047,69,0,72.042725
s0047,70,0,67.51953
s0047,71,0,60.683903
s0047,72,0,56.851227
s0047,73,0,70.42598
s0047,74,0,75.57708
s0047,75,0,79.3648
s0047,76,0,79.231895
s0047,77,0,79.78316
s0047,78,0,76.792175
s0047,79,0,79.55794
s0047,80,0,79.645386
s0047,81,0,80.34941
s0047,82,0,64.010704
s0047,83,0,73.83733
s0047,84,0,64.3449
s0047,85,0,75.61171
s0047,86,0,69.87322
s0047,87,0,67.208725
s0047,88,0,64.52228
s0047,89,0,58.8597
s0047,90,0,50.258602
s0047,91,0,71.88363
s0047,92,0,68.22615
s0047,93,0,70.47951
s0047,94,0,75.844086
s0047,95,0,71.20771
s0048,0,0,54.367798
s0048,1,0,47.225277
s0048,2,0,43.581573
s0048,3,0,54.734737
s0048,4,0,47.84494
s0048,5,0,59.60573
s0048,6,0,44.323494
s0048,7,0,53.510563
s0048,8,0,64.66737
s0048,9,0,67.53336
s0048,10,0,65.77614
s0048,11,0,68.360985
s0048,12,0,64.51142
s0048,13,0,68.78398
s0048,14,0,61.31715
s0048,15,0,61.86567
s0048,16,0,67.20848
s0048,17,0,65.281364
s0048,18,0,69.467094
s0048,19,0,61.690784
s0048,20,0,65.58814
s0048,21,0,62.835163
s0048,22,0,58.526363
s0048,23,0,69.389725
s0048,24,0,63.616993
s0048,25,0,66.96395
s0048,26,0,71.27581
s0048,27,0,66.98889
s0048,28,0,66.9203
s0048,29,0,67.11292
s0048,30,0,65.49567
s0048,31,0,70.605774
s0048,32,0,66.83578
s0048,33,0,47.25583
s0048,34,0,37.789547
s0048,35,0,57.511513
s0048,36,0,57.397957
s0048,37,0,57.86347
s0048,38,0,58.834652
s0048,39,0,53.680298
s0048,40,0,72.080025
s0048,41,0,51.273582
s0048,42,0,56.95106
s0048,43,0,58.79786
s0048,44,0,46.965557
s0048,45,0,41.55721
s0048,46,0,27.864832
s0048,47,0,48.5735
s0048,48,0,56.34509
s0048,49,0,55.350662
s0048,50,0,53.568745
s0048,51,0,60.5146
s0048,52,0,46.64084
s0048,53,0,40.754246
s0048,54,0,45.414307
s0048,55,0,57.159184
s0048,56,0,42.60929
s0048,57,0,65.69088
s0048,58,0,59.480732
s0048,59,0,66.745865
s0048,60,0,60.245113
s0048,61,0,61.9125
s0048,62,0,66.144325
s0048,63,0,66.033165
s0048,64,0,73.60915
s0048,65,0,70.20069
s0048,66,0,69.68394
s0048,67,0,59.59956
s0048,68,0,60.260345
s0048,69,0,58.971035
s0048,70,0,51.7351
s0048,71,0,62.60426
s0048,72,0,62.783955
s0048,73,0,75.94596
s0048,74,0,78.89758
s0048,75,0,78.253685
s0048,76,0,79.52001
s0048,77,0,79.7567
s0048,78,0,80.05619
s0048,79,0,79.19384
s0048,80,0,79.25769
s0048,81,0,78.82986
s0048,82,0,65.09788
s0048,83,0,55.351166
s0048,84,0,72.40883
s0048,85,0,72.60293
s0048,86,0,82.62948
s0048,87,0,60.97741
s0048,88,0,55.771866
s0048,89,0,65.82025
s0048,90,0,54.4448
s0048,91,0,69.354744
s0048,92,0,57.16635
s0048,93,0,72.56871
s0048,94,0,64.81928
s0048,95,0,59.523586
s0049,0,0,54.283577
s0049,1,0,48.39593
s0049,2,0,41.676914
s0049,3,0,46.282944
s0049,4,0,51.931496
s0049,5,0,42.981625
s0049,6,0,57.67842
s0049,7,0,57.161648
s0049,8,0,64.47189
s0049,9,0,61.252563
s0049,10,0,58.574547
s0049,11,0,53.356117
s0049,12,0,63.99168
s0049,13,0,56.729885
s0049,14,0,69.82006
s0049,15,0,59.377953
s0049,16,0,55.719963
s0049,17,0,62.312847
s0049,18,0,63.651752
s0049,19,0,60.86992
s0049,20,0,65.21383
s0049,21,0,61.699314
s0049,22,0,54.596867
s0049,23,0,76.074974
s0049,24,0,59.073277
s0049,25,0,64.73614
s0049,26,0,57.443798
s0049,27,0,64.345474
s0049,28,0,67.26133
s0049,29,0,68.756165
s0049,30,0,58.1258
s0049,31,0,65.92927
s0049,32,0,58.903408
s0049,33,0,48.470936
s0049,34,0,54.068436
s0049,35,0,54.91485
s0049,36,0,29.040567
s0049,37,0,57.177277
s0049,38,0,44.631184
s0049,39,0,56.981728
s0049,40,0,71.67192
s0049,41,0,61.4799
s0049,42,0,63.225574
s0049,43,0,48.40949
s0049,44,0,37.79647
s0049,45,0,36.26827
s0049,46,0,46.505505
s0049,47,0,29.723152
s0049,48,0,56.97709
s0049,49,0,55.16823
s0049,50,0,34.75702
s0049,51,0,56.486664
s0049,52,0,48.34493
s0049,53,0,64.32521
s0049,54,0,47.819065
s0049,55,0,56.346504
s0049,56,0,48.981625
s0049,57,0,63.38918
s0049,58,0,55.855633
s0049,59,0,66.206825
s0049,60,0,62.472485
s0049,61,0,62.640682
s0049,62,0,76.65822
s0049,63,0,65.397194
s0049,64,0,62.618034
s0049,65,0,65.00633
s0049,66,0,66.08646
s0049,67,0,61.54175
s0049,68,0,66.88868
s0049,69,0,69.288574
s0049,70,0,45.66187
s0049,71,0,51.9328
s0049,72,0,62.973747
s0049,73,0,64.76442
s0049,74,0,74.85841
s0049,75,0,80.11733
s0049,76,0,79.4792
s0049,77,0,79.93554
s0049,78,0,76.524506
s0049,79,0,79.4008
s0049,80,0,80.105194
s0049,81,0,77.731514
s0049,82,0,60.674458
s0049,83,0,66.68981
s0049,84,0,70.314705
s0049,85,0,74.96329
s0049,86,0,64.72412
s0049,87,0,60.919693
s0049,88,0,58.31228
s0049,89,0,54.976543
s0049,90,0,48.849327
s0049,91,0,70.11659
s0049,92,0,65.388466
s0049,93,0,69.74947
s0049,94,0,69.01996
s0049,95,0,64.683105
s0050,0,0,57.59342
s0050,1,0,53.900917
s0050,2,0,51.40759
s0050,3,0,48.98228
s0050,4,0,62.07529
s0050,5,0,64.78571
s0050,6,0,49.071938
s0050,7,0,58.827183
s0050,8,0,62.922165
s0050,9,0,54.02359
s0050,10,0,57.64665
s0050,11,0,63.958485
s0050,12,0,64.07109
s0050,13,0,67.57201
s0050,14,0,63.50793
s0050,15,0,67.598724
s0050,16,0,67.26629
s0050,17,0,56.003895
s0050,18,0,57.82986
s0050,19,0,59.254784
s0050,20,0,64.317245
s0050,21,0,60.781277
s0050,22,0,67.38039
s0050,23,0,73.82807
s0050,24,0,62.07053
s0050,25,0,72.131874
s0050,26,0,62.14164
s0050,27,0,62.322483
s0050,28,0,71.39053
s0050,29,0,70.366066
s0050,30,0,67.57729
s0050,31,0,61.828705
s0050,32,0,57.43882
s0050,33,0,59.204876
s0050,34,0,65.65806
s0050,35,0,49.16672
s0050,36,0,54.420013
s0050,37,0,56.90932
s0050,38,0,54.175415
s0050,39,0,63.21355
s0050,40,0,61.103973
s0050,41,0,43.250286
s0050,42,0,39.660885
s0050,43,0,61.199345
s0050,44,0,60.994328
s0050,45,0,60.029877
s0050,46,0,37.736477
s0050,47,0,73.64427
s0050,48,0,60.397343
s0050,49,0,43.62845
s0050,50,0,55.640053
s0050,51,0,53.39889
s0050,52,0,52.97114
s0050,53,0,58.847282
s0050,54,0,53.107143
s0050,55,0,43.594273
s0050,56,0,56.56855
s0050,57,0,63.972916
s0050,58,0,70.8712
s0050,59,0,66.41725
s0050,60,0,68.534134
s0050,61,0,70.81755
s0050,62,0,70.38662
s0050,63,0,73.5816
s0050,64,0,58.53128
s0050,65,0,70.02342
s0050,66,0,64.13478
s0050,67,0,66.0652
s0050,68,0,67.37762
s0050,69,0,69.43263
s0050,70,0,63.769978
s0050,71,0,63.869728
s0050,72,0,65.27822
s0050,73,0,80.99756
s0050,74,0,79.476776
s0050,75,0,79.85312
s0050,76,0,79.83341
s0050,77,0,80.65684
s0050,78,0,80.572914
s0050,79,0,79.95399
s0050,80,0,79.96714
s0050,81,0,79.11623
s0050,82,0,69.06396
s0050,83,0,67.304276
s0050,84,0,75.34321
s0050,85,0,72.142944
s0050,86,0,70.23947
s0050,87,0,70.75145
s0050,88,0,63.19923
s0050,89,0,65.05035
s0050,90,0,64.026566
s0050,91,0,66.76643
s0050,92,0,77.07451
s0050,93,0,67.74034
s0050,94,0,69.591934
s0050,95,0,69.008156
s0051,0,0,58.416084
s0051,1,0,43.361324
s0051,2,0,39.962013
s0051,3,0,50.2916
s0051,4,0,44.242687
s0051,5,0,53.831604
s0051,6,0,56.908768
s0051,7,0,55.547333
s0051,8,0,59.06116
s0051,9,0,64.27841
s0051,10,0,61.837692
s0051,11,0,66.98205
s0051,12,0,68.59827
s0051,13,0,64.76293
s0051,14,0,58.888733
s0051,15,0,61.508335
s0051,16,0,73.63856
s0051,17,0,60.680954
s0051,18,0,63.396393
s0051,19,0,55.256935
s0051,20,0,67.0246
s0051,21,0,69.24403
s0051,22,0,60.568096
s0051,23,0,68.501015
s0051,24,0,72.40094
s0051,25,0,72.61652
s0051,26,0,74.807594
s0051,27,0,74.96149
s0051,28,0,71.88452
s0051,29,0,69.9527
s0051,30,0,58.19857
s0051,31,0,65.14688
s0051,32,0,55.5664
s0051,33,0,50.59832
s0051,34,0,49.95855
s0051,35,0,60.35927
s0051,36,0,51.72559
s0051,37,0,54.70181
s0051,38,0,56.132584
s0051,39,0,63.735237
s0051,40,0,64.5236
s0051,41,0,50.450237
s0051,42,0,58.83488
s0051,43,0,42.572285
s0051,44,0,51.310932
s0051,45,0,66.70669
s0051,46,0,44.592884
s0051,47,0,55.028976
s0051,48,0,49.092712
s0051,49,0,61.493103
s0051,50,0,51.68751
s0051,51,0,60.89541
s0051,52,0,52.235413
s0051,53,0,55.60541
s0051,54,0,50.078796
s0051,55,0,56.67123
s0051,56,0,58.5539
s0051,57,0,70.13233
s0051,58,0,51.952244
s0051,59,0,64.434
s0051,60,0,64.12196
s0051,61,0,58.364094
s0051,62,0,71.61228
s0051,63,0,72.341064
s0051,64,0,68.14558
s0051,65,0,65.55243
s0051,66,0,63.15956
s0051,67,0,67.11941
s0051,68,0,66.86798
s0051,69,0,57.770504
s0051,70,0,56.480106
s0051,71,0,68.51483
s0051,72,0,58.776363
s0051,73,0,71.4701
s0051,74,0,74.91819
s0051,75,0,79.91248
s0051,76,0,79.589516
s0051,77,0,79.99903
s0051,78,0,77.65363
s0051,79,0,79.57458
s0051,80,0,79.186
s0051,81,0,78.632164
s0051,82,0,61.071068
s0051,83,0,65.08623
s0051,84,0,65.937355
s0051,85,0,66.73728
s0051,86,0,68.18671
s0051,87,0,65.407906
s0051,88,0,67.40903
s0051,89,0,61.359833
s0051,90,0,59.693447
s0051,91,0,69.58473
s0051,92,0,65.85694
s0051,93,0,61.682858
s0051,94,0,68.98673
s0051,95,0,66.62508
s0052,0,0,53.050537
s0052,1,0,46.956734
s0052,2,0,53.24748
s0052,3,0,43.56465
s0052,4,0,46.280785
s0052,5,0,50.81683
s0052,6,0,52.97491
s0052,7,0,58.786125
s0052,8,0,58.929665
s0052,9,0,52.361164
s0052,10,0,66.47539
s0052,11,0,66.72136
s0052,12,0,71.39682
s0052,13,0,59.518394
s0052,14,0,65.79301
s0052,15,0,65.59287
s0052,16,0,71.00068
s0052,17,0,67.0605
s0052,18,0,61.97433
s0052,19,0,74.60597
s0052,20,0,69.03644
s0052,21,0,73.302795
s0052,22,0,56.43584
s0052,23,0,66.77718
s0052,24,0,67.98215
s0052,25,0,63.52074
s0052,26,0,67.909294
s0052,27,0,63.008995
s0052,28,0,74.13703
s0052,29,0,59.188297
s0052,30,0,54.900204
s0052,31,0,58.43758
s0052,32,0,51.610916
s0052,33,0,58.094757
s0052,34,0,55.333965
s0052,35,0,53.016132
s0052,36,0,44.87995
s0052,37,0,60.085606
s0052,38,0,69.564125
s0052,39,0,50.65109
s0052,40,0,42.710796
s0052,41,0,59.68685
s0052,42,0,38.69622
s0052,43,0,57.490303
s0052,44,0,40.78945
s0052,45,0,49.383575
s0052,46,0,45.59922
s0052,47,0,18.0802
s0052,48,0,49.90284
s0052,49,0,41.47489
s0052,50,0,55.04315
s0052,51,0,53.228714
s0052,52,0,46.15865
s0052,53,0,46.923122
s0052,54,0,68.003975
s0052,55,0,51.94245
s0052,56,0,55.599102
s0052,57,0,58.196312
s0052,58,0,53.423195
s0052,59,0,67.02007
s0052,60,0,55.65941
s0052,61,0,77.28938
s0052,62,0,71.19885
s0052,63,0,69.54252
s0052,64,0,63.643616
s0052,65,0,59.28636
s0052,66,0,72.370186
s0052,67,0,61.992947
s0052,68,0,62.49866
s0052,69,0,63.03199
s0052,70,0,54.849373
s0052,71,0,55.946087
s0052,72,0,63.060505
s0052,73,0,61.527008
s0052,74,0,75.642815
s0052,75,0,78.25531
s0052,76,0,79.15296
s0052,77,0,78.92323
s0052,78,0,75.54894
s0052,79,0,78.531006
s0052,80,0,78.94427
s0052,81,0,78.77104
s0052,82,0,60.12256
s0052,83,0,62.593067
s0052,84,0,61.399868
s0052,85,0,68.51734
s0052,86,0,63.40211
s0052,87,0,61.197487
s0052,88,0,65.22073
s0052,89,0,55.10038
s0052,90,0,53.57985
s0052,91,0,61.45349
s0052,92,0,58.994514
s0052,93,0,77.08612
s0052,94,0,66.03786
s0052,95,0,74.68228
s0053,0,0,55.313206
s0053,1,0,48.58786
s0053,2,0,45.001842
s0053,3,0,52.37824
s0053,4,0,53.694904
s0053,5,0,51.91338
s0053,6,0,45.212997
s0053,7,0,61.90916
s0053,8,0,53.26322
s0053,9,0,64.41092
s0053,10,0,65.07187
s0053,11,0,60.26018
s0053,12,0,66.632095
s0053,13,0,61.17595
s0053,14,0,64.2795
s0053,15,0,60.503723
s0053,16,0,62.035763
s0053,17,0,65.57759
s0053,18,0,62.79819
s0053,19,0,63.59947
s0053,20,0,68.15522
s0053,21,0,66.603325
s0053,22,0,67.84442
s0053,23,0,71.405495
s0053,24,0,75.42587
s0053,25,0,64.79735
s0053,26,0,67.79734
s0053,27,0,64.609215
s0053,28,0,75.30439
s0053,29,0,68.480736
s0053,30,0,61.748898
s0053,31,0,69.08276
s0053,32,0,64.0162
s0053,33,0,56.226093
s0053,34,0,54.396114
s0053,35,0,56.84754
s0053,36,0,54.12038
s0053,37,0,67.845245
s0053,38,0,53.70422
s0053,39,0,24.388166
s0053,40,0,58.812546
s0053,41,0,54.267586
s0053,42,0,43.822968
s0053,43,0,45.707817
s0053,44,0,44.174145
s0053,45,0,54.518764
s0053,46,0,49.507748
s0053,47,0,38.30452
s0053,48,0,58.752583
s0053,49,0,46.657436
s0053,50,0,59.02263
s0053,51,0,46.97106
s0053,52,0,56.931324
s0053,53,0,48.95701
s0053,54,0,45.242886
s0053,55,0,48.885666
s0053,56,0,50.048626
s0053,57,0,65.00331
s0053,58,0,55.32886
s0053,59,0,67.46757
s0053,60,0,67.62534
s0053,61,0,51.087887
s0053,62,0,79.52263
s0053,63,0,68.73969
s0053,64,0,63.16909
s0053,65,0,61.074665
s0053,66,0,75.25824
s0053,67,0,62.54978
s0053,68,0,69.92896
s0053,69,0,60.628033
s0053,70,0,57.63394
s0053,71,0,60.76523
s0053,72,0,66.46262
s0053,73,0,72.47754
s0053,74,0,83.05076
s0053,75,0,79.57409
s0053,76,0,78.92762
s0053,77,0,79.44277
s0053,78,0,76.96535
s0053,79,0,78.33563
s0053,80,0,80.09627
s0053,81,0,78.86819
s0053,82,0,70.77245
s0053,83,0,64.05551
s0053,84,0,68.81276
s0053,85,0,72.211815
s0053,86,0,71.57225
s0053,87,0,61.21846
s0053,88,0,61.13048
s0053,89,0,56.152973
s0053,90,0,51.60181
s0053,91,0,71.046486
s0053,92,0,61.636654
s0053,93,0,63.814575
s0053,94,0,68.49008
s0053,95,0,65.97638
s0054,0,0,55.21933
s0054,1,0,44.405643
s0054,2,0,50.80749
s0054,3,0,47.90658
s0054,4,0,56.071487
s0054,5,0,58.687527
s0054,6,0,62.596138
s0054,7,0,42.022083
s0054,8,0,53.93299
s0054,9,0,60.011566
s0054,10,0,60.02136
s0054,11,0,61.882393
s0054,12,0,68.69659
s0054,13,0,64.65615
s0054,14,0,59.036163
s0054,15,0,66.28335
s0054,16,0,69.39506
s0054,17,0,66.067154
s0054,18,0,60.57424
s0054,19,0,57.75265
s0054,20,0,69.25995
s0054,21,0,63.742416
s0054,22,0,68.57292
s0054,23,0,67.96599
s0054,24,0,63.341465
s0054,25,0,67.758736
s0054,26,0,67.138824
s0054,27,0,63.323666
s0054,28,0,71.822266
s0054,29,0,70.02492
s0054,30,0,50.43362
s0054,31,0,56.523552
s0054,32,0,65.61617
s0054,33,0,55.013954
s0054,34,0,48.139084
s0054,35,0,58.05538
s0054,36,0,62.78017
s0054,37,0,59.7513
s0054,38,0,65.457275
s0054,39,0,58.78333
s0054,40,0,39.714466
s0054,41,0,37.34272
s0054,42,0,54.96911
s0054,43,0,45.644714
s0054,44,0,74.456505
s0054,45,0,43.081528
s0054,46,0,60.2216
s0054,47,0,56.48724
s0054,48,0,48.684566
s0054,49,0,57.38509
s0054,50,0,49.426178
s0054,51,0,58.871883
s0054,52,0,41.84904
s0054,53,0,54.911938
s0054,54,0,48.999928
s0054,55,0,54.947296
s0054,56,0,58.437603
s0054,57,0,63.85503
s0054,58,0,61.589855
s0054,59,0,65.128044
s0054,60,0,60.11163
s0054,61,0,72.52969
s0054,62,0,71.77352
s0054,63,0,77.338745
s0054,64,0,62.5578
s0054,65,0,71.796936
s0054,66,0,74.014915
s0054,67,0,54.52427
s0054,68,0,64.68321
s0054,69,0,68.88893
s0054,70,0,58.955826
s0054,71,0,66.64652
s0054,72,0,60.893738
s0054,73,0,70.164116
s0054,74,0,72.90422
s0054,75,0,79.579414
s0054,76,0,79.34864
s0054,77,0,78.95784
s0054,78,0,78.34196
s0054,79,0,79.69027
s0054,80,0,79.40234
s0054,81,0,79.84643
s0054,82,0,62.591522
s0054,83,0,68.3783
s0054,84,0,70.197716
s0054,85,0,78.298965
s0054,86,0,63.497562
s0054,87,0,68.89224
s0054,88,0,68.47538
s0054,89,0,59.235905
s0054,90,0,52.562756
s0054,91,0,79.13182
s0054,92,0,66.03495
s0054,93,0,69.62478
s0054,94,0,73.434525
s0054,95,0,72.8199
s0055,0,0,47.296173
s0055,1,0,52.76514
s0055,2,0,47.04379
s0055,3,0,53.909542
s0055,4,0,50.428772
s0055,5,0,57.55116
s0055,6,0,51.984283
s0055,7,0,51.77535
s0055,8,0,66.28583
s0055,9,0,58.915993
s0055,10,0,61.673122
s0055,11,0,61.235424
s0055,12,0,68.84903
s0055,13,0,64.87788
s0055,14,0,68.22861
s0055,15,0,69.2668
s0055,16,0,64.89691
s0055,17,0,63.87985
s0055,18,0,61.45869
s0055,19,0,73.29071
s0055,20,0,68.71534
s0055,21,0,66.41493
s0055,22,0,63.124996
s0055,23,0,70.36964
s0055,24,0,68.23691
s0055,25,0,62.429573
s0055,26,0,69.58956
s0055,27,0,62.020622
s0055,28,0,69.48828
s0055,29,0,69.10762
s0055,30,0,55.66688
s0055,31,0,61.64664
s0055,32,0,58.474274
s0055,33,0,50.140594
s0055,34,0,51.8798
s0055,35,0,60.412006
s0055,36,0,54.48929
s0055,37,0,59.80447
s0055,38,0,58.611
s0055,39,0,61.007343
s0055,40,0,57.674404
s0055,41,0,55.627903
s0055,42,0,45.657658
s0055,43,0,35.326546
s0055,44,0,51.46102
s0055,45,0,49.43131
s0055,46,0,49.41655
s0055,47,0,57.285282
s0055,48,0,38.232964
s0055,49,0,63.541603
s0055,50,0,51.73147
s0055,51,0,64.89306
s0055,52,0,60.81264
s0055,53,0,42.428265
s0055,54,0,63.30302
s0055,55,0,53.469093
s0055,56,0,47.470943
s0055,57,0,57.430206
s0055,58,0,61.834854
s0055,59,0,69.47693
s0055,60,0,60.229362
s0055,61,0,64.64843
s0055,62,0,73.33805
s0055,63,0,68.48786
s0055,64,0,67.58745
s0055,65,0,69.50549
s0055,66,0,77.17187
s0055,67,0,64.5191
s0055,68,0,66.92199
s0055,69,0,56.66325
s0055,70,0,56.394566
s0055,71,0,65.38593
s0055,72,0,52.16993
s0055,73,0,71.727325
s0055,74,0,71.98593
s0055,75,0,78.77604
s0055,76,0,65.320694
s0055,77,0,79.20078
s0055,78,0,75.98162
s0055,79,0,79.38024
s0055,80,0,78.01773
s0055,81,0,80.22891
s0055,82,0,65.10084
s0055,83,0,60.699833
s0055,84,0,64.56899
s0055,85,0,75.24477
s0055,86,0,66.98721
s0055,87,0,59.535973
s0055,88,0,57.28935
s0055,89,0,56.089046
s0055,90,0,53.586906
s0055,91,0,78.03715
s0055,92,0,69.498886
s0055,93,0,68.768814
s0055,94,0,73.20196
s0055,95,0,73.51058
s0056,0,0,48.315502
s0056,1,0,45.89906
s0056,2,0,45.886505
s0056,3,0,39.546158
s0056,4,0,52.970207
s0056,5,0,52.197342
s0056,6,0,51.214478
s0056,7,0,59.26328
s0056,8,0,51.524277
s0056,9,0,59.150116
s0056,10,0,52.145607
s0056,11,0,56.547657
s0056,12,0,77.86267
s0056,13,0,58.234447
s0056,14,0,63.20382
s0056,15,0,69.589554
s0056,16,0,68.778984
s0056,17,0,63.02844
s0056,18,0,66.77262
s0056,19,0,65.64904
s0056,20,0,68.329895
s0056,21,0,65.80052
s0056,22,0,61.235462
s0056,23,0,70.86629
s0056,24,0,70.5939
s0056,25,0,51.98636
s0056,26,0,69.46786
s0056,27,0,64.368126
s0056,28,0,65.13063
s0056,29,0,68.51604
s0056,30,0,71.24275
s0056,31,0,60.47031
s0056,32,0,48.92633
s0056,33,0,50.46787
s0056,34,0,46.51823
s0056,35,0,58.669216
s0056,36,0,52.579147
s0056,37,0,49.808178
s0056,38,0,56.28334
s0056,39,0,57.620564
s0056,40,0,63.839046
s0056,41,0,67.31669
s0056,42,0,45.46215
s0056,43,0,50.783756
s0056,44,0,45.81877
s0056,45,0,59.638195
s0056,46,0,40.036705
s0056,47,0,29.932056
s0056,48,0,41.208256
s0056,49,0,40.412254
s0056,50,0,48.43395
s0056,51,0,53.920074
s0056,52,0,49.8032
s0056,53,0,41.64861
s0056,54,0,49.27922
s0056,55,0,60.82211
s0056,56,0,52.84127
s0056,57,0,72.13234
s0056,58,0,62.090042
s0056,59,0,63.883434
s0056,60,0,55.037003
s0056,61,0,57.835144
s0056,62,0,67.13739
s0056,63,0,70.23297
s0056,64,0,61.88121
s0056,65,0,69.18027
s0056,66,0,62.791508
s0056,67,0,68.38055
s0056,68,0,63.066036
s0056,69,0,64.16025
s0056,70,0,66.362656
s0056,71,0,58.206207
s0056,72,0,69.57368
s0056,73,0,69.229774
s0056,74,0,76.44657
s0056,75,0,80.502594
s0056,76,0,80.1438
s0056,77,0,79.29676
s0056,78,0,73.13421
s0056,79,0,79.47021
s0056,80,0,80.465965
s0056,81,0,76.370125
s0056,82,0,62.99346
s0056,83,0,71.38467
s0056,84,0,73.99906
s0056,85,0,70.18682
s0056,86,0,55.71779
s0056,87,0,59.507015
s0056,88,0,64.33218
s0056,89,0,50.363644
s0056,90,0,61.997883
s0056,91,0,71.18825
s0056,92,0,69.4363
s0056,93,0,65.90574
s0056,94,0,68.430405
s0056,95,0,62.851967
s0057,0,0,56.280033
s0057,1,0,47.113415
s0057,2,0,36.99746
s0057,3,0,42.198215
s0057,4,0,55.920647
s0057,5,0,53.21466
s0057,6,0,54.884457
s0057,7,0,62.688725
s0057,8,0,61.66269
s0057,9,0,53.342693
s0057,10,0,66.7248
s0057,11,0,64.61109
s0057,12,0,61.038475
s0057,13,0,61.14105
s0057,14,0,65.57253
s0057,15,0,61.081593
s0057,16,0,64.11022
s0057,17,0,68.355896
s0057,18,0,69.7287
s0057,19,0,66.28627
s0057,20,0,67.44734
s0057,21,0,66.67437
s0057,22,0,61.621166
s0057,23,0,65.42912
s0057,24,0,63.550068
s0057,25,0,65.17106
s0057,26,0,66.8392
s0057,27,0,65.85667
s0057,28,0,72.49261
s0057,29,0,76.55411
s0057,30,0,51.216125
s0057,31,0,71.30408
s0057,32,0,61.426117
s0057,33,0,49.076385
s0057,34,0,45.0665
s0057,35,0,55.854267
s0057,36,0,56.199677
s0057,37,0,61.17363
s0057,38,0,58.154003
s0057,39,0,57.835537
s0057,40,0,61.841526
s0057,41,0,44.235214
s0057,42,0,49.720554
s0057,43,0,55.93747
s0057,44,0,35.399124
s0057,45,0,42.25056
s0057,46,0,30.765629
s0057,47,0,45.896805
s0057,48,0,51.712887
s0057,49,0,46.6106
s0057,50,0,38.35873
s0057,51,0,44.56599
s0057,52,0,57.043606
s0057,53,0,53.625736
s0057,54,0,36.203262
s0057,55,0,70.88805
s0057,56,0,54.837574
s0057,57,0,62.88706
s0057,58,0,57.093697
s0057,59,0,63.753963
s0057,60,0,60.831856
s0057,61,0,68.6817
s0057,62,0,71.985245
s0057,63,0,73.563194
s0057,64,0,69.43452
s0057,65,0,61.149998
s0057,66,0,70.16865
s0057,67,0,60.932907
s0057,68,0,66.761185
s0057,69,0,70.466255
s0057,70,0,57.237328
s0057,71,0,57.865936
s0057,72,0,62.096756
s0057,73,0,66.59641
s0057,74,0,82.07759
s0057,75,0,79.50651
s0057,76,0,79.196396
s0057,77,0,80.10851
s0057,78,0,78.99638
s0057,79,0,79.178856
s0057,80,0,79.51107
s0057,81,0,77.59328
s0057,82,0,57.9321
s0057,83,0,62.38651
s0057,84,0,64.13381
s0057,85,0,78.81309
s0057,86,0,69.08109
s0057,87,0,54.74707
s0057,88,0,56.203426
s0057,89,0,57.796196
s0057,90,0,62.61081
s0057,91,0,68.79349
s0057,92,0,67.23323
s0057,93,0,68.68819
s0057,94,0,72.988014
s0057,95,0,57.314934
s0058,0,0,53.29715
s0058,1,0,62.55086
s0058,2,0,41.669197
s0058,3,0,46.628746
s0058,4,0,56.463314
s0058,5,0,59.152504
s0058,6,0,52.58415
s0058,7,0,51.120735
s0058,8,0,62.259247
s0058,9,0,56.702293
s0058,10,0,57.179455
s0058,11,0,67.46392
s0058,12,0,74.47139
s0058,13,0,64.17993
s0058,14,0,64.74891
s0058,15,0,63.388416
s0058,16,0,71.84969
s0058,17,0,65.01164
s0058,18,0,63.688316
s0058,19,0,68.141106
s0058,20,0,68.83161
s0058,21,0,75.45196
s0058,22,0,71.83429
s0058,23,0,68.465515
s0058,24,0,73.34502
s0058,25,0,66.40095
s0058,26,0,66.13747
s0058,27,0,60.660515
s0058,28,0,75.00057
s0058,29,0,69.47279
s0058,30,0,62.08996
s0058,31,0,68.40105
s0058,32,0,60.646427
s0058,33,0,69.104675
s0058,34,0,51.186935
s0058,35,0,61.05578
s0058,36,0,52.307648
s0058,37,0,55.18092
s0058,38,0,51.04031
s0058,39,0,46.409687
s0058,40,0,57.56247
s0058,41,0,62.599373
s0058,42,0,65.88055
s0058,43,0,42.024685
s0058,44,0,40.58538
s0058,45,0,59.50983
s0058,46,0,53.89819
s0058,47,0,50.689705
s0058,48,0,50.48409
s0058,49,0,38.073128
s0058,50,0,40.90647
s0058,51,0,44.727936
s0058,52,0,54.453617
s0058,53,0,47.953274
s0058,54,0,52.19703
s0058,55,0,65.12925
s0058,56,0,51.71032
s0058,57,0,64.08436
s0058,58,0,55.641273
s0058,59,0,63.992214
s0058,60,0,63.466396
s0058,61,0,66.2889
s0058,62,0,69.66592
s0058,63,0,74.24863
s0058,64,0,70.49407
s0058,65,0,72.22989
s0058,66,0,72.6154
s0058,67,0,67.59455
s0058,68,0,66.88882
s0058,69,0,57.462555
s0058,70,0,62.570675
s0058,71,0,53.504387
s0058,72,0,58.867798
s0058,73,0,78.959755
s0058,74,0,79.0979
s0058,75,0,79.94135
s0058,76,0,78.417244
s0058,77,0,80.04282
s0058,78,0,77.76464
s0058,79,0,81.86016
s0058,80,0,78.18989
s0058,81,0,77.98911
s0058,82,0,66.53715
s0058,83,0,64.12555
s0058,84,0,78.331215
s0058,85,0,73.6006
s0058,86,0,63.04534
s0058,87,0,55.567596
s0058,88,0,57.82205
s0058,89,0,57.882347
s0058,90,0,59.928173
s0058,91,0,69.36016
s0058,92,0,58.655323
s0058,93,0,72.48315
s0058,94,0,73.1894
s0058,95,0,70.450966
s0059,0,0,51.088455
s0059,1,0,44.428722
s0059,2,0,49.030773
s0059,3,0,52.986744
s0059,4,0,52.922657
s0059,5,0,56.041924
s0059,6,0,52.63405
s0059,7,0,56.894077
s0059,8,0,69.28972
s0059,9,0,58.13652
s0059,10,0,70.07782
s0059,11,0,55.411633
s0059,12,0,61.69494
s0059,13,0,62.518085
s0059,14,0,58.828243
s0059,15,0,69.55506
s0059,16,0,70.90308
s0059,17,0,68.15325
s0059,18,0,69.275925
s0059,19,0,63.621994
s0059,20,0,76.83424
s0059,21,0,56.055424
s0059,22,0,48.82705
s0059,23,0,74.17184
s0059,24,0,63.620354
s0059,25,0,67.71312
s0059,26,0,71.644295
s0059,27,0,54.829296
s0059,28,0,73.50353
s0059,29,0,71.70681
s0059,30,0,58.428448
s0059,31,0,64.49403
s0059,32,0,57.745102
s0059,33,0,61.555477
s0059,34,0,58.772423
s0059,35,0,50.979794
s0059,36,0,58.211994
s0059,37,0,59.22992
s0059,38,0,45.003914
s0059,39,0,55.46896
s0059,40,0,65.14916
s0059,41,0,57.763725
s0059,42,0,43.745174
s0059,43,0,42.964417
s0059,44,0,26.639004
s0059,45,0,53.936874
s0059,46,0,59.42977
s0059,47,0,48.191612
s0059,48,0,36.5864
s0059,49,0,52.937008
s0059,50,0,45.59694
s0059,51,0,65.755646
s0059,52,0,35.95158
s0059,53,0,52.54525
s0059,54,0,49.22542
s0059,55,0,51.84836
s0059,56,0,61.213028
s0059,57,0,58.781693
s0059,58,0,52.600395
s0059,59,0,68.27995
s0059,60,0,57.77162
s0059,61,0,65.17522
s0059,62,0,69.2995
s0059,63,0,73.82741
s0059,64,0,60.585205
s0059,65,0,71.18188
s0059,66,0,68.56353
s0059,67,0,67.66213
s0059,68,0,68.46638
s0059,69,0,60.944885
s0059,70,0,59.021694
s0059,71,0,58.450928
s0059,72,0,63.65901
s0059,73,0,71.709404
s0059,74,0,79.83868
s0059,75,0,79.115234
s0059,76,0,78.601234
s0059,77,0,78.16784
s0059,78,0,78.18536
s0059,79,0,78.79871
s0059,80,0,78.1136
s0059,81,0,77.555046
s0059,82,0,61.859676
s0059,83,0,69.55004
s0059,84,0,69.91924
s0059,85,0,73.01509
s0059,86,0,58.65056
s0059,87,0,60.509197
s0059,88,0,65.489395
s0059,89,0,65.80452
s0059,90,0,51.684944
s0059,91,0,73.56886
s0059,92,0,52.789898
s0059,93,0,70.08521
s0059,94,0,76.351906
s0059,95,0,65.05505
s0060,0,0,42.2468
s0060,1,0,53.311054
s0060,2,0,47.678284
s0060,3,0,36.921436
s0060,4,0,49.212624
s0060,5,0,61.580597
s0060,6,0,57.450836
s0060,7,0,49.853535
s0060,8,0,64.31738
s0060,9,0,55.466057
s0060,10,0,56.77052
s0060,11,0,60.340435
s0060,12,0,63.31693
s0060,13,0,64.50547
s0060,14,0,64.914444
s0060,15,0,66.291275
s0060,16,0,59.796
s0060,17,0,63.559746
s0060,18,0,70.35538
s0060,19,0,58.930794
s0060,20,0,66.00564
s0060,21,0,71.110245
s0060,22,0,61.744442
s0060,23,0,73.80742
s0060,24,0,66.066795
s0060,25,0,66.70142
s0060,26,0,72.76161
s0060,27,0,67.289314
s0060,28,0,68.22605
s0060,29,0,69.36914
s0060,30,0,52.84177
s0060,31,0,59.03417
s0060,32,0,62.292435
s0060,33,0,53.767414
s0060,34,0,51.976143
s0060,35,0,48.17132
s0060,36,0,54.569504
s0060,37,0,56.356796
s0060,38,0,60.874714
s0060,39,0,45.652275
s0060,40,0,61.464104
s0060,41,0,49.60326
s0060,42,0,49.23821
s0060,43,0,52.42014
s0060,44,0,46.094864
s0060,45,0,59.592724
s0060,46,0,36.151848
s0060,47,0,51.544
s0060,48,0,32.53991
s0060,49,0,21.45607
s0060,50,0,31.917149
s0060,51,0,43.36896
s0060,52,0,51.358887
s0060,53,0,63.167107
s0060,54,0,52.97603
s0060,55,0,50.472755
s0060,56,0,62.220093
s0060,57,0,69.13784
s0060,58,0,62.936836
s0060,59,0,63.734535
s0060,60,0,63.731865
s0060,61,0,62.760143
s0060,62,0,66.60685
s0060,63,0,76.18279
s0060,64,0,59.120903
s0060,65,0,58.429398
s0060,66,0,69.989975
s0060,67,0,71.217094
s0060,68,0,70.41252
s0060,69,0,58.12684
s0060,70,0,62.5355
s0060,71,0,64.38913
s0060,72,0,61.113037
s0060,73,0,68.43752
s0060,74,0,75.40259
s0060,75,0,78.79431
s0060,76,0,78.932076
s0060,77,0,80.07122
s0060,78,0,79.96134
s0060,79,0,79.90776
s0060,80,0,78.591866
s0060,81,0,78.88109
s0060,82,0,55.3066
s0060,83,0,65.09769
s0060,84,0,56.778744
s0060,85,0,67.0655
s0060,86,0,62.292206
s0060,87,0,59.930428
s0060,88,0,47.41924
s0060,89,0,62.818256
s0060,90,0,60.206852
s0060,91,0,67.59057
s0060,92,0,72.80477
s0060,93,0,66.24871
s0060,94,0,59.38089
s0060,95,0,63.799694
s0061,0,0,49.6061
s0061,1,0,33.66768
s0061,2,0,39.129524
s0061,3,0,49.052963
s0061,4,0,48.069424
s0061,5,0,49.85305
s0061,6,0,54.857185
s0061,7,0,55.70816
s0061,8,0,62.19454
s0061,9,0,56.817528
s0061,10,0,56.967705
s0061,11,0,68.53354
s0061,12,0,63.314205
s0061,13,0,62.39971
s0061,14,0,63.89531
s0061,15,0,66.65192
s0061,16,0,65.73463
s0061,17,0,66.48201
s0061,18,0,54.802994
s0061,19,0,63.240253
s0061,20,0,70.68107
s0061,21,0,68.022095
s0061,22,0,60.57147
s0061,23,0,70.85047
s0061,24,0,76.00911
s0061,25,0,78.509224
s0061,26,0,78.46546
s0061,27,0,64.40493
s0061,28,0,69.103714
s0061,29,0,64.08025
s0061,30,0,55.939556
s0061,31,0,60.232655
s0061,32,0,61.79775
s0061,33,0,45.65167
s0061,34,0,40.657692
s0061,35,0,52.262257
s0061,36,0,56.47561
s0061,37,0,66.849236
s0061,38,0,55.878387
s0061,39,0,56.498226
s0061,40,0,60.630222
s0061,41,0,46.15779
s0061,42,0,46.10629
s0061,43,0,51.40158
s0061,44,0,51.10214
s0061,45,0,56.970734
s0061,46,0,44.96621
s0061,47,0,20.038757
s0061,48,0,30.610922
s0061,49,0,47.359524
s0061,50,0,48.137966
s0061,51,0,42.895123
s0061,52,0,49.86056
s0061,53,0,54.34039
s0061,54,0,67.38791
s0061,55,0,54.712658
s0061,56,0,45.329536
s0061,57,0,70.07529
s0061,58,0,55.98516
s0061,59,0,63.5202
s0061,60,0,61.923477
s0061,61,0,68.93139
s0061,62,0,70.76173
s0061,63,0,70.6392
s0061,64,0,58.529335
s0061,65,0,63.379658
s0061,66,0,73.203
s0061,67,0,60.216286
s0061,68,0,64.08574
s0061,69,0,61.752724
s0061,70,0,58.09195
s0061,71,0,62.320393
s0061,72,0,72.66351
s0061,73,0,63.08539
s0061,74,0,79.44689
s0061,75,0,79.202065
s0061,76,0,80.19683
s0061,77,0,78.827614
s0061,78,0,76.589195
s0061,79,0,79.82976
s0061,80,0,78.40257
s0061,81,0,75.37321
s0061,82,0,61.392548
s0061,83,0,65.690475
s0061,84,0,70.16138
s0061,85,0,72.04344
s0061,86,0,69.75779
s0061,87,0,60.3336
s0061,88,0,55.679672
s0061,89,0,63.630306
s0061,90,0,43.261368
s0061,91,0,65.94977
s0061,92,0,63.778378
s0061,93,0,70.963875
s0061,94,0,65.098656
s0061,95,0,70.77019
s0062,0,0,54.83609
s0062,1,0,47.281292
s0062,2,0,52.906754
s0062,3,0,49.166862
s0062,4,0,58.016823
s0062,5,0,44.762787
s0062,6,0,51.45572
s0062,7,0,53.57252
s0062,8,0,63.741894
s0062,9,0,64.0142
s0062,10,0,64.54847
s0062,11,0,68.88749
s0062,12,0,69.23191
s0062,13,0,58.659027
s0062,14,0,59.121265
s0062,15,0,62.40663
s0062,16,0,70.51124
s0062,17,0,69.98725
s0062,18,0,77.26031
s0062,19,0,69.56462
s0062,20,0,71.45078
s0062,21,0,69.02503
s0062,22,0,61.19081
s0062,23,0,71.492615
s0062,24,0,65.99019
s0062,25,0,66.52941
s0062,26,0,62.466496
s0062,27,0,60.193233
s0062,28,0,69.45551
s0062,29,0,66.174416
s0062,30,0,58.93511
s0062,31,0,71.25738
s0062,32,0,59.33334
s0062,33,0,56.535015
s0062,34,0,54.580456
s0062,35,0,52.37329
s0062,36,0,52.07212
s0062,37,0,65.510735
s0062,38,0,58.720203
s0062,39,0,53.729797
s0062,40,0,52.601746
s0062,41,0,47.43402
s0062,42,0,48.603874
s0062,43,0,45.203423
s0062,44,0,42.034325
s0062,45,0,46.63517
s0062,46,0,41.472668
s0062,47,0,46.589203
s0062,48,0,58.58241
s0062,49,0,36.75469
s0062,50,0,24.385878
s0062,51,0,69.757286
s0062,52,0,40.721703
s0062,53,0,59.737064
s0062,54,0,58.066303
s0062,55,0,52.10571
s0062,56,0,64.4556
s0062,57,0,62.31841
s0062,58,0,60.606922
s0062,59,0,66.12694
s0062,60,0,72.6024
s0062,61,0,57.029842
s0062,62,0,76.906944
s0062,63,0,71.87904
s0062,64,0,62.55457
s0062,65,0,67.604416
s0062,66,0,67.10636
s0062,67,0,59.903313
s0062,68,0,70.55482
s0062,69,0,69.50178
s0062,70,0,51.307796
s0062,71,0,60.128986
s0062,72,0,66.264824
s0062,73,0,73.12366
s0062,74,0,78.17645
s0062,75,0,79.42411
s0062,76,0,80.35624
s0062,77,0,79.97932
s0062,78,0,78.09249
s0062,79,0,79.14394
s0062,80,0,79.61068
s0062,81,0,76.83331
s0062,82,0,63.83757
s0062,83,0,62.17893
s0062,84,0,69.27296
s0062,85,0,69.23505
s0062,86,0,60.146492
s0062,87,0,58.37776
s0062,88,0,62.43894
s0062,89,0,52.441486
s0062,90,0,50.039783
s0062,91,0,66.9325
s0062,92,0,69.06903
s0062,93,0,79.00018
s0062,94,0,67.3289
s0062,95,0,62.32316
s0063,0,0,58.233162
s0063,1,0,52.39752
s0063,2,0,42.77949
s0063,3,0,49.757347
s0063,4,0,51.905308
s0063,5,0,56.1361
s0063,6,0,50.491974
s0063,7,0,59.632618
s0063,8,0,54.680946
s0063,9,0,66.01052
s0063,10,0,60.172756
s0063,11,0,59.988266
s0063,12,0,61.11825
s0063,13,0,70.96984
s0063,14,0,54.663013
s0063,15,0,65.83977
s0063,16,0,70.51234
s0063,17,0,66.04449
s0063,18,0,66.53114
s0063,19,0,64.939125
s0063,20,0,66.646194
s0063,21,0,68.03955
s0063,22,0,69.44094
s0063,23,0,72.42966
s0063,24,0,60.721752
s0063,25,0,70.534615
s0063,26,0,74.42333
s0063,27,0,64.17073
s0063,28,0,73.69891
s0063,29,0,71.519516
s0063,30,0,53.645557
s0063,31,0,65.71347
s0063,32,0,56.359272
s0063,33,0,57.27558
s0063,34,0,53.04359
s0063,35,0,51.008053
s0063,36,0,46.359123
s0063,37,0,51.48307
s0063,38,0,51.898487
s0063,39,0,50.92278
s0063,40,0,51.731846
s0063,41,0,58.987602
s0063,42,0,55.859806
s0063,43,0,39.188366
s0063,44,0,51.5395
s0063,45,0,26.701324
s0063,46,0,34.699276
s0063,47,0,55.98036
s0063,48,0,45.882282
s0063,49,0,52.236153
s0063,50,0,54.98069
s0063,51,0,54.289276
s0063,52,0,51.78947
s0063,53,0,53.5711
s0063,54,0,59.517845
s0063,55,0,56.945343
s0063,56,0,67.94586
s0063,57,0,65.473076
s0063,58,0,60.94941
s0063,59,0,64.54796
s0063,60,0,63.265926
s0063,61,0,65.724144
s0063,62,0,74.00417
s0063,63,0,74.16405
s0063,64,0,62.137882
s0063,65,0,68.29078
s0063,66,0,72.50382
s0063,67,0,61.12719
s0063,68,0,60.037113
s0063,69,0,60.27543
s0063,70,0,59.66986
s0063,71,0,45.303577
s0063,72,0,60.153873
s0063,73,0,68.58164
s0063,74,0,76.14293
s0063,75,0,79.638214
s0063,76,0,79.816666
s0063,77,0,80.18751
s0063,78,0,75.65671
s0063,79,0,79.1347
s0063,80,0,79.660484
s0063,81,0,78.68298
s0063,82,0,66.472725
s0063,83,0,65.63894
s0063,84,0,64.87701
s0063,85,0,68.16652
s0063,86,0,62.793232
s0063,87,0,62.845272
s0063,88,0,56.455017
s0063,89,0,61.862816
s0063,90,0,53.713722
s0063,91,0,71.813576
s0063,92,0,62.42207
s0063,93,0,64.62653
s0063,94,0,69.15237
s0063,95,0,60.818157
s0064,0,0,47.468082
s0064,1,0,38.911144
s0064,2,0,45.300407
s0064,3,0,40.570465
s0064,4,0,51.653496
s0064,5,0,43.930725
s0064,6,0,52.503227
s0064,7,0,56.810535
s0064,8,0,64.95191
s0064,9,0,56.748936
s0064,10,0,56.082222
s0064,11,0,72.36214
s0064,12,0,72.28406
s0064,13,0,55.96218
s0064,14,0,66.91409
s0064,15,0,63.361614
s0064,16,0,61.82986
s0064,17,0,55.57369
s0064,18,0,63.663895
s0064,19,0,67.823265
s0064,20,0,67.641655
s0064,21,0,62.424133
s0064,22,0,61.02556
s0064,23,0,73.57337
s0064,24,0,64.04403
s0064,25,0,62.16986
s0064,26,0,70.16902
s0064,27,0,63.071575
s0064,28,0,72.15203
s0064,29,0,60.533825
s0064,30,0,54.860813
s0064,31,0,61.430298
s0064,32,0,55.765274
s0064,33,0,51.897705
s0064,34,0,48.21032
s0064,35,0,56.855164
s0064,36,0,45.29613
s0064,37,0,51.73271
s0064,38,0,55.57961
s0064,39,0,49.702106
s0064,40,0,70.95655
s0064,41,0,50.270386
s0064,42,0,59.643356
s0064,43,0,44.23839
s0064,44,0,51.51954
s0064,45,0,55.55075
s0064,46,0,35.144077
s0064,47,0,17.876024
s0064,48,0,55.048008
s0064,49,0,48.895386
s0064,50,0,55.573757
s0064,51,0,52.245773
s0064,52,0,40.669636
s0064,53,0,48.636063
s0064,54,0,54.627285
s0064,55,0,49.5909
s0064,56,0,73.992546
s0064,57,0,61.912144
s0064,58,0,51.55852
s0064,59,0,63.467087
s0064,60,0,59.82156
s0064,61,0,63.760086
s0064,62,0,75.92568
s0064,63,0,73.151695
s0064,64,0,67.499245
s0064,65,0,57.8161
s0064,66,0,59.644234
s0064,67,0,57.456028
s0064,68,0,64.00565
s0064,69,0,60.418083
s0064,70,0,56.988056
s0064,71,0,60.143177
s0064,72,0,55.165695
s0064,73,0,66.63563
s0064,74,0,73.35711
s0064,75,0,80.4928
s0064,76,0,79.001465
s0064,77,0,78.97958
s0064,78,0,71.01836
s0064,79,0,79.257996
s0064,80,0,78.66325
s0064,81,0,78.47597
s0064,82,0,60.187927
s0064,83,0,64.74726
s0064,84,0,56.963898
s0064,85,0,74.65126
s0064,86,0,56.482292
s0064,87,0,70.97813
s0064,88,0,55.68979
s0064,89,0,57.99942
s0064,90,0,49.320442
s0064,91,0,64.024864
s0064,92,0,58.90792
s0064,93,0,67.143135
s0064,94,0,65.55568
s0064,95,0,67.916245
s0065,0,0,47.174854
s0065,1,0,50.584938
s0065,2,0,48.896248
s0065,3,0,48.250084
s0065,4,0,52.83643
s0065,5,0,53.469254
s0065,6,0,46.042336
s0065,7,0,59.706757
s0065,8,0,61.80022
s0065,9,0,62.692818
s0065,10,0,67.24038
s0065,11,0,55.382988
s0065,12,0,69.35369
s0065,13,0,64.27108
s0065,14,0,66.73529
s0065,15,0,71.16118
s0065,16,0,67.6944
s0065,17,0,57.68635
s0065,18,0,65.79715
s0065,19,0,72.39737
s0065,20,0,68.57767
s0065,21,0,61.58129
s0065,22,0,51.60795
s0065,23,0,72.150246
s0065,24,0,68.07717
s0065,25,0,74.11912
s0065,26,0,72.25787
s0065,27,0,64.988884
s0065,28,0,63.06163
s0065,29,0,72.938835
s0065,30,0,62.135387
s0065,31,0,72.82311
s0065,32,0,62.443314
s0065,33,0,63.186863
s0065,34,0,53.51112
s0065,35,0,52.340137
s0065,36,0,60.79522
s0065,37,0,54.574253
s0065,38,0,48.88829
s0065,39,0,67.959526
s0065,40,0,73.90724
s0065,41,0,56.91612
s0065,42,0,38.768036
s0065,43,0,64.44388
s0065,44,0,41.034977
s0065,45,0,49.044952
s0065,46,0,33.019295
s0065,47,0,21.121595
s0065,48,0,35.59246
s0065,49,0,49.107533
s0065,50,0,47.763977
s0065,51,0,54.031906
s0065,52,0,58.11712
s0065,53,0,54.058678
s0065,54,0,45.70702
s0065,55,0,51.223175
s0065,56,0,55.377934
s0065,57,0,62.37173
s0065,58,0,62.840027
s0065,59,0,62.816055
s0065,60,0,54.91269
s0065,61,0,64.58689
s0065,62,0,75.430275
s0065,63,0,73.85685
s0065,64,0,72.06485
s0065,65,0,65.04243
s0065,66,0,66.16058
s0065,67,0,57.695805
s0065,68,0,67.67599
s0065,69,0,60.85608
s0065,70,0,51.96371
s0065,71,0,55.00128
s0065,72,0,59.76245
s0065,73,0,61.490536
s0065,74,0,76.88464
s0065,75,0,79.385254
s0065,76,0,80.544
s0065,77,0,78.681145
s0065,78,0,79.57714
s0065,79,0,80.26969
s0065,80,0,79.53157
s0065,81,0,76.87751
s0065,82,0,67.55725
s0065,83,0,64.286514
s0065,84,0,71.549095
s0065,85,0,68.81204
s0065,86,0,63.076866
s0065,87,0,62.602585
s0065,88,0,59.59258
s0065,89,0,59.76913
s0065,90,0,57.473793
s0065,91,0,73.000534
s0065,92,0,73.40622
s0065,93,0,67.597115
s0065,94,0,63.6989
s0065,95,0,65.06357
s0066,0,0,54.42059
s0066,1,0,38.17093
s0066,2,0,52.217224
s0066,3,0,47.69254
s0066,4,0,51.74246
s0066,5,0,51.60145
s0066,6,0,53.44982
s0066,7,0,51.9121
s0066,8,0,58.225597
s0066,9,0,57.618233
s0066,10,0,57.7682
s0066,11,0,59.550022
s0066,12,0,58.908936
s0066,13,0,65.89513
s0066,14,0,64.423935
s0066,15,0,73.39192
s0066,16,0,62.201294
s0066,17,0,63.83854
s0066,18,0,64.25121
s0066,19,0,60.310177
s0066,20,0,65.11331
s0066,21,0,70.94478
s0066,22,0,54.760933
s0066,23,0,65.89954
s0066,24,0,72.36238
s0066,25,0,65.53081
s0066,26,0,73.40191
s0066,27,0,62.575665
s0066,28,0,71.87962
s0066,29,0,69.66765
s0066,30,0,64.365425
s0066,31,0,64.19808
s0066,32,0,62.076756
s0066,33,0,47.882748
s0066,34,0,41.21206
s0066,35,0,62.386852
s0066,36,0,52.60593
s0066,37,0,40.206367
s0066,38,0,42.577164
s0066,39,0,61.16014
s0066,40,0,56.187737
s0066,41,0,52.286777
s0066,42,0,36.893085
s0066,43,0,47.70479
s0066,44,0,55.32948
s0066,45,0,57.268806
s0066,46,0,38.662243
s0066,47,0,68.0689
s0066,48,0,44.46133
s0066,49,0,53.072605
s0066,50,0,46.683144
s0066,51,0,63.78248
s0066,52,0,60.7976
s0066,53,0,47.51353
s0066,54,0,56.609997
s0066,55,0,48.281086
s0066,56,0,58.976326
s0066,57,0,82.90359
s0066,58,0,49.844685
s0066,59,0,61.750916
s0066,60,0,60.186157
s0066,61,0,64.04922
s0066,62,0,67.99142
s0066,63,0,71.069435
s0066,64,0,68.85464
s0066,65,0,57.400158
s0066,66,0,68.43674
s0066,67,0,66.70903
s0066,68,0,67.27774
s0066,69,0,58.02435
s0066,70,0,60.864227
s0066,71,0,52.980286
s0066,72,0,63.0056
s0066,73,0,74.12721
s0066,74,0,82.224075
s0066,75,0,79.53804
s0066,76,0,78.76301
s0066,77,0,80.18212
s0066,78,0,80.10731
s0066,79,0,78.31945
s0066,80,0,79.81921
s0066,81,0,78.57783
s0066,82,0,54.10497
s0066,83,0,62.50108
s0066,84,0,66.4372
s0066,85,0,66.63342
s0066,86,0,60.39853
s0066,87,0,65.464806
s0066,88,0,56.754307
s0066,89,0,58.858772
s0066,90,0,67.27758
s0066,91,0,71.06551
s0066,92,0,63.13884
s0066,93,0,69.79034
s0066,94,0,70.996796
s0066,95,0,65.81427
s0067,0,0,53.931606
s0067,1,0,47.725082
s0067,2,0,51.44251
s0067,3,0,44.45172
s0067,4,0,53.372314
s0067,5,0,50.769096
s0067,6,0,57.926666
s0067,7,0,49.78355
s0067,8,0,63.024536
s0067,9,0,54.333153
s0067,10,0,61.677383
s0067,11,0,68.17041
s0067,12,0,61.27629
s0067,13,0,68.09515
s0067,14,0,64.33338
s0067,15,0,68.51229
s0067,16,0,57.651302
s0067,17,0,64.034615
s0067,18,0,61.889256
s0067,19,0,58.591213
s0067,20,0,67.316956
s0067,21,0,70.24236
s0067,22,0,58.664516
s0067,23,0,67.98219
s0067,24,0,71.86082
s0067,25,0,72.591125
s0067,26,0,78.72664
s0067,27,0,65.402985
s0067,28,0,73.047264
s0067,29,0,75.963844
s0067,30,0,61.25245
s0067,31,0,60.936768
s0067,32,0,52.82976
s0067,33,0,44.75791
s0067,34,0,50.87464
s0067,35,0,47.203426
s0067,36,0,51.654568
s0067,37,0,60.79529
s0067,38,0,62.0184
s0067,39,0,48.17368
s0067,40,0,49.34502
s0067,41,0,38.140118
s0067,42,0,53.426987
s0067,43,0,46.5698
s0067,44,0,54.610287
s0067,45,0,41.02834
s0067,46,0,41.07759
s0067,47,0,55.34341
s0067,48,0,63.48718
s0067,49,0,54.77463
s0067,50,0,52.952866
s0067,51,0,49.255547
s0067,52,0,46.1509
s0067,53,0,58.943653
s0067,54,0,56.00572
s0067,55,0,50.668118
s0067,56,0,67.23088
s0067,57,0,66.769035
s0067,58,0,56.680923
s0067,59,0,74.78526
s0067,60,0,52.368256
s0067,61,0,61.50931
s0067,62,0,76.815445
s0067,63,0,74.74785
s0067,64,0,59.766342
s0067,65,0,51.421585
s0067,66,0,68.05546
s0067,67,0,55.124554
s0067,68,0,66.28513
s0067,69,0,54.597725
s0067,70,0,43.529835
s0067,71,0,53.704514
s0067,72,0,55.531387
s0067,73,0,77.22821
s0067,74,0,70.558876
s0067,75,0,79.32507
s0067,76,0,79.72184
s0067,77,0,79.38436
s0067,78,0,73.28589
s0067,79,0,79.01269
s0067,80,0,79.924255
s0067,81,0,79.96693
s0067,82,0,61.809593
s0067,83,0,62.402855
s0067,84,0,73.07372
s0067,85,0,70.71685
s0067,86,0,68.980606
s0067,87,0,54.1367
s0067,88,0,61.76016
s0067,89,0,61.948296
s0067,90,0,58.497112
s0067,91,0,66.04634
s0067,92,0,62.99807
s0067,93,0,63.215954
s0067,94,0,67.3144
s0067,95,0,70.01456
s0068,0,0,64.61851
s0068,1,0,52.419273
s0068,2,0,47.545635
s0068,3,0,45.93579
s0068,4,0,50.144962
s0068,5,0,51.820602
s0068,6,0,55.48416
s0068,7,0,66.24904
s0068,8,0,63.469803
s0068,9,0,57.87751
s0068,10,0,58.964287
s0068,11,0,69.65051
s0068,12,0,60.275513
s0068,13,0,69.556885
s0068,14,0,67.039406
s0068,15,0,73.14838
s0068,16,0,65.89579
s0068,17,0,63.107765
s0068,18,0,64.66385
s0068,19,0,69.15053
s0068,20,0,65.06518
s0068,21,0,63.291565
s0068,22,0,63.257008
s0068,23,0,66.39143
s0068,24,0,72.16941
s0068,25,0,73.58167
s0068,26,0,58.555138
s0068,27,0,62.463737
s0068,28,0,63.78539
s0068,29,0,71.22943
s0068,30,0,58.502617
s0068,31,0,68.51917
s0068,32,0,54.9721
s0068,33,0,49.19828
s0068,34,0,55.343887
s0068,35,0,57.95548
s0068,36,0,44.36731
s0068,37,0,55.82721
s0068,38,0,65.53108
s0068,39,0,44.4071
s0068,40,0,58.423576
s0068,41,0,51.342026
s0068,42,0,61.245533
s0068,43,0,68.87471
s0068,44,0,41.868828
s0068,45,0,50.462173
s0068,46,0,60.975483
s0068,47,0,37.31902
s0068,48,0,45.804306
s0068,49,0,44.534126
s0068,50,0,45.678616
s0068,51,0,54.502438
s0068,52,0,50.499924
s0068,53,0,47.122486
s0068,54,0,54.39077
s0068,55,0,53.02305
s0068,56,0,54.678192
s0068,57,0,64.68785
s0068,58,0,54.108013
s0068,59,0,64.65133
s0068,60,0,64.87916
s0068,61,0,66.86243
s0068,62,0,68.460556
s0068,63,0,67.10309
s0068,64,0,65.73663
s0068,65,0,66.567116
s0068,66,0,61.55596
s0068,67,0,66.85008
s0068,68,0,70.67031
s0068,69,0,62.353035
s0068,70,0,49.865253
s0068,71,0,61.320057
s0068,72,0,68.55089
s0068,73,0,72.803696
s0068,74,0,81.18466
s0068,75,0,80.58031
s0068,76,0,80.54634
s0068,77,0,80.644135
s0068,78,0,77.48991
s0068,79,0,80.752174
s0068,80,0,79.7521
s0068,81,0,84.70393
s0068,82,0,70.51565
s0068,83,0,68.900444
s0068,84,0,79.58925
s0068,85,0,72.07328
s0068,86,0,67.950554
s0068,87,0,59.273388
s0068,88,0,56.198116
s0068,89,0,77.57346
s0068,90,0,67.59755
s0068,91,0,70.40427
s0068,92,0,68.22347
s0068,93,0,68.92267
s0068,94,0,60.398384
s0068,95,0,70.61232
s0069,0,0,59.035107
s0069,1,0,38.577602
s0069,2,0,46.043144
s0069,3,0,40.758724
s0069,4,0,57.047497
s0069,5,0,52.431232
s0069,6,0,49.524414
s0069,7,0,58.345947
s0069,8,0,57.726643
s0069,9,0,59.312675
s0069,10,0,61.790802
s0069,11,0,60.570194
s0069,12,0,63.597958
s0069,13,0,67.14384
s0069,14,0,63.71332
s0069,15,0,59.630283
s0069,16,0,71.9749
s0069,17,0,59.033215
s0069,18,0,66.2447
s0069,19,0,58.028584
s0069,20,0,65.15705
s0069,21,0,69.82658
s0069,22,0,66.722176
s0069,23,0,63.61596
s0069,24,0,67.72946
s0069,25,0,64.14208
s0069,26,0,69.60516
s0069,27,0,58.5786
s0069,28,0,63.25427
s0069,29,0,67.81497
s0069,30,0,57.144543
s0069,31,0,66.17885
s0069,32,0,49.175102
s0069,33,0,50.783012
s0069,34,0,51.01303
s0069,35,0,50.17802
s0069,36,0,48.271114
s0069,37,0,69.06723
s0069,38,0,63.180923
s0069,39,0,52.797318
s0069,40,0,59.249813
s0069,41,0,43.04197
s0069,42,0,36.505157
s0069,43,0,55.282505
s0069,44,0,45.705627
s0069,45,0,59.455708
s0069,46,0,56.842594
s0069,47,0,44.445286
s0069,48,0,43.05407
s0069,49,0,36.6083
s0069,50,0,42.046124
s0069,51,0,45.485893
s0069,52,0,53.674538
s0069,53,0,61.389767
s0069,54,0,60.558838
s0069,55,0,52.087234
s0069,56,0,58.35963
s0069,57,0,51.433083
s0069,58,0,65.337494
s0069,59,0,64.904594
s0069,60,0,70.34824
s0069,61,0,62.906254
s0069,62,0,65.38228
s0069,63,0,70.69639
s0069,64,0,67.09456
s0069,65,0,60.92082
s0069,66,0,69.4901
s0069,67,0,63.137478
s0069,68,0,61.652958
s0069,69,0,57.696552
s0069,70,0,59.872627
s0069,71,0,62.483093
s0069,72,0,52.118404
s0069,73,0,71.814316
s0069,74,0,75.671135
s0069,75,0,80.37437
s0069,76,0,79.633385
s0069,77,0,79.81096
s0069,78,0,74.76803
s0069,79,0,79.7573
s0069,80,0,78.69534
s0069,81,0,77.67224
s0069,82,0,73.35732
s0069,83,0,64.857124
s0069,84,0,73.57724
s0069,85,0,73.08743
s0069,86,0,63.414165
s0069,87,0,60.26678
s0069,88,0,68.36524
s0069,89,0,61.001186
s0069,90,0,47.572136
s0069,91,0,71.77103
s0069,92,0,65.64905
s0069,93,0,68.170265
s0069,94,0,72.40667
s0069,95,0,68.4724
s0070,0,0,54.03808
s0070,1,0,48.974937
s0070,2,0,41.385986
s0070,3,0,53.568283
s0070,4,0,41.606876
s0070,5,0,58.49025
s0070,6,0,57.99072
s0070,7,0,54.446095
s0070,8,0,64.33154
s0070,9,0,65.33452
s0070,10,0,59.273838
s0070,11,0,65.44663
s0070,12,0,67.47353
s0070,13,0,67.8517
s0070,14,0,67.55306
s0070,15,0,68.71609
s0070,16,0,61.39316
s0070,17,0,73.72937
s0070,18,0,63.97841
s0070,19,0,68.115555
s0070,20,0,70.721535
s0070,21,0,66.686195
s0070,22,0,57.508526
s0070,23,0,53.583553
s0070,24,0,65.943726
s0070,25,0,61.627007
s0070,26,0,68.72183
s0070,27,0,65.76941
s0070,28,0,67.939125
s0070,29,0,65.00527
s0070,30,0,59.344677
s0070,31,0,68.628685
s0070,32,0,58.513687
s0070,33,0,56.29571
s0070,34,0,57.819572
s0070,35,0,43.808956
s0070,36,0,57.218285
s0070,37,0,55.776463
s0070,38,0,69.10296
s0070,39,0,51.053185
s0070,40,0,62.567547
s0070,41,0,53.016644
s0070,42,0,56.767048
s0070,43,0,21.94709
s0070,44,0,54.14857
s0070,45,0,34.328682
s0070,46,0,60.55359
s0070,47,0,21.488611
s0070,48,0,46.719154
s0070,49,0,36.35111
s0070,50,0,56.18815
s0070,51,0,51.690765
s0070,52,0,44.947357
s0070,53,0,53.170567
s0070,54,0,47.678547
s0070,55,0,68.187256
s0070,56,0,63.618053
s0070,57,0,63.42992
s0070,58,0,60.56363
s0070,59,0,68.11389
s0070,60,0,62.8709
s0070,61,0,61.31833
s0070,62,0,69.90772
s0070,63,0,69.33263
s0070,64,0,61.424267
s0070,65,0,60.21716
s0070,66,0,64.83377
s0070,67,0,63.906883
s0070,68,0,61.128723
s0070,69,0,65.8163
s0070,70,0,58.89175
s0070,71,0,63.985672
s0070,72,0,48.91967
s0070,73,0,77.62168
s0070,74,0,71.1587
s0070,75,0,79.7084
s0070,76,0,80.100044
s0070,77,0,78.47306
s0070,78,0,80.33053
s0070,79,0,80.05228
s0070,80,0,78.784035
s0070,81,0,76.031555
s0070,82,0,66.22078
s0070,83,0,62.04177
s0070,84,0,66.65345
s0070,85,0,68.364845
s0070,86,0,70.13093
s0070,87,0,65.267105
s0070,88,0,64.624176
s0070,89,0,65.76125
s0070,90,0,59.84706
s0070,91,0,72.44014
s0070,92,0,64.56868
s0070,93,0,66.048615
s0070,94,0,69.16137
s0070,95,0,73.92264
s0071,0,0,52.297867
s0071,1,0,47.75624
s0071,2,0,49.84281
s0071,3,0,43.45168
s0071,4,0,59.985626
s0071,5,0,58.452576
s0071,6,0,47.714294
s0071,7,0,58.563393
s0071,8,0,47.149525
s0071,9,0,54.072437
s0071,10,0,60.70367
s0071,11,0,66.31947
s0071,12,0,69.570145
s0071,13,0,66.59335
s0071,14,0,66.73074
s0071,15,0,72.06028
s0071,16,0,69.59284
s0071,17,0,62.57816
s0071,18,0,65.640945
s0071,19,0,60.124092
s0071,20,0,60.86639
s0071,21,0,66.348335
s0071,22,0,60.393208
s0071,23,0,65.05282
s0071,24,0,67.00596
s0071,25,0,71.15697
s0071,26,0,67.94417
s0071,27,0,68.08181
s0071,28,0,77.820885
s0071,29,0,61.630806
s0071,30,0,55.060055
s0071,31,0,62.056225
s0071,32,0,63.720173
s0071,33,0,46.387283
s0071,34,0,56.715107
s0071,35,0,46.22546
s0071,36,0,53.690327
s0071,37,0,50.56271
s0071,38,0,67.29799
s0071,39,0,58.414875
s0071,40,0,64.68974
s0071,41,0,44.135296
s0071,42,0,54.454582
s0071,43,0,60.23671
s0071,44,0,66.77202
s0071,45,0,43.070286
s0071,46,0,18.940105
s0071,47,0,72.91597
s0071,48,0,67.331245
s0071,49,0,52.756294
s0071,50,0,55.289856
s0071,51,0,54.635696
s0071,52,0,47.730087
s0071,53,0,62.099995
s0071,54,0,51.83715
s0071,55,0,63.67274
s0071,56,0,56.38314
s0071,57,0,60.231056
s0071,58,0,55.819115
s0071,59,0,62.222958
s0071,60,0,58.562717
s0071,61,0,66.10638
s0071,62,0,71.88134
s0071,63,0,74.331696
s0071,64,0,63.270363
s0071,65,0,69.049576
s0071,66,0,65.99249
s0071,67,0,62.601765
s0071,68,0,59.351044
s0071,69,0,70.65528
s0071,70,0,57.384796
s0071,71,0,68.4097
s0071,72,0,63.656227
s0071,73,0,63.21733
s0071,74,0,78.88875
s0071,75,0,79.59034
s0071,76,0,78.57179
s0071,77,0,79.54559
s0071,78,0,80.01606
s0071,79,0,79.067924
s0071,80,0,81.1358
s0071,81,0,76.67376
s0071,82,0,63.52073
s0071,83,0,64.0902
s0071,84,0,63.720917
s0071,85,0,72.05427
s0071,86,0,68.29835
s0071,87,0,59.44099
s0071,88,0,62.046463
s0071,89,0,59.674137
s0071,90,0,52.61986
s0071,91,0,64.690735
s0071,92,0,64.72745
s0071,93,0,65.24297
s0071,94,0,65.07801
s0071,95,0,65.594475
s0072,0,0,55.270943
s0072,1,0,46.90532
s0072,2,0,45.108273
s0072,3,0,47.38141
s0072,4,0,51.990414
s0072,5,0,51.91547
s0072,6,0,44.91246
s0072,7,0,52.190598
s0072,8,0,65.512184
s0072,9,0,58.807087
s0072,10,0,61.534843
s0072,11,0,59.42015
s0072,12,0,64.17646
s0072,13,0,71.7343
s0072,14,0,64.31972
s0072,15,0,69.01409
s0072,16,0,69.25151
s0072,17,0,70.07722
s0072,18,0,59.877335
s0072,19,0,66.12939
s0072,20,0,68.33648
s0072,21,0,64.40177
s0072,22,0,58.434837
s0072,23,0,63.36331
s0072,24,0,69.15548
s0072,25,0,68.630005
s0072,26,0,76.84974
s0072,27,0,61.62067
s0072,28,0,71.55474
s0072,29,0,70.94098
s0072,30,0,61.4527
s0072,31,0,66.47316
s0072,32,0,54.409317
s0072,33,0,50.227264
s0072,34,0,54.00832
s0072,35,0,55.214275
s0072,36,0,45.864296
s0072,37,0,47.795334
s0072,38,0,51.520596
s0072,39,0,63.873352
s0072,40,0,39.66026
s0072,41,0,66.06822
s0072,42,0,43.39202
s0072,43,0,60.28783
s0072,44,0,58.215027
s0072,45,0,46.81848
s0072,46,0,27.753899
s0072,47,0,33.81989
s0072,48,0,48.12545
s0072,49,0,42.009567
s0072,50,0,53.993923
s0072,51,0,43.85695
s0072,52,0,44.78766
s0072,53,0,60.97917
s0072,54,0,46.94155
s0072,55,0,46.80944
s0072,56,0,64.13147
s0072,57,0,62.738663
s0072,58,0,63.38833
s0072,59,0,69.09952
s0072,60,0,58.42328
s0072,61,0,62.575016
s0072,62,0,67.30042
s0072,63,0,68.13527
s0072,64,0,66.99494
s0072,65,0,65.82121
s0072,66,0,71.71257
s0072,67,0,61.25822
s0072,68,0,78.971016
s0072,69,0,63.929535
s0072,70,0,59.53109
s0072,71,0,60.87305
s0072,72,0,65.307045
s0072,73,0,72.65716
s0072,74,0,78.187836
s0072,75,0,79.24108
s0072,76,0,78.628784
s0072,77,0,80.665405
s0072,78,0,78.988365
s0072,79,0,78.331955
s0072,80,0,80.0076
s0072,81,0,79.230934
s0072,82,0,64.33599
s0072,83,0,61.609863
s0072,84,0,77.10169
s0072,85,0,69.26844
s0072,86,0,60.684498
s0072,87,0,60.497406
s0072,88,0,62.059246
s0072,89,0,53.129566
s0072,90,0,59.258335
s0072,91,0,66.623634
s0072,92,0,67.8671
s0072,93,0,71.13756
s0072,94,0,65.53978
s0072,95,0,70.074554
s0073,0,0,52.246582
s0073,1,0,45.1125
s0073,2,0,41.924267
s0073,3,0,53.240772
s0073,4,0,59.6269
s0073,5,0,55.61111
s0073,6,0,53.0178
s0073,7,0,59.141098
s0073,8,0,65.36006
s0073,9,0,61.139984
s0073,10,0,56.446445
s0073,11,0,69.08075
s0073,12,0,71.95547
s0073,13,0,66.33202
s0073,14,0,66.60973
s0073,15,0,65.90631
s0073,16,0,67.15076
s0073,17,0,64.92156
s0073,18,0,64.86331
s0073,19,0,71.15759
s0073,20,0,68.438995
s0073,21,0,66.408356
s0073,22,0,64.8303
s0073,23,0,66.40378
s0073,24,0,63.459972
s0073,25,0,68.7387
s0073,26,0,72.689255
s0073,27,0,62.740482
s0073,28,0,74.82813
s0073,29,0,61.477932
s0073,30,0,58.965897
s0073,31,0,65.56604
s0073,32,0,59.200176
s0073,33,0,59.531963
s0073,34,0,50.170547
s0073,35,0,50.332493
s0073,36,0,55.810947
s0073,37,0,61.32629
s0073,38,0,57.343086
s0073,39,0,54.030117
s0073,40,0,70.828995
s0073,41,0,40.50467
s0073,42,0,30.009108
s0073,43,0,34.13994
s0073,44,0,39.613697
s0073,45,0,46.426884
s0073,46,0,31.823822
s0073,47,0,58.40948
s0073,48,0,54.337383
s0073,49,0,57.974026
s0073,50,0,55.452766
s0073,51,0,57.353344
s0073,52,0,63.907513
s0073,53,0,39.708794
s0073,54,0,52.342
s0073,55,0,65.38135
s0073,56,0,53.061104
s0073,57,0,61.82336
s0073,58,0,61.014763
s0073,59,0,66.18616
s0073,60,0,56.34394
s0073,61,0,54.91377
s0073,62,0,69.78277
s0073,63,0,68.46893
s0073,64,0,68.393776
s0073,65,0,64.593376
s0073,66,0,67.73182
s0073,67,0,57.98184
s0073,68,0,64.77847
s0073,69,0,67.26535
s0073,70,0,62.09093
s0073,71,0,58.022465
s0073,72,0,60.534515
s0073,73,0,69.66337
s0073,74,0,75.497154
s0073,75,0,79.29895
s0073,76,0,80.199196
s0073,77,0,79.26221
s0073,78,0,76.92818
s0073,79,0,79.44787
s0073,80,0,79.769745
s0073,81,0,80.37496
s0073,82,0,72.09545
s0073,83,0,66.369385
s0073,84,0,65.83585
s0073,85,0,68.02223
s0073,86,0,64.57454
s0073,87,0,54.114983
s0073,88,0,70.21562
s0073,89,0,70.16183
s0073,90,0,62.204937
s0073,91,0,64.54174
s0073,92,0,78.73752
s0073,93,0,71.76569
s0073,94,0,75.4903
s0073,95,0,66.378914
s0074,0,0,49.27465
s0074,1,0,43.64806
s0074,2,0,42.282005
s0074,3,0,49.557564
s0074,4,0,54.7839
s0074,5,0,46.894833
s0074,6,0,55.591858
s0074,7,0,61.247486
s0074,8,0,58.63195
s0074,9,0,54.272793
s0074,10,0,55.7544
s0074,11,0,65.135994
s0074,12,0,66.33329
s0074,13,0,58.997902
s0074,14,0,68.2245
s0074,15,0,66.59211
s0074,16,0,60.726368
s0074,17,0,65.96052
s0074,18,0,61.174076
s0074,19,0,78.073814
s0074,20,0,68.49984
s0074,21,0,68.534966
s0074,22,0,44.72588
s0074,23,0,69.85435
s0074,24,0,69.76762
s0074,25,0,66.56282
s0074,26,0,71.225075
s0074,27,0,62.954384
s0074,28,0,69.84586
s0074,29,0,73.02455
s0074,30,0,69.0011
s0074,31,0,64.1584
s0074,32,0,58.55448
s0074,33,0,60.484653
s0074,34,0,50.185455
s0074,35,0,49.132614
s0074,36,0,42.738358
s0074,37,0,58.86364
s0074,38,0,47.456577
s0074,39,0,55.942
s0074,40,0,58.119408
s0074,41,0,49.81219
s0074,42,0,55.30961
s0074,43,0,67.48954
s0074,44,0,51.26286
s0074,45,0,67.00492
s0074,46,0,30.695263
s0074,47,0,27.010534
s0074,48,0,41.928806
s0074,49,0,56.880363
s0074,50,0,51.128643
s0074,51,0,39.145103
s0074,52,0,54.90983
s0074,53,0,56.299274
s0074,54,0,64.40018
s0074,55,0,53.25022
s0074,56,0,42.264744
s0074,57,0,55.69617
s0074,58,0,59.250248
s0074,59,0,63.42704
s0074,60,0,58.51977
s0074,61,0,57.826637
s0074,62,0,80.3168
s0074,63,0,69.8145
s0074,64,0,59.639503
s0074,65,0,58.712025
s0074,66,0,63.182224
s0074,67,0,75.14967
s0074,68,0,63.570118
s0074,69,0,58.473236
s0074,70,0,65.70567
s0074,71,0,57.347862
s0074,72,0,62.182327
s0074,73,0,71.52151
s0074,74,0,80.30895
s0074,75,0,79.29527
s0074,76,0,78.72054
s0074,77,0,79.17104
s0074,78,0,76.466446
s0074,79,0,80.0556
s0074,80,0,79.19925
s0074,81,0,78.14085
s0074,82,0,65.76973
s0074,83,0,68.998695
s0074,84,0,67.77857
s0074,85,0,71.315636
s0074,86,0,61.097954
s0074,87,0,59.590942
s0074,88,0,58.496952
s0074,89,0,65.01873
s0074,90,0,53.54156
s0074,91,0,68.18489
s0074,92,0,63.498985
s0074,93,0,79.130775
s0074,94,0,62.162704
s0074,95,0,72.10747
s0075,0,0,53.371437
s0075,1,0,51.238747
s0075,2,0,30.42376
s0075,3,0,44.778263
s0075,4,0,60.946068
s0075,5,0,48.112858
s0075,6,0,57.990494
s0075,7,0,48.010925
s0075,8,0,54.108063
s0075,9,0,55.15101
s0075,10,0,51.427612
s0075,11,0,59.006676
s0075,12,0,66.18468
s0075,13,0,60.28532
s0075,14,0,59.10072
s0075,15,0,64.73243
s0075,16,0,70.46255
s0075,17,0,61.72965
s0075,18,0,66.856926
s0075,19,0,63.324238
s0075,20,0,74.653305
s0075,21,0,66.80023
s0075,22,0,60.27211
s0075,23,0,68.45212
s0075,24,0,72.588776
s0075,25,0,68.56464
s0075,26,0,69.021866
s0075,27,0,59.10476
s0075,28,0,63.461037
s0075,29,0,65.82161
s0075,30,0,64.65098
s0075,31,0,61.02435
s0075,32,0,50.81128
s0075,33,0,51.676758
s0075,34,0,35.662487
s0075,35,0,43.208256
s0075,36,0,62.178123
s0075,37,0,48.51419
s0075,38,0,64.05863
s0075,39,0,42.566597
s0075,40,0,59.996597
s0075,41,0,60.52826
s0075,42,0,31.971004
s0075,43,0,44.40704
s0075,44,0,46.558853
s0075,45,0,46.449493
s0075,46,0,47.280113
s0075,47,0,44.50011
s0075,48,0,41.156876
s0075,49,0,44.5517
s0075,50,0,23.087692
s0075,51,0,54.477848
s0075,52,0,46.88005
s0075,53,0,52.95474
s0075,54,0,61.14654
s0075,55,0,57.008785
s0075,56,0,57.011665
s0075,57,0,65.86743
s0075,58,0,54.106808
s0075,59,0,59.92957
s0075,60,0,55.15741
s0075,61,0,62.891045
s0075,62,0,73.82754
s0075,63,0,67.70872
s0075,64,0,61.660465
s0075,65,0,65.10461
s0075,66,0,69.65975
s0075,67,0,60.456352
s0075,68,0,65.33805
s0075,69,0,53.924103
s0075,70,0,50.922943
s0075,71,0,55.42166
s0075,72,0,52.111107
s0075,73,0,68.669846
s0075,74,0,77.7528
s0075,75,0,78.66419
s0075,76,0,79.55811
s0075,77,0,78.81236
s0075,78,0,71.93101
s0075,79,0,79.501305
s0075,80,0,79.36156
s0075,81,0,80.55626
s0075,82,0,60.391384
s0075,83,0,64.02819
s0075,84,0,64.095146
s0075,85,0,63.03288
s0075,86,0,64.10318
s0075,87,0,65.25468
s0075,88,0,57.325024
s0075,89,0,56.744007
s0075,90,0,52.38189
s0075,91,0,72.40344
s0075,92,0,66.02526
s0075,93,0,65.56918
s0075,94,0,74.38408
s0075,95,0,69.56847
s0076,0,0,52.5577
s0076,1,0,52.56276
s0076,2,0,45.017227
s0076,3,0,41.425674
s0076,4,0,54.07461
s0076,5,0,55.716534
s0076,6,0,50.174717
s0076,7,0,52.08052
s0076,8,0,65.03462
s0076,9,0,61.38408
s0076,10,0,58.55597
s0076,11,0,65.12016
s0076,12,0,71.26688
s0076,13,0,59.13453
s0076,14,0,54.834476
s0076,15,0,65.28786
s0076,16,0,60.22941
s0076,17,0,64.73889
s0076,18,0,66.0544
s0076,19,0,58.70861
s0076,20,0,68.1113
s0076,21,0,67.600914
s0076,22,0,61.668518
s0076,23,0,72.91806
s0076,24,0,66.80504
s0076,25,0,64.73786
s0076,26,0,66.24199
s0076,27,0,69.8104
s0076,28,0,69.91908
s0076,29,0,66.13709
s0076,30,0,60.2256
s0076,31,0,66.631744
s0076,32,0,65.976494
s0076,33,0,58.230392
s0076,34,0,54.537697
s0076,35,0,52.714066
s0076,36,0,61.87758
s0076,37,0,51.938248
s0076,38,0,66.058426
s0076,39,0,42.630424
s0076,40,0,50.390354
s0076,41,0,45.654263
s0076,42,0,56.980022
s0076,43,0,28.889807
s0076,44,0,60.016914
s0076,45,0,48.63603
s0076,46,0,52.40778
s0076,47,0,71.272835
s0076,48,0,60.781967
s0076,49,0,42.927677
s0076,50,0,45.917843
s0076,51,0,48.476715
s0076,52,0,43.033253
s0076,53,0,47.42984
s0076,54,0,61.214096
s0076,55,0,64.66759
s0076,56,0,66.74356
s0076,57,0,69.5916
s0076,58,0,58.257694
s0076,59,0,70.10321
s0076,60,0,65.59319
s0076,61,0,64.28078
s0076,62,0,73.249344
s0076,63,0,71.05108
s0076,64,0,67.926254
s0076,65,0,61.25615
s0076,66,0,69.12429
s0076,67,0,64.42293
s0076,68,0,69.84364
s0076,69,0,63.02529
s0076,70,0,45.20984
s0076,71,0,56.43352
s0076,72,0,68.04128
s0076,73,0,80.802376
s0076,74,0,77.562546
s0076,75,0,79.98257
s0076,76,0,79.62943
s0076,77,0,80.62886
s0076,78,0,77.05845
s0076,79,0,80.02864
s0076,80,0,79.28781
s0076,81,0,79.288536
s0076,82,0,71.88889
s0076,83,0,65.79192
s0076,84,0,69.53045
s0076,85,0,79.27627
s0076,86,0,66.38872
s0076,87,0,69.2166
s0076,88,0,67.33369
s0076,89,0,64.46251
s0076,90,0,58.70624
s0076,91,0,67.23891
s0076,92,0,57.54104
s0076,93,0,66.33938
s0076,94,0,69.87642
s0076,95,0,60.01427
s0077,0,0,51.40393
s0077,1,0,53.8031
s0077,2,0,45.700485
s0077,3,0,51.90113
s0077,4,0,61.442295
s0077,5,0,52.78618
s0077,6,0,47.202168
s0077,7,0,59.35397
s0077,8,0,55.978107
s0077,9,0,57.90777
s0077,10,0,55.98642
s0077,11,0,62.619045
s0077,12,0,64.583984
s0077,13,0,61.610256
s0077,14,0,57.63859
s0077,15,0,71.41682
s0077,16,0,71.539215
s0077,17,0,66.091286
s0077,18,0,69.37602
s0077,19,0,65.616615
s0077,20,0,66.17184
s0077,21,0,66.38622
s0077,22,0,57.72997
s0077,23,0,73.19395
s0077,24,0,67.35227
s0077,25,0,59.621864
s0077,26,0,67.51097
s0077,27,0,61.00541
s0077,28,0,66.65855
s0077,29,0,67.66067
s0077,30,0,54.643036
s0077,31,0,62.231674
s0077,32,0,53.824757
s0077,33,0,55.06721
s0077,34,0,44.82491
s0077,35,0,49.90399
s0077,36,0,58.94727
s0077,37,0,58.108498
s0077,38,0,59.689915
s0077,39,0,48.001076
s0077,40,0,59.872658
s0077,41,0,34.245228
s0077,42,0,41.76496
s0077,43,0,60.89634
s0077,44,0,50.0304
s0077,45,0,49.428654
s0077,46,0,42.628204
s0077,47,0,38.165108
s0077,48,0,50.98796
s0077,49,0,56.117393
s0077,50,0,41.53209
s0077,51,0,42.710598
s0077,52,0,52.92131
s0077,53,0,47.256016
s0077,54,0,52.20801
s0077,55,0,57.343754
s0077,56,0,65.58116
s0077,57,0,54.124134
s0077,58,0,61.37526
s0077,59,0,71.92165
s0077,60,0,51.25463
s0077,61,0,56.70209
s0077,62,0,77.446304
s0077,63,0,65.727806
s0077,64,0,70.301895
s0077,65,0,67.1288
s0077,66,0,64.67973
s0077,67,0,68.92555
s0077,68,0,58.960632
s0077,69,0,59.581245
s0077,70,0,61.15228
s0077,71,0,59.30099
s0077,72,0,56.207687
s0077,73,0,70.38579
s0077,74,0,76.83403
s0077,75,0,78.341515
s0077,76,0,74.27719
s0077,77,0,79.47557
s0077,78,0,74.367226
s0077,79,0,79.0176
s0077,80,0,78.86317
s0077,81,0,77.48841
s0077,82,0,76.999825
s0077,83,0,65.018906
s0077,84,0,60.235687
s0077,85,0,68.7249
s0077,86,0,59.33444
s0077,87,0,67.38296
s0077,88,0,59.751957
s0077,89,0,60.318413
s0077,90,0,52.227413
s0077,91,0,66.25217
s0077,92,0,67.459564
s0077,93,0,68.514534
s0077,94,0,73.0625
s0077,95,0,53.45277
s0078,0,0,51.49814
s0078,1,0,47.41995
s0078,2,0,48.93312
s0078,3,0,49.15107
s0078,4,0,57.86844
s0078,5,0,48.138737
s0078,6,0,60.366432
s0078,7,0,55.874676
s0078,8,0,52.54961
s0078,9,0,60.535385
s0078,10,0,62.145542
s0078,11,0,67.999504
s0078,12,0,65.28385
s0078,13,0,64.736084
s0078,14,0,65.11985
s0078,15,0,71.336555
s0078,16,0,65.74931
s0078,17,0,63.979908
s0078,18,0,58.7775
s0078,19,0,58.90173
s0078,20,0,63.043327
s0078,21,0,64.87368
s0078,22,0,67.79538
s0078,23,0,67.99564
s0078,24,0,64.86371
s0078,25,0,69.33076
s0078,26,0,66.67406
s0078,27,0,68.36735
s0078,28,0,67.49825
s0078,29,0,69.918686
s0078,30,0,53.29911
s0078,31,0,62.960114
s0078,32,0,61.47407
s0078,33,0,52.399887
s0078,34,0,58.275295
s0078,35,0,51.603386
s0078,36,0,54.228153
s0078,37,0,58.661263
s0078,38,0,58.577797
s0078,39,0,55.249634
s0078,40,0,55.700176
s0078,41,0,51.72445
s0078,42,0,56.731823
s0078,43,0,50.093746
s0078,44,0,30.092064
s0078,45,0,63.585224
s0078,46,0,30.630104
s0078,47,0,36.2619
s0078,48,0,30.952936
s0078,49,0,41.292393
s0078,50,0,55.115234
s0078,51,0,41.78974
s0078,52,0,56.04654
s0078,53,0,48.658535
s0078,54,0,53.62185
s0078,55,0,55.66505
s0078,56,0,52.802876
s0078,57,0,70.16597
s0078,58,0,59.092026
s0078,59,0,73.73848
s0078,60,0,63.438805
s0078,61,0,56.778843
s0078,62,0,76.91838
s0078,63,0,77.72267
s0078,64,0,65.34427
s0078,65,0,69.889626
s0078,66,0,65.36302
s0078,67,0,57.614796
s0078,68,0,70.61872
s0078,69,0,70.40841
s0078,70,0,45.9157
s0078,71,0,67.02351
s0078,72,0,53.629906
s0078,73,0,66.39515
s0078,74,0,77.939896
s0078,75,0,79.856766
s0078,76,0,79.096794
s0078,77,0,79.57092
s0078,78,0,79.997475
s0078,79,0,80.502815
s0078,80,0,80.185036
s0078,81,0,79.323395
s0078,82,0,70.051636
s0078,83,0,74.36668
s0078,84,0,70.51756
s0078,85,0,69.23949
s0078,86,0,68.48749
s0078,87,0,64.56921
s0078,88,0,66.05103
s0078,89,0,59.088047
s0078,90,0,49.050724
s0078,91,0,67.09219
s0078,92,0,74.40509
s0078,93,0,70.254814
s0078,94,0,72.54836
s0078,95,0,67.37363
s0079,0,0,56.933197
s0079,1,0,50.507053
s0079,2,0,45.818916
s0079,3,0,44.481342
s0079,4,0,59.087185
s0079,5,0,51.139923
s0079,6,0,62.146454
s0079,7,0,55.78021
s0079,8,0,61.010246
s0079,9,0,58.131645
s0079,10,0,61.380585
s0079,11,0,61.610443
s0079,12,0,68.17259
s0079,13,0,72.29963
s0079,14,0,54.653133
s0079,15,0,57.456955
s0079,16,0,69.62736
s0079,17,0,57.844986
s0079,18,0,62.193848
s0079,19,0,62.688953
s0079,20,0,71.23745
s0079,21,0,62.488968
s0079,22,0,65.23814
s0079,23,0,70.547676
s0079,24,0,65.63236
s0079,25,0,71.091866
s0079,26,0,69.66464
s0079,27,0,65.47197
s0079,28,0,66.259445
s0079,29,0,67.664825
s0079,30,0,60.549816
s0079,31,0,65.03358
s0079,32,0,63.835056
s0079,33,0,67.48133
s0079,34,0,51.01465
s0079,35,0,58.318974
s0079,36,0,59.806892
s0079,37,0,48.34061
s0079,38,0,49.609753
s0079,39,0,46.54817
s0079,40,0,52.989178
s0079,41,0,51.525955
s0079,42,0,28.264513
s0079,43,0,59.033295
s0079,44,0,55.070023
s0079,45,0,40.305016
s0079,46,0,33.385914
s0079,47,0,41.88634
s0079,48,0,41.545345
s0079,49,0,52.84528
s0079,50,0,42.363285
s0079,51,0,48.06995
s0079,52,0,48.5963
s0079,53,0,58.28494
s0079,54,0,50.81208
s0079,55,0,61.976032
s0079,56,0,64.69109
s0079,57,0,55.622734
s0079,58,0,59.401417
s0079,59,0,65.189156
s0079,60,0,56.827576
s0079,61,0,62.74518
s0079,62,0,74.31389
s0079,63,0,76.95206
s0079,64,0,60.36581
s0079,65,0,53.03882
s0079,66,0,73.86571
s0079,67,0,67.78883
s0079,68,0,60.265965
s0079,69,0,64.47725
s0079,70,0,64.62134
s0079,71,0,56.89091
s0079,72,0,71.0008
s0079,73,0,72.23102
s0079,74,0,78.03269
s0079,75,0,78.90607
s0079,76,0,79.59694
s0079,77,0,75.83362
s0079,78,0,78.23133
s0079,79,0,79.37556
s0079,80,0,79.18129
s0079,81,0,79.20503
s0079,82,0,69.128746
s0079,83,0,62.504864
s0079,84,0,65.795
s0079,85,0,73.502815
s0079,86,0,65.26817
s0079,87,0,52.346745
s0079,88,0,58.710075
s0079,89,0,60.358643
s0079,90,0,60.555687
s0079,91,0,73.80261
s0079,92,0,60.17542
s0079,93,0,76.58676
s0079,94,0,68.05289
s0079,95,0,66.65516
s0080,0,0,59.883183
s0080,1,0,59.503117
s0080,2,0,48.003345
s0080,3,0,50.64571
s0080,4,0,56.64793
s0080,5,0,60.3338
s0080,6,0,55.79023
s0080,7,0,50.894947
s0080,8,0,63.900898
s0080,9,0,67.53093
s0080,10,0,73.13891
s0080,11,0,68.67005
s0080,12,0,72.64275
s0080,13,0,67.41251
s0080,14,0,68.83608
s0080,15,0,67.82424
s0080,16,0,64.72333
s0080,17,0,64.37579
s0080,18,0,65.21961
s0080,19,0,60.813328
s0080,20,0,61.800488
s0080,21,0,64.14173
s0080,22,0,72.13442
s0080,23,0,69.31876
s0080,24,0,70.689125
s0080,25,0,69.63292
s0080,26,0,72.52054
s0080,27,0,75.547104
s0080,28,0,63.18579
s0080,29,0,63.585262
s0080,30,0,69.52268
s0080,31,0,61.703423
s0080,32,0,60.021957
s0080,33,0,56.20609
s0080,34,0,51.860214
s0080,35,0,50.930447
s0080,36,0,61.082813
s0080,37,0,62.69579
s0080,38,0,58.737755
s0080,39,0,63.467426
s0080,40,0,51.77624
s0080,41,0,56.254597
s0080,42,0,52.366276
s0080,43,0,58.70914
s0080,44,0,35.313118
s0080,45,0,74.03679
s0080,46,0,44.32781
s0080,47,0,52.063793
s0080,48,0,72.2125
s0080,49,0,46.29759
s0080,50,0,42.217777
s0080,51,0,63.769814
s0080,52,0,74.56637
s0080,53,0,49.175495
s0080,54,0,52.086678
s0080,55,0,52.00726
s0080,56,0,50.310314
s0080,57,0,66.40934
s0080,58,0,63.718494
s0080,59,0,65.47733
s0080,60,0,64.683525
s0080,61,0,71.27654
s0080,62,0,76.407135
s0080,63,0,69.55507
s0080,64,0,66.7787
s0080,65,0,70.94725
s0080,66,0,66.328964
s0080,67,0,75.37356
s0080,68,0,68.969635
s0080,69,0,64.589455
s0080,70,0,54.37122
s0080,71,0,65.52716
s0080,72,0,68.34408
s0080,73,0,74.52099
s0080,74,0,79.36909
s0080,75,0,80.48653
s0080,76,0,80.26307
s0080,77,0,81.60177
s0080,78,0,77.559746
s0080,79,0,84.89267
s0080,80,0,79.17357
s0080,81,0,79.909325
s0080,82,0,63.437073
s0080,83,0,70.90289
s0080,84,0,70.86994
s0080,85,0,75.13094
s0080,86,0,68.178246
s0080,87,0,61.565243
s0080,88,0,68.74966
s0080,89,0,67.30032
s0080,90,0,66.41529
s0080,91,0,72.59321
s0080,92,0,71.04828
s0080,93,0,74.14361
s0080,94,0,74.771576
s0080,95,0,78.458565
s0081,0,0,57.632618
s0081,1,0,50.221886
s0081,2,0,47.80951
s0081,3,0,54.43012
s0081,4,0,51.785378
s0081,5,0,26.302853
s0081,6,0,58.326256
s0081,7,0,52.89322
s0081,8,0,60.283024
s0081,9,0,61.061745
s0081,10,0,61.06514
s0081,11,0,63.930004
s0081,12,0,70.86653
s0081,13,0,64.55616
s0081,14,0,59.529835
s0081,15,0,69.083496
s0081,16,0,64.39914
s0081,17,0,72.129715
s0081,18,0,69.08359
s0081,19,0,59.16411
s0081,20,0,66.60013
s0081,21,0,66.08671
s0081,22,0,68.265785
s0081,23,0,70.967735
s0081,24,0,73.34375
s0081,25,0,80.4348
s0081,26,0,72.36264
s0081,27,0,60.573868
s0081,28,0,69.18762
s0081,29,0,75.11704
s0081,30,0,56.08215
s0081,31,0,65.78924
s0081,32,0,59.050556
s0081,33,0,47.919426
s0081,34,0,48.323586
s0081,35,0,61.622204
s0081,36,0,49.660168
s0081,37,0,74.29568
s0081,38,0,66.65047
s0081,39,0,37.17933
s0081,40,0,55.834282
s0081,41,0,57.543854
s0081,42,0,54.21083
s0081,43,0,56.34475
s0081,44,0,49.884697
s0081,45,0,55.412712
s0081,46,0,56.36652
s0081,47,0,28.480211
s0081,48,0,79.58389
s0081,49,0,65.32841
s0081,50,0,53.338394
s0081,51,0,57.2296
s0081,52,0,48.67026
s0081,53,0,45.049843
s0081,54,0,33.415672
s0081,55,0,61.740414
s0081,56,0,57.90997
s0081,57,0,61.688644
s0081,58,0,58.64419
s0081,59,0,65.59463
s0081,60,0,62.813553
s0081,61,0,63.656307
s0081,62,0,70.22951
s0081,63,0,75.82806
s0081,64,0,73.49959
s0081,65,0,68.46838
s0081,66,0,70.83172
s0081,67,0,65.261925
s0081,68,0,63.44064
s0081,69,0,71.42786
s0081,70,0,59.102123
s0081,71,0,57.864708
s0081,72,0,65.00032
s0081,73,0,66.24265
s0081,74,0,83.60805
s0081,75,0,79.28865
s0081,76,0,80.07674
s0081,77,0,79.89361
s0081,78,0,81.632454
s0081,79,0,79.2738
s0081,80,0,79.95875
s0081,81,0,76.563995
s0081,82,0,73.29173
s0081,83,0,60.42272
s0081,84,0,72.526665
s0081,85,0,72.7376
s0081,86,0,66.605835
s0081,87,0,59.18411
s0081,88,0,67.16382
s0081,89,0,61.16099
s0081,90,0,59.705593
s0081,91,0,67.5095
s0081,92,0,71.233246
s0081,93,0,64.09479
s0081,94,0,67.493515
s0081,95,0,66.435974
s0082,0,0,36.456696
s0082,1,0,44.24093
s0082,2,0,34.154037
s0082,3,0,38.779827
s0082,4,0,45.42447
s0082,5,0,42.352478
s0082,6,0,49.54542
s0082,7,0,46.988255
s0082,8,0,48.34579
s0082,9,0,50.323116
s0082,10,0,54.03449
s0082,11,0,54.06879
s0082,12,0,63.113888
s0082,13,0,77.81693
s0082,14,0,58.427837
s0082,15,0,61.886486
s0082,16,0,60.849518
s0082,17,0,64.75305
s0082,18,0,62.027218
s0082,19,0,56.970543
s0082,20,0,65.20615
s0082,21,0,60.061237
s0082,22,0,66.16197
s0082,23,0,69.15203
s0082,24,0,68.81064
s0082,25,0,63.168144
s0082,26,0,60.033276
s0082,27,0,59.55704
s0082,28,0,65.12644
s0082,29,0,69.518845
s0082,30,0,61.623817
s0082,31,0,61.8124
s0082,32,0,50.075993
s0082,33,0,55.2053
s0082,34,0,47.044273
s0082,35,0,60.71903
s0082,36,0,46.16819
s0082,37,0,49.965183
s0082,38,0,36.949512
s0082,39,0,58.568256
s0082,40,0,53.47888
s0082,41,0,48.355675
s0082,42,0,37.55801
s0082,43,0,43.891083
s0082,44,0,58.17857
s0082,45,0,33.92652
s0082,46,0,47.51879
s0082,47,0,16.10618
s0082,48,0,37.160004
s0082,49,0,39.21741
s0082,50,0,44.271492
s0082,51,0,51.2125
s0082,52,0,50.993332
s0082,53,0,58.932663
s0082,54,0,56.209614
s0082,55,0,52.177856
s0082,56,0,65.768616
s0082,57,0,70.254654
s0082,58,0,57.76737
s0082,59,0,67.65144
s0082,60,0,60.604813
s0082,61,0,56.45471
s0082,62,0,73.664246
s0082,63,0,64.54608
s0082,64,0,56.81827
s0082,65,0,64.60099
s0082,66,0,59.977264
s0082,67,0,55.827976
s0082,68,0,57.871414
s0082,69,0,62.00309
s0082,70,0,51.00813
s0082,71,0,58.556225
s0082,72,0,56.445984
s0082,73,0,64.90436
s0082,74,0,69.99455
s0082,75,0,78.96185
s0082,76,0,79.0901
s0082,77,0,78.73788
s0082,78,0,75.51826
s0082,79,0,78.3431
s0082,80,0,78.771034
s0082,81,0,76.664925
s0082,82,0,59.161457
s0082,83,0,58.013657
s0082,84,0,58.57187
s0082,85,0,53.13215
s0082,86,0,61.65019
s0082,87,0,57.00358
s0082,88,0,54.55177
s0082,89,0,62.924603
s0082,90,0,58.25447
s0082,91,0,69.97212
s0082,92,0,63.03587
s0082,93,0,56.273113
s0082,94,0,71.564865
s0082,95,0,62.99354
s0083,0,0,51.531754
s0083,1,0,48.826984
s0083,2,0,38.418095
s0083,3,0,49.130047
s0083,4,0,63.35262
s0083,5,0,54.99425
s0083,6,0,39.948124
s0083,7,0,48.466206
s0083,8,0,67.739204
s0083,9,0,57.892487
s0083,10,0,60.589733
s0083,11,0,56.461956
s0083,12,0,71.657234
s0083,13,0,64.437416
s0083,14,0,68.10586
s0083,15,0,56.48124
s0083,16,0,63.366302
s0083,17,0,57.09415
s0083,18,0,64.62541
s0083,19,0,69.82543
s0083,20,0,73.59793
s0083,21,0,76.44518
s0083,22,0,66.382614
s0083,23,0,71.606316
s0083,24,0,68.5306
s0083,25,0,76.73964
s0083,26,0,79.16774
s0083,27,0,77.691666
s0083,28,0,73.052925
s0083,29,0,67.850204
s0083,30,0,59.52882
s0083,31,0,60.25156
s0083,32,0,67.48087
s0083,33,0,57.180737
s0083,34,0,52.489765
s0083,35,0,54.380108
s0083,36,0,58.546223
s0083,37,0,49.907166
s0083,38,0,67.6814
s0083,39,0,55.004665
s0083,40,0,69.818405
s0083,41,0,44.47859
s0083,42,0,42.412056
s0083,43,0,63.29407
s0083,44,0,48.586494
s0083,45,0,53.23569
s0083,46,0,41.86168
s0083,47,0,58.40459
s0083,48,0,68.95744
s0083,49,0,58.92079
s0083,50,0,43.431232
s0083,51,0,37.876076
s0083,52,0,58.741966
s0083,53,0,49.003017
s0083,54,0,66.991615
s0083,55,0,56.76179
s0083,56,0,61.564793
s0083,57,0,73.22379
s0083,58,0,57.0466
s0083,59,0,67.72409
s0083,60,0,57.547905
s0083,61,0,66.465385
s0083,62,0,82.339584
s0083,63,0,72.47588
s0083,64,0,69.24705
s0083,65,0,64.57463
s0083,66,0,69.988884
s0083,67,0,64.606964
s0083,68,0,61.28928
s0083,69,0,77.615524
s0083,70,0,54.4853
s0083,71,0,74.13239
s0083,72,0,58.16732
s0083,73,0,74.11694
s0083,74,0,79.20841
s0083,75,0,76.429955
s0083,76,0,79.19445
s0083,77,0,79.14087
s0083,78,0,77.29582
s0083,79,0,78.95653
s0083,80,0,79.48273
s0083,81,0,76.109604
s0083,82,0,72.154655
s0083,83,0,58.323364
s0083,84,0,65.82218
s0083,85,0,71.86113
s0083,86,0,68.52705
s0083,87,0,60.735565
s0083,88,0,69.413765
s0083,89,0,65.17696
s0083,90,0,53.54962
s0083,91,0,66.210625
s0083,92,0,68.496666
s0083,93,0,73.81576
s0083,94,0,65.31125
s0083,95,0,65.310616
s0084,0,0,51.879086
s0084,1,0,47.14148
s0084,2,0,46.539734
s0084,3,0,41.338474
s0084,4,0,58.068512
s0084,5,0,54.78016
s0084,6,0,57.83307
s0084,7,0,54.7152
s0084,8,0,56.203922
s0084,9,0,54.098427
s0084,10,0,61.258255
s0084,11,0,68.851456
s0084,12,0,68.73503
s0084,13,0,63.140816
s0084,14,0,69.54895
s0084,15,0,65.8021
s0084,16,0,67.73055
s0084,17,0,70.00455
s0084,18,0,73.27194
s0084,19,0,62.44133
s0084,20,0,77.41584
s0084,21,0,68.39145
s0084,22,0,66.68648
s0084,23,0,74.721756
s0084,24,0,72.867615
s0084,25,0,75.73058
s0084,26,0,70.222015
s0084,27,0,60.996674
s0084,28,0,80.88681
s0084,29,0,69.41825
s0084,30,0,56.99787
s0084,31,0,62.052498
s0084,32,0,62.161896
s0084,33,0,59.565598
s0084,34,0,56.617924
s0084,35,0,49.20929
s0084,36,0,61.288933
s0084,37,0,54.35329
s0084,38,0,54.63172
s0084,39,0,54.07579
s0084,40,0,59.157333
s0084,41,0,47.25728
s0084,42,0,41.196503
s0084,43,0,52.535652
s0084,44,0,69.15399
s0084,45,0,42.057476
s0084,46,0,58.596527
s0084,47,0,50.13323
s0084,48,0,44.35083
s0084,49,0,60.216118
s0084,50,0,69.41198
s0084,51,0,59.105488
s0084,52,0,54.047424
s0084,53,0,41.206818
s0084,54,0,46.45748
s0084,55,0,64.11768
s0084,56,0,37.06254
s0084,57,0,62.90005
s0084,58,0,61.826187
s0084,59,0,69.20274
s0084,60,0,53.921516
s0084,61,0,58.548557
s0084,62,0,66.70735
s0084,63,0,72.60175
s0084,64,0,72.45621
s0084,65,0,77.76152
s0084,66,0,79.44464
s0084,67,0,61.986267
s0084,68,0,71.578705
s0084,69,0,58.775677
s0084,70,0,54.50896
s0084,71,0,59.4354
s0084,72,0,66.201
s0084,73,0,65.36315
s0084,74,0,81.14836
s0084,75,0,78.79702
s0084,76,0,80.25733
s0084,77,0,79.71141
s0084,78,0,79.54975
s0084,79,0,78.77555
s0084,80,0,79.714554
s0084,81,0,79.2817
s0084,82,0,60.289658
s0084,83,0,65.32129
s0084,84,0,69.24548
s0084,85,0,66.31234
s0084,86,0,62.617245
s0084,87,0,60.894966
s0084,88,0,61.457962
s0084,89,0,64.64337
s0084,90,0,62.386406
s0084,91,0,67.28895
s0084,92,0,65.01021
s0084,93,0,71.34292
s0084,94,0,72.11454
s0084,95,0,62.06445
s0085,0,0,54.554108
s0085,1,0,45.455715
s0085,2,0,42.872337
s0085,3,0,43.80512
s0085,4,0,58.047935
s0085,5,0,50.78151
s0085,6,0,58.01891
s0085,7,0,60.535683
s0085,8,0,61.38229
s0085,9,0,58.867367
s0085,10,0,61.990547
s0085,11,0,63.646236
s0085,12,0,76.222275
s0085,13,0,63.643917
s0085,14,0,61.073307
s0085,15,0,68.724846
s0085,16,0,62.20809
s0085,17,0,65.84321
s0085,18,0,63.050606
s0085,19,0,64.31315
s0085,20,0,67.74347
s0085,21,0,64.18317
s0085,22,0,55.55869
s0085,23,0,65.6624
s0085,24,0,66.84449
s0085,25,0,67.59522
s0085,26,0,62.55726
s0085,27,0,65.440125
s0085,28,0,68.74219
s0085,29,0,67.495056
s0085,30,0,41.49224
s0085,31,0,59.155495
s0085,32,0,60.65046
s0085,33,0,49.55041
s0085,34,0,55.63641
s0085,35,0,61.33352
s0085,36,0,58.495705
s0085,37,0,57.351418
s0085,38,0,58.07231
s0085,39,0,49.665356
s0085,40,0,43.936947
s0085,41,0,52.237877
s0085,42,0,60.508183
s0085,43,0,46.078926
s0085,44,0,55.58701
s0085,45,0,40.7111
s0085,46,0,37.53184
s0085,47,0,56.640343
s0085,48,0,45.210785
s0085,49,0,40.09954
s0085,50,0,56.014206
s0085,51,0,67.77413
s0085,52,0,64.21681
s0085,53,0,45.737434
s0085,54,0,43.443424
s0085,55,0,53.995136
s0085,56,0,60.697273
s0085,57,0,63.61734
s0085,58,0,59.262093
s0085,59,0,60.585266
s0085,60,0,69.53148
s0085,61,0,70.12721
s0085,62,0,77.375656
s0085,63,0,74.514946
s0085,64,0,56.550583
s0085,65,0,67.46749
s0085,66,0,73.76398
s0085,67,0,59.60833
s0085,68,0,66.72405
s0085,69,0,58.243427
s0085,70,0,61.39173
s0085,71,0,56.571026
s0085,72,0,63.257397
s0085,73,0,77.59052
s0085,74,0,73.82288
s0085,75,0,79.95238
s0085,76,0,79.41687
s0085,77,0,83.54396
s0085,78,0,75.66277
s0085,79,0,79.37189
s0085,80,0,80.37677
s0085,81,0,79.9315
s0085,82,0,71.66068
s0085,83,0,62.79254
s0085,84,0,69.69318
s0085,85,0,62.078224
s0085,86,0,59.878784
s0085,87,0,62.019814
s0085,88,0,55.455284
s0085,89,0,61.866234
s0085,90,0,62.64812
s0085,91,0,67.127525
s0085,92,0,58.378952
s0085,93,0,69.19905
s0085,94,0,70.09872
s0085,95,0,69.306564
s0086,0,0,55.98403
s0086,1,0,50.458385
s0086,2,0,45.05746
s0086,3,0,43.125206
s0086,4,0,48.44176
s0086,5,0,52.611637
s0086,6,0,58.521534
s0086,7,0,56.008595
s0086,8,0,58.71105
s0086,9,0,58.661682
s0086,10,0,62.24563
s0086,11,0,66.4377
s0086,12,0,57.517056
s0086,13,0,62.40182
s0086,14,0,67.45781
s0086,15,0,60.37615
s0086,16,0,64.96271
s0086,17,0,67.41715
s0086,18,0,62.29719
s0086,19,0,68.88835
s0086,20,0,70.0489
s0086,21,0,61.902103
s0086,22,0,47.511745
s0086,23,0,61.43229
s0086,24,0,63.316204
s0086,25,0,63.262913
s0086,26,0,67.58054
s0086,27,0,62.79576
s0086,28,0,67.91939
s0086,29,0,74.689415
s0086,30,0,51.908356
s0086,31,0,57.16059
s0086,32,0,67.98862
s0086,33,0,58.065105
s0086,34,0,55.89294
s0086,35,0,55.66465
s0086,36,0,44.447647
s0086,37,0,60.994194
s0086,38,0,44.163727
s0086,39,0,59.527866
s0086,40,0,79.45303
s0086,41,0,51.89246
s0086,42,0,44.573727
s0086,43,0,67.887344
s0086,44,0,50.598892
s0086,45,0,40.724445
s0086,46,0,32.975735
s0086,47,0,52.24396
s0086,48,0,23.17861
s0086,49,0,52.009968
s0086,50,0,47.87536
s0086,51,0,57.986423
s0086,52,0,57.563004
s0086,53,0,49.355896
s0086,54,0,46.2669
s0086,55,0,63.760197
s0086,56,0,51.3458
s0086,57,0,64.190384
s0086,58,0,60.828026
s0086,59,0,67.75744
s0086,60,0,58.66672
s0086,61,0,65.15277
s0086,62,0,66.99047
s0086,63,0,72.2321
s0086,64,0,71.215744
s0086,65,0,72.21785
s0086,66,0,68.59278
s0086,67,0,68.017944
s0086,68,0,67.524124
s0086,69,0,68.780304
s0086,70,0,57.056168
s0086,71,0,52.536358
s0086,72,0,68.37678
s0086,73,0,71.28445
s0086,74,0,75.48969
s0086,75,0,79.51597
s0086,76,0,79.462814
s0086,77,0,79.172585
s0086,78,0,77.04687
s0086,79,0,78.86208
s0086,80,0,78.929794
s0086,81,0,78.38621
s0086,82,0,67.6915
s0086,83,0,65.411736
s0086,84,0,69.01786
s0086,85,0,74.42878
s0086,86,0,65.32426
s0086,87,0,65.46105
s0086,88,0,54.113205
s0086,89,0,76.47179
s0086,90,0,62.32838
s0086,91,0,71.07686
s0086,92,0,75.48569
s0086,93,0,70.863365
s0086,94,0,63.65893
s0086,95,0,65.827675
s0087,0,0,55.323643
s0087,1,0,46.91132
s0087,2,0,41.340954
s0087,3,0,50.3444
s0087,4,0,50.451572
s0087,5,0,51.382236
s0087,6,0,41.72827
s0087,7,0,57.543865
s0087,8,0,59.350067
s0087,9,0,58.51436
s0087,10,0,54.654488
s0087,11,0,67.81465
s0087,12,0,60.60644
s0087,13,0,67.95837
s0087,14,0,66.41459
s0087,15,0,76.5356
s0087,16,0,63.669983
s0087,17,0,67.69213
s0087,18,0,64.561676
s0087,19,0,63.343693
s0087,20,0,73.84899
s0087,21,0,72.050865
s0087,22,0,64.37111
s0087,23,0,64.52684
s0087,24,0,72.71638
s0087,25,0,61.392147
s0087,26,0,68.05058
s0087,27,0,72.70979
s0087,28,0,70.32272
s0087,29,0,65.39532
s0087,30,0,52.685265
s0087,31,0,61.96496
s0087,32,0,44.612522
s0087,33,0,42.04714
s0087,34,0,53.98526
s0087,35,0,44.66166
s0087,36,0,53.56909
s0087,37,0,53.52921
s0087,38,0,62.121773
s0087,39,0,54.566372
s0087,40,0,47.86594
s0087,41,0,55.10486
s0087,42,0,49.779312
s0087,43,0,36.747833
s0087,44,0,46.238514
s0087,45,0,53.433014
s0087,46,0,53.34612
s0087,47,0,55.815735
s0087,48,0,53.555576
s0087,49,0,50.81752
s0087,50,0,48.624653
s0087,51,0,40.876408
s0087,52,0,63.669926
s0087,53,0,40.847027
s0087,54,0,58.98174
s0087,55,0,50.532818
s0087,56,0,60.670113
s0087,57,0,60.647568
s0087,58,0,63.278305
s0087,59,0,63.382008
s0087,60,0,60.210377
s0087,61,0,58.914536
s0087,62,0,69.896736
s0087,63,0,68.43736
s0087,64,0,66.04012
s0087,65,0,65.42572
s0087,66,0,71.8102
s0087,67,0,63.92204
s0087,68,0,68.936775
s0087,69,0,54.286423
s0087,70,0,48.101883
s0087,71,0,65.538
s0087,72,0,62.675354
s0087,73,0,64.64973
s0087,74,0,82.148705
s0087,75,0,80.52564
s0087,76,0,77.74755
s0087,77,0,80.258514
s0087,78,0,79.40579
s0087,79,0,78.16722
s0087,80,0,79.00492
s0087,81,0,76.63264
s0087,82,0,69.19828
s0087,83,0,60.599045
s0087,84,0,60.40412
s0087,85,0,74.765305
s0087,86,0,56.504646
s0087,87,0,73.28255
s0087,88,0,51.181065
s0087,89,0,59.36769
s0087,90,0,57.712452
s0087,91,0,72.60813
s0087,92,0,66.5743
s0087,93,0,70.300674
s0087,94,0,68.4193
s0087,95,0,61.364487
s0088,0,0,56.58514
s0088,1,0,54.897873
s0088,2,0,48.92487
s0088,3,0,42.65976
s0088,4,0,49.113247
s0088,5,0,59.339115
s0088,6,0,57.312813
s0088,7,0,62.931934
s0088,8,0,67.026
s0088,9,0,46.316704
s0088,10,0,59.10299
s0088,11,0,61.52304
s0088,12,0,67.536316
s0088,13,0,65.69645
s0088,14,0,66.38417
s0088,15,0,59.62707
s0088,16,0,63.873814
s0088,17,0,69.96453
s0088,18,0,63.258766
s0088,19,0,63.599102
s0088,20,0,64.51296
s0088,21,0,61.56931
s0088,22,0,67.29564
s0088,23,0,69.81719
s0088,24,0,74.08107
s0088,25,0,66.39575
s0088,26,0,72.98839
s0088,27,0,69.61327
s0088,28,0,75.48313
s0088,29,0,65.082466
s0088,30,0,67.53169
s0088,31,0,62.761295
s0088,32,0,56.03779
s0088,33,0,46.490055
s0088,34,0,53.971966
s0088,35,0,46.902203
s0088,36,0,37.026752
s0088,37,0,55.343224
s0088,38,0,58.61146
s0088,39,0,46.19771
s0088,40,0,77.71682
s0088,41,0,39.34226
s0088,42,0,49.499035
s0088,43,0,51.386932
s0088,44,0,62.704784
s0088,45,0,52.57806
s0088,46,0,28.90276
s0088,47,0,31.241592
s0088,48,0,23.446918
s0088,49,0,62.507233
s0088,50,0,43.006657
s0088,51,0,56.038197
s0088,52,0,57.987926
s0088,53,0,54.269897
s0088,54,0,46.099598
s0088,55,0,53.199833
s0088,56,0,64.85092
s0088,57,0,58.96405
s0088,58,0,49.434208
s0088,59,0,64.5653
s0088,60,0,62.791252
s0088,61,0,56.718513
s0088,62,0,67.33609
s0088,63,0,65.21991
s0088,64,0,65.91325
s0088,65,0,68.79361
s0088,66,0,73.62166
s0088,67,0,64.371765
s0088,68,0,67.2709
s0088,69,0,60.33659
s0088,70,0,58.04387
s0088,71,0,55.07018
s0088,72,0,58.22271
s0088,73,0,68.94829
s0088,74,0,76.76004
s0088,75,0,78.94197
s0088,76,0,79.71214
s0088,77,0,79.067665
s0088,78,0,78.83401
s0088,79,0,78.68835
s0088,80,0,79.28072
s0088,81,0,79.87593
s0088,82,0,77.031876
s0088,83,0,65.6702
s0088,84,0,59.321354
s0088,85,0,78.281235
s0088,86,0,74.993
s0088,87,0,56.996216
s0088,88,0,54.904434
s0088,89,0,73.60918
s0088,90,0,58.291664
s0088,91,0,76.003204
s0088,92,0,62.32136
s0088,93,0,62.551594
s0088,94,0,57.81401
s0088,95,0,63.43573
s0089,0,0,57.116077
s0089,1,0,54.7456
s0089,2,0,39.693092
s0089,3,0,55.022438
s0089,4,0,48.188316
s0089,5,0,54.872814
s0089,6,0,54.275665
s0089,7,0,57.18818
s0089,8,0,58.721493
s0089,9,0,57.695004
s0089,10,0,52.472805
s0089,11,0,64.881325
s0089,12,0,62.108387
s0089,13,0,61.352303
s0089,14,0,64.50026
s0089,15,0,62.49216
s0089,16,0,62.551323
s0089,17,0,64.792404
s0089,18,0,61.23195
s0089,19,0,66.58385
s0089,20,0,65.369545
s0089,21,0,77.4369
s0089,22,0,71.3617
s0089,23,0,68.18844
s0089,24,0,109.27785
s0089,25,0,69.07058
s0089,26,0,73.60344
s0089,27,0,68.214745
s0089,28,0,68.26403
s0089,29,0,69.33603
s0089,30,0,56.48814
s0089,31,0,67.337555
s0089,32,0,53.42177
s0089,33,0,53.962975
s0089,34,0,41.43662
s0089,35,0,54.668915
s0089,36,0,39.92201
s0089,37,0,60.478733
s0089,38,0,61.407654
s0089,39,0,49.292282
s0089,40,0,60.143703
s0089,41,0,48.338455
s0089,42,0,56.054405
s0089,43,0,52.781635
s0089,44,0,69.19926
s0089,45,0,48.290333
s0089,46,0,55.202885
s0089,47,0,46.505714
s0089,48,0,51.162643
s0089,49,0,42.426567
s0089,50,0,33.11416
s0089,51,0,61.253315
s0089,52,0,54.90563
s0089,53,0,98.30151
s0089,54,0,55.298065
s0089,55,0,54.059593
s0089,56,0,55.90122
s0089,57,0,62.827984
s0089,58,0,57.13914
s0089,59,0,62.76228
s0089,60,0,63.915176
s0089,61,0,54.87981
s0089,62,0,71.79626
s0089,63,0,69.137115
s0089,64,0,68.89898
s0089,65,0,63.212746
s0089,66,0,69.646194
s0089,67,0,61.88497
s0089,68,0,65.552086
s0089,69,0,63.783897
s0089,70,0,60.016956
s0089,71,0,55.8287
s0089,72,0,63.8367
s0089,73,0,66.100006
s0089,74,0,78.21509
s0089,75,0,80.04987
s0089,76,0,79.009384
s0089,77,0,78.45714
s0089,78,0,76.37203
s0089,79,0,79.525
s0089,80,0,79.66014
s0089,81,0,75.627525
s0089,82,0,58.815998
s0089,83,0,75.28819
s0089,84,0,68.51448
s0089,85,0,70.12328
s0089,86,0,62.24412
s0089,87,0,61.135117
s0089,88,0,54.255943
s0089,89,0,62.446514
s0089,90,0,50.570065
s0089,91,0,72.23576
s0089,92,0,73.6151
s0089,93,0,74.73152
s0089,94,0,80.52102
s0089,95,0,72.625
s0090,0,0,53.19873
s0090,1,0,52.41579
s0090,2,0,36.616066
s0090,3,0,44.732155
s0090,4,0,50.192406
s0090,5,0,57.53213
s0090,6,0,55.82772
s0090,7,0,50.3034
s0090,8,0,66.2772
s0090,9,0,61.52468
s0090,10,0,54.41757
s0090,11,0,63.143353
s0090,12,0,73.9275
s0090,13,0,60.785774
s0090,14,0,61.404877
s0090,15,0,57.84537
s0090,16,0,68.87741
s0090,17,0,66.50075
s0090,18,0,58.92369
s0090,19,0,66.74712
s0090,20,0,69.7306
s0090,21,0,66.484314
s0090,22,0,59.1276
s0090,23,0,66.26897
s0090,24,0,71.94199
s0090,25,0,62.646606
s0090,26,0,73.37012
s0090,27,0,59.442204
s0090,28,0,72.13083
s0090,29,0,69.79692
s0090,30,0,54.881607
s0090,31,0,62.24879
s0090,32,0,60.058342
s0090,33,0,49.23823
s0090,34,0,57.449684
s0090,35,0,46.556274
s0090,36,0,55.834553
s0090,37,0,51.356308
s0090,38,0,56.755257
s0090,39,0,56.348106
s0090,40,0,67.92825
s0090,41,0,49.85419
s0090,42,0,55.764706
s0090,43,0,55.85539
s0090,44,0,48.16571
s0090,45,0,45.034615
s0090,46,0,45.611744
s0090,47,0,54.12791
s0090,48,0,54.06093
s0090,49,0,48.05092
s0090,50,0,57.586052
s0090,51,0,52.333992
s0090,52,0,58.78407
s0090,53,0,47.860844
s0090,54,0,51.882553
s0090,55,0,62.06119
s0090,56,0,66.98911
s0090,57,0,67.307045
s0090,58,0,58.712322
s0090,59,0,76.93126
s0090,60,0,61.754353
s0090,61,0,69.80097
s0090,62,0,71.61939
s0090,63,0,58.1472
s0090,64,0,67.663185
s0090,65,0,63.398243
s0090,66,0,71.04291
s0090,67,0,61.049553
s0090,68,0,63.848186
s0090,69,0,63.908405
s0090,70,0,46.50077
s0090,71,0,68.17037
s0090,72,0,63.211456
s0090,73,0,69.25903
s0090,74,0,78.04542
s0090,75,0,79.25088
s0090,76,0,79.64387
s0090,77,0,79.88003
s0090,78,0,78.429436
s0090,79,0,79.74939
s0090,80,0,75.023186
s0090,81,0,77.92825
s0090,82,0,63.979298
s0090,83,0,70.409004
s0090,84,0,73.20682
s0090,85,0,80.892
s0090,86,0,62.97044
s0090,87,0,64.64909
s0090,88,0,64.61738
s0090,89,0,52.273674
s0090,90,0,60.902206
s0090,91,0,65.22374
s0090,92,0,60.566204
s0090,93,0,61.618797
s0090,94,0,60.15379
s0090,95,0,69.54308
s0091,0,0,50.6153
s0091,1,0,43.96353
s0091,2,0,37.640594
s0091,3,0,42.75251
s0091,4,0,48.57384
s0091,5,0,58.470314
s0091,6,0,53.05937
s0091,7,0,54.724266
s0091,8,0,61.754932
s0091,9,0,55.670567
s0091,10,0,61.268856
s0091,11,0,61.245296
s0091,12,0,67.48038
s0091,13,0,72.17078
s0091,14,0,59.7582
s0091,15,0,60.186497
s0091,16,0,66.57084
s0091,17,0,64.66747
s0091,18,0,69.25014
s0091,19,0,66.86241
s0091,20,0,60.967014
s0091,21,0,73.35234
s0091,22,0,59.96823
s0091,23,0,70.74211
s0091,24,0,70.18817
s0091,25,0,66.771706
s0091,26,0,63.813885
s0091,27,0,72.375374
s0091,28,0,67.736786
s0091,29,0,72.89443
s0091,30,0,64.00805
s0091,31,0,65.21283
s0091,32,0,61.322826
s0091,33,0,44.147823
s0091,34,0,56.78267
s0091,35,0,65.80228
s0091,36,0,56.634468
s0091,37,0,59.010296
s0091,38,0,56.62032
s0091,39,0,37.722622
s0091,40,0,64.561714
s0091,41,0,51.452652
s0091,42,0,49.723625
s0091,43,0,47.889263
s0091,44,0,54.444836
s0091,45,0,42.078865
s0091,46,0,62.285942
s0091,47,0,48.977222
s0091,48,0,55.678463
s0091,49,0,37.905617
s0091,50,0,53.930965
s0091,51,0,49.936855
s0091,52,0,51.761993
s0091,53,0,55.482777
s0091,54,0,39.451607
s0091,55,0,62.552593
s0091,56,0,51.748043
s0091,57,0,59.916702
s0091,58,0,54.822914
s0091,59,0,57.78643
s0091,60,0,61.44221
s0091,61,0,62.40605
s0091,62,0,84.53316
s0091,63,0,67.78227
s0091,64,0,65.70685
s0091,65,0,56.14154
s0091,66,0,65.702255
s0091,67,0,61.987095
s0091,68,0,62.46122
s0091,69,0,67.1191
s0091,70,0,61.5474
s0091,71,0,62.469814
s0091,72,0,62.52412
s0091,73,0,70.90894
s0091,74,0,76.664276
s0091,75,0,78.984344
s0091,76,0,79.2034
s0091,77,0,80.02317
s0091,78,0,76.55488
s0091,79,0,78.592415
s0091,80,0,79.12483
s0091,81,0,78.65606
s0091,82,0,67.01891
s0091,83,0,65.69606
s0091,84,0,72.80629
s0091,85,0,67.5246
s0091,86,0,64.35124
s0091,87,0,63.173996
s0091,88,0,64.12442
s0091,89,0,59.589024
s0091,90,0,55.610554
s0091,91,0,61.78853
s0091,92,0,67.91967
s0091,93,0,69.5276
s0091,94,0,67.229706
s0091,95,0,71.34937
s0092,0,0,56.414303
s0092,1,0,53.74743
s0092,2,0,47.176407
s0092,3,0,42.673378
s0092,4,0,48.693012
s0092,5,0,52.694744
s0092,6,0,48.562195
s0092,7,0,59.18938
s0092,8,0,63.436577
s0092,9,0,57.35472
s0092,10,0,60.912315
s0092,11,0,66.13445
s0092,12,0,68.63172
s0092,13,0,62.176346
s0092,14,0,67.27997
s0092,15,0,67.196754
s0092,16,0,61.681385
s0092,17,0,68.72028
s0092,18,0,60.47807
s0092,19,0,70.13558
s0092,20,0,72.55185
s0092,21,0,66.098
s0092,22,0,62.355503
s0092,23,0,67.631355
s0092,24,0,74.95043
s0092,25,0,67.653946
s0092,26,0,60.98004
s0092,27,0,62.54576
s0092,28,0,63.185654
s0092,29,0,68.93571
s0092,30,0,58.29192
s0092,31,0,56.30084
s0092,32,0,65.129745
s0092,33,0,54.148434
s0092,34,0,57.059647
s0092,35,0,49.185314
s0092,36,0,57.95091
s0092,37,0,62.829815
s0092,38,0,56.351192
s0092,39,0,57.5512
s0092,40,0,53.194096
s0092,41,0,58.669903
s0092,42,0,49.78159
s0092,43,0,48.627354
s0092,44,0,55.784138
s0092,45,0,47.954636
s0092,46,0,46.487133
s0092,47,0,31.025366
s0092,48,0,72.23945
s0092,49,0,60.10723
s0092,50,0,52.064144
s0092,51,0,59.609184
s0092,52,0,43.578465
s0092,53,0,46.417683
s0092,54,0,52.33795
s0092,55,0,59.357616
s0092,56,0,58.015472
s0092,57,0,72.46428
s0092,58,0,49.71465
s0092,59,0,58.44421
s0092,60,0,60.21942
s0092,61,0,55.978596
s0092,62,0,72.94887
s0092,63,0,69.215065
s0092,64,0,70.08038
s0092,65,0,62.887157
s0092,66,0,63.791298
s0092,67,0,67.64048
s0092,68,0,62.833035
s0092,69,0,65.223206
s0092,70,0,56.5098
s0092,71,0,65.12163
s0092,72,0,63.594814
s0092,73,0,66.67761
s0092,74,0,73.76789
s0092,75,0,80.10635
s0092,76,0,79.60047
s0092,77,0,79.157776
s0092,78,0,75.55898
s0092,79,0,79.97067
s0092,80,0,78.62652
s0092,81,0,76.4429
s0092,82,0,55.91461
s0092,83,0,68.60148
s0092,84,0,62.95665
s0092,85,0,70.91628
s0092,86,0,61.763203
s0092,87,0,59.36635
s0092,88,0,62.165466
s0092,89,0,57.488247
s0092,90,0,55.582924
s0092,91,0,67.179924
s0092,92,0,63.368523
s0092,93,0,72.0458
s0092,94,0,67.87927
s0092,95,0,63.439972
s0093,0,0,53.330853
s0093,1,0,54.42481
s0093,2,0,50.721146
s0093,3,0,49.77205
s0093,4,0,47.46829
s0093,5,0,52.683132
s0093,6,0,58.071754
s0093,7,0,53.999805
s0093,8,0,70.477745
s0093,9,0,60.513584
s0093,10,0,56.00655
s0093,11,0,66.18748
s0093,12,0,67.24419
s0093,13,0,60.73289
s0093,14,0,66.095085
s0093,15,0,75.84189
s0093,16,0,58.160595
s0093,17,0,58.49615
s0093,18,0,67.97332
s0093,19,0,52.11196
s0093,20,0,69.592316
s0093,21,0,66.0407
s0093,22,0,60.434315
s0093,23,0,72.538734
s0093,24,0,78.64555
s0093,25,0,62.586807
s0093,26,0,66.38908
s0093,27,0,60.316746
s0093,28,0,72.4626
s0093,29,0,74.15337
s0093,30,0,51.314465
s0093,31,0,64.5463
s0093,32,0,54.967133
s0093,33,0,59.970905
s0093,34,0,62.12011
s0093,35,0,49.65445
s0093,36,0,50.174057
s0093,37,0,59.438465
s0093,38,0,68.295784
s0093,39,0,52.89894
s0093,40,0,54.79401
s0093,41,0,34.26674
s0093,42,0,39.49425
s0093,43,0,61.590775
s0093,44,0,37.004402
s0093,45,0,58.275845
s0093,46,0,46.07366
s0093,47,0,38.72487
s0093,48,0,51.50019
s0093,49,0,38.489063
s0093,50,0,58.995937
s0093,51,0,53.761173
s0093,52,0,49.36702
s0093,53,0,55.857338
s0093,54,0,44.82169
s0093,55,0,51.528324
s0093,56,0,44.821583
s0093,57,0,59.67296
s0093,58,0,59.58491
s0093,59,0,61.314682
s0093,60,0,54.956696
s0093,61,0,67.034706
s0093,62,0,72.327896
s0093,63,0,69.74992
s0093,64,0,43.502453
s0093,65,0,62.884438
s0093,66,0,67.04352
s0093,67,0,67.84978
s0093,68,0,72.27673
s0093,69,0,64.12225
s0093,70,0,56.692825
s0093,71,0,60.04916
s0093,72,0,52.64747
s0093,73,0,63.267246
s0093,74,0,80.16802
s0093,75,0,79.17721
s0093,76,0,79.71082
s0093,77,0,81.8698
s0093,78,0,82.9038
s0093,79,0,79.55786
s0093,80,0,79.21077
s0093,81,0,79.22547
s0093,82,0,65.98009
s0093,83,0,64.96547
s0093,84,0,70.34963
s0093,85,0,70.05303
s0093,86,0,63.806465
s0093,87,0,57.52714
s0093,88,0,64.74783
s0093,89,0,67.454475
s0093,90,0,50.13824
s0093,91,0,72.10481
s0093,92,0,62.56537
s0093,93,0,69.59413
s0093,94,0,60.08738
s0093,95,0,69.162796
s0094,0,0,50.688477
s0094,1,0,46.573147
s0094,2,0,37.67476
s0094,3,0,36.89469
s0094,4,0,52.097996
s0094,5,0,50.871307
s0094,6,0,58.404194
s0094,7,0,38.34788
s0094,8,0,62.440285
s0094,9,0,44.83085
s0094,10,0,62.965446
s0094,11,0,58.15318
s0094,12,0,67.748116
s0094,13,0,68.07366
s0094,14,0,64.61111
s0094,15,0,56.331993
s0094,16,0,60.63524
s0094,17,0,60.277184
s0094,18,0,72.26843
s0094,19,0,69.12467
s0094,20,0,71.38453
s0094,21,0,61.026062
s0094,22,0,67.62253
s0094,23,0,67.36429
s0094,24,0,69.45611
s0094,25,0,66.55625
s0094,26,0,70.305504
s0094,27,0,66.66146
s0094,28,0,68.80039
s0094,29,0,70.69227
s0094,30,0,59.29924
s0094,31,0,67.48572
s0094,32,0,51.4439
s0094,33,0,52.729904
s0094,34,0,34.06997
s0094,35,0,49.89095
s0094,36,0,61.605858
s0094,37,0,62.04988
s0094,38,0,50.526806
s0094,39,0,49.352394
s0094,40,0,50.416348
s0094,41,0,40.292587
s0094,42,0,55.719612
s0094,43,0,46.82336
s0094,44,0,59.988735
s0094,45,0,49.784794
s0094,46,0,44.035824
s0094,47,0,41.966145
s0094,48,0,54.894974
s0094,49,0,49.33432
s0094,50,0,48.58427
s0094,51,0,56.169804
s0094,52,0,50.05158
s0094,53,0,43.7587
s0094,54,0,51.423927
s0094,55,0,50.712276
s0094,56,0,64.152374
s0094,57,0,70.380775
s0094,58,0,57.02157
s0094,59,0,61.664185
s0094,60,0,70.69394
s0094,61,0,57.242012
s0094,62,0,74.42682
s0094,63,0,67.684555
s0094,64,0,63.38303
s0094,65,0,64.77093
s0094,66,0,71.6274
s0094,67,0,63.268055
s0094,68,0,62.79077
s0094,69,0,67.794556
s0094,70,0,57.29216
s0094,71,0,56.522217
s0094,72,0,56.555832
s0094,73,0,75.3534
s0094,74,0,74.914795
s0094,75,0,79.452484
s0094,76,0,78.218025
s0094,77,0,79.276215
s0094,78,0,75.65888
s0094,79,0,78.84964
s0094,80,0,79.51274
s0094,81,0,77.21197
s0094,82,0,62.021877
s0094,83,0,67.72124
s0094,84,0,62.146072
s0094,85,0,71.43774
s0094,86,0,65.56884
s0094,87,0,59.956512
s0094,88,0,53.776993
s0094,89,0,67.92909
s0094,90,0,63.124676
s0094,91,0,71.19441
s0094,92,0,67.36331
s0094,93,0,59.595524
s0094,94,0,75.76178
s0094,95,0,62.73078
s0095,0,0,51.985893
s0095,1,0,46.674496
s0095,2,0,55.809902
s0095,3,0,55.61001
s0095,4,0,59.421997
s0095,5,0,48.402897
s0095,6,0,47.638866
s0095,7,0,57.593594
s0095,8,0,62.85303
s0095,9,0,58.657673
s0095,10,0,77.312706
s0095,11,0,64.12406
s0095,12,0,60.390182
s0095,13,0,68.989365
s0095,14,0,62.051468
s0095,15,0,68.90709
s0095,16,0,66.24849
s0095,17,0,64.96223
s0095,18,0,64.301834
s0095,19,0,64.67318
s0095,20,0,69.7315
s0095,21,0,69.16317
s0095,22,0,63.176548
s0095,23,0,62.31127
s0095,24,0,71.208954
s0095,25,0,67.62984
s0095,26,0,67.34926
s0095,27,0,72.02958
s0095,28,0,64.29368
s0095,29,0,70.62356
s0095,30,0,59.44169
s0095,31,0,62.618565
s0095,32,0,56.301105
s0095,33,0,56.756668
s0095,34,0,55.86869
s0095,35,0,60.247734
s0095,36,0,51.178734
s0095,37,0,62.062347
s0095,38,0,59.053947
s0095,39,0,55.053192
s0095,40,0,70.48936
s0095,41,0,59.134262
s0095,42,0,45.030983
s0095,43,0,52.69013
s0095,44,0,48.4944
s0095,45,0,53.742096
s0095,46,0,33.144756
s0095,47,0,44.09263
s0095,48,0,54.373756
s0095,49,0,57.972057
s0095,50,0,59.44452
s0095,51,0,49.939205
s0095,52,0,58.22636
s0095,53,0,54.63697
s0095,54,0,58.398727
s0095,55,0,51.636044
s0095,56,0,65.945595
s0095,57,0,63.51155
s0095,58,0,59.1845
s0095,59,0,57.714977
s0095,60,0,58.588863
s0095,61,0,69.568474
s0095,62,0,74.02071
s0095,63,0,69.74234
s0095,64,0,69.85453
s0095,65,0,60.303818
s0095,66,0,72.253105
s0095,67,0,67.17604
s0095,68,0,66.38146
s0095,69,0,62.51668
s0095,70,0,53.59032
s0095,71,0,58.556114
s0095,72,0,70.54642
s0095,73,0,63.77977
s0095,74,0,78.04777
s0095,75,0,79.29414
s0095,76,0,79.54267
s0095,77,0,80.52255
s0095,78,0,79.26195
s0095,79,0,78.746056
s0095,80,0,78.68985
s0095,81,0,78.11978
s0095,82,0,62.475563
s0095,83,0,63.726437
s0095,84,0,64.291985
s0095,85,0,79.94893
s0095,86,0,63.469852
s0095,87,0,54.167038
s0095,88,0,71.14359
s0095,89,0,66.980545
s0095,90,0,59.300236
s0095,91,0,66.21125
s0095,92,0,71.25456
s0095,93,0,70.458916
s0095,94,0,64.38934
s0095,95,0,74.692566
s0096,0,0,48.994446
s0096,1,0,46.21178
s0096,2,0,47.860523
s0096,3,0,47.972908
s0096,4,0,48.825947
s0096,5,0,51.472706
s0096,6,0,47.56034
s0096,7,0,63.03048
s0096,8,0,71.222916
s0096,9,0,59.55688
s0096,10,0,64.33817
s0096,11,0,69.20732
s0096,12,0,66.0676
s0096,13,0,57.398983
s0096,14,0,68.98389
s0096,15,0,64.53411
s0096,16,0,64.53022
s0096,17,0,58.700836
s0096,18,0,68.36101
s0096,19,0,56.253983
s0096,20,0,68.4168
s0096,21,0,69.74825
s0096,22,0,58.602238
s0096,23,0,60.96666
s0096,24,0,70.495865
s0096,25,0,63.438007
s0096,26,0,68.58134
s0096,27,0,67.21517
s0096,28,0,72.60851
s0096,29,0,63.65774
s0096,30,0,56.420506
s0096,31,0,67.64423
s0096,32,0,57.643356
s0096,33,0,52.516495
s0096,34,0,48.88268
s0096,35,0,54.639477
s0096,36,0,53.5269
s0096,37,0,52.217487
s0096,38,0,49.82472
s0096,39,0,63.44133
s0096,40,0,75.6112
s0096,41,0,50.40614
s0096,42,0,56.32386
s0096,43,0,41.497646
s0096,44,0,37.36252
s0096,45,0,53.469673
s0096,46,0,39.136295
s0096,47,0,32.291183
s0096,48,0,47.717796
s0096,49,0,44.696274
s0096,50,0,47.920677
s0096,51,0,57.27262
s0096,52,0,56.2654
s0096,53,0,55.29874
s0096,54,0,49.903255
s0096,55,0,60.060013
s0096,56,0,61.399895
s0096,57,0,59.889137
s0096,58,0,49.78655
s0096,59,0,62.1352
s0096,60,0,59.402996
s0096,61,0,63.86902
s0096,62,0,79.011986
s0096,63,0,76.795044
s0096,64,0,71.182335
s0096,65,0,66.31387
s0096,66,0,66.36198
s0096,67,0,61.669483
s0096,68,0,67.104
s0096,69,0,69.24157
s0096,70,0,62.082527
s0096,71,0,65.86375
s0096,72,0,67.80628
s0096,73,0,71.12443
s0096,74,0,76.02406
s0096,75,0,79.983246
s0096,76,0,80.072235
s0096,77,0,80.44342
s0096,78,0,76.79465
s0096,79,0,74.95099
s0096,80,0,80.12864
s0096,81,0,78.02006
s0096,82,0,59.87402
s0096,83,0,56.64098
s0096,84,0,71.415924
s0096,85,0,73.429504
s0096,86,0,59.98256
s0096,87,0,59.416126
s0096,88,0,58.750103
s0096,89,0,65.74004
s0096,90,0,56.184677
s0096,91,0,72.51609
s0096,92,0,68.10919
s0096,93,0,70.853355
s0096,94,0,67.90823
s0096,95,0,78.32948
s0097,0,0,52.580986
s0097,1,0,45.869316
s0097,2,0,46.4799
s0097,3,0,39.271038
s0097,4,0,47.249737
s0097,5,0,67.54604
s0097,6,0,53.20534
s0097,7,0,54.27784
s0097,8,0,64.93458
s0097,9,0,73.95499
s0097,10,0,59.955555
s0097,11,0,60.367588
s0097,12,0,66.699615
s0097,13,0,66.55579
s0097,14,0,61.321728
s0097,15,0,68.20842
s0097,16,0,70.28195
s0097,17,0,64.08165
s0097,18,0,61.51071
s0097,19,0,72.916855
s0097,20,0,58.24246
s0097,21,0,67.50785
s0097,22,0,71.311485
s0097,23,0,70.9174
s0097,24,0,69.143234
s0097,25,0,64.59173
s0097,26,0,66.32393
s0097,27,0,60.517
s0097,28,0,65.58644
s0097,29,0,69.46452
s0097,30,0,59.102722
s0097,31,0,63.645573
s0097,32,0,55.712193
s0097,33,0,53.49308
s0097,34,0,53.641277
s0097,35,0,63.308235
s0097,36,0,55.638706
s0097,37,0,55.101837
s0097,38,0,61.279682
s0097,39,0,44.760265
s0097,40,0,60.91949
s0097,41,0,53.06506
s0097,42,0,55.556736
s0097,43,0,40.155643
s0097,44,0,52.616642
s0097,45,0,40.191128
s0097,46,0,27.21269
s0097,47,0,44.862076
s0097,48,0,53.930748
s0097,49,0,54.341072
s0097,50,0,55.069355
s0097,51,0,46.682655
s0097,52,0,62.989502
s0097,53,0,50.021347
s0097,54,0,53.09433
s0097,55,0,70.02339
s0097,56,0,71.32334
s0097,57,0,68.539276
s0097,58,0,58.2664
s0097,59,0,60.323704
s0097,60,0,59.39617
s0097,61,0,62.10973
s0097,62,0,72.284805
s0097,63,0,79.82103
s0097,64,0,63.806347
s0097,65,0,61.439407
s0097,66,0,67.34168
s0097,67,0,53.38302
s0097,68,0,71.93378
s0097,69,0,54.623463
s0097,70,0,65.7136
s0097,71,0,62.096893
s0097,72,0,61.41635
s0097,73,0,71.52073
s0097,74,0,81.33152
s0097,75,0,78.37589
s0097,76,0,81.0805
s0097,77,0,79.11071
s0097,78,0,78.48693
s0097,79,0,79.78661
s0097,80,0,79.0497
s0097,81,0,78.97122
s0097,82,0,68.43762
s0097,83,0,67.3182
s0097,84,0,58.815292
s0097,85,0,64.389854
s0097,86,0,61.376392
s0097,87,0,57.826984
s0097,88,0,63.511364
s0097,89,0,63.870346
s0097,90,0,50.027557
s0097,91,0,59.269005
s0097,92,0,67.14233
s0097,93,0,75.15451
s0097,94,0,73.606415
s0097,95,0,64.32193
s0098,0,0,41.642612
s0098,1,0,36.851494
s0098,2,0,45.642902
s0098,3,0,51.46692
s0098,4,0,52.916367
s0098,5,0,42.74634
s0098,6,0,48.194687
s0098,7,0,53.32044
s0098,8,0,60.895348
s0098,9,0,61.07563
s0098,10,0,64.871574
s0098,11,0,55.775574
s0098,12,0,56.94592
s0098,13,0,63.78735
s0098,14,0,58.459557
s0098,15,0,71.07265
s0098,16,0,72.42051
s0098,17,0,67.152855
s0098,18,0,59.454502
s0098,19,0,73.19302
s0098,20,0,67.28795
s0098,21,0,75.44868
s0098,22,0,63.51774
s0098,23,0,64.0803
s0098,24,0,70.05077
s0098,25,0,63.01676
s0098,26,0,67.760704
s0098,27,0,59.38843
s0098,28,0,64.39478
s0098,29,0,69.67868
s0098,30,0,66.54864
s0098,31,0,56.66152
s0098,32,0,70.225655
s0098,33,0,56.10625
s0098,34,0,50.55334
s0098,35,0,52.78875
s0098,36,0,60.30136
s0098,37,0,63.1762
s0098,38,0,56.291225
s0098,39,0,48.150192
s0098,40,0,77.957306
s0098,41,0,66.710175
s0098,42,0,57.349564
s0098,43,0,60.381954
s0098,44,0,57.221424
s0098,45,0,44.877583
s0098,46,0,59.296688
s0098,47,0,65.398636
s0098,48,0,61.043755
s0098,49,0,50.342728
s0098,50,0,46.61531
s0098,51,0,51.693977
s0098,52,0,48.645294
s0098,53,0,49.019226
s0098,54,0,54.46844
s0098,55,0,59.434845
s0098,56,0,64.05614
s0098,57,0,55.14674
s0098,58,0,58.464706
s0098,59,0,63.6719
s0098,60,0,63.06395
s0098,61,0,65.04942
s0098,62,0,64.086624
s0098,63,0,73.85017
s0098,64,0,68.44179
s0098,65,0,61.36669
s0098,66,0,77.248116
s0098,67,0,66.550766
s0098,68,0,64.87504
s0098,69,0,62.779594
s0098,70,0,54.818146
s0098,71,0,64.415085
s0098,72,0,61.558407
s0098,73,0,67.205666
s0098,74,0,78.08954
s0098,75,0,79.053154
s0098,76,0,79.87508
s0098,77,0,79.00106
s0098,78,0,77.06224
s0098,79,0,79.73957
s0098,80,0,80.31255
s0098,81,0,79.163605
s0098,82,0,67.84786
s0098,83,0,67.14473
s0098,84,0,67.73869
s0098,85,0,73.90752
s0098,86,0,58.93331
s0098,87,0,61.742004
s0098,88,0,55.56819
s0098,89,0,67.00032
s0098,90,0,57.308613
s0098,91,0,69.19428
s0098,92,0,69.11088
s0098,93,0,64.31492
s0098,94,0,68.83962
s0098,95,0,65.18974
s0099,0,0,51.50017
s0099,1,0,36.629326
s0099,2,0,49.348442
s0099,3,0,47.532482
s0099,4,0,51.57662
s0099,5,0,56.009956
s0099,6,0,53.389835
s0099,7,0,58.879112
s0099,8,0,61.585026
s0099,9,0,52.704678
s0099,10,0,59.387173
s0099,11,0,54.533054
s0099,12,0,67.92654
s0099,13,0,64.18025
s0099,14,0,73.648254
s0099,15,0,67.087494
s0099,16,0,69.87553
s0099,17,0,55.384193
s0099,18,0,68.26588
s0099,19,0,66.347824
s0099,20,0,66.54351
s0099,21,0,63.461952
s0099,22,0,58.948807
s0099,23,0,68.74684
s0099,24,0,70.32263
s0099,25,0,78.29477
s0099,26,0,74.95606
s0099,27,0,66.328064
s0099,28,0,73.91659
s0099,29,0,66.67526
s0099,30,0,58.213264
s0099,31,0,64.89527
s0099,32,0,65.67125
s0099,33,0,55.31363
s0099,34,0,59.689915
s0099,35,0,59.98257
s0099,36,0,59.546497
s0099,37,0,50.504436
s0099,38,0,53.63274
s0099,39,0,51.933918
s0099,40,0,52.027077
s0099,41,0,53.484333
s0099,42,0,37.340134
s0099,43,0,51.304516
s0099,44,0,36.00201
s0099,45,0,41.302856
s0099,46,0,64.91369
s0099,47,0,37.420628
s0099,48,0,62.481754
s0099,49,0,49.185623
s0099,50,0,48.716515
s0099,51,0,41.655033
s0099,52,0,51.64234
s0099,53,0,46.89514
s0099,54,0,49.757347
s0099,55,0,52.16524
s0099,56,0,54.915882
s0099,57,0,52.31316
s0099,58,0,64.83748
s0099,59,0,67.31125
s0099,60,0,64.77159
s0099,61,0,65.34224
s0099,62,0,77.18666
s0099,63,0,72.70375
s0099,64,0,67.58895
s0099,65,0,68.21643
s0099,66,0,68.710526
s0099,67,0,68.50469
s0099,68,0,64.60261
s0099,69,0,70.90928
s0099,70,0,65.65628
s0099,71,0,56.828247
s0099,72,0,59.47754
s0099,73,0,70.72417
s0099,74,0,73.059456
s0099,75,0,89.02977
s0099,76,0,80.466484
s0099,77,0,88.035774
s0099,78,0,76.15762
s0099,79,0,80.24206
s0099,80,0,78.98294
s0099,81,0,80.40158
s0099,82,0,66.358444
s0099,83,0,68.68855
s0099,84,0,68.23176
s0099,85,0,65.538704
s0099,86,0,73.34644
s0099,87,0,66.823135
s0099,88,0,58.528355
s0099,89,0,62.938072
s0099,90,0,63.54848
s0099,91,0,60.27047
s0099,92,0,72.81573
s0099,93,0,73.07066
s0099,94,0,70.24528
s0099,95,0,63.757694
s0100,0,0,52.406784
s0100,1,0,43.742958
s0100,2,0,36.04338
s0100,3,0,43.810997
s0100,4,0,42.78595
s0100,5,0,46.78664
s0100,6,0,37.152092
s0100,7,0,54.060917
s0100,8,0,43.01737
s0100,9,0,52.122925
s0100,10,0,47.1056
s0100,11,0,57.21865
s0100,12,0,59.088654
s0100,13,0,64.00516
s0100,14,0,63.635036
s0100,15,0,67.27199
s0100,16,0,66.87643
s0100,17,0,64.42499
s0100,18,0,64.96653
s0100,19,0,69.99227
s0100,20,0,69.06486
s0100,21,0,65.403275
s0100,22,0,67.70319
s0100,23,0,71.24871
s0100,24,0,62.255985
s0100,25,0,67.51757
s0100,26,0,72.9897
s0100,27,0,62.383408
s0100,28,0,66.74969
s0100,29,0,64.513054
s0100,30,0,49.11764
s0100,31,0,75.71843
s0100,32,0,60.83599
s0100,33,0,43.027695
s0100,34,0,33.75018
s0100,35,0,50.29865
s0100,36,0,50.623173
s0100,37,0,47.195
s0100,38,0,58.94371
s0100,39,0,40.73444
s0100,40,0,65.031364
s0100,41,0,48.720116
s0100,42,0,52.9061
s0100,43,0,50.75514
s0100,44,0,62.237263
s0100,45,0,43.498753
s0100,46,0,54.297626
s0100,47,0,35.49622
s0100,48,0,42.5534
s0100,49,0,42.430122
s0100,50,0,46.623318
s0100,51,0,59.202694
s0100,52,0,37.150333
s0100,53,0,57.43488
s0100,54,0,53.216274
s0100,55,0,55.917217
s0100,56,0,64.40362
s0100,57,0,68.32172
s0100,58,0,58.747726
s0100,59,0,73.65285
s0100,60,0,68.58181
s0100,61,0,65.74995
s0100,62,0,73.89025
s0100,63,0,66.43668
s0100,64,0,60.18208
s0100,65,0,58.671093
s0100,66,0,68.17004
s0100,67,0,59.73841
s0100,68,0,56.79517
s0100,69,0,55.733414
s0100,70,0,60.867157
s0100,71,0,58.80021
s0100,72,0,45.255184
s0100,73,0,63.838352
s0100,74,0,76.45908
s0100,75,0,78.980316
s0100,76,0,79.469734
s0100,77,0,79.03469
s0100,78,0,75.059204
s0100,79,0,78.8982
s0100,80,0,79.174934
s0100,81,0,78.35549
s0100,82,0,66.40527
s0100,83,0,72.39597
s0100,84,0,64.5199
s0100,85,0,60.73097
s0100,86,0,61.495216
s0100,87,0,49.540012
s0100,88,0,49.19524
s0100,89,0,56.407608
s0100,90,0,52.485718
s0100,91,0,63.748173
s0100,92,0,68.17081
s0100,93,0,63.82143
s0100,94,0,63.66754
s0100,95,0,59.79408
