timestamp,sample_id,soc_frac
2023-01-10 00:00:00,s0001,0.49100040544058443
2023-01-10 00:15:00,s0001,0.48974079036058443
2023-01-10 00:30:00,s0001,0.4649548710698611
2023-01-10 00:45:00,s0001,0.5098430878665393
2023-01-10 01:00:00,s0001,0.5647401589112347
2023-01-10 01:15:00,s0001,0.5053865413216418
2023-01-10 01:30:00,s0001,0.44790785229622604
2023-01-10 01:45:00,s0001,0.49274969477731434
2023-01-10 02:00:00,s0001,0.41433103796925236
2023-01-10 02:15:00,s0001,0.4185290813568779
2023-01-10 02:30:00,s0001,0.4129852947288143
2023-01-10 02:45:00,s0001,0.4489497647072755
2023-01-10 03:00:00,s0001,0.5393153812560718
2023-01-10 03:15:00,s0001,0.643386984874208
2023-01-10 03:30:00,s0001,0.7569049523274481
2023-01-10 03:45:00,s0001,0.9723424267800219
2023-01-10 04:00:00,s0001,0.9847002759081408
2023-01-10 04:15:00,s0001,0.9770211432149247
2023-01-10 04:30:00,s0001,1.0
2023-01-10 04:45:00,s0001,1.0
2023-01-10 05:00:00,s0001,1.0000000033279912
2023-01-10 05:15:00,s0001,1.0000000068022552
2023-01-10 05:30:00,s0001,0.8947368525998359
2023-01-10 05:45:00,s0001,0.9161423991155098
2023-01-10 06:00:00,s0001,0.8252831396797378
2023-01-10 06:15:00,s0001,0.8870061157440252
2023-01-10 06:30:00,s0001,0.8338464314813308
2023-01-10 06:45:00,s0001,0.8068229779473941
2023-01-10 07:00:00,s0001,0.7436304777013674
2023-01-10 07:15:00,s0001,0.7558725338108631
2023-01-10 07:30:00,s0001,0.777091445671202
2023-01-10 07:45:00,s0001,0.7830148814662157
2023-01-10 08:00:00,s0001,0.8288737295011613
2023-01-10 08:15:00,s0001,0.7787742153168054
2023-01-10 08:30:00,s0001,0.6916583777727812
2023-01-10 08:45:00,s0001,0.7190101946269685
2023-01-10 09:00:00,s0001,0.7262892130196222
2023-01-10 09:15:00,s0001,0.7635221777463479
2023-01-10 09:30:00,s0001,0.8165995032755972
2023-01-10 09:45:00,s0001,0.7718295252451377
2023-01-10 10:00:00,s0001,0.7541712019997601
2023-01-10 10:15:00,s0001,0.8279563657692408
2023-01-10 10:30:00,s0001,0.7809540797477952
2023-01-10 10:45:00,s0001,0.8759540800884399
2023-01-10 11:00:00,s0001,0.8639548845862246
2023-01-10 11:15:00,s0001,0.958954885131139
2023-01-10 11:30:00,s0001,1.0
2023-01-10 11:45:00,s0001,1.0000000005520544
2023-01-10 12:00:00,s0001,1.0000000016503856
2023-01-10 12:15:00,s0001,0.9469479796985792
2023-01-10 12:30:00,s0001,0.8732236888892069
2023-01-10 12:45:00,s0001,0.9682236900809045
2023-01-10 13:00:00,s0001,0.9362636032385012
2023-01-10 13:15:00,s0001,0.9087394822011755
2023-01-10 13:30:00,s0001,0.911819327656598
2023-01-10 13:45:00,s0001,0.9167953041168223
2023-01-10 14:00:00,s0001,0.8949288969569583
2023-01-10 14:15:00,s0001,0.8566687829539411
2023-01-10 14:30:00,s0001,0.7978738938837568
2023-01-10 14:45:00,s0001,0.8132325820501349
2023-01-10 15:00:00,s0001,0.8823580315149259
2023-01-10 15:15:00,s0001,0.821213732350213
2023-01-10 15:30:00,s0001,0.7360750278059516
2023-01-10 15:45:00,s0001,0.778093548302678
2023-01-10 16:00:00,s0001,0.7534097906213835
2023-01-10 16:15:00,s0001,0.8179975205057134
2023-01-10 16:30:00,s0001,0.7606204945044388
2023-01-10 16:45:00,s0001,0.7778587193507089
2023-01-10 17:00:00,s0001,0.7824935991891925
2023-01-10 17:15:00,s0001,0.7928386289521853
2023-01-10 17:30:00,s0001,0.8285114236814424
2023-01-10 17:45:00,s0001,0.7887539040080833
2023-01-10 18:00:00,s0001,0.8091257790200799
2023-01-10 18:15:00,s0001,0.8626051255661116
2023-01-10 18:30:00,s0001,0.7707315807753681
2023-01-10 18:45:00,s0001,0.7358144843304993
2023-01-10 19:00:00,s0001,0.8021698764994574
2023-01-10 19:15:00,s0001,0.7627070972193593
2023-01-10 19:30:00,s0001,0.8577070972286815
2023-01-10 19:45:00,s0001,0.5857257082388498
2023-01-10 20:00:00,s0001,0.5279249483669436
2023-01-10 20:15:00,s0001,0.453372303052999
2023-01-10 20:30:00,s0001,0.48781725331304865
2023-01-10 20:45:00,s0001,0.5250369190041111
2023-01-10 21:00:00,s0001,0.539297656100885
2023-01-10 21:15:00,s0001,0.4643949182369669
2023-01-10 21:30:00,s0001,0.44592225351943204
2023-01-10 21:45:00,s0001,0.5003065272518935
2023-01-10 22:00:00,s0001,0.39504337108901666
2023-01-10 22:15:00,s0001,0.39366442500115534
2023-01-10 22:30:00,s0001,0.4489666850052219
2023-01-10 22:45:00,s0001,0.37877588111222404
2023-01-10 23:00:00,s0001,0.3680538705774519
2023-01-10 23:15:00,s0001,0.41704625951940477
2023-01-10 23:30:00,s0001,0.43995614092745705
2023-01-10 23:45:00,s0001,0.49206420971761805
2023-01-10 00:00:00,s0002,0.510044402162613
2023-01-10 00:15:00,s0002,0.561768783919876
2023-01-10 00:30:00,s0002,0.5380602510329441
2023-01-10 00:45:00,s0002,0.5359158369738182
2023-01-10 01:00:00,s0002,0.5238094829455896
2023-01-10 01:15:00,s0002,0.5458626763100826
2023-01-10 01:30:00,s0002,0.6113662173863127
2023-01-10 01:45:00,s0002,0.6626757389135403
2023-01-10 02:00:00,s0002,0.6438422939890811
2023-01-10 02:15:00,s0002,0.5741128446149496
2023-01-10 02:30:00,s0002,0.515456551757056
2023-01-10 02:45:00,s0002,0.6104566138748152
2023-01-10 03:00:00,s0002,0.6476545721783842
2023-01-10 03:15:00,s0002,0.678255280635183
2023-01-10 03:30:00,s0002,0.7939070536049221
2023-01-10 03:45:00,s0002,0.8927954427966167
2023-01-10 04:00:00,s0002,0.9877958799678319
2023-01-10 04:15:00,s0002,0.9664085607506686
2023-01-10 04:30:00,s0002,0.9299464885606084
2023-01-10 04:45:00,s0002,0.9147665165394867
2023-01-10 05:00:00,s0002,0.9163913094057584
2023-01-10 05:15:00,s0002,0.9545780495674758
2023-01-10 05:30:00,s0002,0.9507125659978066
2023-01-10 05:45:00,s0002,0.9621915009867793
2023-01-10 06:00:00,s0002,1.0
2023-01-10 06:15:00,s0002,0.9881193321169665
2023-01-10 06:30:00,s0002,0.9700868152318666
2023-01-10 06:45:00,s0002,1.0
2023-01-10 07:00:00,s0002,0.994785393175594
2023-01-10 07:15:00,s0002,1.0
2023-01-10 07:30:00,s0002,0.9227038554404633
2023-01-10 07:45:00,s0002,1.0
2023-01-10 08:00:00,s0002,0.9972844273655199
2023-01-10 08:15:00,s0002,1.0
2023-01-10 08:30:00,s0002,0.9912804692340232
2023-01-10 08:45:00,s0002,0.9358080639465246
2023-01-10 09:00:00,s0002,0.9766238947984418
2023-01-10 09:15:00,s0002,0.9580559550503087
2023-01-10 09:30:00,s0002,1.0
2023-01-10 09:45:00,s0002,0.8947368423373064
2023-01-10 10:00:00,s0002,0.9473669389880862
2023-01-10 10:15:00,s0002,0.8421037814283734
2023-01-10 10:30:00,s0002,0.8088947909423916
2023-01-10 10:45:00,s0002,0.7036316333882995
2023-01-10 11:00:00,s0002,0.7085276008076995
2023-01-10 11:15:00,s0002,0.7168970204376142
2023-01-10 11:30:00,s0002,0.70483090655465
2023-01-10 11:45:00,s0002,0.5995677492119675
2023-01-10 12:00:00,s0002,0.6945677503102987
2023-01-10 12:15:00,s0002,0.6604375778095585
2023-01-10 12:30:00,s0002,0.6206312421198251
2023-01-10 12:45:00,s0002,0.7156312433115227
2023-01-10 13:00:00,s0002,0.7648029067423469
2023-01-10 13:15:00,s0002,0.7666029667131175
2023-01-10 13:30:00,s0002,0.7259414769390266
2023-01-10 13:45:00,s0002,0.799740773596544
2023-01-10 14:00:00,s0002,0.736414927234232
2023-01-10 14:15:00,s0002,0.7255871931114146
2023-01-10 14:30:00,s0002,0.7218130859108385
2023-01-10 14:45:00,s0002,0.693879821738355
2023-01-10 15:00:00,s0002,0.7744275451346192
2023-01-10 15:15:00,s0002,0.8027934324360262
2023-01-10 15:30:00,s0002,0.7327834221318061
2023-01-10 15:45:00,s0002,0.6995343724010268
2023-01-10 16:00:00,s0002,0.7157012149863601
2023-01-10 16:15:00,s0002,0.7339119613982019
2023-01-10 16:30:00,s0002,0.7470456458434617
2023-01-10 16:45:00,s0002,0.7629519723343007
2023-01-10 17:00:00,s0002,0.6576888146413911
2023-01-10 17:15:00,s0002,0.6820911297890994
2023-01-10 17:30:00,s0002,0.7342348773987644
2023-01-10 17:45:00,s0002,0.7339604419731417
2023-01-10 18:00:00,s0002,0.7378291168506106
2023-01-10 18:15:00,s0002,0.7445653887126095
2023-01-10 18:30:00,s0002,0.7212422281813136
2023-01-10 18:45:00,s0002,0.573589492229684
2023-01-10 19:00:00,s0002,0.6347614053782052
2023-01-10 19:15:00,s0002,0.4707038990871846
2023-01-10 19:30:00,s0002,0.5343716054768609
2023-01-10 19:45:00,s0002,0.35333097835598837
2023-01-10 20:00:00,s0002,0.2786727647850738
2023-01-10 20:15:00,s0002,0.25479988224192973
2023-01-10 20:30:00,s0002,0.2937511274784751
2023-01-10 20:45:00,s0002,0.2222647932800122
2023-01-10 21:00:00,s0002,0.1673776080904572
2023-01-10 21:15:00,s0002,0.11966352404847819
2023-01-10 21:30:00,s0002,0.09214860006700742
2023-01-10 21:45:00,s0002,0.0895100042340291
2023-01-10 22:00:00,s0002,0.012883352910326717
2023-01-10 22:15:00,s0002,0.0
2023-01-10 22:30:00,s0002,0.0
2023-01-10 22:45:00,s0002,0.012521259805603868
2023-01-10 23:00:00,s0002,0.10873645201977994
2023-01-10 23:15:00,s0002,0.14380485762792128
2023-01-10 23:30:00,s0002,0.16044141369196074
2023-01-10 23:45:00,s0002,0.26024651582462255
2023-01-10 00:00:00,s0003,0.4943463629071652
2023-01-10 00:15:00,s0003,0.5622198206198672
2023-01-10 00:30:00,s0003,0.5606186329224963
2023-01-10 00:45:00,s0003,0.5397549558009551
2023-01-10 01:00:00,s0003,0.5282421687741969
2023-01-10 01:15:00,s0003,0.5673708856775002
2023-01-10 01:30:00,s0003,0.6041916402947289
2023-01-10 01:45:00,s0003,0.5739706565822852
2023-01-10 02:00:00,s0003,0.6020565142154496
2023-01-10 02:15:00,s0003,0.6408155357227886
2023-01-10 02:30:00,s0003,0.6174564191867056
2023-01-10 02:45:00,s0003,0.6292322083146632
2023-01-10 03:00:00,s0003,0.763529085914255
2023-01-10 03:15:00,s0003,0.8785703858388242
2023-01-10 03:30:00,s0003,1.0
2023-01-10 03:45:00,s0003,1.0
2023-01-10 04:00:00,s0003,0.8947372792764783
2023-01-10 04:15:00,s0003,0.9309358224093668
2023-01-10 04:30:00,s0003,0.9746569901307706
2023-01-10 04:45:00,s0003,0.8839335022231062
2023-01-10 05:00:00,s0003,0.8890487978231348
2023-01-10 05:15:00,s0003,0.929890533553365
2023-01-10 05:30:00,s0003,0.864833260214414
2023-01-10 05:45:00,s0003,0.8307570354754827
2023-01-10 06:00:00,s0003,0.9053754657887609
2023-01-10 06:15:00,s0003,0.9646905495668152
2023-01-10 06:30:00,s0003,1.0
2023-01-10 06:45:00,s0003,1.0000000004425256
2023-01-10 07:00:00,s0003,1.0000000006866216
2023-01-10 07:15:00,s0003,1.0000000009318992
2023-01-10 07:30:00,s0003,1.0000000011778392
2023-01-10 07:45:00,s0003,1.0000000014254375
2023-01-10 08:00:00,s0003,0.9847153753603353
2023-01-10 08:15:00,s0003,1.0
2023-01-10 08:30:00,s0003,1.0000000001789182
2023-01-10 08:45:00,s0003,0.9614396670006395
2023-01-10 09:00:00,s0003,0.9230601302106461
2023-01-10 09:15:00,s0003,0.8644787215157574
2023-01-10 09:30:00,s0003,0.7592155638520294
2023-01-10 09:45:00,s0003,0.6539524061893358
2023-01-10 10:00:00,s0003,0.6710121279482983
2023-01-10 10:15:00,s0003,0.6943162386648084
2023-01-10 10:30:00,s0003,0.7893162390023996
2023-01-10 10:45:00,s0003,0.8843162393430444
2023-01-10 11:00:00,s0003,0.8830767971519164
2023-01-10 11:15:00,s0003,0.7778136398020941
2023-01-10 11:30:00,s0003,0.7728221908308023
2023-01-10 11:45:00,s0003,0.6675590334881198
2023-01-10 12:00:00,s0003,0.6792880526635917
2023-01-10 12:15:00,s0003,0.6895552288154181
2023-01-10 12:30:00,s0003,0.7845552299563965
2023-01-10 12:45:00,s0003,0.8324102003002631
2023-01-10 13:00:00,s0003,0.9274102011114846
2023-01-10 13:15:00,s0003,0.9999181375949576
2023-01-10 13:30:00,s0003,1.0
2023-01-10 13:45:00,s0003,1.00000000087092
2023-01-10 14:00:00,s0003,0.9433330443647001
2023-01-10 14:15:00,s0003,0.9461862556763068
2023-01-10 14:30:00,s0003,0.9508359569825365
2023-01-10 14:45:00,s0003,0.9771424658672516
2023-01-10 15:00:00,s0003,0.9835570581918873
2023-01-10 15:15:00,s0003,0.9495737245188621
2023-01-10 15:30:00,s0003,0.9651904275001776
2023-01-10 15:45:00,s0003,0.9504891867192476
2023-01-10 16:00:00,s0003,1.0
2023-01-10 16:15:00,s0003,1.0000000002456337
2023-01-10 16:30:00,s0003,1.0000000004930185
2023-01-10 16:45:00,s0003,1.0000000007435264
2023-01-10 17:00:00,s0003,0.9084159777152346
2023-01-10 17:15:00,s0003,0.884218748068611
2023-01-10 17:30:00,s0003,0.8149144389403058
2023-01-10 17:45:00,s0003,0.7840137279810162
2023-01-10 18:00:00,s0003,0.817043222517909
2023-01-10 18:15:00,s0003,0.8466696618741048
2023-01-10 18:30:00,s0003,0.8062374775119634
2023-01-10 18:45:00,s0003,0.8027071521453651
2023-01-10 19:00:00,s0003,0.726082339267123
2023-01-10 19:15:00,s0003,0.6879373056918299
2023-01-10 19:30:00,s0003,0.6418500230008732
2023-01-10 19:45:00,s0003,0.4393601861137064
2023-01-10 20:00:00,s0003,0.3446840833052751
2023-01-10 20:15:00,s0003,0.28903323494052646
2023-01-10 20:30:00,s0003,0.2001843767280383
2023-01-10 20:45:00,s0003,0.16537335714657875
2023-01-10 21:00:00,s0003,0.22188624206079077
2023-01-10 21:15:00,s0003,0.22685895949616555
2023-01-10 21:30:00,s0003,0.26598613296350065
2023-01-10 21:45:00,s0003,0.30470457975487797
2023-01-10 22:00:00,s0003,0.26399353747711235
2023-01-10 22:15:00,s0003,0.28912436885620363
2023-01-10 22:30:00,s0003,0.2826806604028219
2023-01-10 22:45:00,s0003,0.269756587986248
2023-01-10 23:00:00,s0003,0.2786540569049092
2023-01-10 23:15:00,s0003,0.3065683436237385
2023-01-10 23:30:00,s0003,0.279077001859806
2023-01-10 23:45:00,s0003,0.29735663270805635
2023-01-10 00:00:00,s0004,0.47271605414477247
2023-01-10 00:15:00,s0004,0.4785013149551581
2023-01-10 00:30:00,s0004,0.45368052804459125
2023-01-10 00:45:00,s0004,0.46367428497380103
2023-01-10 01:00:00,s0004,0.4549625226615883
2023-01-10 01:15:00,s0004,0.5107552157633192
2023-01-10 01:30:00,s0004,0.45950282204033127
2023-01-10 01:45:00,s0004,0.43249012160134664
2023-01-10 02:00:00,s0004,0.47694292128571925
2023-01-10 02:15:00,s0004,0.41696917404088574
2023-01-10 02:30:00,s0004,0.3817200425942572
2023-01-10 02:45:00,s0004,0.37345710639676016
2023-01-10 03:00:00,s0004,0.3817202071302531
2023-01-10 03:15:00,s0004,0.38032424203156345
2023-01-10 03:30:00,s0004,0.5118418520945271
2023-01-10 03:45:00,s0004,0.6425860957981551
2023-01-10 04:00:00,s0004,0.6002506372188656
2023-01-10 04:15:00,s0004,0.5181032204549194
2023-01-10 04:30:00,s0004,0.5874074910174425
2023-01-10 04:45:00,s0004,0.551261917904075
2023-01-10 05:00:00,s0004,0.5667992425745803
2023-01-10 05:15:00,s0004,0.5327581232277283
2023-01-10 05:30:00,s0004,0.5431723030755039
2023-01-10 05:45:00,s0004,0.4645438761680366
2023-01-10 06:00:00,s0004,0.46271132808379867
2023-01-10 06:15:00,s0004,0.5272731363915384
2023-01-10 06:30:00,s0004,0.5735744460635733
2023-01-10 06:45:00,s0004,0.5676191624382045
2023-01-10 07:00:00,s0004,0.5705741790315624
2023-01-10 07:15:00,s0004,0.5746174113457312
2023-01-10 07:30:00,s0004,0.5406497602140616
2023-01-10 07:45:00,s0004,0.5033061402487513
2023-01-10 08:00:00,s0004,0.5333308522101552
2023-01-10 08:15:00,s0004,0.4551727833937934
2023-01-10 08:30:00,s0004,0.4366477976692663
2023-01-10 08:45:00,s0004,0.44423302025237865
2023-01-10 09:00:00,s0004,0.4285315476926477
2023-01-10 09:15:00,s0004,0.4761992875740878
2023-01-10 09:30:00,s0004,0.4486067035824799
2023-01-10 09:45:00,s0004,0.4810024929593094
2023-01-10 10:00:00,s0004,0.45655978305921807
2023-01-10 10:15:00,s0004,0.506846054668517
2023-01-10 10:30:00,s0004,0.4015828971113712
2023-01-10 10:45:00,s0004,0.4965828974520159
2023-01-10 11:00:00,s0004,0.49508041991925744
2023-01-10 11:15:00,s0004,0.4034726077297991
2023-01-10 11:30:00,s0004,0.4272463417300948
2023-01-10 11:45:00,s0004,0.32198318438741236
2023-01-10 12:00:00,s0004,0.41698318548574353
2023-01-10 12:15:00,s0004,0.4473561661852792
2023-01-10 12:30:00,s0004,0.4335240400073974
2023-01-10 12:45:00,s0004,0.3405970253280658
2023-01-10 13:00:00,s0004,0.3496768243351718
2023-01-10 13:15:00,s0004,0.39197651089169616
2023-01-10 13:30:00,s0004,0.4289031189325966
2023-01-10 13:45:00,s0004,0.4683324604603858
2023-01-10 14:00:00,s0004,0.4609627021834447
2023-01-10 14:15:00,s0004,0.467230997474664
2023-01-10 14:30:00,s0004,0.3886334086216986
2023-01-10 14:45:00,s0004,0.40406923028146613
2023-01-10 15:00:00,s0004,0.4006477470716976
2023-01-10 15:15:00,s0004,0.40176148344341867
2023-01-10 15:30:00,s0004,0.2966439929173601
2023-01-10 15:45:00,s0004,0.3097493547111072
2023-01-10 16:00:00,s0004,0.3380282667731488
2023-01-10 16:15:00,s0004,0.2965605497364485
2023-01-10 16:30:00,s0004,0.3383601114892856
2023-01-10 16:45:00,s0004,0.29214110776587365
2023-01-10 17:00:00,s0004,0.3014752018798468
2023-01-10 17:15:00,s0004,0.3471132966981164
2023-01-10 17:30:00,s0004,0.37666866716309955
2023-01-10 17:45:00,s0004,0.39191136715372277
2023-01-10 18:00:00,s0004,0.36778564850729634
2023-01-10 18:15:00,s0004,0.42246692171409894
2023-01-10 18:30:00,s0004,0.4144780309071454
2023-01-10 18:45:00,s0004,0.3719544477382666
2023-01-10 19:00:00,s0004,0.359467589677543
2023-01-10 19:15:00,s0004,0.2129605176485846
2023-01-10 19:30:00,s0004,0.19275960864637642
2023-01-10 19:45:00,s0004,0.0
2023-01-10 20:00:00,s0004,0.0
2023-01-10 20:15:00,s0004,0.0
2023-01-10 20:30:00,s0004,0.013263620848333657
2023-01-10 20:45:00,s0004,0.0
2023-01-10 21:00:00,s0004,0.0
2023-01-10 21:15:00,s0004,0.0
2023-01-10 21:30:00,s0004,0.09500000090302718
2023-01-10 21:45:00,s0004,0.08885929404409365
2023-01-10 22:00:00,s0004,0.10232971275847141
2023-01-10 22:15:00,s0004,0.13421672093724935
2023-01-10 22:30:00,s0004,0.1012556960528237
2023-01-10 22:45:00,s0004,0.0522048002997223
2023-01-10 23:00:00,s0004,0.0044029975983162495
2023-01-10 23:15:00,s0004,0.014065070860649564
2023-01-10 23:30:00,s0004,0.0
2023-01-10 23:45:00,s0004,0.0
2023-01-10 00:00:00,s0005,0.4696667585320332
2023-01-10 00:15:00,s0005,0.40612929236036943
2023-01-10 00:30:00,s0005,0.4169351548446078
2023-01-10 00:45:00,s0005,0.4094776676349918
2023-01-10 01:00:00,s0005,0.40146767418130147
2023-01-10 01:15:00,s0005,0.40710468872580297
2023-01-10 01:30:00,s0005,0.37569491652354403
2023-01-10 01:45:00,s0005,0.39722111487019984
2023-01-10 02:00:00,s0005,0.41748086308606003
2023-01-10 02:15:00,s0005,0.40019394624525917
2023-01-10 02:30:00,s0005,0.39402002994880453
2023-01-10 02:45:00,s0005,0.4417080914570116
2023-01-10 03:00:00,s0005,0.5432899669600396
2023-01-10 03:15:00,s0005,0.7030542505529497
2023-01-10 03:30:00,s0005,0.7482863834839376
2023-01-10 03:45:00,s0005,0.9141118576417787
2023-01-10 04:00:00,s0005,0.8660907502204093
2023-01-10 04:15:00,s0005,0.8359454975179137
2023-01-10 04:30:00,s0005,0.7650251658102392
2023-01-10 04:45:00,s0005,0.7813128033163168
2023-01-10 05:00:00,s0005,0.8385291739526755
2023-01-10 05:15:00,s0005,0.9124767580218547
2023-01-10 05:30:00,s0005,0.9151850000004145
2023-01-10 05:45:00,s0005,0.864885694597455
2023-01-10 06:00:00,s0005,0.8918366021771931
2023-01-10 06:15:00,s0005,0.8972502906783881
2023-01-10 06:30:00,s0005,0.9200684755330673
2023-01-10 06:45:00,s0005,0.9450966975976304
2023-01-10 07:00:00,s0005,1.0
2023-01-10 07:15:00,s0005,0.9938363904245805
2023-01-10 07:30:00,s0005,0.9433439807578676
2023-01-10 07:45:00,s0005,0.9763839779961544
2023-01-10 08:00:00,s0005,1.0
2023-01-10 08:15:00,s0005,1.0000000001782472
2023-01-10 08:30:00,s0005,0.9599166733196488
2023-01-10 08:45:00,s0005,0.9567893777926045
2023-01-10 09:00:00,s0005,0.9755479335285657
2023-01-10 09:15:00,s0005,0.9802556563062209
2023-01-10 09:30:00,s0005,1.0
2023-01-10 09:45:00,s0005,0.9233911705407786
2023-01-10 10:00:00,s0005,0.8181280129791105
2023-01-10 10:15:00,s0005,0.7471113678415372
2023-01-10 10:30:00,s0005,0.6981436904045076
2023-01-10 10:45:00,s0005,0.5928805328504155
2023-01-10 11:00:00,s0005,0.4876173754917019
2023-01-10 11:15:00,s0005,0.49844116754497503
2023-01-10 11:30:00,s0005,0.5773364375737646
2023-01-10 11:45:00,s0005,0.5935442752092013
2023-01-10 12:00:00,s0005,0.6260245480926013
2023-01-10 12:15:00,s0005,0.5504041499339807
2023-01-10 12:30:00,s0005,0.5015145942462904
2023-01-10 12:45:00,s0005,0.5872164873943879
2023-01-10 13:00:00,s0005,0.6822164882056095
2023-01-10 13:15:00,s0005,0.6886636339420289
2023-01-10 13:30:00,s0005,0.6594486561572858
2023-01-10 13:45:00,s0005,0.6657349309732169
2023-01-10 14:00:00,s0005,0.5825702855629166
2023-01-10 14:15:00,s0005,0.6058069044356579
2023-01-10 14:30:00,s0005,0.5692372213385967
2023-01-10 14:45:00,s0005,0.49864417815004114
2023-01-10 15:00:00,s0005,0.5754491448093823
2023-01-10 15:15:00,s0005,0.554575143336988
2023-01-10 15:30:00,s0005,0.5836282462233849
2023-01-10 15:45:00,s0005,0.6344625288160588
2023-01-10 16:00:00,s0005,0.6793931556302328
2023-01-10 16:15:00,s0005,0.6429987509509835
2023-01-10 16:30:00,s0005,0.6193771327764289
2023-01-10 16:45:00,s0005,0.6739225796253441
2023-01-10 17:00:00,s0005,0.6752177094914795
2023-01-10 17:15:00,s0005,0.5699545517997411
2023-01-10 17:30:00,s0005,0.5951634495292978
2023-01-10 17:45:00,s0005,0.5641323030931802
2023-01-10 18:00:00,s0005,0.5045005009258395
2023-01-10 18:15:00,s0005,0.4574825514815297
2023-01-10 18:30:00,s0005,0.4116728387384152
2023-01-10 18:45:00,s0005,0.313389377256561
2023-01-10 19:00:00,s0005,0.29857238773294315
2023-01-10 19:15:00,s0005,0.21326155469303665
2023-01-10 19:30:00,s0005,0.19322235092481144
2023-01-10 19:45:00,s0005,0.0
2023-01-10 20:00:00,s0005,0.0
2023-01-10 20:15:00,s0005,0.0
2023-01-10 20:30:00,s0005,0.04866039813039752
2023-01-10 20:45:00,s0005,0.012687501294918635
2023-01-10 21:00:00,s0005,0.005656951831130574
2023-01-10 21:15:00,s0005,0.0
2023-01-10 21:30:00,s0005,0.0
2023-01-10 21:45:00,s0005,0.0
2023-01-10 22:00:00,s0005,0.024829006616548743
2023-01-10 22:15:00,s0005,0.04188706199296538
2023-01-10 22:30:00,s0005,0.08098863422428365
2023-01-10 22:45:00,s0005,0.11722404111895901
2023-01-10 23:00:00,s0005,0.17744187578101028
2023-01-10 23:15:00,s0005,0.20112347397330393
2023-01-10 23:30:00,s0005,0.2825599951451644
2023-01-10 23:45:00,s0005,0.30589599635970466
2023-01-10 00:00:00,s0006,0.4726845140546021
2023-01-10 00:15:00,s0006,0.4552651408768379
2023-01-10 00:30:00,s0006,0.47833146786508285
2023-01-10 00:45:00,s0006,0.44072022652442494
2023-01-10 01:00:00,s0006,0.49442186249488135
2023-01-10 01:15:00,s0006,0.48455609444755565
2023-01-10 01:30:00,s0006,0.3792929917707508
2023-01-10 01:45:00,s0006,0.35968812711662806
2023-01-10 02:00:00,s0006,0.45468818598588734
2023-01-10 02:15:00,s0006,0.4426358692024988
2023-01-10 02:30:00,s0006,0.44599517723493537
2023-01-10 02:45:00,s0006,0.4679147413521275
2023-01-10 03:00:00,s0006,0.5296027474496474
2023-01-10 03:15:00,s0006,0.5479954993708964
2023-01-10 03:30:00,s0006,0.6443565503625998
2023-01-10 03:45:00,s0006,0.8248411762241796
2023-01-10 04:00:00,s0006,0.814601981973722
2023-01-10 04:15:00,s0006,0.8403559849305676
2023-01-10 04:30:00,s0006,0.7998953033878426
2023-01-10 04:45:00,s0006,0.7937913918452478
2023-01-10 05:00:00,s0006,0.8020547868771747
2023-01-10 05:15:00,s0006,0.8113448606706006
2023-01-10 05:30:00,s0006,0.722561445244505
2023-01-10 05:45:00,s0006,0.7869535468315854
2023-01-10 06:00:00,s0006,0.7739144397432026
2023-01-10 06:15:00,s0006,0.6686512822832065
2023-01-10 06:30:00,s0006,0.7636512827238762
2023-01-10 06:45:00,s0006,0.7491582601996423
2023-01-10 07:00:00,s0006,0.791723641328152
2023-01-10 07:15:00,s0006,0.70818495169976
2023-01-10 07:30:00,s0006,0.7029731598828456
2023-01-10 07:45:00,s0006,0.7011789365370564
2023-01-10 08:00:00,s0006,0.6809612172446603
2023-01-10 08:15:00,s0006,0.7527592592383349
2023-01-10 08:30:00,s0006,0.737607226495804
2023-01-10 08:45:00,s0006,0.7963641611599341
2023-01-10 09:00:00,s0006,0.7590402132604176
2023-01-10 09:15:00,s0006,0.8060577516131383
2023-01-10 09:30:00,s0006,0.8211427902234598
2023-01-10 09:45:00,s0006,0.7158796325607661
2023-01-10 10:00:00,s0006,0.6293815849222617
2023-01-10 10:15:00,s0006,0.6148339073223621
2023-01-10 10:30:00,s0006,0.5786460180942408
2023-01-10 10:45:00,s0006,0.6098218346064115
2023-01-10 11:00:00,s0006,0.5443391253972103
2023-01-10 11:15:00,s0006,0.5756003335270352
2023-01-10 11:30:00,s0006,0.5670858345987078
2023-01-10 11:45:00,s0006,0.4618226772560252
2023-01-10 12:00:00,s0006,0.3565595204596196
2023-01-10 12:15:00,s0006,0.25813851728867754
2023-01-10 12:30:00,s0006,0.27126560623558915
2023-01-10 12:45:00,s0006,0.18927265707509744
2023-01-10 13:00:00,s0006,0.26808547617779155
2023-01-10 13:15:00,s0006,0.26221845158112433
2023-01-10 13:30:00,s0006,0.3572184524297771
2023-01-10 13:45:00,s0006,0.3718425648233875
2023-01-10 14:00:00,s0006,0.29437406969160307
2023-01-10 14:15:00,s0006,0.2577189006872622
2023-01-10 14:30:00,s0006,0.3098175846391147
2023-01-10 14:45:00,s0006,0.2687701303776109
2023-01-10 15:00:00,s0006,0.36377013070243736
2023-01-10 15:15:00,s0006,0.3014489750376873
2023-01-10 15:30:00,s0006,0.3350120083674508
2023-01-10 15:45:00,s0006,0.34245092436909597
2023-01-10 16:00:00,s0006,0.3062575201389518
2023-01-10 16:15:00,s0006,0.297274343112663
2023-01-10 16:30:00,s0006,0.27532434303020936
2023-01-10 16:45:00,s0006,0.3414657090304206
2023-01-10 17:00:00,s0006,0.33767087909171645
2023-01-10 17:15:00,s0006,0.335668313222362
2023-01-10 17:30:00,s0006,0.31889844712241255
2023-01-10 17:45:00,s0006,0.33172629468412307
2023-01-10 18:00:00,s0006,0.3124446243073974
2023-01-10 18:15:00,s0006,0.3422673703612169
2023-01-10 18:30:00,s0006,0.3417195715279602
2023-01-10 18:45:00,s0006,0.2687064743284331
2023-01-10 19:00:00,s0006,0.29189591670380144
2023-01-10 19:15:00,s0006,0.23216699301175914
2023-01-10 19:30:00,s0006,0.19856693475419207
2023-01-10 19:45:00,s0006,0.04386489619645684
2023-01-10 20:00:00,s0006,0.0
2023-01-10 20:15:00,s0006,0.0
2023-01-10 20:30:00,s0006,0.05142643115324941
2023-01-10 20:45:00,s0006,0.0
2023-01-10 21:00:00,s0006,0.04497289325663911
2023-01-10 21:15:00,s0006,0.0206258682833112
2023-01-10 21:30:00,s0006,0.0
2023-01-10 21:45:00,s0006,0.0
2023-01-10 22:00:00,s0006,0.0070331140499896305
2023-01-10 22:15:00,s0006,0.0
2023-01-10 22:30:00,s0006,0.02257830823745388
2023-01-10 22:45:00,s0006,0.0
2023-01-10 23:00:00,s0006,0.10056386545421336
2023-01-10 23:15:00,s0006,0.2037586963971334
2023-01-10 23:30:00,s0006,0.2337310654094944
2023-01-10 23:45:00,s0006,0.2094416440614832
2023-01-10 00:00:00,s0007,0.4863309686161436
2023-01-10 00:15:00,s0007,0.45352911402206514
2023-01-10 00:30:00,s0007,0.5070348728370511
2023-01-10 00:45:00,s0007,0.5736057210549201
2023-01-10 01:00:00,s0007,0.5745647105789431
2023-01-10 01:15:00,s0007,0.6086247094298669
2023-01-10 01:30:00,s0007,0.5633684888921079
2023-01-10 01:45:00,s0007,0.5981991964531507
2023-01-10 02:00:00,s0007,0.6873562835492274
2023-01-10 02:15:00,s0007,0.6610483445013096
2023-01-10 02:30:00,s0007,0.6414298832644794
2023-01-10 02:45:00,s0007,0.5611589046127378
2023-01-10 03:00:00,s0007,0.6707607642420775
2023-01-10 03:15:00,s0007,0.8423818403073845
2023-01-10 03:30:00,s0007,1.0
2023-01-10 03:45:00,s0007,1.0
2023-01-10 04:00:00,s0007,1.0
2023-01-10 04:15:00,s0007,1.0
2023-01-10 04:30:00,s0007,1.0
2023-01-10 04:45:00,s0007,0.9690251208211457
2023-01-10 05:00:00,s0007,0.9232727057113401
2023-01-10 05:15:00,s0007,0.9050819114827412
2023-01-10 05:30:00,s0007,0.9039682186901785
2023-01-10 05:45:00,s0007,0.8596076316410728
2023-01-10 06:00:00,s0007,0.9351378226450664
2023-01-10 06:15:00,s0007,0.9071569165339127
2023-01-10 06:30:00,s0007,0.839906802850307
2023-01-10 06:45:00,s0007,0.8752800798200867
2023-01-10 07:00:00,s0007,0.9016168789283955
2023-01-10 07:15:00,s0007,0.8349246484228665
2023-01-10 07:30:00,s0007,0.775890655949067
2023-01-10 07:45:00,s0007,0.7913461885309006
2023-01-10 08:00:00,s0007,0.7800664752090529
2023-01-10 08:15:00,s0007,0.7523633892387839
2023-01-10 08:30:00,s0007,0.7965174840606888
2023-01-10 08:45:00,s0007,0.7789520930397548
2023-01-10 09:00:00,s0007,0.8055272547837956
2023-01-10 09:15:00,s0007,0.8799106695119053
2023-01-10 09:30:00,s0007,0.8987471846820172
2023-01-10 09:45:00,s0007,0.9280635412725609
2023-01-10 10:00:00,s0007,0.9143771140057656
2023-01-10 10:15:00,s0007,0.893475246146654
2023-01-10 10:30:00,s0007,0.8575981715980978
2023-01-10 10:45:00,s0007,0.8255377535938122
2023-01-10 11:00:00,s0007,0.8267647576872068
2023-01-10 11:15:00,s0007,0.9217647582321213
2023-01-10 11:30:00,s0007,0.8979917600377205
2023-01-10 11:45:00,s0007,0.8869826357016655
2023-01-10 12:00:00,s0007,0.7817194789052598
2023-01-10 12:15:00,s0007,0.8704181642634019
2023-01-10 12:30:00,s0007,0.8913786074884239
2023-01-10 12:45:00,s0007,0.8739606129969109
2023-01-10 13:00:00,s0007,0.8658405408557965
2023-01-10 13:15:00,s0007,0.8649410589214874
2023-01-10 13:30:00,s0007,0.933562526312704
2023-01-10 13:45:00,s0007,0.8578852076723904
2023-01-10 14:00:00,s0007,0.9528852081778791
2023-01-10 14:15:00,s0007,0.9641060752390808
2023-01-10 14:30:00,s0007,1.0
2023-01-10 14:45:00,s0007,0.9218093600670287
2023-01-10 15:00:00,s0007,0.9177174556668078
2023-01-10 15:15:00,s0007,0.9485748561793087
2023-01-10 15:30:00,s0007,0.8799211355349511
2023-01-10 15:45:00,s0007,0.9749211361629886
2023-01-10 16:00:00,s0007,1.0
2023-01-10 16:15:00,s0007,1.0000000002456335
2023-01-10 16:30:00,s0007,0.9807875904283316
2023-01-10 16:45:00,s0007,0.9499340995432783
2023-01-10 17:00:00,s0007,0.9650729666107203
2023-01-10 17:15:00,s0007,0.9242644927188943
2023-01-10 17:30:00,s0007,0.9306891487123885
2023-01-10 17:45:00,s0007,0.9738245603068791
2023-01-10 18:00:00,s0007,0.9544441096238788
2023-01-10 18:15:00,s0007,1.0
2023-01-10 18:30:00,s0007,0.9873169077924413
2023-01-10 18:45:00,s0007,0.9999012121711164
2023-01-10 19:00:00,s0007,0.9623462831382891
2023-01-10 19:15:00,s0007,0.901631533890993
2023-01-10 19:30:00,s0007,0.926565079150578
2023-01-10 19:45:00,s0007,0.7459252118418607
2023-01-10 20:00:00,s0007,0.7401404755889487
2023-01-10 20:15:00,s0007,0.7011533937842027
2023-01-10 20:30:00,s0007,0.6618232446910138
2023-01-10 20:45:00,s0007,0.7113360698813078
2023-01-10 21:00:00,s0007,0.7206559549246639
2023-01-10 21:15:00,s0007,0.6736841492082433
2023-01-10 21:30:00,s0007,0.7686841501112704
2023-01-10 21:45:00,s0007,0.7662987115151467
2023-01-10 22:00:00,s0007,0.7064762726634022
2023-01-10 22:15:00,s0007,0.7643183700566822
2023-01-10 22:30:00,s0007,0.773036941012416
2023-01-10 22:45:00,s0007,0.8680369436797272
2023-01-10 23:00:00,s0007,0.8966395752469247
2023-01-10 23:15:00,s0007,0.9107453782273505
2023-01-10 23:30:00,s0007,1.0
2023-01-10 23:45:00,s0007,0.9658873659277273
2023-01-10 00:00:00,s0008,0.5729539958233908
2023-01-10 00:15:00,s0008,0.6224160527601831
2023-01-10 00:30:00,s0008,0.6482747993833622
2023-01-10 00:45:00,s0008,0.7432748013326718
2023-01-10 01:00:00,s0008,0.7156065034491448
2023-01-10 01:15:00,s0008,0.7407565248788474
2023-01-10 01:30:00,s0008,0.7500033545729357
2023-01-10 01:45:00,s0008,0.7302135020530444
2023-01-10 02:00:00,s0008,0.7813589436005899
2023-01-10 02:15:00,s0008,0.7110920338957103
2023-01-10 02:30:00,s0008,0.6569322758149192
2023-01-10 02:45:00,s0008,0.6806115339073392
2023-01-10 03:00:00,s0008,0.8511422043662482
2023-01-10 03:15:00,s0008,0.904056168606952
2023-01-10 03:30:00,s0008,0.9229750494617192
2023-01-10 03:45:00,s0008,1.0
2023-01-10 04:00:00,s0008,1.0
2023-01-10 04:15:00,s0008,0.9867017808552985
2023-01-10 04:30:00,s0008,1.0
2023-01-10 04:45:00,s0008,1.0
2023-01-10 05:00:00,s0008,1.0000000033279912
2023-01-10 05:15:00,s0008,0.9451722531481396
2023-01-10 05:30:00,s0008,0.9792664504913995
2023-01-10 05:45:00,s0008,0.9854527491962842
2023-01-10 06:00:00,s0008,1.0
2023-01-10 06:15:00,s0008,0.9959467541872146
2023-01-10 06:30:00,s0008,0.9801360569723528
2023-01-10 06:45:00,s0008,0.9934333937362861
2023-01-10 07:00:00,s0008,1.0
2023-01-10 07:15:00,s0008,0.9696465577919408
2023-01-10 07:30:00,s0008,0.8906744220114524
2023-01-10 07:45:00,s0008,0.9189297914795836
2023-01-10 08:00:00,s0008,0.8748527286864682
2023-01-10 08:15:00,s0008,0.8905613124338185
2023-01-10 08:30:00,s0008,0.8736850999289623
2023-01-10 08:45:00,s0008,0.8128835853044101
2023-01-10 09:00:00,s0008,0.7345472427151281
2023-01-10 09:15:00,s0008,0.6723934360734529
2023-01-10 09:30:00,s0008,0.7321037737832621
2023-01-10 09:45:00,s0008,0.6960583283541624
2023-01-10 10:00:00,s0008,0.6762464134107354
2023-01-10 10:15:00,s0008,0.6505204132530946
2023-01-10 10:30:00,s0008,0.6703771083435013
2023-01-10 10:45:00,s0008,0.5844802941189854
2023-01-10 11:00:00,s0008,0.4792171367602718
2023-01-10 11:15:00,s0008,0.5105032311303632
2023-01-10 11:30:00,s0008,0.588876089354105
2023-01-10 11:45:00,s0008,0.6104187245482006
2023-01-10 12:00:00,s0008,0.7054187256465317
2023-01-10 12:15:00,s0008,0.7722626266739573
2023-01-10 12:30:00,s0008,0.7440353991905447
2023-01-10 12:45:00,s0008,0.7054487293051908
2023-01-10 13:00:00,s0008,0.6499942030142659
2023-01-10 13:15:00,s0008,0.6082239583140027
2023-01-10 13:30:00,s0008,0.6343558576165175
2023-01-10 13:45:00,s0008,0.6582110998309123
2023-01-10 14:00:00,s0008,0.6532095847879938
2023-01-10 14:15:00,s0008,0.6661850999542713
2023-01-10 14:30:00,s0008,0.6075488706500676
2023-01-10 14:45:00,s0008,0.620591934264755
2023-01-10 15:00:00,s0008,0.64255161877728
2023-01-10 15:15:00,s0008,0.6179695507428986
2023-01-10 15:30:00,s0008,0.5785654603453654
2023-01-10 15:45:00,s0008,0.534707843138559
2023-01-10 16:00:00,s0008,0.5574868564375701
2023-01-10 16:15:00,s0008,0.5436735878275625
2023-01-10 16:30:00,s0008,0.5900392577110736
2023-01-10 16:45:00,s0008,0.5794549789175449
2023-01-10 17:00:00,s0008,0.6079581335200375
2023-01-10 17:15:00,s0008,0.6490529570563011
2023-01-10 17:30:00,s0008,0.6699472031645104
2023-01-10 17:45:00,s0008,0.6973477744590155
2023-01-10 18:00:00,s0008,0.6562303235409896
2023-01-10 18:15:00,s0008,0.6670254482639928
2023-01-10 18:30:00,s0008,0.5928717690581207
2023-01-10 18:45:00,s0008,0.47163588315255944
2023-01-10 19:00:00,s0008,0.47023020261059495
2023-01-10 19:15:00,s0008,0.4201747274600738
2023-01-10 19:30:00,s0008,0.3945521397361224
2023-01-10 19:45:00,s0008,0.11481069133367616
2023-01-10 20:00:00,s0008,0.06893207393047346
2023-01-10 20:15:00,s0008,0.0
2023-01-10 20:30:00,s0008,0.0
2023-01-10 20:45:00,s0008,0.0
2023-01-10 21:00:00,s0008,0.0
2023-01-10 21:15:00,s0008,0.04450461056291055
2023-01-10 21:30:00,s0008,0.05272323470012941
2023-01-10 21:45:00,s0008,0.08837613506226127
2023-01-10 22:00:00,s0008,0.035516885890178596
2023-01-10 22:15:00,s0008,0.0
2023-01-10 22:30:00,s0008,0.01488703316283746
2023-01-10 22:45:00,s0008,0.08831260525642332
2023-01-10 23:00:00,s0008,0.13294515976916477
2023-01-10 23:15:00,s0008,0.09410507210126517
2023-01-10 23:30:00,s0008,0.0949546146803546
2023-01-10 23:45:00,s0008,0.14566399671392216
2023-01-10 00:00:00,s0009,0.4895426021614285
2023-01-10 00:15:00,s0009,0.42975922411585615
2023-01-10 00:30:00,s0009,0.37551594653985654
2023-01-10 00:45:00,s0009,0.39215998898553145
2023-01-10 01:00:00,s0009,0.412209874455473
2023-01-10 01:15:00,s0009,0.40810563431566294
2023-01-10 01:30:00,s0009,0.432429435068323
2023-01-10 01:45:00,s0009,0.36633876183386704
2023-01-10 02:00:00,s0009,0.35967811708098757
2023-01-10 02:15:00,s0009,0.3458872712372697
2023-01-10 02:30:00,s0009,0.3503395815139174
2023-01-10 02:45:00,s0009,0.2450764857369398
2023-01-10 03:00:00,s0009,0.25956572505710496
2023-01-10 03:15:00,s0009,0.3621870616882532
2023-01-10 03:30:00,s0009,0.521390869617305
2023-01-10 03:45:00,s0009,0.7038685090767489
2023-01-10 04:00:00,s0009,0.7355995131379464
2023-01-10 04:15:00,s0009,0.8297251452896832
2023-01-10 04:30:00,s0009,0.7713811041168391
2023-01-10 04:45:00,s0009,0.7641673997796143
2023-01-10 05:00:00,s0009,0.6589042452128686
2023-01-10 05:15:00,s0009,0.7021367643603356
2023-01-10 05:30:00,s0009,0.6750307926434842
2023-01-10 05:45:00,s0009,0.6755758781378812
2023-01-10 06:00:00,s0009,0.7038177134406096
2023-01-10 06:15:00,s0009,0.6778828564610306
2023-01-10 06:30:00,s0009,0.6654091842398981
2023-01-10 06:45:00,s0009,0.5870298888921723
2023-01-10 07:00:00,s0009,0.6371315629616947
2023-01-10 07:15:00,s0009,0.5972874988119256
2023-01-10 07:30:00,s0009,0.5744885877506014
2023-01-10 07:45:00,s0009,0.6204157566507347
2023-01-10 08:00:00,s0009,0.6070921516706524
2023-01-10 08:15:00,s0009,0.5661246569555862
2023-01-10 08:30:00,s0009,0.6611246571345045
2023-01-10 08:45:00,s0009,0.675643140326512
2023-01-10 09:00:00,s0009,0.5945928308303181
2023-01-10 09:15:00,s0009,0.5583831397181556
2023-01-10 09:30:00,s0009,0.523156123292585
2023-01-10 09:45:00,s0009,0.4366356973119091
2023-01-10 10:00:00,s0009,0.3491272399943851
2023-01-10 10:15:00,s0009,0.34989565441343284
2023-01-10 10:30:00,s0009,0.24913480803307042
2023-01-10 10:45:00,s0009,0.2871126896367314
2023-01-10 11:00:00,s0009,0.1818495322780178
2023-01-10 11:15:00,s0009,0.16132086190699468
2023-01-10 11:30:00,s0009,0.23581254572473764
2023-01-10 11:45:00,s0009,0.29508301677333815
2023-01-10 12:00:00,s0009,0.36534350558882034
2023-01-10 12:15:00,s0009,0.39253589941933154
2023-01-10 12:30:00,s0009,0.2872727426655731
2023-01-10 12:45:00,s0009,0.3412530326246185
2023-01-10 13:00:00,s0009,0.35816900467701085
2023-01-10 13:15:00,s0009,0.35531111851664554
2023-01-10 13:30:00,s0009,0.3074070168690829
2023-01-10 13:45:00,s0009,0.20214385984526606
2023-01-10 14:00:00,s0009,0.10844677099311806
2023-01-10 14:15:00,s0009,0.06807316627565096
2023-01-10 14:30:00,s0009,0.07377513350629872
2023-01-10 14:45:00,s0009,0.0737522750716525
2023-01-10 15:00:00,s0009,0.12479068712942631
2023-01-10 15:15:00,s0009,0.15444870763766827
2023-01-10 15:30:00,s0009,0.1531084406713017
2023-01-10 15:45:00,s0009,0.1922801965802179
2023-01-10 16:00:00,s0009,0.1898988299390122
2023-01-10 16:15:00,s0009,0.2240711610583488
2023-01-10 16:30:00,s0009,0.1953182996505327
2023-01-10 16:45:00,s0009,0.0925760085816234
2023-01-10 17:00:00,s0009,0.07009040484594897
2023-01-10 17:15:00,s0009,0.0934080888976978
2023-01-10 17:30:00,s0009,0.1661513539369852
2023-01-10 17:45:00,s0009,0.2431601092367489
2023-01-10 18:00:00,s0009,0.28022682751941363
2023-01-10 18:15:00,s0009,0.25189456424247125
2023-01-10 18:30:00,s0009,0.2118726222900259
2023-01-10 18:45:00,s0009,0.17945507382696113
2023-01-10 19:00:00,s0009,0.20653372819490268
2023-01-10 19:15:00,s0009,0.019872681906910716
2023-01-10 19:30:00,s0009,0.10749109590250705
2023-01-10 19:45:00,s0009,0.0
2023-01-10 20:00:00,s0009,0.0
2023-01-10 20:15:00,s0009,0.0
2023-01-10 20:30:00,s0009,0.0
2023-01-10 20:45:00,s0009,0.0
2023-01-10 21:00:00,s0009,0.021866084802598218
2023-01-10 21:15:00,s0009,0.006781263159074513
2023-01-10 21:30:00,s0009,0.0
2023-01-10 21:45:00,s0009,0.0010947013449675858
2023-01-10 22:00:00,s0009,0.042645505091918334
2023-01-10 22:15:00,s0009,0.06362487946684475
2023-01-10 22:30:00,s0009,0.12658057747833973
2023-01-10 22:45:00,s0009,0.1319117685267418
2023-01-10 23:00:00,s0009,0.1641062844823335
2023-01-10 23:15:00,s0009,0.1418831364600306
2023-01-10 23:30:00,s0009,0.11760856802895181
2023-01-10 23:45:00,s0009,0.1735861149977087
2023-01-10 00:00:00,s0010,0.43658494766833916
2023-01-10 00:15:00,s0010,0.4084345463825384
2023-01-10 00:30:00,s0010,0.33552511960639547
2023-01-10 00:45:00,s0010,0.3542128883521173
2023-01-10 01:00:00,s0010,0.38472876248034243
2023-01-10 01:15:00,s0010,0.28651873959703017
2023-01-10 01:30:00,s0010,0.26260853011118096
2023-01-10 01:45:00,s0010,0.2662146763192079
2023-01-10 02:00:00,s0010,0.36121473518846714
2023-01-10 02:15:00,s0010,0.33123186749264977
2023-01-10 02:30:00,s0010,0.3638478001426672
2023-01-10 02:45:00,s0010,0.37320575784511256
2023-01-10 03:00:00,s0010,0.5281891951791013
2023-01-10 03:15:00,s0010,0.7009503155138652
2023-01-10 03:30:00,s0010,0.9028414536392216
2023-01-10 03:45:00,s0010,1.0
2023-01-10 04:00:00,s0010,1.0
2023-01-10 04:15:00,s0010,0.9518495303474023
2023-01-10 04:30:00,s0010,0.9747857754241673
2023-01-10 04:45:00,s0010,0.9947532364673825
2023-01-10 05:00:00,s0010,0.9897846894207966
2023-01-10 05:15:00,s0010,1.0
2023-01-10 05:30:00,s0010,0.9456627672601341
2023-01-10 05:45:00,s0010,0.8976427901236685
2023-01-10 06:00:00,s0010,0.9144539114324254
2023-01-10 06:15:00,s0010,0.9233776938617783
2023-01-10 06:30:00,s0010,0.9956304744268251
2023-01-10 06:45:00,s0010,1.0
2023-01-10 07:00:00,s0010,1.000000000244096
2023-01-10 07:15:00,s0010,1.0000000004893737
2023-01-10 07:30:00,s0010,1.0000000007353136
2023-01-10 07:45:00,s0010,0.951431030317304
2023-01-10 08:00:00,s0010,0.8726745566494648
2023-01-10 08:15:00,s0010,0.8183154961726717
2023-01-10 08:30:00,s0010,0.8081056370937717
2023-01-10 08:45:00,s0010,0.8235584108370959
2023-01-10 09:00:00,s0010,0.9113355082256479
2023-01-10 09:15:00,s0010,0.9589073974568291
2023-01-10 09:30:00,s0010,1.0
2023-01-10 09:45:00,s0010,1.0000000002320433
2023-01-10 10:00:00,s0010,1.000000000565112
2023-01-10 10:15:00,s0010,1.000000000900136
2023-01-10 10:30:00,s0010,0.9112850479724107
2023-01-10 10:45:00,s0010,0.981626039861363
2023-01-10 11:00:00,s0010,1.0
2023-01-10 11:15:00,s0010,0.9713878580756308
2023-01-10 11:30:00,s0010,0.8661247007312332
2023-01-10 11:45:00,s0010,0.790255500602655
2023-01-10 12:00:00,s0010,0.7757995933716664
2023-01-10 12:15:00,s0010,0.8707995944775583
2023-01-10 12:30:00,s0010,0.7655364377237999
2023-01-10 12:45:00,s0010,0.824606570959083
2023-01-10 13:00:00,s0010,0.7193434138755677
2023-01-10 13:15:00,s0010,0.7258091469648698
2023-01-10 13:30:00,s0010,0.7971368550808791
2023-01-10 13:45:00,s0010,0.7622327049779721
2023-01-10 14:00:00,s0010,0.7259305794832688
2023-01-10 14:15:00,s0010,0.7101009260172421
2023-01-10 14:30:00,s0010,0.7287107598108695
2023-01-10 14:45:00,s0010,0.6866124908991076
2023-01-10 15:00:00,s0010,0.6831553418440022
2023-01-10 15:15:00,s0010,0.7067257185569242
2023-01-10 15:30:00,s0010,0.626948109011385
2023-01-10 15:45:00,s0010,0.6223148169751463
2023-01-10 16:00:00,s0010,0.5197228343380949
2023-01-10 16:15:00,s0010,0.4748722512325221
2023-01-10 16:30:00,s0010,0.5084965711166963
2023-01-10 16:45:00,s0010,0.41049305057168683
2023-01-10 17:00:00,s0010,0.41545808357496594
2023-01-10 17:15:00,s0010,0.5104580837779643
2023-01-10 17:30:00,s0010,0.4739260921707069
2023-01-10 17:45:00,s0010,0.43012915851862155
2023-01-10 18:00:00,s0010,0.47151609468454125
2023-01-10 18:15:00,s0010,0.4499322534145751
2023-01-10 18:30:00,s0010,0.43362004490120043
2023-01-10 18:45:00,s0010,0.41849241417189653
2023-01-10 19:00:00,s0010,0.3944735953328794
2023-01-10 19:15:00,s0010,0.3019997511574546
2023-01-10 19:30:00,s0010,0.24520537473906423
2023-01-10 19:45:00,s0010,0.0
2023-01-10 20:00:00,s0010,0.0
2023-01-10 20:15:00,s0010,0.0
2023-01-10 20:30:00,s0010,0.0
2023-01-10 20:45:00,s0010,0.0
2023-01-10 21:00:00,s0010,0.04807473434896953
2023-01-10 21:15:00,s0010,0.02328053855071177
2023-01-10 21:30:00,s0010,0.0
2023-01-10 21:45:00,s0010,0.0
2023-01-10 22:00:00,s0010,0.008245668433429665
2023-01-10 22:15:00,s0010,0.0
2023-01-10 22:30:00,s0010,0.0
2023-01-10 22:45:00,s0010,0.0
2023-01-10 23:00:00,s0010,0.05830762852999588
2023-01-10 23:15:00,s0010,0.005358487251035271
2023-01-10 23:30:00,s0010,0.029960661106797848
2023-01-10 23:45:00,s0010,0.017772432439127017
2023-01-10 00:00:00,s0011,0.5173936989408074
2023-01-10 00:15:00,s0011,0.5158051809515167
2023-01-10 00:30:00,s0011,0.431472432167348
2023-01-10 00:45:00,s0011,0.504613985989959
2023-01-10 01:00:00,s0011,0.5215040614843885
2023-01-10 01:15:00,s0011,0.5097915446095614
2023-01-10 01:30:00,s0011,0.43403150083452974
2023-01-10 01:45:00,s0011,0.5290315552706562
2023-01-10 02:00:00,s0011,0.42376845624517856
2023-01-10 02:15:00,s0011,0.4227519711788967
2023-01-10 02:30:00,s0011,0.4205897776067745
2023-01-10 02:45:00,s0011,0.4090288360089745
2023-01-10 03:00:00,s0011,0.5078698796486611
2023-01-10 03:15:00,s0011,0.6752096273603655
2023-01-10 03:30:00,s0011,0.7226090654468975
2023-01-10 03:45:00,s0011,0.8839061664143433
2023-01-10 04:00:00,s0011,0.8649524733412207
2023-01-10 04:15:00,s0011,0.9013827019403116
2023-01-10 04:30:00,s0011,0.8909488026938185
2023-01-10 04:45:00,s0011,0.9222071726298366
2023-01-10 05:00:00,s0011,0.8803850937761123
2023-01-10 05:15:00,s0011,0.883248302170963
2023-01-10 05:30:00,s0011,0.8212522867066754
2023-01-10 05:45:00,s0011,0.8838019733201545
2023-01-10 06:00:00,s0011,0.7785388158568873
2023-01-10 06:15:00,s0011,0.707405207749549
2023-01-10 06:30:00,s0011,0.7084975453429389
2023-01-10 06:45:00,s0011,0.7502505349708352
2023-01-10 07:00:00,s0011,0.7371629602704537
2023-01-10 07:15:00,s0011,0.67963256151458
2023-01-10 07:30:00,s0011,0.7165695364448414
2023-01-10 07:45:00,s0011,0.7081427493636805
2023-01-10 08:00:00,s0011,0.6672448078853129
2023-01-10 08:15:00,s0011,0.6720476339802834
2023-01-10 08:30:00,s0011,0.601303634098582
2023-01-10 08:45:00,s0011,0.5327779666038555
2023-01-10 09:00:00,s0011,0.4339168314451195
2023-01-10 09:15:00,s0011,0.415064042930928
2023-01-10 09:30:00,s0011,0.3571245784989775
2023-01-10 09:45:00,s0011,0.4235849777067726
2023-01-10 10:00:00,s0011,0.3486307849243505
2023-01-10 10:15:00,s0011,0.3081581670650443
2023-01-10 10:30:00,s0011,0.20289500950789863
2023-01-10 10:45:00,s0011,0.26433621933387086
2023-01-10 11:00:00,s0011,0.22589921728636786
2023-01-10 11:15:00,s0011,0.2496608847503078
2023-01-10 11:30:00,s0011,0.14439772740591017
2023-01-10 11:45:00,s0011,0.05695731349595945
2023-01-10 12:00:00,s0011,0.021900028202636035
2023-01-10 12:15:00,s0011,0.11690002930852794
2023-01-10 12:30:00,s0011,0.21190003044950634
2023-01-10 12:45:00,s0011,0.21702018851850047
2023-01-10 13:00:00,s0011,0.11175703143498517
2023-01-10 13:15:00,s0011,0.033192375744610536
2023-01-10 13:30:00,s0011,0.12819237659326332
2023-01-10 13:45:00,s0011,0.02808668123046887
2023-01-10 14:00:00,s0011,0.0
2023-01-10 14:15:00,s0011,0.03691937117557553
2023-01-10 14:30:00,s0011,0.10480312203337538
2023-01-10 14:45:00,s0011,0.13370657412238318
2023-01-10 15:00:00,s0011,0.0980521356521088
2023-01-10 15:15:00,s0011,0.04731309664541283
2023-01-10 15:30:00,s0011,0.04139623584724039
2023-01-10 15:45:00,s0011,0.0
2023-01-10 16:00:00,s0011,0.00740708361559006
2023-01-10 16:15:00,s0011,0.06496484285814152
2023-01-10 16:30:00,s0011,0.15547035927679187
2023-01-10 16:45:00,s0011,0.2151084190124697
2023-01-10 17:00:00,s0011,0.29181339529575745
2023-01-10 17:15:00,s0011,0.30828592941228383
2023-01-10 17:30:00,s0011,0.34548027052376595
2023-01-10 17:45:00,s0011,0.3190607740996987
2023-01-10 18:00:00,s0011,0.3280043780632934
2023-01-10 18:15:00,s0011,0.3361539355270873
2023-01-10 18:30:00,s0011,0.3529569609516706
2023-01-10 18:45:00,s0011,0.29553092227431044
2023-01-10 19:00:00,s0011,0.2742877492563759
2023-01-10 19:15:00,s0011,0.21287757668381002
2023-01-10 19:30:00,s0011,0.16630333349894444
2023-01-10 19:45:00,s0011,0.0
2023-01-10 20:00:00,s0011,0.0
2023-01-10 20:15:00,s0011,0.0
2023-01-10 20:30:00,s0011,0.0020776179830363506
2023-01-10 20:45:00,s0011,0.0
2023-01-10 21:00:00,s0011,0.0
2023-01-10 21:15:00,s0011,0.0
2023-01-10 21:30:00,s0011,0.0
2023-01-10 21:45:00,s0011,0.009117304465854903
2023-01-10 22:00:00,s0011,0.008907733679085206
2023-01-10 22:15:00,s0011,0.05940068608834104
2023-01-10 22:30:00,s0011,0.010155077095207465
2023-01-10 22:45:00,s0011,0.0
2023-01-10 23:00:00,s0011,0.03469013535703752
2023-01-10 23:15:00,s0011,0.05037533260389748
2023-01-10 23:30:00,s0011,0.05453278200731404
2023-01-10 23:45:00,s0011,0.07931451278868623
2023-01-10 00:00:00,s0012,0.4902865824911048
2023-01-10 00:15:00,s0012,0.5357751373252513
2023-01-10 00:30:00,s0012,0.5350378148099025
2023-01-10 00:45:00,s0012,0.49959664491502725
2023-01-10 01:00:00,s0012,0.4493728494865272
2023-01-10 01:15:00,s0012,0.4811584461967041
2023-01-10 01:30:00,s0012,0.4932932342814057
2023-01-10 01:45:00,s0012,0.4250590516172308
2023-01-10 02:00:00,s0012,0.40772689081138314
2023-01-10 02:15:00,s0012,0.3987247464021792
2023-01-10 02:30:00,s0012,0.37252639960814254
2023-01-10 02:45:00,s0012,0.3636213653658882
2023-01-10 03:00:00,s0012,0.5006579677376003
2023-01-10 03:15:00,s0012,0.6092879555998286
2023-01-10 03:30:00,s0012,0.7291732129894646
2023-01-10 03:45:00,s0012,0.993252909430892
2023-01-10 04:00:00,s0012,0.9214119601322481
2023-01-10 04:15:00,s0012,0.9378656348921988
2023-01-10 04:30:00,s0012,0.9514070214995548
2023-01-10 04:45:00,s0012,0.92119424280092
2023-01-10 05:00:00,s0012,0.9244451131126082
2023-01-10 05:15:00,s0012,0.9655050902175227
2023-01-10 05:30:00,s0012,1.0
2023-01-10 05:45:00,s0012,1.0000000053270568
2023-01-10 06:00:00,s0012,1.0000000057585263
2023-01-10 06:15:00,s0012,1.0000000061932672
2023-01-10 06:30:00,s0012,1.0000000066339367
2023-01-10 06:45:00,s0012,1.0000000070764623
2023-01-10 07:00:00,s0012,0.9798701578571056
2023-01-10 07:15:00,s0012,1.0
2023-01-10 07:30:00,s0012,0.8947368423512032
2023-01-10 07:45:00,s0012,0.8998390990624752
2023-01-10 08:00:00,s0012,0.8836720254474806
2023-01-10 08:15:00,s0012,0.9786720256257277
2023-01-10 08:30:00,s0012,0.9737248201925974
2023-01-10 08:45:00,s0012,0.9851922714763675
2023-01-10 09:00:00,s0012,1.0
2023-01-10 09:15:00,s0012,0.8947368423351015
2023-01-10 09:30:00,s0012,0.7894736846713735
2023-01-10 09:45:00,s0012,0.8844736849034167
2023-01-10 10:00:00,s0012,0.9262518835840274
2023-01-10 10:15:00,s0012,0.9739857278255817
2023-01-10 10:30:00,s0012,1.0
2023-01-10 10:45:00,s0012,1.0000000003406448
2023-01-10 11:00:00,s0012,1.000000000876668
2023-01-10 11:15:00,s0012,0.9976476153733815
2023-01-10 11:30:00,s0012,1.0
2023-01-10 11:45:00,s0012,1.0000000005520544
2023-01-10 12:00:00,s0012,1.0000000016503856
2023-01-10 12:15:00,s0012,1.0000000027562777
2023-01-10 12:30:00,s0012,0.9555682082890624
2023-01-10 12:45:00,s0012,0.854165734066658
2023-01-10 13:00:00,s0012,0.939744225330442
2023-01-10 13:15:00,s0012,0.8879933690487999
2023-01-10 13:30:00,s0012,0.8316279852908246
2023-01-10 13:45:00,s0012,0.764245249926301
2023-01-10 14:00:00,s0012,0.8381711874102458
2023-01-10 14:15:00,s0012,0.919304919592667
2023-01-10 14:30:00,s0012,0.9102320979020048
2023-01-10 14:45:00,s0012,0.8677650881287894
2023-01-10 15:00:00,s0012,0.9502490441389175
2023-01-10 15:15:00,s0012,0.9052471019593404
2023-01-10 15:30:00,s0012,0.8644706969487609
2023-01-10 15:45:00,s0012,0.8523032090486907
2023-01-10 16:00:00,s0012,0.8026451598199309
2023-01-10 16:15:00,s0012,0.6973820021708277
2023-01-10 16:30:00,s0012,0.7245787450538604
2023-01-10 16:45:00,s0012,0.8066538159444807
2023-01-10 17:00:00,s0012,0.8036153007829137
2023-01-10 17:15:00,s0012,0.787990617318914
2023-01-10 17:30:00,s0012,0.8452359293597232
2023-01-10 17:45:00,s0012,0.9402359295652505
2023-01-10 18:00:00,s0012,0.9335852464640708
2023-01-10 18:15:00,s0012,0.9762614135840282
2023-01-10 18:30:00,s0012,0.9651252162885442
2023-01-10 18:45:00,s0012,0.8795115252828432
2023-01-10 19:00:00,s0012,0.9374328044334048
2023-01-10 19:15:00,s0012,0.835305803211813
2023-01-10 19:30:00,s0012,0.7743860746184869
2023-01-10 19:45:00,s0012,0.5148572806123741
2023-01-10 20:00:00,s0012,0.40304078332964494
2023-01-10 20:15:00,s0012,0.3207736792832943
2023-01-10 20:30:00,s0012,0.31319735786250025
2023-01-10 20:45:00,s0012,0.3341897435694877
2023-01-10 21:00:00,s0012,0.2457364522711033
2023-01-10 21:15:00,s0012,0.1848506969396428
2023-01-10 21:30:00,s0012,0.2478751091768875
2023-01-10 21:45:00,s0012,0.22049792663075338
2023-01-10 22:00:00,s0012,0.22391176474290508
2023-01-10 22:15:00,s0012,0.2604555500410692
2023-01-10 22:30:00,s0012,0.2692489725901419
2023-01-10 22:45:00,s0012,0.2975854623906593
2023-01-10 23:00:00,s0012,0.3474835860902278
2023-01-10 23:15:00,s0012,0.31485574922863846
2023-01-10 23:30:00,s0012,0.31571848322457063
2023-01-10 23:45:00,s0012,0.2930009262113018
2023-01-10 00:00:00,s0013,0.44371407645328736
2023-01-10 00:15:00,s0013,0.49145962884458855
2023-01-10 00:30:00,s0013,0.5049961390771657
2023-01-10 00:45:00,s0013,0.451814817034995
2023-01-10 01:00:00,s0013,0.5036254794577798
2023-01-10 01:15:00,s0013,0.5204932123200662
2023-01-10 01:30:00,s0013,0.6121065825115006
2023-01-10 01:45:00,s0013,0.6018838867190299
2023-01-10 02:00:00,s0013,0.5236162199003156
2023-01-10 02:15:00,s0013,0.47948008363765154
2023-01-10 02:30:00,s0013,0.47606001936993625
2023-01-10 02:45:00,s0013,0.45814114525577887
2023-01-10 03:00:00,s0013,0.5487118348688756
2023-01-10 03:15:00,s0013,0.6829485282285266
2023-01-10 03:30:00,s0013,0.7897529229613919
2023-01-10 03:45:00,s0013,0.9626147367537661
2023-01-10 04:00:00,s0013,0.9132255862794335
2023-01-10 04:15:00,s0013,0.9989220852150749
2023-01-10 04:30:00,s0013,0.9797180827085382
2023-01-10 04:45:00,s0013,0.9572244722783055
2023-01-10 05:00:00,s0013,0.9704507376356417
2023-01-10 05:15:00,s0013,0.8783377362875209
2023-01-10 05:30:00,s0013,0.9733377399798384
2023-01-10 05:45:00,s0013,0.9527632567264217
2023-01-10 06:00:00,s0013,0.9708053115543759
2023-01-10 06:15:00,s0013,1.0
2023-01-10 06:30:00,s0013,1.0000000004406697
2023-01-10 06:45:00,s0013,0.9949187448408184
2023-01-10 07:00:00,s0013,0.9430398220094572
2023-01-10 07:15:00,s0013,0.8796398446062913
2023-01-10 07:30:00,s0013,0.7883284979199678
2023-01-10 07:45:00,s0013,0.7791659533044655
2023-01-10 08:00:00,s0013,0.7796262560227346
2023-01-10 08:15:00,s0013,0.6917427829868632
2023-01-10 08:30:00,s0013,0.6851497310178398
2023-01-10 08:45:00,s0013,0.6259723767767038
2023-01-10 09:00:00,s0013,0.6568314221266764
2023-01-10 09:15:00,s0013,0.6993043619090342
2023-01-10 09:30:00,s0013,0.778831865437458
2023-01-10 09:45:00,s0013,0.7203480423440584
2023-01-10 10:00:00,s0013,0.7015708320262659
2023-01-10 10:15:00,s0013,0.7295693180521357
2023-01-10 10:30:00,s0013,0.6664124002831623
2023-01-10 10:45:00,s0013,0.6638448235512786
2023-01-10 11:00:00,s0013,0.565021884868482
2023-01-10 11:15:00,s0013,0.5171054375759212
2023-01-10 11:30:00,s0013,0.4118422802315236
2023-01-10 11:45:00,s0013,0.506842280783578
2023-01-10 12:00:00,s0013,0.5449997375414106
2023-01-10 12:15:00,s0013,0.566410308058176
2023-01-10 12:30:00,s0013,0.5357278682607935
2023-01-10 12:45:00,s0013,0.45866941998131316
2023-01-10 13:00:00,s0013,0.5014655152933088
2023-01-10 13:15:00,s0013,0.4856124947154088
2023-01-10 13:30:00,s0013,0.4094066042491986
2023-01-10 13:45:00,s0013,0.48165580233698524
2023-01-10 14:00:00,s0013,0.5000108618858847
2023-01-10 14:15:00,s0013,0.45213101513734943
2023-01-10 14:30:00,s0013,0.4139403894554282
2023-01-10 14:45:00,s0013,0.3493488288143938
2023-01-10 15:00:00,s0013,0.36214763997648247
2023-01-10 15:15:00,s0013,0.41862969614275003
2023-01-10 15:30:00,s0013,0.4098853307389264
2023-01-10 15:45:00,s0013,0.412678539781969
2023-01-10 16:00:00,s0013,0.4047046903342728
2023-01-10 16:15:00,s0013,0.31193567063860805
2023-01-10 16:30:00,s0013,0.3935810423314061
2023-01-10 16:45:00,s0013,0.3536375682607692
2023-01-10 17:00:00,s0013,0.2882125758942087
2023-01-10 17:15:00,s0013,0.2478256756543632
2023-01-10 17:30:00,s0013,0.22133420903963863
2023-01-10 17:45:00,s0013,0.18103072301626066
2023-01-10 18:00:00,s0013,0.24566506858263415
2023-01-10 18:15:00,s0013,0.15670753379386915
2023-01-10 18:30:00,s0013,0.09619618834014498
2023-01-10 18:45:00,s0013,0.0
2023-01-10 19:00:00,s0013,0.0
2023-01-10 19:15:00,s0013,0.0
2023-01-10 19:30:00,s0013,0.024092935817106143
2023-01-10 19:45:00,s0013,0.0
2023-01-10 20:00:00,s0013,0.0
2023-01-10 20:15:00,s0013,0.0
2023-01-10 20:30:00,s0013,0.023553769625639598
2023-01-10 20:45:00,s0013,0.025656675537905183
2023-01-10 21:00:00,s0013,0.015227214341760165
2023-01-10 21:15:00,s0013,0.028914323603362713
2023-01-10 21:30:00,s0013,0.05942749086565147
2023-01-10 21:45:00,s0013,0.0589709370461966
2023-01-10 22:00:00,s0013,0.07812727183445467
2023-01-10 22:15:00,s0013,0.05736771102837945
2023-01-10 22:30:00,s0013,0.1056708819989568
2023-01-10 22:45:00,s0013,0.051553756838440545
2023-01-10 23:00:00,s0013,0.08973165974832603
2023-01-10 23:15:00,s0013,0.13929659074172268
2023-01-10 23:30:00,s0013,0.09531109955972594
2023-01-10 23:45:00,s0013,0.01787721742329801
2023-01-10 00:00:00,s0014,0.5153209568328245
2023-01-10 00:15:00,s0014,0.5853034705490173
2023-01-10 00:30:00,s0014,0.5114954610902749
2023-01-10 00:45:00,s0014,0.40623230514484765
2023-01-10 01:00:00,s0014,0.4388597557062701
2023-01-10 01:15:00,s0014,0.449607697540485
2023-01-10 01:30:00,s0014,0.544607752758417
2023-01-10 01:45:00,s0014,0.4484870638541735
2023-01-10 02:00:00,s0014,0.4872147270456367
2023-01-10 02:15:00,s0014,0.521710491118834
2023-01-10 02:30:00,s0014,0.48222914125003274
2023-01-10 02:45:00,s0014,0.5026298828414619
2023-01-10 03:00:00,s0014,0.5842738945046266
2023-01-10 03:15:00,s0014,0.7014101822389356
2023-01-10 03:30:00,s0014,0.8576955192954894
2023-01-10 03:45:00,s0014,0.9996244896359288
2023-01-10 04:00:00,s0014,1.0
2023-01-10 04:15:00,s0014,1.0
2023-01-10 04:30:00,s0014,0.9659391413807935
2023-01-10 04:45:00,s0014,0.9628276711671926
2023-01-10 05:00:00,s0014,0.9768830444402153
2023-01-10 05:15:00,s0014,0.9251227726147784
2023-01-10 05:30:00,s0014,0.9971681073880015
2023-01-10 05:45:00,s0014,0.9525410765144993
2023-01-10 06:00:00,s0014,0.9536950163038531
2023-01-10 06:15:00,s0014,0.8955852099218828
2023-01-10 06:30:00,s0014,0.8826831033579398
2023-01-10 06:45:00,s0014,0.8947850163669573
2023-01-10 07:00:00,s0014,0.9654051542533978
2023-01-10 07:15:00,s0014,0.9325260933405248
2023-01-10 07:30:00,s0014,0.9192026539799368
2023-01-10 07:45:00,s0014,0.9216926396446743
2023-01-10 08:00:00,s0014,0.9319729148814656
2023-01-10 08:15:00,s0014,0.9203932593299157
2023-01-10 08:30:00,s0014,0.9222217436675479
2023-01-10 08:45:00,s0014,0.8753070317761438
2023-01-10 09:00:00,s0014,0.8749841846516612
2023-01-10 09:15:00,s0014,0.8805940980874343
2023-01-10 09:30:00,s0014,0.9753214859500129
2023-01-10 09:45:00,s0014,1.0
2023-01-10 10:00:00,s0014,1.000000000333069
2023-01-10 10:15:00,s0014,1.000000000668093
2023-01-10 10:30:00,s0014,1.000000001005684
2023-01-10 10:45:00,s0014,1.0000000013463288
2023-01-10 11:00:00,s0014,0.9862699631606289
2023-01-10 11:15:00,s0014,1.0
2023-01-10 11:30:00,s0014,1.0000000005503393
2023-01-10 11:45:00,s0014,0.9323769104611201
2023-01-10 12:00:00,s0014,0.9998578096696273
2023-01-10 12:15:00,s0014,0.9659649395261087
2023-01-10 12:30:00,s0014,0.9144830430624468
2023-01-10 12:45:00,s0014,0.8503721995439318
2023-01-10 13:00:00,s0014,0.9453722003551533
2023-01-10 13:15:00,s0014,0.979649324410433
2023-01-10 13:30:00,s0014,0.8964937848459857
2023-01-10 13:45:00,s0014,0.8722172041570562
2023-01-10 14:00:00,s0014,0.9156827800129822
2023-01-10 14:15:00,s0014,0.9379408686183329
2023-01-10 14:30:00,s0014,0.8957737065340662
2023-01-10 14:45:00,s0014,0.9190911123214682
2023-01-10 15:00:00,s0014,0.9164492652192695
2023-01-10 15:15:00,s0014,0.8488712453123577
2023-01-10 15:30:00,s0014,0.7718656615510158
2023-01-10 15:45:00,s0014,0.7329162678661505
2023-01-10 16:00:00,s0014,0.6899818630737422
2023-01-10 16:15:00,s0014,0.6824430973110027
2023-01-10 16:30:00,s0014,0.6551362634320534
2023-01-10 16:45:00,s0014,0.5655195670819531
2023-01-10 17:00:00,s0014,0.50578452453543
2023-01-10 17:15:00,s0014,0.5129583232528239
2023-01-10 17:30:00,s0014,0.5836176550321013
2023-01-10 17:45:00,s0014,0.5862823566265032
2023-01-10 18:00:00,s0014,0.622850769007206
2023-01-10 18:15:00,s0014,0.5943031964673036
2023-01-10 18:30:00,s0014,0.6510987454743192
2023-01-10 18:45:00,s0014,0.5451270696105612
2023-01-10 19:00:00,s0014,0.6102956972005784
2023-01-10 19:15:00,s0014,0.43786770327599417
2023-01-10 19:30:00,s0014,0.3961629977364859
2023-01-10 19:45:00,s0014,0.1587603202727132
2023-01-10 20:00:00,s0014,0.04154363918366616
2023-01-10 20:15:00,s0014,0.01376173290313154
2023-01-10 20:30:00,s0014,0.02982068302742774
2023-01-10 20:45:00,s0014,0.0
2023-01-10 21:00:00,s0014,0.0
2023-01-10 21:15:00,s0014,0.0
2023-01-10 21:30:00,s0014,0.0
2023-01-10 21:45:00,s0014,0.0
2023-01-10 22:00:00,s0014,0.03757525387812205
2023-01-10 22:15:00,s0014,0.07167055418640955
2023-01-10 22:30:00,s0014,0.05357133487552612
2023-01-10 22:45:00,s0014,0.08590065454024715
2023-01-10 23:00:00,s0014,0.10086026624323413
2023-01-10 23:15:00,s0014,0.1320259123480545
2023-01-10 23:30:00,s0014,0.12019242665915525
2023-01-10 23:45:00,s0014,0.20492804571517254
2023-01-10 00:00:00,s0015,0.595
2023-01-10 00:15:00,s0015,0.5460449538743036
2023-01-10 00:30:00,s0015,0.5243927795324491
2023-01-10 00:45:00,s0015,0.6193927814817587
2023-01-10 01:00:00,s0015,0.5646445432193631
2023-01-10 01:15:00,s0015,0.5747755750936776
2023-01-10 01:30:00,s0015,0.594541359199247
2023-01-10 01:45:00,s0015,0.5821514129608527
2023-01-10 02:00:00,s0015,0.5489282098759998
2023-01-10 02:15:00,s0015,0.6179397669659236
2023-01-10 02:30:00,s0015,0.5469575966710689
2023-01-10 02:45:00,s0015,0.5718649323266509
2023-01-10 03:00:00,s0015,0.7265688965299415
2023-01-10 03:15:00,s0015,0.8234710353529873
2023-01-10 03:30:00,s0015,0.904473064648198
2023-01-10 03:45:00,s0015,1.0
2023-01-10 04:00:00,s0015,0.9243622071491373
2023-01-10 04:15:00,s0015,1.0
2023-01-10 04:30:00,s0015,1.0
2023-01-10 04:45:00,s0015,1.0
2023-01-10 05:00:00,s0015,1.0000000033279912
2023-01-10 05:15:00,s0015,0.9437023399768378
2023-01-10 05:30:00,s0015,0.9664128523945597
2023-01-10 05:45:00,s0015,0.9821315968487448
2023-01-10 06:00:00,s0015,1.0
2023-01-10 06:15:00,s0015,1.0000000004347407
2023-01-10 06:30:00,s0015,0.936347831268041
2023-01-10 06:45:00,s0015,0.9910803587638396
2023-01-10 07:00:00,s0015,0.9832322089061077
2023-01-10 07:15:00,s0015,0.9623969459742394
2023-01-10 07:30:00,s0015,0.9937641870789966
2023-01-10 07:45:00,s0015,0.9938276219862406
2023-01-10 08:00:00,s0015,1.0
2023-01-10 08:15:00,s0015,0.9288561617459052
2023-01-10 08:30:00,s0015,0.8727950090921424
2023-01-10 08:45:00,s0015,0.9320108279216013
2023-01-10 09:00:00,s0015,1.0
2023-01-10 09:15:00,s0015,0.9754365170779926
2023-01-10 09:30:00,s0015,0.8701733594142645
2023-01-10 09:45:00,s0015,0.8227123654470062
2023-01-10 10:00:00,s0015,0.884112433470907
2023-01-10 10:15:00,s0015,0.901676045897582
2023-01-10 10:30:00,s0015,0.7964128883404363
2023-01-10 10:45:00,s0015,0.7973767364378318
2023-01-10 11:00:00,s0015,0.6921135790791182
2023-01-10 11:15:00,s0015,0.6518700238370307
2023-01-10 11:30:00,s0015,0.6101423336740557
2023-01-10 11:45:00,s0015,0.5721347730309069
2023-01-10 12:00:00,s0015,0.667134774129238
2023-01-10 12:15:00,s0015,0.6113472103351357
2023-01-10 12:30:00,s0015,0.5060840535813773
2023-01-10 12:45:00,s0015,0.45579476774378547
2023-01-10 13:00:00,s0015,0.5434309487871933
2023-01-10 13:15:00,s0015,0.6384309496160685
2023-01-10 13:30:00,s0015,0.6001096920066149
2023-01-10 13:45:00,s0015,0.6951096928775349
2023-01-10 14:00:00,s0015,0.695690609420069
2023-01-10 14:15:00,s0015,0.6633246951265727
2023-01-10 14:30:00,s0015,0.6152963132321214
2023-01-10 14:45:00,s0015,0.6041628918366762
2023-01-10 15:00:00,s0015,0.5913252307327717
2023-01-10 15:15:00,s0015,0.5896442313787424
2023-01-10 15:30:00,s0015,0.5239625203829755
2023-01-10 15:45:00,s0015,0.46726732009660876
2023-01-10 16:00:00,s0015,0.4973726262795706
2023-01-10 16:15:00,s0015,0.4490665277419028
2023-01-10 16:30:00,s0015,0.4692933550813593
2023-01-10 16:45:00,s0015,0.39135535028566093
2023-01-10 17:00:00,s0015,0.31196213844937704
2023-01-10 17:15:00,s0015,0.32251535285785526
2023-01-10 17:30:00,s0015,0.32904684979208143
2023-01-10 17:45:00,s0015,0.2391830933175363
2023-01-10 18:00:00,s0015,0.2678036566613978
2023-01-10 18:15:00,s0015,0.30736985428135943
2023-01-10 18:30:00,s0015,0.26936449160204934
2023-01-10 18:45:00,s0015,0.08587010676025053
2023-01-10 19:00:00,s0015,0.06221603610312143
2023-01-10 19:15:00,s0015,0.0
2023-01-10 19:30:00,s0015,0.0
2023-01-10 19:45:00,s0015,0.0
2023-01-10 20:00:00,s0015,0.0
2023-01-10 20:15:00,s0015,0.0
2023-01-10 20:30:00,s0015,0.0
2023-01-10 20:45:00,s0015,0.0
2023-01-10 21:00:00,s0015,0.002614140532451459
2023-01-10 21:15:00,s0015,0.0
2023-01-10 21:30:00,s0015,0.01993879899195905
2023-01-10 21:45:00,s0015,0.0
2023-01-10 22:00:00,s0015,0.0851663851139951
2023-01-10 22:15:00,s0015,0.05453407725486653
2023-01-10 22:30:00,s0015,0.0
2023-01-10 22:45:00,s0015,0.0
2023-01-10 23:00:00,s0015,0.040187536871425344
2023-01-10 23:15:00,s0015,0.0
2023-01-10 23:30:00,s0015,0.0
2023-01-10 23:45:00,s0015,0.0
2023-01-10 00:00:00,s0016,0.5783788969200467
2023-01-10 00:15:00,s0016,0.5756588266629024
2023-01-10 00:30:00,s0016,0.5883541169687175
2023-01-10 00:45:00,s0016,0.5470415398611986
2023-01-10 01:00:00,s0016,0.5999503287640723
2023-01-10 01:15:00,s0016,0.6346437819856994
2023-01-10 01:30:00,s0016,0.6578134342065821
2023-01-10 01:45:00,s0016,0.676549132930307
2023-01-10 02:00:00,s0016,0.721537738561851
2023-01-10 02:15:00,s0016,0.7012704162085021
2023-01-10 02:30:00,s0016,0.6735695431754787
2023-01-10 02:45:00,s0016,0.6852936446341176
2023-01-10 03:00:00,s0016,0.8381925712196276
2023-01-10 03:15:00,s0016,1.0
2023-01-10 03:30:00,s0016,1.0
2023-01-10 03:45:00,s0016,1.0
2023-01-10 04:00:00,s0016,1.0
2023-01-10 04:15:00,s0016,1.0
2023-01-10 04:30:00,s0016,0.9186553894600098
2023-01-10 04:45:00,s0016,0.9264145105043271
2023-01-10 05:00:00,s0016,0.9662234851740696
2023-01-10 05:15:00,s0016,1.0
2023-01-10 05:30:00,s0016,1.0000000036923176
2023-01-10 05:45:00,s0016,0.9115034875774735
2023-01-10 06:00:00,s0016,0.9285970739624387
2023-01-10 06:15:00,s0016,0.9428295777761376
2023-01-10 06:30:00,s0016,0.929536995714036
2023-01-10 06:45:00,s0016,0.9184970785323251
2023-01-10 07:00:00,s0016,0.9113389319493481
2023-01-10 07:15:00,s0016,0.9637696223819532
2023-01-10 07:30:00,s0016,0.934365555345212
2023-01-10 07:45:00,s0016,0.9781220146892684
2023-01-10 08:00:00,s0016,0.9725326477626657
2023-01-10 08:15:00,s0016,1.0
2023-01-10 08:30:00,s0016,1.0000000001789184
2023-01-10 08:45:00,s0016,0.9536867424021676
2023-01-10 09:00:00,s0016,1.0
2023-01-10 09:15:00,s0016,0.9620729355221699
2023-01-10 09:30:00,s0016,0.9653946688002056
2023-01-10 09:45:00,s0016,0.8697997591478888
2023-01-10 10:00:00,s0016,0.7645366015862207
2023-01-10 10:15:00,s0016,0.8307540687560073
2023-01-10 10:30:00,s0016,0.7254909111988617
2023-01-10 10:45:00,s0016,0.6705028826329225
2023-01-10 11:00:00,s0016,0.6196325856791584
2023-01-10 11:15:00,s0016,0.6072274240458961
2023-01-10 11:30:00,s0016,0.7022274245962353
2023-01-10 11:45:00,s0016,0.5969642672535529
2023-01-10 12:00:00,s0016,0.5412647093733194
2023-01-10 12:15:00,s0016,0.43600155258447437
2023-01-10 12:30:00,s0016,0.512349107998977
2023-01-10 12:45:00,s0016,0.40708595129593783
2023-01-10 13:00:00,s0016,0.46360778672541625
2023-01-10 13:15:00,s0016,0.4663758016910139
2023-01-10 13:30:00,s0016,0.4397885460098321
2023-01-10 13:45:00,s0016,0.5347885468807521
2023-01-10 14:00:00,s0016,0.6151242459790018
2023-01-10 14:15:00,s0016,0.584913676120214
2023-01-10 14:30:00,s0016,0.609897269298411
2023-01-10 14:45:00,s0016,0.6030558756354685
2023-01-10 15:00:00,s0016,0.5321587326798742
2023-01-10 15:15:00,s0016,0.5216351877352801
2023-01-10 15:30:00,s0016,0.5658877096821249
2023-01-10 15:45:00,s0016,0.5688948062612237
2023-01-10 16:00:00,s0016,0.6638948065044773
2023-01-10 16:15:00,s0016,0.7017300603069354
2023-01-10 16:30:00,s0016,0.7319711080609584
2023-01-10 16:45:00,s0016,0.7686307123588924
2023-01-10 17:00:00,s0016,0.7962557115924199
2023-01-10 17:15:00,s0016,0.7532152734397369
2023-01-10 17:30:00,s0016,0.7950203694214433
2023-01-10 17:45:00,s0016,0.7185459469326865
2023-01-10 18:00:00,s0016,0.7151601270346888
2023-01-10 18:15:00,s0016,0.723602421910303
2023-01-10 18:30:00,s0016,0.7594649827566351
2023-01-10 18:45:00,s0016,0.7256432462210379
2023-01-10 19:00:00,s0016,0.6659704800200921
2023-01-10 19:15:00,s0016,0.6063892705621703
2023-01-10 19:30:00,s0016,0.6751935782252482
2023-01-10 19:45:00,s0016,0.3776011135156852
2023-01-10 20:00:00,s0016,0.28152229625895037
2023-01-10 20:15:00,s0016,0.2587160339791841
2023-01-10 20:30:00,s0016,0.20152861898342958
2023-01-10 20:45:00,s0016,0.1733349193993311
2023-01-10 21:00:00,s0016,0.20670921316065743
2023-01-10 21:15:00,s0016,0.25121801665305427
2023-01-10 21:30:00,s0016,0.22517613138791348
2023-01-10 21:45:00,s0016,0.25501068065247934
2023-01-10 22:00:00,s0016,0.2683350065407665
2023-01-10 22:15:00,s0016,0.30037530364186177
2023-01-10 22:30:00,s0016,0.19672463319245204
2023-01-10 22:45:00,s0016,0.2537210224781724
2023-01-10 23:00:00,s0016,0.29255175923936966
2023-01-10 23:15:00,s0016,0.3223977654996151
2023-01-10 23:30:00,s0016,0.3549722863978628
2023-01-10 23:45:00,s0016,0.3973611639047785
2023-01-10 00:00:00,s0017,0.508279526046548
2023-01-10 00:15:00,s0017,0.561258614172938
2023-01-10 00:30:00,s0017,0.6290079800746519
2023-01-10 00:45:00,s0017,0.620402847714081
2023-01-10 01:00:00,s0017,0.6656839433251387
2023-01-10 01:15:00,s0017,0.6998408147088542
2023-01-10 01:30:00,s0017,0.6220891604139777
2023-01-10 01:45:00,s0017,0.6302089986587182
2023-01-10 02:00:00,s0017,0.6132706254242121
2023-01-10 02:15:00,s0017,0.6666113091678124
2023-01-10 02:30:00,s0017,0.7450877524523855
2023-01-10 02:45:00,s0017,0.770878977351726
2023-01-10 03:00:00,s0017,0.8852118979040613
2023-01-10 03:15:00,s0017,0.9967342563726176
2023-01-10 03:30:00,s0017,1.0
2023-01-10 03:45:00,s0017,1.0
2023-01-10 04:00:00,s0017,1.0
2023-01-10 04:15:00,s0017,1.0
2023-01-10 04:30:00,s0017,0.9902116035762406
2023-01-10 04:45:00,s0017,0.9112331522015241
2023-01-10 05:00:00,s0017,0.9018422631432869
2023-01-10 05:15:00,s0017,0.9521332965421904
2023-01-10 05:30:00,s0017,0.9950586676025067
2023-01-10 05:45:00,s0017,1.0
2023-01-10 06:00:00,s0017,1.0000000004314697
2023-01-10 06:15:00,s0017,0.9361553971944427
2023-01-10 06:30:00,s0017,0.9601732267823766
2023-01-10 06:45:00,s0017,0.8969283233992189
2023-01-10 07:00:00,s0017,0.8011662385919345
2023-01-10 07:15:00,s0017,0.782931897616192
2023-01-10 07:30:00,s0017,0.820481881922578
2023-01-10 07:45:00,s0017,0.7727513231486849
2023-01-10 08:00:00,s0017,0.8093023945673004
2023-01-10 08:15:00,s0017,0.7865676597586888
2023-01-10 08:30:00,s0017,0.771631852076422
2023-01-10 08:45:00,s0017,0.8233322267882585
2023-01-10 09:00:00,s0017,0.909830859274475
2023-01-10 09:15:00,s0017,0.9647673870929263
2023-01-10 09:30:00,s0017,0.982925807688012
2023-01-10 09:45:00,s0017,0.9628577435806344
2023-01-10 10:00:00,s0017,1.0
2023-01-10 10:15:00,s0017,1.000000000335024
2023-01-10 10:30:00,s0017,1.0000000006726153
2023-01-10 10:45:00,s0017,0.8947368431185231
2023-01-10 11:00:00,s0017,0.7894736857598095
2023-01-10 11:15:00,s0017,0.84821041208424
2023-01-10 11:30:00,s0017,0.8287717916485211
2023-01-10 11:45:00,s0017,0.8702118405511957
2023-01-10 12:00:00,s0017,0.8518860633506904
2023-01-10 12:15:00,s0017,0.9468860644565823
2023-01-10 12:30:00,s0017,0.9430971583384581
2023-01-10 12:45:00,s0017,0.8596905572236652
2023-01-10 13:00:00,s0017,0.9521143097136291
2023-01-10 13:15:00,s0017,0.9608308064463851
2023-01-10 13:30:00,s0017,0.8555676494003011
2023-01-10 13:45:00,s0017,0.8721751852031592
2023-01-10 14:00:00,s0017,0.8102504366449621
2023-01-10 14:15:00,s0017,0.8696669533391013
2023-01-10 14:30:00,s0017,0.7975240742824793
2023-01-10 14:45:00,s0017,0.8251753828779642
2023-01-10 15:00:00,s0017,0.8419135391907933
2023-01-10 15:15:00,s0017,0.9300818422063947
2023-01-10 15:30:00,s0017,0.8882666141876023
2023-01-10 15:45:00,s0017,0.9118574162685723
2023-01-10 16:00:00,s0017,0.8528822159263023
2023-01-10 16:15:00,s0017,0.8705702984245072
2023-01-10 16:30:00,s0017,0.9115833559448291
2023-01-10 16:45:00,s0017,0.9935282644252601
2023-01-10 17:00:00,s0017,1.0
2023-01-10 17:15:00,s0017,1.0000000002029983
2023-01-10 17:30:00,s0017,1.0000000004071712
2023-01-10 17:45:00,s0017,1.0000000006126983
2023-01-10 18:00:00,s0017,1.0000000008388288
2023-01-10 18:15:00,s0017,1.000000001069308
2023-01-10 18:30:00,s0017,1.0000000010786247
2023-01-10 18:45:00,s0017,0.9117009497491962
2023-01-10 19:00:00,s0017,0.9404494131585184
2023-01-10 19:15:00,s0017,0.9261537612952391
2023-01-10 19:30:00,s0017,0.9794108050268469
2023-01-10 19:45:00,s0017,0.837235127223962
2023-01-10 20:00:00,s0017,0.7554288335219014
2023-01-10 20:15:00,s0017,0.6994542324178745
2023-01-10 20:30:00,s0017,0.7818163172759791
2023-01-10 20:45:00,s0017,0.7686681999104888
2023-01-10 21:00:00,s0017,0.8192267455863304
2023-01-10 21:15:00,s0017,0.8558442706541333
2023-01-10 21:30:00,s0017,0.9272735384618144
2023-01-10 21:45:00,s0017,1.0
2023-01-10 22:00:00,s0017,1.00000000173186
2023-01-10 22:15:00,s0017,1.000000003568996
2023-01-10 22:30:00,s0017,0.9541477641048215
2023-01-10 22:45:00,s0017,0.9618805740104971
2023-01-10 23:00:00,s0017,1.0
2023-01-10 23:15:00,s0017,1.0
2023-01-10 23:30:00,s0017,0.9109574462849361
2023-01-10 23:45:00,s0017,0.8451351331306325
2023-01-10 00:00:00,s0018,0.5380259386663772
2023-01-10 00:15:00,s0018,0.5065012693988676
2023-01-10 00:30:00,s0018,0.5603719646491923
2023-01-10 00:45:00,s0018,0.6553719665985018
2023-01-10 01:00:00,s0018,0.6750414508350642
2023-01-10 01:15:00,s0018,0.6735033042919213
2023-01-10 01:30:00,s0018,0.6897807074396185
2023-01-10 01:45:00,s0018,0.6489845446156874
2023-01-10 02:00:00,s0018,0.6781558945458788
2023-01-10 02:15:00,s0018,0.7492300498544323
2023-01-10 02:30:00,s0018,0.7362179512246885
2023-01-10 02:45:00,s0018,0.8159291476390745
2023-01-10 03:00:00,s0018,1.0
2023-01-10 03:15:00,s0018,1.0
2023-01-10 03:30:00,s0018,1.0
2023-01-10 03:45:00,s0018,1.0
2023-01-10 04:00:00,s0018,0.9324479069638527
2023-01-10 04:15:00,s0018,0.8341598428573391
2023-01-10 04:30:00,s0018,0.9291604514222432
2023-01-10 04:45:00,s0018,0.9592099332330914
2023-01-10 05:00:00,s0018,0.9312963976932592
2023-01-10 05:15:00,s0018,0.9734196329029406
2023-01-10 05:30:00,s0018,0.9635976279094046
2023-01-10 05:45:00,s0018,0.9960075052204062
2023-01-10 06:00:00,s0018,0.9794865824154403
2023-01-10 06:15:00,s0018,0.9634243593322409
2023-01-10 06:30:00,s0018,0.9843272058092051
2023-01-10 06:45:00,s0018,1.0
2023-01-10 07:00:00,s0018,0.9467651986454018
2023-01-10 07:15:00,s0018,0.9627546804124697
2023-01-10 07:30:00,s0018,1.0
2023-01-10 07:45:00,s0018,0.9832462830315307
2023-01-10 08:00:00,s0018,0.99447890709503
2023-01-10 08:15:00,s0018,1.0
2023-01-10 08:30:00,s0018,0.9571206027929948
2023-01-10 08:45:00,s0018,0.9654362989330988
2023-01-10 09:00:00,s0018,0.9086984548849404
2023-01-10 09:15:00,s0018,0.881248595185814
2023-01-10 09:30:00,s0018,0.7759854375220858
2023-01-10 09:45:00,s0018,0.7757804612341822
2023-01-10 10:00:00,s0018,0.7703723285733337
2023-01-10 10:15:00,s0018,0.8013665286001944
2023-01-10 10:30:00,s0018,0.6961033710430488
2023-01-10 10:45:00,s0018,0.6291741532103592
2023-01-10 11:00:00,s0018,0.6110175502847772
2023-01-10 11:15:00,s0018,0.5057543929349548
2023-01-10 11:30:00,s0018,0.5160556493079196
2023-01-10 11:45:00,s0018,0.44530726454505276
2023-01-10 12:00:00,s0018,0.505578356569064
2023-01-10 12:15:00,s0018,0.582266175824304
2023-01-10 12:30:00,s0018,0.5457304616609108
2023-01-10 12:45:00,s0018,0.5944168274927345
2023-01-10 13:00:00,s0018,0.5856889358101365
2023-01-10 13:15:00,s0018,0.566513092311576
2023-01-10 13:30:00,s0018,0.6533666167091374
2023-01-10 13:45:00,s0018,0.5906611879082567
2023-01-10 14:00:00,s0018,0.5302529363463393
2023-01-10 14:15:00,s0018,0.5214474689749806
2023-01-10 14:30:00,s0018,0.4995604239009277
2023-01-10 14:45:00,s0018,0.5270668011639825
2023-01-10 15:00:00,s0018,0.4880768592873389
2023-01-10 15:15:00,s0018,0.46032904855495016
2023-01-10 15:30:00,s0018,0.39380015686643066
2023-01-10 15:45:00,s0018,0.4080303367033873
2023-01-10 16:00:00,s0018,0.4147316616827249
2023-01-10 16:15:00,s0018,0.41625087120407644
2023-01-10 16:30:00,s0018,0.46544634224527504
2023-01-10 16:45:00,s0018,0.4745603914144838
2023-01-10 17:00:00,s0018,0.4494330041879153
2023-01-10 17:15:00,s0018,0.4355096343789975
2023-01-10 17:30:00,s0018,0.4404941275515081
2023-01-10 17:45:00,s0018,0.3352309698622985
2023-01-10 18:00:00,s0018,0.293625628762085
2023-01-10 18:15:00,s0018,0.30897896283529647
2023-01-10 18:30:00,s0018,0.32628169463742773
2023-01-10 18:45:00,s0018,0.2683889787365128
2023-01-10 19:00:00,s0018,0.2791985074839034
2023-01-10 19:15:00,s0018,0.19931236367240157
2023-01-10 19:30:00,s0018,0.16731040864351399
2023-01-10 19:45:00,s0018,0.0
2023-01-10 20:00:00,s0018,0.0
2023-01-10 20:15:00,s0018,0.0
2023-01-10 20:30:00,s0018,0.014785376790564075
2023-01-10 20:45:00,s0018,0.027491827564306903
2023-01-10 21:00:00,s0018,0.042579234806605026
2023-01-10 21:15:00,s0018,0.07540580026690957
2023-01-10 21:30:00,s0018,0.14410967063340596
2023-01-10 21:45:00,s0018,0.12790116022114711
2023-01-10 22:00:00,s0018,0.2229011619530071
2023-01-10 22:15:00,s0018,0.23741952030275773
2023-01-10 22:30:00,s0018,0.26274738268186704
2023-01-10 22:45:00,s0018,0.2189564419416555
2023-01-10 23:00:00,s0018,0.2329865172362935
2023-01-10 23:15:00,s0018,0.16260669917268428
2023-01-10 23:30:00,s0018,0.18567926414730335
2023-01-10 23:45:00,s0018,0.1970778647881664
2023-01-10 00:00:00,s0019,0.5110269801734492
2023-01-10 00:15:00,s0019,0.4830495263145981
2023-01-10 00:30:00,s0019,0.4621465322698409
2023-01-10 00:45:00,s0019,0.43803886681827514
2023-01-10 01:00:00,s0019,0.33279192225245924
2023-01-10 01:15:00,s0019,0.33727268436624697
2023-01-10 01:30:00,s0019,0.2375909755579696
2023-01-10 01:45:00,s0019,0.23129915193777206
2023-01-10 02:00:00,s0019,0.26630735308405956
2023-01-10 02:15:00,s0019,0.2814745699942832
2023-01-10 02:30:00,s0019,0.2621737197375409
2023-01-10 02:45:00,s0019,0.3037097510648925
2023-01-10 03:00:00,s0019,0.4065545512358471
2023-01-10 03:15:00,s0019,0.5689910504989077
2023-01-10 03:30:00,s0019,0.6150730242137601
2023-01-10 03:45:00,s0019,0.7867831153420045
2023-01-10 04:00:00,s0019,0.8057092041278577
2023-01-10 04:15:00,s0019,0.7183884334561383
2023-01-10 04:30:00,s0019,0.657116366899189
2023-01-10 04:45:00,s0019,0.6067844847347641
2023-01-10 05:00:00,s0019,0.5632538791839576
2023-01-10 05:15:00,s0019,0.6171037984175768
2023-01-10 05:30:00,s0019,0.5118406442151575
2023-01-10 05:45:00,s0019,0.5126324066964185
2023-01-10 06:00:00,s0019,0.5491872607139353
2023-01-10 06:15:00,s0019,0.6274290309608419
2023-01-10 06:30:00,s0019,0.6223067412988068
2023-01-10 06:45:00,s0019,0.6731985439739931
2023-01-10 07:00:00,s0019,0.7553485498094417
2023-01-10 07:15:00,s0019,0.6565257833290524
2023-01-10 07:30:00,s0019,0.6607721841518999
2023-01-10 07:45:00,s0019,0.6540474996491539
2023-01-10 08:00:00,s0019,0.681848762077931
2023-01-10 08:15:00,s0019,0.6714445512526133
2023-01-10 08:30:00,s0019,0.6504370741443051
2023-01-10 08:45:00,s0019,0.6753902789825064
2023-01-10 09:00:00,s0019,0.6842384091701214
2023-01-10 09:15:00,s0019,0.6724946004902765
2023-01-10 09:30:00,s0019,0.7447344117080994
2023-01-10 09:45:00,s0019,0.796775704594915
2023-01-10 10:00:00,s0019,0.8917757049279837
2023-01-10 10:15:00,s0019,0.9867757052630077
2023-01-10 10:30:00,s0019,0.9910096427451075
2023-01-10 10:45:00,s0019,0.8857464851910154
2023-01-10 11:00:00,s0019,0.8867262090622708
2023-01-10 11:15:00,s0019,0.9039185979628999
2023-01-10 11:30:00,s0019,0.7986554406185022
2023-01-10 11:45:00,s0019,0.8936554411705566
2023-01-10 12:00:00,s0019,0.8227422911969969
2023-01-10 12:15:00,s0019,0.7463425368214727
2023-01-10 12:30:00,s0019,0.6967585222435584
2023-01-10 12:45:00,s0019,0.791758523435256
2023-01-10 13:00:00,s0019,0.8725908667502633
2023-01-10 13:15:00,s0019,0.7673277096844018
2023-01-10 13:30:00,s0019,0.7325251703525442
2023-01-10 13:45:00,s0019,0.764959122263671
2023-01-10 14:00:00,s0019,0.7976662746168005
2023-01-10 14:15:00,s0019,0.8131011538723072
2023-01-10 14:30:00,s0019,0.8429674635965414
2023-01-10 14:45:00,s0019,0.9051892008681064
2023-01-10 15:00:00,s0019,0.886288811504174
2023-01-10 15:15:00,s0019,0.7810256539383731
2023-01-10 15:30:00,s0019,0.8444166973126042
2023-01-10 15:45:00,s0019,0.8720744008874026
2023-01-10 16:00:00,s0019,0.8601811271862686
2023-01-10 16:15:00,s0019,0.7588282175523848
2023-01-10 16:30:00,s0019,0.8049669989638363
2023-01-10 16:45:00,s0019,0.6997038413196074
2023-01-10 17:00:00,s0019,0.7345839667647616
2023-01-10 17:15:00,s0019,0.7591349764138472
2023-01-10 17:30:00,s0019,0.8100664096473621
2023-01-10 17:45:00,s0019,0.8339023183188042
2023-01-10 18:00:00,s0019,0.8661708217863371
2023-01-10 18:15:00,s0019,0.7890634474078704
2023-01-10 18:30:00,s0019,0.7935456341429757
2023-01-10 18:45:00,s0019,0.6301085101948274
2023-01-10 19:00:00,s0019,0.6520536038475047
2023-01-10 19:15:00,s0019,0.63409351023656
2023-01-10 19:30:00,s0019,0.6767864829072674
2023-01-10 19:45:00,s0019,0.40062516635096534
2023-01-10 20:00:00,s0019,0.26007674585289614
2023-01-10 20:15:00,s0019,0.1263604536813977
2023-01-10 20:30:00,s0019,0.07824753523366501
2023-01-10 20:45:00,s0019,0.052639341211112856
2023-01-10 21:00:00,s0019,0.02939143342514
2023-01-10 21:15:00,s0019,0.0
2023-01-10 21:30:00,s0019,0.0
2023-01-10 21:45:00,s0019,0.08575014704343437
2023-01-10 22:00:00,s0019,0.015525521980960744
2023-01-10 22:15:00,s0019,0.0
2023-01-10 22:30:00,s0019,0.0
2023-01-10 22:45:00,s0019,0.0
2023-01-10 23:00:00,s0019,0.1063988008148003
2023-01-10 23:15:00,s0019,0.11318859911592455
2023-01-10 23:30:00,s0019,0.13960518141198142
2023-01-10 23:45:00,s0019,0.10668199314786259
2023-01-10 00:00:00,s0020,0.46747260109587746
2023-01-10 00:15:00,s0020,0.39739165736646476
2023-01-10 00:30:00,s0020,0.3981525369119615
2023-01-10 00:45:00,s0020,0.4112302266268466
2023-01-10 01:00:00,s0020,0.36075356756511767
2023-01-10 01:15:00,s0020,0.30659343803754213
2023-01-10 01:30:00,s0020,0.3122346416628714
2023-01-10 01:45:00,s0020,0.2069715382042609
2023-01-10 02:00:00,s0020,0.15352007937198248
2023-01-10 02:15:00,s0020,0.13672230011233966
2023-01-10 02:30:00,s0020,0.18524304872548203
2023-01-10 02:45:00,s0020,0.18576745091597824
2023-01-10 03:00:00,s0020,0.24329397516684498
2023-01-10 03:15:00,s0020,0.2960490697136449
2023-01-10 03:30:00,s0020,0.37072330683094357
2023-01-10 03:45:00,s0020,0.4460869908100764
2023-01-10 04:00:00,s0020,0.47240661781901205
2023-01-10 04:15:00,s0020,0.45671830594632845
2023-01-10 04:30:00,s0020,0.5101130738070413
2023-01-10 04:45:00,s0020,0.5246286791577793
2023-01-10 05:00:00,s0020,0.5266467145880986
2023-01-10 05:15:00,s0020,0.5131381668441323
2023-01-10 05:30:00,s0020,0.5526456591594111
2023-01-10 05:45:00,s0020,0.5192463040541719
2023-01-10 06:00:00,s0020,0.5815326492235163
2023-01-10 06:15:00,s0020,0.5999659209320344
2023-01-10 06:30:00,s0020,0.520250483364748
2023-01-10 06:45:00,s0020,0.577421054067425
2023-01-10 07:00:00,s0020,0.6436116618887221
2023-01-10 07:15:00,s0020,0.552835189966395
2023-01-10 07:30:00,s0020,0.5055720772074871
2023-01-10 07:45:00,s0020,0.4891408088265866
2023-01-10 08:00:00,s0020,0.5090289429384871
2023-01-10 08:15:00,s0020,0.49478436873850973
2023-01-10 08:30:00,s0020,0.5052830417434828
2023-01-10 08:45:00,s0020,0.491579972182995
2023-01-10 09:00:00,s0020,0.5485407758374025
2023-01-10 09:15:00,s0020,0.610639469245753
2023-01-10 09:30:00,s0020,0.6015235808232144
2023-01-10 09:45:00,s0020,0.5792875339083103
2023-01-10 10:00:00,s0020,0.5753464629366175
2023-01-10 10:15:00,s0020,0.6140256137626616
2023-01-10 10:30:00,s0020,0.5255910450396346
2023-01-10 10:45:00,s0020,0.6205910453802793
2023-01-10 11:00:00,s0020,0.5827756755151112
2023-01-10 11:15:00,s0020,0.47751251816528884
2023-01-10 11:30:00,s0020,0.572512518715628
2023-01-10 11:45:00,s0020,0.6539928380374479
2023-01-10 12:00:00,s0020,0.7350846806807765
2023-01-10 12:15:00,s0020,0.7761641340262411
2023-01-10 12:30:00,s0020,0.7556573443288425
2023-01-10 12:45:00,s0020,0.7591217230874947
2023-01-10 13:00:00,s0020,0.6538585660039793
2023-01-10 13:15:00,s0020,0.6600763221876189
2023-01-10 13:30:00,s0020,0.7015469329452604
2023-01-10 13:45:00,s0020,0.6910954415755255
2023-01-10 14:00:00,s0020,0.6556598384309542
2023-01-10 14:15:00,s0020,0.5574335923232484
2023-01-10 14:30:00,s0020,0.605918305272267
2023-01-10 14:45:00,s0020,0.5727811293431833
2023-01-10 15:00:00,s0020,0.5722528789654379
2023-01-10 15:15:00,s0020,0.5263937906656931
2023-01-10 15:30:00,s0020,0.4607484227656904
2023-01-10 15:45:00,s0020,0.4383186982107762
2023-01-10 16:00:00,s0020,0.3704466203409531
2023-01-10 16:15:00,s0020,0.3274337887695482
2023-01-10 16:30:00,s0020,0.3007471559415862
2023-01-10 16:45:00,s0020,0.2849745369582716
2023-01-10 17:00:00,s0020,0.21137026251514413
2023-01-10 17:15:00,s0020,0.2342975686666725
2023-01-10 17:30:00,s0020,0.24213326177642602
2023-01-10 17:45:00,s0020,0.2629264748610117
2023-01-10 18:00:00,s0020,0.21767009925387037
2023-01-10 18:15:00,s0020,0.23868687296164282
2023-01-10 18:30:00,s0020,0.21810812807788937
2023-01-10 18:45:00,s0020,0.07805126457220113
2023-01-10 19:00:00,s0020,0.17305126458153786
2023-01-10 19:15:00,s0020,0.08979647321313733
2023-01-10 19:30:00,s0020,0.07022704175856265
2023-01-10 19:45:00,s0020,0.0
2023-01-10 20:00:00,s0020,0.0
2023-01-10 20:15:00,s0020,0.010997558875520008
2023-01-10 20:30:00,s0020,0.03384142915424687
2023-01-10 20:45:00,s0020,0.0367820670359304
2023-01-10 21:00:00,s0020,0.06016881409553215
2023-01-10 21:15:00,s0020,0.0757076909099123
2023-01-10 21:30:00,s0020,0.11475719751135482
2023-01-10 21:45:00,s0020,0.09700862392848753
2023-01-10 22:00:00,s0020,0.0753338040900205
2023-01-10 22:15:00,s0020,0.07820855059433274
2023-01-10 22:30:00,s0020,0.07637494592046346
2023-01-10 22:45:00,s0020,0.11794062309168857
2023-01-10 23:00:00,s0020,0.23023235574034023
2023-01-10 23:15:00,s0020,0.20995151585373373
2023-01-10 23:30:00,s0020,0.307245481292716
2023-01-10 23:45:00,s0020,0.2101161832342479
2023-01-10 00:00:00,s0021,0.5187245943897963
2023-01-10 00:15:00,s0021,0.45620882166606264
2023-01-10 00:30:00,s0021,0.390143265645577
2023-01-10 00:45:00,s0021,0.4095098927300013
2023-01-10 01:00:00,s0021,0.44475799567385726
2023-01-10 01:15:00,s0021,0.48523263346864837
2023-01-10 01:30:00,s0021,0.41290262848998693
2023-01-10 01:45:00,s0021,0.4140644763251322
2023-01-10 02:00:00,s0021,0.42468302900797195
2023-01-10 02:15:00,s0021,0.40034249017261486
2023-01-10 02:30:00,s0021,0.36030552286398937
2023-01-10 02:45:00,s0021,0.3705866092575837
2023-01-10 03:00:00,s0021,0.5610889277255198
2023-01-10 03:15:00,s0021,0.7255142392457608
2023-01-10 03:30:00,s0021,0.8633669842391138
2023-01-10 03:45:00,s0021,1.0
2023-01-10 04:00:00,s0021,1.0
2023-01-10 04:15:00,s0021,0.9315980116816412
2023-01-10 04:30:00,s0021,0.9967597495096294
2023-01-10 04:45:00,s0021,0.9919505669948255
2023-01-10 05:00:00,s0021,1.0
2023-01-10 05:15:00,s0021,0.8947368455795273
2023-01-10 05:30:00,s0021,0.9231629095380631
2023-01-10 05:45:00,s0021,0.9317698745011561
2023-01-10 06:00:00,s0021,0.8864722437138948
2023-01-10 06:15:00,s0021,0.8504360475121499
2023-01-10 06:30:00,s0021,0.8503764291944462
2023-01-10 06:45:00,s0021,0.8289290198735664
2023-01-10 07:00:00,s0021,0.8511507633112118
2023-01-10 07:15:00,s0021,0.9169983954541313
2023-01-10 07:30:00,s0021,0.8467100533094056
2023-01-10 07:45:00,s0021,0.7772843106322813
2023-01-10 08:00:00,s0021,0.830773103239228
2023-01-10 08:15:00,s0021,0.7382186158309763
2023-01-10 08:30:00,s0021,0.8332186160098947
2023-01-10 08:45:00,s0021,0.8101923431784976
2023-01-10 09:00:00,s0021,0.7049291855122104
2023-01-10 09:15:00,s0021,0.5996660278473119
2023-01-10 09:30:00,s0021,0.5593558855211913
2023-01-10 09:45:00,s0021,0.5808633152583705
2023-01-10 10:00:00,s0021,0.5977446132929102
2023-01-10 10:15:00,s0021,0.49248145573319735
2023-01-10 10:30:00,s0021,0.403256134831969
2023-01-10 10:45:00,s0021,0.4056576201967691
2023-01-10 11:00:00,s0021,0.48781729965935683
2023-01-10 11:15:00,s0021,0.5828173002042712
2023-01-10 11:30:00,s0021,0.6684242033274765
2023-01-10 11:45:00,s0021,0.7634242038795309
2023-01-10 12:00:00,s0021,0.7724088895949459
2023-01-10 12:15:00,s0021,0.7170788931879836
2023-01-10 12:30:00,s0021,0.7440893280942197
2023-01-10 12:45:00,s0021,0.6388261713911805
2023-01-10 13:00:00,s0021,0.5576693577487863
2023-01-10 13:15:00,s0021,0.595912234715064
2023-01-10 13:30:00,s0021,0.5985677985635882
2023-01-10 13:45:00,s0021,0.6198412898711213
2023-01-10 14:00:00,s0021,0.5145781324818732
2023-01-10 14:15:00,s0021,0.409383531724965
2023-01-10 14:30:00,s0021,0.4353689387937463
2023-01-10 14:45:00,s0021,0.49684118124806154
2023-01-10 15:00:00,s0021,0.5378422029543276
2023-01-10 15:15:00,s0021,0.5349462070139688
2023-01-10 15:30:00,s0021,0.5482992555492755
2023-01-10 15:45:00,s0021,0.5270930025586712
2023-01-10 16:00:00,s0021,0.618276876768874
2023-01-10 16:15:00,s0021,0.6036091586833879
2023-01-10 16:30:00,s0021,0.6054593606246597
2023-01-10 16:45:00,s0021,0.6353088018778072
2023-01-10 17:00:00,s0021,0.5967537683217383
2023-01-10 17:15:00,s0021,0.6497267148841496
2023-01-10 17:30:00,s0021,0.6431629202932576
2023-01-10 17:45:00,s0021,0.6698806021339014
2023-01-10 18:00:00,s0021,0.6825425065348267
2023-01-10 18:15:00,s0021,0.5989972483442746
2023-01-10 18:30:00,s0021,0.6307978871918811
2023-01-10 18:45:00,s0021,0.523560408558866
2023-01-10 19:00:00,s0021,0.5309396838149444
2023-01-10 19:15:00,s0021,0.4813735984395634
2023-01-10 19:30:00,s0021,0.48536304338136504
2023-01-10 19:45:00,s0021,0.3436857887819085
2023-01-10 20:00:00,s0021,0.27842839180676004
2023-01-10 20:15:00,s0021,0.18602360532281031
2023-01-10 20:30:00,s0021,0.21559855884207232
2023-01-10 20:45:00,s0021,0.21628654355090673
2023-01-10 21:00:00,s0021,0.25549787779089095
2023-01-10 21:15:00,s0021,0.26866074834061393
2023-01-10 21:30:00,s0021,0.2550441593643732
2023-01-10 21:45:00,s0021,0.23225927178312403
2023-01-10 22:00:00,s0021,0.27064770921942205
2023-01-10 22:15:00,s0021,0.1872167972048145
2023-01-10 22:30:00,s0021,0.19557768219546834
2023-01-10 22:45:00,s0021,0.19104273343152428
2023-01-10 23:00:00,s0021,0.2367738415816276
2023-01-10 23:15:00,s0021,0.24562346929443213
2023-01-10 23:30:00,s0021,0.23893691043254273
2023-01-10 23:45:00,s0021,0.3068926820220642
2023-01-10 00:00:00,s0022,0.5283380713508816
2023-01-10 00:15:00,s0022,0.521905677392939
2023-01-10 00:30:00,s0022,0.5178903631177587
2023-01-10 00:45:00,s0022,0.4947538004262015
2023-01-10 01:00:00,s0022,0.5743738794994905
2023-01-10 01:15:00,s0022,0.5865186417090007
2023-01-10 01:30:00,s0022,0.5935550901299457
2023-01-10 01:45:00,s0022,0.5905225441284423
2023-01-10 02:00:00,s0022,0.6138265950420638
2023-01-10 02:15:00,s0022,0.5610349591537515
2023-01-10 02:30:00,s0022,0.4557718562119554
2023-01-10 02:45:00,s0022,0.5170640594832574
2023-01-10 03:00:00,s0022,0.5956046886202009
2023-01-10 03:15:00,s0022,0.7303250461188322
2023-01-10 03:30:00,s0022,0.813970060617391
2023-01-10 03:45:00,s0022,0.981684720382637
2023-01-10 04:00:00,s0022,1.0
2023-01-10 04:15:00,s0022,1.0
2023-01-10 04:30:00,s0022,1.0
2023-01-10 04:45:00,s0022,1.0
2023-01-10 05:00:00,s0022,1.0000000033279912
2023-01-10 05:15:00,s0022,0.9512445882829267
2023-01-10 05:30:00,s0022,0.9735579494969782
2023-01-10 05:45:00,s0022,1.0
2023-01-10 06:00:00,s0022,0.905235767164772
2023-01-10 06:15:00,s0022,0.9546135794879664
2023-01-10 06:30:00,s0022,0.9895548081093807
2023-01-10 06:45:00,s0022,0.8842916506571694
2023-01-10 07:00:00,s0022,0.8796141780162808
2023-01-10 07:15:00,s0022,0.8292041689228512
2023-01-10 07:30:00,s0022,0.8583001141680784
2023-01-10 07:45:00,s0022,0.7530369565209399
2023-01-10 08:00:00,s0022,0.8480369566985168
2023-01-10 08:15:00,s0022,0.8770007906069839
2023-01-10 08:30:00,s0022,0.8983538426858896
2023-01-10 08:45:00,s0022,0.8524256429691143
2023-01-10 09:00:00,s0022,0.7903062084539563
2023-01-10 09:15:00,s0022,0.7120680849844798
2023-01-10 09:30:00,s0022,0.6411314883602532
2023-01-10 09:45:00,s0022,0.6733076623345781
2023-01-10 10:00:00,s0022,0.7683076626676468
2023-01-10 10:15:00,s0022,0.826732505129522
2023-01-10 10:30:00,s0022,0.787096987856877
2023-01-10 10:45:00,s0022,0.8178212157526293
2023-01-10 11:00:00,s0022,0.9128212162886525
2023-01-10 11:15:00,s0022,1.0
2023-01-10 11:30:00,s0022,0.9475200392892765
2023-01-10 11:45:00,s0022,1.0
2023-01-10 12:00:00,s0022,0.8947368432035944
2023-01-10 12:15:00,s0022,0.9161324724214915
2023-01-10 12:30:00,s0022,0.8957838497558837
2023-01-10 12:45:00,s0022,0.955705064725552
2023-01-10 13:00:00,s0022,0.9240590741748264
2023-01-10 13:15:00,s0022,0.9757901465618509
2023-01-10 13:30:00,s0022,0.9328897984874167
2023-01-10 13:45:00,s0022,0.8276266414635999
2023-01-10 14:00:00,s0022,0.7223634840743518
2023-01-10 14:15:00,s0022,0.6762495608063019
2023-01-10 14:30:00,s0022,0.669683308518263
2023-01-10 14:45:00,s0022,0.5644201511586701
2023-01-10 15:00:00,s0022,0.6041483362364222
2023-01-10 15:15:00,s0022,0.6443110568299169
2023-01-10 15:30:00,s0022,0.6064687148499777
2023-01-10 15:45:00,s0022,0.6499362174307816
2023-01-10 16:00:00,s0022,0.655420005695139
2023-01-10 16:15:00,s0022,0.6815720425352803
2023-01-10 16:30:00,s0022,0.617041000780223
2023-01-10 16:45:00,s0022,0.6947807599247817
2023-01-10 17:00:00,s0022,0.5895176022318722
2023-01-10 17:15:00,s0022,0.5951908292993515
2023-01-10 17:30:00,s0022,0.4915945469681433
2023-01-10 17:45:00,s0022,0.5435210623075197
2023-01-10 18:00:00,s0022,0.535729713990412
2023-01-10 18:15:00,s0022,0.4550140244342853
2023-01-10 18:30:00,s0022,0.4589088778170938
2023-01-10 18:45:00,s0022,0.31196144058593467
2023-01-10 19:00:00,s0022,0.30678729601757493
2023-01-10 19:15:00,s0022,0.2688651551411594
2023-01-10 19:30:00,s0022,0.23561255402830228
2023-01-10 19:45:00,s0022,0.0
2023-01-10 20:00:00,s0022,0.0
2023-01-10 20:15:00,s0022,0.0
2023-01-10 20:30:00,s0022,0.0
2023-01-10 20:45:00,s0022,0.0
2023-01-10 21:00:00,s0022,0.0075888349830650625
2023-01-10 21:15:00,s0022,0.0
2023-01-10 21:30:00,s0022,0.0
2023-01-10 21:45:00,s0022,0.030724262929027968
2023-01-10 22:00:00,s0022,0.04482535331154669
2023-01-10 22:15:00,s0022,0.12078392232725843
2023-01-10 22:30:00,s0022,0.14751418991899062
2023-01-10 22:45:00,s0022,0.19363782362618642
2023-01-10 23:00:00,s0022,0.2912233065703745
2023-01-10 23:15:00,s0022,0.326876843275161
2023-01-10 23:30:00,s0022,0.3781458751619016
2023-01-10 23:45:00,s0022,0.33069088261676616
2023-01-10 00:00:00,s0023,0.4416269667559638
2023-01-10 00:15:00,s0023,0.5366269667559638
2023-01-10 00:30:00,s0023,0.6143613147845983
2023-01-10 00:45:00,s0023,0.677108943936304
2023-01-10 01:00:00,s0023,0.5718458424361735
2023-01-10 01:15:00,s0023,0.5505849649696831
2023-01-10 01:30:00,s0023,0.5583037413986901
2023-01-10 01:45:00,s0023,0.6309226271000798
2023-01-10 02:00:00,s0023,0.587753056098981
2023-01-10 02:15:00,s0023,0.6408100935374276
2023-01-10 02:30:00,s0023,0.697753733605156
2023-01-10 02:45:00,s0023,0.6942212696056805
2023-01-10 03:00:00,s0023,0.7961621211153411
2023-01-10 03:15:00,s0023,0.9103817568238923
2023-01-10 03:30:00,s0023,1.0
2023-01-10 03:45:00,s0023,1.0
2023-01-10 04:00:00,s0023,0.9986787597964578
2023-01-10 04:15:00,s0023,0.9977465360573695
2023-01-10 04:30:00,s0023,1.0
2023-01-10 04:45:00,s0023,0.9619385743877147
2023-01-10 05:00:00,s0023,0.9493318042206764
2023-01-10 05:15:00,s0023,0.946191038410628
2023-01-10 05:30:00,s0023,0.9814602164392701
2023-01-10 05:45:00,s0023,0.9671202291360482
2023-01-10 06:00:00,s0023,1.0
2023-01-10 06:15:00,s0023,1.0000000004347407
2023-01-10 06:30:00,s0023,0.9729413409061436
2023-01-10 06:45:00,s0023,1.0
2023-01-10 07:00:00,s0023,0.9637019346467789
2023-01-10 07:15:00,s0023,0.9824867123228442
2023-01-10 07:30:00,s0023,0.9604418011494982
2023-01-10 07:45:00,s0023,1.0
2023-01-10 08:00:00,s0023,1.0000000001775768
2023-01-10 08:15:00,s0023,0.9679337114102256
2023-01-10 08:30:00,s0023,0.9668867335770851
2023-01-10 08:45:00,s0023,0.9310048101715561
2023-01-10 09:00:00,s0023,1.0
2023-01-10 09:15:00,s0023,1.0000000002298384
2023-01-10 09:30:00,s0023,0.9472869162853989
2023-01-10 09:45:00,s0023,1.0
2023-01-10 10:00:00,s0023,1.0000000003330687
2023-01-10 10:15:00,s0023,0.9648140348842451
2023-01-10 10:30:00,s0023,0.9067592577707273
2023-01-10 10:45:00,s0023,0.885251679681295
2023-01-10 11:00:00,s0023,0.7799885223225814
2023-01-10 11:15:00,s0023,0.8434089097044746
2023-01-10 11:30:00,s0023,0.9384089102548138
2023-01-10 11:45:00,s0023,1.0
2023-01-10 12:00:00,s0023,1.0000000010983312
2023-01-10 12:15:00,s0023,0.9712901380214104
2023-01-10 12:30:00,s0023,1.0
2023-01-10 12:45:00,s0023,1.0000000011916976
2023-01-10 13:00:00,s0023,1.0000000020029192
2023-01-10 13:15:00,s0023,0.8947368449370575
2023-01-10 13:30:00,s0023,0.9122414477227242
2023-01-10 13:45:00,s0023,0.8351438777662994
2023-01-10 14:00:00,s0023,0.850957667010605
2023-01-10 14:15:00,s0023,0.8778879939178662
2023-01-10 14:30:00,s0023,0.8410722512469706
2023-01-10 14:45:00,s0023,0.8046788152461422
2023-01-10 15:00:00,s0023,0.840397280552516
2023-01-10 15:15:00,s0023,0.8419540342560679
2023-01-10 15:30:00,s0023,0.8707905676598203
2023-01-10 15:45:00,s0023,0.9537122840759586
2023-01-10 16:00:00,s0023,0.9870938922401742
2023-01-10 16:15:00,s0023,1.0
2023-01-10 16:30:00,s0023,0.984779835690763
2023-01-10 16:45:00,s0023,1.0
2023-01-10 17:00:00,s0023,1.0000000002018272
2023-01-10 17:15:00,s0023,0.9803814480456299
2023-01-10 17:30:00,s0023,0.964171180086561
2023-01-10 17:45:00,s0023,0.945386125033155
2023-01-10 18:00:00,s0023,0.8853351970272225
2023-01-10 18:15:00,s0023,0.9139123724308789
2023-01-10 18:30:00,s0023,0.8965242159536371
2023-01-10 18:45:00,s0023,0.8414245524314972
2023-01-10 19:00:00,s0023,0.77443034049524
2023-01-10 19:15:00,s0023,0.7129717421899529
2023-01-10 19:30:00,s0023,0.6954712921637203
2023-01-10 19:45:00,s0023,0.46379561710782546
2023-01-10 20:00:00,s0023,0.37824181154333714
2023-01-10 20:15:00,s0023,0.3551965787953699
2023-01-10 20:30:00,s0023,0.34643026345398414
2023-01-10 20:45:00,s0023,0.43635174015755185
2023-01-10 21:00:00,s0023,0.5009041506931946
2023-01-10 21:15:00,s0023,0.571271316165063
2023-01-10 21:30:00,s0023,0.5639187930130907
2023-01-10 21:45:00,s0023,0.6035110728607134
2023-01-10 22:00:00,s0023,0.6736927835870065
2023-01-10 22:15:00,s0023,0.7308200795774424
2023-01-10 22:30:00,s0023,0.7031620816323741
2023-01-10 22:45:00,s0023,0.693536463266444
2023-01-10 23:00:00,s0023,0.6885093048042551
2023-01-10 23:15:00,s0023,0.6718252831021153
2023-01-10 23:30:00,s0023,0.6504430560561674
2023-01-10 23:45:00,s0023,0.6456376106408406
2023-01-10 00:00:00,s0024,0.5095214900484369
2023-01-10 00:15:00,s0024,0.4674896620837354
2023-01-10 00:30:00,s0024,0.5046263073971107
2023-01-10 00:45:00,s0024,0.5225716534550874
2023-01-10 01:00:00,s0024,0.4527641781897633
2023-01-10 01:15:00,s0024,0.5096306404871558
2023-01-10 01:30:00,s0024,0.5252945723414344
2023-01-10 01:45:00,s0024,0.5725581271908475
2023-01-10 02:00:00,s0024,0.5870609347983166
2023-01-10 02:15:00,s0024,0.6040493457378493
2023-01-10 02:30:00,s0024,0.5514579403997892
2023-01-10 02:45:00,s0024,0.5528308879398065
2023-01-10 03:00:00,s0024,0.6610384755079228
2023-01-10 03:15:00,s0024,0.8599056683039701
2023-01-10 03:30:00,s0024,1.0
2023-01-10 03:45:00,s0024,1.0
2023-01-10 04:00:00,s0024,1.0
2023-01-10 04:15:00,s0024,1.0
2023-01-10 04:30:00,s0024,0.9553894197092836
2023-01-10 04:45:00,s0024,0.9831002521711101
2023-01-10 05:00:00,s0024,0.9866755254882658
2023-01-10 05:15:00,s0024,0.8952873266223584
2023-01-10 05:30:00,s0024,0.9401239132528904
2023-01-10 05:45:00,s0024,0.9217130795788364
2023-01-10 06:00:00,s0024,0.9375828023994492
2023-01-10 06:15:00,s0024,0.9012486938623809
2023-01-10 06:30:00,s0024,0.874335249357379
2023-01-10 06:45:00,s0024,0.8947226682340008
2023-01-10 07:00:00,s0024,0.9037674733951826
2023-01-10 07:15:00,s0024,0.9987674736404601
2023-01-10 07:30:00,s0024,1.0
2023-01-10 07:45:00,s0024,1.0000000002475984
2023-01-10 08:00:00,s0024,1.0000000004251752
2023-01-10 08:15:00,s0024,0.982197410330734
2023-01-10 08:30:00,s0024,0.9431001105721181
2023-01-10 08:45:00,s0024,0.9740792331533078
2023-01-10 09:00:00,s0024,1.0
2023-01-10 09:15:00,s0024,1.0000000002298384
2023-01-10 09:30:00,s0024,0.9486612093118696
2023-01-10 09:45:00,s0024,0.8611539729223712
2023-01-10 10:00:00,s0024,0.8569255701171808
2023-01-10 10:15:00,s0024,0.8718412680015946
2023-01-10 10:30:00,s0024,0.9006233152587035
2023-01-10 10:45:00,s0024,0.7953601577046114
2023-01-10 11:00:00,s0024,0.763864440128524
2023-01-10 11:15:00,s0024,0.8214354753845273
2023-01-10 11:30:00,s0024,0.7161723180401296
2023-01-10 11:45:00,s0024,0.6718242869922111
2023-01-10 12:00:00,s0024,0.7017572618335662
2023-01-10 12:15:00,s0024,0.7200367480205507
2023-01-10 12:30:00,s0024,0.7321295253917532
2023-01-10 12:45:00,s0024,0.7230056775828475
2023-01-10 13:00:00,s0024,0.7342025326750377
2023-01-10 13:15:00,s0024,0.7290540365865561
2023-01-10 13:30:00,s0024,0.7306755346412566
2023-01-10 13:45:00,s0024,0.6935108716079724
2023-01-10 14:00:00,s0024,0.6339675007972401
2023-01-10 14:15:00,s0024,0.6167679881443726
2023-01-10 14:30:00,s0024,0.5741319526647198
2023-01-10 14:45:00,s0024,0.5809179986405932
2023-01-10 15:00:00,s0024,0.6256817043025287
2023-01-10 15:15:00,s0024,0.660330108240867
2023-01-10 15:30:00,s0024,0.6503964724232663
2023-01-10 15:45:00,s0024,0.5451333151565669
2023-01-10 16:00:00,s0024,0.5986126301547388
2023-01-10 16:15:00,s0024,0.6379868093885261
2023-01-10 16:30:00,s0024,0.627229927483983
2023-01-10 16:45:00,s0024,0.615956148187767
2023-01-10 17:00:00,s0024,0.6869743984912914
2023-01-10 17:15:00,s0024,0.6246527300195406
2023-01-10 17:30:00,s0024,0.6214631451550066
2023-01-10 17:45:00,s0024,0.6628608076771321
2023-01-10 18:00:00,s0024,0.5973260991511493
2023-01-10 18:15:00,s0024,0.5729560123713915
2023-01-10 18:30:00,s0024,0.567010549494471
2023-01-10 18:45:00,s0024,0.4870966166462955
2023-01-10 19:00:00,s0024,0.4163219041946917
2023-01-10 19:15:00,s0024,0.3517210228923083
2023-01-10 19:30:00,s0024,0.36764460806945465
2023-01-10 19:45:00,s0024,0.059291521341439446
2023-01-10 20:00:00,s0024,0.0
2023-01-10 20:15:00,s0024,0.0
2023-01-10 20:30:00,s0024,0.013739340415332424
2023-01-10 20:45:00,s0024,0.05009739965122628
2023-01-10 21:00:00,s0024,0.04541358818163388
2023-01-10 21:15:00,s0024,0.07419037597090566
2023-01-10 21:30:00,s0024,0.05944205890302451
2023-01-10 21:45:00,s0024,0.0
2023-01-10 22:00:00,s0024,0.024305140469111808
2023-01-10 22:15:00,s0024,0.023757978511849576
2023-01-10 22:30:00,s0024,0.029504554091837998
2023-01-10 22:45:00,s0024,0.0
2023-01-10 23:00:00,s0024,0.022717349132464426
2023-01-10 23:15:00,s0024,0.03305113859652781
2023-01-10 23:30:00,s0024,0.007877613517455528
2023-01-10 23:45:00,s0024,0.0
2023-01-10 00:00:00,s0025,0.493426953907893
2023-01-10 00:15:00,s0025,0.4727465127730182
2023-01-10 00:30:00,s0025,0.43527405201938835
2023-01-10 00:45:00,s0025,0.4471697942792124
2023-01-10 01:00:00,s0025,0.4926791641468038
2023-01-10 01:15:00,s0025,0.49258962176417553
2023-01-10 01:30:00,s0025,0.5281744854522982
2023-01-10 01:45:00,s0025,0.49494492757916586
2023-01-10 02:00:00,s0025,0.4653198747079944
2023-01-10 02:15:00,s0025,0.5603199321815175
2023-01-10 02:30:00,s0025,0.5182455447242509
2023-01-10 02:45:00,s0025,0.5682758818625104
2023-01-10 03:00:00,s0025,0.6571655133126699
2023-01-10 03:15:00,s0025,0.7282922817520014
2023-01-10 03:30:00,s0025,0.8925424204834479
2023-01-10 03:45:00,s0025,1.0
2023-01-10 04:00:00,s0025,1.0
2023-01-10 04:15:00,s0025,0.9803557771540289
2023-01-10 04:30:00,s0025,0.9896089539807832
2023-01-10 04:45:00,s0025,1.0
2023-01-10 05:00:00,s0025,1.000000003327991
2023-01-10 05:15:00,s0025,0.9861618680136803
2023-01-10 05:30:00,s0025,1.0
2023-01-10 05:45:00,s0025,0.9787623504640836
2023-01-10 06:00:00,s0025,0.9767800200578769
2023-01-10 06:15:00,s0025,1.0
2023-01-10 06:30:00,s0025,0.9891324209751675
2023-01-10 06:45:00,s0025,1.0
2023-01-10 07:00:00,s0025,1.000000000244096
2023-01-10 07:15:00,s0025,1.0000000004893737
2023-01-10 07:30:00,s0025,1.0000000007353136
2023-01-10 07:45:00,s0025,1.000000000982912
2023-01-10 08:00:00,s0025,1.0000000011604888
2023-01-10 08:15:00,s0025,1.000000001338736
2023-01-10 08:30:00,s0025,1.0000000015176544
2023-01-10 08:45:00,s0025,1.0000000016972441
2023-01-10 09:00:00,s0025,1.0000000019256936
2023-01-10 09:15:00,s0025,1.000000002155532
2023-01-10 09:30:00,s0025,1.0000000023865407
2023-01-10 09:45:00,s0025,0.9646152094897065
2023-01-10 10:00:00,s0025,1.0
2023-01-10 10:15:00,s0025,1.000000000335024
2023-01-10 10:30:00,s0025,1.000000000672615
2023-01-10 10:45:00,s0025,0.9902761346353111
2023-01-10 11:00:00,s0025,1.0
2023-01-10 11:15:00,s0025,1.0000000005449143
2023-01-10 11:30:00,s0025,0.9443290838355272
2023-01-10 11:45:00,s0025,0.8390659264928446
2023-01-10 12:00:00,s0025,0.9140002759417448
2023-01-10 12:15:00,s0025,0.9647475036620534
2023-01-10 12:30:00,s0025,0.9123495432022241
2023-01-10 12:45:00,s0025,0.8087979606026929
2023-01-10 13:00:00,s0025,0.7205421930058313
2023-01-10 13:15:00,s0025,0.7207824834381038
2023-01-10 13:30:00,s0025,0.7115106246272063
2023-01-10 13:45:00,s0025,0.7753946600772816
2023-01-10 14:00:00,s0025,0.7806032233851494
2023-01-10 14:15:00,s0025,0.7588674163363539
2023-01-10 14:30:00,s0025,0.7289210603958964
2023-01-10 14:45:00,s0025,0.7765057174509313
2023-01-10 15:00:00,s0025,0.7845785579446269
2023-01-10 15:15:00,s0025,0.6898000725416034
2023-01-10 15:30:00,s0025,0.7440355817087294
2023-01-10 15:45:00,s0025,0.781458087179143
2023-01-10 16:00:00,s0025,0.8524809840045002
2023-01-10 16:15:00,s0025,0.8178694068465912
2023-01-10 16:30:00,s0025,0.7924568000603405
2023-01-10 16:45:00,s0025,0.7689961696521211
2023-01-10 17:00:00,s0025,0.8181373167255017
2023-01-10 17:15:00,s0025,0.8275797005426957
2023-01-10 17:30:00,s0025,0.8600871587062573
2023-01-10 17:45:00,s0025,0.8760720938823312
2023-01-10 18:00:00,s0025,0.7899030016699733
2023-01-10 18:15:00,s0025,0.8519176963341697
2023-01-10 18:30:00,s0025,0.7650521325906001
2023-01-10 18:45:00,s0025,0.6607059604863965
2023-01-10 19:00:00,s0025,0.5918221074236799
2023-01-10 19:15:00,s0025,0.521964709658063
2023-01-10 19:30:00,s0025,0.5608251308727958
2023-01-10 19:45:00,s0025,0.3457722041887955
2023-01-10 20:00:00,s0025,0.3302924478356414
2023-01-10 20:15:00,s0025,0.22911109120456846
2023-01-10 20:30:00,s0025,0.22166219623492622
2023-01-10 20:45:00,s0025,0.17781865511696582
2023-01-10 21:00:00,s0025,0.175048814535177
2023-01-10 21:15:00,s0025,0.20591280645955348
2023-01-10 21:30:00,s0025,0.22849873091955655
2023-01-10 21:45:00,s0025,0.23421991796731081
2023-01-10 22:00:00,s0025,0.25074791769346344
2023-01-10 22:15:00,s0025,0.2123441845749916
2023-01-10 22:30:00,s0025,0.2229703064078296
2023-01-10 22:45:00,s0025,0.19294530673705734
2023-01-10 23:00:00,s0025,0.2608961923884981
2023-01-10 23:15:00,s0025,0.27663720092727834
2023-01-10 23:30:00,s0025,0.20921350843717995
2023-01-10 23:45:00,s0025,0.2688057804314563
2023-01-10 00:00:00,s0026,0.4984841931534369
2023-01-10 00:15:00,s0026,0.5354821736437431
2023-01-10 00:30:00,s0026,0.43264034822241626
2023-01-10 00:45:00,s0026,0.48617639969308307
2023-01-10 01:00:00,s0026,0.38091329819295255
2023-01-10 01:15:00,s0026,0.41326663146631937
2023-01-10 01:30:00,s0026,0.43206488742904076
2023-01-10 01:45:00,s0026,0.43855103856107636
2023-01-10 02:00:00,s0026,0.46733981265355784
2023-01-10 02:15:00,s0026,0.3945824090520469
2023-01-10 02:30:00,s0026,0.4275100161788426
2023-01-10 02:45:00,s0026,0.46978759201139897
2023-01-10 03:00:00,s0026,0.6285196111314695
2023-01-10 03:15:00,s0026,0.7492057352274555
2023-01-10 03:30:00,s0026,0.8736080945014579
2023-01-10 03:45:00,s0026,1.0
2023-01-10 04:00:00,s0026,1.0
2023-01-10 04:15:00,s0026,1.0
2023-01-10 04:30:00,s0026,1.0
2023-01-10 04:45:00,s0026,0.8947397598816608
2023-01-10 05:00:00,s0026,0.8983653349442388
2023-01-10 05:15:00,s0026,0.8476290991129228
2023-01-10 05:30:00,s0026,0.9118935941618161
2023-01-10 05:45:00,s0026,0.9036883868486852
2023-01-10 06:00:00,s0026,0.9324063784912621
2023-01-10 06:15:00,s0026,0.9190276460833253
2023-01-10 06:30:00,s0026,0.921349936034594
2023-01-10 06:45:00,s0026,0.8764095188715988
2023-01-10 07:00:00,s0026,0.9102134699749242
2023-01-10 07:15:00,s0026,0.872207284388398
2023-01-10 07:30:00,s0026,0.8454861319584805
2023-01-10 07:45:00,s0026,0.8148484221756724
2023-01-10 08:00:00,s0026,0.7749118527685246
2023-01-10 08:15:00,s0026,0.7872737059746344
2023-01-10 08:30:00,s0026,0.7625293998817764
2023-01-10 08:45:00,s0026,0.8330806410063759
2023-01-10 09:00:00,s0026,0.8520605081051293
2023-01-10 09:15:00,s0026,0.7706652113323433
2023-01-10 09:30:00,s0026,0.79369003129564
2023-01-10 09:45:00,s0026,0.8074093166862311
2023-01-10 10:00:00,s0026,0.8167160972346195
2023-01-10 10:15:00,s0026,0.7478562560884725
2023-01-10 10:30:00,s0026,0.7549031610139829
2023-01-10 10:45:00,s0026,0.7627824512946293
2023-01-10 11:00:00,s0026,0.722697794053331
2023-01-10 11:15:00,s0026,0.8069596374548718
2023-01-10 11:30:00,s0026,0.8337944731730947
2023-01-10 11:45:00,s0026,0.8066403848283
2023-01-10 12:00:00,s0026,0.851936404840045
2023-01-10 12:15:00,s0026,0.7739322067512555
2023-01-10 12:30:00,s0026,0.755641767725225
2023-01-10 12:45:00,s0026,0.8506417689169226
2023-01-10 13:00:00,s0026,0.919610283261402
2023-01-10 13:15:00,s0026,0.9557676457971748
2023-01-10 13:30:00,s0026,0.9286907197569534
2023-01-10 13:45:00,s0026,0.8234275627331366
2023-01-10 14:00:00,s0026,0.7701821217870803
2023-01-10 14:15:00,s0026,0.7579630778529021
2023-01-10 14:30:00,s0026,0.6891742627974962
2023-01-10 14:45:00,s0026,0.657716821217338
2023-01-10 15:00:00,s0026,0.7527168215421645
2023-01-10 15:15:00,s0026,0.7456389116212321
2023-01-10 15:30:00,s0026,0.7713601387167708
2023-01-10 15:45:00,s0026,0.7139397377223566
2023-01-10 16:00:00,s0026,0.7612045169724811
2023-01-10 16:15:00,s0026,0.7169709393125713
2023-01-10 16:30:00,s0026,0.7524205431115684
2023-01-10 16:45:00,s0026,0.7395984449844493
2023-01-10 17:00:00,s0026,0.777084722869724
2023-01-10 17:15:00,s0026,0.8659589746933427
2023-01-10 17:30:00,s0026,0.8614645445270441
2023-01-10 17:45:00,s0026,0.9564645447325715
2023-01-10 18:00:00,s0026,0.8956737527360429
2023-01-10 18:15:00,s0026,0.9065365376392996
2023-01-10 18:30:00,s0026,0.8648386910640297
2023-01-10 18:45:00,s0026,0.7420225847865161
2023-01-10 19:00:00,s0026,0.7791537542154952
2023-01-10 19:15:00,s0026,0.6822814833972262
2023-01-10 19:30:00,s0026,0.6935400076484012
2023-01-10 19:45:00,s0026,0.4746181484219555
2023-01-10 20:00:00,s0026,0.3137769217096411
2023-01-10 20:15:00,s0026,0.21128585893240992
2023-01-10 20:30:00,s0026,0.2045808756219335
2023-01-10 20:45:00,s0026,0.2779124023274217
2023-01-10 21:00:00,s0026,0.25988070982861433
2023-01-10 21:15:00,s0026,0.3069475977210293
2023-01-10 21:30:00,s0026,0.3309532833621742
2023-01-10 21:45:00,s0026,0.28646221219420914
2023-01-10 22:00:00,s0026,0.28136576164794247
2023-01-10 22:15:00,s0026,0.25781114604536803
2023-01-10 22:30:00,s0026,0.2693416399195539
2023-01-10 22:45:00,s0026,0.22377117970873467
2023-01-10 23:00:00,s0026,0.2866251997818219
2023-01-10 23:15:00,s0026,0.2890480332773361
2023-01-10 23:30:00,s0026,0.3310991410214872
2023-01-10 23:45:00,s0026,0.2859656888439313
2023-01-10 00:00:00,s0027,0.4894215395379181
2023-01-10 00:15:00,s0027,0.41625134632239175
2023-01-10 00:30:00,s0027,0.4374214917606795
2023-01-10 00:45:00,s0027,0.35618344150173886
2023-01-10 01:00:00,s0027,0.3376716124735103
2023-01-10 01:15:00,s0027,0.3605757081375445
2023-01-10 01:30:00,s0027,0.36104287489679937
2023-01-10 01:45:00,s0027,0.2716657507145094
2023-01-10 02:00:00,s0027,0.30006232670066596
2023-01-10 02:15:00,s0027,0.31036230217648064
2023-01-10 02:30:00,s0027,0.35325594442984204
2023-01-10 02:45:00,s0027,0.44825600654760134
2023-01-10 03:00:00,s0027,0.6332424665499236
2023-01-10 03:15:00,s0027,0.7477005521305431
2023-01-10 03:30:00,s0027,0.8688981760924197
2023-01-10 03:45:00,s0027,0.9833564674846258
2023-01-10 04:00:00,s0027,1.0
2023-01-10 04:15:00,s0027,1.0
2023-01-10 04:30:00,s0027,0.9470001610650406
2023-01-10 04:45:00,s0027,1.0
2023-01-10 05:00:00,s0027,1.000000003327991
2023-01-10 05:15:00,s0027,0.9953013236281766
2023-01-10 05:30:00,s0027,1.0
2023-01-10 05:45:00,s0027,0.89473684743232
2023-01-10 06:00:00,s0027,0.8233618597239893
2023-01-10 06:15:00,s0027,0.8625082016269534
2023-01-10 06:30:00,s0027,0.8854838129948768
2023-01-10 06:45:00,s0027,0.8895825310309824
2023-01-10 07:00:00,s0027,0.8853426066702509
2023-01-10 07:15:00,s0027,0.7800794490207916
2023-01-10 07:30:00,s0027,0.8211001969721625
2023-01-10 07:45:00,s0027,0.715837039325024
2023-01-10 08:00:00,s0027,0.6735613429431384
2023-01-10 08:15:00,s0027,0.6984980426456024
2023-01-10 08:30:00,s0027,0.7235229209060507
2023-01-10 08:45:00,s0027,0.658605453719894
2023-01-10 09:00:00,s0027,0.664000865487961
2023-01-10 09:15:00,s0027,0.6730997363524287
2023-01-10 09:30:00,s0027,0.7680997365834376
2023-01-10 09:45:00,s0027,0.662836578920744
2023-01-10 10:00:00,s0027,0.6539802676614642
2023-01-10 10:15:00,s0027,0.7489802679964882
2023-01-10 10:30:00,s0027,0.7383561339043117
2023-01-10 10:45:00,s0027,0.7993393953555479
2023-01-10 11:00:00,s0027,0.778873638756002
2023-01-10 11:15:00,s0027,0.8738736393009164
2023-01-10 11:30:00,s0027,0.7686104819565187
2023-01-10 11:45:00,s0027,0.7415865914267576
2023-01-10 12:00:00,s0027,0.7894619372397822
2023-01-10 12:15:00,s0027,0.8454477767210615
2023-01-10 12:30:00,s0027,0.9311847572412374
2023-01-10 12:45:00,s0027,0.8879837922598639
2023-01-10 13:00:00,s0027,0.8016650707567547
2023-01-10 13:15:00,s0027,0.6964019136908932
2023-01-10 13:30:00,s0027,0.6826272541814685
2023-01-10 13:45:00,s0027,0.7316840448647488
2023-01-10 14:00:00,s0027,0.824346531035856
2023-01-10 14:15:00,s0027,0.841090126965713
2023-01-10 14:30:00,s0027,0.7709558058546454
2023-01-10 14:45:00,s0027,0.7707701035553784
2023-01-10 15:00:00,s0027,0.7633512794801272
2023-01-10 15:15:00,s0027,0.7450638438556345
2023-01-10 15:30:00,s0027,0.6995965861603033
2023-01-10 15:45:00,s0027,0.7390373025214219
2023-01-10 16:00:00,s0027,0.7644017184731894
2023-01-10 16:15:00,s0027,0.8392088123617542
2023-01-10 16:30:00,s0027,0.8316868978097617
2023-01-10 16:45:00,s0027,0.7277984239961596
2023-01-10 17:00:00,s0027,0.7444286145672443
2023-01-10 17:15:00,s0027,0.720506204575194
2023-01-10 17:30:00,s0027,0.8155062047793669
2023-01-10 17:45:00,s0027,0.7823840793043564
2023-01-10 18:00:00,s0027,0.7502519613334172
2023-01-10 18:15:00,s0027,0.7397060910116057
2023-01-10 18:30:00,s0027,0.7440488178532868
2023-01-10 18:45:00,s0027,0.5962496304465831
2023-01-10 19:00:00,s0027,0.6326775338710411
2023-01-10 19:15:00,s0027,0.5371308063051765
2023-01-10 19:30:00,s0027,0.5652758306125526
2023-01-10 19:45:00,s0027,0.3435322180326268
2023-01-10 20:00:00,s0027,0.3286315510015043
2023-01-10 20:15:00,s0027,0.3333435302677574
2023-01-10 20:30:00,s0027,0.38906400435923333
2023-01-10 20:45:00,s0027,0.34950461366407315
2023-01-10 21:00:00,s0027,0.2729627168973907
2023-01-10 21:15:00,s0027,0.3679627200119555
2023-01-10 21:30:00,s0027,0.375314957109021
2023-01-10 21:45:00,s0027,0.4212697983232449
2023-01-10 22:00:00,s0027,0.5162698000551049
2023-01-10 22:15:00,s0027,0.4508828786477555
2023-01-10 22:30:00,s0027,0.4431609905561516
2023-01-10 22:45:00,s0027,0.49842656375515115
2023-01-10 23:00:00,s0027,0.5407395121605822
2023-01-10 23:15:00,s0027,0.5025327540195494
2023-01-10 23:30:00,s0027,0.49778690470538267
2023-01-10 23:45:00,s0027,0.48142690664677085
2023-01-10 00:00:00,s0028,0.49710140550420945
2023-01-10 00:15:00,s0028,0.532946056180269
2023-01-10 00:30:00,s0028,0.4803762479919623
2023-01-10 00:45:00,s0028,0.4090255255393761
2023-01-10 01:00:00,s0028,0.4244448768141691
2023-01-10 01:15:00,s0028,0.3395252793109252
2023-01-10 01:30:00,s0028,0.36774639682265353
2023-01-10 01:45:00,s0028,0.4521543138352231
2023-01-10 02:00:00,s0028,0.5053869612570053
2023-01-10 02:15:00,s0028,0.536638586931017
2023-01-10 02:30:00,s0028,0.45078186324066183
2023-01-10 02:45:00,s0028,0.44850753914390784
2023-01-10 03:00:00,s0028,0.46795203937681024
2023-01-10 03:15:00,s0028,0.6472761049164529
2023-01-10 03:30:00,s0028,0.8664581436659569
2023-01-10 03:45:00,s0028,1.0
2023-01-10 04:00:00,s0028,0.9568638518144966
2023-01-10 04:15:00,s0028,1.0
2023-01-10 04:30:00,s0028,1.0
2023-01-10 04:45:00,s0028,0.9985660469006722
2023-01-10 05:00:00,s0028,1.0
2023-01-10 05:15:00,s0028,1.000000003474264
2023-01-10 05:30:00,s0028,1.0000000071665816
2023-01-10 05:45:00,s0028,1.0
2023-01-10 06:00:00,s0028,1.0000000004314695
2023-01-10 06:15:00,s0028,0.9685166729969253
2023-01-10 06:30:00,s0028,0.9228285778288814
2023-01-10 06:45:00,s0028,0.907092403650827
2023-01-10 07:00:00,s0028,0.8549374124286755
2023-01-10 07:15:00,s0028,0.9099518400406695
2023-01-10 07:30:00,s0028,0.8893799721469435
2023-01-10 07:45:00,s0028,0.8339386625536123
2023-01-10 08:00:00,s0028,0.7557383754388827
2023-01-10 08:15:00,s0028,0.7403105614237014
2023-01-10 08:30:00,s0028,0.7825676180718566
2023-01-10 08:45:00,s0028,0.8775676182514462
2023-01-10 09:00:00,s0028,0.8810269996643867
2023-01-10 09:15:00,s0028,0.8784002057671085
2023-01-10 09:30:00,s0028,0.9393454641604966
2023-01-10 09:45:00,s0028,1.0
2023-01-10 10:00:00,s0028,1.0000000003330687
2023-01-10 10:15:00,s0028,1.0000000006680927
2023-01-10 10:30:00,s0028,0.9480191424557038
2023-01-10 10:45:00,s0028,1.0
2023-01-10 11:00:00,s0028,0.9851960407875683
2023-01-10 11:15:00,s0028,1.0
2023-01-10 11:30:00,s0028,1.000000000550339
2023-01-10 11:45:00,s0028,0.8947368432076568
2023-01-10 12:00:00,s0028,0.8513775420984964
2023-01-10 12:15:00,s0028,0.8186391639656584
2023-01-10 12:30:00,s0028,0.7524060373717654
2023-01-10 12:45:00,s0028,0.647142880668726
2023-01-10 13:00:00,s0028,0.6065661489686828
2023-01-10 13:15:00,s0028,0.5737231438566465
2023-01-10 13:30:00,s0028,0.6364029588057734
2023-01-10 13:45:00,s0028,0.6170769220872501
2023-01-10 14:00:00,s0028,0.6132078341015528
2023-01-10 14:15:00,s0028,0.6847322002142318
2023-01-10 14:30:00,s0028,0.6500605843871469
2023-01-10 14:45:00,s0028,0.6821153642216509
2023-01-10 15:00:00,s0028,0.7137929148088697
2023-01-10 15:15:00,s0028,0.7148150765450444
2023-01-10 15:30:00,s0028,0.627444757093077
2023-01-10 15:45:00,s0028,0.5723241338856291
2023-01-10 16:00:00,s0028,0.631541648205388
2023-01-10 16:15:00,s0028,0.6048261883781608
2023-01-10 16:30:00,s0028,0.6446208610723829
2023-01-10 16:45:00,s0028,0.601407604234888
2023-01-10 17:00:00,s0028,0.6097248952826451
2023-01-10 17:15:00,s0028,0.5862903880289113
2023-01-10 17:30:00,s0028,0.5364134145265016
2023-01-10 17:45:00,s0028,0.6096489007322519
2023-01-10 18:00:00,s0028,0.5556613665736456
2023-01-10 18:15:00,s0028,0.5225054549641333
2023-01-10 18:30:00,s0028,0.5572441919499322
2023-01-10 18:45:00,s0028,0.46919682686541864
2023-01-10 19:00:00,s0028,0.4918582045503402
2023-01-10 19:15:00,s0028,0.4504975011617606
2023-01-10 19:30:00,s0028,0.4942245684398658
2023-01-10 19:45:00,s0028,0.3117052178860744
2023-01-10 20:00:00,s0028,0.1404829833393067
2023-01-10 20:15:00,s0028,0.09058974408554799
2023-01-10 20:30:00,s0028,0.10395510781099271
2023-01-10 20:45:00,s0028,0.1209757716962303
2023-01-10 21:00:00,s0028,0.09693439159886191
2023-01-10 21:15:00,s0028,0.09001730061039903
2023-01-10 21:30:00,s0028,0.05680864013884812
2023-01-10 21:45:00,s0028,0.02593327742298701
2023-01-10 22:00:00,s0028,0.016552022637712105
2023-01-10 22:15:00,s0028,0.03985514391282641
2023-01-10 22:30:00,s0028,0.10036148254919675
2023-01-10 22:45:00,s0028,0.086413137795952
2023-01-10 23:00:00,s0028,0.07426451764989511
2023-01-10 23:15:00,s0028,0.15877745230977347
2023-01-10 23:30:00,s0028,0.19331120497626925
2023-01-10 23:45:00,s0028,0.18913520931679917
2023-01-10 00:00:00,s0029,0.5420919983454947
2023-01-10 00:15:00,s0029,0.5383426891669358
2023-01-10 00:30:00,s0029,0.4486517440803752
2023-01-10 00:45:00,s0029,0.4128830455845054
2023-01-10 01:00:00,s0029,0.4215082093081478
2023-01-10 01:15:00,s0029,0.41609537677978126
2023-01-10 01:30:00,s0029,0.46688639829355694
2023-01-10 01:45:00,s0029,0.5434755006957521
2023-01-10 02:00:00,s0029,0.5798504199637865
2023-01-10 02:15:00,s0029,0.627009095717903
2023-01-10 02:30:00,s0029,0.5740555694946823
2023-01-10 02:45:00,s0029,0.5506105693209514
2023-01-10 03:00:00,s0029,0.6556048311461051
2023-01-10 03:15:00,s0029,0.7638914319978587
2023-01-10 03:30:00,s0029,0.8984139442878558
2023-01-10 03:45:00,s0029,1.0
2023-01-10 04:00:00,s0029,1.0
2023-01-10 04:15:00,s0029,1.0
2023-01-10 04:30:00,s0029,0.9380017006784429
2023-01-10 04:45:00,s0029,0.9185738520261616
2023-01-10 05:00:00,s0029,0.9110012251178978
2023-01-10 05:15:00,s0029,0.9020402394952147
2023-01-10 05:30:00,s0029,0.9718923511855422
2023-01-10 05:45:00,s0029,0.9903001949135831
2023-01-10 06:00:00,s0029,1.0
2023-01-10 06:15:00,s0029,1.000000000434741
2023-01-10 06:30:00,s0029,1.0000000008754104
2023-01-10 06:45:00,s0029,1.000000001317936
2023-01-10 07:00:00,s0029,1.000000001562032
2023-01-10 07:15:00,s0029,0.9348069842749225
2023-01-10 07:30:00,s0029,0.8704480964913474
2023-01-10 07:45:00,s0029,0.8987770172879823
2023-01-10 08:00:00,s0029,0.9259352788840203
2023-01-10 08:15:00,s0029,0.8657681145265277
2023-01-10 08:30:00,s0029,0.8698498504515393
2023-01-10 08:45:00,s0029,0.8425605780281605
2023-01-10 09:00:00,s0029,0.8367440164492438
2023-01-10 09:15:00,s0029,0.8164810519169372
2023-01-10 09:30:00,s0029,0.7390404152063155
2023-01-10 09:45:00,s0029,0.6337772575436218
2023-01-10 10:00:00,s0029,0.6002559538388506
2023-01-10 10:15:00,s0029,0.4949927962791376
2023-01-10 10:30:00,s0029,0.5183364485682069
2023-01-10 10:45:00,s0029,0.45908079455297846
2023-01-10 11:00:00,s0029,0.38381287914397255
2023-01-10 11:15:00,s0029,0.39327193049501186
2023-01-10 11:30:00,s0029,0.31073840225076454
2023-01-10 11:45:00,s0029,0.27494797357340184
2023-01-10 12:00:00,s0029,0.18748536230067647
2023-01-10 12:15:00,s0029,0.241213304156781
2023-01-10 12:30:00,s0029,0.22473534276749318
2023-01-10 12:45:00,s0029,0.18998345567290875
2023-01-10 13:00:00,s0029,0.28498345648413026
2023-01-10 13:15:00,s0029,0.28728288270843627
2023-01-10 13:30:00,s0029,0.19597708388628254
2023-01-10 13:45:00,s0029,0.15292424661841597
2023-01-10 14:00:00,s0029,0.1504618624741617
2023-01-10 14:15:00,s0029,0.056650495282092095
2023-01-10 14:30:00,s0029,0.1321420455210921
2023-01-10 14:45:00,s0029,0.12230269377237879
2023-01-10 15:00:00,s0029,0.06571736783197502
2023-01-10 15:15:00,s0029,0.08877085790819383
2023-01-10 15:30:00,s0029,0.026408278851221656
2023-01-10 15:45:00,s0029,0.0
2023-01-10 16:00:00,s0029,0.0
2023-01-10 16:15:00,s0029,0.0
2023-01-10 16:30:00,s0029,0.06806406167044976
2023-01-10 16:45:00,s0029,0.08335649951406165
2023-01-10 17:00:00,s0029,0.08953569522482818
2023-01-10 17:15:00,s0029,0.04784872468416679
2023-01-10 17:30:00,s0029,0.0
2023-01-10 17:45:00,s0029,0.0
2023-01-10 18:00:00,s0029,0.0
2023-01-10 18:15:00,s0029,0.0
2023-01-10 18:30:00,s0029,0.0
2023-01-10 18:45:00,s0029,0.0
2023-01-10 19:00:00,s0029,0.0
2023-01-10 19:15:00,s0029,0.0
2023-01-10 19:30:00,s0029,0.08398074588011262
2023-01-10 19:45:00,s0029,0.0
2023-01-10 20:00:00,s0029,0.0
2023-01-10 20:15:00,s0029,0.024036400762672328
2023-01-10 20:30:00,s0029,0.0
2023-01-10 20:45:00,s0029,0.048404335405020704
2023-01-10 21:00:00,s0029,0.06956014347507755
2023-01-10 21:15:00,s0029,0.11426047182903093
2023-01-10 21:30:00,s0029,0.07353302119083144
2023-01-10 21:45:00,s0029,0.005358521772358127
2023-01-10 22:00:00,s0029,0.0
2023-01-10 22:15:00,s0029,0.039464908837803736
2023-01-10 22:30:00,s0029,0.0
2023-01-10 22:45:00,s0029,0.0773124728710275
2023-01-10 23:00:00,s0029,0.1758928953546906
2023-01-10 23:15:00,s0029,0.21473489345880764
2023-01-10 23:30:00,s0029,0.20081309272725406
2023-01-10 23:45:00,s0029,0.2059219220314069
2023-01-10 00:00:00,s0030,0.44761071594476576
2023-01-10 00:15:00,s0030,0.425222721382269
2023-01-10 00:30:00,s0030,0.41091232184253573
2023-01-10 00:45:00,s0030,0.36017663715852777
2023-01-10 01:00:00,s0030,0.38490946857046127
2023-01-10 01:15:00,s0030,0.27964636654676367
2023-01-10 01:30:00,s0030,0.3300744650761823
2023-01-10 01:45:00,s0030,0.3111235530668176
2023-01-10 02:00:00,s0030,0.3088111019037004
2023-01-10 02:15:00,s0030,0.29348480937349963
2023-01-10 02:30:00,s0030,0.325437184423806
2023-01-10 02:45:00,s0030,0.22017408864682841
2023-01-10 03:00:00,s0030,0.26689721278766954
2023-01-10 03:15:00,s0030,0.34839555644682885
2023-01-10 03:30:00,s0030,0.4829937247712994
2023-01-10 03:45:00,s0030,0.6211322622037209
2023-01-10 04:00:00,s0030,0.6457782521794015
2023-01-10 04:15:00,s0030,0.7146236595692801
2023-01-10 04:30:00,s0030,0.6776210238800175
2023-01-10 04:45:00,s0030,0.6775077801709792
2023-01-10 05:00:00,s0030,0.7370240409133899
2023-01-10 05:15:00,s0030,0.7714035223214742
2023-01-10 05:30:00,s0030,0.7969247560375754
2023-01-10 05:45:00,s0030,0.8276165629301351
2023-01-10 06:00:00,s0030,0.8622711542691924
2023-01-10 06:15:00,s0030,0.8730639237452108
2023-01-10 06:30:00,s0030,0.8596859403473047
2023-01-10 06:45:00,s0030,0.9049377476535753
2023-01-10 07:00:00,s0030,0.9190068142282979
2023-01-10 07:15:00,s0030,1.0
2023-01-10 07:30:00,s0030,1.00000000024594
2023-01-10 07:45:00,s0030,0.9507900180172055
2023-01-10 08:00:00,s0030,1.0
2023-01-10 08:15:00,s0030,1.0000000001782472
2023-01-10 08:30:00,s0030,0.9638388630695458
2023-01-10 08:45:00,s0030,0.904907450056601
2023-01-10 09:00:00,s0030,0.8565905658495878
2023-01-10 09:15:00,s0030,0.8465631544769875
2023-01-10 09:30:00,s0030,0.9128575542198423
2023-01-10 09:45:00,s0030,0.9779837916919136
2023-01-10 10:00:00,s0030,0.8727206341302456
2023-01-10 10:15:00,s0030,0.9175642967588071
2023-01-10 10:30:00,s0030,0.8631348183690895
2023-01-10 10:45:00,s0030,0.8432105600724918
2023-01-10 11:00:00,s0030,0.9192068717637901
2023-01-10 11:15:00,s0030,0.8139437144139676
2023-01-10 11:30:00,s0030,0.7212279479716135
2023-01-10 11:45:00,s0030,0.8162279485236679
2023-01-10 12:00:00,s0030,0.7878591467651774
2023-01-10 12:15:00,s0030,0.6825959899763325
2023-01-10 12:30:00,s0030,0.7041747705362816
2023-01-10 12:45:00,s0030,0.5989116138332424
2023-01-10 13:00:00,s0030,0.5660280863668833
2023-01-10 13:15:00,s0030,0.6363560079176306
2023-01-10 13:30:00,s0030,0.6791881189602555
2023-01-10 13:45:00,s0030,0.5739249619364387
2023-01-10 14:00:00,s0030,0.4786273964425529
2023-01-10 14:15:00,s0030,0.4123672505019409
2023-01-10 14:30:00,s0030,0.4278622640491979
2023-01-10 14:45:00,s0030,0.49004905392781906
2023-01-10 15:00:00,s0030,0.41136302178868933
2023-01-10 15:15:00,s0030,0.4565018092690064
2023-01-10 15:30:00,s0030,0.5323503888998303
2023-01-10 15:45:00,s0030,0.5610697403835719
2023-01-10 16:00:00,s0030,0.5265053481507306
2023-01-10 16:15:00,s0030,0.4722493848080296
2023-01-10 16:30:00,s0030,0.46957255952051014
2023-01-10 16:45:00,s0030,0.5185743628260538
2023-01-10 17:00:00,s0030,0.5778260331002498
2023-01-10 17:15:00,s0030,0.5956588960334803
2023-01-10 17:30:00,s0030,0.6896936817800252
2023-01-10 17:45:00,s0030,0.765511431807858
2023-01-10 18:00:00,s0030,0.7454978190549606
2023-01-10 18:15:00,s0030,0.7262184358212864
2023-01-10 18:30:00,s0030,0.7258429102208481
2023-01-10 18:45:00,s0030,0.6190769338282314
2023-01-10 19:00:00,s0030,0.5849637768480037
2023-01-10 19:15:00,s0030,0.5333615447477651
2023-01-10 19:30:00,s0030,0.5485021776730821
2023-01-10 19:45:00,s0030,0.26564844641829677
2023-01-10 20:00:00,s0030,0.14612180121700968
2023-01-10 20:15:00,s0030,0.06679510606506767
2023-01-10 20:30:00,s0030,0.02631300468917791
2023-01-10 20:45:00,s0030,0.03895641009591827
2023-01-10 21:00:00,s0030,0.0
2023-01-10 21:15:00,s0030,0.0
2023-01-10 21:30:00,s0030,0.0
2023-01-10 21:45:00,s0030,0.013000430342011315
2023-01-10 22:00:00,s0030,0.023969016570209556
2023-01-10 22:15:00,s0030,0.0
2023-01-10 22:30:00,s0030,0.0
2023-01-10 22:45:00,s0030,0.0
2023-01-10 23:00:00,s0030,0.0
2023-01-10 23:15:00,s0030,0.0
2023-01-10 23:30:00,s0030,0.0
2023-01-10 23:45:00,s0030,0.05090612204880346
2023-01-10 00:00:00,s0031,0.5054331373450996
2023-01-10 00:15:00,s0031,0.5574116766675442
2023-01-10 00:30:00,s0031,0.5323953869947612
2023-01-10 00:45:00,s0031,0.5838521962448515
2023-01-10 01:00:00,s0031,0.6102296653549381
2023-01-10 01:15:00,s0031,0.593276718703778
2023-01-10 01:30:00,s0031,0.517552016190295
2023-01-10 01:45:00,s0031,0.5696516524023834
2023-01-10 02:00:00,s0031,0.5648637137849005
2023-01-10 02:15:00,s0031,0.5989075721089212
2023-01-10 02:30:00,s0031,0.5864418849327971
2023-01-10 02:45:00,s0031,0.4811787891558196
2023-01-10 03:00:00,s0031,0.6089762677279968
2023-01-10 03:15:00,s0031,0.7248140300249497
2023-01-10 03:30:00,s0031,0.7832873863126175
2023-01-10 03:45:00,s0031,0.9441627443849546
2023-01-10 04:00:00,s0031,0.9535735422520224
2023-01-10 04:15:00,s0031,0.9743636284963169
2023-01-10 04:30:00,s0031,0.9626480853869691
2023-01-10 04:45:00,s0031,0.9574945912919753
2023-01-10 05:00:00,s0031,0.9372039085690494
2023-01-10 05:15:00,s0031,1.0
2023-01-10 05:30:00,s0031,1.0000000036923176
2023-01-10 05:45:00,s0031,0.8947368511246375
2023-01-10 06:00:00,s0031,0.9453526250300164
2023-01-10 06:15:00,s0031,0.9528366856235794
2023-01-10 06:30:00,s0031,0.8475735281695121
2023-01-10 06:45:00,s0031,0.848570059125361
2023-01-10 07:00:00,s0031,0.8050505005702313
2023-01-10 07:15:00,s0031,0.875244601535143
2023-01-10 07:30:00,s0031,0.9145145542476069
2023-01-10 07:45:00,s0031,0.9874370821658471
2023-01-10 08:00:00,s0031,1.0
2023-01-10 08:15:00,s0031,1.0000000001782472
2023-01-10 08:30:00,s0031,1.0000000003571654
2023-01-10 08:45:00,s0031,0.9624711170002233
2023-01-10 09:00:00,s0031,1.0
2023-01-10 09:15:00,s0031,0.9299474336365134
2023-01-10 09:30:00,s0031,0.872692208680226
2023-01-10 09:45:00,s0031,0.9644447998998048
2023-01-10 10:00:00,s0031,0.9953386716591496
2023-01-10 10:15:00,s0031,1.0
2023-01-10 10:30:00,s0031,0.9627439050510119
2023-01-10 10:45:00,s0031,0.9287701237372257
2023-01-10 11:00:00,s0031,0.8235069663785121
2023-01-10 11:15:00,s0031,0.7371390055612574
2023-01-10 11:30:00,s0031,0.7619784206528822
2023-01-10 11:45:00,s0031,0.6567152633101998
2023-01-10 12:00:00,s0031,0.630537055668269
2023-01-10 12:15:00,s0031,0.6758824152858097
2023-01-10 12:30:00,s0031,0.7708824164267881
2023-01-10 12:45:00,s0031,0.6976935894081884
2023-01-10 13:00:00,s0031,0.768063551688379
2023-01-10 13:15:00,s0031,0.7086664087735997
2023-01-10 13:30:00,s0031,0.6034032517275156
2023-01-10 13:45:00,s0031,0.5312496076451287
2023-01-10 14:00:00,s0031,0.5287691111898503
2023-01-10 14:15:00,s0031,0.5216266664702032
2023-01-10 14:30:00,s0031,0.5827973033725393
2023-01-10 14:45:00,s0031,0.6554452820805317
2023-01-10 15:00:00,s0031,0.7504452824053581
2023-01-10 15:15:00,s0031,0.8277962953348443
2023-01-10 15:30:00,s0031,0.8851937749021372
2023-01-10 15:45:00,s0031,0.8817777781106833
2023-01-10 16:00:00,s0031,0.8848084385563528
2023-01-10 16:15:00,s0031,0.9075883034178932
2023-01-10 16:30:00,s0031,0.9622041572476335
2023-01-10 16:45:00,s0031,1.0
2023-01-10 17:00:00,s0031,1.0000000002018272
2023-01-10 17:15:00,s0031,1.0000000004048257
2023-01-10 17:30:00,s0031,1.0000000006089984
2023-01-10 17:45:00,s0031,1.0000000008145258
2023-01-10 18:00:00,s0031,1.000000001040656
2023-01-10 18:15:00,s0031,1.0000000012711352
2023-01-10 18:30:00,s0031,0.9887682011181743
2023-01-10 18:45:00,s0031,0.9680777436227567
2023-01-10 19:00:00,s0031,1.0
2023-01-10 19:15:00,s0031,0.9513139135246659
2023-01-10 19:30:00,s0031,0.9981880384134371
2023-01-10 19:45:00,s0031,0.7296983544620268
2023-01-10 20:00:00,s0031,0.5989050782242845
2023-01-10 20:15:00,s0031,0.49561375693891185
2023-01-10 20:30:00,s0031,0.4920622876634668
2023-01-10 20:45:00,s0031,0.5459579898671482
2023-01-10 21:00:00,s0031,0.4587619525826144
2023-01-10 21:15:00,s0031,0.50107398642811
2023-01-10 21:30:00,s0031,0.555092146424245
2023-01-10 21:45:00,s0031,0.48678814392248315
2023-01-10 22:00:00,s0031,0.5290792136920548
2023-01-10 22:15:00,s0031,0.5847962311142476
2023-01-10 22:30:00,s0031,0.6797962330160204
2023-01-10 22:45:00,s0031,0.6883469911458231
2023-01-10 23:00:00,s0031,0.7094244960968143
2023-01-10 23:15:00,s0031,0.6758503808977077
2023-01-10 23:30:00,s0031,0.6626657391158639
2023-01-10 23:45:00,s0031,0.6603017388902964
2023-01-10 00:00:00,s0032,0.4926611135284423
2023-01-10 00:15:00,s0032,0.516866272309024
2023-01-10 00:30:00,s0032,0.41160311634723845
2023-01-10 00:45:00,s0032,0.462775075664956
2023-01-10 01:00:00,s0032,0.5323621637715297
2023-01-10 01:15:00,s0032,0.5694107371608572
2023-01-10 01:30:00,s0032,0.5444387605074881
2023-01-10 01:45:00,s0032,0.6149801262095898
2023-01-10 02:00:00,s0032,0.709980185078849
2023-01-10 02:15:00,s0032,0.6948868248814146
2023-01-10 02:30:00,s0032,0.6664142118994534
2023-01-10 02:45:00,s0032,0.5703316043347659
2023-01-10 03:00:00,s0032,0.7234240717175362
2023-01-10 03:15:00,s0032,0.7779046636247855
2023-01-10 03:30:00,s0032,0.9458858035097306
2023-01-10 03:45:00,s0032,1.0
2023-01-10 04:00:00,s0032,0.9937853241555193
2023-01-10 04:15:00,s0032,1.0
2023-01-10 04:30:00,s0032,0.8947374506701672
2023-01-10 04:45:00,s0032,0.914403079325759
2023-01-10 05:00:00,s0032,0.9428420678113326
2023-01-10 05:15:00,s0032,0.9263578395857187
2023-01-10 05:30:00,s0032,0.9341477175538261
2023-01-10 05:45:00,s0032,0.828884564986146
2023-01-10 06:00:00,s0032,0.7687560928363046
2023-01-10 06:15:00,s0032,0.7804951408626136
2023-01-10 06:30:00,s0032,0.799767295864082
2023-01-10 06:45:00,s0032,0.7451572190735787
2023-01-10 07:00:00,s0032,0.7725609935009845
2023-01-10 07:15:00,s0032,0.8193028649007668
2023-01-10 07:30:00,s0032,0.8044500645551467
2023-01-10 07:45:00,s0032,0.8870579235170982
2023-01-10 08:00:00,s0032,0.852876656475414
2023-01-10 08:15:00,s0032,0.9478766566536612
2023-01-10 08:30:00,s0032,1.0
2023-01-10 08:45:00,s0032,1.0000000001795897
2023-01-10 09:00:00,s0032,0.9736178553612692
2023-01-10 09:15:00,s0032,0.9165446978331893
2023-01-10 09:30:00,s0032,0.9144583008690863
2023-01-10 09:45:00,s0032,0.8829814087342053
2023-01-10 10:00:00,s0032,0.836346077368157
2023-01-10 10:15:00,s0032,0.931346077703181
2023-01-10 10:30:00,s0032,0.9478482121900085
2023-01-10 10:45:00,s0032,0.9001213440017094
2023-01-10 11:00:00,s0032,0.972403531640337
2023-01-10 11:15:00,s0032,0.9596276341569517
2023-01-10 11:30:00,s0032,0.8543644768125541
2023-01-10 11:45:00,s0032,0.8520022019045035
2023-01-10 12:00:00,s0032,0.9470022030028348
2023-01-10 12:15:00,s0032,1.0
2023-01-10 12:30:00,s0032,0.9921893327470288
2023-01-10 12:45:00,s0032,1.0
2023-01-10 13:00:00,s0032,1.0000000008112215
2023-01-10 13:15:00,s0032,0.9942940657811352
2023-01-10 13:30:00,s0032,1.0
2023-01-10 13:45:00,s0032,0.9962266194398027
2023-01-10 14:00:00,s0032,1.0
2023-01-10 14:15:00,s0032,0.907824200226808
2023-01-10 14:30:00,s0032,0.9145252191204789
2023-01-10 14:45:00,s0032,0.854676968190325
2023-01-10 15:00:00,s0032,0.8622714613468163
2023-01-10 15:15:00,s0032,0.9395573780781457
2023-01-10 15:30:00,s0032,0.9986279024313739
2023-01-10 15:45:00,s0032,1.0
2023-01-10 16:00:00,s0032,0.9785947546352813
2023-01-10 16:15:00,s0032,0.9420027396746655
2023-01-10 16:30:00,s0032,0.962936392905524
2023-01-10 16:45:00,s0032,1.0
2023-01-10 17:00:00,s0032,0.9626149991645331
2023-01-10 17:15:00,s0032,1.0
2023-01-10 17:30:00,s0032,0.9087402702063767
2023-01-10 17:45:00,s0032,0.8794650575704157
2023-01-10 18:00:00,s0032,0.8019284319989076
2023-01-10 18:15:00,s0032,0.7639180444245126
2023-01-10 18:30:00,s0032,0.8264362881587881
2023-01-10 18:45:00,s0032,0.771836752525107
2023-01-10 19:00:00,s0032,0.855614055847067
2023-01-10 19:15:00,s0032,0.746239923198517
2023-01-10 19:30:00,s0032,0.8114842594484059
2023-01-10 19:45:00,s0032,0.6330440882529957
2023-01-10 20:00:00,s0032,0.5902244816736352
2023-01-10 20:15:00,s0032,0.4538434288108041
2023-01-10 20:30:00,s0032,0.4776587626498172
2023-01-10 20:45:00,s0032,0.4950429882007268
2023-01-10 21:00:00,s0032,0.47993575699962293
2023-01-10 21:15:00,s0032,0.4478529795258809
2023-01-10 21:30:00,s0032,0.49551979132596363
2023-01-10 21:45:00,s0032,0.4807143099444218
2023-01-10 22:00:00,s0032,0.5323871658408975
2023-01-10 22:15:00,s0032,0.5450238684475699
2023-01-10 22:30:00,s0032,0.5724104222042975
2023-01-10 22:45:00,s0032,0.48113187233886395
2023-01-10 23:00:00,s0032,0.5084951986723513
2023-01-10 23:15:00,s0032,0.5238914990045815
2023-01-10 23:30:00,s0032,0.47127890972151865
2023-01-10 23:45:00,s0032,0.4940114469980448
2023-01-10 00:00:00,s0033,0.4652636107563522
2023-01-10 00:15:00,s0033,0.49468583366750524
2023-01-10 00:30:00,s0033,0.5244779831432592
2023-01-10 00:45:00,s0033,0.5128094993475935
2023-01-10 01:00:00,s0033,0.55320427697183
2023-01-10 01:15:00,s0033,0.6174104541235217
2023-01-10 01:30:00,s0033,0.6096137370907235
2023-01-10 01:45:00,s0033,0.6902924721537953
2023-01-10 02:00:00,s0033,0.6349872520677232
2023-01-10 02:15:00,s0033,0.656453217967868
2023-01-10 02:30:00,s0033,0.6239813489676435
2023-01-10 02:45:00,s0033,0.5676330579136559
2023-01-10 03:00:00,s0033,0.6242623986233842
2023-01-10 03:15:00,s0033,0.6228664335246944
2023-01-10 03:30:00,s0033,0.7312180986995499
2023-01-10 03:45:00,s0033,0.9172749998434409
2023-01-10 04:00:00,s0033,0.9474877315779705
2023-01-10 04:15:00,s0033,1.0
2023-01-10 04:30:00,s0033,1.0
2023-01-10 04:45:00,s0033,1.0
2023-01-10 05:00:00,s0033,0.9927666924652624
2023-01-10 05:15:00,s0033,0.9628857885185539
2023-01-10 05:30:00,s0033,0.8942208019599895
2023-01-10 05:45:00,s0033,0.8736969243700767
2023-01-10 06:00:00,s0033,0.8838678352659444
2023-01-10 06:15:00,s0033,0.9074079006266123
2023-01-10 06:30:00,s0033,0.8588508797835108
2023-01-10 06:45:00,s0033,0.9451346683769463
2023-01-10 07:00:00,s0033,0.9175732596101445
2023-01-10 07:15:00,s0033,0.8859499195116605
2023-01-10 07:30:00,s0033,0.9127331515860377
2023-01-10 07:45:00,s0033,0.9322817762210395
2023-01-10 08:00:00,s0033,0.954057834099573
2023-01-10 08:15:00,s0033,0.9370480742858189
2023-01-10 08:30:00,s0033,0.9410376926904715
2023-01-10 08:45:00,s0033,0.9938645336548956
2023-01-10 09:00:00,s0033,0.8886013759886083
2023-01-10 09:15:00,s0033,0.8550130413347428
2023-01-10 09:30:00,s0033,0.8430168207886881
2023-01-10 09:45:00,s0033,0.8393799847122667
2023-01-10 10:00:00,s0033,0.7341168271505987
2023-01-10 10:15:00,s0033,0.7243996160195717
2023-01-10 10:30:00,s0033,0.693548031555542
2023-01-10 10:45:00,s0033,0.5882848740014499
2023-01-10 11:00:00,s0033,0.4830217166427363
2023-01-10 11:15:00,s0033,0.3777585592929139
2023-01-10 11:30:00,s0033,0.2724954019485163
2023-01-10 11:45:00,s0033,0.23171682398859017
2023-01-10 12:00:00,s0033,0.12645366719218454
2023-01-10 12:15:00,s0033,0.046195119586118105
2023-01-10 12:30:00,s0033,0.07006764099937213
2023-01-10 12:45:00,s0033,0.0
2023-01-10 13:00:00,s0033,0.0
2023-01-10 13:15:00,s0033,0.058931708231997226
2023-01-10 13:30:00,s0033,0.0
2023-01-10 13:45:00,s0033,0.0
2023-01-10 14:00:00,s0033,0.0
2023-01-10 14:15:00,s0033,0.018649527820906786
2023-01-10 14:30:00,s0033,0.0
2023-01-10 14:45:00,s0033,0.07741867543192571
2023-01-10 15:00:00,s0033,0.06558779567032136
2023-01-10 15:15:00,s0033,0.14426837372423318
2023-01-10 15:30:00,s0033,0.17830646105285863
2023-01-10 15:45:00,s0033,0.23253454863638356
2023-01-10 16:00:00,s0033,0.2691301644801737
2023-01-10 16:15:00,s0033,0.3135882965023413
2023-01-10 16:30:00,s0033,0.26036249341655215
2023-01-10 16:45:00,s0033,0.29558837259757154
2023-01-10 17:00:00,s0033,0.38046669998629123
2023-01-10 17:15:00,s0033,0.4071639533028779
2023-01-10 17:30:00,s0033,0.4660011433724689
2023-01-10 17:45:00,s0033,0.434582598745042
2023-01-10 18:00:00,s0033,0.36701145718165307
2023-01-10 18:15:00,s0033,0.27233355787587876
2023-01-10 18:30:00,s0033,0.36022117920194263
2023-01-10 18:45:00,s0033,0.30453408209837884
2023-01-10 19:00:00,s0033,0.3074100614666534
2023-01-10 19:15:00,s0033,0.29817622535876465
2023-01-10 19:30:00,s0033,0.3018454101820771
2023-01-10 19:45:00,s0033,0.11708795468214622
2023-01-10 20:00:00,s0033,0.031406085732854194
2023-01-10 20:15:00,s0033,0.01978452048010576
2023-01-10 20:30:00,s0033,0.039469165650981075
2023-01-10 20:45:00,s0033,0.03536787216952286
2023-01-10 21:00:00,s0033,0.014166208498611443
2023-01-10 21:15:00,s0033,0.026180773201315177
2023-01-10 21:30:00,s0033,0.1084241207464322
2023-01-10 21:45:00,s0033,0.12465033701845823
2023-01-10 22:00:00,s0033,0.21965033875031822
2023-01-10 22:15:00,s0033,0.1961449496994852
2023-01-10 22:30:00,s0033,0.23046156511280363
2023-01-10 22:45:00,s0033,0.2349023872669819
2023-01-10 23:00:00,s0033,0.18553125417026306
2023-01-10 23:15:00,s0033,0.19702563136259638
2023-01-10 23:30:00,s0033,0.1843561212761849
2023-01-10 23:45:00,s0033,0.129085340924172
2023-01-10 00:00:00,s0034,0.39473684210526316
2023-01-10 00:15:00,s0034,0.4062209953388583
2023-01-10 00:30:00,s0034,0.30852661497395195
2023-01-10 00:45:00,s0034,0.2353477849382073
2023-01-10 01:00:00,s0034,0.19864081123860228
2023-01-10 01:15:00,s0034,0.1966994998576197
2023-01-10 01:30:00,s0034,0.1737044127256454
2023-01-10 01:45:00,s0034,0.20216480179891427
2023-01-10 02:00:00,s0034,0.16942524344518495
2023-01-10 02:15:00,s0034,0.12615382928514374
2023-01-10 02:30:00,s0034,0.04245050975568171
2023-01-10 02:45:00,s0034,0.008729272370479768
2023-01-10 03:00:00,s0034,0.13615169730142318
2023-01-10 03:15:00,s0034,0.2463529915363667
2023-01-10 03:30:00,s0034,0.3086300559146512
2023-01-10 03:45:00,s0034,0.4496821273743632
2023-01-10 04:00:00,s0034,0.3444194066508415
2023-01-10 04:15:00,s0034,0.3351676021430371
2023-01-10 04:30:00,s0034,0.37005917201164085
2023-01-10 04:45:00,s0034,0.39264886554468503
2023-01-10 05:00:00,s0034,0.3881622644645769
2023-01-10 05:15:00,s0034,0.3684492504584167
2023-01-10 05:30:00,s0034,0.37549887464815734
2023-01-10 05:45:00,s0034,0.37485752941367156
2023-01-10 06:00:00,s0034,0.3340720090816168
2023-01-10 06:15:00,s0034,0.37233138108943775
2023-01-10 06:30:00,s0034,0.44085474213908205
2023-01-10 06:45:00,s0034,0.47592788154448074
2023-01-10 07:00:00,s0034,0.5184056747857722
2023-01-10 07:15:00,s0034,0.45359855159296036
2023-01-10 07:30:00,s0034,0.4912022556596928
2023-01-10 07:45:00,s0034,0.44979200478789905
2023-01-10 08:00:00,s0034,0.42165228000959154
2023-01-10 08:15:00,s0034,0.3683716912284477
2023-01-10 08:30:00,s0034,0.33850264034746713
2023-01-10 08:45:00,s0034,0.3620238974438864
2023-01-10 09:00:00,s0034,0.2604819350998474
2023-01-10 09:15:00,s0034,0.35548193532968575
2023-01-10 09:30:00,s0034,0.2939631618612595
2023-01-10 09:45:00,s0034,0.346402390690279
2023-01-10 10:00:00,s0034,0.3414761833315346
2023-01-10 10:15:00,s0034,0.23731243669303714
2023-01-10 10:30:00,s0034,0.16665866216865322
2023-01-10 10:45:00,s0034,0.2616586625092979
2023-01-10 11:00:00,s0034,0.21264689352570598
2023-01-10 11:15:00,s0034,0.2205597657208045
2023-01-10 11:30:00,s0034,0.17499565132896933
2023-01-10 11:45:00,s0034,0.06973249398628689
2023-01-10 12:00:00,s0034,0.13855571416333046
2023-01-10 12:15:00,s0034,0.05323800493991959
2023-01-10 12:30:00,s0034,0.0
2023-01-10 12:45:00,s0034,0.056515779679442324
2023-01-10 13:00:00,s0034,0.0
2023-01-10 13:15:00,s0034,0.07573624135452539
2023-01-10 13:30:00,s0034,0.07401782356017672
2023-01-10 13:45:00,s0034,0.1690178244310967
2023-01-10 14:00:00,s0034,0.09205803926841227
2023-01-10 14:15:00,s0034,0.09076014200213522
2023-01-10 14:30:00,s0034,0.015827538493026427
2023-01-10 14:45:00,s0034,0.06522011592924193
2023-01-10 15:00:00,s0034,0.0018094483754154123
2023-01-10 15:15:00,s0034,0.006602846652956185
2023-01-10 15:30:00,s0034,0.0
2023-01-10 15:45:00,s0034,0.0
2023-01-10 16:00:00,s0034,0.0
2023-01-10 16:15:00,s0034,0.0
2023-01-10 16:30:00,s0034,0.0
2023-01-10 16:45:00,s0034,0.0
2023-01-10 17:00:00,s0034,0.06209256498913973
2023-01-10 17:15:00,s0034,0.05526784811228025
2023-01-10 17:30:00,s0034,0.05844045458433911
2023-01-10 17:45:00,s0034,0.06230244333815793
2023-01-10 18:00:00,s0034,0.0822254178020565
2023-01-10 18:15:00,s0034,0.064143366501204
2023-01-10 18:30:00,s0034,0.0
2023-01-10 18:45:00,s0034,0.0
2023-01-10 19:00:00,s0034,0.0
2023-01-10 19:15:00,s0034,0.0
2023-01-10 19:30:00,s0034,0.0
2023-01-10 19:45:00,s0034,0.0
2023-01-10 20:00:00,s0034,0.0
2023-01-10 20:15:00,s0034,0.0
2023-01-10 20:30:00,s0034,0.0
2023-01-10 20:45:00,s0034,0.03754737955482257
2023-01-10 21:00:00,s0034,0.007379289738562
2023-01-10 21:15:00,s0034,0.022319709289224554
2023-01-10 21:30:00,s0034,0.0
2023-01-10 21:45:00,s0034,0.0
2023-01-10 22:00:00,s0034,0.09500000173185996
2023-01-10 22:15:00,s0034,0.014887706712702953
2023-01-10 22:30:00,s0034,0.0
2023-01-10 22:45:00,s0034,0.0
2023-01-10 23:00:00,s0034,0.03376611659067391
2023-01-10 23:15:00,s0034,0.0972120026129496
2023-01-10 23:30:00,s0034,0.08814966941911828
2023-01-10 23:45:00,s0034,0.0
2023-01-10 00:00:00,s0035,0.5737773781180955
2023-01-10 00:15:00,s0035,0.6379461297371017
2023-01-10 00:30:00,s0035,0.6672263616990737
2023-01-10 00:45:00,s0035,0.6729380807549202
2023-01-10 01:00:00,s0035,0.7101979385415291
2023-01-10 01:15:00,s0035,0.7582122462807753
2023-01-10 01:30:00,s0035,0.823378894106688
2023-01-10 01:45:00,s0035,0.7511335580286309
2023-01-10 02:00:00,s0035,0.676826758653177
2023-01-10 02:15:00,s0035,0.717522898202896
2023-01-10 02:30:00,s0035,0.7323314856522455
2023-01-10 02:45:00,s0035,0.7213925998226949
2023-01-10 03:00:00,s0035,0.7189955317761693
2023-01-10 03:15:00,s0035,0.8839661476531443
2023-01-10 03:30:00,s0035,1.0
2023-01-10 03:45:00,s0035,1.0
2023-01-10 04:00:00,s0035,1.0
2023-01-10 04:15:00,s0035,1.0
2023-01-10 04:30:00,s0035,1.0
2023-01-10 04:45:00,s0035,0.9141226063629685
2023-01-10 05:00:00,s0035,0.8422206041422101
2023-01-10 05:15:00,s0035,0.8486143618001405
2023-01-10 05:30:00,s0035,0.9297305729165268
2023-01-10 05:45:00,s0035,0.9549700083800261
2023-01-10 06:00:00,s0035,0.8892823675017738
2023-01-10 06:15:00,s0035,0.9795820283838645
2023-01-10 06:30:00,s0035,0.9948452711492148
2023-01-10 06:45:00,s0035,1.0
2023-01-10 07:00:00,s0035,1.000000000244096
2023-01-10 07:15:00,s0035,1.0000000004893737
2023-01-10 07:30:00,s0035,0.9732408676847493
2023-01-10 07:45:00,s0035,0.9714450882701896
2023-01-10 08:00:00,s0035,1.0
2023-01-10 08:15:00,s0035,0.9565238350388813
2023-01-10 08:30:00,s0035,1.0
2023-01-10 08:45:00,s0035,1.0000000001795897
2023-01-10 09:00:00,s0035,1.0000000004080392
2023-01-10 09:15:00,s0035,0.9632198564082539
2023-01-10 09:30:00,s0035,1.0
2023-01-10 09:45:00,s0035,0.8947368423373064
2023-01-10 10:00:00,s0035,0.9765895865412731
2023-01-10 10:15:00,s0035,0.99240957608593
2023-01-10 10:30:00,s0035,1.0
2023-01-10 10:45:00,s0035,0.9457669301899729
2023-01-10 11:00:00,s0035,0.9324418676324611
2023-01-10 11:15:00,s0035,1.0
2023-01-10 11:30:00,s0035,1.0000000005503393
2023-01-10 11:45:00,s0035,0.9120359882475748
2023-01-10 12:00:00,s0035,1.0
2023-01-10 12:15:00,s0035,1.0000000011058918
2023-01-10 12:30:00,s0035,0.9571883624514105
2023-01-10 12:45:00,s0035,0.9691636018274321
2023-01-10 13:00:00,s0035,1.0
2023-01-10 13:15:00,s0035,1.0000000008288752
2023-01-10 13:30:00,s0035,0.946018103477483
2023-01-10 13:45:00,s0035,0.8597648750865603
2023-01-10 14:00:00,s0035,0.9293034795929087
2023-01-10 14:15:00,s0035,0.919522813257052
2023-01-10 14:30:00,s0035,0.9453861818966047
2023-01-10 14:45:00,s0035,0.8924188223067279
2023-01-10 15:00:00,s0035,0.8881190430591128
2023-01-10 15:15:00,s0035,0.8884716622052986
2023-01-10 15:30:00,s0035,0.9151535372330845
2023-01-10 15:45:00,s0035,1.0
2023-01-10 16:00:00,s0035,0.9117668633805648
2023-01-10 16:15:00,s0035,0.9711501001953355
2023-01-10 16:30:00,s0035,1.0
2023-01-10 16:45:00,s0035,1.0000000002505078
2023-01-10 17:00:00,s0035,0.9963844575884924
2023-01-10 17:15:00,s0035,1.0
2023-01-10 17:30:00,s0035,1.0000000002041727
2023-01-10 17:45:00,s0035,0.9851808604541484
2023-01-10 18:00:00,s0035,0.9729904053688687
2023-01-10 18:15:00,s0035,1.0
2023-01-10 18:30:00,s0035,1.000000000009317
2023-01-10 18:45:00,s0035,0.9233048359128295
2023-01-10 19:00:00,s0035,0.9206052619329754
2023-01-10 19:15:00,s0035,0.9019351119034198
2023-01-10 19:30:00,s0035,0.8019563106932458
2023-01-10 19:45:00,s0035,0.5119787629129737
2023-01-10 20:00:00,s0035,0.4648760295590175
2023-01-10 20:15:00,s0035,0.46897427750488424
2023-01-10 20:30:00,s0035,0.49888780714476577
2023-01-10 20:45:00,s0035,0.5028757083324521
2023-01-10 21:00:00,s0035,0.5187669573707694
2023-01-10 21:15:00,s0035,0.5293314187511785
2023-01-10 21:30:00,s0035,0.521067637507182
2023-01-10 21:45:00,s0035,0.48997319701488096
2023-01-10 22:00:00,s0035,0.5553593952174061
2023-01-10 22:15:00,s0035,0.6206990982207492
2023-01-10 22:30:00,s0035,0.6635436361452718
2023-01-10 22:45:00,s0035,0.630319683618632
2023-01-10 23:00:00,s0035,0.613890848825992
2023-01-10 23:15:00,s0035,0.5810928410827374
2023-01-10 23:30:00,s0035,0.5650814901933854
2023-01-10 23:45:00,s0035,0.5669704664954945
2023-01-10 00:00:00,s0036,0.4984035773497674
2023-01-10 00:15:00,s0036,0.4734469561671279
2023-01-10 00:30:00,s0036,0.42969058277999095
2023-01-10 00:45:00,s0036,0.44502969520932356
2023-01-10 01:00:00,s0036,0.44984691433773966
2023-01-10 01:15:00,s0036,0.4772498925138337
2023-01-10 01:30:00,s0036,0.544279176612136
2023-01-10 01:45:00,s0036,0.5738053949217785
2023-01-10 02:00:00,s0036,0.5834016032415856
2023-01-10 02:15:00,s0036,0.6358832589334533
2023-01-10 02:30:00,s0036,0.6628279904346144
2023-01-10 02:45:00,s0036,0.695839594415033
2023-01-10 03:00:00,s0036,0.8097738747356263
2023-01-10 03:15:00,s0036,0.943194769067197
2023-01-10 03:30:00,s0036,1.0
2023-01-10 03:45:00,s0036,1.0
2023-01-10 04:00:00,s0036,1.0
2023-01-10 04:15:00,s0036,0.8947373343599344
2023-01-10 04:30:00,s0036,0.89554627115566
2023-01-10 04:45:00,s0036,0.7902860310373208
2023-01-10 05:00:00,s0036,0.7852496575598332
2023-01-10 05:15:00,s0036,0.7902179676807437
2023-01-10 05:30:00,s0036,0.8244460749919251
2023-01-10 05:45:00,s0036,0.7514294385851874
2023-01-10 06:00:00,s0036,0.7277433672180091
2023-01-10 06:15:00,s0036,0.695132686708215
2023-01-10 06:30:00,s0036,0.7068025506304396
2023-01-10 06:45:00,s0036,0.7364970142782503
2023-01-10 07:00:00,s0036,0.6697235339959049
2023-01-10 07:15:00,s0036,0.6293577717525427
2023-01-10 07:30:00,s0036,0.6874941422075665
2023-01-10 07:45:00,s0036,0.6861352717582284
2023-01-10 08:00:00,s0036,0.7069312515452879
2023-01-10 08:15:00,s0036,0.6861346674722187
2023-01-10 08:30:00,s0036,0.618277972463604
2023-01-10 08:45:00,s0036,0.7129909633645407
2023-01-10 09:00:00,s0036,0.7780288308450034
2023-01-10 09:15:00,s0036,0.8635010193883512
2023-01-10 09:30:00,s0036,0.9132810117076969
2023-01-10 09:45:00,s0036,0.8452828453847412
2023-01-10 10:00:00,s0036,0.8777590883566181
2023-01-10 10:15:00,s0036,0.8252781737849861
2023-01-10 10:30:00,s0036,0.8504816965379247
2023-01-10 10:45:00,s0036,0.8566510398130378
2023-01-10 11:00:00,s0036,0.7513878824543242
2023-01-10 11:15:00,s0036,0.7517004578759738
2023-01-10 11:30:00,s0036,0.846700458426313
2023-01-10 11:45:00,s0036,0.8503724861307498
2023-01-10 12:00:00,s0036,0.945372487229081
2023-01-10 12:15:00,s0036,0.8940604980638349
2023-01-10 12:30:00,s0036,0.8813314611999213
2023-01-10 12:45:00,s0036,0.9034619257427665
2023-01-10 13:00:00,s0036,0.8526803804432691
2023-01-10 13:15:00,s0036,0.9005158166190492
2023-01-10 13:30:00,s0036,0.9955158174677021
2023-01-10 13:45:00,s0036,1.0
2023-01-10 14:00:00,s0036,0.9276682524861306
2023-01-10 14:15:00,s0036,0.8931182229823498
2023-01-10 14:30:00,s0036,0.9084908149423611
2023-01-10 14:45:00,s0036,0.8803094539633299
2023-01-10 15:00:00,s0036,0.8968765889360057
2023-01-10 15:15:00,s0036,0.8456650277688229
2023-01-10 15:30:00,s0036,0.8077475125492262
2023-01-10 15:45:00,s0036,0.8247337159894323
2023-01-10 16:00:00,s0036,0.8647007478317789
2023-01-10 16:15:00,s0036,0.9146486727743741
2023-01-10 16:30:00,s0036,0.9375833985693316
2023-01-10 16:45:00,s0036,0.9640457727440808
2023-01-10 17:00:00,s0036,1.0
2023-01-10 17:15:00,s0036,1.0000000002029983
2023-01-10 17:30:00,s0036,0.9946066033427703
2023-01-10 17:45:00,s0036,0.9695061813825817
2023-01-10 18:00:00,s0036,0.9381459522134815
2023-01-10 18:15:00,s0036,0.9808132003920872
2023-01-10 18:30:00,s0036,0.94535191378628
2023-01-10 18:45:00,s0036,0.958389199361676
2023-01-10 19:00:00,s0036,0.9300903993379909
2023-01-10 19:15:00,s0036,0.869939421635187
2023-01-10 19:30:00,s0036,0.8636772019952734
2023-01-10 19:45:00,s0036,0.5985447349778582
2023-01-10 20:00:00,s0036,0.40278243917045653
2023-01-10 20:15:00,s0036,0.26014913043716176
2023-01-10 20:30:00,s0036,0.25758964372985804
2023-01-10 20:45:00,s0036,0.23368463558619806
2023-01-10 21:00:00,s0036,0.2779483151677491
2023-01-10 21:15:00,s0036,0.32969793375119383
2023-01-10 21:30:00,s0036,0.3253612544504646
2023-01-10 21:45:00,s0036,0.34970026344333816
2023-01-10 22:00:00,s0036,0.4447002651751981
2023-01-10 22:15:00,s0036,0.47574417663144225
2023-01-10 22:30:00,s0036,0.47099427341338274
2023-01-10 22:45:00,s0036,0.4542424597495395
2023-01-10 23:00:00,s0036,0.5109165463813419
2023-01-10 23:15:00,s0036,0.4507463814045914
2023-01-10 23:30:00,s0036,0.42802603883934764
2023-01-10 23:45:00,s0036,0.4181732157486268
2023-01-10 00:00:00,s0037,0.5287364610703922
2023-01-10 00:15:00,s0037,0.49473742856139197
2023-01-10 00:30:00,s0037,0.5244391199268355
2023-01-10 00:45:00,s0037,0.4966504363882108
2023-01-10 01:00:00,s0037,0.5916504927828172
2023-01-10 01:15:00,s0037,0.570267615155758
2023-01-10 01:30:00,s0037,0.635776157629875
2023-01-10 01:45:00,s0037,0.6350595533569561
2023-01-10 02:00:00,s0037,0.6508033107939704
2023-01-10 02:15:00,s0037,0.616541140815597
2023-01-10 02:30:00,s0037,0.7115411957685377
2023-01-10 02:45:00,s0037,0.6621095294598685
2023-01-10 03:00:00,s0037,0.8599756193080796
2023-01-10 03:15:00,s0037,0.9098216520455089
2023-01-10 03:30:00,s0037,1.0
2023-01-10 03:45:00,s0037,1.0
2023-01-10 04:00:00,s0037,1.0
2023-01-10 04:15:00,s0037,1.0
2023-01-10 04:30:00,s0037,0.9945474475720749
2023-01-10 04:45:00,s0037,1.0
2023-01-10 05:00:00,s0037,1.000000003327991
2023-01-10 05:15:00,s0037,0.9310357278396344
2023-01-10 05:30:00,s0037,0.9491262276141309
2023-01-10 05:45:00,s0037,0.9190071802962501
2023-01-10 06:00:00,s0037,0.9309706475732829
2023-01-10 06:15:00,s0037,1.0
2023-01-10 06:30:00,s0037,1.0000000004406695
2023-01-10 06:45:00,s0037,1.000000000883195
2023-01-10 07:00:00,s0037,0.9590703185567889
2023-01-10 07:15:00,s0037,0.9608753963275042
2023-01-10 07:30:00,s0037,0.956797516024919
2023-01-10 07:45:00,s0037,0.9496836873532732
2023-01-10 08:00:00,s0037,0.9932647814517648
2023-01-10 08:15:00,s0037,0.9584033903543702
2023-01-10 08:30:00,s0037,0.8908172445995253
2023-01-10 08:45:00,s0037,0.8896129525634929
2023-01-10 09:00:00,s0037,0.8080312959105754
2023-01-10 09:15:00,s0037,0.9030312961404138
2023-01-10 09:30:00,s0037,0.960332930891309
2023-01-10 09:45:00,s0037,1.0
2023-01-10 10:00:00,s0037,1.000000000333069
2023-01-10 10:15:00,s0037,0.9695216926555986
2023-01-10 10:30:00,s0037,0.8706656734366618
2023-01-10 10:45:00,s0037,0.8769510173438633
2023-01-10 11:00:00,s0037,0.8566608015083808
2023-01-10 11:15:00,s0037,0.7748272864094384
2023-01-10 11:30:00,s0037,0.8682646621684458
2023-01-10 11:45:00,s0037,0.8934582394696233
2023-01-10 12:00:00,s0037,0.7881950826732177
2023-01-10 12:15:00,s0037,0.777387963464189
2023-01-10 12:30:00,s0037,0.7006566137684563
2023-01-10 12:45:00,s0037,0.7035834890148596
2023-01-10 13:00:00,s0037,0.6117695127701899
2023-01-10 13:15:00,s0037,0.5164591141477869
2023-01-10 13:30:00,s0037,0.5132393474957417
2023-01-10 13:45:00,s0037,0.4473387951725334
2023-01-10 14:00:00,s0037,0.5423387956780221
2023-01-10 14:15:00,s0037,0.5920435629024949
2023-01-10 14:30:00,s0037,0.5482579808841521
2023-01-10 14:45:00,s0037,0.5824439931984522
2023-01-10 15:00:00,s0037,0.6419191666986847
2023-01-10 15:15:00,s0037,0.6887549731595071
2023-01-10 15:30:00,s0037,0.5834918157130446
2023-01-10 15:45:00,s0037,0.6162064733555749
2023-01-10 16:00:00,s0037,0.6194905234513471
2023-01-10 16:15:00,s0037,0.5943680464850761
2023-01-10 16:30:00,s0037,0.6462391963348426
2023-01-10 16:45:00,s0037,0.6246841934326602
2023-01-10 17:00:00,s0037,0.6107022174759349
2023-01-10 17:15:00,s0037,0.6380088617710435
2023-01-10 17:30:00,s0037,0.6432974344377185
2023-01-10 17:45:00,s0037,0.7196526185467982
2023-01-10 18:00:00,s0037,0.7520395975212777
2023-01-10 18:15:00,s0037,0.7062646036875092
2023-01-10 18:30:00,s0037,0.8012646036968261
2023-01-10 18:45:00,s0037,0.7157939366005714
2023-01-10 19:00:00,s0037,0.7472789182261498
2023-01-10 19:15:00,s0037,0.7358438225111613
2023-01-10 19:30:00,s0037,0.7091162716069331
2023-01-10 19:45:00,s0037,0.47356786928191397
2023-01-10 20:00:00,s0037,0.3604923108237754
2023-01-10 20:15:00,s0037,0.22163811962652746
2023-01-10 20:30:00,s0037,0.22908059698429473
2023-01-10 20:45:00,s0037,0.24692044441144795
2023-01-10 21:00:00,s0037,0.3419204453950432
2023-01-10 21:15:00,s0037,0.3520125076211193
2023-01-10 21:30:00,s0037,0.44701250852414653
2023-01-10 21:45:00,s0037,0.49774548933649354
2023-01-10 22:00:00,s0037,0.5561455389697089
2023-01-10 22:15:00,s0037,0.5874376825004435
2023-01-10 22:30:00,s0037,0.551154431228899
2023-01-10 22:45:00,s0037,0.5367517667346992
2023-01-10 23:00:00,s0037,0.5473971698008526
2023-01-10 23:15:00,s0037,0.47930338783877874
2023-01-10 23:30:00,s0037,0.43895819168416883
2023-01-10 23:45:00,s0037,0.3524052010848344
2023-01-10 00:00:00,s0038,0.5590914432959709
2023-01-10 00:15:00,s0038,0.5134508425266304
2023-01-10 00:30:00,s0038,0.5293513432462797
2023-01-10 00:45:00,s0038,0.553329315124768
2023-01-10 01:00:00,s0038,0.6345640772069419
2023-01-10 01:15:00,s0038,0.5903523262483787
2023-01-10 01:30:00,s0038,0.6240106561855128
2023-01-10 01:45:00,s0038,0.6455151481073007
2023-01-10 02:00:00,s0038,0.6518249355942957
2023-01-10 02:15:00,s0038,0.546561835173082
2023-01-10 02:30:00,s0038,0.5398815009352813
2023-01-10 02:45:00,s0038,0.5585886889582642
2023-01-10 03:00:00,s0038,0.6897140488933098
2023-01-10 03:15:00,s0038,0.7945020034264528
2023-01-10 03:30:00,s0038,0.945545427123258
2023-01-10 03:45:00,s0038,1.0
2023-01-10 04:00:00,s0038,0.9883283601603454
2023-01-10 04:15:00,s0038,1.0
2023-01-10 04:30:00,s0038,0.9860649115237999
2023-01-10 04:45:00,s0038,0.9939960192763354
2023-01-10 05:00:00,s0038,0.9173831681144267
2023-01-10 05:15:00,s0038,0.9373274967235079
2023-01-10 05:30:00,s0038,0.9620169807286656
2023-01-10 05:45:00,s0038,0.9888831728236708
2023-01-10 06:00:00,s0038,1.0
2023-01-10 06:15:00,s0038,0.9532711865493038
2023-01-10 06:30:00,s0038,0.9301361706529554
2023-01-10 06:45:00,s0038,0.9879923055302222
2023-01-10 07:00:00,s0038,1.0
2023-01-10 07:15:00,s0038,1.0000000002452776
2023-01-10 07:30:00,s0038,0.9997651185591887
2023-01-10 07:45:00,s0038,1.0
2023-01-10 08:00:00,s0038,1.0000000001775768
2023-01-10 08:15:00,s0038,0.9614585766746458
2023-01-10 08:30:00,s0038,1.0
2023-01-10 08:45:00,s0038,1.0000000001795897
2023-01-10 09:00:00,s0038,0.930213518295905
2023-01-10 09:15:00,s0038,0.9892881118176982
2023-01-10 09:30:00,s0038,1.0
2023-01-10 09:45:00,s0038,0.9111869930250371
2023-01-10 10:00:00,s0038,0.9682887198749437
2023-01-10 10:15:00,s0038,1.0
2023-01-10 10:30:00,s0038,0.8947368424428543
2023-01-10 10:45:00,s0038,0.9511914839829592
2023-01-10 11:00:00,s0038,0.9008746879520187
2023-01-10 11:15:00,s0038,0.7956115306021962
2023-01-10 11:30:00,s0038,0.8254083538605428
2023-01-10 11:45:00,s0038,0.776537803995367
2023-01-10 12:00:00,s0038,0.8715378050936982
2023-01-10 12:15:00,s0038,0.901125650434909
2023-01-10 12:30:00,s0038,0.9630388333322427
2023-01-10 12:45:00,s0038,1.0
2023-01-10 13:00:00,s0038,1.0000000008112215
2023-01-10 13:15:00,s0038,0.9238251758734857
2023-01-10 13:30:00,s0038,0.8185620188274016
2023-01-10 13:45:00,s0038,0.8135406395231816
2023-01-10 14:00:00,s0038,0.9001821393048315
2023-01-10 14:15:00,s0038,0.8777117345440874
2023-01-10 14:30:00,s0038,0.8686898039766031
2023-01-10 14:45:00,s0038,0.7634266466170102
2023-01-10 15:00:00,s0038,0.7462016492021473
2023-01-10 15:15:00,s0038,0.762992583125
2023-01-10 15:30:00,s0038,0.8173442067909266
2023-01-10 15:45:00,s0038,0.7120810495242271
2023-01-10 16:00:00,s0038,0.6275504489072474
2023-01-10 16:15:00,s0038,0.6435182337853418
2023-01-10 16:30:00,s0038,0.6808650000828144
2023-01-10 16:45:00,s0038,0.7614297445498501
2023-01-10 17:00:00,s0038,0.7626203929562201
2023-01-10 17:15:00,s0038,0.8429331256855921
2023-01-10 17:30:00,s0038,0.8596862061542304
2023-01-10 17:45:00,s0038,0.8758245728644262
2023-01-10 18:00:00,s0038,0.8439493660764948
2023-01-10 18:15:00,s0038,0.8868897783931483
2023-01-10 18:30:00,s0038,0.8761476271051626
2023-01-10 18:45:00,s0038,0.7632402367977409
2023-01-10 19:00:00,s0038,0.7595267507612191
2023-01-10 19:15:00,s0038,0.7448247437166261
2023-01-10 19:30:00,s0038,0.7587834387646274
2023-01-10 19:45:00,s0038,0.47071562765581154
2023-01-10 20:00:00,s0038,0.4550432028878289
2023-01-10 20:15:00,s0038,0.3205518043749509
2023-01-10 20:30:00,s0038,0.2911349252091118
2023-01-10 20:45:00,s0038,0.33403792854388403
2023-01-10 21:00:00,s0038,0.4075560184913916
2023-01-10 21:15:00,s0038,0.4801578430650763
2023-01-10 21:30:00,s0038,0.500057290251444
2023-01-10 21:45:00,s0038,0.546015023881194
2023-01-10 22:00:00,s0038,0.5797345178398836
2023-01-10 22:15:00,s0038,0.6197632012765851
2023-01-10 22:30:00,s0038,0.618125129508906
2023-01-10 22:45:00,s0038,0.6473202788850543
2023-01-10 23:00:00,s0038,0.6515753810338458
2023-01-10 23:15:00,s0038,0.6469886774683762
2023-01-10 23:30:00,s0038,0.6476871678892023
2023-01-10 23:45:00,s0038,0.660157307406575
2023-01-10 00:00:00,s0039,0.4464201983022662
2023-01-10 00:15:00,s0039,0.40909649455615527
2023-01-10 00:30:00,s0039,0.3492415538862356
2023-01-10 00:45:00,s0039,0.32009047039432
2023-01-10 01:00:00,s0039,0.2678344360938959
2023-01-10 01:15:00,s0039,0.3399449550183823
2023-01-10 01:30:00,s0039,0.2800415173484265
2023-01-10 01:45:00,s0039,0.2517774583441997
2023-01-10 02:00:00,s0039,0.18292058600652228
2023-01-10 02:15:00,s0039,0.2425816817332806
2023-01-10 02:30:00,s0039,0.25657417842913016
2023-01-10 02:45:00,s0039,0.17186815340399086
2023-01-10 03:00:00,s0039,0.29153230829953164
2023-01-10 03:15:00,s0039,0.47441343866625835
2023-01-10 03:30:00,s0039,0.6340323094308058
2023-01-10 03:45:00,s0039,0.7714014704445706
2023-01-10 04:00:00,s0039,0.821841278318544
2023-01-10 04:15:00,s0039,0.8462783609291535
2023-01-10 04:30:00,s0039,0.8566085889407513
2023-01-10 04:45:00,s0039,0.78222636089315
2023-01-10 05:00:00,s0039,0.8164181195244407
2023-01-10 05:15:00,s0039,0.7982677821817954
2023-01-10 05:30:00,s0039,0.7178313216226099
2023-01-10 05:45:00,s0039,0.7184810142806866
2023-01-10 06:00:00,s0039,0.7471679576219845
2023-01-10 06:15:00,s0039,0.7605633983088782
2023-01-10 06:30:00,s0039,0.7423212879280324
2023-01-10 06:45:00,s0039,0.6937066858072076
2023-01-10 07:00:00,s0039,0.6787221277391078
2023-01-10 07:15:00,s0039,0.69753099759668
2023-01-10 07:30:00,s0039,0.5922678399478832
2023-01-10 07:45:00,s0039,0.6655366376325917
2023-01-10 08:00:00,s0039,0.6022446133384622
2023-01-10 08:15:00,s0039,0.5462355633768752
2023-01-10 08:30:00,s0039,0.5181443706771032
2023-01-10 08:45:00,s0039,0.48055474051599434
2023-01-10 09:00:00,s0039,0.4536033693134994
2023-01-10 09:15:00,s0039,0.38687625978103324
2023-01-10 09:30:00,s0039,0.3688372459626764
2023-01-10 09:45:00,s0039,0.3055783906656324
2023-01-10 10:00:00,s0039,0.31279656203826467
2023-01-10 10:15:00,s0039,0.371147629851881
2023-01-10 10:30:00,s0039,0.3640213535229613
2023-01-10 10:45:00,s0039,0.3827980908491323
2023-01-10 11:00:00,s0039,0.351131710935337
2023-01-10 11:15:00,s0039,0.44613171148025144
2023-01-10 11:30:00,s0039,0.402346019618113
2023-01-10 11:45:00,s0039,0.4973460201701674
2023-01-10 12:00:00,s0039,0.42091873152998094
2023-01-10 12:15:00,s0039,0.38927534490075655
2023-01-10 12:30:00,s0039,0.44218203247844257
2023-01-10 12:45:00,s0039,0.5371820336701402
2023-01-10 13:00:00,s0039,0.5193192372730477
2023-01-10 13:15:00,s0039,0.4182133221591625
2023-01-10 13:30:00,s0039,0.5019601748694664
2023-01-10 13:45:00,s0039,0.5208051325079693
2023-01-10 14:00:00,s0039,0.4461956622287758
2023-01-10 14:15:00,s0039,0.43597699843146087
2023-01-10 14:30:00,s0039,0.45054726483715135
2023-01-10 14:45:00,s0039,0.4196483862529298
2023-01-10 15:00:00,s0039,0.42176882700389784
2023-01-10 15:15:00,s0039,0.332925754184241
2023-01-10 15:30:00,s0039,0.40342612747345175
2023-01-10 15:45:00,s0039,0.36822515939402645
2023-01-10 16:00:00,s0039,0.40384630681982747
2023-01-10 16:15:00,s0039,0.3671350543934122
2023-01-10 16:30:00,s0039,0.3562867512279764
2023-01-10 16:45:00,s0039,0.3430867824495766
2023-01-10 17:00:00,s0039,0.23782362475666696
2023-01-10 17:15:00,s0039,0.2248192393202465
2023-01-10 17:30:00,s0039,0.12652855482839442
2023-01-10 17:45:00,s0039,0.0723336189848568
2023-01-10 18:00:00,s0039,0.09672953328479716
2023-01-10 18:15:00,s0039,0.04380761169617897
2023-01-10 18:30:00,s0039,0.05976667248508627
2023-01-10 18:45:00,s0039,0.0
2023-01-10 19:00:00,s0039,0.06382679332214025
2023-01-10 19:15:00,s0039,0.056804233230645096
2023-01-10 19:30:00,s0039,0.05239815597613573
2023-01-10 19:45:00,s0039,0.0
2023-01-10 20:00:00,s0039,0.0
2023-01-10 20:15:00,s0039,0.0
2023-01-10 20:30:00,s0039,0.0
2023-01-10 20:45:00,s0039,0.0
2023-01-10 21:00:00,s0039,0.0
2023-01-10 21:15:00,s0039,0.06103369165061118
2023-01-10 21:30:00,s0039,0.02824446863161445
2023-01-10 21:45:00,s0039,0.0
2023-01-10 22:00:00,s0039,0.0
2023-01-10 22:15:00,s0039,0.0
2023-01-10 22:30:00,s0039,0.03526719452157612
2023-01-10 22:45:00,s0039,0.027184284018468008
2023-01-10 23:00:00,s0039,0.0
2023-01-10 23:15:00,s0039,0.0
2023-01-10 23:30:00,s0039,0.0
2023-01-10 23:45:00,s0039,0.008791333727085182
2023-01-10 00:00:00,s0040,0.5144111302684438
2023-01-10 00:15:00,s0040,0.5823053981184395
2023-01-10 00:30:00,s0040,0.62298306326608
2023-01-10 00:45:00,s0040,0.5426462060271642
2023-01-10 01:00:00,s0040,0.5512785328434221
2023-01-10 01:15:00,s0040,0.5408585134525378
2023-01-10 01:30:00,s0040,0.5452085631847822
2023-01-10 01:45:00,s0040,0.5831405548899958
2023-01-10 02:00:00,s0040,0.49876848909143956
2023-01-10 02:15:00,s0040,0.5069928576635191
2023-01-10 02:30:00,s0040,0.48574025569891527
2023-01-10 02:45:00,s0040,0.5001036988983929
2023-01-10 03:00:00,s0040,0.6286991603195112
2023-01-10 03:15:00,s0040,0.7592536575741518
2023-01-10 03:30:00,s0040,0.8685718236194493
2023-01-10 03:45:00,s0040,1.0
2023-01-10 04:00:00,s0040,1.0
2023-01-10 04:15:00,s0040,0.951928760460747
2023-01-10 04:30:00,s0040,0.9297840705811301
2023-01-10 04:45:00,s0040,0.9635370675985773
2023-01-10 05:00:00,s0040,1.0
2023-01-10 05:15:00,s0040,0.9470310344095938
2023-01-10 05:30:00,s0040,0.9711102708510445
2023-01-10 05:45:00,s0040,0.9254630752393184
2023-01-10 06:00:00,s0040,0.9605209403663555
2023-01-10 06:15:00,s0040,0.9882575734822177
2023-01-10 06:30:00,s0040,0.9941093878679822
2023-01-10 06:45:00,s0040,0.9265966819105803
2023-01-10 07:00:00,s0040,0.9188414820137765
2023-01-10 07:15:00,s0040,0.8135783243643172
2023-01-10 07:30:00,s0040,0.8675572025115084
2023-01-10 07:45:00,s0040,0.7772467243593335
2023-01-10 08:00:00,s0040,0.8360386629286362
2023-01-10 08:15:00,s0040,0.882177952089022
2023-01-10 08:30:00,s0040,0.9594121082889782
2023-01-10 08:45:00,s0040,0.854148950573831
2023-01-10 09:00:00,s0040,0.8043002397441987
2023-01-10 09:15:00,s0040,0.7720210804064507
2023-01-10 09:30:00,s0040,0.7403984855491296
2023-01-10 09:45:00,s0040,0.703274081442495
2023-01-10 10:00:00,s0040,0.6043116075903161
2023-01-10 10:15:00,s0040,0.6225344056662858
2023-01-10 10:30:00,s0040,0.5660346439024339
2023-01-10 10:45:00,s0040,0.6038306824172585
2023-01-10 11:00:00,s0040,0.6988306829532817
2023-01-10 11:15:00,s0040,0.6915045092054242
2023-01-10 11:30:00,s0040,0.6841202232486807
2023-01-10 11:45:00,s0040,0.6256305502368857
2023-01-10 12:00:00,s0040,0.5720094094219148
2023-01-10 12:15:00,s0040,0.5361489143373188
2023-01-10 12:30:00,s0040,0.5940063949500543
2023-01-10 12:45:00,s0040,0.6615859524439847
2023-01-10 13:00:00,s0040,0.7565859532552062
2023-01-10 13:15:00,s0040,0.7599088428717012
2023-01-10 13:30:00,s0040,0.807109899521433
2023-01-10 13:45:00,s0040,0.8534150216284824
2023-01-10 14:00:00,s0040,0.8554921265208708
2023-01-10 14:15:00,s0040,0.9504921270344413
2023-01-10 14:30:00,s0040,0.9517342017213072
2023-01-10 14:45:00,s0040,0.9897285508397141
2023-01-10 15:00:00,s0040,0.9649828179277039
2023-01-10 15:15:00,s0040,0.8792602965259189
2023-01-10 15:30:00,s0040,0.8335079326120705
2023-01-10 15:45:00,s0040,0.8573708242024056
2023-01-10 16:00:00,s0040,0.9280735511587848
2023-01-10 16:15:00,s0040,0.8902529722239391
2023-01-10 16:30:00,s0040,0.9817326922042308
2023-01-10 16:45:00,s0040,0.8764695345600019
2023-01-10 17:00:00,s0040,0.8304919679916399
2023-01-10 17:15:00,s0040,0.7908992068298144
2023-01-10 17:30:00,s0040,0.7221048853203019
2023-01-10 17:45:00,s0040,0.6668666428924425
2023-01-10 18:00:00,s0040,0.6634519445085308
2023-01-10 18:15:00,s0040,0.6311435258042979
2023-01-10 18:30:00,s0040,0.6915493199561867
2023-01-10 18:45:00,s0040,0.6254476682076259
2023-01-10 19:00:00,s0040,0.5201845103222258
2023-01-10 19:15:00,s0040,0.4440135188670751
2023-01-10 19:30:00,s0040,0.47476923907261476
2023-01-10 19:45:00,s0040,0.18159519907132665
2023-01-10 20:00:00,s0040,0.0673615035546416
2023-01-10 20:15:00,s0040,0.0
2023-01-10 20:30:00,s0040,0.0
2023-01-10 20:45:00,s0040,0.03405175459823856
2023-01-10 21:00:00,s0040,0.0546285397565931
2023-01-10 21:15:00,s0040,0.018645396303322792
2023-01-10 21:30:00,s0040,0.030116415822091236
2023-01-10 21:45:00,s0040,0.022768293999923583
2023-01-10 22:00:00,s0040,0.0
2023-01-10 22:15:00,s0040,0.0
2023-01-10 22:30:00,s0040,0.0
2023-01-10 22:45:00,s0040,0.03856604601293068
2023-01-10 23:00:00,s0040,0.04327869020264463
2023-01-10 23:15:00,s0040,0.07207904035182938
2023-01-10 23:30:00,s0040,0.010540338762430213
2023-01-10 23:45:00,s0040,0.08571067292899326
2023-01-10 00:00:00,s0041,0.4584558589624008
2023-01-10 00:15:00,s0041,0.5091143120512032
2023-01-10 00:30:00,s0041,0.5666320139877324
2023-01-10 00:45:00,s0041,0.5971393442763437
2023-01-10 01:00:00,s0041,0.6049865236000951
2023-01-10 01:15:00,s0041,0.5956193795795632
2023-01-10 01:30:00,s0041,0.5912653800497163
2023-01-10 01:45:00,s0041,0.48600227659110584
2023-01-10 02:00:00,s0041,0.43771646011037507
2023-01-10 02:15:00,s0041,0.5296430670879403
2023-01-10 02:30:00,s0041,0.5546452218856197
2023-01-10 02:45:00,s0041,0.5738873083735208
2023-01-10 03:00:00,s0041,0.7344932977879828
2023-01-10 03:15:00,s0041,0.7330973326892931
2023-01-10 03:30:00,s0041,0.9100776528270914
2023-01-10 03:45:00,s0041,1.0
2023-01-10 04:00:00,s0041,1.0
2023-01-10 04:15:00,s0041,0.9792838056943417
2023-01-10 04:30:00,s0041,1.0
2023-01-10 04:45:00,s0041,1.0
2023-01-10 05:00:00,s0041,0.9587515522713947
2023-01-10 05:15:00,s0041,1.0
2023-01-10 05:30:00,s0041,1.0000000036923176
2023-01-10 05:45:00,s0041,0.999265905244175
2023-01-10 06:00:00,s0041,0.9971634684729416
2023-01-10 06:15:00,s0041,0.9206264168497237
2023-01-10 06:30:00,s0041,0.8553121889370074
2023-01-10 06:45:00,s0041,0.7611550980022034
2023-01-10 07:00:00,s0041,0.8018748422381456
2023-01-10 07:15:00,s0041,0.8229227487488673
2023-01-10 07:30:00,s0041,0.8440416565767281
2023-01-10 07:45:00,s0041,0.8459265737490785
2023-01-10 08:00:00,s0041,0.8478673171330499
2023-01-10 08:15:00,s0041,0.888528475298251
2023-01-10 08:30:00,s0041,0.8056848563720275
2023-01-10 08:45:00,s0041,0.8028072605041136
2023-01-10 09:00:00,s0041,0.8431178936231929
2023-01-10 09:15:00,s0041,0.9381178938530312
2023-01-10 09:30:00,s0041,0.8991154259326828
2023-01-10 09:45:00,s0041,0.8501510539730838
2023-01-10 10:00:00,s0041,0.821042031295519
2023-01-10 10:15:00,s0041,0.843062596554155
2023-01-10 10:30:00,s0041,0.8282470091588379
2023-01-10 10:45:00,s0041,0.9061654381025268
2023-01-10 11:00:00,s0041,0.8378703589726821
2023-01-10 11:15:00,s0041,0.7326072016228597
2023-01-10 11:30:00,s0041,0.7058605627167133
2023-01-10 11:45:00,s0041,0.6426178235293556
2023-01-10 12:00:00,s0041,0.553005857308317
2023-01-10 12:15:00,s0041,0.5941867482324155
2023-01-10 12:30:00,s0041,0.6127395472524917
2023-01-10 12:45:00,s0041,0.6833172612333693
2023-01-10 13:00:00,s0041,0.7783172620445908
2023-01-10 13:15:00,s0041,0.7483041722344856
2023-01-10 13:30:00,s0041,0.7088918343224802
2023-01-10 13:45:00,s0041,0.753124317501026
2023-01-10 14:00:00,s0041,0.7952027111726442
2023-01-10 14:15:00,s0041,0.7872104341555899
2023-01-10 14:30:00,s0041,0.7756874249769081
2023-01-10 14:45:00,s0041,0.8059297862721296
2023-01-10 15:00:00,s0041,0.752300210575824
2023-01-10 15:15:00,s0041,0.7096227798845854
2023-01-10 15:30:00,s0041,0.6902610855784997
2023-01-10 15:45:00,s0041,0.6527338485628779
2023-01-10 16:00:00,s0041,0.6082650729404762
2023-01-10 16:15:00,s0041,0.604391857277413
2023-01-10 16:30:00,s0041,0.5655646557156412
2023-01-10 16:45:00,s0041,0.597792544510027
2023-01-10 17:00:00,s0041,0.6072497584163896
2023-01-10 17:15:00,s0041,0.6149908993180861
2023-01-10 17:30:00,s0041,0.5979901262677174
2023-01-10 17:45:00,s0041,0.6386239359178109
2023-01-10 18:00:00,s0041,0.6304156265733498
2023-01-10 18:15:00,s0041,0.5690568962034881
2023-01-10 18:30:00,s0041,0.6335650909833606
2023-01-10 18:45:00,s0041,0.5212644498765961
2023-01-10 19:00:00,s0041,0.41600129199119606
2023-01-10 19:15:00,s0041,0.32852427019325037
2023-01-10 19:30:00,s0041,0.27845802934750563
2023-01-10 19:45:00,s0041,0.060162592494857337
2023-01-10 20:00:00,s0041,0.0
2023-01-10 20:15:00,s0041,0.0
2023-01-10 20:30:00,s0041,0.011690821818751251
2023-01-10 20:45:00,s0041,0.042741441368535804
2023-01-10 21:00:00,s0041,0.13774144235213098
2023-01-10 21:15:00,s0041,0.1658447087914523
2023-01-10 21:30:00,s0041,0.15739782292330773
2023-01-10 21:45:00,s0041,0.11645966561446813
2023-01-10 22:00:00,s0041,0.14956069779949116
2023-01-10 22:15:00,s0041,0.17693666197278207
2023-01-10 22:30:00,s0041,0.16124910045884755
2023-01-10 22:45:00,s0041,0.0933285398644868
2023-01-10 23:00:00,s0041,0.14668588721415848
2023-01-10 23:15:00,s0041,0.10301837340156261
2023-01-10 23:30:00,s0041,0.10384274920724057
2023-01-10 23:45:00,s0041,0.14186227587164113
2023-01-10 00:00:00,s0042,0.5383768991291797
2023-01-10 00:15:00,s0042,0.5861593880690429
2023-01-10 00:30:00,s0042,0.48089623210725724
2023-01-10 00:45:00,s0042,0.5162585454451967
2023-01-10 01:00:00,s0042,0.5127009033519205
2023-01-10 01:15:00,s0042,0.4863766221022685
2023-01-10 01:30:00,s0042,0.4641504512745911
2023-01-10 01:45:00,s0042,0.38691372153627274
2023-01-10 02:00:00,s0042,0.35783212723909885
2023-01-10 02:15:00,s0042,0.3346560967892587
2023-01-10 02:30:00,s0042,0.3657398771486914
2023-01-10 02:45:00,s0042,0.3943840195725018
2023-01-10 03:00:00,s0042,0.514871509574429
2023-01-10 03:15:00,s0042,0.5817488187908991
2023-01-10 03:30:00,s0042,0.7393585203476125
2023-01-10 03:45:00,s0042,0.9343916182053562
2023-01-10 04:00:00,s0042,0.8770624520545589
2023-01-10 04:15:00,s0042,0.7717997864144934
2023-01-10 04:30:00,s0042,0.7318053330851728
2023-01-10 04:45:00,s0042,0.6776433861191747
2023-01-10 05:00:00,s0042,0.6905594347872768
2023-01-10 05:15:00,s0042,0.6956631570997853
2023-01-10 05:30:00,s0042,0.6726215112064304
2023-01-10 05:45:00,s0042,0.6566477319363312
2023-01-10 06:00:00,s0042,0.7208217476046805
2023-01-10 06:15:00,s0042,0.7618878748368945
2023-01-10 06:30:00,s0042,0.7524170980353616
2023-01-10 06:45:00,s0042,0.7222112264617466
2023-01-10 07:00:00,s0042,0.7530974634034409
2023-01-10 07:15:00,s0042,0.7543574205096758
2023-01-10 07:30:00,s0042,0.8051325257131422
2023-01-10 07:45:00,s0042,0.7963845683378938
2023-01-10 08:00:00,s0042,0.8265662794855133
2023-01-10 08:15:00,s0042,0.7897339759433326
2023-01-10 08:30:00,s0042,0.8256046594794251
2023-01-10 08:45:00,s0042,0.8730014980918356
2023-01-10 09:00:00,s0042,0.8690303649808964
2023-01-10 09:15:00,s0042,0.8990273531989396
2023-01-10 09:30:00,s0042,0.9940273534299483
2023-01-10 09:45:00,s0042,0.9588482039009432
2023-01-10 10:00:00,s0042,1.0
2023-01-10 10:15:00,s0042,1.000000000335024
2023-01-10 10:30:00,s0042,1.0000000006726153
2023-01-10 10:45:00,s0042,1.00000000101326
2023-01-10 11:00:00,s0042,0.8947368436545463
2023-01-10 11:15:00,s0042,0.9897368441994607
2023-01-10 11:30:00,s0042,0.9041928355437625
2023-01-10 11:45:00,s0042,0.9991928360958169
2023-01-10 12:00:00,s0042,0.979800504408825
2023-01-10 12:15:00,s0042,1.0
2023-01-10 12:30:00,s0042,0.9809249031550172
2023-01-10 12:45:00,s0042,1.0
2023-01-10 13:00:00,s0042,0.9588009350353499
2023-01-10 13:15:00,s0042,1.0
2023-01-10 13:30:00,s0042,1.0000000008486527
2023-01-10 13:45:00,s0042,1.0000000017195727
2023-01-10 14:00:00,s0042,1.0000000022250615
2023-01-10 14:15:00,s0042,1.000000002738632
2023-01-10 14:30:00,s0042,1.0000000032544127
2023-01-10 14:45:00,s0042,1.0000000037895567
2023-01-10 15:00:00,s0042,0.9948314896219644
2023-01-10 15:15:00,s0042,0.9749679078076015
2023-01-10 15:30:00,s0042,1.0
2023-01-10 15:45:00,s0042,1.0000000006280374
2023-01-10 16:00:00,s0042,1.000000000871291
2023-01-10 16:15:00,s0042,1.0000000011169248
2023-01-10 16:30:00,s0042,0.9637642578260537
2023-01-10 16:45:00,s0042,1.0
2023-01-10 17:00:00,s0042,0.9855515140733305
2023-01-10 17:15:00,s0042,1.0
2023-01-10 17:30:00,s0042,1.0000000002041727
2023-01-10 17:45:00,s0042,1.0000000004097
2023-01-10 18:00:00,s0042,1.0000000006358303
2023-01-10 18:15:00,s0042,1.0000000008663095
2023-01-10 18:30:00,s0042,1.0000000008756265
2023-01-10 18:45:00,s0042,0.9355422806064199
2023-01-10 19:00:00,s0042,0.9080789354091343
2023-01-10 19:15:00,s0042,0.753925603119572
2023-01-10 19:30:00,s0042,0.7334364950451565
2023-01-10 19:45:00,s0042,0.5958685522243725
2023-01-10 20:00:00,s0042,0.5208651797930847
2023-01-10 20:15:00,s0042,0.37155608083972436
2023-01-10 20:30:00,s0042,0.37643642793622367
2023-01-10 20:45:00,s0042,0.40418110877787267
2023-01-10 21:00:00,s0042,0.49918110976146784
2023-01-10 21:15:00,s0042,0.4189149449778633
2023-01-10 21:30:00,s0042,0.3884476139087708
2023-01-10 21:45:00,s0042,0.3832612877569598
2023-01-10 22:00:00,s0042,0.400754138338669
2023-01-10 22:15:00,s0042,0.42474653672050716
2023-01-10 22:30:00,s0042,0.4021766316255232
2023-01-10 22:45:00,s0042,0.3907286424028825
2023-01-10 23:00:00,s0042,0.42163269303726997
2023-01-10 23:15:00,s0042,0.4321912817857433
2023-01-10 23:30:00,s0042,0.4812531465738403
2023-01-10 23:45:00,s0042,0.46925202192800247
2023-01-10 00:00:00,s0043,0.581243056970095
2023-01-10 00:15:00,s0043,0.5930553225435968
2023-01-10 00:30:00,s0043,0.688055324476548
2023-01-10 00:45:00,s0043,0.7452104918237604
2023-01-10 01:00:00,s0043,0.7670837893293354
2023-01-10 01:15:00,s0043,0.8057130905743053
2023-01-10 01:30:00,s0043,0.8122741914187528
2023-01-10 01:45:00,s0043,0.7070110879601423
2023-01-10 02:00:00,s0043,0.7612349498808455
2023-01-10 02:15:00,s0043,0.7694175488094579
2023-01-10 02:30:00,s0043,0.8075550982801052
2023-01-10 02:45:00,s0043,0.8223395194789371
2023-01-10 03:00:00,s0043,0.9041616905020169
2023-01-10 03:15:00,s0043,1.0
2023-01-10 03:30:00,s0043,1.0
2023-01-10 03:45:00,s0043,1.0
2023-01-10 04:00:00,s0043,1.0
2023-01-10 04:15:00,s0043,1.0
2023-01-10 04:30:00,s0043,0.9902284025831872
2023-01-10 04:45:00,s0043,1.0
2023-01-10 05:00:00,s0043,1.0000000033279912
2023-01-10 05:15:00,s0043,1.0000000068022552
2023-01-10 05:30:00,s0043,1.0
2023-01-10 05:45:00,s0043,0.9609949235594472
2023-01-10 06:00:00,s0043,0.9130470933137966
2023-01-10 06:15:00,s0043,0.8077839358538006
2023-01-10 06:30:00,s0043,0.7282892701229503
2023-01-10 06:45:00,s0043,0.7810579292974051
2023-01-10 07:00:00,s0043,0.7452634173290741
2023-01-10 07:15:00,s0043,0.7569644950994538
2023-01-10 07:30:00,s0043,0.851964495345394
2023-01-10 07:45:00,s0043,0.8054041888233465
2023-01-10 08:00:00,s0043,0.8406247859125324
2023-01-10 08:15:00,s0043,0.8472510567161492
2023-01-10 08:30:00,s0043,0.8799659457977798
2023-01-10 08:45:00,s0043,0.8649705055029813
2023-01-10 09:00:00,s0043,0.939981850225122
2023-01-10 09:15:00,s0043,0.964629648115717
2023-01-10 09:30:00,s0043,0.9943549130694932
2023-01-10 09:45:00,s0043,1.0
2023-01-10 10:00:00,s0043,0.9133709744601841
2023-01-10 10:15:00,s0043,0.9492784293935674
2023-01-10 10:30:00,s0043,0.8440152718364218
2023-01-10 10:45:00,s0043,0.7785850510262855
2023-01-10 11:00:00,s0043,0.8227103494813339
2023-01-10 11:15:00,s0043,0.8902874715060103
2023-01-10 11:30:00,s0043,0.8016682242344197
2023-01-10 11:45:00,s0043,0.7957891612743669
2023-01-10 12:00:00,s0043,0.7882431188829945
2023-01-10 12:15:00,s0043,0.7662209625842649
2023-01-10 12:30:00,s0043,0.7312683505636595
2023-01-10 12:45:00,s0043,0.7121755892075454
2023-01-10 13:00:00,s0043,0.7357077762610791
2023-01-10 13:15:00,s0043,0.6304446191952174
2023-01-10 13:30:00,s0043,0.6516235635186787
2023-01-10 13:45:00,s0043,0.7042331153802288
2023-01-10 14:00:00,s0043,0.7793408064931941
2023-01-10 14:15:00,s0043,0.8135241255886985
2023-01-10 14:30:00,s0043,0.9085241261044793
2023-01-10 14:45:00,s0043,0.9650416100182148
2023-01-10 15:00:00,s0043,1.0
2023-01-10 15:15:00,s0043,0.9504383206461827
2023-01-10 15:30:00,s0043,0.8826939438528871
2023-01-10 15:45:00,s0043,0.9687730243391656
2023-01-10 16:00:00,s0043,0.9498486163482741
2023-01-10 16:15:00,s0043,1.0
2023-01-10 16:30:00,s0043,0.9096324164910065
2023-01-10 16:45:00,s0043,0.8699059376146265
2023-01-10 17:00:00,s0043,0.7982555828706375
2023-01-10 17:15:00,s0043,0.7651899884328397
2023-01-10 17:30:00,s0043,0.77023116507173
2023-01-10 17:45:00,s0043,0.7870439914276981
2023-01-10 18:00:00,s0043,0.7646634704986576
2023-01-10 18:15:00,s0043,0.6600897613350565
2023-01-10 18:30:00,s0043,0.6680408899087692
2023-01-10 18:45:00,s0043,0.6144147282999284
2023-01-10 19:00:00,s0043,0.5091515704145282
2023-01-10 19:15:00,s0043,0.41018427730451873
2023-01-10 19:30:00,s0043,0.4683458930239562
2023-01-10 19:45:00,s0043,0.18270285127152158
2023-01-10 20:00:00,s0043,0.07323529546789148
2023-01-10 20:15:00,s0043,0.0
2023-01-10 20:30:00,s0043,0.0
2023-01-10 20:45:00,s0043,0.08113446450235445
2023-01-10 21:00:00,s0043,0.09162688787330092
2023-01-10 21:15:00,s0043,0.0745636227377528
2023-01-10 21:30:00,s0043,0.015695765204447043
2023-01-10 21:45:00,s0043,0.01813855288506938
2023-01-10 22:00:00,s0043,0.0013959166568274228
2023-01-10 22:15:00,s0043,0.0
2023-01-10 22:30:00,s0043,0.010361410961483186
2023-01-10 22:45:00,s0043,0.09027013392515426
2023-01-10 23:00:00,s0043,0.11150369210868838
2023-01-10 23:15:00,s0043,0.17107727476213164
2023-01-10 23:30:00,s0043,0.2443120025518613
2023-01-10 23:45:00,s0043,0.26673219211178545
2023-01-10 00:00:00,s0044,0.595
2023-01-10 00:15:00,s0044,0.5885811145561167
2023-01-10 00:30:00,s0044,0.6722460350681054
2023-01-10 00:45:00,s0044,0.6290813543201663
2023-01-10 01:00:00,s0044,0.6607993973814014
2023-01-10 01:15:00,s0044,0.6487219364066712
2023-01-10 01:30:00,s0044,0.7342209189873807
2023-01-10 01:45:00,s0044,0.8217545559646902
2023-01-10 02:00:00,s0044,0.7934736923880426
2023-01-10 02:15:00,s0044,0.7959858280018977
2023-01-10 02:30:00,s0044,0.8240919605904115
2023-01-10 02:45:00,s0044,0.7847308423322876
2023-01-10 03:00:00,s0044,0.8851600840304921
2023-01-10 03:15:00,s0044,1.0
2023-01-10 03:30:00,s0044,1.0
2023-01-10 03:45:00,s0044,1.0
2023-01-10 04:00:00,s0044,0.9472130355325284
2023-01-10 04:15:00,s0044,0.9432418753608779
2023-01-10 04:30:00,s0044,0.9403824706511832
2023-01-10 04:45:00,s0044,0.9256777660731492
2023-01-10 05:00:00,s0044,0.9442464445395125
2023-01-10 05:15:00,s0044,0.9350597825490917
2023-01-10 05:30:00,s0044,0.9586519820195278
2023-01-10 05:45:00,s0044,0.8968133223926757
2023-01-10 06:00:00,s0044,0.9013936148507327
2023-01-10 06:15:00,s0044,0.9022295711296457
2023-01-10 06:30:00,s0044,0.8997232049827918
2023-01-10 06:45:00,s0044,0.9000972172560926
2023-01-10 07:00:00,s0044,0.8485609856917452
2023-01-10 07:15:00,s0044,0.8152571473259442
2023-01-10 07:30:00,s0044,0.8418001908575525
2023-01-10 07:45:00,s0044,0.7768920731628942
2023-01-10 08:00:00,s0044,0.7022382971177336
2023-01-10 08:15:00,s0044,0.6535117348892185
2023-01-10 08:30:00,s0044,0.6284948458875808
2023-01-10 08:45:00,s0044,0.6741098535877335
2023-01-10 09:00:00,s0044,0.7028505951725298
2023-01-10 09:15:00,s0044,0.7355738490123793
2023-01-10 09:30:00,s0044,0.8305738492433881
2023-01-10 09:45:00,s0044,0.8944836565874746
2023-01-10 10:00:00,s0044,0.8286473863573626
2023-01-10 10:15:00,s0044,0.7233842287976497
2023-01-10 10:30:00,s0044,0.704766381672187
2023-01-10 10:45:00,s0044,0.7701498754143908
2023-01-10 11:00:00,s0044,0.7025948904197742
2023-01-10 11:15:00,s0044,0.6401029183551188
2023-01-10 11:30:00,s0044,0.6795827201691875
2023-01-10 11:45:00,s0044,0.5743195628265052
2023-01-10 12:00:00,s0044,0.5813839056731598
2023-01-10 12:15:00,s0044,0.4761207488843149
2023-01-10 12:30:00,s0044,0.5711207500252933
2023-01-10 12:45:00,s0044,0.6104319208180735
2023-01-10 13:00:00,s0044,0.5902920534411649
2023-01-10 13:15:00,s0044,0.6201010394186746
2023-01-10 13:30:00,s0044,0.5493064402404431
2023-01-10 13:45:00,s0044,0.5919402795210769
2023-01-10 14:00:00,s0044,0.6372800908304439
2023-01-10 14:15:00,s0044,0.6559084198943379
2023-01-10 14:30:00,s0044,0.6723077088678409
2023-01-10 14:45:00,s0044,0.6030536281846852
2023-01-10 15:00:00,s0044,0.5679117133203357
2023-01-10 15:15:00,s0044,0.6101329136640871
2023-01-10 15:30:00,s0044,0.6443697137335156
2023-01-10 15:45:00,s0044,0.6515453638204729
2023-01-10 16:00:00,s0044,0.6317058772398135
2023-01-10 16:15:00,s0044,0.6318496224656969
2023-01-10 16:30:00,s0044,0.7128439403458136
2023-01-10 16:45:00,s0044,0.8078439405963215
2023-01-10 17:00:00,s0044,0.7025807829034119
2023-01-10 17:15:00,s0044,0.6403238084624348
2023-01-10 17:30:00,s0044,0.6141133789532218
2023-01-10 17:45:00,s0044,0.6034683847086968
2023-01-10 18:00:00,s0044,0.6598363546596813
2023-01-10 18:15:00,s0044,0.7026050185539676
2023-01-10 18:30:00,s0044,0.6692558401533947
2023-01-10 18:45:00,s0044,0.6488199481107816
2023-01-10 19:00:00,s0044,0.6798532507922468
2023-01-10 19:15:00,s0044,0.6321303637836576
2023-01-10 19:30:00,s0044,0.5954549328117238
2023-01-10 19:45:00,s0044,0.37013615156758
2023-01-10 20:00:00,s0044,0.3307316008273068
2023-01-10 20:15:00,s0044,0.31339140280986577
2023-01-10 20:30:00,s0044,0.332247066356127
2023-01-10 20:45:00,s0044,0.42724706680827657
2023-01-10 21:00:00,s0044,0.44303144645071385
2023-01-10 21:15:00,s0044,0.4179690993836924
2023-01-10 21:30:00,s0044,0.451594824462248
2023-01-10 21:45:00,s0044,0.4922917527982267
2023-01-10 22:00:00,s0044,0.5030556644331696
2023-01-10 22:15:00,s0044,0.44712220671105274
2023-01-10 22:30:00,s0044,0.46788552763576935
2023-01-10 22:45:00,s0044,0.3873739034461866
2023-01-10 23:00:00,s0044,0.36918782533726935
2023-01-10 23:15:00,s0044,0.39910676272106516
2023-01-10 23:30:00,s0044,0.3750646781833278
2023-01-10 23:45:00,s0044,0.384796934953695
2023-01-10 00:00:00,s0045,0.4572240647077763
2023-01-10 00:15:00,s0045,0.4417924952747571
2023-01-10 00:30:00,s0045,0.3968736516998002
2023-01-10 00:45:00,s0045,0.4457982996538769
2023-01-10 01:00:00,s0045,0.39513321581239147
2023-01-10 01:15:00,s0045,0.4296521862822833
2023-01-10 01:30:00,s0045,0.45746143242517445
2023-01-10 01:45:00,s0045,0.4238517781593893
2023-01-10 02:00:00,s0045,0.49728189635944847
2023-01-10 02:15:00,s0045,0.49130853225326226
2023-01-10 02:30:00,s0045,0.4945710364592493
2023-01-10 02:45:00,s0045,0.4524342250182684
2023-01-10 03:00:00,s0045,0.4871787514471731
2023-01-10 03:15:00,s0045,0.519896142077559
2023-01-10 03:30:00,s0045,0.6488634037548001
2023-01-10 03:45:00,s0045,0.8778366646934803
2023-01-10 04:00:00,s0045,0.8853750241694003
2023-01-10 04:15:00,s0045,0.8918018209596448
2023-01-10 04:30:00,s0045,0.8533054956987219
2023-01-10 04:45:00,s0045,0.8005650011501305
2023-01-10 05:00:00,s0045,0.8712837939472476
2023-01-10 05:15:00,s0045,0.8269351258563991
2023-01-10 05:30:00,s0045,0.8775924452319238
2023-01-10 05:45:00,s0045,0.8341509693505795
2023-01-10 06:00:00,s0045,0.8132062322007205
2023-01-10 06:15:00,s0045,0.8140657739091983
2023-01-10 06:30:00,s0045,0.803131845008973
2023-01-10 06:45:00,s0045,0.7788244161954483
2023-01-10 07:00:00,s0045,0.8145077028560319
2023-01-10 07:15:00,s0045,0.854071126709954
2023-01-10 07:30:00,s0045,0.8450926159688291
2023-01-10 07:45:00,s0045,0.8548301545431343
2023-01-10 08:00:00,s0045,0.8137777033898714
2023-01-10 08:15:00,s0045,0.7999224414961056
2023-01-10 08:30:00,s0045,0.8442636563107935
2023-01-10 08:45:00,s0045,0.877390732380098
2023-01-10 09:00:00,s0045,0.8491636933263605
2023-01-10 09:15:00,s0045,0.852931843517614
2023-01-10 09:30:00,s0045,0.8628828124642793
2023-01-10 09:45:00,s0045,0.8924205340221778
2023-01-10 10:00:00,s0045,0.885589606263596
2023-01-10 10:15:00,s0045,0.9318830717193101
2023-01-10 10:30:00,s0045,1.0
2023-01-10 10:45:00,s0045,0.9734208999904661
2023-01-10 11:00:00,s0045,1.0
2023-01-10 11:15:00,s0045,1.0000000005449146
2023-01-10 11:30:00,s0045,1.0000000010952537
2023-01-10 11:45:00,s0045,1.000000001647308
2023-01-10 12:00:00,s0045,1.0000000027456393
2023-01-10 12:15:00,s0045,0.9526708771764303
2023-01-10 12:30:00,s0045,1.0
2023-01-10 12:45:00,s0045,0.9766542358535764
2023-01-10 13:00:00,s0045,0.9798923134737676
2023-01-10 13:15:00,s0045,0.9817666482657699
2023-01-10 13:30:00,s0045,0.9409361985642869
2023-01-10 13:45:00,s0045,0.8626144158251212
2023-01-10 14:00:00,s0045,0.8761428341191629
2023-01-10 14:15:00,s0045,0.8353731128717524
2023-01-10 14:30:00,s0045,0.8625016086195416
2023-01-10 14:45:00,s0045,0.8266787538725828
2023-01-10 15:00:00,s0045,0.7823502331338774
2023-01-10 15:15:00,s0045,0.7670322283592131
2023-01-10 15:30:00,s0045,0.7668791878428394
2023-01-10 15:45:00,s0045,0.7586037770854749
2023-01-10 16:00:00,s0045,0.7969950278105548
2023-01-10 16:15:00,s0045,0.8783332101530453
2023-01-10 16:30:00,s0045,0.8451923839153577
2023-01-10 16:45:00,s0045,0.7639460781852386
2023-01-10 17:00:00,s0045,0.7050854869496741
2023-01-10 17:15:00,s0045,0.7883843822693082
2023-01-10 17:30:00,s0045,0.6989072880246658
2023-01-10 17:45:00,s0045,0.6896713068653103
2023-01-10 18:00:00,s0045,0.6869411439411277
2023-01-10 18:15:00,s0045,0.6195646968959281
2023-01-10 18:30:00,s0045,0.659600889470852
2023-01-10 18:45:00,s0045,0.60384212798137
2023-01-10 19:00:00,s0045,0.5848825519025176
2023-01-10 19:15:00,s0045,0.47086270115463624
2023-01-10 19:30:00,s0045,0.410058334837966
2023-01-10 19:45:00,s0045,0.20214348798863235
2023-01-10 20:00:00,s0045,0.09409269129595743
2023-01-10 20:15:00,s0045,0.0
2023-01-10 20:30:00,s0045,0.051319962163158706
2023-01-10 20:45:00,s0045,0.0
2023-01-10 21:00:00,s0045,0.007884101272554456
2023-01-10 21:15:00,s0045,0.10288410438711926
2023-01-10 21:30:00,s0045,0.09736528970433195
2023-01-10 21:45:00,s0045,0.05176323275994732
2023-01-10 22:00:00,s0045,0.00033765951358272206
2023-01-10 22:15:00,s0045,0.023891373022928042
2023-01-10 22:30:00,s0045,0.0
2023-01-10 22:45:00,s0045,0.02134583358435055
2023-01-10 23:00:00,s0045,0.04964825648639942
2023-01-10 23:15:00,s0045,0.08138100319002628
2023-01-10 23:30:00,s0045,0.09742501212401139
2023-01-10 23:45:00,s0045,0.08186267869465075
2023-01-10 00:00:00,s0046,0.4849225256944473
2023-01-10 00:15:00,s0046,0.4184095604463955
2023-01-10 00:30:00,s0046,0.4470697982475383
2023-01-10 00:45:00,s0046,0.4949930104472263
2023-01-10 01:00:00,s0046,0.45023883822630795
2023-01-10 01:15:00,s0046,0.5077912615723824
2023-01-10 01:30:00,s0046,0.4214684571166553
2023-01-10 01:45:00,s0046,0.3292926584695187
2023-01-10 02:00:00,s0046,0.36017736353471885
2023-01-10 02:15:00,s0046,0.3323649788458429
2023-01-10 02:30:00,s0046,0.40521432379404354
2023-01-10 02:45:00,s0046,0.4474801165353884
2023-01-10 03:00:00,s0046,0.5274044832444432
2023-01-10 03:15:00,s0046,0.5802083124057357
2023-01-10 03:30:00,s0046,0.6551130200245197
2023-01-10 03:45:00,s0046,0.776580898852125
2023-01-10 04:00:00,s0046,0.6713181781286033
2023-01-10 04:15:00,s0046,0.6525371619572589
2023-01-10 04:30:00,s0046,0.6462944183365935
2023-01-10 04:45:00,s0046,0.5674858645343215
2023-01-10 05:00:00,s0046,0.5813847668874486
2023-01-10 05:15:00,s0046,0.5110416352123486
2023-01-10 05:30:00,s0046,0.4057784810099293
2023-01-10 05:45:00,s0046,0.39851742969304305
2023-01-10 06:00:00,s0046,0.4279102837792931
2023-01-10 06:15:00,s0046,0.4867418474802506
2023-01-10 06:30:00,s0046,0.48634099245201645
2023-01-10 06:45:00,s0046,0.42765439062495314
2023-01-10 07:00:00,s0046,0.4557264588340344
2023-01-10 07:15:00,s0046,0.45838402418589463
2023-01-10 07:30:00,s0046,0.44950590085627185
2023-01-10 07:45:00,s0046,0.5445059011038702
2023-01-10 08:00:00,s0046,0.4392427433867102
2023-01-10 08:15:00,s0046,0.38754647770318085
2023-01-10 08:30:00,s0046,0.369412654424757
2023-01-10 08:45:00,s0046,0.32314152954977526
2023-01-10 09:00:00,s0046,0.28256991294598865
2023-01-10 09:15:00,s0046,0.33242600762855656
2023-01-10 09:30:00,s0046,0.26264688695201555
2023-01-10 09:45:00,s0046,0.24219159438621418
2023-01-10 10:00:00,s0046,0.13692843682454614
2023-01-10 10:15:00,s0046,0.034210290997001014
2023-01-10 10:30:00,s0046,0.011766252818477096
2023-01-10 10:45:00,s0046,0.03459757101654315
2023-01-10 11:00:00,s0046,0.12959757155256635
2023-01-10 11:15:00,s0046,0.07299676371516395
2023-01-10 11:30:00,s0046,0.03668522143555952
2023-01-10 11:45:00,s0046,0.1316852219876139
2023-01-10 12:00:00,s0046,0.026422065191208266
2023-01-10 12:15:00,s0046,0.039041856841242284
2023-01-10 12:30:00,s0046,0.09802662794031292
2023-01-10 12:45:00,s0046,0.1416751081786064
2023-01-10 13:00:00,s0046,0.13611880987208413
2023-01-10 13:15:00,s0046,0.22268898301630036
2023-01-10 13:30:00,s0046,0.13712522848364794
2023-01-10 13:45:00,s0046,0.09476717503861487
2023-01-10 14:00:00,s0046,0.11679687307317499
2023-01-10 14:15:00,s0046,0.09797454480126444
2023-01-10 14:30:00,s0046,0.10953832917663564
2023-01-10 14:45:00,s0046,0.11280096800899586
2023-01-10 15:00:00,s0046,0.10194439591428484
2023-01-10 15:15:00,s0046,0.14005578529433638
2023-01-10 15:30:00,s0046,0.22005068103505832
2023-01-10 15:45:00,s0046,0.2544751801048326
2023-01-10 16:00:00,s0046,0.28755936467826393
2023-01-10 16:15:00,s0046,0.22364565487101262
2023-01-10 16:30:00,s0046,0.14290077763996945
2023-01-10 16:45:00,s0046,0.09724516986025644
2023-01-10 17:00:00,s0046,0.136460645673392
2023-01-10 17:15:00,s0046,0.15037117325320748
2023-01-10 17:30:00,s0046,0.10145188207954059
2023-01-10 17:45:00,s0046,0.13453999642305647
2023-01-10 18:00:00,s0046,0.100483232278332
2023-01-10 18:15:00,s0046,0.0
2023-01-10 18:30:00,s0046,0.0
2023-01-10 18:45:00,s0046,0.0
2023-01-10 19:00:00,s0046,0.0
2023-01-10 19:15:00,s0046,0.0
2023-01-10 19:30:00,s0046,0.0
2023-01-10 19:45:00,s0046,0.0
2023-01-10 20:00:00,s0046,0.0
2023-01-10 20:15:00,s0046,0.0
2023-01-10 20:30:00,s0046,0.0
2023-01-10 20:45:00,s0046,0.0751180869879427
2023-01-10 21:00:00,s0046,0.0
2023-01-10 21:15:00,s0046,0.0
2023-01-10 21:30:00,s0046,0.0
2023-01-10 21:45:00,s0046,0.0
2023-01-10 22:00:00,s0046,0.0
2023-01-10 22:15:00,s0046,0.0
2023-01-10 22:30:00,s0046,0.010617749102806162
2023-01-10 22:45:00,s0046,0.048736651221274185
2023-01-10 23:00:00,s0046,0.0
2023-01-10 23:15:00,s0046,0.0
2023-01-10 23:30:00,s0046,0.0
2023-01-10 23:45:00,s0046,0.0
2023-01-10 00:00:00,s0047,0.4969315108249143
2023-01-10 00:15:00,s0047,0.5625766148824937
2023-01-10 00:30:00,s0047,0.5874742137028244
2023-01-10 00:45:00,s0047,0.609938620532521
2023-01-10 01:00:00,s0047,0.7049386769271273
2023-01-10 01:15:00,s0047,0.7291501934427763
2023-01-10 01:30:00,s0047,0.7412198445048825
2023-01-10 01:45:00,s0047,0.8044450339525361
2023-01-10 02:00:00,s0047,0.8134844530707332
2023-01-10 02:15:00,s0047,0.8293056582666929
2023-01-10 02:30:00,s0047,0.8689054199736351
2023-01-10 02:45:00,s0047,0.7954450175566775
2023-01-10 03:00:00,s0047,0.8686800396120598
2023-01-10 03:15:00,s0047,1.0
2023-01-10 03:30:00,s0047,1.0
2023-01-10 03:45:00,s0047,1.0
2023-01-10 04:00:00,s0047,0.94653820738609
2023-01-10 04:15:00,s0047,1.0
2023-01-10 04:30:00,s0047,0.8947374506701671
2023-01-10 04:45:00,s0047,0.9009483522372415
2023-01-10 05:00:00,s0047,0.7956851976704957
2023-01-10 05:15:00,s0047,0.8072902225214631
2023-01-10 05:30:00,s0047,0.7821695549697668
2023-01-10 05:45:00,s0047,0.8022137629414304
2023-01-10 06:00:00,s0047,0.7400433062553937
2023-01-10 06:15:00,s0047,0.7154509659192361
2023-01-10 06:30:00,s0047,0.7008104257189837
2023-01-10 06:45:00,s0047,0.7794951525537106
2023-01-10 07:00:00,s0047,0.6742319949030697
2023-01-10 07:15:00,s0047,0.7368591569897103
2023-01-10 07:30:00,s0047,0.7015404076192655
2023-01-10 07:45:00,s0047,0.6280348959545767
2023-01-10 08:00:00,s0047,0.6793164807672089
2023-01-10 08:15:00,s0047,0.6611333666536034
2023-01-10 08:30:00,s0047,0.7561333668325219
2023-01-10 08:45:00,s0047,0.7286458698365503
2023-01-10 09:00:00,s0047,0.773933932608452
2023-01-10 09:15:00,s0047,0.7206541955084083
2023-01-10 09:30:00,s0047,0.7675163875186948
2023-01-10 09:45:00,s0047,0.7725342959317206
2023-01-10 10:00:00,s0047,0.7756208748009604
2023-01-10 10:15:00,s0047,0.8427260498830673
2023-01-10 10:30:00,s0047,0.8720971520489569
2023-01-10 10:45:00,s0047,0.9123318316195342
2023-01-10 11:00:00,s0047,0.9813966195168408
2023-01-10 11:15:00,s0047,1.0
2023-01-10 11:30:00,s0047,1.000000000550339
2023-01-10 11:45:00,s0047,0.8947368432076568
2023-01-10 12:00:00,s0047,0.8150983942203015
2023-01-10 12:15:00,s0047,0.7098352374314566
2023-01-10 12:30:00,s0047,0.7389546612823534
2023-01-10 12:45:00,s0047,0.7734458175668842
2023-01-10 13:00:00,s0047,0.8684458183781057
2023-01-10 13:15:00,s0047,0.8890613591116954
2023-01-10 13:30:00,s0047,0.9163541552742809
2023-01-10 13:45:00,s0047,0.9540108068524823
2023-01-10 14:00:00,s0047,0.8617934493357966
2023-01-10 14:15:00,s0047,0.826938784759842
2023-01-10 14:30:00,s0047,0.721675627380886
2023-01-10 14:45:00,s0047,0.7034688739564305
2023-01-10 15:00:00,s0047,0.7534000078565988
2023-01-10 15:15:00,s0047,0.7792091775967254
2023-01-10 15:30:00,s0047,0.7513637109533731
2023-01-10 15:45:00,s0047,0.7668540647790251
2023-01-10 16:00:00,s0047,0.7646596345443002
2023-01-10 16:15:00,s0047,0.7206350051537036
2023-01-10 16:30:00,s0047,0.7928188815798279
2023-01-10 16:45:00,s0047,0.8276591932898241
2023-01-10 17:00:00,s0047,0.8693288515695847
2023-01-10 17:15:00,s0047,0.9467260484721589
2023-01-10 17:30:00,s0047,1.0
2023-01-10 17:45:00,s0047,1.0000000002055272
2023-01-10 18:00:00,s0047,0.9548376561780726
2023-01-10 18:15:00,s0047,0.9565923717853153
2023-01-10 18:30:00,s0047,0.9323180803304416
2023-01-10 18:45:00,s0047,0.833443923850916
2023-01-10 19:00:00,s0047,0.8004161845433974
2023-01-10 19:15:00,s0047,0.7365748025181896
2023-01-10 19:30:00,s0047,0.7285902444853302
2023-01-10 19:45:00,s0047,0.5052421853639617
2023-01-10 20:00:00,s0047,0.43487203983591904
2023-01-10 20:15:00,s0047,0.4373034667820544
2023-01-10 20:30:00,s0047,0.4140122946709572
2023-01-10 20:45:00,s0047,0.4978973500925255
2023-01-10 21:00:00,s0047,0.45635020380427344
2023-01-10 21:15:00,s0047,0.5038711625179333
2023-01-10 21:30:00,s0047,0.5520528650523799
2023-01-10 21:45:00,s0047,0.6087252910075717
2023-01-10 22:00:00,s0047,0.6348617722742764
2023-01-10 22:15:00,s0047,0.6049475910829598
2023-01-10 22:30:00,s0047,0.5380869440973621
2023-01-10 22:45:00,s0047,0.5671996410750488
2023-01-10 23:00:00,s0047,0.6173672753796193
2023-01-10 23:15:00,s0047,0.6413423637296014
2023-01-10 23:30:00,s0047,0.7273671654682328
2023-01-10 23:45:00,s0047,0.7625549535575067
2023-01-10 00:00:00,s0048,0.4985544575630999
2023-01-10 00:15:00,s0048,0.4944566159568501
2023-01-10 00:30:00,s0048,0.4733652225779214
2023-01-10 00:45:00,s0048,0.5504223593538812
2023-01-10 01:00:00,s0048,0.502561019712839
2023-01-10 01:15:00,s0048,0.5660369967821817
2023-01-10 01:30:00,s0048,0.4756672980218798
2023-01-10 01:45:00,s0048,0.4459067152447554
2023-01-10 02:00:00,s0048,0.4824211367933925
2023-01-10 02:15:00,s0048,0.5624473373532447
2023-01-10 02:30:00,s0048,0.6204322521006431
2023-01-10 02:45:00,s0048,0.651331464875205
2023-01-10 03:00:00,s0048,0.745189032133644
2023-01-10 03:15:00,s0048,0.8851570876427294
2023-01-10 03:30:00,s0048,0.9717692359084915
2023-01-10 03:45:00,s0048,1.0
2023-01-10 04:00:00,s0048,1.0
2023-01-10 04:15:00,s0048,0.9962007402768172
2023-01-10 04:30:00,s0048,1.0
2023-01-10 04:45:00,s0048,0.9584436020266667
2023-01-10 05:00:00,s0048,0.9310588110369018
2023-01-10 05:15:00,s0048,0.8932459285441585
2023-01-10 05:30:00,s0048,0.8460103106171502
2023-01-10 05:45:00,s0048,0.8487774141948946
2023-01-10 06:00:00,s0048,0.775595495704023
2023-01-10 06:15:00,s0048,0.7617319274483758
2023-01-10 06:30:00,s0048,0.7761842049517558
2023-01-10 06:45:00,s0048,0.8027797065872815
2023-01-10 07:00:00,s0048,0.7715315270449996
2023-01-10 07:15:00,s0048,0.7537088562688846
2023-01-10 07:30:00,s0048,0.8236875503209361
2023-01-10 07:45:00,s0048,0.8964283288244675
2023-01-10 08:00:00,s0048,0.9765916704637203
2023-01-10 08:15:00,s0048,0.9080273014993433
2023-01-10 08:30:00,s0048,0.8027641437835248
2023-01-10 08:45:00,s0048,0.8423876778535141
2023-01-10 09:00:00,s0048,0.8782355768446013
2023-01-10 09:15:00,s0048,0.8782270127938019
2023-01-10 09:30:00,s0048,0.8923090394996878
2023-01-10 09:45:00,s0048,0.9110318205927403
2023-01-10 10:00:00,s0048,1.0
2023-01-10 10:15:00,s0048,0.993769155030075
2023-01-10 10:30:00,s0048,1.0
2023-01-10 10:45:00,s0048,1.0000000003406446
2023-01-10 11:00:00,s0048,0.9696185662953846
2023-01-10 11:15:00,s0048,0.8750399284685076
2023-01-10 11:30:00,s0048,0.76977677112411
2023-01-10 11:45:00,s0048,0.7999819649911404
2023-01-10 12:00:00,s0048,0.8523811096865821
2023-01-10 12:15:00,s0048,0.9074912452660984
2023-01-10 12:30:00,s0048,0.9416394626181975
2023-01-10 12:45:00,s0048,1.0
2023-01-10 13:00:00,s0048,0.9472971618516876
2023-01-10 13:15:00,s0048,0.8420340047858259
2023-01-10 13:30:00,s0048,0.7582460543865079
2023-01-10 13:45:00,s0048,0.7679509939033445
2023-01-10 14:00:00,s0048,0.6626878365140965
2023-01-10 14:15:00,s0048,0.6848406414205452
2023-01-10 14:30:00,s0048,0.7056105057921043
2023-01-10 14:45:00,s0048,0.7255979776167567
2023-01-10 15:00:00,s0048,0.716915193164575
2023-01-10 15:15:00,s0048,0.7153457892477597
2023-01-10 15:30:00,s0048,0.6417399241782835
2023-01-10 15:45:00,s0048,0.5632437884102511
2023-01-10 16:00:00,s0048,0.644764356479805
2023-01-10 16:15:00,s0048,0.6897505440700633
2023-01-10 16:30:00,s0048,0.6893302111229128
2023-01-10 16:45:00,s0048,0.6472234904606207
2023-01-10 17:00:00,s0048,0.5856658520003173
2023-01-10 17:15:00,s0048,0.5260148154132651
2023-01-10 17:30:00,s0048,0.46044902902842977
2023-01-10 17:45:00,s0048,0.48534592224779183
2023-01-10 18:00:00,s0048,0.5003900815919305
2023-01-10 18:15:00,s0048,0.5540660483531112
2023-01-10 18:30:00,s0048,0.5921384518682701
2023-01-10 18:45:00,s0048,0.40491257954892923
2023-01-10 19:00:00,s0048,0.39495687288719283
2023-01-10 19:15:00,s0048,0.3291919284832704
2023-01-10 19:30:00,s0048,0.3873818612140301
2023-01-10 19:45:00,s0048,0.13536485055313074
2023-01-10 20:00:00,s0048,0.03488179712127348
2023-01-10 20:15:00,s0048,0.0
2023-01-10 20:30:00,s0048,0.0
2023-01-10 20:45:00,s0048,0.0
2023-01-10 21:00:00,s0048,0.04567957306431747
2023-01-10 21:15:00,s0048,0.059425050529281154
2023-01-10 21:30:00,s0048,0.15442505143230834
2023-01-10 21:45:00,s0048,0.15072242594679153
2023-01-10 22:00:00,s0048,0.08722035940125389
2023-01-10 22:15:00,s0048,0.1264814246025529
2023-01-10 22:30:00,s0048,0.10326671657265957
2023-01-10 22:45:00,s0048,0.10638960489211319
2023-01-10 23:00:00,s0048,0.035856039520469396
2023-01-10 23:15:00,s0048,0.08227385280888416
2023-01-10 23:30:00,s0048,0.04331990715093181
2023-01-10 23:45:00,s0048,0.0
2023-01-10 00:00:00,s0049,0.4976616559623902
2023-01-10 00:15:00,s0049,0.5049950250142132
2023-01-10 00:30:00,s0049,0.46416903955606914
2023-01-10 00:45:00,s0049,0.46213874792326326
2023-01-10 01:00:00,s0049,0.45696534014187135
2023-01-10 01:15:00,s0049,0.35351804973373646
2023-01-10 01:30:00,s0049,0.39821640701452793
2023-01-10 01:45:00,s0049,0.40642392234229996
2023-01-10 02:00:00,s0049,0.4410049494261495
2023-01-10 02:15:00,s0049,0.45956185140980654
2023-01-10 02:30:00,s0049,0.445357406513054
2023-01-10 02:45:00,s0049,0.34009431073607643
2023-01-10 03:00:00,s0049,0.4280656033252729
2023-01-10 03:15:00,s0049,0.4365260457000704
2023-01-10 03:30:00,s0049,0.612033897224517
2023-01-10 03:45:00,s0049,0.7150831221721711
2023-01-10 04:00:00,s0049,0.6098204014486494
2023-01-10 04:15:00,s0049,0.5729574130699555
2023-01-10 04:30:00,s0049,0.557934809974043
2023-01-10 04:45:00,s0049,0.5070617250185778
2023-01-10 05:00:00,s0049,0.4752584457644845
2023-01-10 05:15:00,s0049,0.4243282799097412
2023-01-10 05:30:00,s0049,0.3333345134753287
2023-01-10 05:45:00,s0049,0.4122687487373604
2023-01-10 06:00:00,s0049,0.3070055912740932
2023-01-10 06:15:00,s0049,0.26731887495083184
2023-01-10 06:30:00,s0049,0.16205571749676462
2023-01-10 06:45:00,s0049,0.16235928692729207
2023-01-10 07:00:00,s0049,0.13510544786766776
2023-01-10 07:15:00,s0049,0.1362700300255988
2023-01-10 07:30:00,s0049,0.13471557056930916
2023-01-10 07:45:00,s0049,0.16042252349132302
2023-01-10 08:00:00,s0049,0.1630730741022257
2023-01-10 08:15:00,s0049,0.10761595767597554
2023-01-10 08:30:00,s0049,0.11760186879400325
2023-01-10 08:45:00,s0049,0.13212395938113886
2023-01-10 09:00:00,s0049,0.026860801714851612
2023-01-10 09:15:00,s0049,0.022661300940769125
2023-01-10 09:30:00,s0049,0.0
2023-01-10 09:45:00,s0049,0.05140103885364078
2023-01-10 10:00:00,s0049,0.14640103918670955
2023-01-10 10:15:00,s0049,0.23336566232697675
2023-01-10 10:30:00,s0049,0.3283656626645679
2023-01-10 10:45:00,s0049,0.30699853073371985
2023-01-10 11:00:00,s0049,0.20173537337500624
2023-01-10 11:15:00,s0049,0.09647221602518385
2023-01-10 11:30:00,s0049,0.1314702642793193
2023-01-10 11:45:00,s0049,0.02620710693663686
2023-01-10 12:00:00,s0049,0.07988766249862733
2023-01-10 12:15:00,s0049,0.13577664831417113
2023-01-10 12:30:00,s0049,0.03051349156041272
2023-01-10 12:45:00,s0049,0.08409898200013144
2023-01-10 13:00:00,s0049,0.05034387812760499
2023-01-10 13:15:00,s0049,0.14534387895648015
2023-01-10 13:30:00,s0049,0.08659735475368802
2023-01-10 13:45:00,s0049,0.08446812386444669
2023-01-10 14:00:00,s0049,0.0
2023-01-10 14:15:00,s0049,0.0031833940231057456
2023-01-10 14:30:00,s0049,0.0
2023-01-10 14:45:00,s0049,0.014287259976878852
2023-01-10 15:00:00,s0049,0.02850793104310867
2023-01-10 15:15:00,s0049,0.034284246615457925
2023-01-10 15:30:00,s0049,0.08886981217746137
2023-01-10 15:45:00,s0049,0.002196443132956527
2023-01-10 16:00:00,s0049,0.0
2023-01-10 16:15:00,s0049,0.0
2023-01-10 16:30:00,s0049,0.0
2023-01-10 16:45:00,s0049,0.0
2023-01-10 17:00:00,s0049,0.01218954966382757
2023-01-10 17:15:00,s0049,0.06193667158001748
2023-01-10 17:30:00,s0049,0.0
2023-01-10 17:45:00,s0049,0.0
2023-01-10 18:00:00,s0049,0.016829329113275504
2023-01-10 18:15:00,s0049,0.0
2023-01-10 18:30:00,s0049,0.0
2023-01-10 18:45:00,s0049,0.0
2023-01-10 19:00:00,s0049,0.0
2023-01-10 19:15:00,s0049,0.0
2023-01-10 19:30:00,s0049,0.0
2023-01-10 19:45:00,s0049,0.0
2023-01-10 20:00:00,s0049,0.0
2023-01-10 20:15:00,s0049,0.0
2023-01-10 20:30:00,s0049,0.0
2023-01-10 20:45:00,s0049,0.009095233713576789
2023-01-10 21:00:00,s0049,0.03317483105930735
2023-01-10 21:15:00,s0049,0.0734168830902942
2023-01-10 21:30:00,s0049,0.07035622175496176
2023-01-10 21:45:00,s0049,0.06603767836448332
2023-01-10 22:00:00,s0049,0.02937920199740557
2023-01-10 22:15:00,s0049,0.0
2023-01-10 22:30:00,s0049,0.0
2023-01-10 22:45:00,s0049,0.01095253205662211
2023-01-10 23:00:00,s0049,0.0320653144395982
2023-01-10 23:15:00,s0049,0.0481981538870771
2023-01-10 23:30:00,s0049,0.059711439302584546
2023-01-10 23:45:00,s0049,0.01812378636488199
2023-01-10 00:00:00,s0050,0.5295545351039014
2023-01-10 00:15:00,s0050,0.5887638775669696
2023-01-10 00:30:00,s0050,0.6429093353423373
2023-01-10 00:45:00,s0050,0.6662728387070935
2023-01-10 01:00:00,s0050,0.7572337357159289
2023-01-10 01:15:00,s0050,0.8522337915869681
2023-01-10 01:30:00,s0050,0.8116056510337655
2023-01-10 01:45:00,s0050,0.8358095991637501
2023-01-10 02:00:00,s0050,0.8550629662206064
2023-01-10 02:15:00,s0050,0.7972324447971737
2023-01-10 02:30:00,s0050,0.7729195326309928
2023-01-10 02:45:00,s0050,0.755219845500759
2023-01-10 03:00:00,s0050,0.8440904647220102
2023-01-10 03:15:00,s0050,0.9717714753245243
2023-01-10 03:30:00,s0050,1.0
2023-01-10 03:45:00,s0050,1.0
2023-01-10 04:00:00,s0050,1.0
2023-01-10 04:15:00,s0050,0.8947373343599344
2023-01-10 04:30:00,s0050,0.8145514560166586
2023-01-10 04:45:00,s0050,0.7453468890130226
2023-01-10 05:00:00,s0050,0.7029601513163201
2023-01-10 05:15:00,s0050,0.6414280616582911
2023-01-10 05:30:00,s0050,0.6877812645607662
2023-01-10 05:45:00,s0050,0.7411161867286011
2023-01-10 06:00:00,s0050,0.6494408213094082
2023-01-10 06:15:00,s0050,0.6909910087345299
2023-01-10 06:30:00,s0050,0.5985119249969648
2023-01-10 06:45:00,s0050,0.5765535247695321
2023-01-10 07:00:00,s0050,0.5956054245116027
2023-01-10 07:15:00,s0050,0.6135825888017534
2023-01-10 07:30:00,s0050,0.703723007881047
2023-01-10 07:45:00,s0050,0.6865103755772546
2023-01-10 08:00:00,s0050,0.6735825977112153
2023-01-10 08:15:00,s0050,0.7271319802740279
2023-01-10 08:30:00,s0050,0.8221319804529463
2023-01-10 08:45:00,s0050,0.7737304628377211
2023-01-10 09:00:00,s0050,0.7820196801644194
2023-01-10 09:15:00,s0050,0.7770220058057116
2023-01-10 09:30:00,s0050,0.7406228088347585
2023-01-10 09:45:00,s0050,0.8356228090668018
2023-01-10 10:00:00,s0050,0.8414564782199081
2023-01-10 10:15:00,s0050,0.7540666081168355
2023-01-10 10:30:00,s0050,0.6569751519688561
2023-01-10 10:45:00,s0050,0.7519751523095008
2023-01-10 11:00:00,s0050,0.846975152845524
2023-01-10 11:15:00,s0050,0.9296560903593664
2023-01-10 11:30:00,s0050,0.8793566195161483
2023-01-10 11:45:00,s0050,0.9743566200682028
2023-01-10 12:00:00,s0050,1.0
2023-01-10 12:15:00,s0050,0.938528541962516
2023-01-10 12:30:00,s0050,0.9928418931339349
2023-01-10 12:45:00,s0050,1.0
2023-01-10 13:00:00,s0050,1.0000000008112215
2023-01-10 13:15:00,s0050,1.0000000016400967
2023-01-10 13:30:00,s0050,0.9953523438841163
2023-01-10 13:45:00,s0050,0.8900891868602995
2023-01-10 14:00:00,s0050,0.8575548209654036
2023-01-10 14:15:00,s0050,0.8643279514217583
2023-01-10 14:30:00,s0050,0.9593279519375392
2023-01-10 14:45:00,s0050,0.9758404236668152
2023-01-10 15:00:00,s0050,1.0
2023-01-10 15:15:00,s0050,1.000000000328936
2023-01-10 15:30:00,s0050,0.9804993527646784
2023-01-10 15:45:00,s0050,0.9969434419519174
2023-01-10 16:00:00,s0050,0.9218890555207458
2023-01-10 16:15:00,s0050,0.9650996225518498
2023-01-10 16:30:00,s0050,0.8987016993332747
2023-01-10 16:45:00,s0050,0.9251048773324759
2023-01-10 17:00:00,s0050,0.9422915931808146
2023-01-10 17:15:00,s0050,0.9934849306597822
2023-01-10 17:30:00,s0050,1.0
2023-01-10 17:45:00,s0050,1.0000000002055274
2023-01-10 18:00:00,s0050,1.0000000004316576
2023-01-10 18:15:00,s0050,1.0000000006621368
2023-01-10 18:30:00,s0050,1.0000000006714538
2023-01-10 18:45:00,s0050,0.9378151565096824
2023-01-10 19:00:00,s0050,0.9514059206943895
2023-01-10 19:15:00,s0050,0.9507734698235977
2023-01-10 19:30:00,s0050,1.0
2023-01-10 19:45:00,s0050,0.8056475650043593
2023-01-10 20:00:00,s0050,0.7593580091547466
2023-01-10 20:15:00,s0050,0.7181471551883041
2023-01-10 20:30:00,s0050,0.7446582349606989
2023-01-10 20:45:00,s0050,0.7601830778615903
2023-01-10 21:00:00,s0050,0.8361295063819016
2023-01-10 21:15:00,s0050,0.8447112734607745
2023-01-10 21:30:00,s0050,0.8965165831276198
2023-01-10 21:45:00,s0050,0.9873090748305329
2023-01-10 22:00:00,s0050,1.0
2023-01-10 22:15:00,s0050,1.000000001837136
2023-01-10 22:30:00,s0050,1.0000000037389087
2023-01-10 22:45:00,s0050,0.9739858698019381
2023-01-10 23:00:00,s0050,1.0
2023-01-10 23:15:00,s0050,0.9930760085782352
2023-01-10 23:30:00,s0050,1.0
2023-01-10 23:45:00,s0050,1.0
2023-01-10 00:00:00,s0051,0.537424895507104
2023-01-10 00:15:00,s0051,0.49298134605810173
2023-01-10 00:30:00,s0051,0.43438683365880437
2023-01-10 00:45:00,s0051,0.4699715857389456
2023-01-10 01:00:00,s0051,0.3844811864924324
2023-01-10 01:15:00,s0051,0.3934824128711329
2023-01-10 01:30:00,s0051,0.4309045020966212
2023-01-10 01:45:00,s0051,0.4228191789448404
2023-01-10 02:00:00,s0051,0.4018396055501332
2023-01-10 02:15:00,s0051,0.45001004853648335
2023-01-10 02:30:00,s0051,0.46927302414163713
2023-01-10 02:45:00,s0051,0.48549086977139605
2023-01-10 03:00:00,s0051,0.6219992125828675
2023-01-10 03:15:00,s0051,0.720697699373702
2023-01-10 03:30:00,s0051,0.78033767945425
2023-01-10 03:45:00,s0051,0.9070388496506455
2023-01-10 04:00:00,s0051,0.9862609603276845
2023-01-10 04:15:00,s0051,0.9312216908807922
2023-01-10 04:30:00,s0051,0.9133409367389406
2023-01-10 04:45:00,s0051,0.8080806966206013
2023-01-10 05:00:00,s0051,0.7976520636131903
2023-01-10 05:15:00,s0051,0.8303217829409864
2023-01-10 05:30:00,s0051,0.8058224505088153
2023-01-10 05:45:00,s0051,0.7976689410792438
2023-01-10 06:00:00,s0051,0.8264224149326028
2023-01-10 06:15:00,s0051,0.8730425676813163
2023-01-10 06:30:00,s0051,0.9253536695019358
2023-01-10 06:45:00,s0051,1.0
2023-01-10 07:00:00,s0051,1.000000000244096
2023-01-10 07:15:00,s0051,1.0000000004893737
2023-01-10 07:30:00,s0051,0.9992264945489375
2023-01-10 07:45:00,s0051,1.0
2023-01-10 08:00:00,s0051,0.966777263899895
2023-01-10 08:15:00,s0051,0.9340824039311063
2023-01-10 08:30:00,s0051,0.9023845545465169
2023-01-10 08:45:00,s0051,0.9649851030545954
2023-01-10 09:00:00,s0051,0.9447787897872038
2023-01-10 09:15:00,s0051,0.9121565995574452
2023-01-10 09:30:00,s0051,0.8970962271631754
2023-01-10 09:45:00,s0051,0.9920962273952186
2023-01-10 10:00:00,s0051,1.0
2023-01-10 10:15:00,s0051,0.9834574050617158
2023-01-10 10:30:00,s0051,1.0
2023-01-10 10:45:00,s0051,0.919024984224818
2023-01-10 11:00:00,s0051,0.9305730063396008
2023-01-10 11:15:00,s0051,1.0
2023-01-10 11:30:00,s0051,1.0000000005503393
2023-01-10 11:45:00,s0051,1.0000000011023937
2023-01-10 12:00:00,s0051,0.979354205841233
2023-01-10 12:15:00,s0051,1.0
2023-01-10 12:30:00,s0051,1.0000000011409784
2023-01-10 12:45:00,s0051,1.000000002332676
2023-01-10 13:00:00,s0051,1.0000000031438976
2023-01-10 13:15:00,s0051,1.0000000039727728
2023-01-10 13:30:00,s0051,0.9634271962529877
2023-01-10 13:45:00,s0051,0.964720802380703
2023-01-10 14:00:00,s0051,0.9543799364190335
2023-01-10 14:15:00,s0051,1.0
2023-01-10 14:30:00,s0051,0.9422275053111253
2023-01-10 14:45:00,s0051,0.9372855830081454
2023-01-10 15:00:00,s0051,0.9678405295491587
2023-01-10 15:15:00,s0051,0.9274349513885636
2023-01-10 15:30:00,s0051,0.9235657874022194
2023-01-10 15:45:00,s0051,0.9256881742843769
2023-01-10 16:00:00,s0051,0.9531243186645483
2023-01-10 16:15:00,s0051,0.9513816476565812
2023-01-10 16:30:00,s0051,0.8733886104921686
2023-01-10 16:45:00,s0051,0.9102928315673948
2023-01-10 17:00:00,s0051,0.9222708052808821
2023-01-10 17:15:00,s0051,0.849265043636887
2023-01-10 17:30:00,s0051,0.8343824069692276
2023-01-10 17:45:00,s0051,0.9177258025313526
2023-01-10 18:00:00,s0051,0.8926276558310662
2023-01-10 18:15:00,s0051,0.9042035005708552
2023-01-10 18:30:00,s0051,0.8667373936455792
2023-01-10 18:45:00,s0051,0.808800010259321
2023-01-10 19:00:00,s0051,0.8043994283779239
2023-01-10 19:15:00,s0051,0.7562318640779709
2023-01-10 19:30:00,s0051,0.7662906479275782
2023-01-10 19:45:00,s0051,0.544163112345069
2023-01-10 20:00:00,s0051,0.4376920945208392
2023-01-10 20:15:00,s0051,0.3793238221558595
2023-01-10 20:30:00,s0051,0.32539456799705446
2023-01-10 20:45:00,s0051,0.31688019157406677
2023-01-10 21:00:00,s0051,0.29353302557357663
2023-01-10 21:15:00,s0051,0.23580302025845404
2023-01-10 21:30:00,s0051,0.26729878312051913
2023-01-10 21:45:00,s0051,0.3066274548483451
2023-01-10 22:00:00,s0051,0.3602929261391432
2023-01-10 22:15:00,s0051,0.35674904841691707
2023-01-10 22:30:00,s0051,0.38518512517703885
2023-01-10 22:45:00,s0051,0.3906716279885665
2023-01-10 23:00:00,s0051,0.4170060913000321
2023-01-10 23:15:00,s0051,0.33798001260618715
2023-01-10 23:30:00,s0051,0.3491304584344333
2023-01-10 23:45:00,s0051,0.331264321757202
2023-01-10 00:00:00,s0052,0.48459088417965573
2023-01-10 00:15:00,s0052,0.47768907602925603
2023-01-10 00:30:00,s0052,0.5490390680758488
2023-01-10 00:45:00,s0052,0.518894789452488
2023-01-10 01:00:00,s0052,0.4546943487764835
2023-01-10 01:15:00,s0052,0.4331529385159256
2023-01-10 01:30:00,s0052,0.4333846114785604
2023-01-10 01:45:00,s0052,0.45719421785421527
2023-01-10 02:00:00,s0052,0.4347736031974106
2023-01-10 02:15:00,s0052,0.3589154537425407
2023-01-10 02:30:00,s0052,0.4237752027237971
2023-01-10 02:45:00,s0052,0.43721750535832393
2023-01-10 03:00:00,s0052,0.602330226588614
2023-01-10 03:15:00,s0052,0.6421150607291739
2023-01-10 03:30:00,s0052,0.7772559898843409
2023-01-10 03:45:00,s0052,0.9490150446726089
2023-01-10 04:00:00,s0052,1.0
2023-01-10 04:15:00,s0052,1.0
2023-01-10 04:30:00,s0052,0.9662024036108864
2023-01-10 04:45:00,s0052,1.0
2023-01-10 05:00:00,s0052,1.000000003327991
2023-01-10 05:15:00,s0052,1.0000000068022552
2023-01-10 05:30:00,s0052,0.9294846977124167
2023-01-10 05:45:00,s0052,0.8995685254761961
2023-01-10 06:00:00,s0052,0.8785870435512004
2023-01-10 06:15:00,s0052,0.8248122681548227
2023-01-10 06:30:00,s0052,0.8008397924209494
2023-01-10 06:45:00,s0052,0.7864472187042449
2023-01-10 07:00:00,s0052,0.8345312733737741
2023-01-10 07:15:00,s0052,0.7292681157243148
2023-01-10 07:30:00,s0052,0.6930966130057339
2023-01-10 07:45:00,s0052,0.638093175804003
2023-01-10 08:00:00,s0052,0.5620259543160685
2023-01-10 08:15:00,s0052,0.6046354035128094
2023-01-10 08:30:00,s0052,0.6268130155024008
2023-01-10 08:45:00,s0052,0.6188467048978321
2023-01-10 09:00:00,s0052,0.5242336151113958
2023-01-10 09:15:00,s0052,0.5508880562774385
2023-01-10 09:30:00,s0052,0.6458880565084473
2023-01-10 09:45:00,s0052,0.6353031063904861
2023-01-10 10:00:00,s0052,0.5300399488288181
2023-01-10 10:15:00,s0052,0.603460297507396
2023-01-10 10:30:00,s0052,0.4981971399502504
2023-01-10 10:45:00,s0052,0.563905522447262
2023-01-10 11:00:00,s0052,0.4696726971535887
2023-01-10 11:15:00,s0052,0.45493520884623717
2023-01-10 11:30:00,s0052,0.4812594438286554
2023-01-10 11:45:00,s0052,0.37599628648597294
2023-01-10 12:00:00,s0052,0.36593410664473414
2023-01-10 12:15:00,s0052,0.28381352282579364
2023-01-10 12:30:00,s0052,0.3318660988850656
2023-01-10 12:45:00,s0052,0.355677086202311
2023-01-10 13:00:00,s0052,0.29604711380547555
2023-01-10 13:15:00,s0052,0.24292649263983812
2023-01-10 13:30:00,s0052,0.3379264934884909
2023-01-10 13:45:00,s0052,0.29162466897535133
2023-01-10 14:00:00,s0052,0.24840354882060756
2023-01-10 14:15:00,s0052,0.19544148755085433
2023-01-10 14:30:00,s0052,0.15332735591137048
2023-01-10 14:45:00,s0052,0.1762145200657682
2023-01-10 15:00:00,s0052,0.11721518346232529
2023-01-10 15:15:00,s0052,0.21221518379126125
2023-01-10 15:30:00,s0052,0.20307330327407358
2023-01-10 15:45:00,s0052,0.16952855000668698
2023-01-10 16:00:00,s0052,0.15054891685540495
2023-01-10 16:15:00,s0052,0.07926218235182758
2023-01-10 16:30:00,s0052,0.10770730258255279
2023-01-10 16:45:00,s0052,0.09201679989147937
2023-01-10 17:00:00,s0052,0.05580747670777808
2023-01-10 17:15:00,s0052,0.04133057011657004
2023-01-10 17:30:00,s0052,0.009029543343193502
2023-01-10 17:45:00,s0052,0.0
2023-01-10 18:00:00,s0052,0.01764536109194159
2023-01-10 18:15:00,s0052,0.0
2023-01-10 18:30:00,s0052,0.0
2023-01-10 18:45:00,s0052,0.0
2023-01-10 19:00:00,s0052,0.0
2023-01-10 19:15:00,s0052,0.0
2023-01-10 19:30:00,s0052,0.0
2023-01-10 19:45:00,s0052,0.0
2023-01-10 20:00:00,s0052,0.0
2023-01-10 20:15:00,s0052,0.0
2023-01-10 20:30:00,s0052,0.0
2023-01-10 20:45:00,s0052,0.0
2023-01-10 21:00:00,s0052,0.0
2023-01-10 21:15:00,s0052,0.0
2023-01-10 21:30:00,s0052,0.0
2023-01-10 21:45:00,s0052,0.0
2023-01-10 22:00:00,s0052,0.032797196343860247
2023-01-10 22:15:00,s0052,0.0
2023-01-10 22:30:00,s0052,0.0
2023-01-10 22:45:00,s0052,0.0
2023-01-10 23:00:00,s0052,0.0
2023-01-10 23:15:00,s0052,0.09494459715914938
2023-01-10 23:30:00,s0052,0.07073384637073205
2023-01-10 23:45:00,s0052,0.14422475085298114
2023-01-10 00:00:00,s0053,0.5077399905625254
2023-01-10 00:15:00,s0053,0.5168820044417725
2023-01-10 00:30:00,s0053,0.5105062876275404
2023-01-10 00:45:00,s0053,0.5655677982333187
2023-01-10 01:00:00,s0053,0.5775232476699852
2023-01-10 01:15:00,s0053,0.5674446964362886
2023-01-10 01:30:00,s0053,0.48639286069798887
2023-01-10 01:45:00,s0053,0.540197289316077
2023-01-10 02:00:00,s0053,0.4556778366505642
2023-01-10 02:15:00,s0053,0.5051451237205726
2023-01-10 02:30:00,s0053,0.5562057793980304
2023-01-10 02:45:00,s0053,0.49487600482423866
2023-01-10 03:00:00,s0053,0.6112877420286631
2023-01-10 03:15:00,s0053,0.6696924949376466
2023-01-10 03:30:00,s0053,0.7892071345876845
2023-01-10 03:45:00,s0053,0.9047549152912456
2023-01-10 04:00:00,s0053,0.8638195647483082
2023-01-10 04:15:00,s0053,0.8633197638158142
2023-01-10 04:30:00,s0053,0.8387434743294235
2023-01-10 04:45:00,s0053,0.8188502577945491
2023-01-10 05:00:00,s0053,0.821483213762853
2023-01-10 05:15:00,s0053,0.8266305239041403
2023-01-10 05:30:00,s0053,0.8776473076413648
2023-01-10 05:45:00,s0053,0.9033810944466686
2023-01-10 06:00:00,s0053,0.9647804993268102
2023-01-10 06:15:00,s0053,0.9258032632957811
2023-01-10 06:30:00,s0053,0.90050104070829
2023-01-10 06:45:00,s0053,0.9034278462252908
2023-01-10 07:00:00,s0053,0.9638515784924252
2023-01-10 07:15:00,s0053,0.9619052464460146
2023-01-10 07:30:00,s0053,0.9955942286067048
2023-01-10 07:45:00,s0053,1.0
2023-01-10 08:00:00,s0053,1.0000000001775768
2023-01-10 08:15:00,s0053,1.000000000355824
2023-01-10 08:30:00,s0053,1.0000000005347423
2023-01-10 08:45:00,s0053,1.000000000714332
2023-01-10 09:00:00,s0053,1.0000000009427816
2023-01-10 09:15:00,s0053,1.00000000117262
2023-01-10 09:30:00,s0053,0.9575369825097176
2023-01-10 09:45:00,s0053,0.8522738248470241
2023-01-10 10:00:00,s0053,0.8389709949668408
2023-01-10 10:15:00,s0053,0.8613315616768227
2023-01-10 10:30:00,s0053,0.8098901712559952
2023-01-10 10:45:00,s0053,0.7605755225696849
2023-01-10 11:00:00,s0053,0.704485626455026
2023-01-10 11:15:00,s0053,0.7423772681833409
2023-01-10 11:30:00,s0053,0.8058684430904423
2023-01-10 11:45:00,s0053,0.7287946010242808
2023-01-10 12:00:00,s0053,0.8030706192025454
2023-01-10 12:15:00,s0053,0.7751789201060646
2023-01-10 12:30:00,s0053,0.8618302877788664
2023-01-10 12:45:00,s0053,0.8237894501472469
2023-01-10 13:00:00,s0053,0.873476342876159
2023-01-10 13:15:00,s0053,0.8406913754898904
2023-01-10 13:30:00,s0053,0.7578643086755703
2023-01-10 13:45:00,s0053,0.6788057874694315
2023-01-10 14:00:00,s0053,0.5758975978748531
2023-01-10 14:15:00,s0053,0.5958055629817223
2023-01-10 14:30:00,s0053,0.5743413299572924
2023-01-10 14:45:00,s0053,0.6019606681316412
2023-01-10 15:00:00,s0053,0.6672083464985038
2023-01-10 15:15:00,s0053,0.561945188932703
2023-01-10 15:30:00,s0053,0.6494986606547338
2023-01-10 15:45:00,s0053,0.6056646323156525
2023-01-10 16:00:00,s0053,0.5814801503996755
2023-01-10 16:15:00,s0053,0.5300409488066083
2023-01-10 16:30:00,s0053,0.5894758890314894
2023-01-10 16:45:00,s0053,0.5799312409890488
2023-01-10 17:00:00,s0053,0.6231941090589259
2023-01-10 17:15:00,s0053,0.5819755488729954
2023-01-10 17:30:00,s0053,0.5794174074002195
2023-01-10 17:45:00,s0053,0.5861290644008732
2023-01-10 18:00:00,s0053,0.6357742289583077
2023-01-10 18:15:00,s0053,0.6568260929858486
2023-01-10 18:30:00,s0053,0.7518260929951655
2023-01-10 18:45:00,s0053,0.6696177059307654
2023-01-10 19:00:00,s0053,0.6121436317163269
2023-01-10 19:15:00,s0053,0.5227299898382518
2023-01-10 19:30:00,s0053,0.5185913492218328
2023-01-10 19:45:00,s0053,0.19614379208264232
2023-01-10 20:00:00,s0053,0.1594923889994715
2023-01-10 20:15:00,s0053,0.10949172537979401
2023-01-10 20:30:00,s0053,0.15207289137489416
2023-01-10 20:45:00,s0053,0.13160819561145887
2023-01-10 21:00:00,s0053,0.14019586371869047
2023-01-10 21:15:00,s0053,0.1495508027290956
2023-01-10 21:30:00,s0053,0.21454226701669848
2023-01-10 21:45:00,s0053,0.21341201764652815
2023-01-10 22:00:00,s0053,0.20653239451543837
2023-01-10 22:15:00,s0053,0.14806881568561064
2023-01-10 22:30:00,s0053,0.09521271269491716
2023-01-10 22:45:00,s0053,0.11572193986436735
2023-01-10 23:00:00,s0053,0.09501583947274317
2023-01-10 23:15:00,s0053,0.04136371464485544
2023-01-10 23:30:00,s0053,0.04682158902016387
2023-01-10 23:45:00,s0053,0.021031494744110257
2023-01-10 00:00:00,s0054,0.5068419078330304
2023-01-10 00:15:00,s0054,0.47330271236603416
2023-01-10 00:30:00,s0054,0.5218367044244397
2023-01-10 00:45:00,s0054,0.5351595371114725
2023-01-10 01:00:00,s0054,0.569520054960297
2023-01-10 01:15:00,s0054,0.6243334738542832
2023-01-10 01:30:00,s0054,0.7155234987516359
2023-01-10 01:45:00,s0054,0.6102603952930254
2023-01-10 02:00:00,s0054,0.5330809963424469
2023-01-10 02:15:00,s0054,0.5394924246132506
2023-01-10 02:30:00,s0054,0.5408976429778662
2023-01-10 02:45:00,s0054,0.49870569179718655
2023-01-10 03:00:00,s0054,0.6362189230284145
2023-01-10 03:15:00,s0054,0.7337179585252496
2023-01-10 03:30:00,s0054,0.7949954193993876
2023-01-10 03:45:00,s0054,0.9736728413582957
2023-01-10 04:00:00,s0054,1.0
2023-01-10 04:15:00,s0054,1.0
2023-01-10 04:30:00,s0054,0.950531509538804
2023-01-10 04:45:00,s0054,0.8642779195316772
2023-01-10 05:00:00,s0054,0.8786797545885766
2023-01-10 05:15:00,s0054,0.8513442041248767
2023-01-10 05:30:00,s0054,0.9096824471359681
2023-01-10 05:45:00,s0054,0.8947744944853738
2023-01-10 06:00:00,s0054,0.8182976874254276
2023-01-10 06:15:00,s0054,0.8136466773221454
2023-01-10 06:30:00,s0054,0.7805228293877501
2023-01-10 06:45:00,s0054,0.769598169929985
2023-01-10 07:00:00,s0054,0.7932137268440022
2023-01-10 07:15:00,s0054,0.807621885977951
2023-01-10 07:30:00,s0054,0.7235150269961516
2023-01-10 07:45:00,s0054,0.6471816096652154
2023-01-10 08:00:00,s0054,0.7154438736729164
2023-01-10 08:15:00,s0054,0.7280608261671095
2023-01-10 08:30:00,s0054,0.6797785204281892
2023-01-10 08:45:00,s0054,0.7213170623333784
2023-01-10 09:00:00,s0054,0.8095083023174132
2023-01-10 09:15:00,s0054,0.8283041290946714
2023-01-10 09:30:00,s0054,0.8979810669787648
2023-01-10 09:45:00,s0054,0.9647189237370914
2023-01-10 10:00:00,s0054,0.8594557661754234
2023-01-10 10:15:00,s0054,0.7541926086157105
2023-01-10 10:30:00,s0054,0.8045561573171258
2023-01-10 10:45:00,s0054,0.7548774231103479
2023-01-10 11:00:00,s0054,0.8498774236463711
2023-01-10 11:15:00,s0054,0.7666643228702298
2023-01-10 11:30:00,s0054,0.861664323420569
2023-01-10 11:45:00,s0054,0.9566643239726234
2023-01-10 12:00:00,s0054,0.9349482322853147
2023-01-10 12:15:00,s0054,1.0
2023-01-10 12:30:00,s0054,0.9958227856273797
2023-01-10 12:45:00,s0054,1.0
2023-01-10 13:00:00,s0054,0.8966282910697102
2023-01-10 13:15:00,s0054,0.9237387491379495
2023-01-10 13:30:00,s0054,0.8761771491717153
2023-01-10 13:45:00,s0054,0.8596399005258635
2023-01-10 14:00:00,s0054,0.8503278408274317
2023-01-10 14:15:00,s0054,0.8562691639523683
2023-01-10 14:30:00,s0054,0.8974170165366464
2023-01-10 14:45:00,s0054,0.9002963076534896
2023-01-10 15:00:00,s0054,0.8901488708903877
2023-01-10 15:15:00,s0054,0.9851488712193237
2023-01-10 15:30:00,s0054,0.9833360327818524
2023-01-10 15:45:00,s0054,1.0
2023-01-10 16:00:00,s0054,0.9691105764545775
2023-01-10 16:15:00,s0054,1.0
2023-01-10 16:30:00,s0054,1.0000000002473848
2023-01-10 16:45:00,s0054,0.9018764044798555
2023-01-10 17:00:00,s0054,0.8904065253724432
2023-01-10 17:15:00,s0054,0.9361414689188241
2023-01-10 17:30:00,s0054,0.9465755608567958
2023-01-10 17:45:00,s0054,1.0
2023-01-10 18:00:00,s0054,0.9969694253091281
2023-01-10 18:15:00,s0054,0.9961845024573271
2023-01-10 18:30:00,s0054,0.9183861332392584
2023-01-10 18:45:00,s0054,0.8365837491793047
2023-01-10 19:00:00,s0054,0.8129141422519323
2023-01-10 19:15:00,s0054,0.6841824665590475
2023-01-10 19:30:00,s0054,0.7080334058126748
2023-01-10 19:45:00,s0054,0.4943879498052071
2023-01-10 20:00:00,s0054,0.4057666736936861
2023-01-10 20:15:00,s0054,0.3904090565395596
2023-01-10 20:30:00,s0054,0.3523266732225524
2023-01-10 20:45:00,s0054,0.3790898502138884
2023-01-10 21:00:00,s0054,0.4019627937082402
2023-01-10 21:15:00,s0054,0.47964973436693265
2023-01-10 21:30:00,s0054,0.46314272643119797
2023-01-10 21:45:00,s0054,0.5360291947771749
2023-01-10 22:00:00,s0054,0.5998637806548006
2023-01-10 22:15:00,s0054,0.5739176423910578
2023-01-10 22:30:00,s0054,0.5310805001510586
2023-01-10 22:45:00,s0054,0.6260805028183697
2023-01-10 23:00:00,s0054,0.6542055905840254
2023-01-10 23:15:00,s0054,0.6689988941890822
2023-01-10 23:30:00,s0054,0.7287142720113863
2023-01-10 23:45:00,s0054,0.7816746608804903
2023-01-10 00:00:00,s0055,0.4235918724225403
2023-01-10 00:15:00,s0055,0.4720983038115255
2023-01-10 00:30:00,s0055,0.48543832534999626
2023-01-10 00:45:00,s0055,0.554793073248405
2023-01-10 01:00:00,s0055,0.5339223061851279
2023-01-10 01:15:00,s0055,0.5780149163282997
2023-01-10 01:30:00,s0055,0.5678944624934267
2023-01-10 01:45:00,s0055,0.5196677407902622
2023-01-10 02:00:00,s0055,0.572189548636626
2023-01-10 02:15:00,s0055,0.5674130652959986
2023-01-10 02:30:00,s0055,0.5850580196036984
2023-01-10 02:45:00,s0055,0.5352335549870998
2023-01-10 03:00:00,s0055,0.6743049514696362
2023-01-10 03:15:00,s0055,0.7742947097967158
2023-01-10 03:30:00,s0055,0.9338499400005812
2023-01-10 03:45:00,s0055,1.0
2023-01-10 04:00:00,s0055,0.9908049574255908
2023-01-10 04:15:00,s0055,0.9713954394811346
2023-01-10 04:30:00,s0055,0.9318263687674133
2023-01-10 04:45:00,s0055,1.0
2023-01-10 05:00:00,s0055,1.000000003327991
2023-01-10 05:15:00,s0055,1.0000000068022552
2023-01-10 05:30:00,s0055,1.0
2023-01-10 05:45:00,s0055,1.0000000053270568
2023-01-10 06:00:00,s0055,0.9820650701370792
2023-01-10 06:15:00,s0055,0.9156421880770853
2023-01-10 06:30:00,s0055,0.9116272875987282
2023-01-10 06:45:00,s0055,0.8863421405565218
2023-01-10 07:00:00,s0055,0.8851718593430409
2023-01-10 07:15:00,s0055,0.889967981491834
2023-01-10 07:30:00,s0055,0.8620244328288468
2023-01-10 07:45:00,s0055,0.8427828648062935
2023-01-10 08:00:00,s0055,0.8410607050322216
2023-01-10 08:15:00,s0055,0.8028358708563487
2023-01-10 08:30:00,s0055,0.7922427011326135
2023-01-10 08:45:00,s0055,0.8536321938462812
2023-01-10 09:00:00,s0055,0.8620832764070891
2023-01-10 09:15:00,s0055,0.8843745097781724
2023-01-10 09:30:00,s0055,0.8945389027221667
2023-01-10 09:45:00,s0055,0.9836640503961211
2023-01-10 10:00:00,s0055,0.9622023432187542
2023-01-10 10:15:00,s0055,0.9966825166976746
2023-01-10 10:30:00,s0055,0.9643695459242486
2023-01-10 10:45:00,s0055,0.8591063883701565
2023-01-10 11:00:00,s0055,0.8755498507919222
2023-01-10 11:15:00,s0055,0.860545581645895
2023-01-10 11:30:00,s0055,0.9224410881764041
2023-01-10 11:45:00,s0055,1.0
2023-01-10 12:00:00,s0055,0.8947368432035944
2023-01-10 12:15:00,s0055,0.9897368443094863
2023-01-10 12:30:00,s0055,1.0
2023-01-10 12:45:00,s0055,1.0000000011916976
2023-01-10 13:00:00,s0055,1.0000000020029192
2023-01-10 13:15:00,s0055,0.8970844967919132
2023-01-10 13:30:00,s0055,0.9883454420891367
2023-01-10 13:45:00,s0055,0.9586174825802275
2023-01-10 14:00:00,s0055,0.8533543251909794
2023-01-10 14:15:00,s0055,0.7931544400600661
2023-01-10 14:30:00,s0055,0.8375325340435494
2023-01-10 14:45:00,s0055,0.8864004397065042
2023-01-10 15:00:00,s0055,0.8775448360460146
2023-01-10 15:15:00,s0055,0.9031528472700096
2023-01-10 15:30:00,s0055,0.9195243408921789
2023-01-10 15:45:00,s0055,0.8724627745358382
2023-01-10 16:00:00,s0055,0.8943739825793199
2023-01-10 16:15:00,s0055,0.9323967519522429
2023-01-10 16:30:00,s0055,1.0
2023-01-10 16:45:00,s0055,1.0000000002505078
2023-01-10 17:00:00,s0055,1.000000000452335
2023-01-10 17:15:00,s0055,0.9146770946416851
2023-01-10 17:30:00,s0055,0.8988807915693331
2023-01-10 17:45:00,s0055,0.9512842063070145
2023-01-10 18:00:00,s0055,0.8573316460256211
2023-01-10 18:15:00,s0055,0.8713270109784425
2023-01-10 18:30:00,s0055,0.7751338479025716
2023-01-10 18:45:00,s0055,0.6291697941817128
2023-01-10 19:00:00,s0055,0.5239066362963127
2023-01-10 19:15:00,s0055,0.41490020920951354
2023-01-10 19:30:00,s0055,0.3889121527308942
2023-01-10 19:45:00,s0055,0.15209745800362706
2023-01-10 20:00:00,s0055,0.0
2023-01-10 20:15:00,s0055,0.0
2023-01-10 20:30:00,s0055,0.0
2023-01-10 20:45:00,s0055,0.0
2023-01-10 21:00:00,s0055,0.0
2023-01-10 21:15:00,s0055,0.04340180433193225
2023-01-10 21:30:00,s0055,0.06303001502463113
2023-01-10 21:45:00,s0055,0.04394508262130192
2023-01-10 22:00:00,s0055,0.0
2023-01-10 22:15:00,s0055,0.0
2023-01-10 22:30:00,s0055,0.0
2023-01-10 22:45:00,s0055,0.09235372418632554
2023-01-10 23:00:00,s0055,0.155324538675558
2023-01-10 23:15:00,s0055,0.16064229212538822
2023-01-10 23:30:00,s0055,0.21781827735994347
2023-01-10 23:45:00,s0055,0.27839259727461485
2023-01-10 00:00:00,s0056,0.4343972538321003
2023-01-10 00:15:00,s0056,0.41645167684675216
2023-01-10 00:30:00,s0056,0.4189700189469695
2023-01-10 00:45:00,s0056,0.3472640978745956
2023-01-10 01:00:00,s0056,0.35238752006185414
2023-01-10 01:15:00,s0056,0.3452773523952411
2023-01-10 01:30:00,s0056,0.32709297974645674
2023-01-10 01:45:00,s0056,0.35548537008632985
2023-01-10 02:00:00,s0056,0.25190872773646933
2023-01-10 02:15:00,s0056,0.24967111553712185
2023-01-10 02:30:00,s0056,0.1654302600438196
2023-01-10 02:45:00,s0056,0.06030193817937979
2023-01-10 03:00:00,s0056,0.258168028027591
2023-01-10 03:15:00,s0056,0.2835298107001646
2023-01-10 03:30:00,s0056,0.39109694062610717
2023-01-10 03:45:00,s0056,0.6029016082558112
2023-01-10 04:00:00,s0056,0.6334701057312202
2023-01-10 04:15:00,s0056,0.6045774850823128
2023-01-10 04:30:00,s0056,0.622545037320752
2023-01-10 04:45:00,s0056,0.6255858420341948
2023-01-10 05:00:00,s0056,0.6300796284748573
2023-01-10 05:15:00,s0056,0.6265118796061926
2023-01-10 05:30:00,s0056,0.6094442392695241
2023-01-10 05:45:00,s0056,0.6290345971638599
2023-01-10 06:00:00,s0056,0.6382859323507962
2023-01-10 06:15:00,s0056,0.5330227748908002
2023-01-10 06:30:00,s0056,0.5275623538653096
2023-01-10 06:45:00,s0056,0.5280912107809692
2023-01-10 07:00:00,s0056,0.47588114667949133
2023-01-10 07:15:00,s0056,0.4743297095141894
2023-01-10 07:30:00,s0056,0.5693297097601294
2023-01-10 07:45:00,s0056,0.5369790715901481
2023-01-10 08:00:00,s0056,0.431852205830043
2023-01-10 08:15:00,s0056,0.3975005913167762
2023-01-10 08:30:00,s0056,0.3302966661719089
2023-01-10 08:45:00,s0056,0.3745566963931427
2023-01-10 09:00:00,s0056,0.3644796969396098
2023-01-10 09:15:00,s0056,0.27949385024051254
2023-01-10 09:30:00,s0056,0.2636190660245906
2023-01-10 09:45:00,s0056,0.3209052712466198
2023-01-10 10:00:00,s0056,0.3590377361607372
2023-01-10 10:15:00,s0056,0.4540377364957612
2023-01-10 10:30:00,s0056,0.4152741496132891
2023-01-10 10:45:00,s0056,0.418251612981968
2023-01-10 11:00:00,s0056,0.3762569136579319
2023-01-10 11:15:00,s0056,0.45554225460712106
2023-01-10 11:30:00,s0056,0.42833230249689025
2023-01-10 11:45:00,s0056,0.3230691451542078
2023-01-10 12:00:00,s0056,0.22031026718278035
2023-01-10 12:15:00,s0056,0.1259217779520131
2023-01-10 12:30:00,s0056,0.11120545823935668
2023-01-10 12:45:00,s0056,0.14374921212650038
2023-01-10 13:00:00,s0056,0.12430621819376653
2023-01-10 13:15:00,s0056,0.01904306112790488
2023-01-10 13:30:00,s0056,0.0
2023-01-10 13:45:00,s0056,0.03752005357690669
2023-01-10 14:00:00,s0056,0.0
2023-01-10 14:15:00,s0056,0.09015977185328738
2023-01-10 14:30:00,s0056,0.13711024912271164
2023-01-10 14:45:00,s0056,0.12571717877579758
2023-01-10 15:00:00,s0056,0.0598884866099324
2023-01-10 15:15:00,s0056,0.013693717517013204
2023-01-10 15:30:00,s0056,0.0
2023-01-10 15:45:00,s0056,0.0
2023-01-10 16:00:00,s0056,0.0
2023-01-10 16:15:00,s0056,0.03476515908055322
2023-01-10 16:30:00,s0056,0.0
2023-01-10 16:45:00,s0056,0.04946644124434485
2023-01-10 17:00:00,s0056,0.019682462074989915
2023-01-10 17:15:00,s0056,0.01775631596384175
2023-01-10 17:30:00,s0056,0.0995909967251537
2023-01-10 17:45:00,s0056,0.07898905573261306
2023-01-10 18:00:00,s0056,0.15789605260266293
2023-01-10 18:15:00,s0056,0.1473731317668605
2023-01-10 18:30:00,s0056,0.14050517051465927
2023-01-10 18:45:00,s0056,0.12464508288124954
2023-01-10 19:00:00,s0056,0.16051935043904142
2023-01-10 19:15:00,s0056,0.05929018030649258
2023-01-10 19:30:00,s0056,0.0
2023-01-10 19:45:00,s0056,0.0
2023-01-10 20:00:00,s0056,0.0
2023-01-10 20:15:00,s0056,0.0
2023-01-10 20:30:00,s0056,0.0
2023-01-10 20:45:00,s0056,0.058221011574309534
2023-01-10 21:00:00,s0056,0.12030319164887227
2023-01-10 21:15:00,s0056,0.10548081490343358
2023-01-10 21:30:00,s0056,0.0036864964729441674
2023-01-10 21:45:00,s0056,0.0
2023-01-10 22:00:00,s0056,0.02432361328095356
2023-01-10 22:15:00,s0056,0.0
2023-01-10 22:30:00,s0056,0.05011966102457993
2023-01-10 22:45:00,s0056,0.07208579321821756
2023-01-10 23:00:00,s0056,0.13442699285742132
2023-01-10 23:15:00,s0056,0.10566590827861133
2023-01-10 23:30:00,s0056,0.11040181446948061
2023-01-10 23:45:00,s0056,0.04644631507906982
2023-01-10 00:00:00,s0057,0.5169895359153935
2023-01-10 00:15:00,s0057,0.5117236926510296
2023-01-10 00:30:00,s0057,0.42241250301243477
2023-01-10 00:45:00,s0057,0.3781357590145199
2023-01-10 01:00:00,s0057,0.4110742589451023
2023-01-10 01:15:00,s0057,0.414255030197567
2023-01-10 01:30:00,s0057,0.4325394125148816
2023-01-10 01:45:00,s0057,0.49383107275187005
2023-01-10 02:00:00,s0057,0.5006275362125671
2023-01-10 02:15:00,s0057,0.43541327772509797
2023-01-10 02:30:00,s0057,0.5027251653725803
2023-01-10 02:45:00,s0057,0.49272445345433374
2023-01-10 03:00:00,s0057,0.5472493309223083
2023-01-10 03:15:00,s0057,0.6052620001824147
2023-01-10 03:30:00,s0057,0.7381929562720191
2023-01-10 03:45:00,s0057,0.8601563410140158
2023-01-10 04:00:00,s0057,0.842234070080891
2023-01-10 04:15:00,s0057,0.8697109501515079
2023-01-10 04:30:00,s0057,0.9175391325747457
2023-01-10 04:45:00,s0057,0.9271071656554682
2023-01-10 05:00:00,s0057,0.9216686632069915
2023-01-10 05:15:00,s0057,0.9275563548414305
2023-01-10 05:30:00,s0057,0.9147838017718253
2023-01-10 05:45:00,s0057,0.8678485773490343
2023-01-10 06:00:00,s0057,0.7938663310377325
2023-01-10 06:15:00,s0057,0.7592208778072213
2023-01-10 06:30:00,s0057,0.7225382638862876
2023-01-10 06:45:00,s0057,0.7378724342419989
2023-01-10 07:00:00,s0057,0.7685739399268152
2023-01-10 07:15:00,s0057,0.8513312082855393
2023-01-10 07:30:00,s0057,0.7756222224691236
2023-01-10 07:45:00,s0057,0.8553861942197946
2023-01-10 08:00:00,s0057,0.8826932379743382
2023-01-10 08:15:00,s0057,0.8336295303551535
2023-01-10 08:30:00,s0057,0.7521518579293096
2023-01-10 08:45:00,s0057,0.7689379741013818
2023-01-10 09:00:00,s0057,0.793321381225301
2023-01-10 09:15:00,s0057,0.8270667368885997
2023-01-10 09:30:00,s0057,0.8349943615644584
2023-01-10 09:45:00,s0057,0.8942831714053026
2023-01-10 10:00:00,s0057,0.9107693962221263
2023-01-10 10:15:00,s0057,0.8314880660610825
2023-01-10 10:30:00,s0057,0.8375108161534488
2023-01-10 10:45:00,s0057,0.8883668735237941
2023-01-10 11:00:00,s0057,0.7831037161650805
2023-01-10 11:15:00,s0057,0.6991697511158181
2023-01-10 11:30:00,s0057,0.5939065937714205
2023-01-10 11:45:00,s0057,0.5969092961005519
2023-01-10 12:00:00,s0057,0.6081422446390758
2023-01-10 12:15:00,s0057,0.5799810321989531
2023-01-10 12:30:00,s0057,0.4747178754451947
2023-01-10 12:45:00,s0057,0.41140343097855403
2023-01-10 13:00:00,s0057,0.4606424264969592
2023-01-10 13:15:00,s0057,0.4743829522354154
2023-01-10 13:30:00,s0057,0.36911979518933136
2023-01-10 13:45:00,s0057,0.46411979606025133
2023-01-10 14:00:00,s0057,0.41665859157281904
2023-01-10 14:15:00,s0057,0.4201438026087029
2023-01-10 14:30:00,s0057,0.41900039045009574
2023-01-10 14:45:00,s0057,0.40609024060524035
2023-01-10 15:00:00,s0057,0.40384547188517117
2023-01-10 15:15:00,s0057,0.46929243516925556
2023-01-10 15:30:00,s0057,0.47009327081221397
2023-01-10 15:45:00,s0057,0.4863271570313885
2023-01-10 16:00:00,s0057,0.526522627109338
2023-01-10 16:15:00,s0057,0.4759195122157921
2023-01-10 16:30:00,s0057,0.4807412775835863
2023-01-10 16:45:00,s0057,0.4533509232935511
2023-01-10 17:00:00,s0057,0.4642373358353479
2023-01-10 17:15:00,s0057,0.5258076345223808
2023-01-10 17:30:00,s0057,0.519013152771343
2023-01-10 17:45:00,s0057,0.4946828847616642
2023-01-10 18:00:00,s0057,0.5032633186343538
2023-01-10 18:15:00,s0057,0.46529445096453914
2023-01-10 18:30:00,s0057,0.560294450973856
2023-01-10 18:45:00,s0057,0.47270876884625934
2023-01-10 19:00:00,s0057,0.4368333366756907
2023-01-10 19:15:00,s0057,0.39660065599563693
2023-01-10 19:30:00,s0057,0.4335624658101068
2023-01-10 19:45:00,s0057,0.1803216532546632
2023-01-10 20:00:00,s0057,0.09987209705972305
2023-01-10 20:15:00,s0057,0.0013027514821810082
2023-01-10 20:30:00,s0057,0.0
2023-01-10 20:45:00,s0057,0.0
2023-01-10 21:00:00,s0057,0.0
2023-01-10 21:15:00,s0057,0.08345823734231028
2023-01-10 21:30:00,s0057,0.12380285156367665
2023-01-10 21:45:00,s0057,0.053612875828852935
2023-01-10 22:00:00,s0057,0.0
2023-01-10 22:15:00,s0057,0.0
2023-01-10 22:30:00,s0057,0.05588696931214976
2023-01-10 22:45:00,s0057,0.05295592108887848
2023-01-10 23:00:00,s0057,0.09313522134707503
2023-01-10 23:15:00,s0057,0.09749325939261622
2023-01-10 23:30:00,s0057,0.15233329017271147
2023-01-10 23:45:00,s0057,0.05520399211424343
2023-01-10 00:00:00,s0058,0.4872051064385639
2023-01-10 00:15:00,s0058,0.5822051064385639
2023-01-10 00:30:00,s0058,0.5412991918093932
2023-01-10 00:45:00,s0058,0.5426945872479337
2023-01-10 01:00:00,s0058,0.5807490426320684
2023-01-10 01:15:00,s0058,0.6399491943136593
2023-01-10 01:30:00,s0058,0.6361125208336303
2023-01-10 01:45:00,s0058,0.5809194104989561
2023-01-10 02:00:00,s0058,0.5936161596541568
2023-01-10 02:15:00,s0058,0.5648339279938723
2023-01-10 02:30:00,s0058,0.5354314536082504
2023-01-10 02:45:00,s0058,0.5567797413668226
2023-01-10 03:00:00,s0058,0.7533180821476042
2023-01-10 03:15:00,s0058,0.8454675699714548
2023-01-10 03:30:00,s0058,0.9701425295309007
2023-01-10 03:45:00,s0058,1.0
2023-01-10 04:00:00,s0058,1.0
2023-01-10 04:15:00,s0058,0.9931965186297679
2023-01-10 04:30:00,s0058,0.9785831832599575
2023-01-10 04:45:00,s0058,1.0
2023-01-10 05:00:00,s0058,1.000000003327991
2023-01-10 05:15:00,s0058,1.0000000068022552
2023-01-10 05:30:00,s0058,1.0
2023-01-10 05:45:00,s0058,0.9913983857705684
2023-01-10 06:00:00,s0058,1.0
2023-01-10 06:15:00,s0058,0.9796105160359082
2023-01-10 06:30:00,s0058,0.9345928371177733
2023-01-10 06:45:00,s0058,0.8943183634685985
2023-01-10 07:00:00,s0058,0.9515305276270326
2023-01-10 07:15:00,s0058,0.9601766567421467
2023-01-10 07:30:00,s0058,0.9971689836721115
2023-01-10 07:45:00,s0058,1.0
2023-01-10 08:00:00,s0058,1.0000000001775768
2023-01-10 08:15:00,s0058,1.000000000355824
2023-01-10 08:30:00,s0058,0.9825912049384264
2023-01-10 08:45:00,s0058,1.0
2023-01-10 09:00:00,s0058,0.986597750406133
2023-01-10 09:15:00,s0058,0.9607445418826024
2023-01-10 09:30:00,s0058,0.8926686560773133
2023-01-10 09:45:00,s0058,0.8380996769998829
2023-01-10 10:00:00,s0058,0.8117512220294893
2023-01-10 10:15:00,s0058,0.9067512223645133
2023-01-10 10:30:00,s0058,1.0
2023-01-10 10:45:00,s0058,0.9144904336002653
2023-01-10 11:00:00,s0058,0.8212226692610731
2023-01-10 11:15:00,s0058,0.89982308714552
2023-01-10 11:30:00,s0058,0.9948230876958591
2023-01-10 11:45:00,s0058,1.0
2023-01-10 12:00:00,s0058,0.9930336124253916
2023-01-10 12:15:00,s0058,0.8877704556365467
2023-01-10 12:30:00,s0058,0.7910385305123775
2023-01-10 12:45:00,s0058,0.7284533617038081
2023-01-10 13:00:00,s0058,0.7564265184115303
2023-01-10 13:15:00,s0058,0.7121962124040795
2023-01-10 13:30:00,s0058,0.7010775041596546
2023-01-10 13:45:00,s0058,0.784652850608452
2023-01-10 14:00:00,s0058,0.703747803620415
2023-01-10 14:15:00,s0058,0.7127443548672459
2023-01-10 14:30:00,s0058,0.6943581382618169
2023-01-10 14:45:00,s0058,0.6842396618322362
2023-01-10 15:00:00,s0058,0.7083027320387691
2023-01-10 15:15:00,s0058,0.7501146663202416
2023-01-10 15:30:00,s0058,0.7214224749163376
2023-01-10 15:45:00,s0058,0.7456538333379112
2023-01-10 16:00:00,s0058,0.7963379871931255
2023-01-10 16:15:00,s0058,0.8616494631248901
2023-01-10 16:30:00,s0058,0.8927257970286032
2023-01-10 16:45:00,s0058,0.9343629341101867
2023-01-10 17:00:00,s0058,0.9465538889237723
2023-01-10 17:15:00,s0058,0.8701224797538324
2023-01-10 17:30:00,s0058,0.9154031741591883
2023-01-10 17:45:00,s0058,0.8432840926826874
2023-01-10 18:00:00,s0058,0.8191388747250858
2023-01-10 18:15:00,s0058,0.9011623702640144
2023-01-10 18:30:00,s0058,0.9428521551397777
2023-01-10 18:45:00,s0058,0.8869794476226663
2023-01-10 19:00:00,s0058,0.7883098290978052
2023-01-10 19:15:00,s0058,0.7433171690896778
2023-01-10 19:30:00,s0058,0.7556003896491446
2023-01-10 19:45:00,s0058,0.6180324468283606
2023-01-10 20:00:00,s0058,0.42780722565458823
2023-01-10 20:15:00,s0058,0.3448155815655407
2023-01-10 20:30:00,s0058,0.3475593337898125
2023-01-10 20:45:00,s0058,0.3279067244946582
2023-01-10 21:00:00,s0058,0.4229067254782534
2023-01-10 21:15:00,s0058,0.4478517713443017
2023-01-10 21:30:00,s0058,0.426387188646804
2023-01-10 21:45:00,s0058,0.36495350901794815
2023-01-10 22:00:00,s0058,0.3231149472779856
2023-01-10 22:15:00,s0058,0.28289207004404343
2023-01-10 22:30:00,s0058,0.3135368053489164
2023-01-10 22:45:00,s0058,0.3167153487070903
2023-01-10 23:00:00,s0058,0.26277834475872475
2023-01-10 23:15:00,s0058,0.30827693646877025
2023-01-10 23:30:00,s0058,0.3653158612435363
2023-01-10 23:45:00,s0058,0.3921613788897733
2023-01-10 00:00:00,s0059,0.4637919044204001
2023-01-10 00:15:00,s0059,0.43049369677409394
2023-01-10 00:30:00,s0059,0.46241381891423694
2023-01-10 00:45:00,s0059,0.523155130724023
2023-01-10 01:00:00,s0059,0.5278302535601043
2023-01-10 01:15:00,s0059,0.5576842710914133
2023-01-10 01:30:00,s0059,0.5543703058868158
2023-01-10 01:45:00,s0059,0.5600079718239387
2023-01-10 02:00:00,s0059,0.6422398376360497
2023-01-10 02:15:00,s0059,0.6290106085193725
2023-01-10 02:30:00,s0059,0.7240106634723132
2023-01-10 02:45:00,s0059,0.6187475676953357
2023-01-10 03:00:00,s0059,0.6807072186601403
2023-01-10 03:15:00,s0059,0.7541886443395843
2023-01-10 03:30:00,s0059,0.8131567809119795
2023-01-10 03:45:00,s0059,1.0
2023-01-10 04:00:00,s0059,1.0
2023-01-10 04:15:00,s0059,1.0
2023-01-10 04:30:00,s0059,1.0
2023-01-10 04:45:00,s0059,0.9803624408897113
2023-01-10 05:00:00,s0059,1.0
2023-01-10 05:15:00,s0059,0.8947368455795273
2023-01-10 05:30:00,s0059,0.789473691377108
2023-01-10 05:45:00,s0059,0.8467252405442405
2023-01-10 06:00:00,s0059,0.7735835208974576
2023-01-10 06:15:00,s0059,0.7684038030263072
2023-01-10 06:30:00,s0059,0.7868060872167899
2023-01-10 06:45:00,s0059,0.6822675025371854
2023-01-10 07:00:00,s0059,0.7236551076671258
2023-01-10 07:15:00,s0059,0.7556737437748843
2023-01-10 07:30:00,s0059,0.7572021368237479
2023-01-10 07:45:00,s0059,0.768474273957269
2023-01-10 08:00:00,s0059,0.7588642138225767
2023-01-10 08:15:00,s0059,0.8345228466133829
2023-01-10 08:30:00,s0059,0.890070594038338
2023-01-10 08:45:00,s0059,0.8625515966366211
2023-01-10 09:00:00,s0059,0.9058175909202917
2023-01-10 09:15:00,s0059,0.9220051364618486
2023-01-10 09:30:00,s0059,0.8167419787981205
2023-01-10 09:45:00,s0059,0.8533666251948402
2023-01-10 10:00:00,s0059,0.9025822392492218
2023-01-10 10:15:00,s0059,0.9569400750284464
2023-01-10 10:30:00,s0059,0.9020251005370136
2023-01-10 10:45:00,s0059,0.8207051518614481
2023-01-10 11:00:00,s0059,0.7154419945027344
2023-01-10 11:15:00,s0059,0.749527026465412
2023-01-10 11:30:00,s0059,0.8445270270157512
2023-01-10 11:45:00,s0059,0.8544092575897637
2023-01-10 12:00:00,s0059,0.749146100793358
2023-01-10 12:15:00,s0059,0.782124066503994
2023-01-10 12:30:00,s0059,0.7377400638905613
2023-01-10 12:45:00,s0059,0.832740065082259
2023-01-10 13:00:00,s0059,0.7274769079987436
2023-01-10 13:15:00,s0059,0.7325526329075984
2023-01-10 13:30:00,s0059,0.686808923548972
2023-01-10 13:45:00,s0059,0.6377698367806311
2023-01-10 14:00:00,s0059,0.6564924227699958
2023-01-10 14:15:00,s0059,0.6146386164129373
2023-01-10 14:30:00,s0059,0.5641301236045677
2023-01-10 14:45:00,s0059,0.6003402524184035
2023-01-10 15:00:00,s0059,0.5645171246501793
2023-01-10 15:15:00,s0059,0.5953284932957983
2023-01-10 15:30:00,s0059,0.5619631412098749
2023-01-10 15:45:00,s0059,0.5812792674201828
2023-01-10 16:00:00,s0059,0.5287534050331186
2023-01-10 16:15:00,s0059,0.583567548808978
2023-01-10 16:30:00,s0059,0.5698260108774031
2023-01-10 16:45:00,s0059,0.6121363036238335
2023-01-10 17:00:00,s0059,0.640450791086399
2023-01-10 17:15:00,s0059,0.6027568968058759
2023-01-10 17:30:00,s0059,0.6138259357892231
2023-01-10 17:45:00,s0059,0.5959053170416665
2023-01-10 18:00:00,s0059,0.6191801380367348
2023-01-10 18:15:00,s0059,0.6330068653636866
2023-01-10 18:30:00,s0059,0.6880731020791235
2023-01-10 18:45:00,s0059,0.5692760283366678
2023-01-10 19:00:00,s0059,0.48548561352554565
2023-01-10 19:15:00,s0059,0.2988245672375537
2023-01-10 19:30:00,s0059,0.3195380359898735
2023-01-10 19:45:00,s0059,0.03518414113883528
2023-01-10 20:00:00,s0059,0.0
2023-01-10 20:15:00,s0059,0.0
2023-01-10 20:30:00,s0059,0.0
2023-01-10 20:45:00,s0059,0.03902392045978892
2023-01-10 21:00:00,s0059,0.05902453586370637
2023-01-10 21:15:00,s0059,0.0773968195362838
2023-01-10 21:30:00,s0059,0.0077536701455983015
2023-01-10 21:45:00,s0059,0.0
2023-01-10 22:00:00,s0059,0.035359222596039075
2023-01-10 22:15:00,s0059,0.07447054264033887
2023-01-10 22:30:00,s0059,0.022481192689369378
2023-01-10 22:45:00,s0059,0.06891340755475472
2023-01-10 23:00:00,s0059,0.0
2023-01-10 23:15:00,s0059,0.019739414478599504
2023-01-10 23:30:00,s0059,0.11130892214867583
2023-01-10 23:45:00,s0059,0.07426474371951852
2023-01-10 00:00:00,s0060,0.39473684210526316
2023-01-10 00:15:00,s0060,0.44838766995975
2023-01-10 00:30:00,s0060,0.467660812675942
2023-01-10 00:45:00,s0060,0.36880823786068906
2023-01-10 01:00:00,s0060,0.3352336462269043
2023-01-10 01:15:00,s0060,0.41734105867398585
2023-01-10 01:30:00,s0060,0.4598878453548105
2023-01-10 01:45:00,s0060,0.3912091991731128
2023-01-10 02:00:00,s0060,0.4242619865232436
2023-01-10 02:15:00,s0060,0.3820738292966662
2023-01-10 02:30:00,s0060,0.3482164114080391
2023-01-10 02:45:00,s0060,0.2878333988891315
2023-01-10 03:00:00,s0060,0.368162842280784
2023-01-10 03:15:00,s0060,0.46396920870278774
2023-01-10 03:30:00,s0060,0.5903035122619449
2023-01-10 03:45:00,s0060,0.7690603409780586
2023-01-10 04:00:00,s0060,0.7032780244022869
2023-01-10 04:15:00,s0060,0.6803031890119282
2023-01-10 04:30:00,s0060,0.7344617149533696
2023-01-10 04:45:00,s0060,0.6615799125886762
2023-01-10 05:00:00,s0060,0.6391232859210378
2023-01-10 05:15:00,s0060,0.6912433206019911
2023-01-10 05:30:00,s0060,0.6798435392561362
2023-01-10 05:45:00,s0060,0.7329431402398309
2023-01-10 06:00:00,s0060,0.6890571098706095
2023-01-10 06:15:00,s0060,0.6721505188314714
2023-01-10 06:30:00,s0060,0.7025298534419931
2023-01-10 06:45:00,s0060,0.7321134158525497
2023-01-10 07:00:00,s0060,0.7161591084945892
2023-01-10 07:15:00,s0060,0.7236907021324333
2023-01-10 07:30:00,s0060,0.6654280911107229
2023-01-10 07:45:00,s0060,0.6170730579716672
2023-01-10 08:00:00,s0060,0.6528989060703521
2023-01-10 08:15:00,s0060,0.6537967239316658
2023-01-10 08:30:00,s0060,0.6422798346297015
2023-01-10 08:45:00,s0060,0.5838513473331084
2023-01-10 09:00:00,s0060,0.5919506191494001
2023-01-10 09:15:00,s0060,0.5772577754731142
2023-01-10 09:30:00,s0060,0.6095995315452928
2023-01-10 09:45:00,s0060,0.5468936212131146
2023-01-10 10:00:00,s0060,0.5584859736626746
2023-01-10 10:15:00,s0060,0.5344471112961584
2023-01-10 10:30:00,s0060,0.534239259134289
2023-01-10 10:45:00,s0060,0.549334152053954
2023-01-10 11:00:00,s0060,0.5173062861401079
2023-01-10 11:15:00,s0060,0.5942114543659677
2023-01-10 11:30:00,s0060,0.5270860614548816
2023-01-10 11:45:00,s0060,0.5734248138308047
2023-01-10 12:00:00,s0060,0.46816165703439905
2023-01-10 12:15:00,s0060,0.36289850024555415
2023-01-10 12:30:00,s0060,0.25763534349179573
2023-01-10 12:45:00,s0060,0.1819530126212353
2023-01-10 13:00:00,s0060,0.18006457406021925
2023-01-10 13:15:00,s0060,0.2750645748890944
2023-01-10 13:30:00,s0060,0.2721527297233113
2023-01-10 13:45:00,s0060,0.20938744363251383
2023-01-10 14:00:00,s0060,0.23468263789910626
2023-01-10 14:15:00,s0060,0.29561872122059085
2023-01-10 14:30:00,s0060,0.35071957576788615
2023-01-10 14:45:00,s0060,0.3375817894344473
2023-01-10 15:00:00,s0060,0.36427369830110146
2023-01-10 15:15:00,s0060,0.37123000311990095
2023-01-10 15:30:00,s0060,0.303523152330446
2023-01-10 15:45:00,s0060,0.35005353672665074
2023-01-10 16:00:00,s0060,0.28146641822878216
2023-01-10 16:15:00,s0060,0.20066865936731637
2023-01-10 16:30:00,s0060,0.20357321101408765
2023-01-10 16:45:00,s0060,0.2812946133379639
2023-01-10 17:00:00,s0060,0.32949978126525414
2023-01-10 17:15:00,s0060,0.2604579082669387
2023-01-10 17:30:00,s0060,0.30539952457999886
2023-01-10 17:45:00,s0060,0.34794607613704476
2023-01-10 18:00:00,s0060,0.34720108294267327
2023-01-10 18:15:00,s0060,0.32842102463565215
2023-01-10 18:30:00,s0060,0.30065336074713656
2023-01-10 18:45:00,s0060,0.15615553249565028
2023-01-10 19:00:00,s0060,0.09904016525770287
2023-01-10 19:15:00,s0060,0.05610531065876434
2023-01-10 19:30:00,s0060,0.1123956225135404
2023-01-10 19:45:00,s0060,0.0
2023-01-10 20:00:00,s0060,0.0
2023-01-10 20:15:00,s0060,0.0
2023-01-10 20:30:00,s0060,0.0
2023-01-10 20:45:00,s0060,0.0
2023-01-10 21:00:00,s0060,0.0
2023-01-10 21:15:00,s0060,0.0
2023-01-10 21:30:00,s0060,0.0
2023-01-10 21:45:00,s0060,0.0
2023-01-10 22:00:00,s0060,0.0
2023-01-10 22:15:00,s0060,0.010684634623926215
2023-01-10 22:30:00,s0060,0.04395158641762931
2023-01-10 22:45:00,s0060,0.02732230860195467
2023-01-10 23:00:00,s0060,0.12354885210080452
2023-01-10 23:15:00,s0060,0.0988701067126555
2023-01-10 23:30:00,s0060,0.0018306217184562712
2023-01-10 23:45:00,s0060,0.0
2023-01-10 00:00:00,s0061,0.4480782104695683
2023-01-10 00:15:00,s0061,0.34281505257483147
2023-01-10 00:30:00,s0061,0.2755948893158385
2023-01-10 00:45:00,s0061,0.2996181360632396
2023-01-10 01:00:00,s0061,0.25410175224883075
2023-01-10 01:15:00,s0061,0.22248542608984911
2023-01-10 01:30:00,s0061,0.2405119853763762
2023-01-10 01:45:00,s0061,0.23413819463878427
2023-01-10 02:00:00,s0061,0.24619494814605664
2023-01-10 02:15:00,s0061,0.21866233581400335
2023-01-10 02:30:00,s0061,0.18695305537076257
2023-01-10 02:45:00,s0061,0.219689401307472
2023-01-10 03:00:00,s0061,0.29998797947295763
2023-01-10 03:15:00,s0061,0.3721396632713499
2023-01-10 03:30:00,s0061,0.487387083483519
2023-01-10 03:45:00,s0061,0.6697574478164741
2023-01-10 04:00:00,s0061,0.669846081104901
2023-01-10 04:15:00,s0061,0.6784863579992502
2023-01-10 04:30:00,s0061,0.5732238086694175
2023-01-10 04:45:00,s0061,0.549253588538937
2023-01-10 05:00:00,s0061,0.5787948895954955
2023-01-10 05:15:00,s0061,0.5987291569962349
2023-01-10 05:30:00,s0061,0.5742673988681766
2023-01-10 05:45:00,s0061,0.5936774972880119
2023-01-10 06:00:00,s0061,0.6613713164346714
2023-01-10 06:15:00,s0061,0.7563713168694122
2023-01-10 06:30:00,s0061,0.8478925104719122
2023-01-10 06:45:00,s0061,0.8487874240273616
2023-01-10 07:00:00,s0061,0.8431128629817967
2023-01-10 07:15:00,s0061,0.7901026798614899
2023-01-10 07:30:00,s0061,0.7650854824970257
2023-01-10 07:45:00,s0061,0.7300864018159814
2023-01-10 08:00:00,s0061,0.7609861542800889
2023-01-10 08:15:00,s0061,0.6760485809426058
2023-01-10 08:30:00,s0061,0.5707854232267873
2023-01-10 08:45:00,s0061,0.5536527453312502
2023-01-10 09:00:00,s0061,0.5814137348893202
2023-01-10 09:15:00,s0061,0.6666898974783804
2023-01-10 09:30:00,s0061,0.6480200387296104
2023-01-10 09:45:00,s0061,0.6956601952213352
2023-01-10 10:00:00,s0061,0.7023678828395796
2023-01-10 10:15:00,s0061,0.6426591030660752
2023-01-10 10:30:00,s0061,0.6118457478358196
2023-01-10 10:45:00,s0061,0.6171387742401109
2023-01-10 11:00:00,s0061,0.6301279212645257
2023-01-10 11:15:00,s0061,0.6937523607603919
2023-01-10 11:30:00,s0061,0.7155336155217943
2023-01-10 11:45:00,s0061,0.6102704581791119
2023-01-10 12:00:00,s0061,0.5050073013827062
2023-01-10 12:15:00,s0061,0.4849615625488697
2023-01-10 12:30:00,s0061,0.4686410472473841
2023-01-10 12:45:00,s0061,0.38900771922991095
2023-01-10 13:00:00,s0061,0.3691891497990335
2023-01-10 13:15:00,s0061,0.3909283939725108
2023-01-10 13:30:00,s0061,0.48592839482116357
2023-01-10 13:45:00,s0061,0.465445045233963
2023-01-10 14:00:00,s0061,0.36018188784471494
2023-01-10 14:15:00,s0061,0.42829438220664995
2023-01-10 14:30:00,s0061,0.41394714770829755
2023-01-10 14:45:00,s0061,0.3982979038334148
2023-01-10 15:00:00,s0061,0.40708196543959385
2023-01-10 15:15:00,s0061,0.47499527528279606
2023-01-10 15:30:00,s0061,0.4602785879782394
2023-01-10 15:45:00,s0061,0.4408276924393387
2023-01-10 16:00:00,s0061,0.3657519491767125
2023-01-10 16:15:00,s0061,0.339894737173266
2023-01-10 16:30:00,s0061,0.37727624013618555
2023-01-10 16:45:00,s0061,0.3419764420294956
2023-01-10 17:00:00,s0061,0.32374032684174214
2023-01-10 17:15:00,s0061,0.2950328505292117
2023-01-10 17:30:00,s0061,0.2971392757751842
2023-01-10 17:45:00,s0061,0.31922913493743865
2023-01-10 18:00:00,s0061,0.41422913516356896
2023-01-10 18:15:00,s0061,0.33966644633500254
2023-01-10 18:30:00,s0061,0.38765830011845615
2023-01-10 18:45:00,s0061,0.275798903771197
2023-01-10 19:00:00,s0061,0.31547322066514993
2023-01-10 19:15:00,s0061,0.17614548696790255
2023-01-10 19:30:00,s0061,0.16365290491439177
2023-01-10 19:45:00,s0061,0.0
2023-01-10 20:00:00,s0061,0.0
2023-01-10 20:15:00,s0061,0.0
2023-01-10 20:30:00,s0061,0.0
2023-01-10 20:45:00,s0061,0.0
2023-01-10 21:00:00,s0061,0.022498122652027164
2023-01-10 21:15:00,s0061,0.029962930110244534
2023-01-10 21:30:00,s0061,0.0770025782805715
2023-01-10 21:45:00,s0061,0.06642953327932494
2023-01-10 22:00:00,s0061,0.0019533078011290117
2023-01-10 22:15:00,s0061,0.02036795886102638
2023-01-10 22:30:00,s0061,0.0
2023-01-10 22:45:00,s0061,0.0
2023-01-10 23:00:00,s0061,0.003166256534344658
2023-01-10 23:15:00,s0061,0.032344485897543795
2023-01-10 23:30:00,s0061,0.0
2023-01-10 23:45:00,s0061,0.030364609881711024
2023-01-10 00:00:00,s0062,0.5031754785990753
2023-01-10 00:15:00,s0062,0.49966253862667315
2023-01-10 00:30:00,s0062,0.5678264526132709
2023-01-10 00:45:00,s0062,0.5929128571832537
2023-01-10 01:00:00,s0062,0.6456128988491887
2023-01-10 01:15:00,s0062,0.5607851811108844
2023-01-10 01:30:00,s0062,0.5451278775246217
2023-01-10 01:45:00,s0062,0.5160266600719402
2023-01-10 02:00:00,s0062,0.5433875644812897
2023-01-10 02:15:00,s0062,0.5889721970387375
2023-01-10 02:30:00,s0062,0.6348869493565743
2023-01-10 02:45:00,s0062,0.6713917453119267
2023-01-10 03:00:00,s0062,0.8143766612590209
2023-01-10 03:15:00,s0062,0.844507880184488
2023-01-10 03:30:00,s0062,0.9067305878991972
2023-01-10 03:45:00,s0062,1.0
2023-01-10 04:00:00,s0062,1.0
2023-01-10 04:15:00,s0062,1.0
2023-01-10 04:30:00,s0062,1.0
2023-01-10 04:45:00,s0062,1.0
2023-01-10 05:00:00,s0062,1.0000000033279912
2023-01-10 05:15:00,s0062,1.0000000068022552
2023-01-10 05:30:00,s0062,0.9824351171355795
2023-01-10 05:45:00,s0062,1.0
2023-01-10 06:00:00,s0062,0.9551979587013892
2023-01-10 06:15:00,s0062,0.9362975995397632
2023-01-10 06:30:00,s0062,0.8476770814571407
2023-01-10 06:45:00,s0062,0.8022528217475053
2023-01-10 07:00:00,s0062,0.8006987662599863
2023-01-10 07:15:00,s0062,0.7719826236183139
2023-01-10 07:30:00,s0062,0.7784183461634575
2023-01-10 07:45:00,s0062,0.857712619707346
2023-01-10 08:00:00,s0062,0.8645725789669565
2023-01-10 08:15:00,s0062,0.8921875466444833
2023-01-10 08:30:00,s0062,0.9085746002191373
2023-01-10 08:45:00,s0062,0.8988959362524522
2023-01-10 09:00:00,s0062,0.8814797856797328
2023-01-10 09:15:00,s0062,0.9594036589661625
2023-01-10 09:30:00,s0062,0.9684514305137556
2023-01-10 09:45:00,s0062,0.9888500156148673
2023-01-10 10:00:00,s0062,0.9130482507650006
2023-01-10 10:15:00,s0062,0.8669155374119439
2023-01-10 10:30:00,s0062,0.8618142597783477
2023-01-10 10:45:00,s0062,0.8055875916223546
2023-01-10 11:00:00,s0062,0.7265693623694
2023-01-10 11:15:00,s0062,0.6911023523759394
2023-01-10 11:30:00,s0062,0.6784482116466861
2023-01-10 11:45:00,s0062,0.6806738096704784
2023-01-10 12:00:00,s0062,0.7498036448741824
2023-01-10 12:15:00,s0062,0.6445404880853375
2023-01-10 12:30:00,s0062,0.5392773313315791
2023-01-10 12:45:00,s0062,0.6342773325232767
2023-01-10 13:00:00,s0062,0.5290141754397614
2023-01-10 13:15:00,s0062,0.596563342962912
2023-01-10 13:30:00,s0062,0.6397748036133045
2023-01-10 13:45:00,s0062,0.587246014026009
2023-01-10 14:00:00,s0062,0.6334499351117142
2023-01-10 14:15:00,s0062,0.6304571116357309
2023-01-10 14:30:00,s0062,0.6625213069718943
2023-01-10 14:45:00,s0062,0.6759637838826773
2023-01-10 15:00:00,s0062,0.7709637842075039
2023-01-10 15:15:00,s0062,0.7159552426759788
2023-01-10 15:30:00,s0062,0.7734035270372048
2023-01-10 15:45:00,s0062,0.7698041457644976
2023-01-10 16:00:00,s0062,0.7388792902049975
2023-01-10 16:15:00,s0062,0.7578600675607972
2023-01-10 16:30:00,s0062,0.7267932675981276
2023-01-10 16:45:00,s0062,0.6880391022388064
2023-01-10 17:00:00,s0062,0.737698608245259
2023-01-10 17:15:00,s0062,0.7895861327203153
2023-01-10 17:30:00,s0062,0.7194561746956418
2023-01-10 17:45:00,s0062,0.7198763182528898
2023-01-10 18:00:00,s0062,0.7676609983654361
2023-01-10 18:15:00,s0062,0.7947903459602077
2023-01-10 18:30:00,s0062,0.8198392353261161
2023-01-10 18:45:00,s0062,0.7256920693894195
2023-01-10 19:00:00,s0062,0.7767759493699106
2023-01-10 19:15:00,s0062,0.7271783071371103
2023-01-10 19:30:00,s0062,0.7460308414028971
2023-01-10 19:45:00,s0062,0.4899383107412967
2023-01-10 20:00:00,s0062,0.41696549740518607
2023-01-10 20:15:00,s0062,0.2884556382377235
2023-01-10 20:30:00,s0062,0.263360043030026
2023-01-10 20:45:00,s0062,0.22113796833813698
2023-01-10 21:00:00,s0062,0.23447241939688343
2023-01-10 21:15:00,s0062,0.20781134845111196
2023-01-10 21:30:00,s0062,0.15456765095853964
2023-01-10 21:45:00,s0062,0.12312281859649343
2023-01-10 22:00:00,s0062,0.12939184015220628
2023-01-10 22:15:00,s0062,0.03178093729734732
2023-01-10 22:30:00,s0062,0.0
2023-01-10 22:45:00,s0062,0.0
2023-01-10 23:00:00,s0062,0.05864665198014174
2023-01-10 23:15:00,s0062,0.16184148292306177
2023-01-10 23:30:00,s0062,0.15325073818491697
2023-01-10 23:45:00,s0062,0.08283566575153967
2023-01-10 00:00:00,s0063,0.5356748927793973
2023-01-10 00:15:00,s0063,0.5807170526236736
2023-01-10 00:30:00,s0063,0.5513151346154245
2023-01-10 00:45:00,s0063,0.5819131407767275
2023-01-10 01:00:00,s0063,0.5764661703760805
2023-01-10 01:15:00,s0063,0.6072086936921347
2023-01-10 01:30:00,s0063,0.581455876233632
2023-01-10 01:45:00,s0063,0.6133955260112981
2023-01-10 02:00:00,s0063,0.544413016322324
2023-01-10 02:15:00,s0063,0.6095353799588641
2023-01-10 02:30:00,s0063,0.6124290814860752
2023-01-10 02:45:00,s0063,0.5478913885706556
2023-01-10 03:00:00,s0063,0.6033197902294898
2023-01-10 03:15:00,s0063,0.7654482233182892
2023-01-10 03:30:00,s0063,0.7843671041730562
2023-01-10 03:45:00,s0063,0.9585999752025369
2023-01-10 04:00:00,s0063,1.0
2023-01-10 04:15:00,s0063,1.0
2023-01-10 04:30:00,s0063,1.0
2023-01-10 04:45:00,s0063,0.9953115677089002
2023-01-10 05:00:00,s0063,0.9804162399341413
2023-01-10 05:15:00,s0063,1.0
2023-01-10 05:30:00,s0063,1.0000000036923176
2023-01-10 05:45:00,s0063,1.0
2023-01-10 06:00:00,s0063,0.8947368425367328
2023-01-10 06:15:00,s0063,0.9195780370116873
2023-01-10 06:30:00,s0063,0.9677700453260109
2023-01-10 06:45:00,s0063,0.9661805790947945
2023-01-10 07:00:00,s0063,1.0
2023-01-10 07:15:00,s0063,1.0000000002452776
2023-01-10 07:30:00,s0063,0.9503636395392225
2023-01-10 07:45:00,s0063,0.9739001731117869
2023-01-10 08:00:00,s0063,0.9492703614464455
2023-01-10 08:15:00,s0063,0.9835252405832029
2023-01-10 08:30:00,s0063,0.9851006816875744
2023-01-10 08:45:00,s0063,0.955386870350148
2023-01-10 09:00:00,s0063,0.8787309140089851
2023-01-10 09:15:00,s0063,0.8149805731685302
2023-01-10 09:30:00,s0063,0.7550914742268241
2023-01-10 09:45:00,s0063,0.7482906842000765
2023-01-10 10:00:00,s0063,0.6636567745517342
2023-01-10 10:15:00,s0063,0.7290728745713192
2023-01-10 10:30:00,s0063,0.7944465857723693
2023-01-10 10:45:00,s0063,0.6891834282182772
2023-01-10 11:00:00,s0063,0.7064799272503088
2023-01-10 11:15:00,s0063,0.6012167699004864
2023-01-10 11:30:00,s0063,0.519887171080686
2023-01-10 11:45:00,s0063,0.5994899726477236
2023-01-10 12:00:00,s0063,0.5516880859284206
2023-01-10 12:15:00,s0063,0.5785727586157665
2023-01-10 12:30:00,s0063,0.6270980453645262
2023-01-10 12:45:00,s0063,0.6622846847798582
2023-01-10 13:00:00,s0063,0.6637699987793177
2023-01-10 13:15:00,s0063,0.6780435543207353
2023-01-10 13:30:00,s0063,0.7354492595139885
2023-01-10 13:45:00,s0063,0.7401659905620268
2023-01-10 14:00:00,s0063,0.816223827607007
2023-01-10 14:15:00,s0063,0.8410698928841888
2023-01-10 14:30:00,s0063,0.8769571537330263
2023-01-10 14:45:00,s0063,0.8733504778419237
2023-01-10 15:00:00,s0063,0.8954283481551515
2023-01-10 15:15:00,s0063,0.9316618198047717
2023-01-10 15:30:00,s0063,0.9557001868071414
2023-01-10 15:45:00,s0063,0.978881140086491
2023-01-10 16:00:00,s0063,0.9433858289346879
2023-01-10 16:15:00,s0063,0.9692415405706599
2023-01-10 16:30:00,s0063,0.9991206229874451
2023-01-10 16:45:00,s0063,0.9738746079346444
2023-01-10 17:00:00,s0063,0.9097889547108114
2023-01-10 17:15:00,s0063,0.8646480355862942
2023-01-10 17:30:00,s0063,0.8819653373751387
2023-01-10 17:45:00,s0063,0.7767021796859291
2023-01-10 18:00:00,s0063,0.7659606522769014
2023-01-10 18:15:00,s0063,0.7486825985510461
2023-01-10 18:30:00,s0063,0.7357362731100592
2023-01-10 18:45:00,s0063,0.6581532723833527
2023-01-10 19:00:00,s0063,0.6705397380940098
2023-01-10 19:15:00,s0063,0.6360263305605302
2023-01-10 19:30:00,s0063,0.602820402434485
2023-01-10 19:45:00,s0063,0.3459728371563562
2023-01-10 20:00:00,s0063,0.2767351636720227
2023-01-10 20:15:00,s0063,0.22016889133674253
2023-01-10 20:30:00,s0063,0.2223067001745864
2023-01-10 20:45:00,s0063,0.2202005875579641
2023-01-10 21:00:00,s0063,0.18473479496209738
2023-01-10 21:15:00,s0063,0.14478260832887613
2023-01-10 21:30:00,s0063,0.12055427263447932
2023-01-10 21:45:00,s0063,0.13520216005288077
2023-01-10 22:00:00,s0063,0.07891870072985696
2023-01-10 22:15:00,s0063,0.08050834585035271
2023-01-10 22:30:00,s0063,0.04967133839486143
2023-01-10 22:45:00,s0063,0.07806409305388895
2023-01-10 23:00:00,s0063,0.06611248692715443
2023-01-10 23:15:00,s0063,0.022125121349264254
2023-01-10 23:30:00,s0063,0.03508416659521363
2023-01-10 23:45:00,s0063,0.0
2023-01-10 00:00:00,s0064,0.42541419471566144
2023-01-10 00:15:00,s0064,0.33450352762631713
2023-01-10 00:30:00,s0064,0.3312212898111603
2023-01-10 00:45:00,s0064,0.2701093775670515
2023-01-10 01:00:00,s0064,0.262032015827137
2023-01-10 01:15:00,s0064,0.16850625220799054
2023-01-10 01:30:00,s0064,0.163821909542419
2023-01-10 01:45:00,s0064,0.1686572129486173
2023-01-10 02:00:00,s0064,0.2079858456901561
2023-01-10 02:15:00,s0064,0.17970943333859135
2023-01-10 02:30:00,s0064,0.13835377735904536
2023-01-10 02:45:00,s0064,0.2118525356800285
2023-01-10 03:00:00,s0064,0.3860338641927668
2023-01-10 03:15:00,s0064,0.38587036595592117
2023-01-10 03:30:00,s0064,0.5322489976625387
2023-01-10 03:45:00,s0064,0.6795256345243653
2023-01-10 04:00:00,s0064,0.6363060902893888
2023-01-10 04:15:00,s0064,0.5310434246493232
2023-01-10 04:30:00,s0064,0.5161567316833431
2023-01-10 04:45:00,s0064,0.5414684177440994
2023-01-10 05:00:00,s0064,0.5383236693915188
2023-01-10 05:15:00,s0064,0.4957640513731473
2023-01-10 05:30:00,s0064,0.47635895985984955
2023-01-10 05:45:00,s0064,0.526792015116822
2023-01-10 06:00:00,s0064,0.45871679314720626
2023-01-10 06:15:00,s0064,0.38928348044043004
2023-01-10 06:30:00,s0064,0.3918715489513135
2023-01-10 06:45:00,s0064,0.37816866937418814
2023-01-10 07:00:00,s0064,0.4052700554652009
2023-01-10 07:15:00,s0064,0.31111813607542693
2023-01-10 07:30:00,s0064,0.27452389376533004
2023-01-10 07:45:00,s0064,0.2528714145006504
2023-01-10 08:00:00,s0064,0.22182155103104895
2023-01-10 08:15:00,s0064,0.2028750848531763
2023-01-10 08:30:00,s0064,0.15231900918905372
2023-01-10 08:45:00,s0064,0.18658116948503622
2023-01-10 09:00:00,s0064,0.09717751302013167
2023-01-10 09:15:00,s0064,0.03651925634188047
2023-01-10 09:30:00,s0064,0.016967121956460884
2023-01-10 09:45:00,s0064,0.0
2023-01-10 10:00:00,s0064,0.09500000033306877
2023-01-10 10:15:00,s0064,0.07858009954662071
2023-01-10 10:30:00,s0064,0.17358009988421186
2023-01-10 10:45:00,s0064,0.10652607454598817
2023-01-10 11:00:00,s0064,0.12230329803356677
2023-01-10 11:15:00,s0064,0.1665417442228324
2023-01-10 11:30:00,s0064,0.09062495336029264
2023-01-10 11:45:00,s0064,0.0
2023-01-10 12:00:00,s0064,0.035062186186678
2023-01-10 12:15:00,s0064,0.027544751009835666
2023-01-10 12:30:00,s0064,0.08140732032309572
2023-01-10 12:45:00,s0064,0.09774262260066724
2023-01-10 13:00:00,s0064,0.0
2023-01-10 13:15:00,s0064,0.0
2023-01-10 13:30:00,s0064,0.0072180958191846445
2023-01-10 13:45:00,s0064,0.0
2023-01-10 14:00:00,s0064,0.09500000050548874
2023-01-10 14:15:00,s0064,0.08223758398569037
2023-01-10 14:30:00,s0064,0.0201526998834608
2023-01-10 14:45:00,s0064,0.0038811316422916464
2023-01-10 15:00:00,s0064,0.0
2023-01-10 15:15:00,s0064,0.01683331254691267
2023-01-10 15:30:00,s0064,0.06298765751072255
2023-01-10 15:45:00,s0064,0.07446329187941136
2023-01-10 16:00:00,s0064,0.09550136032993728
2023-01-10 16:15:00,s0064,0.007896900647831884
2023-01-10 16:30:00,s0064,0.0
2023-01-10 16:45:00,s0064,0.0
2023-01-10 17:00:00,s0064,0.0
2023-01-10 17:15:00,s0064,0.0
2023-01-10 17:30:00,s0064,0.0
2023-01-10 17:45:00,s0064,0.0005604790253261882
2023-01-10 18:00:00,s0064,0.0
2023-01-10 18:15:00,s0064,0.0
2023-01-10 18:30:00,s0064,0.0
2023-01-10 18:45:00,s0064,0.0
2023-01-10 19:00:00,s0064,0.0
2023-01-10 19:15:00,s0064,0.0
2023-01-10 19:30:00,s0064,0.0
2023-01-10 19:45:00,s0064,0.0
2023-01-10 20:00:00,s0064,0.0
2023-01-10 20:15:00,s0064,0.0
2023-01-10 20:30:00,s0064,0.0
2023-01-10 20:45:00,s0064,0.0
2023-01-10 21:00:00,s0064,0.0
2023-01-10 21:15:00,s0064,0.036739403556071415
2023-01-10 21:30:00,s0064,0.0
2023-01-10 21:45:00,s0064,0.09297566247731237
2023-01-10 22:00:00,s0064,0.028606334739874006
2023-01-10 22:15:00,s0064,0.0
2023-01-10 22:30:00,s0064,0.0
2023-01-10 22:45:00,s0064,0.0
2023-01-10 23:00:00,s0064,0.0
2023-01-10 23:15:00,s0064,0.0
2023-01-10 23:30:00,s0064,0.0
2023-01-10 23:45:00,s0064,0.0
2023-01-10 00:00:00,s0065,0.4223058037062579
2023-01-10 00:15:00,s0065,0.4502672116484087
2023-01-10 00:30:00,s0065,0.48092941786444776
2023-01-10 00:45:00,s0065,0.49745852312881533
2023-01-10 01:00:00,s0065,0.5013207327013172
2023-01-10 01:15:00,s0065,0.5069034124553752
2023-01-10 01:30:00,s0065,0.4345391884060328
2023-01-10 01:45:00,s0065,0.46719089022856103
2023-01-10 02:00:00,s0065,0.4753476093566367
2023-01-10 02:15:00,s0065,0.5080000877089406
2023-01-10 02:30:00,s0065,0.5803810214801304
2023-01-10 02:45:00,s0065,0.47511792570315275
2023-01-10 03:00:00,s0065,0.6193475104876296
2023-01-10 03:15:00,s0065,0.7125208576591394
2023-01-10 03:30:00,s0065,0.8571071867793262
2023-01-10 03:45:00,s0065,1.0
2023-01-10 04:00:00,s0065,1.0
2023-01-10 04:15:00,s0065,0.911606381716414
2023-01-10 04:30:00,s0065,0.9197202517592491
2023-01-10 04:45:00,s0065,0.9918850121328288
2023-01-10 05:00:00,s0065,0.9990183985189917
2023-01-10 05:15:00,s0065,0.9467252483853134
2023-01-10 05:30:00,s0065,0.8414620941828941
2023-01-10 05:45:00,s0065,0.8756810541173272
2023-01-10 06:00:00,s0065,0.8558359851720488
2023-01-10 06:15:00,s0065,0.9181748480477545
2023-01-10 06:30:00,s0065,0.9431543453600422
2023-01-10 06:45:00,s0065,0.9498574214507889
2023-01-10 07:00:00,s0065,0.8734136573192118
2023-01-10 07:15:00,s0065,0.9183357682893272
2023-01-10 07:30:00,s0065,0.9557681167144669
2023-01-10 07:45:00,s0065,1.0
2023-01-10 08:00:00,s0065,1.0000000001775768
2023-01-10 08:15:00,s0065,1.000000000355824
2023-01-10 08:30:00,s0065,1.0000000005347423
2023-01-10 08:45:00,s0065,0.984274405084415
2023-01-10 09:00:00,s0065,1.0
2023-01-10 09:15:00,s0065,0.9696189908627239
2023-01-10 09:30:00,s0065,0.8762211655707187
2023-01-10 09:45:00,s0065,0.971221165802762
2023-01-10 10:00:00,s0065,1.0
2023-01-10 10:15:00,s0065,1.000000000335024
2023-01-10 10:30:00,s0065,0.8947368427778783
2023-01-10 10:45:00,s0065,0.9897368431185231
2023-01-10 11:00:00,s0065,0.898574729692779
2023-01-10 11:15:00,s0065,0.8805445448150989
2023-01-10 11:30:00,s0065,0.7800845593626593
2023-01-10 11:45:00,s0065,0.674821402019977
2023-01-10 12:00:00,s0065,0.5695582452235712
2023-01-10 12:15:00,s0065,0.5656353765956269
2023-01-10 12:30:00,s0065,0.5453335670139577
2023-01-10 12:45:00,s0065,0.5778548667093629
2023-01-10 13:00:00,s0065,0.6364886331185643
2023-01-10 13:15:00,s0065,0.653369464868413
2023-01-10 13:30:00,s0065,0.5757753889313593
2023-01-10 13:45:00,s0065,0.5224177302006283
2023-01-10 14:00:00,s0065,0.47175283308861715
2023-01-10 14:15:00,s0065,0.46280417389506934
2023-01-10 14:30:00,s0065,0.5168690343999621
2023-01-10 14:45:00,s0065,0.49296910074173517
2023-01-10 15:00:00,s0065,0.42577636824949716
2023-01-10 15:15:00,s0065,0.4507765007669734
2023-01-10 15:30:00,s0065,0.49122893776022947
2023-01-10 15:45:00,s0065,0.5108567438097902
2023-01-10 16:00:00,s0065,0.5770901351397361
2023-01-10 16:15:00,s0065,0.569687220965551
2023-01-10 16:30:00,s0065,0.5273754231994239
2023-01-10 16:45:00,s0065,0.46425662762879194
2023-01-10 17:00:00,s0065,0.48449285917120233
2023-01-10 17:15:00,s0065,0.4458111114999117
2023-01-10 17:30:00,s0065,0.3826872435671612
2023-01-10 17:45:00,s0065,0.3269694680786117
2023-01-10 18:00:00,s0065,0.3121484905562848
2023-01-10 18:15:00,s0065,0.22096322950855674
2023-01-10 18:30:00,s0065,0.2226786661975627
2023-01-10 18:45:00,s0065,0.12543489034250843
2023-01-10 19:00:00,s0065,0.18993355357178898
2023-01-10 19:15:00,s0065,0.03866858285495134
2023-01-10 19:30:00,s0065,0.08726369616767649
2023-01-10 19:45:00,s0065,0.0
2023-01-10 20:00:00,s0065,0.0
2023-01-10 20:15:00,s0065,0.0
2023-01-10 20:30:00,s0065,0.01233897895697511
2023-01-10 20:45:00,s0065,0.0
2023-01-10 21:00:00,s0065,0.03681185176697521
2023-01-10 21:15:00,s0065,0.004889106950899502
2023-01-10 21:30:00,s0065,0.0
2023-01-10 21:45:00,s0065,0.012310544687724967
2023-01-10 22:00:00,s0065,0.0
2023-01-10 22:15:00,s0065,0.0
2023-01-10 22:30:00,s0065,0.00755019156910558
2023-01-10 22:45:00,s0065,0.04814156754712656
2023-01-10 23:00:00,s0065,0.15041837846080852
2023-01-10 23:15:00,s0065,0.14178961031988735
2023-01-10 23:30:00,s0065,0.08928035847519294
2023-01-10 23:45:00,s0065,0.05234019293504649
2023-01-10 00:00:00,s0066,0.4991140674061308
2023-01-10 00:15:00,s0066,0.4004743259931881
2023-01-10 00:30:00,s0066,0.46219055716802904
2023-01-10 00:45:00,s0066,0.4735155169546464
2023-01-10 01:00:00,s0066,0.4663674283517551
2023-01-10 01:15:00,s0066,0.45302810460181997
2023-01-10 01:30:00,s0066,0.45774954976818494
2023-01-10 01:45:00,s0066,0.4109781679240014
2023-01-10 02:00:00,s0066,0.3808416148206857
2023-01-10 02:15:00,s0066,0.3619919794659937
2023-01-10 02:30:00,s0066,0.3390032390524921
2023-01-10 02:45:00,s0066,0.26929540234980476
2023-01-10 03:00:00,s0066,0.2997022294683304
2023-01-10 03:15:00,s0066,0.4103829883407526
2023-01-10 03:30:00,s0066,0.5315017943828608
2023-01-10 03:45:00,s0066,0.781405062066301
2023-01-10 04:00:00,s0066,0.7423060441424864
2023-01-10 04:15:00,s0066,0.7224364334230893
2023-01-10 04:30:00,s0066,0.7141235097320473
2023-01-10 04:45:00,s0066,0.6568974630581195
2023-01-10 05:00:00,s0066,0.6239077136542928
2023-01-10 05:15:00,s0066,0.674303143411954
2023-01-10 05:30:00,s0066,0.5851363758717877
2023-01-10 05:45:00,s0066,0.5441401300125832
2023-01-10 06:00:00,s0066,0.5724774791387897
2023-01-10 06:15:00,s0066,0.5420020180935967
2023-01-10 06:30:00,s0066,0.5792449792885611
2023-01-10 06:45:00,s0066,0.5600767907042719
2023-01-10 07:00:00,s0066,0.5842986447808052
2023-01-10 07:15:00,s0066,0.5949629971446283
2023-01-10 07:30:00,s0066,0.6539945757959653
2023-01-10 07:45:00,s0066,0.6622901094351203
2023-01-10 08:00:00,s0066,0.6959405329567929
2023-01-10 08:15:00,s0066,0.6336580955592381
2023-01-10 08:30:00,s0066,0.5283949378434196
2023-01-10 08:45:00,s0066,0.6118108547023311
2023-01-10 09:00:00,s0066,0.6001692319001974
2023-01-10 09:15:00,s0066,0.494906074235299
2023-01-10 09:30:00,s0066,0.3896429165715709
2023-01-10 09:45:00,s0066,0.4791520802434005
2023-01-10 10:00:00,s0066,0.43598666708026157
2023-01-10 10:15:00,s0066,0.43936563311949284
2023-01-10 10:30:00,s0066,0.3341024755623472
2023-01-10 10:45:00,s0066,0.3016339643633177
2023-01-10 11:00:00,s0066,0.3586749493489555
2023-01-10 11:15:00,s0066,0.4205566198591657
2023-01-10 11:30:00,s0066,0.37879447422039525
2023-01-10 11:45:00,s0066,0.4737944747724496
2023-01-10 12:00:00,s0066,0.40305426431810765
2023-01-10 12:15:00,s0066,0.43852209715893953
2023-01-10 12:30:00,s0066,0.40554333907235374
2023-01-10 12:45:00,s0066,0.5005433402640513
2023-01-10 13:00:00,s0066,0.5832783835858412
2023-01-10 13:15:00,s0066,0.5356810588266644
2023-01-10 13:30:00,s0066,0.568834670731714
2023-01-10 13:45:00,s0066,0.48451067033602413
2023-01-10 14:00:00,s0066,0.4802203329158953
2023-01-10 14:15:00,s0066,0.5752203334294657
2023-01-10 14:30:00,s0066,0.49485531488556156
2023-01-10 14:45:00,s0066,0.45847479442197137
2023-01-10 15:00:00,s0066,0.4491451067591956
2023-01-10 15:15:00,s0066,0.4688343710746673
2023-01-10 15:30:00,s0066,0.4187861758505439
2023-01-10 15:45:00,s0066,0.4048107962748948
2023-01-10 16:00:00,s0066,0.4392659997619135
2023-01-10 16:15:00,s0066,0.34704520031161257
2023-01-10 16:30:00,s0066,0.33179615968286713
2023-01-10 16:45:00,s0066,0.3646125826475023
2023-01-10 17:00:00,s0066,0.38077853539699025
2023-01-10 17:15:00,s0066,0.3105965334521802
2023-01-10 17:30:00,s0066,0.3394273608532147
2023-01-10 17:45:00,s0066,0.2615657957173634
2023-01-10 18:00:00,s0066,0.2786947069807283
2023-01-10 18:15:00,s0066,0.3152635188726861
2023-01-10 18:30:00,s0066,0.41026351888200296
2023-01-10 18:45:00,s0066,0.32518734918706194
2023-01-10 19:00:00,s0066,0.2544529844220724
2023-01-10 19:15:00,s0066,0.21954977170380718
2023-01-10 19:30:00,s0066,0.2787634098173216
2023-01-10 19:45:00,s0066,0.0
2023-01-10 20:00:00,s0066,0.0
2023-01-10 20:15:00,s0066,0.0
2023-01-10 20:30:00,s0066,0.0
2023-01-10 20:45:00,s0066,0.0
2023-01-10 21:00:00,s0066,0.0
2023-01-10 21:15:00,s0066,0.0
2023-01-10 21:30:00,s0066,0.0
2023-01-10 21:45:00,s0066,0.03987668858445087
2023-01-10 22:00:00,s0066,0.0
2023-01-10 22:15:00,s0066,0.0
2023-01-10 22:30:00,s0066,0.09500000190177282
2023-01-10 22:45:00,s0066,0.11570479833602859
2023-01-10 23:00:00,s0066,0.11174255672986688
2023-01-10 23:15:00,s0066,0.12831433819243615
2023-01-10 23:30:00,s0066,0.16141251405469698
2023-01-10 23:45:00,s0066,0.1336422732355036
2023-01-10 00:00:00,s0067,0.493930605978649
2023-01-10 00:15:00,s0067,0.4949422227100566
2023-01-10 00:30:00,s0067,0.5494141952835478
2023-01-10 00:45:00,s0067,0.5284444549830021
2023-01-10 01:00:00,s0067,0.5373587026251376
2023-01-10 01:15:00,s0067,0.5153183436792851
2023-01-10 01:30:00,s0067,0.5623635958380407
2023-01-10 01:45:00,s0067,0.4929402025052841
2023-01-10 02:00:00,s0067,0.5132060713568406
2023-01-10 02:15:00,s0067,0.4587324815010398
2023-01-10 02:30:00,s0067,0.4764193358019173
2023-01-10 02:45:00,s0067,0.5052895146419942
2023-01-10 03:00:00,s0067,0.5625078059248517
2023-01-10 03:15:00,s0067,0.695492505179716
2023-01-10 03:30:00,s0067,0.8156055460603412
2023-01-10 03:45:00,s0067,1.0
2023-01-10 04:00:00,s0067,0.9104253187346489
2023-01-10 04:15:00,s0067,0.8927396025527758
2023-01-10 04:30:00,s0067,0.8579897874853611
2023-01-10 04:45:00,s0067,0.7812537821749855
2023-01-10 05:00:00,s0067,0.774276181313268
2023-01-10 05:15:00,s0067,0.8173508326147311
2023-01-10 05:30:00,s0067,0.7716536387645294
2023-01-10 05:45:00,s0067,0.7569502155367218
2023-01-10 06:00:00,s0067,0.779874503136376
2023-01-10 06:15:00,s0067,0.8262289628595365
2023-01-10 06:30:00,s0067,0.9205498789419875
2023-01-10 06:45:00,s0067,0.9313716318808385
2023-01-10 07:00:00,s0067,0.9679362040114696
2023-01-10 07:15:00,s0067,1.0
2023-01-10 07:30:00,s0067,1.00000000024594
2023-01-10 07:45:00,s0067,0.9728476016848369
2023-01-10 08:00:00,s0067,0.9100274779238365
2023-01-10 08:15:00,s0067,0.8151964468535252
2023-01-10 08:30:00,s0067,0.7933759817720794
2023-01-10 08:45:00,s0067,0.7215640297713224
2023-01-10 09:00:00,s0067,0.7000529561910388
2023-01-10 09:15:00,s0067,0.7314776481813061
2023-01-10 09:30:00,s0067,0.7714873102478824
2023-01-10 09:45:00,s0067,0.7348046445888708
2023-01-10 10:00:00,s0067,0.6295414870272028
2023-01-10 10:15:00,s0067,0.52427832946749
2023-01-10 10:30:00,s0067,0.5662293577020348
2023-01-10 10:45:00,s0067,0.5256565385787337
2023-01-10 11:00:00,s0067,0.5718041206505138
2023-01-10 11:15:00,s0067,0.4665409633006914
2023-01-10 11:30:00,s0067,0.45026726730043176
2023-01-10 11:45:00,s0067,0.538828506862848
2023-01-10 12:00:00,s0067,0.6338285079611792
2023-01-10 12:15:00,s0067,0.6828380114184184
2023-01-10 12:30:00,s0067,0.7123626292493533
2023-01-10 12:45:00,s0067,0.6985106427363876
2023-01-10 13:00:00,s0067,0.6393618393850283
2023-01-10 13:15:00,s0067,0.7014235819282192
2023-01-10 13:30:00,s0067,0.7246936029160176
2023-01-10 13:45:00,s0067,0.6658085559209972
2023-01-10 14:00:00,s0067,0.7347532715213729
2023-01-10 14:15:00,s0067,0.7766656357302992
2023-01-10 14:30:00,s0067,0.7695058695693415
2023-01-10 14:45:00,s0067,0.8645058701044854
2023-01-10 15:00:00,s0067,0.769394418414547
2023-01-10 15:15:00,s0067,0.7634122814856356
2023-01-10 15:30:00,s0067,0.8198074523292883
2023-01-10 15:45:00,s0067,0.849756013771716
2023-01-10 16:00:00,s0067,0.7882484149643598
2023-01-10 16:15:00,s0067,0.6829852573152566
2023-01-10 16:30:00,s0067,0.6632028770199899
2023-01-10 16:45:00,s0067,0.571704753353568
2023-01-10 17:00:00,s0067,0.577725691586954
2023-01-10 17:15:00,s0067,0.47246253389521553
2023-01-10 17:30:00,s0067,0.3671993762046515
2023-01-10 17:45:00,s0067,0.29727308212866954
2023-01-10 18:00:00,s0067,0.23835499779443525
2023-01-10 18:15:00,s0067,0.30409169872227626
2023-01-10 18:30:00,s0067,0.1988285408368563
2023-01-10 18:45:00,s0067,0.09678666345720244
2023-01-10 19:00:00,s0067,0.10234880340808916
2023-01-10 19:15:00,s0067,0.008210449636344541
2023-01-10 19:30:00,s0067,0.0
2023-01-10 19:45:00,s0067,0.0
2023-01-10 20:00:00,s0067,0.0
2023-01-10 20:15:00,s0067,0.0
2023-01-10 20:30:00,s0067,0.0
2023-01-10 20:45:00,s0067,0.0
2023-01-10 21:00:00,s0067,0.05253768802834513
2023-01-10 21:15:00,s0067,0.04430809399124763
2023-01-10 21:30:00,s0067,0.08365847263529869
2023-01-10 21:45:00,s0067,0.006954910411747894
2023-01-10 22:00:00,s0067,0.006728827347473765
2023-01-10 22:15:00,s0067,0.009132151324618365
2023-01-10 22:30:00,s0067,0.026311267753922507
2023-01-10 22:45:00,s0067,0.0
2023-01-10 23:00:00,s0067,0.0
2023-01-10 23:15:00,s0067,0.0
2023-01-10 23:30:00,s0067,0.0
2023-01-10 23:45:00,s0067,0.022034553853015504
2023-01-10 00:00:00,s0068,0.595
2023-01-10 00:15:00,s0068,0.6402471750425458
2023-01-10 00:30:00,s0068,0.6582799262078367
2023-01-10 00:45:00,s0068,0.6526592162579969
2023-01-10 01:00:00,s0068,0.6288237912887031
2023-01-10 01:15:00,s0068,0.6177753854078343
2023-01-10 01:30:00,s0068,0.6417293548266677
2023-01-10 01:45:00,s0068,0.7367294092627941
2023-01-10 02:00:00,s0068,0.7613991925521981
2023-01-10 02:15:00,s0068,0.7453612085163213
2023-01-10 02:30:00,s0068,0.7354025368593686
2023-01-10 02:45:00,s0068,0.7800311054047074
2023-01-10 03:00:00,s0068,0.8259150897681354
2023-01-10 03:15:00,s0068,0.9737189292285017
2023-01-10 03:30:00,s0068,1.0
2023-01-10 03:45:00,s0068,1.0
2023-01-10 04:00:00,s0068,1.0
2023-01-10 04:15:00,s0068,0.9719909226597623
2023-01-10 04:30:00,s0068,0.968296533092169
2023-01-10 04:45:00,s0068,1.0
2023-01-10 05:00:00,s0068,0.9664420587003968
2023-01-10 05:15:00,s0068,0.9338999056329438
2023-01-10 05:30:00,s0068,0.9388129770026103
2023-01-10 05:45:00,s0068,0.9040267582962797
2023-01-10 06:00:00,s0068,0.9302814769918989
2023-01-10 06:15:00,s0068,0.986998078325035
2023-01-10 06:30:00,s0068,0.8817349208709678
2023-01-10 06:45:00,s0068,0.8613332489854171
2023-01-10 07:00:00,s0068,0.7933666969644673
2023-01-10 07:15:00,s0068,0.8203765195029313
2023-01-10 07:30:00,s0068,0.8226232992298901
2023-01-10 07:45:00,s0068,0.8743781724034632
2023-01-10 08:00:00,s0068,0.8347196709009962
2023-01-10 08:15:00,s0068,0.7871566470085458
2023-01-10 08:30:00,s0068,0.8106689308110232
2023-01-10 08:45:00,s0068,0.8513748718927331
2023-01-10 09:00:00,s0068,0.7500393157931642
2023-01-10 09:15:00,s0068,0.7296462842096811
2023-01-10 09:30:00,s0068,0.8040570571065772
2023-01-10 09:45:00,s0068,0.7272932595578894
2023-01-10 10:00:00,s0068,0.7114314239447063
2023-01-10 10:15:00,s0068,0.7071371501066255
2023-01-10 10:30:00,s0068,0.8021371504442166
2023-01-10 10:45:00,s0068,0.8971371507848613
2023-01-10 11:00:00,s0068,0.8171360841870854
2023-01-10 11:15:00,s0068,0.8074785996916797
2023-01-10 11:30:00,s0068,0.9024786002420189
2023-01-10 11:45:00,s0068,0.8198532551749345
2023-01-10 12:00:00,s0068,0.7646809927397036
2023-01-10 12:15:00,s0068,0.7162547393207569
2023-01-10 12:30:00,s0068,0.6721852504550239
2023-01-10 12:45:00,s0068,0.7088144858740019
2023-01-10 13:00:00,s0068,0.696127293384969
2023-01-10 13:15:00,s0068,0.6403172547079955
2023-01-10 13:30:00,s0068,0.6507633503295782
2023-01-10 13:45:00,s0068,0.6161095136606658
2023-01-10 14:00:00,s0068,0.5715786287892433
2023-01-10 14:15:00,s0068,0.5899924567467647
2023-01-10 14:30:00,s0068,0.5554781607984893
2023-01-10 14:45:00,s0068,0.553082771024444
2023-01-10 15:00:00,s0068,0.5911359262224144
2023-01-10 15:15:00,s0068,0.6386128606857422
2023-01-10 15:30:00,s0068,0.5945479289890785
2023-01-10 15:45:00,s0068,0.5297444408155246
2023-01-10 16:00:00,s0068,0.5333342562456646
2023-01-10 16:15:00,s0068,0.5419250470235779
2023-01-10 16:30:00,s0068,0.4448656070671416
2023-01-10 16:45:00,s0068,0.47908705870931556
2023-01-10 17:00:00,s0068,0.5299269019223487
2023-01-10 17:15:00,s0068,0.5078972812538731
2023-01-10 17:30:00,s0068,0.422358877178726
2023-01-10 17:45:00,s0068,0.4345569435617248
2023-01-10 18:00:00,s0068,0.5038438116727799
2023-01-10 18:15:00,s0068,0.5279635350462634
2023-01-10 18:30:00,s0068,0.6073311918518858
2023-01-10 18:45:00,s0068,0.5969930949901183
2023-01-10 19:00:00,s0068,0.6616590321038625
2023-01-10 19:15:00,s0068,0.6601120223098701
2023-01-10 19:30:00,s0068,0.6668896469874765
2023-01-10 19:45:00,s0068,0.5293217041666926
2023-01-10 20:00:00,s0068,0.46694850053823417
2023-01-10 20:15:00,s0068,0.497490867951999
2023-01-10 20:30:00,s0068,0.5376565111958667
2023-01-10 20:45:00,s0068,0.5698832231080051
2023-01-10 21:00:00,s0068,0.6648832240916003
2023-01-10 21:15:00,s0068,0.6726830150936801
2023-01-10 21:30:00,s0068,0.7018423395436325
2023-01-10 21:45:00,s0068,0.6799552231803476
2023-01-10 22:00:00,s0068,0.6209571854392024
2023-01-10 22:15:00,s0068,0.7159571872763384
2023-01-10 22:30:00,s0068,0.8109571891781112
2023-01-10 22:45:00,s0068,0.8248662255607313
2023-01-10 23:00:00,s0068,0.8750069165709458
2023-01-10 23:15:00,s0068,0.8821560200818057
2023-01-10 23:30:00,s0068,0.7897140921923878
2023-01-10 23:45:00,s0068,0.8183383951854085
2023-01-10 00:00:00,s0069,0.5433469948471067
2023-01-10 00:15:00,s0069,0.44895359960043896
2023-01-10 00:30:00,s0069,0.4529366674509086
2023-01-10 00:45:00,s0069,0.39377185167131074
2023-01-10 01:00:00,s0069,0.43733364060977353
2023-01-10 01:15:00,s0069,0.4326684779334086
2023-01-10 01:30:00,s0069,0.39678014466124023
2023-01-10 01:45:00,s0069,0.4163621395936395
2023-01-10 02:00:00,s0069,0.38075754443872933
2023-01-10 02:15:00,s0069,0.38028272556647136
2023-01-10 02:30:00,s0069,0.39908468201336217
2023-01-10 02:45:00,s0069,0.34141227042564437
2023-01-10 03:00:00,s0069,0.4249245032888191
2023-01-10 03:15:00,s0069,0.5482647103211298
2023-01-10 03:30:00,s0069,0.6614908406100217
2023-01-10 03:45:00,s0069,0.7673415085852227
2023-01-10 04:00:00,s0069,0.8299072544801438
2023-01-10 04:15:00,s0069,0.7565152368161319
2023-01-10 04:30:00,s0069,0.7691499817953248
2023-01-10 04:45:00,s0069,0.6860282120479273
2023-01-10 05:00:00,s0069,0.6535547794338984
2023-01-10 05:15:00,s0069,0.6922959940959369
2023-01-10 05:30:00,s0069,0.732034145550808
2023-01-10 05:45:00,s0069,0.6622078311482319
2023-01-10 06:00:00,s0069,0.6382046407921677
2023-01-10 06:15:00,s0069,0.5916320015150766
2023-01-10 06:30:00,s0069,0.5878024175552508
2023-01-10 06:45:00,s0069,0.5245837882105873
2023-01-10 07:00:00,s0069,0.45039638272508487
2023-01-10 07:15:00,s0069,0.44081956379635745
2023-01-10 07:30:00,s0069,0.42873423876914185
2023-01-10 07:45:00,s0069,0.4569513551448534
2023-01-10 08:00:00,s0069,0.35449938155695426
2023-01-10 08:15:00,s0069,0.3237215598044375
2023-01-10 08:30:00,s0069,0.3040999727470932
2023-01-10 08:45:00,s0069,0.2657581519799397
2023-01-10 09:00:00,s0069,0.20916833537789103
2023-01-10 09:15:00,s0069,0.3041683356077294
2023-01-10 09:30:00,s0069,0.35792392761012926
2023-01-10 09:45:00,s0069,0.370244679909148
2023-01-10 10:00:00,s0069,0.3538764596239724
2023-01-10 10:15:00,s0069,0.2610994977113854
2023-01-10 10:30:00,s0069,0.15583634015423975
2023-01-10 10:45:00,s0069,0.20045163730627624
2023-01-10 11:00:00,s0069,0.15785854758566153
2023-01-10 11:15:00,s0069,0.2337241350623841
2023-01-10 11:30:00,s0069,0.3287241356127233
2023-01-10 11:45:00,s0069,0.31210989784739007
2023-01-10 12:00:00,s0069,0.2256330860788055
2023-01-10 12:15:00,s0069,0.1203699292899606
2023-01-10 12:30:00,s0069,0.03799133182701986
2023-01-10 12:45:00,s0069,0.0
2023-01-10 13:00:00,s0069,0.016641945636569067
2023-01-10 13:15:00,s0069,0.1061596930309272
2023-01-10 13:30:00,s0069,0.17459261823478067
2023-01-10 13:45:00,s0069,0.13048943747664776
2023-01-10 14:00:00,s0069,0.1090907125573316
2023-01-10 14:15:00,s0069,0.003827555176165176
2023-01-10 14:30:00,s0069,0.08256369546956743
2023-01-10 14:45:00,s0069,0.08308005043512823
2023-01-10 15:00:00,s0069,0.17529174006379566
2023-01-10 15:15:00,s0069,0.18369126237384537
2023-01-10 15:30:00,s0069,0.1003662448110374
2023-01-10 15:45:00,s0069,0.08160982364952929
2023-01-10 16:00:00,s0069,0.09864188807447738
2023-01-10 16:15:00,s0069,0.04549520080382652
2023-01-10 16:30:00,s0069,0.042770200951251836
2023-01-10 16:45:00,s0069,0.03971205906873987
2023-01-10 17:00:00,s0069,0.0
2023-01-10 17:15:00,s0069,0.0
2023-01-10 17:30:00,s0069,0.019271931182061053
2023-01-10 17:45:00,s0069,0.042970651617534994
2023-01-10 18:00:00,s0069,0.0
2023-01-10 18:15:00,s0069,0.014813549890781763
2023-01-10 18:30:00,s0069,0.0
2023-01-10 18:45:00,s0069,0.0
2023-01-10 19:00:00,s0069,0.0
2023-01-10 19:15:00,s0069,0.0
2023-01-10 19:30:00,s0069,0.0
2023-01-10 19:45:00,s0069,0.0
2023-01-10 20:00:00,s0069,0.0
2023-01-10 20:15:00,s0069,0.0
2023-01-10 20:30:00,s0069,0.0668942272269406
2023-01-10 20:45:00,s0069,0.05572357635514957
2023-01-10 21:00:00,s0069,0.113454808819686
2023-01-10 21:15:00,s0069,0.1326392131912028
2023-01-10 21:30:00,s0069,0.11521792828255623
2023-01-10 21:45:00,s0069,0.10393182392413686
2023-01-10 22:00:00,s0069,0.16671608374778457
2023-01-10 22:15:00,s0069,0.1593893533575224
2023-01-10 22:30:00,s0069,0.06451904527265212
2023-01-10 22:45:00,s0069,0.09247457080661542
2023-01-10 23:00:00,s0069,0.1164919344736493
2023-01-10 23:15:00,s0069,0.1146852500618098
2023-01-10 23:30:00,s0069,0.16317763797474788
2023-01-10 23:45:00,s0069,0.16787660485311756
2023-01-10 00:00:00,s0070,0.49505926837797837
2023-01-10 00:15:00,s0070,0.507848896199853
2023-01-10 00:30:00,s0070,0.46400854378238604
2023-01-10 00:45:00,s0070,0.5301779555637623
2023-01-10 01:00:00,s0070,0.42491485406363183
2023-01-10 01:15:00,s0070,0.47786710604826466
2023-01-10 01:30:00,s0070,0.5255178911097914
2023-01-10 01:45:00,s0070,0.5057132025499951
2023-01-10 02:00:00,s0070,0.5389060254351586
2023-01-10 02:15:00,s0070,0.5974124766975077
2023-01-10 02:30:00,s0070,0.5908260425467303
2023-01-10 02:45:00,s0070,0.5906823799946908
2023-01-10 03:00:00,s0070,0.7156945916992489
2023-01-10 03:15:00,s0070,0.8462111987201947
2023-01-10 03:30:00,s0070,0.9989948744251906
2023-01-10 03:45:00,s0070,1.0
2023-01-10 04:00:00,s0070,0.9519359176661671
2023-01-10 04:15:00,s0070,1.0
2023-01-10 04:30:00,s0070,0.9886336274769261
2023-01-10 04:45:00,s0070,1.0
2023-01-10 05:00:00,s0070,1.0000000033279912
2023-01-10 05:15:00,s0070,1.0000000068022552
2023-01-10 05:30:00,s0070,0.9414299355353111
2023-01-10 05:45:00,s0070,0.836166782967631
2023-01-10 06:00:00,s0070,0.7908091074985211
2023-01-10 06:15:00,s0070,0.715083416905446
2023-01-10 06:30:00,s0070,0.7007619736502688
2023-01-10 06:45:00,s0070,0.7152282730326733
2023-01-10 07:00:00,s0070,0.695913282169936
2023-01-10 07:15:00,s0070,0.653634071786256
2023-01-10 07:30:00,s0070,0.6640367042322948
2023-01-10 07:45:00,s0070,0.7168929337337899
2023-01-10 08:00:00,s0070,0.7156035472686298
2023-01-10 08:15:00,s0070,0.7403728212723406
2023-01-10 08:30:00,s0070,0.7872968717639717
2023-01-10 08:45:00,s0070,0.6820337140488246
2023-01-10 09:00:00,s0070,0.7165657640413696
2023-01-10 09:15:00,s0070,0.6970997032052166
2023-01-10 09:30:00,s0070,0.7920997034362254
2023-01-10 09:45:00,s0070,0.7849441319073388
2023-01-10 10:00:00,s0070,0.8098896305051645
2023-01-10 10:15:00,s0070,0.8196980010602932
2023-01-10 10:30:00,s0070,0.8920914033044736
2023-01-10 10:45:00,s0070,0.7868282457503815
2023-01-10 11:00:00,s0070,0.8269249323852783
2023-01-10 11:15:00,s0070,0.7216617750354559
2023-01-10 11:30:00,s0070,0.8166617755857951
2023-01-10 11:45:00,s0070,0.7113986182431127
2023-01-10 12:00:00,s0070,0.6657616672555696
2023-01-10 12:15:00,s0070,0.5604985104667247
2023-01-10 12:30:00,s0070,0.6203915730397781
2023-01-10 12:45:00,s0070,0.6310454240227069
2023-01-10 13:00:00,s0070,0.5612153009227447
2023-01-10 13:15:00,s0070,0.5717297809421369
2023-01-10 13:30:00,s0070,0.5129658824360215
2023-01-10 13:45:00,s0070,0.6079658833069416
2023-01-10 14:00:00,s0070,0.6517474716897447
2023-01-10 14:15:00,s0070,0.6481956463846732
2023-01-10 14:30:00,s0070,0.6803604431858283
2023-01-10 14:45:00,s0070,0.7148145602630831
2023-01-10 15:00:00,s0070,0.7329805913149936
2023-01-10 15:15:00,s0070,0.7249082130912858
2023-01-10 15:30:00,s0070,0.6992999398743468
2023-01-10 15:45:00,s0070,0.6630651652330193
2023-01-10 16:00:00,s0070,0.6197425553820342
2023-01-10 16:15:00,s0070,0.5587863109839426
2023-01-10 16:30:00,s0070,0.5006991164019545
2023-01-10 16:45:00,s0070,0.5056032352496842
2023-01-10 17:00:00,s0070,0.45387975568225647
2023-01-10 17:15:00,s0070,0.46876720928719384
2023-01-10 17:30:00,s0070,0.47858362057522075
2023-01-10 17:45:00,s0070,0.5171405804825853
2023-01-10 18:00:00,s0070,0.41187742281397866
2023-01-10 18:15:00,s0070,0.4813150782648492
2023-01-10 18:30:00,s0070,0.37605192037942925
2023-01-10 18:45:00,s0070,0.30350148792457987
2023-01-10 19:00:00,s0070,0.3362387777317696
2023-01-10 19:15:00,s0070,0.1679793810361434
2023-01-10 19:30:00,s0070,0.23166348100491752
2023-01-10 19:45:00,s0070,0.044487054265775594
2023-01-10 20:00:00,s0070,0.0
2023-01-10 20:15:00,s0070,0.0
2023-01-10 20:30:00,s0070,0.0
2023-01-10 20:45:00,s0070,0.0
2023-01-10 21:00:00,s0070,0.0
2023-01-10 21:15:00,s0070,0.0
2023-01-10 21:30:00,s0070,0.050731362962686155
2023-01-10 21:45:00,s0070,0.08870404297822532
2023-01-10 22:00:00,s0070,0.11581226019276608
2023-01-10 22:15:00,s0070,0.15451171892725923
2023-01-10 22:30:00,s0070,0.18439321475017295
2023-01-10 22:45:00,s0070,0.21922529098506863
2023-01-10 23:00:00,s0070,0.23120051557776902
2023-01-10 23:15:00,s0070,0.20414008206214962
2023-01-10 23:30:00,s0070,0.21719742995748165
2023-01-10 23:45:00,s0070,0.28231419280281506
2023-01-10 00:00:00,s0071,0.4766122459921416
2023-01-10 00:15:00,s0071,0.4779175112972469
2023-01-10 00:30:00,s0071,0.5174309236210417
2023-01-10 00:45:00,s0071,0.48611822822238276
2023-01-10 01:00:00,s0071,0.5573789790704315
2023-01-10 01:15:00,s0071,0.6099757918940524
2023-01-10 01:30:00,s0071,0.5551258925838953
2023-01-10 01:45:00,s0071,0.5767963053113903
2023-01-10 02:00:00,s0071,0.4715332062859126
2023-01-10 02:15:00,s0071,0.4142323912222131
2023-01-10 02:30:00,s0071,0.4223459165350093
2023-01-10 02:45:00,s0071,0.4315093462756743
2023-01-10 03:00:00,s0071,0.5779513909504572
2023-01-10 03:15:00,s0071,0.6957108150303445
2023-01-10 03:30:00,s0071,0.8402515542172841
2023-01-10 03:45:00,s0071,1.0
2023-01-10 04:00:00,s0071,1.0
2023-01-10 04:15:00,s0071,0.9660920999942263
2023-01-10 04:30:00,s0071,0.9726280930751405
2023-01-10 04:45:00,s0071,0.9132900237057439
2023-01-10 05:00:00,s0071,0.8301684010936663
2023-01-10 05:15:00,s0071,0.8326580602827012
2023-01-10 05:30:00,s0071,0.8062112441898877
2023-01-10 05:45:00,s0071,0.7545252918693235
2023-01-10 06:00:00,s0071,0.72187024151774
2023-01-10 06:15:00,s0071,0.7532219174440975
2023-01-10 06:30:00,s0071,0.7296636230394066
2023-01-10 06:45:00,s0071,0.7671294501968078
2023-01-10 07:00:00,s0071,0.8541539729128454
2023-01-10 07:15:00,s0071,0.7727519999126512
2023-01-10 07:30:00,s0071,0.7382959896541043
2023-01-10 07:45:00,s0071,0.7236188626213782
2023-01-10 08:00:00,s0071,0.7733531801986453
2023-01-10 08:15:00,s0071,0.6959892841216795
2023-01-10 08:30:00,s0071,0.7324216787340481
2023-01-10 08:45:00,s0071,0.6598236491045428
2023-01-10 09:00:00,s0071,0.6600655855459803
2023-01-10 09:15:00,s0071,0.5879390815724044
2023-01-10 09:30:00,s0071,0.6785973352581105
2023-01-10 09:45:00,s0071,0.7427967944005477
2023-01-10 10:00:00,s0071,0.7881432170942784
2023-01-10 10:15:00,s0071,0.7060992091923632
2023-01-10 10:30:00,s0071,0.7573613619233052
2023-01-10 10:45:00,s0071,0.8523613622639499
2023-01-10 11:00:00,s0071,0.9473613627999731
2023-01-10 11:15:00,s0071,0.872899649763527
2023-01-10 11:30:00,s0071,0.7676364924191293
2023-01-10 11:45:00,s0071,0.8626364929711837
2023-01-10 12:00:00,s0071,0.957636494069515
2023-01-10 12:15:00,s0071,0.9905391079381638
2023-01-10 12:30:00,s0071,1.0
2023-01-10 12:45:00,s0071,1.0000000011916976
2023-01-10 13:00:00,s0071,0.9565462227723397
2023-01-10 13:15:00,s0071,1.0
2023-01-10 13:30:00,s0071,0.983493075133657
2023-01-10 13:45:00,s0071,1.0
2023-01-10 14:00:00,s0071,0.9729700564618328
2023-01-10 14:15:00,s0071,0.9436613707063146
2023-01-10 14:30:00,s0071,0.9282806757229601
2023-01-10 14:45:00,s0071,0.8974312452979056
2023-01-10 15:00:00,s0071,0.870288401190987
2023-01-10 15:15:00,s0071,0.9102973843239788
2023-01-10 15:30:00,s0071,0.9098596176715773
2023-01-10 15:45:00,s0071,0.9349796179217742
2023-01-10 16:00:00,s0071,0.9119059446123247
2023-01-10 16:15:00,s0071,0.9453620584860161
2023-01-10 16:30:00,s0071,0.9010517619635723
2023-01-10 16:45:00,s0071,0.89208089255442
2023-01-10 17:00:00,s0071,0.8202256838593602
2023-01-10 17:15:00,s0071,0.8836937302118608
2023-01-10 17:30:00,s0071,0.8784744026185971
2023-01-10 17:45:00,s0071,0.9607782014448651
2023-01-10 18:00:00,s0071,0.9840268467460822
2023-01-10 18:15:00,s0071,0.9108393661583036
2023-01-10 18:30:00,s0071,0.9487521609159719
2023-01-10 18:45:00,s0071,0.8677342594405845
2023-01-10 19:00:00,s0071,0.7815645735655191
2023-01-10 19:15:00,s0071,0.7004306765281458
2023-01-10 19:30:00,s0071,0.7578168937951797
2023-01-10 19:45:00,s0071,0.4955113874659014
2023-01-10 20:00:00,s0071,0.5000122495532365
2023-01-10 20:15:00,s0071,0.3652105869858757
2023-01-10 20:30:00,s0071,0.336812738529889
2023-01-10 20:45:00,s0071,0.3167502583835289
2023-01-10 21:00:00,s0071,0.2680716266957585
2023-01-10 21:15:00,s0071,0.2756579500276384
2023-01-10 21:30:00,s0071,0.3082582173025044
2023-01-10 21:45:00,s0071,0.28815964974672503
2023-01-10 22:00:00,s0071,0.29068587805833557
2023-01-10 22:15:00,s0071,0.26936202422127437
2023-01-10 22:30:00,s0071,0.22712025536007263
2023-01-10 22:45:00,s0071,0.17746905165268695
2023-01-10 23:00:00,s0071,0.19121392527834064
2023-01-10 23:15:00,s0071,0.15456395498913306
2023-01-10 23:30:00,s0071,0.11874032658060468
2023-01-10 23:45:00,s0071,0.08828519363631793
2023-01-10 00:00:00,s0072,0.5073356970153587
2023-01-10 00:15:00,s0072,0.49989703748194536
2023-01-10 00:30:00,s0072,0.494624067464215
2023-01-10 00:45:00,s0072,0.5030449082945544
2023-01-10 01:00:00,s0072,0.49848696410942983
2023-01-10 01:15:00,s0072,0.4884302630181393
2023-01-10 01:30:00,s0072,0.40423016827891045
2023-01-10 01:45:00,s0072,0.36042251242277157
2023-01-10 02:00:00,s0072,0.405292535554385
2023-01-10 02:15:00,s0072,0.3993350544421091
2023-01-10 02:30:00,s0072,0.4156204846068992
2023-01-10 02:45:00,s0072,0.34438051922963364
2023-01-10 03:00:00,s0072,0.4344445140759827
2023-01-10 03:15:00,s0072,0.6043229977312601
2023-01-10 03:30:00,s0072,0.7242842527178746
2023-01-10 03:45:00,s0072,0.9303229180763469
2023-01-10 04:00:00,s0072,0.9656223364853816
2023-01-10 04:15:00,s0072,1.0
2023-01-10 04:30:00,s0072,0.9427311475292678
2023-01-10 04:45:00,s0072,0.9506921958869694
2023-01-10 05:00:00,s0072,0.9552561307708662
2023-01-10 05:15:00,s0072,0.935535121395548
2023-01-10 05:30:00,s0072,0.887280254015939
2023-01-10 05:45:00,s0072,0.8142642476858896
2023-01-10 06:00:00,s0072,0.8073139449133528
2023-01-10 06:15:00,s0072,0.8122308475736685
2023-01-10 06:30:00,s0072,0.8864325792456939
2023-01-10 06:45:00,s0072,0.8567396773292559
2023-01-10 07:00:00,s0072,0.8775273504490075
2023-01-10 07:15:00,s0072,0.901521416632534
2023-01-10 07:30:00,s0072,0.932341535227853
2023-01-10 07:45:00,s0072,0.9635186384420775
2023-01-10 08:00:00,s0072,0.9177674343910018
2023-01-10 08:15:00,s0072,0.8803590742376963
2023-01-10 08:30:00,s0072,0.8894117641616717
2023-01-10 08:45:00,s0072,0.9039842850599115
2023-01-10 09:00:00,s0072,0.8209859299081592
2023-01-10 09:15:00,s0072,0.7183337381774995
2023-01-10 09:30:00,s0072,0.6519371111752564
2023-01-10 09:45:00,s0072,0.7469371114072997
2023-01-10 10:00:00,s0072,0.6416739538456316
2023-01-10 10:15:00,s0072,0.7366739541806556
2023-01-10 10:30:00,s0072,0.6795705268838487
2023-01-10 10:45:00,s0072,0.7645372506760857
2023-01-10 11:00:00,s0072,0.8384691149909635
2023-01-10 11:15:00,s0072,0.7943291053691832
2023-01-10 11:30:00,s0072,0.6890659480247856
2023-01-10 11:45:00,s0072,0.5838027906821033
2023-01-10 12:00:00,s0072,0.5540306948666402
2023-01-10 12:15:00,s0072,0.4799474773518637
2023-01-10 12:30:00,s0072,0.5186263045404891
2023-01-10 12:45:00,s0072,0.4495552702717115
2023-01-10 13:00:00,s0072,0.37652613126429624
2023-01-10 13:15:00,s0072,0.4599596297784353
2023-01-10 13:30:00,s0072,0.3907566112110329
2023-01-10 13:45:00,s0072,0.2940394404926572
2023-01-10 14:00:00,s0072,0.3392374730220704
2023-01-10 14:15:00,s0072,0.3384892332912932
2023-01-10 14:30:00,s0072,0.39792955481526526
2023-01-10 14:45:00,s0072,0.4428064408565463
2023-01-10 15:00:00,s0072,0.4141336002550119
2023-01-10 15:15:00,s0072,0.41926129076071583
2023-01-10 15:30:00,s0072,0.3604002362106341
2023-01-10 15:45:00,s0072,0.30882565720033417
2023-01-10 16:00:00,s0072,0.3248716045478046
2023-01-10 16:15:00,s0072,0.32599112838620836
2023-01-10 16:30:00,s0072,0.3473798068989251
2023-01-10 16:45:00,s0072,0.3235800047507976
2023-01-10 17:00:00,s0072,0.4185800049526248
2023-01-10 17:15:00,s0072,0.414087404968837
2023-01-10 17:30:00,s0072,0.4300669606235574
2023-01-10 17:45:00,s0072,0.4378447979900264
2023-01-10 18:00:00,s0072,0.4766207768759594
2023-01-10 18:15:00,s0072,0.49936219218416467
2023-01-10 18:30:00,s0072,0.5246166891420863
2023-01-10 18:45:00,s0072,0.41587321244479547
2023-01-10 19:00:00,s0072,0.3343074232298049
2023-01-10 19:15:00,s0072,0.33429186268378075
2023-01-10 19:30:00,s0072,0.3710930816068435
2023-01-10 19:45:00,s0072,0.048342151333335415
2023-01-10 20:00:00,s0072,0.005074036170329421
2023-01-10 20:15:00,s0072,0.0
2023-01-10 20:30:00,s0072,0.0
2023-01-10 20:45:00,s0072,0.0
2023-01-10 21:00:00,s0072,0.09408448364298666
2023-01-10 21:15:00,s0072,0.06783873717300176
2023-01-10 21:30:00,s0072,0.020493012648311937
2023-01-10 21:45:00,s0072,0.011668029031108529
2023-01-10 22:00:00,s0072,0.014316164879268234
2023-01-10 22:15:00,s0072,0.0
2023-01-10 22:30:00,s0072,0.024341867252320848
2023-01-10 22:45:00,s0072,0.0
2023-01-10 23:00:00,s0072,0.046555770720502154
2023-01-10 23:15:00,s0072,0.07759980393793825
2023-01-10 23:30:00,s0072,0.047362984530022856
2023-01-10 23:45:00,s0072,0.07005900331453924
2023-01-10 00:00:00,s0073,0.4760686068542407
2023-01-10 00:15:00,s0073,0.44991009026590695
2023-01-10 00:30:00,s0073,0.4116469899637156
2023-01-10 00:45:00,s0073,0.47475942131450605
2023-01-10 01:00:00,s0073,0.542638336747793
2023-01-10 01:15:00,s0073,0.5684279387473151
2023-01-10 01:30:00,s0073,0.569065068038216
2023-01-10 01:45:00,s0073,0.5962839720062882
2023-01-10 02:00:00,s0073,0.6396494638064674
2023-01-10 02:15:00,s0073,0.6571045768467249
2023-01-10 02:30:00,s0073,0.6197167562409786
2023-01-10 02:45:00,s0073,0.6582791723890318
2023-01-10 03:00:00,s0073,0.8291018910847923
2023-01-10 03:15:00,s0073,0.9442119059182257
2023-01-10 03:30:00,s0073,1.0
2023-01-10 03:45:00,s0073,1.0
2023-01-10 04:00:00,s0073,1.0
2023-01-10 04:15:00,s0073,0.9921932577545582
2023-01-10 04:30:00,s0073,0.9907313824033651
2023-01-10 04:45:00,s0073,1.0
2023-01-10 05:00:00,s0073,1.0000000033279912
2023-01-10 05:15:00,s0073,1.0000000068022552
2023-01-10 05:30:00,s0073,1.0
2023-01-10 05:45:00,s0073,0.9653696054915633
2023-01-10 06:00:00,s0073,0.8903099599204186
2023-01-10 06:15:00,s0073,0.8963639409965062
2023-01-10 06:30:00,s0073,0.9259676030291656
2023-01-10 06:45:00,s0073,0.9086158414955933
2023-01-10 07:00:00,s0073,0.96400520192825
2023-01-10 07:15:00,s0073,0.8808067511335507
2023-01-10 07:30:00,s0073,0.8875406779799073
2023-01-10 07:45:00,s0073,0.9095944527078054
2023-01-10 08:00:00,s0073,0.9151576848713511
2023-01-10 08:15:00,s0073,0.9710758137045217
2023-01-10 08:30:00,s0073,0.9436363200397984
2023-01-10 08:45:00,s0073,0.9096703292884994
2023-01-10 09:00:00,s0073,0.9304702980598727
2023-01-10 09:15:00,s0073,0.9686476273837876
2023-01-10 09:30:00,s0073,0.9633173678374682
2023-01-10 09:45:00,s0073,0.9863131389655212
2023-01-10 10:00:00,s0073,1.0
2023-01-10 10:15:00,s0073,0.8947368424402872
2023-01-10 10:30:00,s0073,0.7894736848831414
2023-01-10 10:45:00,s0073,0.6842105273290493
2023-01-10 11:00:00,s0073,0.5815982853578477
2023-01-10 11:15:00,s0073,0.5350893289739203
2023-01-10 11:30:00,s0073,0.42982617162952264
2023-01-10 11:45:00,s0073,0.524826172181577
2023-01-10 12:00:00,s0073,0.5538642694972893
2023-01-10 12:15:00,s0073,0.6348724611056461
2023-01-10 12:30:00,s0073,0.6873757138432407
2023-01-10 12:45:00,s0073,0.751416204092535
2023-01-10 13:00:00,s0073,0.8464162049037565
2023-01-10 13:15:00,s0073,0.7411530478378947
2023-01-10 13:30:00,s0073,0.7303214388439652
2023-01-10 13:45:00,s0073,0.8190831838173065
2023-01-10 14:00:00,s0073,0.7506437700263602
2023-01-10 14:15:00,s0073,0.7408042271918736
2023-01-10 14:30:00,s0073,0.7780230238279666
2023-01-10 14:45:00,s0073,0.7920916972795303
2023-01-10 15:00:00,s0073,0.740603373347535
2023-01-10 15:15:00,s0073,0.6624350374087032
2023-01-10 15:30:00,s0073,0.6352331563482547
2023-01-10 15:45:00,s0073,0.5879289798005627
2023-01-10 16:00:00,s0073,0.617822137775478
2023-01-10 16:15:00,s0073,0.6054354099395944
2023-01-10 16:30:00,s0073,0.5818051472090333
2023-01-10 16:45:00,s0073,0.5218433638025166
2023-01-10 17:00:00,s0073,0.5114522423415128
2023-01-10 17:15:00,s0073,0.5408873699120913
2023-01-10 17:30:00,s0073,0.581543425327771
2023-01-10 17:45:00,s0073,0.5589282424893742
2023-01-10 18:00:00,s0073,0.5521538086206261
2023-01-10 18:15:00,s0073,0.5461499049816383
2023-01-10 18:30:00,s0073,0.5202756057524763
2023-01-10 18:45:00,s0073,0.41615009790362023
2023-01-10 19:00:00,s0073,0.45599412591386257
2023-01-10 19:15:00,s0073,0.3519656842064813
2023-01-10 19:30:00,s0073,0.3470015627141865
2023-01-10 19:45:00,s0073,0.11557171897805385
2023-01-10 20:00:00,s0073,0.054519766566644756
2023-01-10 20:15:00,s0073,0.057854339941549204
2023-01-10 20:30:00,s0073,0.11287949128300856
2023-01-10 20:45:00,s0073,0.11862192001166355
2023-01-10 21:00:00,s0073,0.09411470490463913
2023-01-10 21:15:00,s0073,0.05236781210487862
2023-01-10 21:30:00,s0073,0.04766728527163616
2023-01-10 21:45:00,s0073,0.0
2023-01-10 22:00:00,s0073,0.08043004341638205
2023-01-10 22:15:00,s0073,0.16101912917621297
2023-01-10 22:30:00,s0073,0.21308706733753469
2023-01-10 22:45:00,s0073,0.16173919550798227
2023-01-10 23:00:00,s0073,0.28307216253204226
2023-01-10 23:15:00,s0073,0.3208637480488804
2023-01-10 23:30:00,s0073,0.40302562703402117
2023-01-10 23:45:00,s0073,0.3821525221628301
2023-01-10 00:00:00,s0074,0.44456469616980165
2023-01-10 00:15:00,s0074,0.40311511984254556
2023-01-10 00:30:00,s0074,0.36855863761244545
2023-01-10 00:45:00,s0074,0.3972918571139651
2023-01-10 01:00:00,s0074,0.4195137467835762
2023-01-10 01:15:00,s0074,0.3569735295236704
2023-01-10 01:30:00,s0074,0.3819456562474096
2023-01-10 01:45:00,s0074,0.4293951414933824
2023-01-10 02:00:00,s0074,0.4037118625537529
2023-01-10 02:15:00,s0074,0.34858373883697236
2023-01-10 02:30:00,s0074,0.3036567732435616
2023-01-10 02:45:00,s0074,0.2998484066069822
2023-01-10 03:00:00,s0074,0.41320603375093923
2023-01-10 03:15:00,s0074,0.44714395983529087
2023-01-10 03:30:00,s0074,0.6066580619655323
2023-01-10 03:45:00,s0074,0.7884292087119611
2023-01-10 04:00:00,s0074,0.7329679793686836
2023-01-10 04:15:00,s0074,0.7363661576975749
2023-01-10 04:30:00,s0074,0.6936114791843994
2023-01-10 04:45:00,s0074,0.7886143969607969
2023-01-10 05:00:00,s0074,0.794918673728086
2023-01-10 05:15:00,s0074,0.8201982272525613
2023-01-10 05:30:00,s0074,0.714935073050142
2023-01-10 05:45:00,s0074,0.7229958820169244
2023-01-10 06:00:00,s0074,0.7233296193326685
2023-01-10 06:15:00,s0074,0.7048165128531538
2023-01-10 06:30:00,s0074,0.7187249904424462
2023-01-10 06:45:00,s0074,0.7037305775600917
2023-01-10 07:00:00,s0074,0.7064542965240976
2023-01-10 07:15:00,s0074,0.752256862585656
2023-01-10 07:30:00,s0074,0.8472568628315961
2023-01-10 07:45:00,s0074,0.8551533384022534
2023-01-10 08:00:00,s0074,0.8542911881615438
2023-01-10 08:15:00,s0074,0.9191610078728543
2023-01-10 08:30:00,s0074,0.8898223779355745
2023-01-10 08:45:00,s0074,0.8394238328140401
2023-01-10 09:00:00,s0074,0.7341606751477529
2023-01-10 09:15:00,s0074,0.7452718303008679
2023-01-10 09:30:00,s0074,0.6400086726371399
2023-01-10 09:45:00,s0074,0.6815848848670522
2023-01-10 10:00:00,s0074,0.660523804813185
2023-01-10 10:15:00,s0074,0.6405873691974668
2023-01-10 10:30:00,s0074,0.6977728921914561
2023-01-10 10:45:00,s0074,0.7927728925321008
2023-01-10 11:00:00,s0074,0.806059622725144
2023-01-10 11:15:00,s0074,0.9010596232700585
2023-01-10 11:30:00,s0074,0.7957964659256609
2023-01-10 11:45:00,s0074,0.6905333085829783
2023-01-10 12:00:00,s0074,0.5964709070944323
2023-01-10 12:15:00,s0074,0.6650907097673807
2023-01-10 12:30:00,s0074,0.6779705958069215
2023-01-10 12:45:00,s0074,0.5727074391038823
2023-01-10 13:00:00,s0074,0.6037429024367964
2023-01-10 13:15:00,s0074,0.6432852345221204
2023-01-10 13:30:00,s0074,0.7382852353707732
2023-01-10 13:45:00,s0074,0.7075345399607953
2023-01-10 14:00:00,s0074,0.6022713825715473
2023-01-10 14:15:00,s0074,0.5183210006676151
2023-01-10 14:30:00,s0074,0.5369138999215142
2023-01-10 14:45:00,s0074,0.5201731202316016
2023-01-10 15:00:00,s0074,0.4925590432973318
2023-01-10 15:15:00,s0074,0.44627117794474347
2023-01-10 15:30:00,s0074,0.5412711783930179
2023-01-10 15:45:00,s0074,0.511215556428936
2023-01-10 16:00:00,s0074,0.44831675516913005
2023-01-10 16:15:00,s0074,0.3706557489637
2023-01-10 16:30:00,s0074,0.2929321669366597
2023-01-10 16:45:00,s0074,0.3879321671871676
2023-01-10 17:00:00,s0074,0.36385677459071075
2023-01-10 17:15:00,s0074,0.29866823280566523
2023-01-10 17:30:00,s0074,0.3741697601312659
2023-01-10 17:45:00,s0074,0.34416305256412305
2023-01-10 18:00:00,s0074,0.3535483613365933
2023-01-10 18:15:00,s0074,0.36560776484761826
2023-01-10 18:30:00,s0074,0.4291652730361555
2023-01-10 18:45:00,s0074,0.32474633352488913
2023-01-10 19:00:00,s0074,0.2505872521107897
2023-01-10 19:15:00,s0074,0.13916906508754112
2023-01-10 19:30:00,s0074,0.12395012856084586
2023-01-10 19:45:00,s0074,0.0
2023-01-10 20:00:00,s0074,0.0
2023-01-10 20:15:00,s0074,0.0
2023-01-10 20:30:00,s0074,0.0
2023-01-10 20:45:00,s0074,0.03325484166556664
2023-01-10 21:00:00,s0074,0.030950711748617687
2023-01-10 21:15:00,s0074,0.03016918884801706
2023-01-10 21:30:00,s0074,0.0
2023-01-10 21:45:00,s0074,0.0
2023-01-10 22:00:00,s0074,0.0
2023-01-10 22:15:00,s0074,0.03163128695922812
2023-01-10 22:30:00,s0074,0.0
2023-01-10 22:45:00,s0074,0.0
2023-01-10 23:00:00,s0074,5.205196646790311e-05
2023-01-10 23:15:00,s0074,0.10324688290938788
2023-01-10 23:30:00,s0074,0.03215141731979326
2023-01-10 23:45:00,s0074,0.07725803849825558
2023-01-10 00:00:00,s0075,0.48799258949553287
2023-01-10 00:15:00,s0075,0.5221151221222533
2023-01-10 00:30:00,s0075,0.4168519661604677
2023-01-10 00:45:00,s0075,0.3992594910467129
2023-01-10 01:00:00,s0075,0.4795747376347233
2023-01-10 01:15:00,s0075,0.42976722195251155
2023-01-10 01:30:00,s0075,0.47741587710804395
2023-01-10 01:45:00,s0075,0.3891282187482211
2023-01-10 02:00:00,s0075,0.3138674478750859
2023-01-10 02:15:00,s0075,0.26826285873934685
2023-01-10 02:30:00,s0075,0.17620021159455956
2023-01-10 02:45:00,s0075,0.10008229166153915
2023-01-10 03:00:00,s0075,0.21192084793883853
2023-01-10 03:15:00,s0075,0.2603208113283073
2023-01-10 03:30:00,s0075,0.32231531366970434
2023-01-10 03:45:00,s0075,0.48481102729569703
2023-01-10 04:00:00,s0075,0.5322352122214392
2023-01-10 04:15:00,s0075,0.48887648924059846
2023-01-10 04:30:00,s0075,0.5076956574505069
2023-01-10 04:45:00,s0075,0.484678620115801
2023-01-10 05:00:00,s0075,0.556536584225928
2023-01-10 05:15:00,s0075,0.5637360826593001
2023-01-10 05:30:00,s0075,0.5359407381839115
2023-01-10 05:45:00,s0075,0.5271699618815053
2023-01-10 06:00:00,s0075,0.5579506371018692
2023-01-10 06:15:00,s0075,0.5621837471947846
2023-01-10 06:30:00,s0075,0.5514259445580311
2023-01-10 06:45:00,s0075,0.4940059551819911
2023-01-10 07:00:00,s0075,0.4222403618211953
2023-01-10 07:15:00,s0075,0.3894372024292728
2023-01-10 07:30:00,s0075,0.45123451855280294
2023-01-10 07:45:00,s0075,0.42505810547484524
2023-01-10 08:00:00,s0075,0.3403342333776975
2023-01-10 08:15:00,s0075,0.3189395757662926
2023-01-10 08:30:00,s0075,0.2136764180504741
2023-01-10 08:45:00,s0075,0.10841326033532694
2023-01-10 09:00:00,s0075,0.1920783459941804
2023-01-10 09:15:00,s0075,0.0916087762683494
2023-01-10 09:30:00,s0075,0.15027294050742812
2023-01-10 09:45:00,s0075,0.05448832026140649
2023-01-10 10:00:00,s0075,0.05320631198318504
2023-01-10 10:15:00,s0075,0.13298740568796763
2023-01-10 10:30:00,s0075,0.02772424813082197
2023-01-10 10:45:00,s0075,0.0
2023-01-10 11:00:00,s0075,0.0
2023-01-10 11:15:00,s0075,0.0
2023-01-10 11:30:00,s0075,0.041418207909560856
2023-01-10 11:45:00,s0075,0.02788717182792888
2023-01-10 12:00:00,s0075,0.0
2023-01-10 12:15:00,s0075,0.0
2023-01-10 12:30:00,s0075,0.0
2023-01-10 12:45:00,s0075,0.03760782699340215
2023-01-10 13:00:00,s0075,0.0
2023-01-10 13:15:00,s0075,0.008851101007220419
2023-01-10 13:30:00,s0075,0.08014320532925079
2023-01-10 13:45:00,s0075,0.080219049516982
2023-01-10 14:00:00,s0075,0.05852500665726357
2023-01-10 14:15:00,s0075,0.08676653832973813
2023-01-10 14:30:00,s0075,0.052034376326221765
2023-01-10 14:45:00,s0075,0.0
2023-01-10 15:00:00,s0075,0.0
2023-01-10 15:15:00,s0075,0.008249296319981059
2023-01-10 15:30:00,s0075,0.030254671429206015
2023-01-10 15:45:00,s0075,0.0
2023-01-10 16:00:00,s0075,0.0
2023-01-10 16:15:00,s0075,0.0
2023-01-10 16:30:00,s0075,0.0
2023-01-10 16:45:00,s0075,0.0
2023-01-10 17:00:00,s0075,0.0
2023-01-10 17:15:00,s0075,0.0
2023-01-10 17:30:00,s0075,0.0
2023-01-10 17:45:00,s0075,0.0
2023-01-10 18:00:00,s0075,0.0
2023-01-10 18:15:00,s0075,0.0
2023-01-10 18:30:00,s0075,0.017397139557947305
2023-01-10 18:45:00,s0075,0.0
2023-01-10 19:00:00,s0075,0.0
2023-01-10 19:15:00,s0075,0.0
2023-01-10 19:30:00,s0075,0.0
2023-01-10 19:45:00,s0075,0.0
2023-01-10 20:00:00,s0075,0.0
2023-01-10 20:15:00,s0075,0.009742435841121999
2023-01-10 20:30:00,s0075,0.0
2023-01-10 20:45:00,s0075,0.0
2023-01-10 21:00:00,s0075,0.0
2023-01-10 21:15:00,s0075,0.0
2023-01-10 21:30:00,s0075,0.0
2023-01-10 21:45:00,s0075,0.037852976088975865
2023-01-10 22:00:00,s0075,0.0
2023-01-10 22:15:00,s0075,0.0
2023-01-10 22:30:00,s0075,0.0
2023-01-10 22:45:00,s0075,0.034454972172501264
2023-01-10 23:00:00,s0075,0.062482638220675124
2023-01-10 23:15:00,s0075,0.029715590941120584
2023-01-10 23:30:00,s0075,0.09979889818978865
2023-01-10 23:45:00,s0075,0.11691580549760366
2023-01-10 00:00:00,s0076,0.47936660459104236
2023-01-10 00:15:00,s0076,0.5259659191457615
2023-01-10 00:30:00,s0076,0.5197496164698041
2023-01-10 00:45:00,s0076,0.4674828257495375
2023-01-10 01:00:00,s0076,0.48301793230663403
2023-01-10 01:15:00,s0076,0.5098021493615088
2023-01-10 01:30:00,s0076,0.48072595169135635
2023-01-10 01:45:00,s0076,0.4357468750510998
2023-01-10 02:00:00,s0076,0.47589356577496505
2023-01-10 02:15:00,s0076,0.4957375949946023
2023-01-10 02:30:00,s0076,0.4813307408334011
2023-01-10 02:45:00,s0076,0.4773356302139431
2023-01-10 03:00:00,s0076,0.6411202050161009
2023-01-10 03:15:00,s0076,0.6765929329988555
2023-01-10 03:30:00,s0076,0.6955118138536226
2023-01-10 03:45:00,s0076,0.864173967619915
2023-01-10 04:00:00,s0076,0.8031997051043379
2023-01-10 04:15:00,s0076,0.7933583057058884
2023-01-10 04:30:00,s0076,0.8040707475541319
2023-01-10 04:45:00,s0076,0.7286671622531165
2023-01-10 05:00:00,s0076,0.7308321665542148
2023-01-10 05:15:00,s0076,0.7463766590993846
2023-01-10 05:30:00,s0076,0.7341314070138845
2023-01-10 05:45:00,s0076,0.7770983651613819
2023-01-10 06:00:00,s0076,0.742040592442017
2023-01-10 06:15:00,s0076,0.702373858935398
2023-01-10 06:30:00,s0076,0.6585977241075693
2023-01-10 06:45:00,s0076,0.7132564640415809
2023-01-10 07:00:00,s0076,0.7167541585336876
2023-01-10 07:15:00,s0076,0.6876050690841912
2023-01-10 07:30:00,s0076,0.7065400037155587
2023-01-10 07:45:00,s0076,0.7393120935693303
2023-01-10 08:00:00,s0076,0.8110890421734486
2023-01-10 08:15:00,s0076,0.855048390269143
2023-01-10 08:30:00,s0076,0.869854160382321
2023-01-10 08:45:00,s0076,0.8587849566201372
2023-01-10 09:00:00,s0076,0.9375454004638342
2023-01-10 09:15:00,s0076,0.8783437702938326
2023-01-10 09:30:00,s0076,0.9572986789020866
2023-01-10 09:45:00,s0076,0.8631096994865615
2023-01-10 10:00:00,s0076,0.7604925602628836
2023-01-10 10:15:00,s0076,0.6960406560743653
2023-01-10 10:30:00,s0076,0.7703892383865624
2023-01-10 10:45:00,s0076,0.6651260808324703
2023-01-10 11:00:00,s0076,0.7583971080342078
2023-01-10 11:15:00,s0076,0.7388751180662524
2023-01-10 11:30:00,s0076,0.8296814545304783
2023-01-10 11:45:00,s0076,0.9246814550825326
2023-01-10 12:00:00,s0076,1.0
2023-01-10 12:15:00,s0076,0.9302169876988016
2023-01-10 12:30:00,s0076,0.8908715486158226
2023-01-10 12:45:00,s0076,0.8697428053769177
2023-01-10 13:00:00,s0076,0.7790510643298877
2023-01-10 13:15:00,s0076,0.7280911107195007
2023-01-10 13:30:00,s0076,0.8032904851764358
2023-01-10 13:45:00,s0076,0.8860501297405537
2023-01-10 14:00:00,s0076,0.9558692251737272
2023-01-10 14:15:00,s0076,1.0
2023-01-10 14:30:00,s0076,1.0000000005157808
2023-01-10 14:45:00,s0076,1.0000000010509247
2023-01-10 15:00:00,s0076,1.0000000013757513
2023-01-10 15:15:00,s0076,1.0000000017046873
2023-01-10 15:30:00,s0076,1.0000000021529616
2023-01-10 15:45:00,s0076,0.9857893957016697
2023-01-10 16:00:00,s0076,1.0
2023-01-10 16:15:00,s0076,0.9505750124081623
2023-01-10 16:30:00,s0076,0.9435007390534341
2023-01-10 16:45:00,s0076,0.9535451871940308
2023-01-10 17:00:00,s0076,0.9959360922628342
2023-01-10 17:15:00,s0076,0.9813846922203728
2023-01-10 17:30:00,s0076,0.8761215345298088
2023-01-10 17:45:00,s0076,0.8360965750749371
2023-01-10 18:00:00,s0076,0.900590239800156
2023-01-10 18:15:00,s0076,0.9955902400306352
2023-01-10 18:30:00,s0076,1.0
2023-01-10 18:45:00,s0076,0.9470733225452718
2023-01-10 19:00:00,s0076,0.9458610971417941
2023-01-10 19:15:00,s0076,0.9432140148935177
2023-01-10 19:30:00,s0076,0.9411429730885778
2023-01-10 19:45:00,s0076,0.7522416490967634
2023-01-10 20:00:00,s0076,0.6542722208487476
2023-01-10 20:15:00,s0076,0.6191651735945014
2023-01-10 20:30:00,s0076,0.6722474630990071
2023-01-10 20:45:00,s0076,0.67191504265511
2023-01-10 21:00:00,s0076,0.6879054064600288
2023-01-10 21:15:00,s0076,0.7765630325085864
2023-01-10 21:30:00,s0076,0.790269893970118
2023-01-10 21:45:00,s0076,0.8662802523821912
2023-01-10 22:00:00,s0076,0.9192272855805623
2023-01-10 22:15:00,s0076,0.945563813377339
2023-01-10 22:30:00,s0076,0.9647107707765027
2023-01-10 22:45:00,s0076,0.9440768839251044
2023-01-10 23:00:00,s0076,0.8777197389140142
2023-01-10 23:15:00,s0076,0.8541202019748365
2023-01-10 23:30:00,s0076,0.8749851440598704
2023-01-10 23:45:00,s0076,0.7778558460014025
2023-01-10 00:00:00,s0077,0.46713611422558765
2023-01-10 00:15:00,s0077,0.5254237213186652
2023-01-10 00:30:00,s0077,0.5262026030097684
2023-01-10 00:45:00,s0077,0.5768107907055507
2023-01-10 01:00:00,s0077,0.6618041586865582
2023-01-10 01:15:00,s0077,0.6608494291564169
2023-01-10 01:30:00,s0077,0.6006348206994414
2023-01-10 01:45:00,s0077,0.6298982469388925
2023-01-10 02:00:00,s0077,0.5751313628917892
2023-01-10 02:15:00,s0077,0.5594215224531878
2023-01-10 02:30:00,s0077,0.5170222034606119
2023-01-10 02:45:00,s0077,0.48352078087549816
2023-01-10 03:00:00,s0077,0.5782001395719454
2023-01-10 03:15:00,s0077,0.6414836065247415
2023-01-10 03:30:00,s0077,0.6872384059239975
2023-01-10 03:45:00,s0077,0.9173516945238696
2023-01-10 04:00:00,s0077,0.9755553696497821
2023-01-10 04:15:00,s0077,0.980268080851344
2023-01-10 04:30:00,s0077,1.0
2023-01-10 04:45:00,s0077,1.0
2023-01-10 05:00:00,s0077,0.979505293140506
2023-01-10 05:15:00,s0077,0.9823898746853127
2023-01-10 05:30:00,s0077,0.9262857439894291
2023-01-10 05:45:00,s0077,0.972395921529401
2023-01-10 06:00:00,s0077,0.9438821888281143
2023-01-10 06:15:00,s0077,0.8449141086775198
2023-01-10 06:30:00,s0077,0.8162104805743372
2023-01-10 06:45:00,s0077,0.7797369945089347
2023-01-10 07:00:00,s0077,0.7454229331202281
2023-01-10 07:15:00,s0077,0.7340171703557336
2023-01-10 07:30:00,s0077,0.6950857353053578
2023-01-10 07:45:00,s0077,0.6823638025614456
2023-01-10 08:00:00,s0077,0.6303520225933438
2023-01-10 08:15:00,s0077,0.6436604464579607
2023-01-10 08:30:00,s0077,0.559139291512826
2023-01-10 08:45:00,s0077,0.5179802245031367
2023-01-10 09:00:00,s0077,0.5685824857248374
2023-01-10 09:15:00,s0077,0.5732616340160392
2023-01-10 09:30:00,s0077,0.5942863259398312
2023-01-10 09:45:00,s0077,0.5549243925594001
2023-01-10 10:00:00,s0077,0.5510715493616712
2023-01-10 10:15:00,s0077,0.4458083918019584
2023-01-10 10:30:00,s0077,0.3712899616755232
2023-01-10 10:45:00,s0077,0.4662899620161679
2023-01-10 11:00:00,s0077,0.4678292395367233
2023-01-10 11:15:00,s0077,0.4519787679392391
2023-01-10 11:30:00,s0077,0.4520084719709868
2023-01-10 11:45:00,s0077,0.3749102820203255
2023-01-10 12:00:00,s0077,0.37700877850873793
2023-01-10 12:15:00,s0077,0.4420267938461594
2023-01-10 12:30:00,s0077,0.35469121668673875
2023-01-10 12:45:00,s0077,0.27320891319024954
2023-01-10 13:00:00,s0077,0.2833190528524945
2023-01-10 13:15:00,s0077,0.23294097126199187
2023-01-10 13:30:00,s0077,0.2188099654174982
2023-01-10 13:45:00,s0077,0.22587514708670842
2023-01-10 14:00:00,s0077,0.2784074159076515
2023-01-10 14:15:00,s0077,0.17518252434737702
2023-01-10 14:30:00,s0077,0.214627822745173
2023-01-10 14:45:00,s0077,0.2893480412366376
2023-01-10 15:00:00,s0077,0.18408488366672726
2023-01-10 15:15:00,s0077,0.12548918989496805
2023-01-10 15:30:00,s0077,0.1891452626060337
2023-01-10 15:45:00,s0077,0.10671831899807149
2023-01-10 16:00:00,s0077,0.15550003396677403
2023-01-10 16:15:00,s0077,0.16971687196381446
2023-01-10 16:30:00,s0077,0.10979828845652317
2023-01-10 16:45:00,s0077,0.1646935464890653
2023-01-10 17:00:00,s0077,0.08841704092853941
2023-01-10 17:15:00,s0077,0.03555399801815595
2023-01-10 17:30:00,s0077,0.06716159295695667
2023-01-10 17:45:00,s0077,0.05855496029611984
2023-01-10 18:00:00,s0077,0.0066854834123148965
2023-01-10 18:15:00,s0077,0.00806215412773481
2023-01-10 18:30:00,s0077,0.008863251279812467
2023-01-10 18:45:00,s0077,0.0
2023-01-10 19:00:00,s0077,0.0
2023-01-10 19:15:00,s0077,0.0
2023-01-10 19:30:00,s0077,0.0
2023-01-10 19:45:00,s0077,0.0
2023-01-10 20:00:00,s0077,0.0
2023-01-10 20:15:00,s0077,0.0
2023-01-10 20:30:00,s0077,0.09500000045423118
2023-01-10 20:45:00,s0077,0.08570510625708405
2023-01-10 21:00:00,s0077,0.0
2023-01-10 21:15:00,s0077,0.0
2023-01-10 21:30:00,s0077,0.0
2023-01-10 21:45:00,s0077,0.05835046435133512
2023-01-10 22:00:00,s0077,0.036904515655817594
2023-01-10 22:15:00,s0077,0.022376205735452792
2023-01-10 22:30:00,s0077,0.0
2023-01-10 22:45:00,s0077,0.0
2023-01-10 23:00:00,s0077,0.042456135924596794
2023-01-10 23:15:00,s0077,0.04474726491562425
2023-01-10 23:30:00,s0077,0.10040058066330348
2023-01-10 23:45:00,s0077,0.003271282604835446
2023-01-10 00:00:00,s0078,0.4681347317894281
2023-01-10 00:15:00,s0078,0.4660695892488914
2023-01-10 00:30:00,s0078,0.49707656276667406
2023-01-10 00:45:00,s0078,0.5220155315163362
2023-01-10 01:00:00,s0078,0.5733166805546135
2023-01-10 01:15:00,s0078,0.5237797157468981
2023-01-10 01:30:00,s0078,0.5938903143107481
2023-01-10 01:45:00,s0078,0.5892885695184776
2023-01-10 02:00:00,s0078,0.49694862350562957
2023-01-10 02:15:00,s0078,0.5084865958060799
2023-01-10 02:30:00,s0078,0.5307762967707459
2023-01-10 02:45:00,s0078,0.5578268129000583
2023-01-10 03:00:00,s0078,0.6604325262764125
2023-01-10 03:15:00,s0078,0.7588294748915778
2023-01-10 03:30:00,s0078,0.8872227340802509
2023-01-10 03:45:00,s0078,1.0
2023-01-10 04:00:00,s0078,1.0
2023-01-10 04:15:00,s0078,0.9817049816958194
2023-01-10 04:30:00,s0078,0.9121258815237689
2023-01-10 04:45:00,s0078,0.8389141758791344
2023-01-10 05:00:00,s0078,0.7814897990665859
2023-01-10 05:15:00,s0078,0.7672185608678344
2023-01-10 05:30:00,s0078,0.8177424848028974
2023-01-10 05:45:00,s0078,0.8032088963367059
2023-01-10 06:00:00,s0078,0.7449358875694767
2023-01-10 06:15:00,s0078,0.7571834673385793
2023-01-10 06:30:00,s0078,0.7185392283534169
2023-01-10 06:45:00,s0078,0.7588450832289846
2023-01-10 07:00:00,s0078,0.7343663202241608
2023-01-10 07:15:00,s0078,0.7476645803646234
2023-01-10 07:30:00,s0078,0.6943101427501525
2023-01-10 07:45:00,s0078,0.6897059438417991
2023-01-10 08:00:00,s0078,0.7174775281986908
2023-01-10 08:15:00,s0078,0.7044120103883864
2023-01-10 08:30:00,s0078,0.7547437213791108
2023-01-10 08:45:00,s0078,0.7356520877434594
2023-01-10 09:00:00,s0078,0.7422060662340874
2023-01-10 09:15:00,s0078,0.7554901308202966
2023-01-10 09:30:00,s0078,0.7612077262904908
2023-01-10 09:45:00,s0078,0.7958520325665979
2023-01-10 10:00:00,s0078,0.7517154712958491
2023-01-10 10:15:00,s0078,0.7496635761598783
2023-01-10 10:30:00,s0078,0.822606923869772
2023-01-10 10:45:00,s0078,0.8153897214570724
2023-01-10 11:00:00,s0078,0.7101265640983587
2023-01-10 11:15:00,s0078,0.8051265646432733
2023-01-10 11:30:00,s0078,0.6998634072988756
2023-01-10 11:45:00,s0078,0.6040012644329833
2023-01-10 12:00:00,s0078,0.49873810763657767
2023-01-10 12:15:00,s0078,0.4133946102267909
2023-01-10 12:30:00,s0078,0.463196418946889
2023-01-10 12:45:00,s0078,0.37089043854771764
2023-01-10 13:00:00,s0078,0.4129970089189897
2023-01-10 13:15:00,s0078,0.3771901276294367
2023-01-10 13:30:00,s0078,0.3791089638887235
2023-01-10 13:45:00,s0078,0.3737978558701388
2023-01-10 14:00:00,s0078,0.3014659656249987
2023-01-10 14:15:00,s0078,0.3660852083117778
2023-01-10 14:30:00,s0078,0.3834893542332376
2023-01-10 14:45:00,s0078,0.4774219405518947
2023-01-10 15:00:00,s0078,0.5012117635798419
2023-01-10 15:15:00,s0078,0.4434560847402751
2023-01-10 15:30:00,s0078,0.5010360446286017
2023-01-10 15:45:00,s0078,0.565376860183744
2023-01-10 16:00:00,s0078,0.5650508489666094
2023-01-10 16:15:00,s0078,0.6069212619959067
2023-01-10 16:30:00,s0078,0.5551267792141713
2023-01-10 16:45:00,s0078,0.49111386743244534
2023-01-10 17:00:00,s0078,0.5414264858764517
2023-01-10 17:15:00,s0078,0.6024160852667033
2023-01-10 17:30:00,s0078,0.49715292757613916
2023-01-10 17:45:00,s0078,0.5657494975983153
2023-01-10 18:00:00,s0078,0.48701345024834886
2023-01-10 18:15:00,s0078,0.446946871177358
2023-01-10 18:30:00,s0078,0.46772325704117634
2023-01-10 18:45:00,s0078,0.40579977883696405
2023-01-10 19:00:00,s0078,0.36192780456219587
2023-01-10 19:15:00,s0078,0.28264004356079475
2023-01-10 19:30:00,s0078,0.3396540377060228
2023-01-10 19:45:00,s0078,0.18527170375949448
2023-01-10 20:00:00,s0078,0.1552379956507327
2023-01-10 20:15:00,s0078,0.12136534090608864
2023-01-10 20:30:00,s0078,0.15716652025779299
2023-01-10 20:45:00,s0078,0.24659049125154386
2023-01-10 21:00:00,s0078,0.27276247874118353
2023-01-10 21:15:00,s0078,0.24615659547900373
2023-01-10 21:30:00,s0078,0.28062821078692946
2023-01-10 21:45:00,s0078,0.31187939448564395
2023-01-10 22:00:00,s0078,0.3525945734720896
2023-01-10 22:15:00,s0078,0.3250889061913624
2023-01-10 22:30:00,s0078,0.24563471874797393
2023-01-10 22:45:00,s0078,0.2233301555573137
2023-01-10 23:00:00,s0078,0.33565520705174046
2023-01-10 23:15:00,s0078,0.3572165268091081
2023-01-10 23:30:00,s0078,0.4072560367641558
2023-01-10 23:45:00,s0078,0.3985334526840519
2023-01-10 00:00:00,s0079,0.5232383027979464
2023-01-10 00:15:00,s0079,0.5504657515914626
2023-01-10 00:30:00,s0079,0.5523520892232331
2023-01-10 00:45:00,s0079,0.531688698385273
2023-01-10 01:00:00,s0079,0.5944794825589823
2023-01-10 01:15:00,s0079,0.5763155630820969
2023-01-10 01:30:00,s0079,0.6632543189221098
2023-01-10 01:45:00,s0079,0.6576472415026621
2023-01-10 02:00:00,s0079,0.6579906820906579
2023-01-10 02:15:00,s0079,0.6447085891530439
2023-01-10 02:30:00,s0079,0.6594773842698457
2023-01-10 02:45:00,s0079,0.6140771676695306
2023-01-10 03:00:00,s0079,0.7462345646701956
2023-01-10 03:15:00,s0079,0.921844410789181
2023-01-10 03:30:00,s0079,0.9407632916439481
2023-01-10 03:45:00,s0079,1.0
2023-01-10 04:00:00,s0079,1.0
2023-01-10 04:15:00,s0079,0.9133732822644257
2023-01-10 04:30:00,s0079,0.8820326878295527
2023-01-10 04:45:00,s0079,0.8518053264645045
2023-01-10 05:00:00,s0079,0.8872737924790659
2023-01-10 05:15:00,s0079,0.8454628846067318
2023-01-10 05:30:00,s0079,0.8702864123710942
2023-01-10 05:45:00,s0079,0.8862466634652819
2023-01-10 06:00:00,s0079,0.8371655494537731
2023-01-10 06:15:00,s0079,0.8678362043554156
2023-01-10 06:30:00,s0079,0.8647130468277304
2023-01-10 06:45:00,s0079,0.8762209227923105
2023-01-10 07:00:00,s0079,0.8372323674711999
2023-01-10 07:15:00,s0079,0.8258062232709458
2023-01-10 07:30:00,s0079,0.8478813492709386
2023-01-10 07:45:00,s0079,0.8645798770537609
2023-01-10 08:00:00,s0079,0.9154251650301017
2023-01-10 08:15:00,s0079,1.0
2023-01-10 08:30:00,s0079,0.9796352874480179
2023-01-10 08:45:00,s0079,1.0
2023-01-10 09:00:00,s0079,1.0000000002284495
2023-01-10 09:15:00,s0079,0.902667478758364
2023-01-10 09:30:00,s0079,0.8183872741967767
2023-01-10 09:45:00,s0079,0.7647758249809211
2023-01-10 10:00:00,s0079,0.6877949925609146
2023-01-10 10:15:00,s0079,0.6830875047763081
2023-01-10 10:30:00,s0079,0.5778243472191624
2023-01-10 10:45:00,s0079,0.6574337535825145
2023-01-10 11:00:00,s0079,0.7072473951231095
2023-01-10 11:15:00,s0079,0.6030937785266333
2023-01-10 11:30:00,s0079,0.5068788803761857
2023-01-10 11:45:00,s0079,0.46705793747697144
2023-01-10 12:00:00,s0079,0.3753189008191187
2023-01-10 12:15:00,s0079,0.40729136895699014
2023-01-10 12:30:00,s0079,0.32796975233885217
2023-01-10 12:45:00,s0079,0.30164302237797314
2023-01-10 13:00:00,s0079,0.2686412921474044
2023-01-10 13:15:00,s0079,0.32666429352977633
2023-01-10 13:30:00,s0079,0.3030302724840067
2023-01-10 13:45:00,s0079,0.352298243282851
2023-01-10 14:00:00,s0079,0.4088611083966357
2023-01-10 14:15:00,s0079,0.3234289219751879
2023-01-10 14:30:00,s0079,0.3441266459464265
2023-01-10 14:45:00,s0079,0.3476522347687173
2023-01-10 15:00:00,s0079,0.3014705674677217
2023-01-10 15:15:00,s0079,0.3082790595224495
2023-01-10 15:30:00,s0079,0.335882184585084
2023-01-10 15:45:00,s0079,0.3913100130394186
2023-01-10 16:00:00,s0079,0.33637769904879933
2023-01-10 16:15:00,s0079,0.23111454139969612
2023-01-10 16:30:00,s0079,0.27560713024430106
2023-01-10 16:45:00,s0079,0.3191794938613054
2023-01-10 17:00:00,s0079,0.25768551228320213
2023-01-10 17:15:00,s0079,0.2591297159136844
2023-01-10 17:30:00,s0079,0.32417848043165276
2023-01-10 17:45:00,s0079,0.2891650495895035
2023-01-10 18:00:00,s0079,0.38149510249121976
2023-01-10 18:15:00,s0079,0.4002281847381328
2023-01-10 18:30:00,s0079,0.42268062887391156
2023-01-10 18:45:00,s0079,0.2871427531264814
2023-01-10 19:00:00,s0079,0.2833352343450267
2023-01-10 19:15:00,s0079,0.09667418805703476
2023-01-10 19:30:00,s0079,0.11830869647833953
2023-01-10 19:45:00,s0079,0.0
2023-01-10 20:00:00,s0079,0.0
2023-01-10 20:15:00,s0079,0.0
2023-01-10 20:30:00,s0079,0.0271204601935085
2023-01-10 20:45:00,s0079,0.0
2023-01-10 21:00:00,s0079,0.0
2023-01-10 21:15:00,s0079,0.023847358805492103
2023-01-10 21:30:00,s0079,0.026467833966163423
2023-01-10 21:45:00,s0079,0.0
2023-01-10 22:00:00,s0079,0.0
2023-01-10 22:15:00,s0079,0.0
2023-01-10 22:30:00,s0079,0.03654930249962979
2023-01-10 22:45:00,s0079,0.08538381016824392
2023-01-10 23:00:00,s0079,0.0483903238692347
2023-01-10 23:15:00,s0079,0.13797071586691217
2023-01-10 23:30:00,s0079,0.138139181153057
2023-01-10 23:45:00,s0079,0.12064047835587788
2023-01-10 00:00:00,s0080,0.5514604559528514
2023-01-10 00:15:00,s0080,0.6464604559528515
2023-01-10 00:30:00,s0080,0.6687732271570513
2023-01-10 00:45:00,s0080,0.7076632516902586
2023-01-10 01:00:00,s0080,0.7474581497174153
2023-01-10 01:15:00,s0080,0.817802967028049
2023-01-10 01:30:00,s0080,0.844650472021292
2023-01-10 01:45:00,s0080,0.7870545347055713
2023-01-10 02:00:00,s0080,0.8159880883369814
2023-01-10 02:15:00,s0080,0.8959904794546583
2023-01-10 02:30:00,s0080,0.9909905344075991
2023-01-10 02:45:00,s0080,1.0
2023-01-10 03:00:00,s0080,1.0
2023-01-10 03:15:00,s0080,1.0
2023-01-10 03:30:00,s0080,1.0
2023-01-10 03:45:00,s0080,1.0
2023-01-10 04:00:00,s0080,0.9888793126875651
2023-01-10 04:15:00,s0080,0.9749937250452344
2023-01-10 04:30:00,s0080,0.9772735745748077
2023-01-10 04:45:00,s0080,0.9257581938466555
2023-01-10 05:00:00,s0080,0.8536629463970057
2023-01-10 05:15:00,s0080,0.8309388671953555
2023-01-10 05:30:00,s0080,0.9250702886769255
2023-01-10 05:45:00,s0080,0.9270288618459773
2023-01-10 06:00:00,s0080,0.937307909159631
2023-01-10 06:15:00,s0080,0.9527163674475991
2023-01-10 06:30:00,s0080,0.9805115176260176
2023-01-10 06:45:00,s0080,1.0
2023-01-10 07:00:00,s0080,0.9250104949527073
2023-01-10 07:15:00,s0080,0.8662629651403311
2023-01-10 07:30:00,s0080,0.9612629653862712
2023-01-10 07:45:00,s0080,0.9426541634100031
2023-01-10 08:00:00,s0080,0.9562439539486158
2023-01-10 08:15:00,s0080,0.9801731396006477
2023-01-10 08:30:00,s0080,0.969857086689309
2023-01-10 08:45:00,s0080,0.9394226864368284
2023-01-10 09:00:00,s0080,1.0
2023-01-10 09:15:00,s0080,1.0000000002298384
2023-01-10 09:30:00,s0080,1.0000000004608471
2023-01-10 09:45:00,s0080,1.0000000006928904
2023-01-10 10:00:00,s0080,0.912346705071631
2023-01-10 10:15:00,s0080,0.9544843715976322
2023-01-10 10:30:00,s0080,0.9877033040485536
2023-01-10 10:45:00,s0080,1.0
2023-01-10 11:00:00,s0080,0.8947368426412864
2023-01-10 11:15:00,s0080,0.9897368431862008
2023-01-10 11:30:00,s0080,1.0
2023-01-10 11:45:00,s0080,1.0000000005520544
2023-01-10 12:00:00,s0080,1.0000000016503856
2023-01-10 12:15:00,s0080,0.9670778275812452
2023-01-10 12:30:00,s0080,0.8874609706395766
2023-01-10 12:45:00,s0080,0.9824609718312742
2023-01-10 13:00:00,s0080,1.0
2023-01-10 13:15:00,s0080,0.9705873541260405
2023-01-10 13:30:00,s0080,0.9573244316732076
2023-01-10 13:45:00,s0080,0.9102075890294996
2023-01-10 14:00:00,s0080,0.8141209958900709
2023-01-10 14:15:00,s0080,0.8508473550701774
2023-01-10 14:30:00,s0080,0.9136885574605194
2023-01-10 14:45:00,s0080,0.9202615527366992
2023-01-10 15:00:00,s0080,0.9563774314508887
2023-01-10 15:15:00,s0080,1.0
2023-01-10 15:30:00,s0080,1.0000000004482743
2023-01-10 15:45:00,s0080,0.9666160795130824
2023-01-10 16:00:00,s0080,0.9805214537483298
2023-01-10 16:15:00,s0080,1.0
2023-01-10 16:30:00,s0080,0.9596902428700604
2023-01-10 16:45:00,s0080,1.0
2023-01-10 17:00:00,s0080,1.0000000002018272
2023-01-10 17:15:00,s0080,1.0000000004048257
2023-01-10 17:30:00,s0080,0.9625916355029163
2023-01-10 17:45:00,s0080,1.0
2023-01-10 18:00:00,s0080,1.0000000002261304
2023-01-10 18:15:00,s0080,1.0000000004566096
2023-01-10 18:30:00,s0080,1.0000000004659264
2023-01-10 18:45:00,s0080,0.9829973165087985
2023-01-10 19:00:00,s0080,1.0
2023-01-10 19:15:00,s0080,1.0
2023-01-10 19:30:00,s0080,1.0000000000093223
2023-01-10 19:45:00,s0080,0.8624320571885384
2023-01-10 20:00:00,s0080,0.7549230366896645
2023-01-10 20:15:00,s0080,0.7417906267397232
2023-01-10 20:30:00,s0080,0.7125208964902033
2023-01-10 20:45:00,s0080,0.7657007042829731
2023-01-10 21:00:00,s0080,0.7955073401294237
2023-01-10 21:15:00,s0080,0.8376314706997355
2023-01-10 21:30:00,s0080,0.8690434879751623
2023-01-10 21:45:00,s0080,0.8713633309858657
2023-01-10 22:00:00,s0080,0.9378134591437284
2023-01-10 22:15:00,s0080,0.9911635163278492
2023-01-10 22:30:00,s0080,1.0
2023-01-10 22:45:00,s0080,1.0000000026673113
2023-01-10 23:00:00,s0080,1.0
2023-01-10 23:15:00,s0080,1.0
2023-01-10 23:30:00,s0080,1.0
2023-01-10 23:45:00,s0080,1.0
2023-01-10 00:00:00,s0081,0.5299295561716889
2023-01-10 00:15:00,s0081,0.5544697476701287
2023-01-10 00:30:00,s0081,0.5749699703786124
2023-01-10 00:45:00,s0081,0.6491837809675005
2023-01-10 01:00:00,s0081,0.6424840259364278
2023-01-10 01:15:00,s0081,0.5372209239127302
2023-01-10 01:30:00,s0081,0.5880438408270511
2023-01-10 01:45:00,s0081,0.551713469214054
2023-01-10 02:00:00,s0081,0.5441243689452915
2023-01-10 02:15:00,s0081,0.5608137710255233
2023-01-10 02:30:00,s0081,0.5724811880689101
2023-01-10 02:45:00,s0081,0.5544454954676162
2023-01-10 03:00:00,s0081,0.7141381039755182
2023-01-10 03:15:00,s0081,0.8105139224661941
2023-01-10 03:30:00,s0081,0.8772745447517913
2023-01-10 03:45:00,s0081,1.0
2023-01-10 04:00:00,s0081,0.9852828824236982
2023-01-10 04:15:00,s0081,1.0
2023-01-10 04:30:00,s0081,1.0
2023-01-10 04:45:00,s0081,0.9297662666082859
2023-01-10 05:00:00,s0081,0.9143271327581207
2023-01-10 05:15:00,s0081,0.9140644035314476
2023-01-10 05:30:00,s0081,0.9693159087114117
2023-01-10 05:45:00,s0081,0.9900620537360785
2023-01-10 06:00:00,s0081,1.0
2023-01-10 06:15:00,s0081,1.0000000004347407
2023-01-10 06:30:00,s0081,1.0000000008754104
2023-01-10 06:45:00,s0081,0.958770633605511
2023-01-10 07:00:00,s0081,0.9540788727131276
2023-01-10 07:15:00,s0081,1.0
2023-01-10 07:30:00,s0081,0.9765131061514979
2023-01-10 07:45:00,s0081,1.0
2023-01-10 08:00:00,s0081,1.0000000001775768
2023-01-10 08:15:00,s0081,0.9390804501508119
2023-01-10 08:30:00,s0081,0.8946831871409129
2023-01-10 08:45:00,s0081,0.9711892586899784
2023-01-10 09:00:00,s0081,0.9288294091594699
2023-01-10 09:15:00,s0081,1.0
2023-01-10 09:30:00,s0081,1.0000000002310088
2023-01-10 09:45:00,s0081,0.8947368425683152
2023-01-10 10:00:00,s0081,0.8482918615625812
2023-01-10 10:15:00,s0081,0.900103035101536
2023-01-10 10:30:00,s0081,0.9498724715590396
2023-01-10 10:45:00,s0081,1.0
2023-01-10 11:00:00,s0081,1.0000000005360232
2023-01-10 11:15:00,s0081,1.0000000010809376
2023-01-10 11:30:00,s0081,1.000000001631277
2023-01-10 11:45:00,s0081,0.8947368442885945
2023-01-10 12:00:00,s0081,0.9897368453869256
2023-01-10 12:15:00,s0081,1.0
2023-01-10 12:30:00,s0081,1.0000000011409784
2023-01-10 12:45:00,s0081,1.000000002332676
2023-01-10 13:00:00,s0081,0.968029000248708
2023-01-10 13:15:00,s0081,0.8954751723804419
2023-01-10 13:30:00,s0081,0.7902120153343579
2023-01-10 13:45:00,s0081,0.8425676871508714
2023-01-10 14:00:00,s0081,0.8327472806044576
2023-01-10 14:15:00,s0081,0.8196349642082605
2023-01-10 14:30:00,s0081,0.833610151363639
2023-01-10 14:45:00,s0081,0.8414235363793221
2023-01-10 15:00:00,s0081,0.8590217049071751
2023-01-10 15:15:00,s0081,0.8748299323698097
2023-01-10 15:30:00,s0081,0.8533255153495345
2023-01-10 15:45:00,s0081,0.8957929133921113
2023-01-10 16:00:00,s0081,0.9762288815875017
2023-01-10 16:15:00,s0081,1.0
2023-01-10 16:30:00,s0081,1.0000000002473848
2023-01-10 16:45:00,s0081,1.0000000004978928
2023-01-10 17:00:00,s0081,0.9744583214271078
2023-01-10 17:15:00,s0081,1.0
2023-01-10 17:30:00,s0081,1.000000000204173
2023-01-10 17:45:00,s0081,0.9756563103196293
2023-01-10 18:00:00,s0081,1.0
2023-01-10 18:15:00,s0081,0.9583440466558999
2023-01-10 18:30:00,s0081,1.0
2023-01-10 18:45:00,s0081,0.895052525567203
2023-01-10 19:00:00,s0081,0.9261181923088457
2023-01-10 19:15:00,s0081,0.8703007715289849
2023-01-10 19:30:00,s0081,0.9600539503576119
2023-01-10 19:45:00,s0081,0.714562829204735
2023-01-10 20:00:00,s0081,0.6676465215781345
2023-01-10 20:15:00,s0081,0.5285151575962888
2023-01-10 20:30:00,s0081,0.5947924549468269
2023-01-10 20:45:00,s0081,0.5322086257574128
2023-01-10 21:00:00,s0081,0.5791036819337855
2023-01-10 21:15:00,s0081,0.5943609657429542
2023-01-10 21:30:00,s0081,0.6102159726025826
2023-01-10 21:45:00,s0081,0.5873761098922087
2023-01-10 22:00:00,s0081,0.6387032093078322
2023-01-10 22:15:00,s0081,0.6330620580120225
2023-01-10 22:30:00,s0081,0.6616123956154927
2023-01-10 22:45:00,s0081,0.644059914094311
2023-01-10 23:00:00,s0081,0.7244776036503049
2023-01-10 23:15:00,s0081,0.6741608722720127
2023-01-10 23:30:00,s0081,0.6675616491172027
2023-01-10 23:45:00,s0081,0.6473855430220501
2023-01-10 00:00:00,s0082,0.39473684210526316
2023-01-10 00:15:00,s0082,0.3594777884545521
2023-01-10 00:30:00,s0082,0.2542146324927665
2023-01-10 00:45:00,s0082,0.17458280806333265
2023-01-10 01:00:00,s0082,0.10143730115567784
2023-01-10 01:15:00,s0082,0.0
2023-01-10 01:30:00,s0082,0.0
2023-01-10 01:45:00,s0082,0.0
2023-01-10 02:00:00,s0082,0.0
2023-01-10 02:15:00,s0082,0.0
2023-01-10 02:30:00,s0082,0.0
2023-01-10 02:45:00,s0082,0.0
2023-01-10 03:00:00,s0082,0.07802990324686554
2023-01-10 03:15:00,s0082,0.2768970960429127
2023-01-10 03:30:00,s0082,0.3314179663449071
2023-01-10 03:45:00,s0082,0.4623174469128889
2023-01-10 04:00:00,s0082,0.40822240294151335
2023-01-10 04:15:00,s0082,0.3985387089336533
2023-01-10 04:30:00,s0082,0.36533307373799284
2023-01-10 04:45:00,s0082,0.27020263553739565
2023-01-10 05:00:00,s0082,0.23830872146861037
2023-01-10 05:15:00,s0082,0.1684612579638648
2023-01-10 05:30:00,s0082,0.20256936004942006
2023-01-10 05:45:00,s0082,0.20262828972113545
2023-01-10 06:00:00,s0082,0.19155424178519964
2023-01-10 06:15:00,s0082,0.1336923804554101
2023-01-10 06:30:00,s0082,0.028429223001342874
2023-01-10 06:45:00,s0082,0.0
2023-01-10 07:00:00,s0082,0.0
2023-01-10 07:15:00,s0082,0.009098928661808836
2023-01-10 07:30:00,s0082,0.04157641552194502
2023-01-10 07:45:00,s0082,0.024182083225580464
2023-01-10 08:00:00,s0082,0.0
2023-01-10 08:15:00,s0082,0.015191459379013783
2023-01-10 08:30:00,s0082,0.0
2023-01-10 08:45:00,s0082,0.06806152769125307
2023-01-10 09:00:00,s0082,0.0
2023-01-10 09:15:00,s0082,0.0
2023-01-10 09:30:00,s0082,0.0
2023-01-10 09:45:00,s0082,0.06374105463948321
2023-01-10 10:00:00,s0082,0.0
2023-01-10 10:15:00,s0082,0.0
2023-01-10 10:30:00,s0082,0.0
2023-01-10 10:45:00,s0082,0.0
2023-01-10 11:00:00,s0082,0.0780298548773023
2023-01-10 11:15:00,s0082,0.0
2023-01-10 11:30:00,s0082,0.04405862326689247
2023-01-10 11:45:00,s0082,0.0
2023-01-10 12:00:00,s0082,0.0
2023-01-10 12:15:00,s0082,0.0
2023-01-10 12:30:00,s0082,0.0
2023-01-10 12:45:00,s0082,0.005814979264270104
2023-01-10 13:00:00,s0082,0.0
2023-01-10 13:15:00,s0082,0.06439183791171665
2023-01-10 13:30:00,s0082,0.09040657835550481
2023-01-10 13:45:00,s0082,0.04440295989748089
2023-01-10 14:00:00,s0082,0.10328700875380803
2023-01-10 14:15:00,s0082,0.16881227654164188
2023-01-10 14:30:00,s0082,0.17318333574261124
2023-01-10 14:45:00,s0082,0.20274714939581928
2023-01-10 15:00:00,s0082,0.1980111503769083
2023-01-10 15:15:00,s0082,0.13670791863223908
2023-01-10 15:30:00,s0082,0.15683378371336798
2023-01-10 15:45:00,s0082,0.0592737342378592
2023-01-10 16:00:00,s0082,0.0
2023-01-10 16:15:00,s0082,0.0
2023-01-10 16:30:00,s0082,0.0
2023-01-10 16:45:00,s0082,0.0
2023-01-10 17:00:00,s0082,0.0
2023-01-10 17:15:00,s0082,0.0
2023-01-10 17:30:00,s0082,0.0
2023-01-10 17:45:00,s0082,0.0
2023-01-10 18:00:00,s0082,0.0
2023-01-10 18:15:00,s0082,0.0
2023-01-10 18:30:00,s0082,0.0
2023-01-10 18:45:00,s0082,0.0
2023-01-10 19:00:00,s0082,0.0
2023-01-10 19:15:00,s0082,0.0
2023-01-10 19:30:00,s0082,0.0
2023-01-10 19:45:00,s0082,0.0
2023-01-10 20:00:00,s0082,0.0
2023-01-10 20:15:00,s0082,0.0
2023-01-10 20:30:00,s0082,0.0
2023-01-10 20:45:00,s0082,0.0
2023-01-10 21:00:00,s0082,0.0
2023-01-10 21:15:00,s0082,0.0
2023-01-10 21:30:00,s0082,0.0
2023-01-10 21:45:00,s0082,0.0
2023-01-10 22:00:00,s0082,0.0
2023-01-10 22:15:00,s0082,0.011696955828200462
2023-01-10 22:30:00,s0082,0.026592932731480334
2023-01-10 22:45:00,s0082,0.03606067390167905
2023-01-10 23:00:00,s0082,0.03182943230822588
2023-01-10 23:15:00,s0082,0.0
2023-01-10 23:30:00,s0082,0.039300872050722246
2023-01-10 23:45:00,s0082,0.0
2023-01-10 00:00:00,s0083,0.4684910750755392
2023-01-10 00:15:00,s0083,0.47988645673530034
2023-01-10 00:30:00,s0083,0.4052949474194014
2023-01-10 00:45:00,s0083,0.4300376897785495
2023-01-10 01:00:00,s0083,0.5250377461731558
2023-01-10 01:15:00,s0083,0.545007729143592
2023-01-10 01:30:00,s0083,0.4397446264667872
2023-01-10 01:45:00,s0083,0.35630203201671545
2023-01-10 02:00:00,s0083,0.42319847509689634
2023-01-10 02:15:00,s0083,0.4073229148475662
2023-01-10 02:30:00,s0083,0.41431625706289255
2023-01-10 02:45:00,s0083,0.3090531612859149
2023-01-10 03:00:00,s0083,0.47682763851872983
2023-01-10 03:15:00,s0083,0.5718695390497862
2023-01-10 03:30:00,s0083,0.7301943300647775
2023-01-10 03:45:00,s0083,0.801083585402509
2023-01-10 04:00:00,s0083,0.7749086134756034
2023-01-10 04:15:00,s0083,0.6799189715128315
2023-01-10 04:30:00,s0083,0.6757943519925788
2023-01-10 04:45:00,s0083,0.7216144679329429
2023-01-10 05:00:00,s0083,0.7822294350067488
2023-01-10 05:15:00,s0083,0.8772294384810129
2023-01-10 05:30:00,s0083,0.9135549835207005
2023-01-10 05:45:00,s0083,0.9415767907639361
2023-01-10 06:00:00,s0083,0.927153942488601
2023-01-10 06:15:00,s0083,1.0
2023-01-10 06:30:00,s0083,1.0000000004406695
2023-01-10 06:45:00,s0083,1.000000000883195
2023-01-10 07:00:00,s0083,1.0000000011272911
2023-01-10 07:15:00,s0083,0.9907244075840955
2023-01-10 07:30:00,s0083,1.0
2023-01-10 07:45:00,s0083,0.9652116083450347
2023-01-10 08:00:00,s0083,1.0
2023-01-10 08:15:00,s0083,1.0000000001782472
2023-01-10 08:30:00,s0083,0.9960974141299168
2023-01-10 08:45:00,s0083,1.0
2023-01-10 09:00:00,s0083,1.0000000002284495
2023-01-10 09:15:00,s0083,0.9164106531662893
2023-01-10 09:30:00,s0083,1.0
2023-01-10 09:45:00,s0083,1.0000000002320433
2023-01-10 10:00:00,s0083,1.000000000565112
2023-01-10 10:15:00,s0083,0.9202503362861619
2023-01-10 10:30:00,s0083,0.8522513344474524
2023-01-10 10:45:00,s0083,0.9472513347880971
2023-01-10 11:00:00,s0083,0.9405819004904299
2023-01-10 11:15:00,s0083,0.9634398918718212
2023-01-10 11:30:00,s0083,0.9550316606383275
2023-01-10 11:45:00,s0083,1.0
2023-01-10 12:00:00,s0083,1.0000000010983312
2023-01-10 12:15:00,s0083,1.000000002204223
2023-01-10 12:30:00,s0083,0.9315110947240395
2023-01-10 12:45:00,s0083,0.8262479380210004
2023-01-10 13:00:00,s0083,0.8931139207483684
2023-01-10 13:15:00,s0083,0.8634140795475085
2023-01-10 13:30:00,s0083,0.9584140803961613
2023-01-10 13:45:00,s0083,0.9593771723191585
2023-01-10 14:00:00,s0083,0.9795263672114988
2023-01-10 14:15:00,s0083,1.0
2023-01-10 14:30:00,s0083,0.9976327862146337
2023-01-10 14:45:00,s0083,1.0
2023-01-10 15:00:00,s0083,0.9617221435544233
2023-01-10 15:15:00,s0083,1.0
2023-01-10 15:30:00,s0083,1.0000000004482745
2023-01-10 15:45:00,s0083,1.000000001076312
2023-01-10 16:00:00,s0083,1.0000000013195656
2023-01-10 16:15:00,s0083,0.9874052374190326
2023-01-10 16:30:00,s0083,0.990298066079892
2023-01-10 16:45:00,s0083,1.0
2023-01-10 17:00:00,s0083,0.950094788906673
2023-01-10 17:15:00,s0083,1.0
2023-01-10 17:30:00,s0083,0.9638101393627714
2023-01-10 17:45:00,s0083,1.0
2023-01-10 18:00:00,s0083,0.9685542975425663
2023-01-10 18:15:00,s0083,1.0
2023-01-10 18:30:00,s0083,1.000000000009317
2023-01-10 18:45:00,s0083,0.812774127689976
2023-01-10 19:00:00,s0083,0.7767429260322763
2023-01-10 19:15:00,s0083,0.66287688190827
2023-01-10 19:30:00,s0083,0.6657650326217978
2023-01-10 19:45:00,s0083,0.3943447633410112
2023-01-10 20:00:00,s0083,0.3117656275952885
2023-01-10 20:15:00,s0083,0.15470108106006758
2023-01-10 20:30:00,s0083,0.21028314438760057
2023-01-10 20:45:00,s0083,0.12335901450716646
2023-01-10 21:00:00,s0083,0.09869552336387682
2023-01-10 21:15:00,s0083,0.10411376574566761
2023-01-10 21:30:00,s0083,0.13897678739325847
2023-01-10 21:45:00,s0083,0.13269331129192896
2023-01-10 22:00:00,s0083,0.20547660034260273
2023-01-10 22:15:00,s0083,0.23861410308065698
2023-01-10 22:30:00,s0083,0.20606614045416627
2023-01-10 22:45:00,s0083,0.17372272536345895
2023-01-10 23:00:00,s0083,0.22661165283959195
2023-01-10 23:15:00,s0083,0.28642543433223444
2023-01-10 23:30:00,s0083,0.25342368751537425
2023-01-10 23:45:00,s0083,0.21950118246581968
2023-01-10 00:00:00,s0084,0.47217296381504703
2023-01-10 00:15:00,s0084,0.4672001854175249
2023-01-10 00:30:00,s0084,0.47582682322999675
2023-01-10 00:45:00,s0084,0.4226581409402664
2023-01-10 01:00:00,s0084,0.47584545908255116
2023-01-10 01:15:00,s0084,0.49379561784354437
2023-01-10 01:30:00,s0084,0.5399560033000038
2023-01-10 01:45:00,s0084,0.5230151064888269
2023-01-10 02:00:00,s0084,0.4707229367195079
2023-01-10 02:15:00,s0084,0.4137039492077667
2023-01-10 02:30:00,s0084,0.4272700233743921
2023-01-10 02:45:00,s0084,0.46339121338032796
2023-01-10 03:00:00,s0084,0.6012974170982894
2023-01-10 03:15:00,s0084,0.6817741733897527
2023-01-10 03:30:00,s0084,0.8545644468253496
2023-01-10 03:45:00,s0084,1.0
2023-01-10 04:00:00,s0084,1.0
2023-01-10 04:15:00,s0084,1.0
2023-01-10 04:30:00,s0084,1.0
2023-01-10 04:45:00,s0084,0.9669621551753179
2023-01-10 05:00:00,s0084,1.0
2023-01-10 05:15:00,s0084,1.0000000034742642
2023-01-10 05:30:00,s0084,1.0000000071665818
2023-01-10 05:45:00,s0084,1.0
2023-01-10 06:00:00,s0084,1.0000000004314695
2023-01-10 06:15:00,s0084,1.0000000008662104
2023-01-10 06:30:00,s0084,1.00000000130688
2023-01-10 06:45:00,s0084,0.9634302390547317
2023-01-10 07:00:00,s0084,1.0
2023-01-10 07:15:00,s0084,1.0000000002452776
2023-01-10 07:30:00,s0084,0.986340624024402
2023-01-10 07:45:00,s0084,0.9716219653461114
2023-01-10 08:00:00,s0084,1.0
2023-01-10 08:15:00,s0084,1.0000000001782472
2023-01-10 08:30:00,s0084,1.0000000003571654
2023-01-10 08:45:00,s0084,0.9511679074605627
2023-01-10 09:00:00,s0084,1.0
2023-01-10 09:15:00,s0084,0.9629501435887285
2023-01-10 09:30:00,s0084,0.932899474773916
2023-01-10 09:45:00,s0084,0.9565881758816831
2023-01-10 10:00:00,s0084,0.9474776940004307
2023-01-10 10:15:00,s0084,0.9002175512313887
2023-01-10 10:30:00,s0084,0.8174915584440006
2023-01-10 10:45:00,s0084,0.8373931089239108
2023-01-10 11:00:00,s0084,0.932393109459934
2023-01-10 11:15:00,s0084,0.8417319800807093
2023-01-10 11:30:00,s0084,0.9367319806310486
2023-01-10 11:45:00,s0084,0.9596539585624608
2023-01-10 12:00:00,s0084,0.8898952105057893
2023-01-10 12:15:00,s0084,0.9848952116116813
2023-01-10 12:30:00,s0084,1.0
2023-01-10 12:45:00,s0084,1.0000000011916976
2023-01-10 13:00:00,s0084,1.0000000020029192
2023-01-10 13:15:00,s0084,0.8947368449370575
2023-01-10 13:30:00,s0084,0.8211995067266724
2023-01-10 13:45:00,s0084,0.8907063210333256
2023-01-10 14:00:00,s0084,0.7854431636440775
2023-01-10 14:15:00,s0084,0.7849429552080894
2023-01-10 14:30:00,s0084,0.8290578455068712
2023-01-10 14:45:00,s0084,0.8750263133584274
2023-01-10 15:00:00,s0084,0.7969579898882935
2023-01-10 15:15:00,s0084,0.7585713058486747
2023-01-10 15:30:00,s0084,0.692146280155277
2023-01-10 15:45:00,s0084,0.6972570678488335
2023-01-10 16:00:00,s0084,0.76736452704385
2023-01-10 16:15:00,s0084,0.8623645272894837
2023-01-10 16:30:00,s0084,0.9573645275368684
2023-01-10 16:45:00,s0084,0.941600279426125
2023-01-10 17:00:00,s0084,1.0
2023-01-10 17:15:00,s0084,0.9381758172231371
2023-01-10 17:30:00,s0084,0.9022387189291383
2023-01-10 17:45:00,s0084,0.895104761646554
2023-01-10 18:00:00,s0084,0.9422890614595582
2023-01-10 18:15:00,s0084,0.8914664913027857
2023-01-10 18:30:00,s0084,0.9701787362126646
2023-01-10 18:45:00,s0084,0.8258978612237671
2023-01-10 19:00:00,s0084,0.8699047523861586
2023-01-10 19:15:00,s0084,0.8008455452287356
2023-01-10 19:30:00,s0084,0.8488920752313882
2023-01-10 19:45:00,s0084,0.5626382056671608
2023-01-10 20:00:00,s0084,0.4974528026821238
2023-01-10 20:15:00,s0084,0.4621035646367594
2023-01-10 20:30:00,s0084,0.40003008609638396
2023-01-10 20:45:00,s0084,0.39424108320754075
2023-01-10 21:00:00,s0084,0.40729212359005396
2023-01-10 21:15:00,s0084,0.3442763927263148
2023-01-10 21:30:00,s0084,0.31811874134537577
2023-01-10 21:45:00,s0084,0.3135363522299611
2023-01-10 22:00:00,s0084,0.3101170803375106
2023-01-10 22:15:00,s0084,0.3381752968494679
2023-01-10 22:30:00,s0084,0.3919507628781925
2023-01-10 22:45:00,s0084,0.3718867387354175
2023-01-10 23:00:00,s0084,0.388783377832275
2023-01-10 23:15:00,s0084,0.42203339712486865
2023-01-10 23:30:00,s0084,0.46733606850009696
2023-01-10 23:45:00,s0084,0.393760751667675
2023-01-10 00:00:00,s0085,0.500477797592414
2023-01-10 00:15:00,s0085,0.477903016313619
2023-01-10 00:30:00,s0085,0.44946311154127705
2023-01-10 00:45:00,s0085,0.42180584919786746
2023-01-10 01:00:00,s0085,0.4747991822084953
2023-01-10 01:15:00,s0085,0.45288857498337237
2023-01-10 01:30:00,s0085,0.5008058906896008
2023-01-10 01:45:00,s0085,0.5414189333506414
2023-01-10 02:00:00,s0085,0.5454421127719946
2023-01-10 02:15:00,s0085,0.5401382971187396
2023-01-10 02:30:00,s0085,0.5609041019820494
2023-01-10 02:45:00,s0085,0.539520760655283
2023-01-10 03:00:00,s0085,0.7373868505034942
2023-01-10 03:15:00,s0085,0.8235151048597921
2023-01-10 03:30:00,s0085,0.9074189203146057
2023-01-10 03:45:00,s0085,1.0
2023-01-10 04:00:00,s0085,0.9609763792776367
2023-01-10 04:15:00,s0085,0.9631953720068163
2023-01-10 04:30:00,s0085,0.9414442674320593
2023-01-10 04:45:00,s0085,0.9296512131811062
2023-01-10 05:00:00,s0085,0.9277082277492302
2023-01-10 05:15:00,s0085,0.9054626279409973
2023-01-10 05:30:00,s0085,0.8251795566042226
2023-01-10 05:45:00,s0085,0.7811894217399523
2023-01-10 06:00:00,s0085,0.7466034276256253
2023-01-10 06:15:00,s0085,0.7400571405330287
2023-01-10 06:30:00,s0085,0.6525146870197491
2023-01-10 06:45:00,s0085,0.6637058788732894
2023-01-10 07:00:00,s0085,0.6537968484591881
2023-01-10 07:15:00,s0085,0.6404012559995119
2023-01-10 07:30:00,s0085,0.5351380983507151
2023-01-10 07:45:00,s0085,0.48813513199388614
2023-01-10 08:00:00,s0085,0.5078594664244548
2023-01-10 08:15:00,s0085,0.4634750620291197
2023-01-10 08:30:00,s0085,0.48841143732963965
2023-01-10 08:45:00,s0085,0.5597400260646864
2023-01-10 09:00:00,s0085,0.6063985646092367
2023-01-10 09:15:00,s0085,0.6033488635445801
2023-01-10 09:30:00,s0085,0.6069698165682895
2023-01-10 09:45:00,s0085,0.5868164923141759
2023-01-10 10:00:00,s0085,0.4815533347525077
2023-01-10 10:15:00,s0085,0.4846985605030384
2023-01-10 10:30:00,s0085,0.5796985608406295
2023-01-10 10:45:00,s0085,0.5335290727114919
2023-01-10 11:00:00,s0085,0.5877891802899109
2023-01-10 11:15:00,s0085,0.4880342690841476
2023-01-10 11:30:00,s0085,0.43536542700864966
2023-01-10 11:45:00,s0085,0.530365427560704
2023-01-10 12:00:00,s0085,0.4707186854636316
2023-01-10 12:15:00,s0085,0.3743985926366685
2023-01-10 12:30:00,s0085,0.432700172421433
2023-01-10 12:45:00,s0085,0.5277001736131306
2023-01-10 13:00:00,s0085,0.6227001744243521
2023-01-10 13:15:00,s0085,0.5570622186166845
2023-01-10 13:30:00,s0085,0.4578316850526082
2023-01-10 13:45:00,s0085,0.4264643037226724
2023-01-10 14:00:00,s0085,0.4402384031379075
2023-01-10 14:15:00,s0085,0.4449207292971894
2023-01-10 14:30:00,s0085,0.4643341006726248
2023-01-10 14:45:00,s0085,0.41429519244301527
2023-01-10 15:00:00,s0085,0.498418690048259
2023-01-10 15:15:00,s0085,0.5781437967077951
2023-01-10 15:30:00,s0085,0.6409868009138787
2023-01-10 15:45:00,s0085,0.6682264070778299
2023-01-10 16:00:00,s0085,0.5714466560456117
2023-01-10 16:15:00,s0085,0.5890559478619035
2023-01-10 16:30:00,s0085,0.632456912898226
2023-01-10 16:45:00,s0085,0.5904469926635056
2023-01-10 17:00:00,s0085,0.6009538980347332
2023-01-10 17:15:00,s0085,0.533208939978683
2023-01-10 17:30:00,s0085,0.5671248094321564
2023-01-10 17:45:00,s0085,0.5286064427298349
2023-01-10 18:00:00,s0085,0.5481037160024742
2023-01-10 18:15:00,s0085,0.6172483210158766
2023-01-10 18:30:00,s0085,0.5578492458798924
2023-01-10 18:45:00,s0085,0.5027646457231149
2023-01-10 19:00:00,s0085,0.48455778935308075
2023-01-10 19:15:00,s0085,0.49815990095982565
2023-01-10 19:30:00,s0085,0.4650888224279609
2023-01-10 19:45:00,s0085,0.22759362534868
2023-01-10 20:00:00,s0085,0.2118295517516693
2023-01-10 20:15:00,s0085,0.19948177852371793
2023-01-10 20:30:00,s0085,0.25041754943821726
2023-01-10 20:45:00,s0085,0.2153098190753604
2023-01-10 21:00:00,s0085,0.23297863743996305
2023-01-10 21:15:00,s0085,0.127715482659791
2023-01-10 21:30:00,s0085,0.07153696918662866
2023-01-10 21:45:00,s0085,0.07823482507968765
2023-01-10 22:00:00,s0085,0.01138756968600213
2023-01-10 22:15:00,s0085,0.013009744579314753
2023-01-10 22:30:00,s0085,0.0692477943299174
2023-01-10 22:45:00,s0085,0.04734556508705162
2023-01-10 23:00:00,s0085,0.0
2023-01-10 23:15:00,s0085,0.010220006186537622
2023-01-10 23:30:00,s0085,0.0335121982238723
2023-01-10 23:45:00,s0085,0.047741883507226135
2023-01-10 00:00:00,s0086,0.5141577260759678
2023-01-10 00:15:00,s0086,0.5409265664541077
2023-01-10 00:30:00,s0086,0.5351271153308752
2023-01-10 00:45:00,s0086,0.5004378539100269
2023-01-10 01:00:00,s0086,0.45881086928687476
2023-01-10 01:15:00,s0086,0.4560315615215894
2023-01-10 01:30:00,s0086,0.5087006563718597
2023-01-10 01:45:00,s0086,0.5055240623779764
2023-01-10 02:00:00,s0086,0.48070762327458216
2023-01-10 02:15:00,s0086,0.47317333193870376
2023-01-10 02:30:00,s0086,0.4964470468642512
2023-01-10 02:45:00,s0086,0.5068691688220576
2023-01-10 03:00:00,s0086,0.5215121968263441
2023-01-10 03:15:00,s0086,0.5936875591051713
2023-01-10 03:30:00,s0086,0.7455163947014811
2023-01-10 03:45:00,s0086,0.8596477834086209
2023-01-10 04:00:00,s0086,0.8511826546363521
2023-01-10 04:15:00,s0086,0.8692231652757247
2023-01-10 04:30:00,s0086,0.8390392642096347
2023-01-10 04:45:00,s0086,0.875260749337664
2023-01-10 05:00:00,s0086,0.8980673849684813
2023-01-10 05:15:00,s0086,0.8494791087195468
2023-01-10 05:30:00,s0086,0.7442159545171275
2023-01-10 05:45:00,s0086,0.6468203093873609
2023-01-10 06:00:00,s0086,0.5700413946085106
2023-01-10 06:15:00,s0086,0.5132780176409708
2023-01-10 06:30:00,s0086,0.48540076256509723
2023-01-10 06:45:00,s0086,0.46865819009435483
2023-01-10 07:00:00,s0086,0.44911195867100406
2023-01-10 07:15:00,s0086,0.5123450921945985
2023-01-10 07:30:00,s0086,0.4440650925388552
2023-01-10 07:45:00,s0086,0.37483086767003093
2023-01-10 08:00:00,s0086,0.4662778406170245
2023-01-10 08:15:00,s0086,0.5084719039363859
2023-01-10 08:30:00,s0086,0.535559211722684
2023-01-10 08:45:00,s0086,0.5550444481371565
2023-01-10 09:00:00,s0086,0.45875105728537424
2023-01-10 09:15:00,s0086,0.4886327877979013
2023-01-10 09:30:00,s0086,0.38336963013417324
2023-01-10 09:45:00,s0086,0.45752150046553064
2023-01-10 10:00:00,s0086,0.5525215007985994
2023-01-10 10:15:00,s0086,0.5538599279852856
2023-01-10 10:30:00,s0086,0.5077215137615677
2023-01-10 10:45:00,s0086,0.6027215141022124
2023-01-10 11:00:00,s0086,0.6133144664651009
2023-01-10 11:15:00,s0086,0.5109824922261179
2023-01-10 11:30:00,s0086,0.41233966727275206
2023-01-10 11:45:00,s0086,0.4669742633905358
2023-01-10 12:00:00,s0086,0.3617111065941302
2023-01-10 12:15:00,s0086,0.3879202494451579
2023-01-10 12:30:00,s0086,0.36788186279825696
2023-01-10 12:45:00,s0086,0.43747948606941833
2023-01-10 13:00:00,s0086,0.4944445764582963
2023-01-10 13:15:00,s0086,0.4645801209569952
2023-01-10 13:30:00,s0086,0.38762208202904236
2023-01-10 13:45:00,s0086,0.45015993668835763
2023-01-10 14:00:00,s0086,0.3586512809093312
2023-01-10 14:15:00,s0086,0.36725251407195236
2023-01-10 14:30:00,s0086,0.40070655788474285
2023-01-10 14:45:00,s0086,0.43139120115792884
2023-01-10 15:00:00,s0086,0.4053895135205071
2023-01-10 15:15:00,s0086,0.4359792209470267
2023-01-10 15:30:00,s0086,0.3731650715317738
2023-01-10 15:45:00,s0086,0.37401264897524733
2023-01-10 16:00:00,s0086,0.4318406346002809
2023-01-10 16:15:00,s0086,0.4970315354543656
2023-01-10 16:30:00,s0086,0.4836377964651353
2023-01-10 16:45:00,s0086,0.5294923785155566
2023-01-10 17:00:00,s0086,0.5481764782531522
2023-01-10 17:15:00,s0086,0.5928207933476057
2023-01-10 17:30:00,s0086,0.5840912678549717
2023-01-10 17:45:00,s0086,0.5013656244302067
2023-01-10 18:00:00,s0086,0.5690148496267493
2023-01-10 18:15:00,s0086,0.5788444339470877
2023-01-10 18:30:00,s0086,0.5528206873739678
2023-01-10 18:45:00,s0086,0.4659877321281513
2023-01-10 19:00:00,s0086,0.45145755822377853
2023-01-10 19:15:00,s0086,0.34016457411359935
2023-01-10 19:30:00,s0086,0.337836208705532
2023-01-10 19:45:00,s0086,0.05867849263333402
2023-01-10 20:00:00,s0086,0.0
2023-01-10 20:15:00,s0086,0.0
2023-01-10 20:30:00,s0086,0.013601709067456336
2023-01-10 20:45:00,s0086,0.008861336094634575
2023-01-10 21:00:00,s0086,0.01956456895889913
2023-01-10 21:15:00,s0086,0.05380643982263167
2023-01-10 21:30:00,s0086,0.0569817697029687
2023-01-10 21:45:00,s0086,0.09682231994802692
2023-01-10 22:00:00,s0086,0.01579377538361193
2023-01-10 22:15:00,s0086,0.1107937772207479
2023-01-10 22:30:00,s0086,0.1640232295131806
2023-01-10 22:45:00,s0086,0.1848445948444315
2023-01-10 23:00:00,s0086,0.30617756186849154
2023-01-10 23:15:00,s0086,0.334276104363167
2023-01-10 23:30:00,s0086,0.28128332132392597
2023-01-10 23:45:00,s0086,0.25367685171737087
2023-01-10 00:00:00,s0087,0.5078398591786305
2023-01-10 00:15:00,s0087,0.5004638276214447
2023-01-10 00:30:00,s0087,0.4561568888675151
2023-01-10 00:45:00,s0087,0.49223446242740815
2023-01-10 01:00:00,s0087,0.4716018817726178
2023-01-10 01:15:00,s0087,0.455970998282564
2023-01-10 01:30:00,s0087,0.35070789560575916
2023-01-10 01:45:00,s0087,0.36258638137350085
2023-01-10 02:00:00,s0087,0.34477297805791635
2023-01-10 02:15:00,s0087,0.3356410958264304
2023-01-10 02:30:00,s0087,0.27873179805548765
2023-01-10 02:45:00,s0087,0.3038142327376071
2023-01-10 03:00:00,s0087,0.35344612601802067
2023-01-10 03:15:00,s0087,0.48504406935252864
2023-01-10 03:30:00,s0087,0.6264157438429494
2023-01-10 03:45:00,s0087,0.8904954402843767
2023-01-10 04:00:00,s0087,0.8676893997587232
2023-01-10 04:15:00,s0087,0.8884940166638274
2023-01-10 04:30:00,s0087,0.8836559837679665
2023-01-10 04:45:00,s0087,0.8608597586180162
2023-01-10 05:00:00,s0087,0.9241493343897614
2023-01-10 05:15:00,s0087,0.9860727487655764
2023-01-10 05:30:00,s0087,1.0
2023-01-10 05:45:00,s0087,0.9416735976953501
2023-01-10 06:00:00,s0087,0.9738314139893747
2023-01-10 06:15:00,s0087,0.8953833775086066
2023-01-10 06:30:00,s0087,0.8730890665399705
2023-01-10 06:45:00,s0087,0.9565856751377999
2023-01-10 07:00:00,s0087,0.9643501368811112
2023-01-10 07:15:00,s0087,0.9265958278950698
2023-01-10 07:30:00,s0087,0.8666535974427387
2023-01-10 07:45:00,s0087,0.8509593673263048
2023-01-10 08:00:00,s0087,0.7456962096091448
2023-01-10 08:15:00,s0087,0.6404330518926552
2023-01-10 08:30:00,s0087,0.6512619838214353
2023-01-10 08:45:00,s0087,0.5549612675549163
2023-01-10 09:00:00,s0087,0.5535484093961599
2023-01-10 09:15:00,s0087,0.5090472098408123
2023-01-10 09:30:00,s0087,0.546005049029528
2023-01-10 09:45:00,s0087,0.57373119486431
2023-01-10 10:00:00,s0087,0.46846803730264186
2023-01-10 10:15:00,s0087,0.49552290085071193
2023-01-10 10:30:00,s0087,0.5010497433178029
2023-01-10 10:45:00,s0087,0.39578658576371073
2023-01-10 11:00:00,s0087,0.3614515426253291
2023-01-10 11:15:00,s0087,0.3874925455628967
2023-01-10 11:30:00,s0087,0.4824925461132359
2023-01-10 11:45:00,s0087,0.570477846302466
2023-01-10 12:00:00,s0087,0.5947141732619626
2023-01-10 12:15:00,s0087,0.6076261655547972
2023-01-10 12:30:00,s0087,0.5954206427507842
2023-01-10 12:45:00,s0087,0.4933319314890483
2023-01-10 13:00:00,s0087,0.5883319323002698
2023-01-10 13:15:00,s0087,0.48306877523440817
2023-01-10 13:30:00,s0087,0.5334907652191891
2023-01-10 13:45:00,s0087,0.4737120252881165
2023-01-10 14:00:00,s0087,0.4831126899899725
2023-01-10 14:15:00,s0087,0.4506913414465439
2023-01-10 14:30:00,s0087,0.5087903706940551
2023-01-10 14:45:00,s0087,0.4915219178221143
2023-01-10 15:00:00,s0087,0.48245799118311083
2023-01-10 15:15:00,s0087,0.44807680463074273
2023-01-10 15:30:00,s0087,0.4223284310122859
2023-01-10 15:45:00,s0087,0.37462430967416505
2023-01-10 16:00:00,s0087,0.38121840773450855
2023-01-10 16:15:00,s0087,0.3780694841213387
2023-01-10 16:30:00,s0087,0.4005057673187067
2023-01-10 16:45:00,s0087,0.4055608383834949
2023-01-10 17:00:00,s0087,0.43868304593215524
2023-01-10 17:15:00,s0087,0.3334198882404168
2023-01-10 17:30:00,s0087,0.2290461485222327
2023-01-10 17:45:00,s0087,0.28295325241901137
2023-01-10 18:00:00,s0087,0.2969758971793103
2023-01-10 18:15:00,s0087,0.23871763733295948
2023-01-10 18:30:00,s0087,0.33371763734227633
2023-01-10 18:45:00,s0087,0.3194957593838922
2023-01-10 19:00:00,s0087,0.2142326014984921
2023-01-10 19:15:00,s0087,0.1848562762968725
2023-01-10 19:30:00,s0087,0.23001933030257438
2023-01-10 19:45:00,s0087,0.0
2023-01-10 20:00:00,s0087,0.0
2023-01-10 20:15:00,s0087,0.0
2023-01-10 20:30:00,s0087,0.0277745346566467
2023-01-10 20:45:00,s0087,0.0
2023-01-10 21:00:00,s0087,0.0
2023-01-10 21:15:00,s0087,0.03801959915191877
2023-01-10 21:30:00,s0087,0.0
2023-01-10 21:45:00,s0087,0.09500000086848637
2023-01-10 22:00:00,s0087,0.0
2023-01-10 22:15:00,s0087,0.0
2023-01-10 22:30:00,s0087,0.009795835439657508
2023-01-10 22:45:00,s0087,0.04635446705542523
2023-01-10 23:00:00,s0087,0.07990525495917217
2023-01-10 23:15:00,s0087,0.10195920914954137
2023-01-10 23:30:00,s0087,0.10656067118717516
2023-01-10 23:45:00,s0087,0.024435035024160945
2023-01-10 00:00:00,s0088,0.5199084561156273
2023-01-10 00:15:00,s0088,0.5885125567951605
2023-01-10 00:30:00,s0088,0.619442386503593
2023-01-10 00:45:00,s0088,0.5799392064455898
2023-01-10 01:00:00,s0088,0.5453265509037187
2023-01-10 01:15:00,s0088,0.6062872350527282
2023-01-10 01:30:00,s0088,0.6475291419570952
2023-01-10 01:45:00,s0088,0.7111567024589756
2023-01-10 02:00:00,s0088,0.770999200427937
2023-01-10 02:15:00,s0088,0.6657361000067233
2023-01-10 02:30:00,s0088,0.6572884463188469
2023-01-10 02:45:00,s0088,0.6108570827844844
2023-01-10 03:00:00,s0088,0.7365109806867697
2023-01-10 03:15:00,s0088,0.845177518709909
2023-01-10 03:30:00,s0088,0.9862442903344188
2023-01-10 03:45:00,s0088,1.0
2023-01-10 04:00:00,s0088,0.9794551702193142
2023-01-10 04:15:00,s0088,1.0
2023-01-10 04:30:00,s0088,0.9805788198385847
2023-01-10 04:45:00,s0088,0.9606814717880973
2023-01-10 05:00:00,s0088,0.9206050224565111
2023-01-10 05:15:00,s0088,0.8681735073502362
2023-01-10 05:30:00,s0088,0.9136749600382188
2023-01-10 05:45:00,s0088,0.9213124224109693
2023-01-10 06:00:00,s0088,0.968198368564162
2023-01-10 06:15:00,s0088,0.9477486519548053
2023-01-10 06:30:00,s0088,0.9805589226633736
2023-01-10 06:45:00,s0088,1.0
2023-01-10 07:00:00,s0088,1.000000000244096
2023-01-10 07:15:00,s0088,0.9586163442845832
2023-01-10 07:30:00,s0088,1.0
2023-01-10 07:45:00,s0088,0.9931801692419675
2023-01-10 08:00:00,s0088,0.965065467989715
2023-01-10 08:15:00,s0088,0.8886566171410967
2023-01-10 08:30:00,s0088,0.8990525034437586
2023-01-10 08:45:00,s0088,0.8241185449730528
2023-01-10 09:00:00,s0088,0.7188553873067656
2023-01-10 09:15:00,s0088,0.6969214418548814
2023-01-10 09:30:00,s0088,0.7059183053407871
2023-01-10 09:45:00,s0088,0.6487930712157659
2023-01-10 10:00:00,s0088,0.7437930715488348
2023-01-10 10:15:00,s0088,0.638529913989122
2023-01-10 10:30:00,s0088,0.6425836636232742
2023-01-10 10:45:00,s0088,0.6512461932076211
2023-01-10 11:00:00,s0088,0.7462461937436443
2023-01-10 11:15:00,s0088,0.7606710963032516
2023-01-10 11:30:00,s0088,0.6554079389588539
2023-01-10 11:45:00,s0088,0.5501447816161715
2023-01-10 12:00:00,s0088,0.4448816248197658
2023-01-10 12:15:00,s0088,0.5398816259256577
2023-01-10 12:30:00,s0088,0.46607102410119783
2023-01-10 12:45:00,s0088,0.516469809516009
2023-01-10 13:00:00,s0088,0.5756127273957252
2023-01-10 13:15:00,s0088,0.5958383151882036
2023-01-10 13:30:00,s0088,0.5197132263893269
2023-01-10 13:45:00,s0088,0.4857589708848449
2023-01-10 14:00:00,s0088,0.5388522994638161
2023-01-10 14:15:00,s0088,0.4991066031035378
2023-01-10 14:30:00,s0088,0.4140543074337866
2023-01-10 14:45:00,s0088,0.41065086975162046
2023-01-10 15:00:00,s0088,0.42802819481052956
2023-01-10 15:15:00,s0088,0.36961224125960146
2023-01-10 15:30:00,s0088,0.3112060689245162
2023-01-10 15:45:00,s0088,0.2222604763943139
2023-01-10 16:00:00,s0088,0.22759874283490722
2023-01-10 16:15:00,s0088,0.2584910007791863
2023-01-10 16:30:00,s0088,0.3003648201898025
2023-01-10 16:45:00,s0088,0.30989961167172053
2023-01-10 17:00:00,s0088,0.3259955775193665
2023-01-10 17:15:00,s0088,0.28153500867018977
2023-01-10 17:30:00,s0088,0.2831779270924525
2023-01-10 17:45:00,s0088,0.22821502029067942
2023-01-10 18:00:00,s0088,0.19734659831137402
2023-01-10 18:15:00,s0088,0.1838899082516967
2023-01-10 18:30:00,s0088,0.18329654560309128
2023-01-10 18:45:00,s0088,0.05063508083243551
2023-01-10 19:00:00,s0088,0.055499082832504154
2023-01-10 19:15:00,s0088,0.0
2023-01-10 19:30:00,s0088,0.03370893987189949
2023-01-10 19:45:00,s0088,0.0
2023-01-10 20:00:00,s0088,0.0
2023-01-10 20:15:00,s0088,0.0
2023-01-10 20:30:00,s0088,0.09500000045423118
2023-01-10 20:45:00,s0088,0.09325628458695384
2023-01-10 21:00:00,s0088,0.0
2023-01-10 21:15:00,s0088,0.07748786005487063
2023-01-10 21:30:00,s0088,0.1724878609578978
2023-01-10 21:45:00,s0088,0.1262997861761918
2023-01-10 22:00:00,s0088,0.05363191059312522
2023-01-10 22:15:00,s0088,0.1486319124302612
2023-01-10 22:30:00,s0088,0.1638778857779472
2023-01-10 22:45:00,s0088,0.2353283697941605
2023-01-10 23:00:00,s0088,0.22225425737894916
2023-01-10 23:15:00,s0088,0.15356881369206454
2023-01-10 23:30:00,s0088,0.05652932869786531
2023-01-10 23:45:00,s0088,0.0
2023-01-10 00:00:00,s0089,0.5249878872074436
2023-01-10 00:15:00,s0089,0.5921570718869317
2023-01-10 00:30:00,s0089,0.5307761963985462
2023-01-10 00:45:00,s0089,0.6105187228743932
2023-01-10 01:00:00,s0089,0.5662442732980434
2023-01-10 01:15:00,s0089,0.5850685723965572
2023-01-10 01:30:00,s0089,0.5975974849461599
2023-01-10 01:45:00,s0089,0.6060598208567218
2023-01-10 02:00:00,s0089,0.581357844695128
2023-01-10 02:15:00,s0089,0.5633407432853744
2023-01-10 02:30:00,s0089,0.4826643431196258
2023-01-10 02:45:00,s0089,0.47585159729807747
2023-01-10 03:00:00,s0089,0.5424937672508218
2023-01-10 03:15:00,s0089,0.6028795467674678
2023-01-10 03:30:00,s0089,0.7248460501557935
2023-01-10 03:45:00,s0089,0.8624698380753018
2023-01-10 04:00:00,s0089,0.8272538832627299
2023-01-10 04:15:00,s0089,0.8180085727862793
2023-01-10 04:30:00,s0089,0.7759016453043648
2023-01-10 04:45:00,s0089,0.788517788027287
2023-01-10 05:00:00,s0089,0.7585526745572216
2023-01-10 05:15:00,s0089,0.8535526780314857
2023-01-10 05:30:00,s0089,0.9399181773430763
2023-01-10 05:45:00,s0089,0.9278185602891255
2023-01-10 06:00:00,s0089,1.0
2023-01-10 06:15:00,s0089,1.0000000004347407
2023-01-10 06:30:00,s0089,1.0000000008754104
2023-01-10 06:45:00,s0089,1.000000001317936
2023-01-10 07:00:00,s0089,0.9844905137419765
2023-01-10 07:15:00,s0089,0.9916754076951583
2023-01-10 07:30:00,s0089,0.9725456016845186
2023-01-10 07:45:00,s0089,1.0
2023-01-10 08:00:00,s0089,0.9435621940597502
2023-01-10 08:15:00,s0089,0.9462600118266628
2023-01-10 08:30:00,s0089,0.8409968541108442
2023-01-10 08:45:00,s0089,0.8490080327021616
2023-01-10 09:00:00,s0089,0.7437448750358744
2023-01-10 09:15:00,s0089,0.7663579068559858
2023-01-10 09:30:00,s0089,0.8030890152537936
2023-01-10 09:45:00,s0089,0.7790188041725783
2023-01-10 10:00:00,s0089,0.7805898433727805
2023-01-10 10:15:00,s0089,0.744787900716817
2023-01-10 10:30:00,s0089,0.8130241307403252
2023-01-10 10:45:00,s0089,0.834744620645929
2023-01-10 11:00:00,s0089,0.9297446211819522
2023-01-10 11:15:00,s0089,0.9057393820257545
2023-01-10 11:30:00,s0089,1.0
2023-01-10 11:45:00,s0089,1.0000000005520544
2023-01-10 12:00:00,s0089,1.0000000016503856
2023-01-10 12:15:00,s0089,0.9296238861916492
2023-01-10 12:30:00,s0089,0.8243607294378907
2023-01-10 12:45:00,s0089,0.9193607306295883
2023-01-10 13:00:00,s0089,0.9485167477751477
2023-01-10 13:15:00,s0089,1.0
2023-01-10 13:30:00,s0089,1.000000000848653
2023-01-10 13:45:00,s0089,0.9746404811284863
2023-01-10 14:00:00,s0089,0.9369753713346438
2023-01-10 14:15:00,s0089,0.9322966760466864
2023-01-10 14:30:00,s0089,0.931084623953846
2023-01-10 14:45:00,s0089,0.9065546120576374
2023-01-10 15:00:00,s0089,0.9350617804286159
2023-01-10 15:15:00,s0089,0.8565217914318171
2023-01-10 15:30:00,s0089,0.8549988604160871
2023-01-10 15:45:00,s0089,0.8162583564010276
2023-01-10 16:00:00,s0089,0.851152530935348
2023-01-10 16:15:00,s0089,0.823442851303791
2023-01-10 16:30:00,s0089,0.8225738029203478
2023-01-10 16:45:00,s0089,0.8056915465755153
2023-01-10 17:00:00,s0089,0.8040614277906046
2023-01-10 17:15:00,s0089,0.7979487748182307
2023-01-10 17:30:00,s0089,0.8186120006249046
2023-01-10 17:45:00,s0089,0.7719601028225396
2023-01-10 18:00:00,s0089,0.7969062403874693
2023-01-10 18:15:00,s0089,0.7537635761502374
2023-01-10 18:30:00,s0089,0.7795103468555729
2023-01-10 18:45:00,s0089,0.7313927527210033
2023-01-10 19:00:00,s0089,0.6804959452470127
2023-01-10 19:15:00,s0089,0.510934468082312
2023-01-10 19:30:00,s0089,0.4936184703017629
2023-01-10 19:45:00,s0089,0.2678528142924652
2023-01-10 20:00:00,s0089,0.19858910139980734
2023-01-10 20:15:00,s0089,0.02886831091883535
2023-01-10 20:30:00,s0089,0.0
2023-01-10 20:45:00,s0089,0.09500000045214957
2023-01-10 21:00:00,s0089,0.10051108440074902
2023-01-10 21:15:00,s0089,0.0848983725010688
2023-01-10 21:30:00,s0089,0.05465031639671836
2023-01-10 21:45:00,s0089,0.05263068678295779
2023-01-10 22:00:00,s0089,0.0
2023-01-10 22:15:00,s0089,0.0071459722255725056
2023-01-10 22:30:00,s0089,0.0
2023-01-10 22:45:00,s0089,0.0327317317602005
2023-01-10 23:00:00,s0089,0.13710978561595877
2023-01-10 23:15:00,s0089,0.20676086826183043
2023-01-10 23:30:00,s0089,0.30998454116236807
2023-01-10 23:45:00,s0089,0.3607963401105949
2023-01-10 00:00:00,s0090,0.4861617868947283
2023-01-10 00:15:00,s0090,0.5313761387259343
2023-01-10 00:30:00,s0090,0.4381131673164398
2023-01-10 00:45:00,s0090,0.42004379844994955
2023-01-10 01:00:00,s0090,0.3967039496516533
2023-01-10 01:15:00,s0090,0.44061701991647145
2023-01-10 01:30:00,s0090,0.4678189700773349
2023-01-10 01:45:00,s0090,0.4039277911880696
2023-01-10 02:00:00,s0090,0.4563642447254123
2023-01-10 02:15:00,s0090,0.4775843325802224
2023-01-10 02:30:00,s0090,0.4180940415227917
2023-01-10 02:45:00,s0090,0.390778020148115
2023-01-10 03:00:00,s0090,0.581757149304341
2023-01-10 03:15:00,s0090,0.6357789137230592
2023-01-10 03:30:00,s0090,0.7233654277160172
2023-01-10 03:45:00,s0090,0.8093995912375287
2023-01-10 04:00:00,s0090,0.8409535491170981
2023-01-10 04:15:00,s0090,0.8497822137270644
2023-01-10 04:30:00,s0090,0.781839412934414
2023-01-10 04:45:00,s0090,0.7961280191309309
2023-01-10 05:00:00,s0090,0.8155437735082502
2023-01-10 05:15:00,s0090,0.8194506849886418
2023-01-10 05:30:00,s0090,0.7789103178924949
2023-01-10 05:45:00,s0090,0.742577967081484
2023-01-10 06:00:00,s0090,0.7663783973664526
2023-01-10 06:15:00,s0090,0.7024712472743253
2023-01-10 06:30:00,s0090,0.7393734469230449
2023-01-10 06:45:00,s0090,0.6856723148198925
2023-01-10 07:00:00,s0090,0.7125496052037785
2023-01-10 07:15:00,s0090,0.7245599039122603
2023-01-10 07:30:00,s0090,0.688188803059648
2023-01-10 07:45:00,s0090,0.6756576071577103
2023-01-10 08:00:00,s0090,0.689582391396809
2023-01-10 08:15:00,s0090,0.6418735736091499
2023-01-10 08:30:00,s0090,0.6851243835686212
2023-01-10 08:45:00,s0090,0.6098046978208289
2023-01-10 09:00:00,s0090,0.6310963797307343
2023-01-10 09:15:00,s0090,0.5634585681866806
2023-01-10 09:30:00,s0090,0.553219000478427
2023-01-10 09:45:00,s0090,0.5975307220841564
2023-01-10 10:00:00,s0090,0.6729464173367112
2023-01-10 10:15:00,s0090,0.6543369111091135
2023-01-10 10:30:00,s0090,0.715679018379787
2023-01-10 10:45:00,s0090,0.7647441552765734
2023-01-10 11:00:00,s0090,0.7463497894972134
2023-01-10 11:15:00,s0090,0.6897508173836087
2023-01-10 11:30:00,s0090,0.7161212371578152
2023-01-10 11:45:00,s0090,0.7861244521104568
2023-01-10 12:00:00,s0090,0.8175046492198945
2023-01-10 12:15:00,s0090,0.8040398254621205
2023-01-10 12:30:00,s0090,0.8771340232600391
2023-01-10 12:45:00,s0090,0.89299783538165
2023-01-10 13:00:00,s0090,0.9606886505059459
2023-01-10 13:15:00,s0090,0.9170079276347862
2023-01-10 13:30:00,s0090,0.895815692067707
2023-01-10 13:45:00,s0090,0.9476868396679247
2023-01-10 14:00:00,s0090,1.0
2023-01-10 14:15:00,s0090,1.0000000005135703
2023-01-10 14:30:00,s0090,1.0000000010293513
2023-01-10 14:45:00,s0090,1.0000000015644952
2023-01-10 15:00:00,s0090,1.0000000018893216
2023-01-10 15:15:00,s0090,1.0000000022182576
2023-01-10 15:30:00,s0090,0.9962214974231773
2023-01-10 15:45:00,s0090,0.890958340156478
2023-01-10 16:00:00,s0090,0.9136193135830548
2023-01-10 16:15:00,s0090,0.8879683756183554
2023-01-10 16:30:00,s0090,0.9021713157513322
2023-01-10 16:45:00,s0090,0.8760684094262162
2023-01-10 17:00:00,s0090,0.8551420988116206
2023-01-10 17:15:00,s0090,0.8504144741962473
2023-01-10 17:30:00,s0090,0.7451513165056832
2023-01-10 17:45:00,s0090,0.8250885237848902
2023-01-10 18:00:00,s0090,0.844153685323334
2023-01-10 18:15:00,s0090,0.8339356523160281
2023-01-10 18:30:00,s0090,0.8566180163527711
2023-01-10 18:45:00,s0090,0.7486561772639755
2023-01-10 19:00:00,s0090,0.748596567126289
2023-01-10 19:15:00,s0090,0.6917931245959129
2023-01-10 19:30:00,s0090,0.7173968287616004
2023-01-10 19:45:00,s0090,0.5080812491420039
2023-01-10 20:00:00,s0090,0.31231895333460225
2023-01-10 20:15:00,s0090,0.2269330145698005
2023-01-10 20:30:00,s0090,0.2033145481114108
2023-01-10 20:45:00,s0090,0.25132641871012723
2023-01-10 21:00:00,s0090,0.3052369616610099
2023-01-10 21:15:00,s0090,0.40023696477557463
2023-01-10 21:30:00,s0090,0.3779512649663761
2023-01-10 21:45:00,s0090,0.4099718552329964
2023-01-10 22:00:00,s0090,0.4370152599284892
2023-01-10 22:15:00,s0090,0.3376343032756247
2023-01-10 22:30:00,s0090,0.3774441803350818
2023-01-10 22:45:00,s0090,0.3338625675703561
2023-01-10 23:00:00,s0090,0.3012249043453418
2023-01-10 23:15:00,s0090,0.2214363202978853
2023-01-10 23:30:00,s0090,0.12603499635388937
2023-01-10 23:45:00,s0090,0.14287205829551675
2023-01-10 00:00:00,s0091,0.45877624991760757
2023-01-10 00:15:00,s0091,0.4206207134830405
2023-01-10 00:30:00,s0091,0.3379732587277469
2023-01-10 00:45:00,s0091,0.29942935805008214
2023-01-10 01:00:00,s0091,0.25918210523965113
2023-01-10 01:15:00,s0091,0.31194626117294066
2023-01-10 01:30:00,s0091,0.31297637650945276
2023-01-10 01:45:00,s0091,0.29613200976056353
2023-01-10 02:00:00,s0091,0.30384082934447154
2023-01-10 02:15:00,s0091,0.26387041146977586
2023-01-10 02:30:00,s0091,0.2775407323098482
2023-01-10 02:45:00,s0091,0.22783274209677562
2023-01-10 03:00:00,s0091,0.35291491838144157
2023-01-10 03:15:00,s0091,0.5272184318656881
2023-01-10 03:30:00,s0091,0.5965154977516399
2023-01-10 03:45:00,s0091,0.7085413625166777
2023-01-10 04:00:00,s0091,0.7170021052657181
2023-01-10 04:15:00,s0091,0.7063652650505519
2023-01-10 04:30:00,s0091,0.7493593467250486
2023-01-10 04:45:00,s0091,0.7648288881163576
2023-01-10 05:00:00,s0091,0.682895064313526
2023-01-10 05:15:00,s0091,0.758382882591363
2023-01-10 05:30:00,s0091,0.7272035964312636
2023-01-10 05:45:00,s0091,0.7453791174601757
2023-01-10 06:00:00,s0091,0.7502516240750056
2023-01-10 06:15:00,s0091,0.7341597514891969
2023-01-10 06:30:00,s0091,0.6615432408763889
2023-01-10 06:45:00,s0091,0.7417136454358639
2023-01-10 07:00:00,s0091,0.7200287153286474
2023-01-10 07:15:00,s0091,0.76446893812162
2023-01-10 07:30:00,s0091,0.8200391716107244
2023-01-10 07:45:00,s0091,0.838540568561476
2023-01-10 08:00:00,s0091,0.8648113838690844
2023-01-10 08:15:00,s0091,0.7634277646942516
2023-01-10 08:30:00,s0091,0.7996510243169495
2023-01-10 08:45:00,s0091,0.8946510244965391
2023-01-10 09:00:00,s0091,0.9220446297120322
2023-01-10 09:15:00,s0091,0.9385602216353283
2023-01-10 09:30:00,s0091,0.9274882046301606
2023-01-10 09:45:00,s0091,0.822225046967467
2023-01-10 10:00:00,s0091,0.8648727663723561
2023-01-10 10:15:00,s0091,0.8617631980511536
2023-01-10 10:30:00,s0091,0.8693020456553462
2023-01-10 10:45:00,s0091,0.8415362601645323
2023-01-10 11:00:00,s0091,0.8841726674778156
2023-01-10 11:15:00,s0091,0.7926034415945078
2023-01-10 11:30:00,s0091,0.8876034421448471
2023-01-10 11:45:00,s0091,0.916504396960031
2023-01-10 12:00:00,s0091,0.9583409515451059
2023-01-10 12:15:00,s0091,0.853077794756261
2023-01-10 12:30:00,s0091,0.8909113469572953
2023-01-10 12:45:00,s0091,0.8849960984642941
2023-01-10 13:00:00,s0091,0.8856906952766082
2023-01-10 13:15:00,s0091,0.918921438014492
2023-01-10 13:30:00,s0091,0.8136582809684079
2023-01-10 13:45:00,s0091,0.8640219134167569
2023-01-10 14:00:00,s0091,0.7816482707346888
2023-01-10 14:15:00,s0091,0.74633111165673
2023-01-10 14:30:00,s0091,0.7195564957768745
2023-01-10 14:45:00,s0091,0.6367223666376434
2023-01-10 15:00:00,s0091,0.64074057957959
2023-01-10 15:15:00,s0091,0.6441993041437977
2023-01-10 15:30:00,s0091,0.7391993045920721
2023-01-10 15:45:00,s0091,0.683094581333304
2023-01-10 16:00:00,s0091,0.6863895789039787
2023-01-10 16:15:00,s0091,0.5811264212548755
2023-01-10 16:30:00,s0091,0.5333652416484154
2023-01-10 16:45:00,s0091,0.5176101477156269
2023-01-10 17:00:00,s0091,0.4809768244046827
2023-01-10 17:15:00,s0091,0.5089436465957597
2023-01-10 17:30:00,s0091,0.5443601679849048
2023-01-10 17:45:00,s0091,0.567927615586831
2023-01-10 18:00:00,s0091,0.5805277812495506
2023-01-10 18:15:00,s0091,0.5868253246254642
2023-01-10 18:30:00,s0091,0.5843152253711759
2023-01-10 18:45:00,s0091,0.45504714196956975
2023-01-10 19:00:00,s0091,0.4197339379334858
2023-01-10 19:15:00,s0091,0.3733168037790988
2023-01-10 19:30:00,s0091,0.3600620390397463
2023-01-10 19:45:00,s0091,0.05876442230205048
2023-01-10 20:00:00,s0091,0.0
2023-01-10 20:15:00,s0091,0.0
2023-01-10 20:30:00,s0091,0.007275300538013507
2023-01-10 20:45:00,s0091,0.005831436889678854
2023-01-10 21:00:00,s0091,0.05561064722862652
2023-01-10 21:15:00,s0091,0.007673795242977288
2023-01-10 21:30:00,s0091,0.0005253871122689602
2023-01-10 21:45:00,s0091,0.018339218608315833
2023-01-10 22:00:00,s0091,0.040681567967951304
2023-01-10 22:15:00,s0091,0.018459965825367852
2023-01-10 22:30:00,s0091,0.0073995186692047965
2023-01-10 22:45:00,s0091,0.0
2023-01-10 23:00:00,s0091,0.0470845643969246
2023-01-10 23:15:00,s0091,0.06083396912197786
2023-01-10 23:30:00,s0091,0.05104303648538655
2023-01-10 23:45:00,s0091,0.08779256237320443
2023-01-10 00:00:00,s0092,0.5182740969539864
2023-01-10 00:15:00,s0092,0.5760370802448993
2023-01-10 00:30:00,s0092,0.5906172183997239
2023-01-10 00:45:00,s0092,0.5512548762892747
2023-01-10 01:00:00,s0092,0.5122524434088533
2023-01-10 01:15:00,s0092,0.5103418791213238
2023-01-10 01:30:00,s0092,0.464373994262102
2023-01-10 01:45:00,s0092,0.49205663266746374
2023-01-10 02:00:00,s0092,0.5163978173030523
2023-01-10 02:15:00,s0092,0.49469065389921757
2023-01-10 02:30:00,s0092,0.5048555621896189
2023-01-10 02:45:00,s0092,0.5120490654076626
2023-01-10 03:00:00,s0092,0.6488993200193354
2023-01-10 03:15:00,s0092,0.71854184735679
2023-01-10 03:30:00,s0092,0.8685879806448222
2023-01-10 03:45:00,s0092,1.0
2023-01-10 04:00:00,s0092,0.955133304725618
2023-01-10 04:15:00,s0092,0.9862730775728873
2023-01-10 04:30:00,s0092,0.9357281073155632
2023-01-10 04:45:00,s0092,0.984725118131623
2023-01-10 05:00:00,s0092,1.0
2023-01-10 05:15:00,s0092,0.9998676492340237
2023-01-10 05:30:00,s0092,0.9952725369974733
2023-01-10 05:45:00,s0092,0.9761400008459467
2023-01-10 06:00:00,s0092,1.0
2023-01-10 06:15:00,s0092,0.994134364790487
2023-01-10 06:30:00,s0092,0.8888712073364198
2023-01-10 06:45:00,s0092,0.8693734662968927
2023-01-10 07:00:00,s0092,0.7943823546312818
2023-01-10 07:15:00,s0092,0.797435732265044
2023-01-10 07:30:00,s0092,0.7976417851690303
2023-01-10 07:45:00,s0092,0.7188264153188415
2023-01-10 08:00:00,s0092,0.7823500221703957
2023-01-10 08:15:00,s0092,0.7870173108584491
2023-01-10 08:30:00,s0092,0.8277810445200899
2023-01-10 08:45:00,s0092,0.7794844033481869
2023-01-10 09:00:00,s0092,0.8214610763755548
2023-01-10 09:15:00,s0092,0.8728861460851616
2023-01-10 09:30:00,s0092,0.8594360871925197
2023-01-10 09:45:00,s0092,0.9162167055389308
2023-01-10 10:00:00,s0092,0.8462786821815016
2023-01-10 10:15:00,s0092,0.9086926238224265
2023-01-10 10:30:00,s0092,0.9145241468411807
2023-01-10 10:45:00,s0092,0.8964079538743882
2023-01-10 11:00:00,s0092,0.9554088833534939
2023-01-10 11:15:00,s0092,0.9355810433616206
2023-01-10 11:30:00,s0092,0.9687561939662943
2023-01-10 11:45:00,s0092,0.8634930366236119
2023-01-10 12:00:00,s0092,0.958493037721943
2023-01-10 12:15:00,s0092,1.0
2023-01-10 12:30:00,s0092,1.0000000011409784
2023-01-10 12:45:00,s0092,1.000000002332676
2023-01-10 13:00:00,s0092,0.9148201273730957
2023-01-10 13:15:00,s0092,0.8579445166539735
2023-01-10 13:30:00,s0092,0.8421219765737729
2023-01-10 13:45:00,s0092,0.8707093639479302
2023-01-10 14:00:00,s0092,0.8573604335438061
2023-01-10 14:15:00,s0092,0.9523604340573766
2023-01-10 14:30:00,s0092,0.8708528763925591
2023-01-10 14:45:00,s0092,0.7957262934563001
2023-01-10 15:00:00,s0092,0.7867615953878797
2023-01-10 15:15:00,s0092,0.7202474740437811
2023-01-10 15:30:00,s0092,0.7321395071479257
2023-01-10 15:45:00,s0092,0.6943980284069606
2023-01-10 16:00:00,s0092,0.7409870258496052
2023-01-10 16:15:00,s0092,0.7096638128161639
2023-01-10 16:30:00,s0092,0.6391819465564033
2023-01-10 16:45:00,s0092,0.681276539146509
2023-01-10 17:00:00,s0092,0.648853905010293
2023-01-10 17:15:00,s0092,0.657787082745418
2023-01-10 17:30:00,s0092,0.6432216479975403
2023-01-10 17:45:00,s0092,0.6930114619288892
2023-01-10 18:00:00,s0092,0.7156824538818717
2023-01-10 18:15:00,s0092,0.6785598349183019
2023-01-10 18:30:00,s0092,0.6180593417087157
2023-01-10 18:45:00,s0092,0.5739744276195745
2023-01-10 19:00:00,s0092,0.5704488627983568
2023-01-10 19:15:00,s0092,0.4579545163448733
2023-01-10 19:30:00,s0092,0.42257755525377716
2023-01-10 19:45:00,s0092,0.22944383607044
2023-01-10 20:00:00,s0092,0.07606276587209404
2023-01-10 20:15:00,s0092,0.0
2023-01-10 20:30:00,s0092,0.0
2023-01-10 20:45:00,s0092,0.029098432624674098
2023-01-10 21:00:00,s0092,0.0
2023-01-10 21:15:00,s0092,0.0
2023-01-10 21:30:00,s0092,0.0
2023-01-10 21:45:00,s0092,0.0
2023-01-10 22:00:00,s0092,0.003661104450610908
2023-01-10 22:15:00,s0092,0.0
2023-01-10 22:30:00,s0092,0.0
2023-01-10 22:45:00,s0092,0.0
2023-01-10 23:00:00,s0092,0.0
2023-01-10 23:15:00,s0092,0.040800536978178537
2023-01-10 23:30:00,s0092,0.03886845647798648
2023-01-10 23:45:00,s0092,0.0
2023-01-10 00:00:00,s0093,0.48756237341698755
2023-01-10 00:15:00,s0093,0.5517085954602989
2023-01-10 00:30:00,s0093,0.5994352115829815
2023-01-10 00:45:00,s0093,0.6301704604838736
2023-01-10 01:00:00,s0093,0.5783746319977587
2023-01-10 01:15:00,s0093,0.5763426908898746
2023-01-10 01:30:00,s0093,0.6247595927361949
2023-01-10 01:45:00,s0093,0.6002054999342734
2023-01-10 02:00:00,s0093,0.6941875639266706
2023-01-10 02:15:00,s0093,0.7055121903981515
2023-01-10 02:30:00,s0093,0.663332162633554
2023-01-10 02:45:00,s0093,0.6710902658815248
2023-01-10 03:00:00,s0093,0.7937583288613941
2023-01-10 03:15:00,s0093,0.8471860404382521
2023-01-10 03:30:00,s0093,0.9853549846659719
2023-01-10 03:45:00,s0093,1.0
2023-01-10 04:00:00,s0093,0.9160751951752484
2023-01-10 04:15:00,s0093,0.8367012601697739
2023-01-10 04:30:00,s0093,0.8667975858136647
2023-01-10 04:45:00,s0093,0.7615373456953255
2023-01-10 05:00:00,s0093,0.7794799256087396
2023-01-10 05:15:00,s0093,0.7786859343283378
2023-01-10 05:30:00,s0093,0.7526968440828614
2023-01-10 05:45:00,s0093,0.7913419698104931
2023-01-10 06:00:00,s0093,0.8863419702419627
2023-01-10 06:15:00,s0093,0.8217416617207549
2023-01-10 06:30:00,s0093,0.7797125756881649
2023-01-10 06:45:00,s0093,0.7356495130021886
2023-01-10 07:00:00,s0093,0.7660338212476633
2023-01-10 07:15:00,s0093,0.8236719506950263
2023-01-10 07:30:00,s0093,0.7490183141261187
2023-01-10 07:45:00,s0093,0.7608160875564357
2023-01-10 08:00:00,s0093,0.7210896973361585
2023-01-10 08:15:00,s0093,0.7813184950552703
2023-01-10 08:30:00,s0093,0.8690185966162118
2023-01-10 08:45:00,s0093,0.8219315532934524
2023-01-10 09:00:00,s0093,0.7843159630478299
2023-01-10 09:15:00,s0093,0.803229942216968
2023-01-10 09:30:00,s0093,0.8982299424479767
2023-01-10 09:45:00,s0093,0.911878160425754
2023-01-10 10:00:00,s0093,0.8537896926488312
2023-01-10 10:15:00,s0093,0.7485265350891184
2023-01-10 10:30:00,s0093,0.6507981885153267
2023-01-10 10:45:00,s0093,0.7457981888559714
2023-01-10 11:00:00,s0093,0.6405350314972578
2023-01-10 11:15:00,s0093,0.7042156397526689
2023-01-10 11:30:00,s0093,0.7348120000783565
2023-01-10 11:45:00,s0093,0.6587096083434424
2023-01-10 12:00:00,s0093,0.664562256356418
2023-01-10 12:15:00,s0093,0.5592990995675731
2023-01-10 12:30:00,s0093,0.6478183908820053
2023-01-10 12:45:00,s0093,0.6790284910456972
2023-01-10 13:00:00,s0093,0.654339400289946
2023-01-10 13:15:00,s0093,0.6894544571325223
2023-01-10 13:30:00,s0093,0.6025887703610417
2023-01-10 13:45:00,s0093,0.5493617186874494
2023-01-10 14:00:00,s0093,0.44409856129820136
2023-01-10 14:15:00,s0093,0.4035467205251936
2023-01-10 14:30:00,s0093,0.42545956898712933
2023-01-10 14:45:00,s0093,0.3839675338988111
2023-01-10 15:00:00,s0093,0.31725765949994034
2023-01-10 15:15:00,s0093,0.36643627513911325
2023-01-10 15:30:00,s0093,0.3711809853169211
2023-01-10 15:45:00,s0093,0.34029442142538524
2023-01-10 16:00:00,s0093,0.23503126377390204
2023-01-10 16:15:00,s0093,0.2036778401608218
2023-01-10 16:30:00,s0093,0.17186386905544937
2023-01-10 16:45:00,s0093,0.2160433146120695
2023-01-10 17:00:00,s0093,0.2833017414360356
2023-01-10 17:15:00,s0093,0.2809529467835552
2023-01-10 17:30:00,s0093,0.26834245213167196
2023-01-10 17:45:00,s0093,0.2679333820540135
2023-01-10 18:00:00,s0093,0.1789579585592701
2023-01-10 18:15:00,s0093,0.10629072810879381
2023-01-10 18:30:00,s0093,0.16730361338851085
2023-01-10 18:45:00,s0093,0.053458970246407334
2023-01-10 19:00:00,s0093,0.05822825416093114
2023-01-10 19:15:00,s0093,0.07183036576767599
2023-01-10 19:30:00,s0093,0.16683036577699828
2023-01-10 19:45:00,s0093,0.0
2023-01-10 20:00:00,s0093,0.0
2023-01-10 20:15:00,s0093,0.0
2023-01-10 20:30:00,s0093,0.0
2023-01-10 20:45:00,s0093,0.0
2023-01-10 21:00:00,s0093,0.024439848366277883
2023-01-10 21:15:00,s0093,0.007953298750532689
2023-01-10 21:30:00,s0093,0.0
2023-01-10 21:45:00,s0093,0.0
2023-01-10 22:00:00,s0093,0.02828746614670624
2023-01-10 22:15:00,s0093,0.08310490982528834
2023-01-10 22:30:00,s0093,0.014989387122492703
2023-01-10 22:45:00,s0093,0.04637526413407039
2023-01-10 23:00:00,s0093,0.036020904071753734
2023-01-10 23:15:00,s0093,0.05048500930170596
2023-01-10 23:30:00,s0093,0.0
2023-01-10 23:45:00,s0093,0.01264481564954717
2023-01-10 00:00:00,s0094,0.45955195662610787
2023-01-10 00:15:00,s0094,0.4486448891512877
2023-01-10 00:30:00,s0094,0.36635144049825663
2023-01-10 00:45:00,s0094,0.26722226925364084
2023-01-10 01:00:00,s0094,0.26378811315818873
2023-01-10 01:15:00,s0094,0.2428161985582083
2023-01-10 01:30:00,s0094,0.2943759535200344
2023-01-10 01:45:00,s0094,0.18911285006142392
2023-01-10 02:00:00,s0094,0.20360014051734182
2023-01-10 02:15:00,s0094,0.09833704009612815
2023-01-10 02:30:00,s0094,0.1286878439281548
2023-01-10 02:45:00,s0094,0.04250077890237347
2023-01-10 03:00:00,s0094,0.17031957006286425
2023-01-10 03:15:00,s0094,0.30308639204876303
2023-01-10 03:30:00,s0094,0.4262841317689929
2023-01-10 03:45:00,s0094,0.4955164491053622
2023-01-10 04:00:00,s0094,0.4390442726124222
2023-01-10 04:15:00,s0094,0.379507775789521
2023-01-10 04:30:00,s0094,0.45299097353335616
2023-01-10 04:45:00,s0094,0.4916331009278265
2023-01-10 05:00:00,s0094,0.5286684343166688
2023-01-10 05:15:00,s0094,0.4699632385708764
2023-01-10 05:30:00,s0094,0.5187499459684113
2023-01-10 05:45:00,s0094,0.4962458015629856
2023-01-10 06:00:00,s0094,0.49289052517572973
2023-01-10 06:15:00,s0094,0.4743012246167657
2023-01-10 06:30:00,s0094,0.47835234600700893
2023-01-10 06:45:00,s0094,0.5016911812214195
2023-01-10 07:00:00,s0094,0.49246394564725327
2023-01-10 07:15:00,s0094,0.5138482579476737
2023-01-10 07:30:00,s0094,0.5238108310692595
2023-01-10 07:45:00,s0094,0.5651717388038245
2023-01-10 08:00:00,s0094,0.48730327733111534
2023-01-10 08:15:00,s0094,0.47699845039319133
2023-01-10 08:30:00,s0094,0.3717352926773728
2023-01-10 08:45:00,s0094,0.32915577286050524
2023-01-10 09:00:00,s0094,0.40460445212553886
2023-01-10 09:15:00,s0094,0.4460558425226404
2023-01-10 09:30:00,s0094,0.3725182738759045
2023-01-10 09:45:00,s0094,0.3491623575672408
2023-01-10 10:00:00,s0094,0.24659596282800522
2023-01-10 10:15:00,s0094,0.1413328052682924
2023-01-10 10:30:00,s0094,0.20083900636739505
2023-01-10 10:45:00,s0094,0.1599138489771318
2023-01-10 11:00:00,s0094,0.254913849513155
2023-01-10 11:15:00,s0094,0.24926981297602835
2023-01-10 11:30:00,s0094,0.2617027803705273
2023-01-10 11:45:00,s0094,0.21993685792107798
2023-01-10 12:00:00,s0094,0.25910823906818337
2023-01-10 12:15:00,s0094,0.2583297724448702
2023-01-10 12:30:00,s0094,0.24573988023256577
2023-01-10 12:45:00,s0094,0.29993462080034583
2023-01-10 13:00:00,s0094,0.2822096241086375
2023-01-10 13:15:00,s0094,0.1953525585438206
2023-01-10 13:30:00,s0094,0.17363773656830417
2023-01-10 13:45:00,s0094,0.11269113950477172
2023-01-10 14:00:00,s0094,0.16049101808060295
2023-01-10 14:15:00,s0094,0.23706466820733496
2023-01-10 14:30:00,s0094,0.23429228223352194
2023-01-10 14:45:00,s0094,0.19689548081455432
2023-01-10 15:00:00,s0094,0.2918954811393808
2023-01-10 15:15:00,s0094,0.23920907171631633
2023-01-10 15:30:00,s0094,0.2681120059675335
2023-01-10 15:45:00,s0094,0.21075491310367556
2023-01-10 16:00:00,s0094,0.18891706626805005
2023-01-10 16:15:00,s0094,0.17850091620273145
2023-01-10 16:30:00,s0094,0.19897571393048052
2023-01-10 16:45:00,s0094,0.19735878762694292
2023-01-10 17:00:00,s0094,0.16445751332514047
2023-01-10 17:15:00,s0094,0.19920555761854608
2023-01-10 17:30:00,s0094,0.19299675511837233
2023-01-10 17:45:00,s0094,0.15394359947127412
2023-01-10 18:00:00,s0094,0.10570256439604031
2023-01-10 18:15:00,s0094,0.15380489731744373
2023-01-10 18:30:00,s0094,0.11627069715677596
2023-01-10 18:45:00,s0094,0.024383252438363257
2023-01-10 19:00:00,s0094,0.0
2023-01-10 19:15:00,s0094,0.0
2023-01-10 19:30:00,s0094,0.0
2023-01-10 19:45:00,s0094,0.0
2023-01-10 20:00:00,s0094,0.0
2023-01-10 20:15:00,s0094,0.0
2023-01-10 20:30:00,s0094,0.0
2023-01-10 20:45:00,s0094,0.019887801790589077
2023-01-10 21:00:00,s0094,0.0
2023-01-10 21:15:00,s0094,0.0006653649988196397
2023-01-10 21:30:00,s0094,0.006260525587310439
2023-01-10 21:45:00,s0094,0.0
2023-01-10 22:00:00,s0094,0.0
2023-01-10 22:15:00,s0094,0.05933539140309163
2023-01-10 22:30:00,s0094,0.12005758706200997
2023-01-10 22:45:00,s0094,0.14208707697062378
2023-01-10 23:00:00,s0094,0.18357490816877697
2023-01-10 23:15:00,s0094,0.08650658121696014
2023-01-10 23:30:00,s0094,0.17163268667437492
2023-01-10 23:45:00,s0094,0.10619685643970667
2023-01-10 00:00:00,s0095,0.47330515652096344
2023-01-10 00:15:00,s0095,0.46345631679035904
2023-01-10 00:30:00,s0095,0.5584563187233103
2023-01-10 00:45:00,s0095,0.6436832089912032
2023-01-10 01:00:00,s0095,0.7096304220934777
2023-01-10 01:15:00,s0095,0.6628548568064159
2023-01-10 01:30:00,s0095,0.6072148324089464
2023-01-10 01:45:00,s0095,0.619570909045843
2023-01-10 02:00:00,s0095,0.6381404922234098
2023-01-10 02:15:00,s0095,0.6305627519885966
2023-01-10 02:30:00,s0095,0.7255628069415374
2023-01-10 02:45:00,s0095,0.7098164935039324
2023-01-10 03:00:00,s0095,0.7569991764231254
2023-01-10 03:15:00,s0095,0.899049433670381
2023-01-10 03:30:00,s0095,0.9938175473351976
2023-01-10 03:45:00,s0095,1.0
2023-01-10 04:00:00,s0095,1.0
2023-01-10 04:15:00,s0095,0.9926461641454941
2023-01-10 04:30:00,s0095,0.9848997719302234
2023-01-10 04:45:00,s0095,0.977192971461208
2023-01-10 05:00:00,s0095,0.9966183384040163
2023-01-10 05:15:00,s0095,1.0
2023-01-10 05:30:00,s0095,1.0000000036923176
2023-01-10 05:45:00,s0095,0.9137018080745842
2023-01-10 06:00:00,s0095,0.9295909683098126
2023-01-10 06:15:00,s0095,0.9234459151465604
2023-01-10 06:30:00,s0095,0.8928215229599262
2023-01-10 06:45:00,s0095,0.9695526547063354
2023-01-10 07:00:00,s0095,0.9075395648091594
2023-01-10 07:15:00,s0095,0.9282176709192484
2023-01-10 07:30:00,s0095,0.9395599450006479
2023-01-10 07:45:00,s0095,0.931149527366304
2023-01-10 08:00:00,s0095,0.9058872174957227
2023-01-10 08:15:00,s0095,0.9355142287259273
2023-01-10 08:30:00,s0095,0.9640861170152709
2023-01-10 08:45:00,s0095,1.0
2023-01-10 09:00:00,s0095,0.972516951239023
2023-01-10 09:15:00,s0095,1.0
2023-01-10 09:30:00,s0095,1.0000000002310088
2023-01-10 09:45:00,s0095,1.000000000463052
2023-01-10 10:00:00,s0095,1.000000000796121
2023-01-10 10:15:00,s0095,1.000000001131145
2023-01-10 10:30:00,s0095,0.9606459336899489
2023-01-10 10:45:00,s0095,0.9756184576290716
2023-01-10 11:00:00,s0095,0.9583452687321041
2023-01-10 11:15:00,s0095,0.9868753071399559
2023-01-10 11:30:00,s0095,0.8887536384255634
2023-01-10 11:45:00,s0095,0.8686034329182468
2023-01-10 12:00:00,s0095,0.9017189328387953
2023-01-10 12:15:00,s0095,0.9832478469494004
2023-01-10 12:30:00,s0095,1.0
2023-01-10 12:45:00,s0095,0.9925346898008038
2023-01-10 13:00:00,s0095,1.0
2023-01-10 13:15:00,s0095,1.0000000008288752
2023-01-10 13:30:00,s0095,1.0000000016775281
2023-01-10 13:45:00,s0095,0.9471013427500556
2023-01-10 14:00:00,s0095,1.0
2023-01-10 14:15:00,s0095,1.0000000005135703
2023-01-10 14:30:00,s0095,1.0000000010293513
2023-01-10 14:45:00,s0095,0.9163286261200125
2023-01-10 15:00:00,s0095,0.8894726494441478
2023-01-10 15:15:00,s0095,0.9636788131570374
2023-01-10 15:30:00,s0095,0.9879076022517856
2023-01-10 15:45:00,s0095,0.9569362935057804
2023-01-10 16:00:00,s0095,1.0
2023-01-10 16:15:00,s0095,0.9400055316239355
2023-01-10 16:30:00,s0095,0.9671943539337082
2023-01-10 16:45:00,s0095,1.0
2023-01-10 17:00:00,s0095,1.0000000002018272
2023-01-10 17:15:00,s0095,0.9797908069436786
2023-01-10 17:30:00,s0095,0.9340413773494646
2023-01-10 17:45:00,s0095,0.9172732838462998
2023-01-10 18:00:00,s0095,1.0
2023-01-10 18:15:00,s0095,0.9326745914615364
2023-01-10 18:30:00,s0095,0.955399272169088
2023-01-10 18:45:00,s0095,0.850889938452196
2023-01-10 19:00:00,s0095,0.8427461641695252
2023-01-10 19:15:00,s0095,0.8324369673858829
2023-01-10 19:30:00,s0095,0.8747185506388907
2023-01-10 19:45:00,s0095,0.5860439904038943
2023-01-10 20:00:00,s0095,0.43799000700522417
2023-01-10 20:15:00,s0095,0.360138003511217
2023-01-10 20:30:00,s0095,0.3208470468688015
2023-01-10 20:45:00,s0095,0.29656702368222493
2023-01-10 21:00:00,s0095,0.254415040389642
2023-01-10 21:15:00,s0095,0.34941504350420677
2023-01-10 21:30:00,s0095,0.33260422934343115
2023-01-10 21:45:00,s0095,0.2562244023400811
2023-01-10 22:00:00,s0095,0.34550389873047654
2023-01-10 22:15:00,s0095,0.3958100010282051
2023-01-10 22:30:00,s0095,0.4205461459941444
2023-01-10 22:45:00,s0095,0.3882098339402221
2023-01-10 23:00:00,s0095,0.4688419582169615
2023-01-10 23:15:00,s0095,0.49259581455743695
2023-01-10 23:30:00,s0095,0.44844016608969
2023-01-10 23:45:00,s0095,0.5220444180260781
2023-01-10 00:00:00,s0096,0.44159441490855544
2023-01-10 00:15:00,s0096,0.4269141151025836
2023-01-10 00:30:00,s0096,0.44789135838333094
2023-01-10 00:45:00,s0096,0.46183327795418155
2023-01-10 01:00:00,s0096,0.42421949574593065
2023-01-10 01:15:00,s0096,0.40953430830597515
2023-01-10 01:30:00,s0096,0.3530716834800933
2023-01-10 01:45:00,s0096,0.417645713125114
2023-01-10 02:00:00,s0096,0.5126457719943732
2023-01-10 02:15:00,s0096,0.514607285029687
2023-01-10 02:30:00,s0096,0.5584544295388332
2023-01-10 02:45:00,s0096,0.5983644324021687
2023-01-10 03:00:00,s0096,0.7090063503472415
2023-01-10 03:15:00,s0096,0.7249829999258688
2023-01-10 03:30:00,s0096,0.8921091483971777
2023-01-10 03:45:00,s0096,1.0
2023-01-10 04:00:00,s0096,0.9867369944085278
2023-01-10 04:15:00,s0096,0.9096428940813351
2023-01-10 04:30:00,s0096,0.9436554504939466
2023-01-10 04:45:00,s0096,0.8403921519745693
2023-01-10 05:00:00,s0096,0.8458118005038769
2023-01-10 05:15:00,s0096,0.8837366341220543
2023-01-10 05:30:00,s0096,0.8373459221345966
2023-01-10 05:45:00,s0096,0.7340715444039823
2023-01-10 06:00:00,s0096,0.742264827270217
2023-01-10 06:15:00,s0096,0.6875310371012164
2023-01-10 06:30:00,s0096,0.6715408280722086
2023-01-10 06:45:00,s0096,0.7003869425678082
2023-01-10 07:00:00,s0096,0.7323136125745189
2023-01-10 07:15:00,s0096,0.6744019433790358
2023-01-10 07:30:00,s0096,0.6545462942294891
2023-01-10 07:45:00,s0096,0.6975014685188486
2023-01-10 08:00:00,s0096,0.6867596458566878
2023-01-10 08:15:00,s0096,0.6747429430837759
2023-01-10 08:30:00,s0096,0.6339328310425534
2023-01-10 08:45:00,s0096,0.6425337807126632
2023-01-10 09:00:00,s0096,0.6415465752081997
2023-01-10 09:15:00,s0096,0.5812109269436863
2023-01-10 09:30:00,s0096,0.5013563967012005
2023-01-10 09:45:00,s0096,0.5963563969332437
2023-01-10 10:00:00,s0096,0.6913563972663125
2023-01-10 10:15:00,s0096,0.6746579070487964
2023-01-10 10:30:00,s0096,0.7428676053929043
2023-01-10 10:45:00,s0096,0.6492454652377572
2023-01-10 11:00:00,s0096,0.5439823078790436
2023-01-10 11:15:00,s0096,0.569179258883183
2023-01-10 11:30:00,s0096,0.5327161018479123
2023-01-10 11:45:00,s0096,0.42745294450522975
2023-01-10 12:00:00,s0096,0.39519579478618283
2023-01-10 12:15:00,s0096,0.3461679108964387
2023-01-10 12:30:00,s0096,0.3231674334662842
2023-01-10 12:45:00,s0096,0.38598851302634996
2023-01-10 13:00:00,s0096,0.4293351567977529
2023-01-10 13:15:00,s0096,0.4603137201917703
2023-01-10 13:30:00,s0096,0.4229838318302406
2023-01-10 13:45:00,s0096,0.4543115103995059
2023-01-10 14:00:00,s0096,0.46880585935090024
2023-01-10 14:15:00,s0096,0.43482593210135323
2023-01-10 14:30:00,s0096,0.35399157218720967
2023-01-10 14:45:00,s0096,0.32211386402308617
2023-01-10 15:00:00,s0096,0.3041909493496481
2023-01-10 15:15:00,s0096,0.32210026976133743
2023-01-10 15:30:00,s0096,0.40377649817120953
2023-01-10 15:45:00,s0096,0.45738825150450346
2023-01-10 16:00:00,s0096,0.5148855055225509
2023-01-10 16:15:00,s0096,0.5209396925935301
2023-01-10 16:30:00,s0096,0.48102241147901315
2023-01-10 16:45:00,s0096,0.4617617972835981
2023-01-10 17:00:00,s0096,0.47615198327578223
2023-01-10 17:15:00,s0096,0.5254271841528492
2023-01-10 17:30:00,s0096,0.5660022082688256
2023-01-10 17:45:00,s0096,0.6231304615315454
2023-01-10 18:00:00,s0096,0.6854137729071081
2023-01-10 18:15:00,s0096,0.6937382034166313
2023-01-10 18:30:00,s0096,0.6784123982415647
2023-01-10 18:45:00,s0096,0.6255343810020912
2023-01-10 19:00:00,s0096,0.6562771876506917
2023-01-10 19:15:00,s0096,0.6402591649449239
2023-01-10 19:30:00,s0096,0.6323294920289151
2023-01-10 19:45:00,s0096,0.29449839131339434
2023-01-10 20:00:00,s0096,0.2602612452756819
2023-01-10 20:15:00,s0096,0.17848688768963727
2023-01-10 20:30:00,s0096,0.11208140964055013
2023-01-10 20:45:00,s0096,0.006818252197962893
2023-01-10 21:00:00,s0096,0.04225650219637617
2023-01-10 21:15:00,s0096,0.06528089587225638
2023-01-10 21:30:00,s0096,0.010240046259867741
2023-01-10 21:45:00,s0096,0.0
2023-01-10 22:00:00,s0096,0.0
2023-01-10 22:15:00,s0096,0.03849756833503315
2023-01-10 22:30:00,s0096,0.03342299620370309
2023-01-10 22:45:00,s0096,0.06903566200648159
2023-01-10 23:00:00,s0096,0.11802677187406208
2023-01-10 23:15:00,s0096,0.14601777582086978
2023-01-10 23:30:00,s0096,0.14443608098408928
2023-01-10 23:45:00,s0096,0.2475699408203581
2023-01-10 00:00:00,s0097,0.4796134199130946
2023-01-10 00:15:00,s0097,0.46135725666282035
2023-01-10 00:30:00,s0097,0.4694243989646428
2023-01-10 00:45:00,s0097,0.3948730094442619
2023-01-10 01:00:00,s0097,0.3407941911068825
2023-01-10 01:15:00,s0097,0.4357942469779218
2023-01-10 01:30:00,s0097,0.43820439327610305
2023-01-10 01:45:00,s0097,0.41660915157485
2023-01-10 02:00:00,s0097,0.45576637638813877
2023-01-10 02:15:00,s0097,0.550766433861662
2023-01-10 02:30:00,s0097,0.5515246735898865
2023-01-10 02:45:00,s0097,0.4914620291472147
2023-01-10 03:00:00,s0097,0.6085638778343897
2023-01-10 03:15:00,s0097,0.7259424666334601
2023-01-10 03:30:00,s0097,0.8126054382213747
2023-01-10 03:45:00,s0097,1.0
2023-01-10 04:00:00,s0097,1.0
2023-01-10 04:15:00,s0097,0.9828381560224277
2023-01-10 04:30:00,s0097,0.9438513528648612
2023-01-10 04:45:00,s0097,1.0
2023-01-10 05:00:00,s0097,0.8947368454332543
2023-01-10 05:15:00,s0097,0.9093114640518318
2023-01-10 05:30:00,s0097,0.9951723317123022
2023-01-10 05:45:00,s0097,1.0
2023-01-10 06:00:00,s0097,0.9929032142159586
2023-01-10 06:15:00,s0097,0.9515425531436751
2023-01-10 06:30:00,s0097,0.9087396353914717
2023-01-10 06:45:00,s0097,0.8668835095779088
2023-01-10 07:00:00,s0097,0.8200122595529621
2023-01-10 07:15:00,s0097,0.8285456629749361
2023-01-10 07:30:00,s0097,0.836604814399442
2023-01-10 07:45:00,s0097,0.8393435413119261
2023-01-10 08:00:00,s0097,0.8076925883574053
2023-01-10 08:15:00,s0097,0.8055844190511153
2023-01-10 08:30:00,s0097,0.8120379993177955
2023-01-10 08:45:00,s0097,0.9052058254198959
2023-01-10 09:00:00,s0097,0.9246481177702546
2023-01-10 09:15:00,s0097,0.8967511985885455
2023-01-10 09:30:00,s0097,0.9305809162614582
2023-01-10 09:45:00,s0097,0.8590609896216251
2023-01-10 10:00:00,s0097,0.867803184558422
2023-01-10 10:15:00,s0097,0.8770959699085057
2023-01-10 10:30:00,s0097,0.9379060235312686
2023-01-10 10:45:00,s0097,0.8326428659771765
2023-01-10 11:00:00,s0097,0.8619792826517424
2023-01-10 11:15:00,s0097,0.7567161253019199
2023-01-10 11:30:00,s0097,0.6514529679575223
2023-01-10 11:45:00,s0097,0.6363779391750177
2023-01-10 12:00:00,s0097,0.6649063443659848
2023-01-10 12:15:00,s0097,0.7113885928161521
2023-01-10 12:30:00,s0097,0.7596333833010536
2023-01-10 12:45:00,s0097,0.7191464373198545
2023-01-10 13:00:00,s0097,0.814146438131076
2023-01-10 13:15:00,s0097,0.7917565639080104
2023-01-10 13:30:00,s0097,0.7907425547585867
2023-01-10 13:45:00,s0097,0.8857425556295067
2023-01-10 14:00:00,s0097,0.9807425561349954
2023-01-10 14:15:00,s0097,1.0
2023-01-10 14:30:00,s0097,1.0000000005157808
2023-01-10 14:45:00,s0097,0.9468962817338986
2023-01-10 15:00:00,s0097,0.9288984760073404
2023-01-10 15:15:00,s0097,0.9294302577945285
2023-01-10 15:30:00,s0097,0.9336790375650594
2023-01-10 15:45:00,s0097,1.0
2023-01-10 16:00:00,s0097,0.9828053045477391
2023-01-10 16:15:00,s0097,0.9354142039949012
2023-01-10 16:30:00,s0097,0.9071453130420701
2023-01-10 16:45:00,s0097,0.8018821553978412
2023-01-10 17:00:00,s0097,0.8656353590826444
2023-01-10 17:15:00,s0097,0.760372201390906
2023-01-10 17:30:00,s0097,0.8359501038551044
2023-01-10 17:45:00,s0097,0.8558299101635508
2023-01-10 18:00:00,s0097,0.858010500693104
2023-01-10 18:15:00,s0097,0.8700625359216496
2023-01-10 18:30:00,s0097,0.9520812605288627
2023-01-10 18:45:00,s0097,0.7739332164898802
2023-01-10 19:00:00,s0097,0.868933216499217
2023-01-10 19:15:00,s0097,0.7526200713973598
2023-01-10 19:30:00,s0097,0.7793757143326946
2023-01-10 19:45:00,s0097,0.5727854754513808
2023-01-10 20:00:00,s0097,0.4549167090123879
2023-01-10 20:15:00,s0097,0.4085676430222137
2023-01-10 20:30:00,s0097,0.42918738150299784
2023-01-10 20:45:00,s0097,0.44485795566115555
2023-01-10 21:00:00,s0097,0.3401135003195587
2023-01-10 21:15:00,s0097,0.2531841943420717
2023-01-10 21:30:00,s0097,0.21342350860039416
2023-01-10 21:45:00,s0097,0.17610103985530218
2023-01-10 22:00:00,s0097,0.19259707943161053
2023-01-10 22:15:00,s0097,0.21329670052927657
2023-01-10 22:30:00,s0097,0.14402714425590768
2023-01-10 22:45:00,s0097,0.03876398902848199
2023-01-10 23:00:00,s0097,0.07802882332126598
2023-01-10 23:15:00,s0097,0.15222372264244116
2023-01-10 23:30:00,s0097,0.21381587583418188
2023-01-10 23:45:00,s0097,0.16781636919058662
2023-01-10 00:00:00,s0098,0.39473684210526316
2023-01-10 00:15:00,s0098,0.2894736842105263
2023-01-10 00:30:00,s0098,0.2897141198165029
2023-01-10 00:45:00,s0098,0.33626934390908797
2023-01-10 01:00:00,s0098,0.34088518256658296
2023-01-10 01:15:00,s0098,0.23562208054288536
2023-01-10 01:30:00,s0098,0.18580443060173352
2023-01-10 01:45:00,s0098,0.15402055502705364
2023-01-10 02:00:00,s0098,0.15314195274286724
2023-01-10 02:15:00,s0098,0.16996723808164582
2023-01-10 02:30:00,s0098,0.219058678292109
2023-01-10 02:45:00,s0098,0.11379558251513144
2023-01-10 03:00:00,s0098,0.12197018308517293
2023-01-10 03:15:00,s0098,0.20970965844423073
2023-01-10 03:30:00,s0098,0.26458281593384625
2023-01-10 03:45:00,s0098,0.4912476482757583
2023-01-10 04:00:00,s0098,0.558274804707051
2023-01-10 04:15:00,s0098,0.5736585634352991
2023-01-10 04:30:00,s0098,0.5116570193948222
2023-01-10 04:45:00,s0098,0.5919717219193829
2023-01-10 05:00:00,s0098,0.5846517309096939
2023-01-10 05:15:00,s0098,0.6796517343839581
2023-01-10 05:30:00,s0098,0.6871851579327258
2023-01-10 05:45:00,s0098,0.6232211593688115
2023-01-10 06:00:00,s0098,0.6266108821796683
2023-01-10 06:15:00,s0098,0.5669943192679507
2023-01-10 06:30:00,s0098,0.5412568921392324
2023-01-10 06:45:00,s0098,0.4869631826510924
2023-01-10 07:00:00,s0098,0.4261343100834657
2023-01-10 07:15:00,s0098,0.43691314624824273
2023-01-10 07:30:00,s0098,0.5170904508576069
2023-01-10 07:45:00,s0098,0.44229451181420776
2023-01-10 08:00:00,s0098,0.5372945119917846
2023-01-10 08:15:00,s0098,0.5605033334800469
2023-01-10 08:30:00,s0098,0.5349278191777639
2023-01-10 08:45:00,s0098,0.5253665809772737
2023-01-10 09:00:00,s0098,0.5902038898117953
2023-01-10 09:15:00,s0098,0.6422062072422693
2023-01-10 09:30:00,s0098,0.6271395513050986
2023-01-10 09:45:00,s0098,0.590883429724997
2023-01-10 10:00:00,s0098,0.6858834300580657
2023-01-10 10:15:00,s0098,0.7808834303930897
2023-01-10 10:30:00,s0098,0.8578584299526097
2023-01-10 10:45:00,s0098,0.9493576654091325
2023-01-10 11:00:00,s0098,1.0
2023-01-10 11:15:00,s0098,0.943794174671289
2023-01-10 11:30:00,s0098,1.0
2023-01-10 11:45:00,s0098,1.0000000005520544
2023-01-10 12:00:00,s0098,1.0000000016503856
2023-01-10 12:15:00,s0098,1.0000000027562777
2023-01-10 12:30:00,s0098,0.9656664596237855
2023-01-10 12:45:00,s0098,0.9765629108098831
2023-01-10 13:00:00,s0098,0.9463068502355815
2023-01-10 13:15:00,s0098,0.9150609282599393
2023-01-10 13:30:00,s0098,0.9250175232937702
2023-01-10 13:45:00,s0098,0.9516395792019914
2023-01-10 14:00:00,s0098,0.9958233281536107
2023-01-10 14:15:00,s0098,0.9096044675299269
2023-01-10 14:30:00,s0098,0.9208418783053828
2023-01-10 14:45:00,s0098,0.9069702158078695
2023-01-10 15:00:00,s0098,0.9270479724148795
2023-01-10 15:15:00,s0098,0.9566168626258482
2023-01-10 15:30:00,s0098,0.8567668840991935
2023-01-10 15:45:00,s0098,0.8763184224779371
2023-01-10 16:00:00,s0098,0.9066868477179915
2023-01-10 16:15:00,s0098,0.8584886979104523
2023-01-10 16:30:00,s0098,0.9392756141803547
2023-01-10 16:45:00,s0098,0.9705155214756471
2023-01-10 17:00:00,s0098,0.9612180131829178
2023-01-10 17:15:00,s0098,0.94393347113243
2023-01-10 17:30:00,s0098,0.9112988877702825
2023-01-10 17:45:00,s0098,0.9541020723166769
2023-01-10 18:00:00,s0098,0.9576188089473948
2023-01-10 18:15:00,s0098,0.9259998178356662
2023-01-10 18:30:00,s0098,0.9494789536266957
2023-01-10 18:45:00,s0098,0.8257173553810767
2023-01-10 19:00:00,s0098,0.8423034184873652
2023-01-10 19:15:00,s0098,0.7170852932080914
2023-01-10 19:30:00,s0098,0.715098407969113
2023-01-10 19:45:00,s0098,0.5050639422553536
2023-01-10 20:00:00,s0098,0.48452376919767237
2023-01-10 20:15:00,s0098,0.4449914611490525
2023-01-10 20:30:00,s0098,0.4600639363734128
2023-01-10 20:45:00,s0098,0.4739193057574797
2023-01-10 21:00:00,s0098,0.4711593974979162
2023-01-10 21:15:00,s0098,0.49954976922045086
2023-01-10 21:30:00,s0098,0.4330063461902764
2023-01-10 21:45:00,s0098,0.43702859369103897
2023-01-10 22:00:00,s0098,0.3713743922660504
2023-01-10 22:15:00,s0098,0.4218687111388448
2023-01-10 22:30:00,s0098,0.4278646381614806
2023-01-10 22:45:00,s0098,0.42933835662147835
2023-01-10 23:00:00,s0098,0.48840591378018516
2023-01-10 23:15:00,s0098,0.4407093422837752
2023-01-10 23:30:00,s0098,0.4502535566960657
2023-01-10 23:45:00,s0098,0.4148545675551772
2023-01-10 00:00:00,s0099,0.46815629433574646
2023-01-10 00:15:00,s0099,0.3628931364410096
2023-01-10 00:30:00,s0099,0.39778374418040163
2023-01-10 00:45:00,s0099,0.4076146928930766
2023-01-10 01:00:00,s0099,0.39873426603646167
2023-01-10 01:15:00,s0099,0.4282867082381045
2023-01-10 01:30:00,s0099,0.43244104414310436
2023-01-10 01:45:00,s0099,0.4571437301246666
2023-01-10 02:00:00,s0099,0.4631720696453364
2023-01-10 02:15:00,s0099,0.3910390625386754
2023-01-10 02:30:00,s0099,0.385687286931118
2023-01-10 02:45:00,s0099,0.28042419115414036
2023-01-10 03:00:00,s0099,0.41006665173150686
2023-01-10 03:15:00,s0099,0.5022197418666922
2023-01-10 03:30:00,s0099,0.7161011113324032
2023-01-10 03:45:00,s0099,0.9028358679055274
2023-01-10 04:00:00,s0099,0.9443828687701415
2023-01-10 04:15:00,s0099,0.839120203130076
2023-01-10 04:30:00,s0099,0.8721718034340029
2023-01-10 04:45:00,s0099,0.8823703445677614
2023-01-10 05:00:00,s0099,0.8662629061544284
2023-01-10 05:15:00,s0099,0.8356884376599172
2023-01-10 05:30:00,s0099,0.7931570608885415
2023-01-10 05:45:00,s0099,0.7881070239690655
2023-01-10 06:00:00,s0099,0.7944307023038699
2023-01-10 06:15:00,s0099,0.8894307027386107
2023-01-10 06:30:00,s0099,0.943333309906166
2023-01-10 06:45:00,s0099,0.9633561208359984
2023-01-10 07:00:00,s0099,1.0
2023-01-10 07:15:00,s0099,0.9770941169450604
2023-01-10 07:30:00,s0099,0.9764782898164073
2023-01-10 07:45:00,s0099,0.9917858101311864
2023-01-10 08:00:00,s0099,1.0
2023-01-10 08:15:00,s0099,1.0000000001782472
2023-01-10 08:30:00,s0099,1.0000000003571654
2023-01-10 08:45:00,s0099,1.000000000536755
2023-01-10 09:00:00,s0099,1.0000000007652048
2023-01-10 09:15:00,s0099,0.9241780267083278
2023-01-10 09:30:00,s0099,0.8813748094459659
2023-01-10 09:45:00,s0099,0.8842516455254115
2023-01-10 10:00:00,s0099,0.7992781064240486
2023-01-10 10:15:00,s0099,0.8162762531671965
2023-01-10 10:30:00,s0099,0.7110130956100509
2023-01-10 10:45:00,s0099,0.7158858995622319
2023-01-10 11:00:00,s0099,0.6106227422035184
2023-01-10 11:15:00,s0099,0.5144305407700672
2023-01-10 11:30:00,s0099,0.6094305413204064
2023-01-10 11:45:00,s0099,0.5260727422797818
2023-01-10 12:00:00,s0099,0.621072743378113
2023-01-10 12:15:00,s0099,0.6188610141480979
2023-01-10 12:30:00,s0099,0.6072232849400174
2023-01-10 12:45:00,s0099,0.5140209235631557
2023-01-10 13:00:00,s0099,0.5126428480057463
2023-01-10 13:15:00,s0099,0.45709199120838195
2023-01-10 13:30:00,s0099,0.42065083438619166
2023-01-10 13:45:00,s0099,0.37318262813440306
2023-01-10 14:00:00,s0099,0.3211034081544867
2023-01-10 14:15:00,s0099,0.21584025077332025
2023-01-10 14:30:00,s0099,0.28968360821523054
2023-01-10 14:45:00,s0099,0.31564992690465743
2023-01-10 15:00:00,s0099,0.3526378569748899
2023-01-10 15:15:00,s0099,0.3850990055161141
2023-01-10 15:30:00,s0099,0.4457667492065993
2023-01-10 15:45:00,s0099,0.45205727091820824
2023-01-10 16:00:00,s0099,0.4739833733158956
2023-01-10 16:15:00,s0099,0.49909435234042365
2023-01-10 16:30:00,s0099,0.4871005623564667
2023-01-10 16:45:00,s0099,0.5378036402412519
2023-01-10 17:00:00,s0099,0.5254209474610405
2023-01-10 17:15:00,s0099,0.5914389547976469
2023-01-10 17:30:00,s0099,0.6664643339949439
2023-01-10 17:45:00,s0099,0.6307643165400268
2023-01-10 18:00:00,s0099,0.6129739318706029
2023-01-10 18:15:00,s0099,0.617533454119094
2023-01-10 18:30:00,s0099,0.5428445213602022
2023-01-10 18:45:00,s0099,0.5558818069355983
2023-01-10 19:00:00,s0099,0.6148456081746663
2023-01-10 19:15:00,s0099,0.6284477197814111
2023-01-10 19:30:00,s0099,0.6063692772213389
2023-01-10 19:45:00,s0099,0.4330266215280233
2023-01-10 20:00:00,s0099,0.30956828149656473
2023-01-10 20:15:00,s0099,0.31384384286266687
2023-01-10 20:30:00,s0099,0.3149067407738201
2023-01-10 20:45:00,s0099,0.3449163308641438
2023-01-10 21:00:00,s0099,0.3475112375457491
2023-01-10 21:15:00,s0099,0.27487232058118233
2023-01-10 21:30:00,s0099,0.35741717309028287
2023-01-10 21:45:00,s0099,0.4103759819868262
2023-01-10 22:00:00,s0099,0.3760006793635516
2023-01-10 22:15:00,s0099,0.38782587110004463
2023-01-10 22:30:00,s0099,0.45253585587678447
2023-01-10 22:45:00,s0099,0.3525488573562993
2023-01-10 23:00:00,s0099,0.4488856000414317
2023-01-10 23:15:00,s0099,0.5006954461084115
2023-01-10 23:30:00,s0099,0.5255878681159487
2023-01-10 23:45:00,s0099,0.4726961341627108
2023-01-10 00:00:00,s0100,0.4777667937297855
2023-01-10 00:15:00,s0100,0.4373081335238379
2023-01-10 00:30:00,s0100,0.3381113675933371
2023-01-10 00:45:00,s0100,0.31051489934896614
2023-01-10 01:00:00,s0100,0.20980740997128522
2023-01-10 01:15:00,s0100,0.14613619159135827
2023-01-10 01:30:00,s0100,0.040873088914553435
2023-01-10 01:45:00,s0100,0.016969348957889263
2023-01-10 02:00:00,s0100,0.0
2023-01-10 02:15:00,s0100,0.0
2023-01-10 02:30:00,s0100,0.0
2023-01-10 02:45:00,s0100,0.0
2023-01-10 03:00:00,s0100,0.032442190146453775
2023-01-10 03:15:00,s0100,0.1226283599314405
2023-01-10 03:30:00,s0100,0.23498497668782659
2023-01-10 03:45:00,s0100,0.4235683101735511
2023-01-10 04:00:00,s0100,0.43508858020224894
2023-01-10 04:15:00,s0100,0.42175091593978475
2023-01-10 04:30:00,s0100,0.42144430110323794
2023-01-10 04:45:00,s0100,0.46897337062494215
2023-01-10 05:00:00,s0100,0.4812968987980414
2023-01-10 05:15:00,s0100,0.47314159495605623
2023-01-10 05:30:00,s0100,0.5227390406583865
2023-01-10 05:45:00,s0100,0.5466864936367593
2023-01-10 06:00:00,s0100,0.4572288854558648
2023-01-10 06:15:00,s0100,0.4497825306129726
2023-01-10 06:30:00,s0100,0.4826068663491395
2023-01-10 06:45:00,s0100,0.4613198791723331
2023-01-10 07:00:00,s0100,0.42807334379034057
2023-01-10 07:15:00,s0100,0.38009268235124727
2023-01-10 07:30:00,s0100,0.2818627480194251
2023-01-10 07:45:00,s0100,0.3768627482670235
2023-01-10 08:00:00,s0100,0.39841641539023287
2023-01-10 08:15:00,s0100,0.29315325767374323
2023-01-10 08:30:00,s0100,0.18789009995792472
2023-01-10 08:45:00,s0100,0.14905887888164693
2023-01-10 09:00:00,s0100,0.11621275089292071
2023-01-10 09:15:00,s0100,0.010949593228022247
2023-01-10 09:30:00,s0100,0.021601038055352628
2023-01-10 09:45:00,s0100,0.0
2023-01-10 10:00:00,s0100,0.04678286068402815
2023-01-10 10:15:00,s0100,0.015247273474577883
2023-01-10 10:30:00,s0100,0.04852186319094853
2023-01-10 10:45:00,s0100,0.05090083314442406
2023-01-10 11:00:00,s0100,0.14590083368044726
2023-01-10 11:15:00,s0100,0.07438221386017785
2023-01-10 11:30:00,s0100,0.16938221441051704
2023-01-10 11:45:00,s0100,0.06634927746449026
2023-01-10 12:00:00,s0100,0.0
2023-01-10 12:15:00,s0100,0.0
2023-01-10 12:30:00,s0100,0.0
2023-01-10 12:45:00,s0100,0.07779334778223779
2023-01-10 13:00:00,s0100,0.0
2023-01-10 13:15:00,s0100,0.050654911562774796
2023-01-10 13:30:00,s0100,0.046603789274715646
2023-01-10 13:45:00,s0100,0.0392865719933827
2023-01-10 14:00:00,s0100,0.08726192535802813
2023-01-10 14:15:00,s0100,0.13839266155285357
2023-01-10 14:30:00,s0100,0.15217374097033776
2023-01-10 14:45:00,s0100,0.24520080165749647
2023-01-10 15:00:00,s0100,0.3199200846841075
2023-01-10 15:15:00,s0100,0.3564084319425106
2023-01-10 15:30:00,s0100,0.37913556973364215
2023-01-10 15:45:00,s0100,0.3058299863029349
2023-01-10 16:00:00,s0100,0.2488824296235922
2023-01-10 16:15:00,s0100,0.1707671512029274
2023-01-10 16:30:00,s0100,0.15234710861564094
2023-01-10 16:45:00,s0100,0.11177290980281707
2023-01-10 17:00:00,s0100,0.010973092627567738
2023-01-10 17:15:00,s0100,0.0
2023-01-10 17:30:00,s0100,0.028859066724061577
2023-01-10 17:45:00,s0100,0.0147654782805281
2023-01-10 18:00:00,s0100,0.0
2023-01-10 18:15:00,s0100,0.0
2023-01-10 18:30:00,s0100,0.0
2023-01-10 18:45:00,s0100,0.0
2023-01-10 19:00:00,s0100,0.0
2023-01-10 19:15:00,s0100,0.0
2023-01-10 19:30:00,s0100,0.0
2023-01-10 19:45:00,s0100,0.0
2023-01-10 20:00:00,s0100,0.0
2023-01-10 20:15:00,s0100,0.0
2023-01-10 20:30:00,s0100,0.0015033454538317392
2023-01-10 20:45:00,s0100,0.07030634095574667
2023-01-10 21:00:00,s0100,0.030759205590382976
2023-01-10 21:15:00,s0100,0.0
2023-01-10 21:30:00,s0100,0.0
2023-01-10 21:45:00,s0100,0.0
2023-01-10 22:00:00,s0100,0.0
2023-01-10 22:15:00,s0100,0.0
2023-01-10 22:30:00,s0100,0.0
2023-01-10 22:45:00,s0100,0.0
2023-01-10 23:00:00,s0100,0.04961088228919913
2023-01-10 23:15:00,s0100,0.0
2023-01-10 23:30:00,s0100,0.0
2023-01-10 23:45:00,s0100,0.0
