file,mode,epsilon,mean_cost_eur,var95_cost_eur,cvar95_cost_eur,trafo_violation_rate_mean,n_trajectories,n_steps
v3_summary_drcc_false.csv,stochastic,,825.3265485755119,831.1551668748357,832.8538472569132,0.10934375,1000,96
v3_summary_drcc_true_epsilon_0_05.csv,drcc_true,0.05,883.2593995752917,893.2901375315089,895.7215949179484,0.06421875,1000,96
v3_summary_drcc_true_epsilon_0_10.csv,drcc_true,0.1,882.7927829195261,894.2954366669373,897.3859957218687,0.08089583333333333,1000,96
v3_summary_drcc_true_epsilon_0_20.csv,drcc_true,0.2,865.6434098647,875.3098702861465,877.4164626206408,0.08652083333333332,1000,96
v3_summary_drcc_true_epsilon_0_30.csv,drcc_true,0.3,855.9752030677939,864.0061044087404,866.2616678990732,0.09392708333333333,1000,96
