epsilon,label,da_import_cost_mean,rt_imbalance_cost_mean,rt_pv_cost_mean,rt_bess_cost_mean,trafo_steps,line_steps,trafo_violation_probability_pct,horizon_timesteps,total_rt_cost_mean,is_deterministic,trafo_cvar90_loading_pct,trafo_cvar95_loading_pct,trafo_violation_excess_cvar90_pct,trafo_violation_excess_cvar95_pct,plot_order,import_cost_eur_mean,pv_rt_curt_cost_eur_mean,bess_rt_cycle_cost_eur_mean,total_cost_eur_mean,voltage_steps,line_steps_legacy,trafo_steps_legacy
,deterministic,811.036229911677,13.754568591179442,0.2600503989848955,0.27569967367046255,10497,3055,10.934375000000001,96,14.290318663834801,1,86.20446014404297,90.40547943115234,7.973426818847656,9.216442108154297,0,,,,,,,
0.3,0.30,810.4366004952333,37.57190773331636,7.7616150658017204,0.20507977344258596,9017,3055,9.392708333333333,96,45.53860257256066,0,86.20446014404297,90.40547943115234,7.973426818847656,9.216442108154297,1,820.9699289150557,7.932868917880154,0.0,828.9027978329358,0.0,3055.0,9017.0
0.2,0.20,810.1552757695991,44.90907647087856,10.406347819009314,0.17270980521278023,8306,3055,8.652083333333334,96,55.488134095100655,0,84.16856384277344,88.42606353759766,8.060750961303711,9.49299430847168,2,824.4575403835577,10.634029191807157,0.0,835.0915695753648,0.0,3055.0,8306.0
0.1,0.10,809.4153536130799,55.921873593352174,17.321716802511308,0.13383891058253666,7766,3055,8.089583333333334,96,73.37742930644602,0,83.24415588378906,87.41780090332031,8.087246894836426,9.746805191040039,3,830.2840337797855,17.319995897175765,0.0,847.6040296769613,0.0,3055.0,7766.0
0.05,0.05,808.1115154953092,60.669938651281655,14.383580122553132,0.09436530614795365,6165,3055,6.421875000000001,96,75.14788407998273,0,82.48501586914062,86.11647033691406,8.038416862487793,9.495631217956543,4,824.1656451056157,14.254710553763767,0.0,838.4203556593794,0.0,3055.0,6165.0
