import_cost_eur_mean,pv_rt_curt_cost_eur_mean,bess_rt_cycle_cost_eur_mean,total_cost_eur_mean,voltage_steps,line_steps,trafo_steps,epsilon
842.9461157042305,7.045259103793853,0.0,849.9913748080244,0,0,0,0.05
844.711375906192,6.11054352040619,0.0,850.8219194265981,0,0,0,0.1
842.7936457546307,4.19591722290424,0.0,846.9895629775349,0,0,0,0.15
843.2590797297883,3.3164892800189483,0.0,846.5755690098072,0,0,0,0.2
844.430835792311,2.8494319984732863,0.0,847.2802677907843,0,0,0,0.25
