epsilon,label,da_import_cost_mean,rt_imbalance_cost_mean,rt_pv_cost_mean,rt_bess_cost_mean,trafo_steps,line_steps,trafo_violation_probability_pct,horizon_timesteps,total_rt_cost_mean,is_deterministic,trafo_cvar90_loading_pct,trafo_cvar95_loading_pct,trafo_violation_excess_cvar90_pct,trafo_violation_excess_cvar95_pct,plot_order,import_cost_eur_mean,pv_rt_curt_cost_eur_mean,bess_rt_cycle_cost_eur_mean,total_cost_eur_mean,voltage_steps,line_steps_legacy,trafo_steps_legacy
0.3,0.30,836.4536935935423,160.52556138699134,1.4823118365290824,0.23564017986618144,13004,90639,13.545833333333333,96,162.2435134033866,0,87.94905853271484,91.80413055419922,7.87369966506958,8.96468448638916,0,842.3757304057513,1.583566989796375,0.0,843.9592973955477,0,90639,13004
0.25,0.25,836.4647970663444,157.7186008617254,2.7091998228347873,0.21912930258957425,12887,90435,13.423958333333333,96,160.64692998714978,0,88.0706558227539,91.88038635253906,7.701685428619385,8.752878189086914,1,844.5196013771504,2.8493602172993038,0.0,847.3689615944496,0,90435,12887
0.2,0.20,836.479374325208,152.15473792155527,3.1561338892707362,0.19236401063530845,11315,90414,11.786458333333332,96,155.50323582146132,0,86.7221908569336,90.56784057617188,7.861640930175781,9.056536674499512,2,843.354512611076,3.316400223043507,0.0,846.6709128341195,0,90414,11315
0.15,0.15,836.5058883760906,146.82414566297206,4.010993103465191,0.16682149604367408,10318,90345,10.747916666666667,96,151.0019602624809,0,85.89887237548828,89.76284790039062,8.00034236907959,9.265932083129883,3,842.9107791603594,4.1957918864646535,0.0,847.1065710468241,0,90345,10318
0.1,0.10,836.573471812013,143.19432727202624,5.97699899729545,0.14492014007736767,9900,90101,10.3125,96,149.31624640939907,0,85.38214874267578,89.13479614257812,8.167682647705078,9.49512767791748,4,844.8818003258237,6.111423233561332,0.0,850.9932235593851,0,90101,9900
0.05,0.05,836.8574948604014,134.25415679253993,6.950086146815165,0.10902023703098226,8129,90004,8.467708333333333,96,141.31326317638607,0,84.58007049560547,88.27316284179688,8.319443702697754,9.809685707092285,5,843.3320513644873,7.046261425407316,0.0,850.3783127898946,0,90004,8129
