import_mwh,energy_cost_eur,peak_import_mw,pv_energy_mwh,hp_resid_energy_mwh_abs,avg_temp_c,v_min_pu,v_max_pu,max_line_loading_pct,max_trafo_loading_pct,max_trafo_loading_pct_optionA,steps_line_over_80pct,steps_trafo_over_80pct,loading_violation_threshold_pct,steps_voltage_violation,pv_curtail_mwh,bess_rt_energy_throughput_mwh,imbalance_mwh,bess_soc_clip_steps,residual_policy_std,residual_policy_frac_negative,da_energy_cost_eur,rt_pv_curtail_cost_eur,rt_imbalance_cost_eur,rt_bess_cycle_cost_eur,total_cost_eur,sample_id,n_steps,flex_baseline_energy_mwh,flex_realized_energy_mwh,flex_curtail_energy_mwh,flex_avg_curtailment_mw,flex_peak_curtailment_mw,flex_energy_curtailed_pct,flex_ycap_energy_mwh
7.120397324035613,799.6159337033996,0.36794141685712134,0.37125225320157834,0.22168166679855356,-4.924578508684824,1.0,1.0161208598758036,73.42116741905113,76.54017680381445,76.54017680381445,0,0,80.0,0,0.0,0.0902799204981278,0.23926964675148593,0,0.014956261553415149,0.4583333333333333,804.6562296201278,0.0,33.76932382253989,0.4604275945404518,838.8859810372081,s0001,96,0.18662381999999994,0.13125367509954264,0.05537014490047213,0.0023070893708530054,0.0516968867391885,29.66938780937618,0.05537014490047238
7.151523407667778,802.4155362510489,0.3789479081606898,0.40323201896887817,0.24980727328128532,-4.779471613416457,1.0,1.016107450928609,77.76317697623232,77.90045586309918,77.90045586309918,0,0,80.0,0,0.0,0.09865866036324362,0.24235695115793696,0,0.016448988926985663,0.4375,804.6562296201278,0.0,34.18417813965495,0.5031591678525426,839.3435669276353,s0002,96,0.18662381999999994,0.13125367509954264,0.05537014490047213,0.0023070893708530054,0.0516968867391885,29.66938780937618,0.05537014490047238
7.179877416812959,805.7864564155943,0.39030839829950015,0.35285646955865446,0.2737353969910389,-4.8266916909954185,1.0,1.016384307844931,77.44465820008848,78.98534490272957,78.98534490272957,0,0,80.0,0,0.0,0.09165430686903404,0.2863489546933663,0,0.017171105962250043,0.4583333333333333,804.6562296201278,0.0,40.315235370496865,0.4674369650320733,845.4389019556568,s0003,96,0.18662381999999994,0.13125367509954264,0.05537014490047213,0.0023070893708530054,0.0516968867391885,29.66938780937618,0.05537014490047238
7.151826555971466,801.9029038438568,0.36262981819540535,0.3444007293820355,0.23044461150015388,-4.8452164307416306,1.0,1.0169426787466704,75.98915789140615,82.011638492619,82.011638492619,0,1,80.0,0,0.0,0.0891462456851088,0.24321615645930422,0,0.014825263039363257,0.4791666666666667,804.6562296201278,0.0,33.87782403928707,0.45464585299405486,838.9886995124089,s0004,96,0.18662381999999994,0.13125367509954264,0.05537014490047213,0.0023070893708530054,0.0516968867391885,29.66938780937618,0.05537014490047238
7.132121926569392,800.489834032009,0.365369148362525,0.3541731880620054,0.229966736367032,-4.786286687200612,1.0,1.0152592725053562,74.51294077274515,73.7144075040479,73.7144075040479,0,0,80.0,0,0.0,0.09923182277489391,0.2574479190775274,0,0.01671824781930558,0.46875,804.6562296201278,0.0,35.64482650219194,0.5060822961519591,840.8071384184716,s0005,96,0.18662381999999994,0.13125367509954264,0.05537014490047213,0.0023070893708530054,0.0516968867391885,29.66938780937618,0.05537014490047238
7.170331451730078,804.8496058218061,0.36769228765098,0.3417613293254491,0.2687712377352282,-4.86228348044469,1.0,1.016131240830374,75.00334269433432,76.59489630199087,76.59489630199087,0,0,80.0,0,0.0,0.10173812524707734,0.2802190684140802,0,0.01793335556716785,0.4583333333333333,804.6562296201278,0.0,38.89488301780757,0.5188644387600947,844.0699770766955,s0006,96,0.18662381999999994,0.13125367509954264,0.05537014490047213,0.0023070893708530054,0.0516968867391885,29.66938780937618,0.05537014490047238
7.120867712009389,799.6967209177915,0.3800542441653864,0.3747966917030537,0.26756478241005277,-4.75946654087937,1.0,1.016067223682763,75.52652396802084,76.54629049758577,76.54629049758577,0,0,80.0,0,0.0,0.11888213835287875,0.2639111331065718,0,0.017197680194850403,0.4479166666666667,804.6562296201278,0.0,37.22725300765833,0.6062989055996814,842.4897815333858,s0007,96,0.18662381999999994,0.13125367509954264,0.05537014490047213,0.0023070893708530054,0.0516968867391885,29.66938780937618,0.05537014490047238
7.114590374886751,798.0556111293213,0.3658158754834721,0.4106469716595117,0.2346871385920467,-4.8456129947167925,1.0,1.016129759539331,73.72330996465101,76.6767520349314,76.6767520349314,0,0,80.0,0,0.0,0.09532687204865149,0.25324873567346684,0,0.01661008682049492,0.5,804.6562296201278,0.0,35.65720500436703,0.48616704744812256,840.7996016719429,s0008,96,0.18662381999999994,0.13125367509954264,0.05537014490047213,0.0023070893708530054,0.0516968867391885,29.66938780937618,0.05537014490047238
7.1642119367118795,804.0351585474252,0.38638938032117237,0.37681670444539445,0.2471954267066549,-4.883056871807454,1.0,1.0155738023153968,72.89666168964818,75.5231460646309,75.5231460646309,0,0,80.0,0,0.0,0.0945842309810094,0.2673846353504815,0,0.018566747688316225,0.3854166666666667,804.6562296201278,0.0,37.794390159547774,0.4823795780031479,842.9329993576787,s0009,96,0.18662381999999994,0.13125367509954264,0.05537014490047213,0.0023070893708530054,0.0516968867391885,29.66938780937618,0.05537014490047238
7.185505587336685,806.3576074019754,0.37458534939356225,0.33471444037894593,0.2721376941959195,-4.762380374544936,1.0,1.0169079103303533,75.65951221788696,80.59788334011114,80.59788334011114,0,1,80.0,0,0.0,0.0916893013149877,0.2685584606388064,0,0.01622460666879086,0.4375,804.6562296201278,0.0,37.33775149323971,0.46761543670643785,842.4615965500739,s0010,96,0.18662381999999994,0.13125367509954264,0.05537014490047213,0.0023070893708530054,0.0516968867391885,29.66938780937618,0.05537014490047238
7.104815193011194,797.4359662424974,0.3795666419160626,0.40806385732660627,0.2433197766911515,-4.81123756960859,1.0,1.0167150958626583,75.46247875547586,80.03768404360711,80.03768404360711,0,1,80.0,0,0.0,0.09282341571253244,0.28882774914552534,0,0.019355684688943466,0.4895833333333333,804.6562296201278,0.0,41.56291977265871,0.47339942013391534,846.6925488129203,s0011,96,0.18662381999999994,0.13125367509954264,0.05537014490047213,0.0023070893708530054,0.0516968867391885,29.66938780937618,0.05537014490047238
7.072048161072564,794.2750332364234,0.36986016079545836,0.397033001354559,0.2408141854472584,-4.919037497466859,1.0,1.016032741935905,75.85580096181951,77.24268297121827,77.24268297121827,0,0,80.0,0,0.0,0.0917040981948438,0.27802913632821863,0,0.016856598685925362,0.5104166666666666,804.6562296201278,0.0,38.69224787989383,0.4676909007937034,843.8161684008153,s0012,96,0.18662381999999994,0.13125367509954264,0.05537014490047213,0.0023070893708530054,0.0516968867391885,29.66938780937618,0.05537014490047238
7.154403505262922,803.0300847028776,0.3874598639063553,0.3969088141842752,0.25411853682984453,-4.816621617297883,1.0,1.0161977212156614,73.80090702106226,77.25558846510374,77.25558846510374,0,0,80.0,0,0.0,0.10077930707795758,0.2328772646448602,0,0.014681422421334193,0.4375,804.6562296201278,0.0,32.876255627910496,0.5139744660975836,838.0464597141358,s0013,96,0.18662381999999994,0.13125367509954264,0.05537014490047213,0.0023070893708530054,0.0516968867391885,29.66938780937618,0.05537014490047238
7.145741077769668,802.3006154107021,0.38489016864648634,0.36650832802902106,0.25583434169466246,-4.833555327185316,1.0,1.0160227692962134,76.230556063436,75.26959281934008,75.26959281934008,0,0,80.0,0,0.0,0.0802116918672864,0.26245653621830967,0,0.01608956125644682,0.46875,804.6562296201278,0.0,36.760055439313554,0.40907962852316043,841.8253646879645,s0014,96,0.18662381999999994,0.13125367509954264,0.05537014490047213,0.0023070893708530054,0.0516968867391885,29.66938780937618,0.05537014490047238
7.132930620019616,800.8031836306197,0.3725906818876906,0.3920311852452667,0.24748552064813106,-4.7758280070937795,1.0,1.0164971005336851,76.50704671378486,77.89922918778899,77.89922918778899,0,0,80.0,0,0.0,0.09221234104669161,0.24498257018150943,0,0.016286046083199626,0.3958333333333333,804.6562296201278,0.0,34.31513075798466,0.4702829393381273,839.4416433174506,s0015,96,0.18662381999999994,0.13125367509954264,0.05537014490047213,0.0023070893708530054,0.0516968867391885,29.66938780937618,0.05537014490047238
7.2064352622112215,808.4807662163138,0.37022737258114585,0.35165669050847925,0.2458530809994462,-4.845760403644648,1.0,1.0164158082782908,73.42872013010413,79.39332283024855,79.39332283024855,0,0,80.0,0,0.0,0.09839787658191869,0.2459951684902021,0,0.015752314440176003,0.4583333333333333,804.6562296201278,0.0,34.40915618138378,0.5018291705677855,839.5672149720793,s0016,96,0.18662381999999994,0.13125367509954264,0.05537014490047213,0.0023070893708530054,0.0516968867391885,29.66938780937618,0.05537014490047238
7.101303248933966,796.9374956600543,0.3715012731743228,0.3835859580763318,0.2512990795420309,-4.878854391243284,1.0,1.017309624311133,78.99640727393141,84.20028259406301,84.20028259406301,0,2,80.0,0,0.0,0.10188659308640169,0.2509432967132169,0,0.015985980074627242,0.5104166666666666,804.6562296201278,0.0,35.41382030786378,0.5196216247406488,840.5896715527323,s0017,96,0.18662381999999994,0.13125367509954264,0.05537014490047213,0.0023070893708530054,0.0516968867391885,29.66938780937618,0.05537014490047238
7.1333915022614915,801.0857958758688,0.3717009649161785,0.36969677446654486,0.24798628358325076,-4.8345179191211445,1.0,1.016822410813335,73.18681096360552,80.69845565098316,80.69845565098316,0,1,80.0,0,0.0,0.10834812431799656,0.24698597942232642,0,0.01616310879404442,0.5520833333333334,804.6562296201278,0.0,35.253972644780724,0.5525754340217826,840.4627776989303,s0018,96,0.18662381999999994,0.13125367509954264,0.05537014490047213,0.0023070893708530054,0.0516968867391885,29.66938780937618,0.05537014490047238
7.093897276358884,796.1169784203491,0.3636754514332266,0.3756810488237539,0.2247719964320133,-4.866514396931965,1.0,1.0162270921331895,76.41748835698908,79.75347663573693,79.75347663573693,0,0,80.0,0,0.0,0.08415296150157674,0.2282984137658674,0,0.014732701634860332,0.5625,804.6562296201278,0.0,32.31306478346413,0.4291801036580409,837.39847450725,s0019,96,0.18662381999999994,0.13125367509954264,0.05537014490047213,0.0023070893708530054,0.0516968867391885,29.66938780937618,0.05537014490047238
7.097998878208493,797.4316308193227,0.36247507253766675,0.3632290878242452,0.24294125452381468,-4.826991630648231,1.0,1.017177426702713,75.41576533102672,83.78358794930352,83.78358794930352,0,2,80.0,0,0.0,0.10729583983745165,0.2530040109292171,0,0.016401501286797703,0.53125,804.6562296201278,0.0,34.45543376023077,0.5472087831710036,839.6588721635295,s0020,96,0.18662381999999994,0.13125367509954264,0.05537014490047213,0.0023070893708530054,0.0516968867391885,29.66938780937618,0.05537014490047238
7.125047428196179,800.5462665495916,0.37382965194936835,0.3609344097362865,0.27085424691774307,-4.867310513040486,1.0,1.0168437332197675,74.80401623205262,80.87825558424585,80.87825558424585,0,1,80.0,0,0.0,0.1001397820320021,0.2569454456402935,0,0.01612258865751851,0.5625,804.6562296201278,0.0,36.20910868397509,0.5107128883632105,841.376051192466,s0021,96,0.18662381999999994,0.13125367509954264,0.05537014490047213,0.0023070893708530054,0.0516968867391885,29.66938780937618,0.05537014490047238
7.078325460325796,794.2386043021922,0.35879164212850223,0.3972108399487829,0.22653007400769196,-4.795980812067659,1.0,1.0162884018146945,74.78831511698431,77.47690717247617,77.47690717247617,0,0,80.0,0,0.0,0.08761702630307396,0.2648399040632943,0,0.016694564772387864,0.6041666666666666,804.6562296201278,0.0,36.78032103644359,0.4468468341456774,841.8833974907171,s0022,96,0.18662381999999994,0.13125367509954264,0.05537014490047213,0.0023070893708530054,0.0516968867391885,29.66938780937618,0.05537014490047238
7.154238569779667,802.9773101800315,0.3748171481427963,0.3561500902708258,0.27481677868738874,-4.812297042914989,1.0,1.016157798920673,76.81646395709201,77.0320043789183,77.0320043789183,0,0,80.0,0,0.0,0.11688010190648453,0.23644544699688186,0,0.01729461581540583,0.4375,804.6562296201278,0.0,33.44324173899037,0.5960885197230711,838.6955598788412,s0023,96,0.18662381999999994,0.13125367509954264,0.05537014490047213,0.0023070893708530054,0.0516968867391885,29.66938780937618,0.05537014490047238
7.159178953286385,804.0732774294316,0.37705224110386326,0.33173712927654564,0.23212135835351344,-4.802836140097253,1.0,1.0155157687436915,73.09930036994847,76.89280843387947,76.89280843387947,0,0,80.0,0,0.0,0.106890487598212,0.23190111212751152,0,0.01447187357637149,0.4375,804.6562296201278,0.0,31.96068806177713,0.545141486750881,837.1620591686558,s0024,96,0.18662381999999994,0.13125367509954264,0.05537014490047213,0.0023070893708530054,0.0516968867391885,29.66938780937618,0.05537014490047238
7.103646257943293,797.2440960979588,0.36499824118292007,0.3782678497260231,0.2538251557508516,-4.816534501097383,1.0,1.0165314277391078,74.35259414267503,78.3415186805,78.3415186805,0,0,80.0,0,0.0,0.10747861654179561,0.25922818945023474,0,0.016978451347040797,0.5833333333333334,804.6562296201278,0.0,36.068586114851975,0.5481409443631575,841.2729566793429,s0025,96,0.18662381999999994,0.13125367509954264,0.05537014490047213,0.0023070893708530054,0.0516968867391885,29.66938780937618,0.05537014490047238
7.118769284695807,799.2030985731963,0.3760672726426886,0.3826676652860639,0.23053270996236425,-4.832756718023089,1.0,1.0162912000562174,72.92619105223608,78.50323642974627,78.50323642974627,0,0,80.0,0,0.0,0.09656536408657965,0.23822941262638825,0,0.014327906465603156,0.53125,804.6562296201278,0.0,33.381209093245666,0.4924833568415565,838.529922070215,s0026,96,0.18662381999999994,0.13125367509954264,0.05537014490047213,0.0023070893708530054,0.0516968867391885,29.66938780937618,0.05537014490047238
7.143381720934233,802.0143543906763,0.3718033239121459,0.3408506741471028,0.2945960721658136,-4.764919698445674,1.0,1.0167450707012586,74.40499846206623,81.20869825188647,81.20869825188647,0,1,80.0,0,0.0,0.125366850351103,0.24652180095394785,0,0.016039412469721525,0.4166666666666667,804.6562296201278,0.0,34.39074875159753,0.6393709367906253,839.686349308516,s0027,96,0.18662381999999994,0.13125367509954264,0.05537014490047213,0.0023070893708530054,0.0516968867391885,29.66938780937618,0.05537014490047238
7.1683810610863095,805.1651594708588,0.3635166075245808,0.33518177896516554,0.2266971341501265,-4.831610377832924,1.0,1.0164576842151134,78.54888882924945,78.58126983775115,78.58126983775115,0,0,80.0,0,0.0,0.09177263237723197,0.2593483888523239,0,0.016930669484988146,0.4166666666666667,804.6562296201278,0.0,36.3983878903062,0.4680404251238829,841.5226579355578,s0028,96,0.18662381999999994,0.13125367509954264,0.05537014490047213,0.0023070893708530054,0.0516968867391885,29.66938780937618,0.05537014490047238
7.148745624736256,801.824312160571,0.37420382843260397,0.37424881068018395,0.2769583848970103,-4.908999182560294,1.0,1.0167695350234387,75.31272093379121,80.44310376237718,80.44310376237718,0,1,80.0,0,0.0,0.10863320477091683,0.24984475892973113,0,0.017636075215225314,0.4166666666666667,804.6562296201278,0.0,34.77027945948904,0.5540293443316758,839.9805384239485,s0029,96,0.18662381999999994,0.13125367509954264,0.05537014490047213,0.0023070893708530054,0.0516968867391885,29.66938780937618,0.05537014490047238
7.163092236055051,803.8593152823062,0.3735253837762765,0.35846285136044087,0.22076755228404946,-4.857127831165228,1.0,1.016063209295759,73.90394261423535,76.51399867500977,76.51399867500977,0,0,80.0,0,0.0,0.0968828446808973,0.2154931169486838,0,0.015092205218158891,0.4479166666666667,804.6562296201278,0.0,30.225756731614666,0.49410250787257626,835.3760888596149,s0030,96,0.18662381999999994,0.13125367509954264,0.05537014490047213,0.0023070893708530054,0.0516968867391885,29.66938780937618,0.05537014490047238
7.155737593067254,802.6562217220102,0.364383283559278,0.3597945087573827,0.25023996614067956,-4.831740832415299,1.0,1.016680287962623,78.24548527414046,81.33192130842204,81.33192130842204,0,1,80.0,0,0.0,0.10111904150190824,0.2493542580015386,0,0.017641502668959974,0.53125,804.6562296201278,0.0,34.580211038820536,0.5157071116597326,839.752147770608,s0031,96,0.18662381999999994,0.13125367509954264,0.05537014490047213,0.0023070893708530054,0.0516968867391885,29.66938780937618,0.05537014490047238
7.103982397021273,797.2895441293069,0.3744630498614957,0.36549491142261875,0.25171335983413956,-4.779667756231706,1.0,1.016580726069776,76.03799347125207,80.43021341738375,80.43021341738375,0,1,80.0,0,0.0,0.1199393206721895,0.2673362297589832,0,0.01767050567706656,0.53125,804.6562296201278,0.0,37.42729514807603,0.6116905354281662,842.6952153036319,s0032,96,0.18662381999999994,0.13125367509954264,0.05537014490047213,0.0023070893708530054,0.0516968867391885,29.66938780937618,0.05537014490047238
7.06383548857985,793.2287559463035,0.36196525927814915,0.42224791763929437,0.21722937629156258,-4.843607199984669,1.0,1.0160608567648561,74.6780089740992,77.38204400644088,77.38204400644088,0,0,80.0,0,0.0,0.08194181591365839,0.25622935376044476,0,0.016436671344519743,0.6041666666666666,804.6562296201278,0.0,36.018282266522256,0.4179032611596579,841.0924151478097,s0033,96,0.18662381999999994,0.13125367509954264,0.05537014490047213,0.0023070893708530054,0.0516968867391885,29.66938780937618,0.05537014490047238
7.107242071880222,797.5619112842951,0.38291277229484755,0.4053731646326403,0.25770970080174493,-4.771635439625627,1.0,1.016075952846937,75.08383507187668,77.43943064499409,77.43943064499409,0,0,80.0,0,0.0,0.09160952321444396,0.2706590031086237,0,0.01610234533326398,0.5104166666666666,804.6562296201278,0.0,38.17495612795899,0.46720856839366404,843.2983943164804,s0034,96,0.18662381999999994,0.13125367509954264,0.05537014490047213,0.0023070893708530054,0.0516968867391885,29.66938780937618,0.05537014490047238
7.02408185846491,788.3812038919532,0.3600203627477644,0.44876185422800485,0.2582482829102829,-4.890042493203814,1.0,1.017447221729804,76.25133688171667,84.63110501831427,84.63110501831427,0,1,80.0,0,0.0,0.11806334349918678,0.2610748978682692,0,0.017587438727317176,0.5729166666666666,804.6562296201278,0.0,36.876805308571896,0.6021230518458522,842.1351579805455,s0035,96,0.18662381999999994,0.13125367509954264,0.05537014490047213,0.0023070893708530054,0.0516968867391885,29.66938780937618,0.05537014490047238
7.153124047291344,803.4265713403784,0.3789499258085806,0.36417829833469756,0.2709722937478318,-4.817459879981503,1.0,1.0171713251272338,76.11202569969511,84.16645834672232,84.16645834672232,0,1,80.0,0,0.0,0.11267813456223838,0.25209122712348364,0,0.016544496617837474,0.4895833333333333,804.6562296201278,0.0,35.289027136273184,0.574658486267416,840.5199152426683,s0036,96,0.18662381999999994,0.13125367509954264,0.05537014490047213,0.0023070893708530054,0.0516968867391885,29.66938780937618,0.05537014490047238
7.111927133097271,797.6845363368092,0.37899050076418117,0.375679211329517,0.2758705413653138,-4.904139959893512,1.0,1.0175557205446695,75.33182921097439,86.10576309708317,86.10576309708317,0,1,80.0,0,0.0,0.09525764334861661,0.2875854443411259,0,0.017696630891201482,0.5,804.6562296201278,0.0,40.93637684948534,0.4858139810779447,846.078420450691,s0037,96,0.18662381999999994,0.13125367509954264,0.05537014490047213,0.0023070893708530054,0.0516968867391885,29.66938780937618,0.05537014490047238
7.093971672102849,796.2749361821344,0.38703880917028133,0.40774658738083747,0.26586101496575254,-4.827163615702363,1.0,1.01617818162446,73.70382395886422,76.97370167232609,76.97370167232609,0,0,80.0,0,0.0,0.11442967807374241,0.23605683935582986,0,0.01519261644831054,0.5416666666666666,804.6562296201278,0.0,33.01578802258478,0.5835913581760863,838.2556090008886,s0038,96,0.18662381999999994,0.13125367509954264,0.05537014490047213,0.0023070893708530054,0.0516968867391885,29.66938780937618,0.05537014490047238
7.157630919936256,802.3307837529759,0.3828067750524591,0.3886318691158812,0.24655658473425843,-4.9011350291741,1.0,1.0159134402656713,72.81719207836662,76.2600570865546,76.2600570865546,0,0,80.0,0,0.0,0.08790611260164707,0.27688660051660113,0,0.016142241808650593,0.4583333333333333,804.6562296201278,0.0,38.504906074699456,0.4483211742684,843.6094568690955,s0039,96,0.18662381999999994,0.13125367509954264,0.05537014490047213,0.0023070893708530054,0.0516968867391885,29.66938780937618,0.05537014490047238
7.117600513515195,799.0061377447298,0.37099689573503736,0.39612770704938527,0.2539399453696641,-4.839551784791037,1.0,1.0155421880927509,74.8914866386609,74.75714309593042,74.75714309593042,0,0,80.0,0,0.0,0.10721956317346332,0.2515507674246951,1,0.016113068068037167,0.5208333333333334,804.6562296201278,0.0,34.96574750641871,0.5468197721846627,840.1687968987311,s0040,96,0.18662381999999994,0.13125367509954264,0.05537014490047213,0.0023070893708530054,0.0516968867391885,29.66938780937618,0.05537014490047238
7.151839346591373,803.0474446837295,0.3914130683849176,0.34902571244972835,0.26992541383939117,-4.7995166344454505,1.0,1.0160301250076835,74.50369566176965,77.18030383100462,77.18030383100462,0,0,80.0,0,0.0,0.09104148166038757,0.29236488308157677,0,0.018107285816945175,0.5520833333333334,804.6562296201278,0.0,40.95144881915163,0.4643115564679766,846.0719899957475,s0041,96,0.18662381999999994,0.13125367509954264,0.05537014490047213,0.0023070893708530054,0.0516968867391885,29.66938780937618,0.05537014490047238
7.130473143684105,800.512736342314,0.38381471248890087,0.37932091708421833,0.2624775312612063,-4.804245726632943,1.0,1.0158812738349166,74.1221936172782,75.3883637225647,75.3883637225647,0,0,80.0,0,0.0,0.09545122506070339,0.28743082911487916,0,0.01661584057776491,0.5208333333333334,804.6562296201278,0.0,40.101274229757124,0.4868012478095871,845.2443050976945,s0042,96,0.18662381999999994,0.13125367509954264,0.05537014490047213,0.0023070893708530054,0.0516968867391885,29.66938780937618,0.05537014490047238
7.103968860183563,797.2514825444226,0.37678952290276885,0.4186624568354933,0.26710955428626093,-4.880296772144427,1.0,1.0169356766798818,77.74789746223514,82.5650645682464,82.5650645682464,0,1,80.0,0,0.0,0.09858576240805021,0.24545861140550845,0,0.015573254700386903,0.5208333333333334,804.6562296201278,0.0,34.025747838002594,0.5027873882810562,839.1847648464114,s0043,96,0.18662381999999994,0.13125367509954264,0.05537014490047213,0.0023070893708530054,0.0516968867391885,29.66938780937618,0.05537014490047238
7.1384187380866635,801.8578577776917,0.38467430743162756,0.3506728787513326,0.2368795059750785,-4.887770294559293,1.0,1.016300245506444,74.48985009678758,77.22308176297923,77.22308176297923,0,0,80.0,0,0.0,0.1012919741881757,0.2611092806491524,0,0.017460628040388976,0.5520833333333334,804.6562296201278,0.0,36.37221322439047,0.5165890683596961,841.545031912878,s0044,96,0.18662381999999994,0.13125367509954264,0.05537014490047213,0.0023070893708530054,0.0516968867391885,29.66938780937618,0.05537014490047238
7.13349390035679,800.6971427992554,0.3813796881586995,0.3826724467271565,0.23908335698240443,-4.865822856806131,1.0,1.0163038723774205,74.61682990216427,77.98994809182321,77.98994809182321,0,0,80.0,0,0.0,0.08753363925339663,0.2479971457321342,0,0.01479254524996284,0.4895833333333333,804.6562296201278,0.0,34.6950153105983,0.44642156019232254,839.7976664909183,s0045,96,0.18662381999999994,0.13125367509954264,0.05537014490047213,0.0023070893708530054,0.0516968867391885,29.66938780937618,0.05537014490047238
7.191010153510824,806.2282937263583,0.3815298204451574,0.36137773515257876,0.25884218787165736,-4.869908859409282,1.0,1.0174094714991146,74.02840665276426,83.90883987054795,83.90883987054795,0,2,80.0,0,0.0,0.10750659990475965,0.23645066282218036,0,0.016075855748598003,0.4166666666666667,804.6562296201278,0.0,33.654571843431725,0.548283659514274,838.8590851230738,s0046,96,0.18662381999999994,0.13125367509954264,0.05537014490047213,0.0023070893708530054,0.0516968867391885,29.66938780937618,0.05537014490047238
7.1275957596143655,799.1612847014502,0.3586227148318659,0.3625262603181759,0.2514684466645287,-4.844948309683857,1.0,1.0162892862014807,74.70036410429613,78.66442428087959,78.66442428087959,0,0,80.0,0,0.0,0.10379102298411469,0.26944058174138796,0,0.016725179026931634,0.5520833333333334,804.6562296201278,0.0,37.58693116901072,0.5293342172189849,842.7724950063575,s0047,96,0.18662381999999994,0.13125367509954264,0.05537014490047213,0.0023070893708530054,0.0516968867391885,29.66938780937618,0.05537014490047238
7.081640945860849,795.8016420692718,0.3686289649383291,0.3947701306015779,0.23475972295978437,-4.783775410035594,1.0,1.015633954515667,75.70029443022153,75.57167085799108,75.57167085799108,0,0,80.0,0,0.0,0.11437048119966862,0.27166281560310673,0,0.01863217940728739,0.5520833333333334,804.6562296201278,0.0,38.583598888883046,0.58328945411831,843.8231179631291,s0048,96,0.18662381999999994,0.13125367509954264,0.05537014490047213,0.0023070893708530054,0.0516968867391885,29.66938780937618,0.05537014490047238
7.1660197598432935,804.5512535317007,0.3736211677129857,0.3466942109689057,0.2597278990416224,-4.781134320980665,1.0,1.0169621098329225,73.97175861251723,81.16232233195183,81.16232233195183,0,2,80.0,0,0.0,0.09474044658803735,0.2611295530503889,0,0.015256872596129801,0.5,804.6562296201278,0.0,36.93386290158258,0.4831762775989907,842.0732687993093,s0049,96,0.18662381999999994,0.13125367509954264,0.05537014490047213,0.0023070893708530054,0.0516968867391885,29.66938780937618,0.05537014490047238
7.086931836776053,796.0330838876242,0.373262856728079,0.39373388926802033,0.2247406486313356,-4.865742820145019,1.0,1.0164828120059448,76.51875564545917,79.20514459822392,79.20514459822392,0,0,80.0,0,0.0,0.09398876738587532,0.2327541267243243,0,0.015539997046751712,0.5,804.6562296201278,0.0,32.93963535089907,0.4793427136679641,838.0752076846948,s0050,96,0.18662381999999994,0.13125367509954264,0.05537014490047213,0.0023070893708530054,0.0516968867391885,29.66938780937618,0.05537014490047238
7.0832505238210635,794.9053270069594,0.36920318574744754,0.4150555310850176,0.2577832361822405,-4.8513747530808216,1.0,1.0165714313724565,74.82442388395997,80.33979504523477,80.33979504523477,0,1,80.0,0,0.0,0.09671866992675987,0.29473567711168536,0,0.017255374960845338,0.5520833333333334,804.6562296201278,0.0,41.49872591374123,0.4932652166264754,846.6482207504955,s0051,96,0.18662381999999994,0.13125367509954264,0.05537014490047213,0.0023070893708530054,0.0516968867391885,29.66938780937618,0.05537014490047238
7.1499067317739025,802.659685262978,0.3718789004013389,0.3519978113649955,0.26452296027766486,-4.972628586831624,1.0,1.0161888771838647,75.73516492435131,77.9150246915577,77.9150246915577,0,0,80.0,0,0.0,0.09325249632870052,0.2718968242034052,0,0.017127081805108954,0.5208333333333334,804.6562296201278,0.0,37.51547627053678,0.4755877312763724,842.6472936219409,s0052,96,0.18662381999999994,0.13125367509954264,0.05537014490047213,0.0023070893708530054,0.0516968867391885,29.66938780937618,0.05537014490047238
7.088841205062108,796.18132377904,0.3805268748232946,0.38236866359806243,0.2609955715671665,-4.856599730392999,1.0,1.0166017859787901,77.72551401709119,80.06335489578926,80.06335489578926,0,1,80.0,0,0.0,0.10310022572497696,0.23354405568203176,0,0.014674715309084232,0.5625,804.6562296201278,0.0,32.53747535988788,0.5258111511973822,837.7195161312129,s0053,96,0.18662381999999994,0.13125367509954264,0.05537014490047213,0.0023070893708530054,0.0516968867391885,29.66938780937618,0.05537014490047238
7.125891306718913,800.1741179982367,0.3753181271462607,0.3919420356094479,0.24470627413888532,-4.74631318266874,1.0,1.016160756079252,74.85552896048111,77.14598181157103,77.14598181157103,0,0,80.0,0,0.0,0.09872381162306484,0.2404543622709009,0,0.01455004880446632,0.4895833333333333,804.6562296201278,0.0,33.606101392146336,0.5034914392776302,838.7658224515517,s0054,96,0.18662381999999994,0.13125367509954264,0.05537014490047213,0.0023070893708530054,0.0516968867391885,29.66938780937618,0.05537014490047238
7.097578038042672,796.6790024856275,0.3754746487257606,0.4253750346334891,0.2470637019697246,-4.807098145009271,1.0,1.0161529693450744,75.67611108524873,77.12416529873475,77.12416529873475,0,0,80.0,0,0.0,0.10039324225725971,0.28063105243805403,0,0.01824578180429897,0.4583333333333333,804.6562296201278,0.0,39.98551917494987,0.5120055355120245,845.1537543305897,s0055,96,0.18662381999999994,0.13125367509954264,0.05537014490047213,0.0023070893708530054,0.0516968867391885,29.66938780937618,0.05537014490047238
7.110796469668807,798.4830790297633,0.35649341215421787,0.41016923985191306,0.25475185057393823,-4.912998860042019,1.0,1.0172712356660496,74.08093555508611,83.97883397988772,83.97883397988772,0,1,80.0,0,0.0,0.10807358540078399,0.2632925357068301,0,0.01758903890373444,0.5104166666666666,804.6562296201278,0.0,36.76208323532168,0.5511752855439985,841.9694881409935,s0056,96,0.18662381999999994,0.13125367509954264,0.05537014490047213,0.0023070893708530054,0.0516968867391885,29.66938780937618,0.05537014490047238
7.08069739127256,795.8280065216352,0.37181531139653723,0.4298972590736163,0.28561189820446753,-4.817392088010924,1.0,1.0158625887243116,74.48596259274423,75.22351142244979,75.22351142244979,0,0,80.0,0,0.0,0.10489928051071816,0.30322338426361684,0,0.018403334729521634,0.5520833333333334,804.6562296201278,0.0,42.625086931509955,0.5349863306046627,847.8163028822423,s0057,96,0.18662381999999994,0.13125367509954264,0.05537014490047213,0.0023070893708530054,0.0516968867391885,29.66938780937618,0.05537014490047238
7.066173148280123,793.4448106745647,0.37408894532121584,0.38210696114273984,0.2606629408652974,-4.87068964424943,1.0,1.0176917334961875,80.66420945986167,85.34386502860822,85.34386502860822,1,1,80.0,0,0.0,0.09270691383638296,0.2767857942627118,0,0.017124899926057972,0.5833333333333334,804.6562296201278,0.0,38.911077916785,0.472805260565553,844.0401127974783,s0058,96,0.18662381999999994,0.13125367509954264,0.05537014490047213,0.0023070893708530054,0.0516968867391885,29.66938780937618,0.05537014490047238
7.1138162225174675,798.6764863418377,0.36466043759206723,0.4118803573162587,0.25833105673869017,-4.8556539495975235,1.0,1.0160948496818534,74.95262014539861,77.55054188758179,77.55054188758179,0,0,80.0,0,0.0,0.08823160849042146,0.26778375472918836,0,0.01562070669469887,0.4583333333333333,804.6562296201278,0.0,36.93594389109106,0.44998120330114916,842.0421547145199,s0059,96,0.18662381999999994,0.13125367509954264,0.05537014490047213,0.0023070893708530054,0.0516968867391885,29.66938780937618,0.05537014490047238
7.181384144489504,805.3677235703522,0.36808739233478616,0.3682864077090843,0.2716421939725776,-4.7662855892221385,1.0,1.0164774466508846,75.46300303985521,79.14518195227188,79.14518195227188,0,0,80.0,0,0.0,0.09754271402153043,0.2794085677803248,0,0.017264739715675683,0.5208333333333334,804.6562296201278,0.0,39.30508222642918,0.49746784150980483,844.4587796880667,s0060,96,0.18662381999999994,0.13125367509954264,0.05537014490047213,0.0023070893708530054,0.0516968867391885,29.66938780937618,0.05537014490047238
7.117671943388288,798.1149108372344,0.36977703234306547,0.3651722788393421,0.2631750442659795,-4.839678850569359,1.0,1.0158139133693997,75.84042945590838,76.15798316920167,76.15798316920167,0,0,80.0,0,0.0,0.09114542381243249,0.29050605326352574,0,0.017516993408986433,0.5104166666666666,804.6562296201278,0.0,39.68878301425116,0.46484166144340594,844.8098542958223,s0061,96,0.18662381999999994,0.13125367509954264,0.05537014490047213,0.0023070893708530054,0.0516968867391885,29.66938780937618,0.05537014490047238
7.154127314634894,802.9678248012697,0.37110848398672236,0.36009651093698253,0.2480281595365293,-4.871492839319054,1.0,1.015783403088888,73.5173557304429,76.31247440267653,76.31247440267653,0,0,80.0,0,0.0,0.11109864373757694,0.26238981724472,0,0.016881841331096378,0.46875,804.6562296201278,0.0,36.37361901808552,0.5666030830616423,841.5964517212749,s0062,96,0.18662381999999994,0.13125367509954264,0.05537014490047213,0.0023070893708530054,0.0516968867391885,29.66938780937618,0.05537014490047238
7.1470421946478275,802.4229516902916,0.3915130501797739,0.3600715658267963,0.26258999970698704,-4.813012385208542,1.0,1.016642547736636,74.84149647315837,78.90780361070313,78.90780361070313,0,0,80.0,0,0.0,0.08817646875275377,0.28485824146896,0,0.017378585722263053,0.4791666666666667,804.6562296201278,0.0,40.43992669916381,0.44969999063904414,845.5458563099306,s0063,96,0.18662381999999994,0.13125367509954264,0.05537014490047213,0.0023070893708530054,0.0516968867391885,29.66938780937618,0.05537014490047238
7.111824470428402,798.4434720934639,0.36057696422279195,0.3781337565365881,0.25571768831248864,-4.84978479434993,1.0,1.0175977526548605,73.29280428063234,85.33265190105604,85.33265190105604,0,2,80.0,0,0.0,0.10400869493301083,0.27533054142994856,0,0.017461012787127913,0.5104166666666666,804.6562296201278,0.0,38.5516560759047,0.5304443441583552,843.7383300401908,s0064,96,0.18662381999999994,0.13125367509954264,0.05537014490047213,0.0023070893708530054,0.0516968867391885,29.66938780937618,0.05537014490047238
7.11626697611713,798.6465219989511,0.3817422993976719,0.4343716545496713,0.21683409107665197,-4.884915236660171,1.0,1.0157321466853122,74.17805505685779,75.23288302586718,75.23288302586718,0,0,80.0,0,0.0,0.089955635208878,0.2688830463773908,0,0.01926521415292771,0.4791666666666667,804.6562296201278,0.0,37.645901289922065,0.45877373956527784,842.7609046496151,s0065,96,0.18662381999999994,0.13125367509954264,0.05537014490047213,0.0023070893708530054,0.0516968867391885,29.66938780937618,0.05537014490047238
7.08474105624394,795.3009914668735,0.3645813098263451,0.39956560115421674,0.2387728836995167,-4.745769555993461,1.0,1.0164873583612188,73.25432063625097,78.8131834006924,78.8131834006924,0,0,80.0,0,0.0,0.11066120853575398,0.24006258772067396,0,0.016253169973676353,0.5416666666666666,804.6562296201278,0.0,33.504264007635456,0.5643721635323454,838.7248657912955,s0066,96,0.18662381999999994,0.13125367509954264,0.05537014490047213,0.0023070893708530054,0.0516968867391885,29.66938780937618,0.05537014490047238
7.176747770677683,805.1588288324676,0.36363178947057556,0.39012152464279526,0.2607666662306901,-4.841034118191922,1.0,1.0174113662128765,74.1802075198238,84.45458128824467,84.45458128824467,0,1,80.0,0,0.0,0.10608699337297801,0.2522041705960363,0,0.01727970890282976,0.4583333333333333,804.6562296201278,0.0,35.2187794135757,0.5410436662021879,840.4160526999057,s0067,96,0.18662381999999994,0.13125367509954264,0.05537014490047213,0.0023070893708530054,0.0516968867391885,29.66938780937618,0.05537014490047238
7.082775341759362,795.0902723697136,0.3855347260445285,0.3749639239278071,0.2676117121958092,-4.894587274751098,1.0,1.0160362842188233,76.66238595212809,76.18474880374306,76.18474880374306,0,0,80.0,0,0.0,0.10590213332622801,0.2762011828703184,0,0.018174806630636555,0.5104166666666666,804.6562296201278,0.0,38.72970817474078,0.5401008799637627,843.9260386748324,s0068,96,0.18662381999999994,0.13125367509954264,0.05537014490047213,0.0023070893708530054,0.0516968867391885,29.66938780937618,0.05537014490047238
7.171510550370275,804.7717968765978,0.3661528603317124,0.3552556161961633,0.22975999713585274,-4.886025851444882,1.0,1.0174235178618811,73.85553621058561,85.02377570664638,85.02377570664638,0,1,80.0,0,0.0,0.09711208809990506,0.24494661783383062,0,0.01521011032867687,0.3958333333333333,804.6562296201278,0.0,34.60765786225384,0.4952716493095157,839.7591591316911,s0069,96,0.18662381999999994,0.13125367509954264,0.05537014490047213,0.0023070893708530054,0.0516968867391885,29.66938780937618,0.05537014490047238
7.10429050538688,797.6151247964303,0.35710294307321105,0.38024199486989874,0.23292242497485074,-4.794515921802373,1.0,1.0164492757263341,75.04086133003572,79.58231352063393,79.58231352063393,0,0,80.0,0,0.0,0.10491270254974228,0.23551984591529368,0,0.015275327042899028,0.5416666666666666,804.6562296201278,0.0,33.12708268962467,0.5350547830036858,838.3183670927561,s0070,96,0.18662381999999994,0.13125367509954264,0.05537014490047213,0.0023070893708530054,0.0516968867391885,29.66938780937618,0.05537014490047238
7.125512342890261,799.526082407875,0.37409494970353724,0.3959998116837584,0.24396427161047982,-4.815583755269634,1.0,1.016024980685063,74.61820008829709,75.20899262581945,75.20899262581945,0,0,80.0,0,0.0,0.08788097612305788,0.25716677432548557,0,0.015449891452629316,0.5520833333333334,804.6562296201278,0.0,36.06831200793999,0.44819297822759485,841.1727346062953,s0071,96,0.18662381999999994,0.13125367509954264,0.05537014490047213,0.0023070893708530054,0.0516968867391885,29.66938780937618,0.05537014490047238
7.1686835518919345,804.2400039504781,0.3658473033567134,0.40257945429999903,0.23711214108332318,-4.89505429300085,1.0,1.0157342442323425,73.45697285596977,76.06879817210871,76.06879817210871,0,0,80.0,0,0.0,0.08807343956328492,0.259009673370789,0,0.016661697243189402,0.5,804.6562296201278,0.0,36.22667331222778,0.449174541772753,841.3320774741284,s0072,96,0.18662381999999994,0.13125367509954264,0.05537014490047213,0.0023070893708530054,0.0516968867391885,29.66938780937618,0.05537014490047238
7.090586719852098,796.4786730790765,0.36234045398102804,0.40380157014345786,0.25012392735421113,-4.8263819663440115,1.0,1.0159091668033717,75.14537744221202,76.37159593829767,76.37159593829767,0,0,80.0,0,0.0,0.10853475188162645,0.25339217455090457,0,0.01562529252642886,0.4791666666666667,804.6562296201278,0.0,34.9833177502029,0.5535272345962947,840.193074604927,s0073,96,0.18662381999999994,0.13125367509954264,0.05537014490047213,0.0023070893708530054,0.0516968867391885,29.66938780937618,0.05537014490047238
7.097487037862562,796.3692768793737,0.3622394298870507,0.4088036209868396,0.21937406926080866,-4.842421488927169,1.0,1.0160266014464776,74.48502021916744,77.2122454798725,77.2122454798725,0,0,80.0,0,0.0,0.10565969818628916,0.23320504033996015,0,0.015093410363081098,0.5,804.6562296201278,0.0,32.58065630162594,0.5388644607500749,837.7757503825038,s0074,96,0.18662381999999994,0.13125367509954264,0.05537014490047213,0.0023070893708530054,0.0516968867391885,29.66938780937618,0.05537014490047238
7.147671194603518,802.659851078183,0.3710658835718562,0.40566616243565823,0.26357433913432576,-4.788011482157278,1.0,1.016349738469381,74.21124996686795,78.28097489376619,78.28097489376619,0,0,80.0,0,0.0,0.10420377850747302,0.2592998631938558,0,0.01644609752108985,0.4479166666666667,804.6562296201278,0.0,36.227575420464966,0.5314392703881125,841.4152443109808,s0075,96,0.18662381999999994,0.13125367509954264,0.05537014490047213,0.0023070893708530054,0.0516968867391885,29.66938780937618,0.05537014490047238
7.079481242391781,794.4897777067249,0.3602515213953614,0.39005722621817396,0.23834599344461924,-4.9068439101973675,1.0,1.0160556774777434,73.8650210631107,76.95241481487682,76.95241481487682,0,0,80.0,0,0.0,0.1000846255748379,0.25093076012999876,0,0.015170354142503853,0.5416666666666666,804.6562296201278,0.0,35.07771461979582,0.5104315904316731,840.2443758303554,s0076,96,0.18662381999999994,0.13125367509954264,0.05537014490047213,0.0023070893708530054,0.0516968867391885,29.66938780937618,0.05537014490047238
7.122737655300558,799.7954003167085,0.3770233505279246,0.4146612948768247,0.2618016745704188,-4.878000467472756,1.0,1.0167160911753679,74.8075923425875,80.20811915949196,80.20811915949196,0,1,80.0,0,0.0,0.10085842675243634,0.27820119505621876,0,0.017031107807430824,0.5625,804.6562296201278,0.0,39.36251858579215,0.5143779764374249,844.5331261823574,s0077,96,0.18662381999999994,0.13125367509954264,0.05537014490047213,0.0023070893708530054,0.0516968867391885,29.66938780937618,0.05537014490047238
7.165276155246272,803.8056709145187,0.3707348437974535,0.37176252943541943,0.2714759414355366,-4.829581253822462,1.0,1.0164453639030768,73.84460175568685,78.93903045784023,78.93903045784023,0,0,80.0,0,0.0,0.1036264255403888,0.27311409424356503,0,0.017547662452537405,0.4375,804.6562296201278,0.0,38.37547079353586,0.5284947702559827,843.5601951839196,s0078,96,0.18662381999999994,0.13125367509954264,0.05537014490047213,0.0023070893708530054,0.0516968867391885,29.66938780937618,0.05537014490047238
7.163782058369931,804.3285524718337,0.38043293842675113,0.34928412369354644,0.27736588151568525,-4.831711798955265,1.0,1.0164001735391688,77.9720426829843,79.38922209662749,79.38922209662749,0,0,80.0,0,0.0,0.10496836197890898,0.2321742307785073,0,0.015313018814554555,0.4791666666666667,804.6562296201278,0.0,32.45098984810458,0.5353386460924356,837.6425581143247,s0079,96,0.18662381999999994,0.13125367509954264,0.05537014490047213,0.0023070893708530054,0.0516968867391885,29.66938780937618,0.05537014490047238
7.109797850666686,798.5374270019822,0.374513885356268,0.38997981054051256,0.23602890605296226,-4.886648980687057,1.0,1.0153765552658007,74.47639356187776,75.92381399424728,75.92381399424728,0,0,80.0,0,0.0,0.09216189759134072,0.26627496407317947,0,0.01618826608219492,0.5104166666666666,804.6562296201278,0.0,37.49429777970799,0.47002567771583786,842.6205530775516,s0080,96,0.18662381999999994,0.13125367509954264,0.05537014490047213,0.0023070893708530054,0.0516968867391885,29.66938780937618,0.05537014490047238
7.0950549451916745,796.4506649911146,0.37475203583788863,0.4245288992418436,0.19896043502198899,-4.895933314136976,1.0,1.0155949292293978,73.92023383314627,73.56732827610891,73.56732827610891,0,0,80.0,0,0.0,0.08545062146722399,0.21605779197495042,0,0.014855537804906043,0.5,804.6562296201278,0.0,30.36832843050518,0.43579816948284233,835.4603562201157,s0081,96,0.18662381999999994,0.13125367509954264,0.05537014490047213,0.0023070893708530054,0.0516968867391885,29.66938780937618,0.05537014490047238
7.068698113961117,794.1039561597561,0.3705605739923111,0.3899083030732234,0.22056713382090448,-4.842882928147318,1.0,1.0165386482249346,75.58362060646343,79.47429655671925,79.47429655671925,0,0,80.0,0,0.0,0.10127846647896824,0.2511865627831079,0,0.014573170386552606,0.5520833333333334,804.6562296201278,0.0,35.40056303880013,0.516520179042738,840.5733128379705,s0082,96,0.18662381999999994,0.13125367509954264,0.05537014490047213,0.0023070893708530054,0.0516968867391885,29.66938780937618,0.05537014490047238
7.0968506356736,796.438664795272,0.3713790690772633,0.37924389914435974,0.2017707306535575,-4.81872943131786,1.0,1.0166892056780545,72.55727023746692,80.49814927621051,80.49814927621051,0,1,80.0,0,0.0,0.10025596395971648,0.23100832941886262,0,0.01673907940179827,0.5729166666666666,804.6562296201278,0.0,32.83171571624152,0.5113054161945539,837.9992507525639,s0083,96,0.18662381999999994,0.13125367509954264,0.05537014490047213,0.0023070893708530054,0.0516968867391885,29.66938780937618,0.05537014490047238
7.1880861412492,806.8939269774104,0.3652022915387687,0.353060367684057,0.26973318416132075,-4.841436193565213,1.0,1.0165754591646106,74.98200496696533,79.17535692739315,79.17535692739315,0,0,80.0,0,0.0,0.09639444388296987,0.28067654203285497,0,0.017305034021132436,0.4375,804.6562296201278,0.0,39.18175211834666,0.49161166380314614,844.3295934022776,s0084,96,0.18662381999999994,0.13125367509954264,0.05537014490047213,0.0023070893708530054,0.0516968867391885,29.66938780937618,0.05537014490047238
7.207576071134458,808.2887725598487,0.3861496647774713,0.3455608590158888,0.24824991235344154,-4.88130845495942,1.0,1.0160852946084662,74.46927364386661,77.33834087410293,77.33834087410293,0,0,80.0,0,0.0,0.09914733513008428,0.26565132422518783,0,0.016222386895380685,0.4270833333333333,804.6562296201278,0.0,37.44446957497697,0.5056514091634299,842.6063506042682,s0085,96,0.18662381999999994,0.13125367509954264,0.05537014490047213,0.0023070893708530054,0.0516968867391885,29.66938780937618,0.05537014490047238
7.090144315975845,796.1652917650504,0.36863607533193704,0.3884413533711887,0.2522610761109535,-4.874786533931671,1.0,1.0163854052753638,77.09617800039508,78.5303710689117,78.5303710689117,0,0,80.0,0,0.0,0.09715164486315549,0.2391477787605883,0,0.01414617355208733,0.5729166666666666,804.6562296201278,0.0,33.175665487485205,0.49547338880209274,838.327368496415,s0086,96,0.18662381999999994,0.13125367509954264,0.05537014490047213,0.0023070893708530054,0.0516968867391885,29.66938780937618,0.05537014490047238
7.131274347550631,801.0371823245378,0.37774740730110784,0.39715575908305245,0.22446956283173608,-4.76648080146537,1.0,1.0168324798395105,73.0148726101437,81.690140653468,81.690140653468,0,2,80.0,0,0.0,0.10947332254014214,0.20708020035187863,0,0.013367130935380457,0.4791666666666667,804.6562296201278,0.0,29.437322485509398,0.5583139449547246,834.6518660505919,s0087,96,0.18662381999999994,0.13125367509954264,0.05537014490047213,0.0023070893708530054,0.0516968867391885,29.66938780937618,0.05537014490047238
7.12273546688232,799.1945817124611,0.3842554071128667,0.3932274852353102,0.26883908307711324,-4.8223555075386235,1.0,1.017449148293362,74.884405164174,84.48337829127041,84.48337829127041,0,1,80.0,0,0.0,0.10110626198762973,0.2886907557157045,0,0.01812103821050598,0.4895833333333333,804.6562296201278,0.0,40.86302672056707,0.5156419361369118,846.0348982768318,s0088,96,0.18662381999999994,0.13125367509954264,0.05537014490047213,0.0023070893708530054,0.0516968867391885,29.66938780937618,0.05537014490047238
7.15234923274345,803.9295298568246,0.3871901918472996,0.3539146787035402,0.2492554534288422,-4.8604060378987315,1.0,1.0158526667758878,73.89425181670917,75.57987293027054,75.57987293027054,0,0,80.0,0,0.0,0.09427092594054376,0.2675346978872606,0,0.016053445545302154,0.5,804.6562296201278,0.0,37.50552940246356,0.4807817222967733,842.6425407448882,s0089,96,0.18662381999999994,0.13125367509954264,0.05537014490047213,0.0023070893708530054,0.0516968867391885,29.66938780937618,0.05537014490047238
7.136873185186666,801.0419268238022,0.3601056610733177,0.394630794437738,0.27650782870368235,-4.800744761265654,1.0,1.0170733029737207,76.77606052258024,82.43864120800303,82.43864120800303,0,2,80.0,0,0.0,0.10032384884746465,0.2839091584078658,0,0.018247908293316465,0.4791666666666667,804.6562296201278,0.0,39.21288887994697,0.5116516291220697,844.3807701291968,s0090,96,0.18662381999999994,0.13125367509954264,0.05537014490047213,0.0023070893708530054,0.0516968867391885,29.66938780937618,0.05537014490047238
7.098359065200869,796.9150544804326,0.3741423140883561,0.3950281068895658,0.23595707701195912,-4.778018223905293,1.0,1.0168121992690526,73.19678089431389,80.80299295321149,80.80299295321149,0,1,80.0,0,0.0,0.09048524421607929,0.20280520494619175,0,0.012560652762095956,0.5,804.6562296201278,0.0,28.201803618465,0.4614747455020043,833.3195079840947,s0091,96,0.18662381999999994,0.13125367509954264,0.05537014490047213,0.0023070893708530054,0.0516968867391885,29.66938780937618,0.05537014490047238
7.098587521172263,797.1021288276618,0.371285678489922,0.34898470577968366,0.2529568886981266,-4.8836336996596375,1.0,1.0161866164585298,75.57064389500152,76.96671396092087,76.96671396092087,0,0,80.0,0,0.0,0.09317713344156196,0.27263249631619996,0,0.016626999393682777,0.4895833333333333,804.6562296201278,0.0,38.36924231251063,0.47520338055196576,843.5006753131904,s0092,96,0.18662381999999994,0.13125367509954264,0.05537014490047213,0.0023070893708530054,0.0516968867391885,29.66938780937618,0.05537014490047238
7.099966503425632,797.1963249149355,0.3818812410761267,0.3780466849197057,0.21903834546381779,-4.827841202601583,1.0,1.0167690140005858,75.21079401677024,81.49057961836644,81.49057961836644,0,1,80.0,0,0.0,0.09926723137794773,0.22579630498416997,0,0.014477045049257786,0.4895833333333333,804.6562296201278,0.0,31.32282928950933,0.5062628800275333,836.4853217896646,s0093,96,0.18662381999999994,0.13125367509954264,0.05537014490047213,0.0023070893708530054,0.0516968867391885,29.66938780937618,0.05537014490047238
7.1665890726113615,804.3068842964992,0.37301336572350957,0.37262648175905144,0.2899701802279822,-4.874536654924142,1.0,1.015753964641501,74.77213517832824,75.99597695986438,75.99597695986438,0,0,80.0,0,0.0,0.11223758614565355,0.24601184127726367,0,0.016087521774337345,0.4479166666666667,804.6562296201278,0.0,34.64626051331477,0.5724116893428327,839.8749018227854,s0094,96,0.18662381999999994,0.13125367509954264,0.05537014490047213,0.0023070893708530054,0.0516968867391885,29.66938780937618,0.05537014490047238
7.155286289866683,803.6227976634366,0.37377769186525495,0.3879556464789268,0.2618855931929406,-4.835718718324764,1.0,1.0170886649273219,74.23744723733888,82.91794872157877,82.91794872157877,0,1,80.0,0,0.0,0.10190195120774065,0.29240805492630373,0,0.01864597914250754,0.46875,804.6562296201278,0.0,41.390728240837255,0.5196999511594772,846.5666578121245,s0095,96,0.18662381999999994,0.13125367509954264,0.05537014490047213,0.0023070893708530054,0.0516968867391885,29.66938780937618,0.05537014490047238
7.080922257957385,795.1102565716144,0.3790942518929951,0.3992310020567763,0.2585376656173773,-4.80172528044988,1.0,1.0161787136216478,74.6015027684391,77.79469628340627,77.79469628340627,0,0,80.0,0,0.0,0.09875249305649736,0.2635211687248729,0,0.015780925876734013,0.5520833333333334,804.6562296201278,0.0,37.985905402065434,0.5036377145881368,843.1457727367813,s0096,96,0.18662381999999994,0.13125367509954264,0.05537014490047213,0.0023070893708530054,0.0516968867391885,29.66938780937618,0.05537014490047238
7.1735570273294975,804.9735035849669,0.37098785502224174,0.3460917460389613,0.23935850898918448,-4.855729910184327,1.0,1.0161686971083925,73.48219305845389,77.32933426216252,77.32933426216252,0,0,80.0,0,0.0,0.11043532688017012,0.24373836413499556,0,0.01607211505833218,0.4583333333333333,804.6562296201278,0.0,34.42533624531101,0.563220167088867,839.6447860325276,s0097,96,0.18662381999999994,0.13125367509954264,0.05537014490047213,0.0023070893708530054,0.0516968867391885,29.66938780937618,0.05537014490047238
7.135051995535779,800.4391608133076,0.37450563433707146,0.37803442338284654,0.2667816414634284,-4.861955592950427,1.0,1.0170092082522995,80.64739649035721,82.52364226587147,82.52364226587147,1,1,80.0,0,0.0,0.09965806619206681,0.26782255869788474,0,0.017584722813922857,0.46875,804.6562296201278,0.0,36.83735084868946,0.5082561375795407,842.0018366063968,s0098,96,0.18662381999999994,0.13125367509954264,0.05537014490047213,0.0023070893708530054,0.0516968867391885,29.66938780937618,0.05537014490047238
7.118868961221266,799.235384006176,0.37831290627648967,0.39587650541410935,0.25630163442412,-4.817907688589699,1.0,1.0156582838973114,75.52744991473706,76.14509689259326,76.14509689259326,0,0,80.0,0,0.0,0.10914251085858537,0.2703121535790155,0,0.018564701283488756,0.5208333333333334,804.6562296201278,0.0,37.356643274323744,0.5566268053787851,842.5694996998302,s0099,96,0.18662381999999994,0.13125367509954264,0.05537014490047213,0.0023070893708530054,0.0516968867391885,29.66938780937618,0.05537014490047238
7.166482882316263,804.3074407911377,0.3766546501475457,0.388589549895496,0.2637983478539314,-4.726398890989343,1.0,1.0167361313058059,76.15336085423141,80.67898534255306,80.67898534255306,0,1,80.0,0,0.0,0.10242310122733297,0.26089985473067756,0,0.016594762815789466,0.4583333333333333,804.6562296201278,0.0,36.763205455526155,0.522357816259398,841.9417928919133,s0100,96,0.18662381999999994,0.13125367509954264,0.05537014490047213,0.0023070893708530054,0.0516968867391885,29.66938780937618,0.05537014490047238
7.142084464665962,802.1685728957218,0.3743836512002394,0.37877317446090475,0.2608789780282609,-4.8097225857451145,1.0,1.0171645953407524,75.57995148026444,83.86980098361278,83.86980098361278,0,2,80.0,0,0.0,0.10155559404027321,0.2571503981058536,0,0.014875170489681844,0.5,804.6562296201278,0.0,36.338735477393165,0.5179335296053936,841.5128986271263,s0101,96,0.18662381999999994,0.13125367509954264,0.05537014490047213,0.0023070893708530054,0.0516968867391885,29.66938780937618,0.05537014490047238
7.090864290682177,795.6217881117825,0.36071572902397675,0.3972174189144218,0.21074288524415224,-4.800527333173981,1.0,1.0157080967652097,75.1120044366224,75.56782439664194,75.56782439664194,0,0,80.0,0,0.0,0.09487995523066904,0.22645688805539266,0,0.015264380598463651,0.4270833333333333,804.6562296201278,0.0,31.794327135861387,0.48388777167641195,836.9344445276656,s0102,96,0.18662381999999994,0.13125367509954264,0.05537014490047213,0.0023070893708530054,0.0516968867391885,29.66938780937618,0.05537014490047238
7.12499174467742,799.9422362325938,0.37063140076309503,0.357941956826768,0.25093436581787143,-4.833462913515307,1.0,1.0153931689527071,76.33023669162012,74.95187132969178,74.95187132969178,0,0,80.0,0,0.0,0.09592877578942946,0.24827621216695922,0,0.016463748663567625,0.4791666666666667,804.6562296201278,0.0,34.60307875152141,0.4892367565260903,839.7485451281752,s0103,96,0.18662381999999994,0.13125367509954264,0.05537014490047213,0.0023070893708530054,0.0516968867391885,29.66938780937618,0.05537014490047238
7.124022941998975,800.033796673457,0.3816526105386491,0.37109192838410854,0.25508721510159477,-4.807240549365888,1.0,1.016650605701054,76.09984945600179,80.65603409463172,80.65603409463172,0,1,80.0,0,0.0,0.10502560477696037,0.27728538154309157,0,0.018906165576570842,0.5104166666666666,804.6562296201278,0.0,38.63389412862368,0.5356305843624981,843.8257543331139,s0104,96,0.18662381999999994,0.13125367509954264,0.05537014490047213,0.0023070893708530054,0.0516968867391885,29.66938780937618,0.05537014490047238
7.091509337517869,795.7629398745254,0.35933474694142675,0.4295678858352059,0.23080766498846456,-4.871781881645401,1.0,1.0170006665077087,74.00231783075853,81.9137222703232,81.9137222703232,0,1,80.0,0,0.0,0.10604613209594464,0.22772836411921082,0,0.014422764908814277,0.5104166666666666,804.6562296201278,0.0,31.616054774195636,0.5408352736893179,836.8131196680127,s0105,96,0.18662381999999994,0.13125367509954264,0.05537014490047213,0.0023070893708530054,0.0516968867391885,29.66938780937618,0.05537014490047238
7.171488309085788,804.9642000150416,0.3594331664809215,0.35463188830952064,0.28511365097841607,-4.8483372638225815,1.0,1.0172341482214324,75.76467171810087,84.3562795944028,84.3562795944028,0,2,80.0,0,0.0,0.12191735972201796,0.2885363867065994,0,0.019618670975404907,0.4583333333333333,804.6562296201278,0.0,39.9534111797874,0.6217785345822917,845.2314193344974,s0106,96,0.18662381999999994,0.13125367509954264,0.05537014490047213,0.0023070893708530054,0.0516968867391885,29.66938780937618,0.05537014490047238
7.089926971083699,796.6495141932804,0.3662937006283178,0.3815013318187009,0.23754457586630337,-4.907405614919223,1.0,1.0159530648209527,74.07072712619497,76.84773548208472,76.84773548208472,0,0,80.0,0,0.0,0.09774939294261352,0.28109585233649104,0,0.01671144093505639,0.5,804.6562296201278,0.0,39.19873715801381,0.4985219040073293,844.353488682149,s0107,96,0.18662381999999994,0.13125367509954264,0.05537014490047213,0.0023070893708530054,0.0516968867391885,29.66938780937618,0.05537014490047238
7.139158845106687,801.1087539240431,0.3637112797809335,0.37473863054213996,0.2163868356898044,-4.921096892190094,1.0,1.0169814981084229,74.73143643429246,85.08058639274778,85.08058639274778,0,1,80.0,0,0.0,0.10088381496911256,0.23857510852199126,0,0.015474963111906272,0.46875,804.6562296201278,0.0,33.972941427484436,0.5145074563424741,839.1436785039547,s0108,96,0.18662381999999994,0.13125367509954264,0.05537014490047213,0.0023070893708530054,0.0516968867391885,29.66938780937618,0.05537014490047238
7.208130111489732,808.9529002933534,0.3820810488211666,0.34253705340286716,0.2688703558521468,-4.854185732829321,1.0,1.0155916992009038,74.31171774950369,75.60630836545084,75.60630836545084,0,0,80.0,0,0.0,0.12043762069975623,0.24995149140411493,0,0.01782313970346362,0.46875,804.6562296201278,0.0,35.307746527407055,0.6142318655687565,840.5782080131036,s0109,96,0.18662381999999994,0.13125367509954264,0.05537014490047213,0.0023070893708530054,0.0516968867391885,29.66938780937618,0.05537014490047238
7.126214663242448,799.6979770080485,0.37907983492889746,0.3571881023822058,0.23102677094523516,-4.730672002460225,1.0,1.0156222455896313,75.45539922661445,74.83881977814987,74.83881977814987,0,0,80.0,0,0.0,0.09593528898637083,0.2717711027460682,0,0.016841632267638764,0.46875,804.6562296201278,0.0,38.129175443747584,0.4892699738304913,843.2746750377058,s0110,96,0.18662381999999994,0.13125367509954264,0.05537014490047213,0.0023070893708530054,0.0516968867391885,29.66938780937618,0.05537014490047238
7.147450443163376,802.4821646825451,0.36839667485567557,0.36332304949211075,0.2251622033913357,-4.853553623974538,1.0,1.017213888596626,74.88465451118313,84.02169716137581,84.02169716137581,0,1,80.0,0,0.0,0.10432649230264639,0.22132210805022381,0,0.013915189397668157,0.4895833333333333,804.6562296201278,0.0,30.802678727866777,0.5320651107434969,835.990973458738,s0111,96,0.18662381999999994,0.13125367509954264,0.05537014490047213,0.0023070893708530054,0.0516968867391885,29.66938780937618,0.05537014490047238
7.207877717643932,808.4113746355217,0.37717026317089314,0.37084891256541735,0.28065967688636156,-4.7304314007483095,1.0,1.016595615241583,74.7904111866103,80.385318647783,80.385318647783,0,1,80.0,0,0.0,0.10340708097256428,0.2537645845893036,0,0.015285700283092972,0.3854166666666667,804.6562296201278,0.0,35.996063183257704,0.5273761129600779,841.1796689163455,s0112,96,0.18662381999999994,0.13125367509954264,0.05537014490047213,0.0023070893708530054,0.0516968867391885,29.66938780937618,0.05537014490047238
7.114204941782086,798.8421109741402,0.3789616418604353,0.3906893771007396,0.24652713677848748,-4.789865082698365,1.0,1.0165532852226127,78.855420043977,79.87807267179036,79.87807267179036,0,0,80.0,0,0.0,0.10061787412636015,0.2934197636372462,0,0.019621054465334808,0.5416666666666666,804.6562296201278,0.0,41.045703087058,0.5131511580444371,846.2150838652302,s0113,96,0.18662381999999994,0.13125367509954264,0.05537014490047213,0.0023070893708530054,0.0516968867391885,29.66938780937618,0.05537014490047238
7.078750544634655,794.9371158886645,0.39223745006163946,0.4064979953398068,0.26662199397653724,-4.952240520438176,1.0,1.0158873256156506,77.91435802498063,75.93023064174892,75.93023064174892,0,0,80.0,0,0.0,0.10713687369555486,0.28845205978739824,0,0.018807513040262156,0.5729166666666666,804.6562296201278,0.0,40.12634867001909,0.5463980558473297,845.3289763459942,s0114,96,0.18662381999999994,0.13125367509954264,0.05537014490047213,0.0023070893708530054,0.0516968867391885,29.66938780937618,0.05537014490047238
7.116967359266361,799.045250463731,0.36850806118331386,0.3934130300179149,0.25179302911124335,-4.960660073020785,1.0,1.015792359060229,76.29814798508092,74.89766715126517,74.89766715126517,0,0,80.0,0,0.0,0.10745314404567863,0.2519200016990013,0,0.01626093674871251,0.53125,804.6562296201278,0.0,35.20751029016882,0.5480110346329611,840.4117509449295,s0115,96,0.18662381999999994,0.13125367509954264,0.05537014490047213,0.0023070893708530054,0.0516968867391885,29.66938780937618,0.05537014490047238
7.141954116088163,801.6554148017558,0.3748079498020709,0.3844094160176824,0.2419978555957785,-4.830233392230449,1.0,1.016422081629754,75.08764029553535,77.69505095577031,77.69505095577031,0,0,80.0,0,0.0,0.10159121726066421,0.236485293741117,0,0.01456122486687905,0.4375,804.6562296201278,0.0,33.19411501561748,0.5181152080293875,838.3684598437746,s0116,96,0.18662381999999994,0.13125367509954264,0.05537014490047213,0.0023070893708530054,0.0516968867391885,29.66938780937618,0.05537014490047238
7.120553548788959,800.0246853656869,0.3710423027130063,0.3699621666477253,0.2472148859847954,-4.768503430869568,1.0,1.016772966200452,74.43501444783645,81.47979758463488,81.47979758463488,0,1,80.0,0,0.0,0.0951578550940669,0.26283710219152134,0,0.016032649503848136,0.4583333333333333,804.6562296201278,0.0,36.47974638074173,0.48530506097974097,841.6212810618492,s0117,96,0.18662381999999994,0.13125367509954264,0.05537014490047213,0.0023070893708530054,0.0516968867391885,29.66938780937618,0.05537014490047238
7.101660751430767,797.9028972097053,0.3693206958916514,0.38762774845499415,0.21651895323390463,-4.896857685051064,1.0,1.0160026834719467,77.88682053158206,75.775078648388,75.775078648388,0,0,80.0,0,0.0,0.0856920886887663,0.250750048651343,0,0.01566280076695279,0.5416666666666666,804.6562296201278,0.0,34.934244264321016,0.43702965231270785,840.0275035367615,s0118,96,0.18662381999999994,0.13125367509954264,0.05537014490047213,0.0023070893708530054,0.0516968867391885,29.66938780937618,0.05537014490047238
7.098205702584223,796.1949390130942,0.36489136825907914,0.42359145414303756,0.2700213520867779,-4.858540806479705,1.0,1.0165557507522058,75.34516280668123,78.73999099792115,78.73999099792115,0,0,80.0,0,0.0,0.09697113634949406,0.27290996789062305,0,0.017628732474901244,0.4791666666666667,804.6562296201278,0.0,38.23439759363421,0.4945527953824197,843.3851800091444,s0119,96,0.18662381999999994,0.13125367509954264,0.05537014490047213,0.0023070893708530054,0.0516968867391885,29.66938780937618,0.05537014490047238
7.101485179929466,796.6004406215723,0.3598086510863395,0.37189271909307275,0.23372804266588032,-4.877566901960734,1.0,1.016829120143335,76.41112943198105,81.27997079583231,81.27997079583231,0,2,80.0,0,0.0,0.0999264453243966,0.223923474793844,0,0.015807230701695426,0.5104166666666666,804.6562296201278,0.0,30.724570215495,0.5096248711544223,835.8904247067771,s0120,96,0.18662381999999994,0.13125367509954264,0.05537014490047213,0.0023070893708530054,0.0516968867391885,29.66938780937618,0.05537014490047238
7.0246806962127595,789.405444283645,0.3648197648742217,0.4144816848476304,0.22673067990226145,-4.883553944312207,1.0,1.0167693690215323,74.82333943712109,81.36315435407944,81.36315435407944,0,1,80.0,0,0.0,0.09852469289995065,0.2642610590905499,0,0.014929903293386223,0.59375,804.6562296201278,0.0,36.84651118286799,0.5024759337897484,842.0052167367854,s0121,96,0.18662381999999994,0.13125367509954264,0.05537014490047213,0.0023070893708530054,0.0516968867391885,29.66938780937618,0.05537014490047238
7.158067105199167,803.0881565037794,0.36502210777356464,0.3572340558956195,0.2537090407286281,-4.812890906557295,1.0,1.0157444869321306,72.93003557562163,74.9432329480447,74.9432329480447,0,0,80.0,0,0.0,0.09045609717315028,0.2882529688845852,0,0.017282987350548885,0.53125,804.6562296201278,0.0,39.63625876299291,0.4613260955830666,844.7538144787038,s0122,96,0.18662381999999994,0.13125367509954264,0.05537014490047213,0.0023070893708530054,0.0516968867391885,29.66938780937618,0.05537014490047238
7.111549785655267,797.9443429283017,0.38170509119157464,0.4116096731394113,0.2571466464183929,-4.849250464744181,1.0,1.0165598288204694,76.95397521127893,79.70559977456861,79.70559977456861,0,0,80.0,0,0.0,0.09325234472173868,0.3113499341990972,0,0.01943075171052725,0.5729166666666666,804.6562296201278,0.0,43.44092177469297,0.4755869580808674,848.5727383529015,s0123,96,0.18662381999999994,0.13125367509954264,0.05537014490047213,0.0023070893708530054,0.0516968867391885,29.66938780937618,0.05537014490047238
7.161474512476154,803.3103342071443,0.38664489444048755,0.3395981373569577,0.2596864418333121,-4.796322901231803,1.0,1.0170989307207061,77.01707667350914,82.81937400880123,82.81937400880123,0,1,80.0,0,0.0,0.1085421450872786,0.2530337538164504,0,0.01712247108680268,0.5104166666666666,804.6562296201278,0.0,35.43812665559922,0.5535649399451211,840.6479212156721,s0124,96,0.18662381999999994,0.13125367509954264,0.05537014490047213,0.0023070893708530054,0.0516968867391885,29.66938780937618,0.05537014490047238
7.096321346263766,796.8715458097086,0.36233916922643356,0.39807025797602913,0.23435568329709056,-4.865431876574548,1.0,1.0163076828529294,73.92095470083613,77.66926746248446,77.66926746248446,0,0,80.0,0,0.0,0.1057309673568837,0.2590057423278366,0,0.015740983897893548,0.5416666666666666,804.6562296201278,0.0,36.206892057428675,0.5392279335201068,841.4023496110766,s0125,96,0.18662381999999994,0.13125367509954264,0.05537014490047213,0.0023070893708530054,0.0516968867391885,29.66938780937618,0.05537014490047238
7.206808654485777,809.1413016310582,0.37128091118920226,0.32551956629308176,0.26351203291801806,-4.854528307885064,1.0,1.0164157887413083,75.66700848166428,79.12393828423944,79.12393828423944,0,0,80.0,0,0.0,0.09829476158701822,0.2653122673530682,0,0.017148770809336324,0.4270833333333333,804.6562296201278,0.0,38.183587486716526,0.5013032840937929,843.341120390938,s0126,96,0.18662381999999994,0.13125367509954264,0.05537014490047213,0.0023070893708530054,0.0516968867391885,29.66938780937618,0.05537014490047238
7.13247048480305,800.858458369042,0.37504588505417846,0.37954272993967697,0.25431847585905665,-4.865671316939713,1.0,1.0160411763606814,74.45054267521711,75.30994878706957,75.30994878706957,0,0,80.0,0,0.0,0.10832396999800756,0.28512552666259444,0,0.01892834117891937,0.4791666666666667,804.6562296201278,0.0,39.93239186958678,0.5524522469898385,845.1410737367044,s0127,96,0.18662381999999994,0.13125367509954264,0.05537014490047213,0.0023070893708530054,0.0516968867391885,29.66938780937618,0.05537014490047238
7.117788054475312,798.6735119318781,0.3756584615118337,0.38479982323485573,0.2522160930089784,-4.774853503879469,1.0,1.0163038403520024,76.13661328171678,78.92902269143796,78.92902269143796,0,0,80.0,0,0.0,0.1099635910821755,0.2406052752247642,0,0.016203150766056003,0.4583333333333333,804.6562296201278,0.0,34.12584893589986,0.560814314519095,839.3428928705467,s0128,96,0.18662381999999994,0.13125367509954264,0.05537014490047213,0.0023070893708530054,0.0516968867391885,29.66938780937618,0.05537014490047238
7.149286643881447,803.5429462690872,0.3694296994391303,0.35457188466949807,0.2277086103882384,-4.794368084234452,1.0,1.0154449903868907,75.31347564521252,74.27161713526361,74.27161713526361,0,0,80.0,0,0.0,0.08285357510774194,0.3004479198873805,0,0.020480583037445946,0.4270833333333333,804.6562296201278,0.0,42.2380854124458,0.4225532330494839,847.316868265623,s0129,96,0.18662381999999994,0.13125367509954264,0.05537014490047213,0.0023070893708530054,0.0516968867391885,29.66938780937618,0.05537014490047238
7.084748539149319,795.8958853875349,0.4001538820016146,0.4073772125462213,0.2832520442467781,-4.863877897460359,1.0,1.0173499410268674,77.52906919127457,83.91933512450348,83.91933512450348,0,1,80.0,0,0.0,0.1026611334915558,0.2950472472473702,0,0.0173893109307432,0.5729166666666666,804.6562296201278,0.0,42.105068426113824,0.5235717808069349,847.2848698270485,s0130,96,0.18662381999999994,0.13125367509954264,0.05537014490047213,0.0023070893708530054,0.0516968867391885,29.66938780937618,0.05537014490047238
7.132855217224341,800.5397835387857,0.368685757464534,0.38810810685802777,0.21585768971082675,-4.856574390304673,1.0,1.016751837553805,73.4030567182559,81.68950679351164,81.68950679351164,0,1,80.0,0,0.0,0.0902392100457162,0.2500175289481129,0,0.016264977770647306,0.5208333333333334,804.6562296201278,0.0,34.68339253092144,0.4602199712331524,839.7998421222824,s0131,96,0.18662381999999994,0.13125367509954264,0.05537014490047213,0.0023070893708530054,0.0516968867391885,29.66938780937618,0.05537014490047238
7.168640878644852,803.757447696197,0.369565605512717,0.3544068431684393,0.23425165205190487,-4.859611150528593,1.0,1.016278334639084,76.16108308706494,78.47019842877936,78.47019842877936,0,0,80.0,0,0.0,0.09863355632452869,0.23114245376519,0,0.014903916567274017,0.4375,804.6562296201278,0.0,32.00471032701656,0.5030311372550964,837.1639710843995,s0132,96,0.18662381999999994,0.13125367509954264,0.05537014490047213,0.0023070893708530054,0.0516968867391885,29.66938780937618,0.05537014490047238
7.132759637060902,800.1203852142378,0.37381676925794494,0.358924263676778,0.27507351074637715,-4.89101571776685,1.0,1.0156803250726383,72.92750993430064,76.50648958519862,76.50648958519862,0,0,80.0,0,0.0,0.10611411646514737,0.2484839665603943,0,0.015023200166683237,0.5,804.6562296201278,0.0,34.42843939255726,0.5411819939722514,839.6258510066573,s0133,96,0.18662381999999994,0.13125367509954264,0.05537014490047213,0.0023070893708530054,0.0516968867391885,29.66938780937618,0.05537014490047238
7.176064581257557,805.5934898152491,0.37284770377769566,0.35527051259059655,0.26256086272621615,-4.881228668546562,1.0,1.0159925310780804,75.78318587595004,75.50928829099196,75.50928829099196,0,0,80.0,0,0.0,0.08450101006587557,0.2558502868965482,0,0.015419163735966567,0.4166666666666667,804.6562296201278,0.0,36.12804924525086,0.43095515133596524,841.2152340167146,s0134,96,0.18662381999999994,0.13125367509954264,0.05537014490047213,0.0023070893708530054,0.0516968867391885,29.66938780937618,0.05537014490047238
7.097725165681581,796.3089709236162,0.3631419931402195,0.42256899119702296,0.24498590751907612,-4.879211624484047,1.0,1.016162893844942,75.65534290413596,78.19357958519551,78.19357958519551,0,0,80.0,0,0.0,0.10475584402012983,0.24836251869706052,0,0.01706917835963987,0.4583333333333333,804.6562296201278,0.0,35.20097060611076,0.5342548045026623,840.3914550307412,s0135,96,0.18662381999999994,0.13125367509954264,0.05537014490047213,0.0023070893708530054,0.0516968867391885,29.66938780937618,0.05537014490047238
7.1043906114398645,797.542827872398,0.37071000915281765,0.4168889597467519,0.22317224303875807,-4.8696347109593,1.0,1.0158669763367303,73.4220113783575,75.98964626111926,75.98964626111926,0,0,80.0,0,0.0,0.08525123330503762,0.25743317218821254,0,0.014990005883172125,0.5208333333333334,804.6562296201278,0.0,35.83242576373052,0.43478128985569214,840.9234366737139,s0136,96,0.18662381999999994,0.13125367509954264,0.05537014490047213,0.0023070893708530054,0.0516968867391885,29.66938780937618,0.05537014490047238
7.161684758996385,804.0481735066764,0.36969984459493255,0.36270151211058765,0.26894099727101084,-4.86267451457944,1.0,1.0181633648218615,78.37232739039317,88.97672731965706,88.97672731965706,0,2,80.0,0,0.0,0.12269286795228733,0.21837928602219986,0,0.015102075169944794,0.46875,804.6562296201278,0.0,30.712872036542045,0.6257336265566654,835.9948352832265,s0137,96,0.18662381999999994,0.13125367509954264,0.05537014490047213,0.0023070893708530054,0.0516968867391885,29.66938780937618,0.05537014490047238
7.154394317935905,803.397330998602,0.3679616222179641,0.37313819608094567,0.21478995664978986,-4.796026807700668,1.0,1.016000286859786,71.6188472161537,76.2391974169904,76.2391974169904,0,0,80.0,0,0.0,0.10225052354631431,0.20158145619683226,0,0.012971988584587089,0.5,804.6562296201278,0.0,28.155860726571962,0.5214776700862029,833.333568016786,s0138,96,0.18662381999999994,0.13125367509954264,0.05537014490047213,0.0023070893708530054,0.0516968867391885,29.66938780937618,0.05537014490047238
7.084127433991142,795.9264038012316,0.37366919554317524,0.3918814963539746,0.23007398706720528,-4.819073568835665,1.0,1.0167820682141941,74.3112698206722,80.98845456690343,80.98845456690343,0,1,80.0,0,0.0,0.09075776767336385,0.24650371827196607,0,0.014835737869709069,0.5833333333333334,804.6562296201278,0.0,34.86796368605707,0.46286461513415583,839.987057921319,s0139,96,0.18662381999999994,0.13125367509954264,0.05537014490047213,0.0023070893708530054,0.0516968867391885,29.66938780937618,0.05537014490047238
7.0962631016355235,797.1960030874604,0.36805087001873843,0.38318647321715055,0.22762333816857586,-4.774565871973125,1.0,1.01635863024657,74.9932494785164,77.58573139211919,77.58573139211919,0,0,80.0,0,0.0,0.09372844910127148,0.2608157204521104,0,0.01789606018625502,0.5,804.6562296201278,0.0,36.59787812872432,0.47801509041648443,841.7321228392686,s0140,96,0.18662381999999994,0.13125367509954264,0.05537014490047213,0.0023070893708530054,0.0516968867391885,29.66938780937618,0.05537014490047238
7.173984447865717,804.7657377025339,0.3830178890341948,0.3348974609078935,0.22761286748240095,-4.8219839888798495,1.0,1.0158209413291879,76.10450519446744,76.74747381915144,76.74747381915144,0,0,80.0,0,0.0,0.08155077279012388,0.28744517173747236,0,0.01859138515526587,0.4583333333333333,804.6562296201278,0.0,40.6994546600337,0.4159089412296318,845.7715932213911,s0141,96,0.18662381999999994,0.13125367509954264,0.05537014490047213,0.0023070893708530054,0.0516968867391885,29.66938780937618,0.05537014490047238
7.162237106796574,803.85066069558,0.3800928217426075,0.3607887698469403,0.2798455717577851,-4.760641491890561,1.0,1.0169138059001717,75.28380689590699,82.37792500440604,82.37792500440604,0,1,80.0,0,0.0,0.1019743168572057,0.2631630654426787,0,0.01766926037224016,0.4479166666666667,804.6562296201278,0.0,36.3782688933918,0.5200690159717488,841.5545675294914,s0142,96,0.18662381999999994,0.13125367509954264,0.05537014490047213,0.0023070893708530054,0.0516968867391885,29.66938780937618,0.05537014490047238
7.073068050586554,794.7333710412192,0.36768209127784185,0.40565337672178703,0.21394555643814472,-4.841119189299341,1.0,1.0158276754336095,75.40272268158014,75.02952367627141,75.02952367627141,0,0,80.0,0,0.0,0.08309964355519595,0.21806626677887678,0,0.013035993180985823,0.5729166666666666,804.6562296201278,0.0,30.22147157319005,0.42380818213149923,835.3015093754493,s0143,96,0.18662381999999994,0.13125367509954264,0.05537014490047213,0.0023070893708530054,0.0516968867391885,29.66938780937618,0.05537014490047238
7.086230211075643,796.7594447961512,0.3793765903307189,0.4148515329081842,0.2193296240852029,-4.896671840233288,1.0,1.0165737275142182,72.21817471513057,79.68300158982345,79.68300158982345,0,0,80.0,0,0.0,0.08454000851045956,0.282036808256304,0,0.016612090875914306,0.5104166666666666,804.6562296201278,0.0,39.900564922381086,0.43115404340334373,844.9879485859122,s0144,96,0.18662381999999994,0.13125367509954264,0.05537014490047213,0.0023070893708530054,0.0516968867391885,29.66938780937618,0.05537014490047238
7.069403031596862,793.3522102932066,0.3717500182896336,0.4168103758855046,0.2952375962888233,-4.928312008822373,1.0,1.016336597986314,74.99226466654711,78.26120657138435,78.26120657138435,0,0,80.0,0,0.0,0.09892080546758715,0.3127051227741892,0,0.02011836410490108,0.59375,804.6562296201278,0.0,44.433093487520175,0.5044961078846946,849.5938192155327,s0145,96,0.18662381999999994,0.13125367509954264,0.05537014490047213,0.0023070893708530054,0.0516968867391885,29.66938780937618,0.05537014490047238
7.030496223091766,789.7745934425534,0.36598558118013896,0.42861702330778045,0.263580797080768,-4.836125550459733,1.0,1.0166911942705232,74.59003925851182,80.43743713234224,80.43743713234224,0,2,80.0,0,0.0,0.10573755350002303,0.269129622154772,0,0.016873606243322157,0.6145833333333334,804.6562296201278,0.0,36.89687793942255,0.5392615228501172,842.0923690824004,s0146,96,0.18662381999999994,0.13125367509954264,0.05537014490047213,0.0023070893708530054,0.0516968867391885,29.66938780937618,0.05537014490047238
7.047898755396957,791.4199696819865,0.37002500551912276,0.4089183952744698,0.26526424412493255,-4.794629598771352,1.0,1.016739738029774,75.91310834487797,81.30874989444301,81.30874989444301,0,1,80.0,0,0.0,0.09146010992811011,0.2701116053770555,0,0.015064324902811607,0.625,804.6562296201278,0.0,38.10792286129942,0.4664465606333616,843.2305990420606,s0147,96,0.18662381999999994,0.13125367509954264,0.05537014490047213,0.0023070893708530054,0.0516968867391885,29.66938780937618,0.05537014490047238
7.198423250695016,807.2359232255171,0.3661052919743991,0.35925390191353634,0.25610509247826263,-4.819729803791286,1.0,1.0166277108266526,75.82764045664129,79.39771175806854,79.39771175806854,0,0,80.0,0,0.0,0.1096387735310978,0.2357967957779798,0,0.016113495680313793,0.375,804.6562296201278,0.0,33.28263708297679,0.5591577450085986,838.4980244481131,s0148,96,0.18662381999999994,0.13125367509954264,0.05537014490047213,0.0023070893708530054,0.0516968867391885,29.66938780937618,0.05537014490047238
7.1344008567720145,801.3321778796687,0.37567509551679,0.3651098821170162,0.23704457587357314,-4.806511890594625,1.0,1.0153139285876664,74.65209551282804,73.67964142528768,73.67964142528768,0,0,80.0,0,0.0,0.09350101568977567,0.26041352767570525,0,0.016315971728804203,0.5208333333333334,804.6562296201278,0.0,36.43665444177528,0.4768551800178559,841.569739241921,s0149,96,0.18662381999999994,0.13125367509954264,0.05537014490047213,0.0023070893708530054,0.0516968867391885,29.66938780937618,0.05537014490047238
7.088455340440846,796.147002192248,0.37049233306441,0.40589100905669967,0.25322429458188833,-4.773771529325923,1.0,1.0160010274394469,73.66472808145718,75.6161712162093,75.6161712162093,0,0,80.0,0,0.0,0.08586057448533099,0.2591263706527015,0,0.01531452056527815,0.5520833333333334,804.6562296201278,0.0,36.33792577938562,0.43788892987518807,841.4320443293885,s0150,96,0.18662381999999994,0.13125367509954264,0.05537014490047213,0.0023070893708530054,0.0516968867391885,29.66938780937618,0.05537014490047238
7.139879875345346,801.8542467446978,0.39193425440312046,0.34617471963295066,0.24144509380995272,-4.775689041289827,1.0,1.015897026739905,75.72259429811943,76.56996326397457,76.56996326397457,0,0,80.0,0,0.0,0.07414630765993196,0.2635828422080123,0,0.017315864710040235,0.5520833333333334,804.6562296201278,0.0,37.81548232488286,0.3781461690656529,842.8498581140763,s0151,96,0.18662381999999994,0.13125367509954264,0.05537014490047213,0.0023070893708530054,0.0516968867391885,29.66938780937618,0.05537014490047238
7.1651704161398415,803.8982991191174,0.36595362843891954,0.33617398957578537,0.24793308598089242,-4.78331544556973,1.0,1.0164415455568059,74.3633294574858,77.86410346974061,77.86410346974061,0,0,80.0,0,0.0,0.10291185020006396,0.23275549983628357,0,0.014488271020788545,0.4270833333333333,804.6562296201278,0.0,32.625771978363225,0.5248504360203264,837.8068520345113,s0152,96,0.18662381999999994,0.13125367509954264,0.05537014490047213,0.0023070893708530054,0.0516968867391885,29.66938780937618,0.05537014490047238
7.107240772318125,798.1016520237856,0.3726258942979005,0.3457460328003357,0.2324926687207698,-4.881262752661206,1.0,1.0166715373532347,75.40860476245925,80.82400477496543,80.82400477496543,0,1,80.0,0,0.0,0.09458929117664822,0.2249814110604669,0,0.013522533457944049,0.6145833333333334,804.6562296201278,0.0,31.27003465764888,0.4824053850009058,836.4086696627776,s0153,96,0.18662381999999994,0.13125367509954264,0.05537014490047213,0.0023070893708530054,0.0516968867391885,29.66938780937618,0.05537014490047238
7.0518903234742,792.169097925006,0.3614770742987081,0.4216000518828966,0.23428241474541303,-4.80011943121701,1.0,1.0173495343735701,74.11457553396392,85.07911367648778,85.07911367648778,0,1,80.0,0,0.0,0.10419726795084053,0.29646468397965947,0,0.019602276892252562,0.5729166666666666,804.6562296201278,0.0,41.86636909791039,0.5314060665492866,847.0540047845874,s0154,96,0.18662381999999994,0.13125367509954264,0.05537014490047213,0.0023070893708530054,0.0516968867391885,29.66938780937618,0.05537014490047238
7.180236147720913,805.2187858503131,0.367121408188314,0.3729319925094742,0.2446249381324394,-4.833579612496162,1.0,1.0156536441282062,74.35180806188055,75.56912690390195,75.56912690390195,0,0,80.0,0,0.0,0.08351655827426425,0.25134914474434655,0,0.015738035338665614,0.5104166666666666,804.6562296201278,0.0,35.45579032304756,0.42593444719874757,840.5379543903741,s0155,96,0.18662381999999994,0.13125367509954264,0.05537014490047213,0.0023070893708530054,0.0516968867391885,29.66938780937618,0.05537014490047238
7.1629429432248015,804.0682849867926,0.40374133887232494,0.37903376859702675,0.24709266674518782,-4.797476910902186,1.0,1.016544012691833,72.64894968753684,79.12915714426565,79.12915714426565,0,0,80.0,0,0.0,0.1142528002798219,0.21978593199677818,0,0.015043584567594673,0.4895833333333333,804.6562296201278,0.0,30.787558608641547,0.5826892814270914,836.0264775101964,s0156,96,0.18662381999999994,0.13125367509954264,0.05537014490047213,0.0023070893708530054,0.0516968867391885,29.66938780937618,0.05537014490047238
7.056213218464062,793.0251750982632,0.36756677037862484,0.4209504276707504,0.2872947509991475,-4.82013334198532,1.0,1.0164326895696147,76.04954873083709,77.518203731337,77.518203731337,0,0,80.0,0,0.0,0.10120509008658213,0.3286602243796079,0,0.020365728436622696,0.5208333333333334,804.6562296201278,0.0,45.65748095992238,0.5161459594415687,850.8298565394917,s0157,96,0.18662381999999994,0.13125367509954264,0.05537014490047213,0.0023070893708530054,0.0516968867391885,29.66938780937618,0.05537014490047238
7.12730652302762,800.1288700303371,0.36354736560155704,0.3949540868032183,0.2549594371489292,-4.853814848946636,1.0,1.0159625378170938,76.08221391804501,75.4170088969824,75.4170088969824,0,0,80.0,0,0.0,0.10707993613335895,0.25885810167444195,0,0.016624927798230757,0.5104166666666666,804.6562296201278,0.0,35.87247066029007,0.5461076742801309,841.074807954698,s0158,96,0.18662381999999994,0.13125367509954264,0.05537014490047213,0.0023070893708530054,0.0516968867391885,29.66938780937618,0.05537014490047238
7.140697821103532,800.9874697408537,0.3655404054587887,0.36350840561688036,0.24707021317207903,-4.746814269064455,1.0,1.0162050679871233,74.56815062873045,78.72314543797367,78.72314543797367,0,0,80.0,0,0.0,0.11102740134583979,0.246794850508295,0,0.01638225609055654,0.5208333333333334,804.6562296201278,0.0,34.430562432976345,0.566239746863783,839.6530317999678,s0159,96,0.18662381999999994,0.13125367509954264,0.05537014490047213,0.0023070893708530054,0.0516968867391885,29.66938780937618,0.05537014490047238
7.159135626652472,803.5433608737978,0.36706885853677973,0.3495954700231807,0.23695898944962823,-4.8002793678035625,1.0,1.0169961490375028,78.89427806844485,81.83497672068495,81.83497672068495,0,1,80.0,0,0.0,0.08622314240935218,0.24769151174636708,0,0.015017210518299356,0.5,804.6562296201278,0.0,34.45194212903804,0.4397380262876959,839.5479097754535,s0160,96,0.18662381999999994,0.13125367509954264,0.05537014490047213,0.0023070893708530054,0.0516968867391885,29.66938780937618,0.05537014490047238
7.129168699673579,800.3921821501685,0.3843268829043382,0.396001682652957,0.2708704317878031,-4.889698839028455,1.0,1.0160056957675827,75.15875001860657,76.20926444362026,76.20926444362026,0,0,80.0,0,0.0,0.10716003917456537,0.2625125809703957,0,0.016932274671056118,0.4583333333333333,804.6562296201278,0.0,36.623131455707046,0.5465161997902829,841.8258772756251,s0161,96,0.18662381999999994,0.13125367509954264,0.05537014490047213,0.0023070893708530054,0.0516968867391885,29.66938780937618,0.05537014490047238
7.113193375457401,798.5661492131227,0.3683043579441711,0.3916290478601737,0.22250783505323884,-4.801062451210913,1.0,1.0165621667262488,75.7498015666193,78.50763461995695,78.50763461995695,0,0,80.0,0,0.0,0.09150250979252326,0.2455709326008922,0,0.016436831131938626,0.4479166666666667,804.6562296201278,0.0,34.53309013332274,0.4666627999418686,839.6559825533924,s0162,96,0.18662381999999994,0.13125367509954264,0.05537014490047213,0.0023070893708530054,0.0516968867391885,29.66938780937618,0.05537014490047238
7.094787954092483,796.9278405566607,0.37205159690413214,0.38751258243708214,0.23801071521919503,-4.806643038868896,1.0,1.0172374714853902,74.77086186919183,83.20492125572717,83.20492125572717,0,1,80.0,0,0.0,0.08773548123860281,0.2291400221307308,0,0.014735449684650445,0.4791666666666667,804.6562296201278,0.0,32.158362201634056,0.4474509543168743,837.2620427760787,s0163,96,0.18662381999999994,0.13125367509954264,0.05537014490047213,0.0023070893708530054,0.0516968867391885,29.66938780937618,0.05537014490047238
7.111180519085105,797.7598188420899,0.37443165955093816,0.380247025843512,0.25300619348201203,-4.8346997669909415,1.0,1.0162739329065777,74.29560723136646,77.76046258921217,77.76046258921217,0,0,80.0,0,0.0,0.09379346992311942,0.2768712119795991,0,0.017694759307301418,0.5,804.6562296201278,0.0,38.599586285605476,0.4783466966079088,843.7341626023411,s0164,96,0.18662381999999994,0.13125367509954264,0.05537014490047213,0.0023070893708530054,0.0516968867391885,29.66938780937618,0.05537014490047238
7.084085000060206,795.3196553751022,0.3700577539756531,0.3879692869283473,0.2345141924489344,-4.7330079675802885,1.0,1.015611935171953,76.23333123936702,74.15449504806398,74.15449504806398,0,0,80.0,0,0.0,0.08936308031170136,0.25602847250399446,0,0.016392981230325298,0.4583333333333333,804.6562296201278,0.0,36.404018904684285,0.45575170958967703,841.5160002344018,s0165,96,0.18662381999999994,0.13125367509954264,0.05537014490047213,0.0023070893708530054,0.0516968867391885,29.66938780937618,0.05537014490047238
7.195704878942629,807.8136358864733,0.3737394236331219,0.3567843559311039,0.24575604968952278,-4.826581001441664,1.0,1.0162883653792139,73.85226637202476,79.03153474510424,79.03153474510424,0,0,80.0,0,0.0,0.10238533742628464,0.28012290642560567,0,0.0184079873538404,0.4375,804.6562296201278,0.0,39.68103028848431,0.5221652208740517,844.8594251294861,s0166,96,0.18662381999999994,0.13125367509954264,0.05537014490047213,0.0023070893708530054,0.0516968867391885,29.66938780937618,0.05537014490047238
7.170181724209979,804.1233433510077,0.37607379959057563,0.3404645756775426,0.26513097753149417,-4.771335797286757,1.0,1.0162839822872498,74.69197027016071,77.49065714893007,77.49065714893007,0,0,80.0,0,0.0,0.10273506613937819,0.2976823770191489,0,0.020740050324941625,0.4166666666666667,804.6562296201278,0.0,42.064514439066485,0.5239488373108288,847.2446928965051,s0167,96,0.18662381999999994,0.13125367509954264,0.05537014490047213,0.0023070893708530054,0.0516968867391885,29.66938780937618,0.05537014490047238
7.111656472144457,798.9242432396071,0.38294192291304074,0.39660206736202536,0.24479848275954727,-4.883536157504656,1.0,1.0162621945406742,75.82251998566157,78.80863166625865,78.80863166625865,0,0,80.0,0,0.0,0.10005204217513936,0.25234352823081546,0,0.016600562788909857,0.46875,804.6562296201278,0.0,35.09213093394434,0.5102654150932106,840.2586259691652,s0168,96,0.18662381999999994,0.13125367509954264,0.05537014490047213,0.0023070893708530054,0.0516968867391885,29.66938780937618,0.05537014490047238
7.113477074123315,798.4656756853001,0.3611393850063121,0.38086060404584154,0.24338400504899477,-4.838777459344448,1.0,1.0156889599127668,76.27877360488078,75.53860871557839,75.53860871557839,0,0,80.0,0,0.0,0.09759365877690426,0.26112524259057074,0,0.016820417830976767,0.53125,804.6562296201278,0.0,36.393318926962245,0.4977276597622116,841.5472762068522,s0169,96,0.18662381999999994,0.13125367509954264,0.05537014490047213,0.0023070893708530054,0.0516968867391885,29.66938780937618,0.05537014490047238
7.1565566557346525,803.0440011753701,0.37718774719369985,0.32301450531341974,0.28074444324487724,-4.680302658995689,1.0,1.0172805015684503,75.07723007811586,84.02909795166453,84.02909795166453,0,2,80.0,0,0.0,0.0995045295845705,0.25375796191872474,0,0.015772898883613325,0.4479166666666667,804.6562296201278,0.0,35.5983717599795,0.5074731008813095,840.7620744809885,s0170,96,0.18662381999999994,0.13125367509954264,0.05537014490047213,0.0023070893708530054,0.0516968867391885,29.66938780937618,0.05537014490047238
7.0843074996621,795.5555927273797,0.3677077415776437,0.42012785821803045,0.24288293606310932,-4.844620477665676,1.0,1.015783668104817,76.68865104611439,74.41684320456872,74.41684320456872,0,0,80.0,0,0.0,0.1092614780082298,0.243516297025624,1,0.016365910096523915,0.5,804.6562296201278,0.0,34.2308666134929,0.557233537841972,839.4443297714627,s0171,96,0.18662381999999994,0.13125367509954264,0.05537014490047213,0.0023070893708530054,0.0516968867391885,29.66938780937618,0.05537014490047238
7.117287241648112,799.4308914152862,0.3784003061849798,0.3916822199763208,0.23270958826867816,-4.850382040079601,1.0,1.0155123906048626,75.05910626400758,73.63676570123513,73.63676570123513,0,0,80.0,0,0.0,0.08217062852611161,0.25695124546469245,0,0.015018235421341536,0.5625,804.6562296201278,0.0,36.018919184445664,0.4190702054831693,841.0942190100566,s0172,96,0.18662381999999994,0.13125367509954264,0.05537014490047213,0.0023070893708530054,0.0516968867391885,29.66938780937618,0.05537014490047238
7.0647063019906,793.4442495279327,0.3694222293182938,0.38317281100032297,0.2440440873197526,-4.81221352782336,1.0,1.0164242550761122,74.38034434075779,83.15395933066084,83.15395933066084,0,1,80.0,0,0.0,0.10474884501920008,0.27017653751362786,0,0.01710019884346878,0.5208333333333334,804.6562296201278,0.0,37.784774009747615,0.5342191095979203,842.9752227394732,s0173,96,0.18662381999999994,0.13125367509954264,0.05537014490047213,0.0023070893708530054,0.0516968867391885,29.66938780937618,0.05537014490047238
7.14861736520406,801.7100769823816,0.386112543639926,0.3692034991412244,0.25015162098709787,-4.857396008423176,1.0,1.0159810279612753,75.17982436783424,77.69244190213328,77.69244190213328,0,0,80.0,0,0.0,0.09867830795679336,0.2527128822633513,0,0.01625547205422291,0.4791666666666667,804.6562296201278,0.0,35.48585504627593,0.5032593705796456,840.6453440369833,s0174,96,0.18662381999999994,0.13125367509954264,0.05537014490047213,0.0023070893708530054,0.0516968867391885,29.66938780937618,0.05537014490047238
7.107302106948737,797.9951991834002,0.3718470032877536,0.3785964273923671,0.25906850990643454,-4.775589882020449,1.0,1.0167927104397092,74.71530980525304,81.70210670331605,81.70210670331605,0,1,80.0,0,0.0,0.10285135498572598,0.23409185559376056,0,0.014054982015859613,0.5208333333333334,804.6562296201278,0.0,33.030000514883106,0.5245419104272028,838.210772045438,s0175,96,0.18662381999999994,0.13125367509954264,0.05537014490047213,0.0023070893708530054,0.0516968867391885,29.66938780937618,0.05537014490047238
7.165555941788874,804.71090901355,0.36678473828399044,0.3397524337000891,0.24522533697903628,-4.796649284159038,1.0,1.0157527686547767,74.26954400185075,74.82658769119485,74.82658769119485,0,0,80.0,0,0.0,0.08104115799486641,0.2738081447518482,0,0.015962994053342967,0.5208333333333334,804.6562296201278,0.0,39.090290277375274,0.4133099057738185,844.1598298032769,s0176,96,0.18662381999999994,0.13125367509954264,0.05537014490047213,0.0023070893708530054,0.0516968867391885,29.66938780937618,0.05537014490047238
7.147204411820985,801.914784557366,0.36944901804867397,0.4137060257522628,0.2597302023065211,-4.8374666497228125,1.0,1.017380108807774,73.88166499073266,85.480612778436,85.480612778436,0,2,80.0,0,0.0,0.09789307131924031,0.26605984088997514,0,0.01675964360316092,0.46875,804.6562296201278,0.0,36.95900256306003,0.4992546637281257,842.114486846916,s0177,96,0.18662381999999994,0.13125367509954264,0.05537014490047213,0.0023070893708530054,0.0516968867391885,29.66938780937618,0.05537014490047238
7.162122201614755,804.1957094354991,0.3707745859054036,0.35409638501499674,0.2839881011267514,-4.848933018300374,1.0,1.0153134684568812,76.01608272285462,73.98305147346437,73.98305147346437,0,0,80.0,0,0.0,0.11313883301796525,0.2682423977494579,0,0.017306415665355138,0.4583333333333333,804.6562296201278,0.0,36.957331637662534,0.5770080483916223,842.1905693061818,s0178,96,0.18662381999999994,0.13125367509954264,0.05537014490047213,0.0023070893708530054,0.0516968867391885,29.66938780937618,0.05537014490047238
7.07692411339983,794.6559231625877,0.37620744901930386,0.4003991140443539,0.23198393610216358,-4.872002531521502,1.0,1.0160506400109952,75.44571276543766,77.34613531316323,77.34613531316323,0,0,80.0,0,0.0,0.09593769718283704,0.22923205882181347,0,0.014047715986248007,0.59375,804.6562296201278,0.0,32.09291235428324,0.48928225563246885,837.2384242300435,s0179,96,0.18662381999999994,0.13125367509954264,0.05537014490047213,0.0023070893708530054,0.0516968867391885,29.66938780937618,0.05537014490047238
7.0955863301899935,796.7319615929663,0.3696272643855798,0.3557212340274388,0.23218387544586286,-4.8399326106499805,1.0,1.0159749867953807,76.89092341868387,76.77697629309176,76.77697629309176,0,0,80.0,0,0.0,0.08262226897512215,0.24573692645874579,0,0.015145527520852598,0.5208333333333334,804.6562296201278,0.0,34.955060899059724,0.42137357177312307,840.0326640909606,s0180,96,0.18662381999999994,0.13125367509954264,0.05537014490047213,0.0023070893708530054,0.0516968867391885,29.66938780937618,0.05537014490047238
7.166852816747664,804.2364807321096,0.35714401692281755,0.3331266094948243,0.21728333162800795,-4.871562631046589,1.0,1.0163973346312174,72.92851582000166,78.41920348143428,78.41920348143428,0,0,80.0,0,0.0,0.09960666031290574,0.2233346327439376,0,0.015459378730809476,0.4791666666666667,804.6562296201278,0.0,31.33570808377257,0.5079939675958189,836.4999316714961,s0181,96,0.18662381999999994,0.13125367509954264,0.05537014490047213,0.0023070893708530054,0.0516968867391885,29.66938780937618,0.05537014490047238
7.101957492711398,797.8536838186377,0.36252023087430146,0.3942370090805466,0.25495196742242054,-4.884097977972547,1.0,1.0177148798136144,74.84393053276985,86.35462489532625,86.35462489532625,0,2,80.0,0,0.0,0.113305577440411,0.2582457539358376,0,0.016165272446122328,0.5208333333333334,804.6562296201278,0.0,36.13518332979408,0.5778584449460963,841.369271394868,s0182,96,0.18662381999999994,0.13125367509954264,0.05537014490047213,0.0023070893708530054,0.0516968867391885,29.66938780937618,0.05537014490047238
7.130236515246903,800.2264042930394,0.39472947370330413,0.42536100534176413,0.2489876817506919,-4.903848398223878,1.0,1.0158029413368768,75.52534332483903,74.86367468450794,74.86367468450794,0,0,80.0,0,0.0,0.11420944861661857,0.2719309406830529,0,0.017354644572680013,0.4479166666666667,804.6562296201278,0.0,38.466152380004516,0.5824681879447544,843.704850188077,s0183,96,0.18662381999999994,0.13125367509954264,0.05537014490047213,0.0023070893708530054,0.0516968867391885,29.66938780937618,0.05537014490047238
7.1522329609775035,802.4424631772149,0.3846055299420166,0.33576051665650875,0.240183315089541,-4.796592274057453,1.0,1.0166790705674096,75.20697606235457,81.30729121162074,81.30729121162074,0,1,80.0,0,0.0,0.0979466920287907,0.2615803917819087,0,0.016320741541354072,0.4895833333333333,804.6562296201278,0.0,36.49407769146952,0.4995281293468324,841.6498354409441,s0184,96,0.18662381999999994,0.13125367509954264,0.05537014490047213,0.0023070893708530054,0.0516968867391885,29.66938780937618,0.05537014490047238
7.097621914176381,797.4819887654061,0.36561931955318167,0.38780223761755217,0.22648589946874575,-4.889599296213956,1.0,1.0164086858518522,73.9829699750525,78.34759062676166,78.34759062676166,0,0,80.0,0,0.0,0.09939273567942371,0.2595982243441878,0,0.016969465014245597,0.4479166666666667,804.6562296201278,0.0,35.91109292463214,0.5069029519650606,841.074225496725,s0185,96,0.18662381999999994,0.13125367509954264,0.05537014490047213,0.0023070893708530054,0.0516968867391885,29.66938780937618,0.05537014490047238
7.130660860049268,800.328036656447,0.37059819499577673,0.3848202293060892,0.258758396391913,-4.89210887441621,1.0,1.0167615185820684,75.14624193834601,80.36108480719835,80.36108480719835,0,1,80.0,0,0.0,0.082962302851319,0.2748319945950532,0,0.015611277313014468,0.5416666666666666,804.6562296201278,0.0,38.11969634793612,0.4231077445417268,843.1990337126057,s0186,96,0.18662381999999994,0.13125367509954264,0.05537014490047213,0.0023070893708530054,0.0516968867391885,29.66938780937618,0.05537014490047238
7.1185123365204355,798.9749687257363,0.39287826127318215,0.38444510939666027,0.25147549047492473,-4.785847077168188,1.0,1.0167508783084367,75.69807395396745,80.1705513441629,80.1705513441629,0,1,80.0,0,0.0,0.10742453380788244,0.24103285610265868,0,0.01563784247125376,0.5625,804.6562296201278,0.0,34.249436429353864,0.5478651224202006,839.4535311719018,s0187,96,0.18662381999999994,0.13125367509954264,0.05537014490047213,0.0023070893708530054,0.0516968867391885,29.66938780937618,0.05537014490047238
7.070875792298271,794.3414202121173,0.37299477402082026,0.3933669360411548,0.25109530551364095,-4.827246075223752,1.0,1.016543695615149,75.70010017961557,80.09608287881316,80.09608287881316,0,1,80.0,0,0.0,0.10496547596523399,0.2690401386960804,0,0.015891866214974616,0.5520833333333334,804.6562296201278,0.0,37.89809629755272,0.5353239274226934,843.0896498451032,s0188,96,0.18662381999999994,0.13125367509954264,0.05537014490047213,0.0023070893708530054,0.0516968867391885,29.66938780937618,0.05537014490047238
7.0654259430138,793.331943309085,0.36965273730440656,0.4096079435648119,0.20618991638259693,-4.790943092955474,1.0,1.0158324666162526,74.52886132136051,74.85000576679303,74.85000576679303,0,0,80.0,0,0.0,0.09158084961424649,0.24100038133388876,0,0.014806709450899534,0.5833333333333334,804.6562296201278,0.0,33.8031623971071,0.46706233303265704,838.9264543502676,s0189,96,0.18662381999999994,0.13125367509954264,0.05537014490047213,0.0023070893708530054,0.0516968867391885,29.66938780937618,0.05537014490047238
7.152847501588262,802.6725884021994,0.38133092547434794,0.3933861485560423,0.25712156691754995,-4.848014614364402,1.0,1.0159897739164465,75.27903423676308,80.38181332820142,80.38181332820142,0,1,80.0,0,0.0,0.10321456096654427,0.2796738276459201,0,0.018032059340702043,0.4166666666666667,804.6562296201278,0.0,39.55455138767529,0.5263942609293758,844.7371752687324,s0190,96,0.18662381999999994,0.13125367509954264,0.05537014490047213,0.0023070893708530054,0.0516968867391885,29.66938780937618,0.05537014490047238
7.033640658685248,790.3226770515167,0.3671060348471541,0.39055300966707635,0.26315058752481235,-4.937206450774327,1.0,1.0169673980153353,77.30833734078837,82.70530012679603,82.70530012679603,0,1,80.0,0,0.0,0.10791839532297369,0.3198396487129146,0,0.020082922309992986,0.6458333333333334,804.6562296201278,0.0,44.40106959593761,0.5503838161471656,849.6076830322125,s0191,96,0.18662381999999994,0.13125367509954264,0.05537014490047213,0.0023070893708530054,0.0516968867391885,29.66938780937618,0.05537014490047238
7.049238718960384,791.7065557696351,0.3707755102860652,0.3948646795170855,0.28244758255523433,-4.845668342926438,1.0,1.015786462744594,75.61319129454924,76.02191473064607,76.02191473064607,0,0,80.0,0,0.0,0.10613552235824622,0.2931648935043306,0,0.017095318131487576,0.6145833333333334,804.6562296201278,0.0,40.87553331799503,0.5412911640270558,846.0730541021499,s0192,96,0.18662381999999994,0.13125367509954264,0.05537014490047213,0.0023070893708530054,0.0516968867391885,29.66938780937618,0.05537014490047238
7.135228992178057,801.3412183936073,0.37515055612894443,0.35432141165432496,0.2104235999636446,-4.848653307464685,1.0,1.016576947155756,74.88039771008323,79.05879250240818,79.05879250240818,0,0,80.0,0,0.0,0.10604772349899673,0.2300041330553118,0,0.015304976517215161,0.40625,804.6562296201278,0.0,32.3329124798897,0.5408433898448831,837.5299854898624,s0193,96,0.18662381999999994,0.13125367509954264,0.05537014490047213,0.0023070893708530054,0.0516968867391885,29.66938780937618,0.05537014490047238
7.092888918677824,795.2867085669709,0.37207646243115483,0.3992618585798332,0.2378650323937167,-4.857121708712227,1.0,1.017408830636589,75.58706565270802,84.95168682688018,84.95168682688018,0,2,80.0,0,0.0,0.09527286758602596,0.25041015319867527,0,0.01644888355370799,0.5208333333333334,804.6562296201278,0.0,34.66320769350205,0.48589162468873265,839.8053289383186,s0194,96,0.18662381999999994,0.13125367509954264,0.05537014490047213,0.0023070893708530054,0.0516968867391885,29.66938780937618,0.05537014490047238
7.146455036515249,802.8931763089726,0.3653284590475618,0.36850003061407965,0.24252893752843388,-4.791861621414664,1.0,1.0160719353805336,75.32145640362755,77.23226435272711,77.23226435272711,0,0,80.0,0,0.0,0.09725803279321744,0.25598241489583495,0,0.015611515331597138,0.4479166666666667,804.6562296201278,0.0,35.72668975405404,0.4960159672454089,840.8789353414272,s0195,96,0.18662381999999994,0.13125367509954264,0.05537014490047213,0.0023070893708530054,0.0516968867391885,29.66938780937618,0.05537014490047238
7.189773825609244,806.393986852366,0.3708744508899417,0.32334410747427034,0.22341764666396824,-4.836858662538796,1.0,1.0159830455439152,74.236411049128,76.29001193935513,76.29001193935513,0,0,80.0,0,0.0,0.0987100508795948,0.22433012039345968,0,0.014781399838930603,0.46875,804.6562296201278,0.0,31.290542249218888,0.5034212594859332,836.4501931288326,s0196,96,0.18662381999999994,0.13125367509954264,0.05537014490047213,0.0023070893708530054,0.0516968867391885,29.66938780937618,0.05537014490047238
7.07120320560155,794.3441092166827,0.3803402560663868,0.38547044799674957,0.2422853469705171,-4.853248390576957,1.0,1.0155951938495642,74.98081546179995,77.47202912954482,77.47202912954482,0,0,80.0,0,0.0,0.09858660591872945,0.22402478041899215,0,0.01322693290501854,0.5833333333333334,804.6562296201278,0.0,31.21382518107427,0.5027916901855202,836.3728464913876,s0197,96,0.18662381999999994,0.13125367509954264,0.05537014490047213,0.0023070893708530054,0.0516968867391885,29.66938780937618,0.05537014490047238
7.131770668914788,800.9535127715455,0.379911792305766,0.38241045174144683,0.2534618475321376,-4.879677170639034,1.0,1.0163957605493035,75.36547973097912,77.78754116184162,77.78754116184162,0,0,80.0,0,0.0,0.08364755173187453,0.23739697289420725,0,0.015397810849490766,0.5,804.6562296201278,0.0,33.600866473085446,0.42660251383256004,838.6836986070458,s0198,96,0.18662381999999994,0.13125367509954264,0.05537014490047213,0.0023070893708530054,0.0516968867391885,29.66938780937618,0.05537014490047238
7.121105513178884,799.3743198839177,0.3794198619457722,0.37910181270093013,0.2495134257068774,-4.7907348574281,1.0,1.0157554837515055,74.46501608496354,74.89477008687888,74.89477008687888,0,0,80.0,0,0.0,0.07796359758302936,0.29175791885202185,0,0.016314542568966854,0.53125,804.6562296201278,0.0,41.251797119642895,0.39761434767344966,846.3056410874441,s0199,96,0.18662381999999994,0.13125367509954264,0.05537014490047213,0.0023070893708530054,0.0516968867391885,29.66938780937618,0.05537014490047238
7.139458862413065,801.0445896668657,0.37098980354228517,0.3618872557249016,0.23268797992899543,-4.871866358599484,1.0,1.0164010543513444,74.20024557589949,80.34247320568478,80.34247320568478,0,1,80.0,0,0.0,0.1043500640095726,0.25546525492602323,0,0.018537844022037737,0.4583333333333333,804.6562296201278,0.0,36.12541356650627,0.5321853264488207,841.3138285130829,s0200,96,0.18662381999999994,0.13125367509954264,0.05537014490047213,0.0023070893708530054,0.0516968867391885,29.66938780937618,0.05537014490047238
7.0414489868220445,790.8838916043228,0.3624628698356456,0.3968461960221379,0.24067877640515323,-4.882046944289368,1.0,1.0161833974310077,73.6956331363511,77.77386790097104,77.77386790097104,0,0,80.0,0,0.0,0.09207530416966735,0.301820278585485,0,0.020328357413145617,0.5833333333333334,804.6562296201278,0.0,42.38409895691417,0.4695840512653033,847.5099126283072,s0201,96,0.18662381999999994,0.13125367509954264,0.05537014490047213,0.0023070893708530054,0.0516968867391885,29.66938780937618,0.05537014490047238
7.173153520897254,804.9941802747887,0.3753802510311521,0.35914500007048666,0.2550883288932836,-4.830877905865893,1.0,1.016146674107641,75.77430461885577,76.52485817305826,76.52485817305826,0,0,80.0,0,0.0,0.09713565166203765,0.25631636137647945,0,0.015624963324180128,0.40625,804.6562296201278,0.0,36.24783646856719,0.49539182347639205,841.3994579121714,s0202,96,0.18662381999999994,0.13125367509954264,0.05537014490047213,0.0023070893708530054,0.0516968867391885,29.66938780937618,0.05537014490047238
7.088283920505178,795.7248190275766,0.381340329258612,0.4117066985023372,0.24229262422730452,-4.898884623743327,1.0,1.0161914721362342,73.12118128290945,76.15198353364237,76.15198353364237,0,0,80.0,0,0.0,0.10010260223802207,0.24579722467905468,0,0.015104437033318017,0.6041666666666666,804.6562296201278,0.0,34.452337120316784,0.5105232714139126,839.6190900118585,s0203,96,0.18662381999999994,0.13125367509954264,0.05537014490047213,0.0023070893708530054,0.0516968867391885,29.66938780937618,0.05537014490047238
7.094074719461742,797.2627755365379,0.37044084867228105,0.41605301034984676,0.2649754366805421,-4.814538610085198,1.0,1.0172321752673676,74.54797842379986,84.59107835015526,84.59107835015526,0,1,80.0,0,0.0,0.11937549192568297,0.2661911965276835,0,0.01806854459146381,0.4791666666666667,804.6562296201278,0.0,37.29658282001301,0.608815008820983,842.5616274489618,s0204,96,0.18662381999999994,0.13125367509954264,0.05537014490047213,0.0023070893708530054,0.0516968867391885,29.66938780937618,0.05537014490047238
7.121441073542427,799.9181187774177,0.3627922875836994,0.35185300897678745,0.23896614169019306,-4.83066000415011,1.0,1.016191809666723,73.40271205783971,77.50318050194947,77.50318050194947,0,0,80.0,0,0.0,0.09847533936602493,0.24640289225375483,0,0.015326294123449359,0.6041666666666666,804.6562296201278,0.0,34.615066470393906,0.5022242307667276,839.7735203212884,s0205,96,0.18662381999999994,0.13125367509954264,0.05537014490047213,0.0023070893708530054,0.0516968867391885,29.66938780937618,0.05537014490047238
7.130712626767685,800.7640011378021,0.36823993167027447,0.3892900810286931,0.24100986605168273,-4.885398711739714,1.0,1.017968535631499,73.93282453892662,88.18712242343084,88.18712242343084,0,1,80.0,0,0.0,0.09952682706426735,0.24602680935855242,0,0.018573100607285366,0.53125,804.6562296201278,0.0,34.52246249296271,0.5075868180277634,839.6862789311183,s0206,96,0.18662381999999994,0.13125367509954264,0.05537014490047213,0.0023070893708530054,0.0516968867391885,29.66938780937618,0.05537014490047238
7.115097233690973,798.9495716186814,0.36937840767073127,0.3721715176731837,0.2763193895294745,-4.894257149561599,1.0,1.016159312012708,74.8315389177321,77.74347032515249,77.74347032515249,0,0,80.0,0,0.0,0.10785710091745734,0.2574924021834833,0,0.015964953205683006,0.5416666666666666,804.6562296201278,0.0,35.62299101676179,0.5500712146790323,840.8292918515687,s0207,96,0.18662381999999994,0.13125367509954264,0.05537014490047213,0.0023070893708530054,0.0516968867391885,29.66938780937618,0.05537014490047238
7.204072132808808,808.7861973791913,0.36793189516771524,0.3602305632091503,0.2579671696289194,-4.867919142628132,1.0,1.0163287401563772,74.6363869804546,77.88368169361594,77.88368169361594,0,0,80.0,0,0.0,0.09067158819650734,0.25083776001055424,0,0.015912506559552658,0.3854166666666667,804.6562296201278,0.0,35.273944314072104,0.46242509980218766,840.392599034002,s0208,96,0.18662381999999994,0.13125367509954264,0.05537014490047213,0.0023070893708530054,0.0516968867391885,29.66938780937618,0.05537014490047238
7.176029806314481,805.7066525472954,0.36459623401690844,0.34689901814128693,0.2281795646188689,-4.858487548997187,1.0,1.0154564916334123,73.58937018396638,73.83863406806283,73.83863406806283,0,0,80.0,0,0.0,0.11053074923701885,0.26177332707596657,0,0.017558486282160855,0.4479166666666667,804.6562296201278,0.0,36.170307365060424,0.5637068211087956,841.390243806297,s0209,96,0.18662381999999994,0.13125367509954264,0.05537014490047213,0.0023070893708530054,0.0516968867391885,29.66938780937618,0.05537014490047238
7.108751073260379,798.1531635104682,0.3713873939807942,0.37420346590117426,0.2448302170538953,-4.885384978293218,1.0,1.0159454434759347,78.68772241870839,78.6911381894081,78.6911381894081,0,0,80.0,0,0.0,0.1064156398621923,0.24012798547573572,0,0.016214805913162808,0.53125,804.6562296201278,0.0,33.63857732826253,0.5427197632971807,838.8375267116875,s0210,96,0.18662381999999994,0.13125367509954264,0.05537014490047213,0.0023070893708530054,0.0516968867391885,29.66938780937618,0.05537014490047238
7.160995773546548,803.3630801172242,0.38160743314313145,0.37837182247815004,0.28178052843057094,-4.8877752065166264,1.0,1.0158308085659173,75.61756276263122,75.9434906043466,75.9434906043466,0,0,80.0,0,0.0,0.09506737358211567,0.2719198222753084,0,0.01677665050174839,0.4479166666666667,804.6562296201278,0.0,38.06267537647879,0.48484360526879017,843.2037486018753,s0211,96,0.18662381999999994,0.13125367509954264,0.05537014490047213,0.0023070893708530054,0.0516968867391885,29.66938780937618,0.05537014490047238
7.156803210259389,802.5982903052902,0.36872425060377934,0.3682662016283581,0.23526350545204475,-4.7759501095579395,1.0,1.015817703185763,74.89966740471642,75.05430038976294,75.05430038976294,0,0,80.0,0,0.0,0.08437281832539684,0.24636019663079137,0,0.014691612974897239,0.4375,804.6562296201278,0.0,34.023151196475,0.43030137345952396,839.1096821900624,s0212,96,0.18662381999999994,0.13125367509954264,0.05537014490047213,0.0023070893708530054,0.0516968867391885,29.66938780937618,0.05537014490047238
7.0839957424849285,795.8163276495707,0.3797860428549848,0.3596656847038582,0.2201789980142882,-4.8454483250242495,1.0,1.0168370818601788,75.12881470546485,81.9510211055916,81.9510211055916,0,1,80.0,0,0.0,0.10833716886519047,0.2206809583943997,0,0.01504700303713439,0.59375,804.6562296201278,0.0,30.59877536890239,0.552519561212471,835.8075245502425,s0213,96,0.18662381999999994,0.13125367509954264,0.05537014490047213,0.0023070893708530054,0.0516968867391885,29.66938780937618,0.05537014490047238
7.087598644541446,795.2755324926193,0.37001042554837965,0.3993366498326828,0.22720203206433603,-4.862861939465077,1.0,1.0154957233620525,75.6911301735342,74.58076692512161,74.58076692512161,0,0,80.0,0,0.0,0.09822510508378159,0.248870980017334,0,0.015810839986598005,0.5,804.6562296201278,0.0,35.568069931490456,0.5009480359272861,840.7252475875455,s0214,96,0.18662381999999994,0.13125367509954264,0.05537014490047213,0.0023070893708530054,0.0516968867391885,29.66938780937618,0.05537014490047238
7.121892630887796,799.1013271799909,0.36898075050490586,0.38069011820090337,0.2451139209823962,-4.842098730756496,1.0,1.0157641447844608,76.11113176595478,74.48207088572754,74.48207088572754,0,0,80.0,0,0.0,0.09734380846012183,0.24393803153014706,0,0.015304107562457085,0.5104166666666666,804.6562296201278,0.0,34.29401395301731,0.49645342314662105,839.4466969962916,s0215,96,0.18662381999999994,0.13125367509954264,0.05537014490047213,0.0023070893708530054,0.0516968867391885,29.66938780937618,0.05537014490047238
7.054451357765395,792.4210370707154,0.3788302147851063,0.41216796151503565,0.2960707032247753,-4.839287695960167,1.0,1.0169546366324322,74.52515084235945,82.61140785838701,82.61140785838701,0,2,80.0,0,0.0,0.10944838368360724,0.3189677868963049,0,0.018557878506102233,0.5833333333333334,804.6562296201278,0.0,44.45986594169269,0.5581867567863967,849.6742823186069,s0216,96,0.18662381999999994,0.13125367509954264,0.05537014490047213,0.0023070893708530054,0.0516968867391885,29.66938780937618,0.05537014490047238
7.104621176514035,797.5886492896866,0.3812210280419569,0.38958952149961024,0.2636178418492241,-4.8308398224310105,1.0,1.0163525397646742,75.98554432044452,77.1187974675077,77.1187974675077,0,0,80.0,0,0.0,0.0916720241770278,0.3019708090151669,0,0.019962242795600042,0.4479166666666667,804.6562296201278,0.0,42.301610664879775,0.4675273233028416,847.4253676083104,s0217,96,0.18662381999999994,0.13125367509954264,0.05537014490047213,0.0023070893708530054,0.0516968867391885,29.66938780937618,0.05537014490047238
7.092404226080452,797.3254567800554,0.3829479025153631,0.4223109274146962,0.25467045820510376,-4.846980926408675,1.0,1.0163070656041782,77.3615166752021,77.69524647727938,77.69524647727938,0,0,80.0,0,0.0,0.10635447459279161,0.292982004311409,0,0.018736563261475,0.5625,804.6562296201278,0.0,40.85236522561904,0.5424078204232371,846.05100266617,s0218,96,0.18662381999999994,0.13125367509954264,0.05537014490047213,0.0023070893708530054,0.0516968867391885,29.66938780937618,0.05537014490047238
7.095429185742191,796.3643914033148,0.38471133164720106,0.3837881055373592,0.24825809925264464,-4.719300849738001,1.0,1.0169524396354,75.84583164703116,82.87324233039185,82.87324233039185,0,1,80.0,0,0.0,0.09766504391411215,0.27968155217824925,0,0.018232463919969886,0.4583333333333333,804.6562296201278,0.0,39.58550473915917,0.49809172396197204,844.7398260832489,s0219,96,0.18662381999999994,0.13125367509954264,0.05537014490047213,0.0023070893708530054,0.0516968867391885,29.66938780937618,0.05537014490047238
7.175850143332191,805.4230871768352,0.3734215026649411,0.34445715867240145,0.21636172671716164,-4.858563444326596,1.0,1.0160878515958531,74.41409921548798,78.73473867482609,78.73473867482609,0,0,80.0,0,0.0,0.09262630789017166,0.2875882395566213,0,0.019080716628767664,0.46875,804.6562296201278,0.0,41.339321950094345,0.47239417023987545,846.467945740462,s0220,96,0.18662381999999994,0.13125367509954264,0.05537014490047213,0.0023070893708530054,0.0516968867391885,29.66938780937618,0.05537014490047238
7.10892040057088,798.8612277513363,0.36141373138019023,0.3597274528646387,0.2267260501656414,-4.862750282866417,1.0,1.0160970965924996,77.06678060331801,76.5858686374148,76.5858686374148,0,0,80.0,0,0.0,0.08409224415311614,0.26441052498350337,0,0.01637762360827614,0.53125,804.6562296201278,0.0,36.5241232477181,0.4288704451808924,841.6092233130267,s0221,96,0.18662381999999994,0.13125367509954264,0.05537014490047213,0.0023070893708530054,0.0516968867391885,29.66938780937618,0.05537014490047238
7.145936871798555,802.263530322735,0.36552843382278954,0.37290797635028144,0.25599168481633094,-4.913287493813101,1.0,1.0157735212614787,74.73833389189511,74.38551005357817,74.38551005357817,0,0,80.0,0,0.0,0.09517125767693144,0.23689217783526695,0,0.015485103915701941,0.3854166666666667,804.6562296201278,0.0,32.92657197621662,0.4853734141523502,838.0681750104967,s0222,96,0.18662381999999994,0.13125367509954264,0.05537014490047213,0.0023070893708530054,0.0516968867391885,29.66938780937618,0.05537014490047238
7.132580015740217,801.0712934399654,0.3676972230819643,0.39621620936179136,0.24403507575005928,-4.818847041115485,1.0,1.0156745289978162,74.00484390337098,74.99464190864576,74.99464190864576,0,0,80.0,0,0.0,0.09911038722054705,0.24532480182315303,0,0.016660051893429947,0.5,804.6562296201278,0.0,34.59239452088884,0.5054629748247897,839.7540871158415,s0223,96,0.18662381999999994,0.13125367509954264,0.05537014490047213,0.0023070893708530054,0.0516968867391885,29.66938780937618,0.05537014490047238
7.112853882767042,798.3164046782241,0.3564934573417744,0.3839574617854895,0.22168058387086825,-4.775546705957179,1.0,1.015887449811464,72.96492727924138,76.2492535393938,76.2492535393938,0,0,80.0,0,0.0,0.09140692179863612,0.21271105520201222,0,0.013603118956302927,0.53125,804.6562296201278,0.0,29.767150306922034,0.46617530117304434,834.8895552282229,s0224,96,0.18662381999999994,0.13125367509954264,0.05537014490047213,0.0023070893708530054,0.0516968867391885,29.66938780937618,0.05537014490047238
7.108326464999822,797.9767551010293,0.3856930709572164,0.41436996408310856,0.23874470899106304,-4.830054476343071,1.0,1.0160083010279224,76.79412124507625,75.69094304230578,75.69094304230578,0,0,80.0,0,0.0,0.09780107712954206,0.2524635086984942,0,0.016085662042693696,0.4166666666666667,804.6562296201278,0.0,35.58856341489664,0.4987854933606643,840.743578528385,s0225,96,0.18662381999999994,0.13125367509954264,0.05537014490047213,0.0023070893708530054,0.0516968867391885,29.66938780937618,0.05537014490047238
7.132879958166329,799.9184699651194,0.3565421250139885,0.38535526621295274,0.2463851463833875,-4.8474621428882605,1.0,1.016407073994995,75.08032893405202,78.65362537418562,78.65362537418562,0,0,80.0,0,0.0,0.10963636189436968,0.2275565629201888,0,0.014789989542279123,0.4270833333333333,804.6562296201278,0.0,31.32460356956642,0.5591454456612858,836.5399786353555,s0226,96,0.18662381999999994,0.13125367509954264,0.05537014490047213,0.0023070893708530054,0.0516968867391885,29.66938780937618,0.05537014490047238
7.113168579071717,798.2942556081052,0.3891528244070452,0.3709798800670756,0.24932999343283083,-4.910872049995382,1.0,1.0159455911297697,75.82815520546245,75.39495631633719,75.39495631633719,0,0,80.0,0,0.0,0.09069232896371365,0.27366014112188214,0,0.0177023919674344,0.46875,804.6562296201278,0.0,39.11104406953149,0.46253087771493995,844.2298045673742,s0227,96,0.18662381999999994,0.13125367509954264,0.05537014490047213,0.0023070893708530054,0.0516968867391885,29.66938780937618,0.05537014490047238
7.12461637278579,800.1473545180573,0.37619583438358795,0.4006870103217371,0.24509606580446938,-4.835117965529135,1.0,1.0161861432945518,73.61189867451112,77.85084291986009,77.85084291986009,0,0,80.0,0,0.0,0.10906401250999159,0.24781733908038867,0,0.017226593608896584,0.46875,804.6562296201278,0.0,35.5961063975216,0.5562264638009573,840.8085624814503,s0228,96,0.18662381999999994,0.13125367509954264,0.05537014490047213,0.0023070893708530054,0.0516968867391885,29.66938780937618,0.05537014490047238
7.099771423730065,796.9827298847501,0.3637679572569451,0.37488459232035704,0.249782671737445,-4.7609161342138835,1.0,1.0164283201324915,74.21182949386885,79.45302417678388,79.45302417678388,0,0,80.0,0,0.0,0.1036314068714468,0.26413965799404665,0,0.01731143072137679,0.53125,804.6562296201278,0.0,36.761570288579996,0.5285201750443785,841.9463200837521,s0229,96,0.18662381999999994,0.13125367509954264,0.05537014490047213,0.0023070893708530054,0.0516968867391885,29.66938780937618,0.05537014490047238
7.119303520267722,799.6659624593314,0.37408523713887665,0.42721866634608097,0.2353418437130702,-4.8202049714066995,1.0,1.0158980521198424,73.35257889056284,75.03854239318561,75.03854239318561,0,0,80.0,0,0.0,0.09367977126431654,0.23709361072694826,0,0.014802048074644806,0.4479166666666667,804.6562296201278,0.0,33.104790682055,0.47776683344801424,838.2387871356307,s0230,96,0.18662381999999994,0.13125367509954264,0.05537014490047213,0.0023070893708530054,0.0516968867391885,29.66938780937618,0.05537014490047238
7.088646495086646,795.9708032720282,0.3677624256457957,0.3808639120988031,0.22042587366369398,-4.701497030772838,1.0,1.016878201763332,74.27840507471856,81.8753351537125,81.8753351537125,0,1,80.0,0,0.0,0.10104627169280887,0.22418333495154982,0,0.0141398102648003,0.5625,804.6562296201278,0.0,31.46063810600093,0.5153359856333252,836.632203711762,s0231,96,0.18662381999999994,0.13125367509954264,0.05537014490047213,0.0023070893708530054,0.0516968867391885,29.66938780937618,0.05537014490047238
7.1045081441172595,797.4518519609398,0.3670378808042098,0.36210044931059315,0.251168114512421,-4.814979672635605,1.0,1.0170110135956787,75.93137451364323,81.32826562572527,81.32826562572527,0,1,80.0,0,0.0,0.08443452469353681,0.29456479927669327,0,0.018748131837488274,0.5833333333333334,804.6562296201278,0.0,41.161346266306076,0.43061607593703777,846.2481919623708,s0232,96,0.18662381999999994,0.13125367509954264,0.05537014490047213,0.0023070893708530054,0.0516968867391885,29.66938780937618,0.05537014490047238
7.106337279670071,797.785376514361,0.3672840910992706,0.36114957735810366,0.29225283848229655,-4.842097290470817,1.0,1.0163873884332406,77.34657247404927,78.9983666189572,78.9983666189572,0,0,80.0,0,0.0,0.1034192921347381,0.28967442868033055,0,0.017859146517790025,0.5416666666666666,804.6562296201278,0.0,39.69929966227792,0.5274383898871646,844.8829676722928,s0233,96,0.18662381999999994,0.13125367509954264,0.05537014490047213,0.0023070893708530054,0.0516968867391885,29.66938780937618,0.05537014490047238
7.138387182802351,800.997215038198,0.3697262330126446,0.3808607016562108,0.24903046879442997,-4.810938091798206,1.0,1.0166751548389208,78.0406323861776,80.68822198794962,80.68822198794962,0,1,80.0,0,0.0,0.09296882844333337,0.23532596588673826,0,0.01507542918482852,0.4270833333333333,804.6562296201278,0.0,32.71438433973206,0.4741410250610005,837.8447549849209,s0234,96,0.18662381999999994,0.13125367509954264,0.05537014490047213,0.0023070893708530054,0.0516968867391885,29.66938780937618,0.05537014490047238
7.115392539985314,798.9299339081113,0.39570018489919384,0.4265768329314247,0.2573313306683563,-4.909934908572304,1.0,1.015601686943098,78.5123266602716,75.24225842642376,75.24225842642376,0,0,80.0,0,0.0,0.10883538750058207,0.26065662997505035,0,0.016449623840716583,0.5104166666666666,804.6562296201278,0.0,36.360802022405856,0.5550604762529684,841.5720921187866,s0235,96,0.18662381999999994,0.13125367509954264,0.05537014490047213,0.0023070893708530054,0.0516968867391885,29.66938780937618,0.05537014490047238
7.12619626950714,800.6009911735619,0.37427672045140575,0.36440166617830905,0.23615544605351746,-4.749634023191863,1.0,1.0160296348426932,74.17981861567216,77.06298405003709,77.06298405003709,0,0,80.0,0,0.0,0.08428002730613017,0.24918524409388887,0,0.015791130830260586,0.4791666666666667,804.6562296201278,0.0,35.11871551678374,0.42982813926126384,840.2047732761728,s0236,96,0.18662381999999994,0.13125367509954264,0.05537014490047213,0.0023070893708530054,0.0516968867391885,29.66938780937618,0.05537014490047238
7.139030610625714,801.2152256344236,0.37273849999453906,0.37356412619102536,0.24597322640675856,-4.844752105480716,1.0,1.0164908177959964,73.79015157507253,79.76734267528363,79.76734267528363,0,0,80.0,0,0.0,0.0892772984281326,0.2548349262454456,0,0.014567208334239641,0.5208333333333334,804.6562296201278,0.0,35.4200267636496,0.4553142219834759,840.5315706057609,s0237,96,0.18662381999999994,0.13125367509954264,0.05537014490047213,0.0023070893708530054,0.0516968867391885,29.66938780937618,0.05537014490047238
7.194715665553623,808.3703230988554,0.37435917221779597,0.33710529200228084,0.23677329467767372,-4.913050037406172,1.0,1.017049900355683,74.79109878234796,82.19754026877533,82.19754026877533,0,1,80.0,0,0.0,0.0965324304211215,0.24466115202682356,0,0.016314295768925034,0.3958333333333333,804.6562296201278,0.0,34.563699555423554,0.49231539514771955,839.712244570699,s0238,96,0.18662381999999994,0.13125367509954264,0.05537014490047213,0.0023070893708530054,0.0516968867391885,29.66938780937618,0.05537014490047238
7.127925534994742,800.435294092294,0.363920928601474,0.360727412520637,0.2506083481905447,-4.878659920979117,1.0,1.0169878543770272,73.19493206148138,81.73272615501755,81.73272615501755,0,1,80.0,0,0.0,0.11116303120335437,0.2558705350644589,0,0.01659973076899514,0.5520833333333334,804.6562296201278,0.0,35.88518607095988,0.5669314591371075,841.1083471502247,s0239,96,0.18662381999999994,0.13125367509954264,0.05537014490047213,0.0023070893708530054,0.0516968867391885,29.66938780937618,0.05537014490047238
7.133782103644899,800.8440497151578,0.3730180332304028,0.4049954543605958,0.24026471386354692,-4.722189361818299,1.0,1.0158212212760713,73.54334498048485,74.6142559540428,74.6142559540428,0,0,80.0,0,0.0,0.09880643732420083,0.27485915877922046,0,0.017712452284778607,0.4166666666666667,804.6562296201278,0.0,38.80941070752415,0.5039128303534243,843.9695531580054,s0240,96,0.18662381999999994,0.13125367509954264,0.05537014490047213,0.0023070893708530054,0.0516968867391885,29.66938780937618,0.05537014490047238
7.13497712869577,801.3241852493678,0.3898638798962682,0.37412143974850187,0.2376229326214942,-4.835047433072728,1.0,1.0160001776699068,73.30312405525842,74.94333534005419,74.94333534005419,0,0,80.0,0,0.0,0.08540258799463543,0.2506852264512981,0,0.015172068996145064,0.4895833333333333,804.6562296201278,0.0,34.98343857100721,0.43555319877264076,840.0752213899076,s0241,96,0.18662381999999994,0.13125367509954264,0.05537014490047213,0.0023070893708530054,0.0516968867391885,29.66938780937618,0.05537014490047238
7.076244712364288,795.0224763747196,0.3739715993016565,0.4111496742555782,0.2747968370820986,-4.939067169931255,1.0,1.0167392798327928,78.90260474018181,81.0506852598013,81.0506852598013,0,1,80.0,0,0.0,0.11107275270273043,0.29449556811507277,0,0.017788622826179837,0.5520833333333334,804.6562296201278,0.0,41.227664849032024,0.5664710387839259,846.4503655079437,s0242,96,0.18662381999999994,0.13125367509954264,0.05537014490047213,0.0023070893708530054,0.0516968867391885,29.66938780937618,0.05537014490047238
7.089891104310777,796.4060384681991,0.37474206440094743,0.39739385712060227,0.2415412100149548,-4.825214624018959,1.0,1.0155597035587094,75.18723264518722,75.51100904347666,75.51100904347666,0,0,80.0,0,0.0,0.09747926879391342,0.23727795487073203,0,0.013780166913750145,0.4895833333333333,804.6562296201278,0.0,32.68595420070343,0.4971442708489583,837.8393280916802,s0243,96,0.18662381999999994,0.13125367509954264,0.05537014490047213,0.0023070893708530054,0.0516968867391885,29.66938780937618,0.05537014490047238
7.1732053910884055,804.4727910588008,0.3722284150734341,0.35165472166837425,0.23871655202861172,-4.908772889569293,1.0,1.016474644589839,75.10139462814878,77.93603167249803,77.93603167249803,0,0,80.0,0,0.0,0.10133907501288249,0.2382771351388517,0,0.015642065490122318,0.5208333333333334,804.6562296201278,0.0,33.55931206218027,0.5168292825657006,838.7323709648738,s0244,96,0.18662381999999994,0.13125367509954264,0.05537014490047213,0.0023070893708530054,0.0516968867391885,29.66938780937618,0.05537014490047238
7.141712893067233,801.57554538883,0.39825271955936753,0.3872840602247435,0.2658286650708321,-4.750551518852455,1.0,1.0156148302017378,72.94182455828579,75.12346816021852,75.12346816021852,0,0,80.0,0,0.0,0.10255266458607097,0.2897676327453868,0,0.019733151923174423,0.4791666666666667,804.6562296201278,0.0,40.64570056027327,0.5230185893889623,845.82494876979,s0245,96,0.18662381999999994,0.13125367509954264,0.05537014490047213,0.0023070893708530054,0.0516968867391885,29.66938780937618,0.05537014490047238
7.1089479499147785,798.0519789811481,0.3634340127117959,0.38357264224841625,0.24482765323110767,-4.819872178635684,1.0,1.0161300646110847,75.16592110055743,77.5861959986538,77.5861959986538,0,0,80.0,0,0.0,0.08419112917481546,0.26212297482369384,0,0.015371506215274512,0.5833333333333334,804.6562296201278,0.0,35.85891912891489,0.4293747587915587,840.9445235078342,s0246,96,0.18662381999999994,0.13125367509954264,0.05537014490047213,0.0023070893708530054,0.0516968867391885,29.66938780937618,0.05537014490047238
7.143195761880633,801.5940795780006,0.3720878287764474,0.36817130655146896,0.23988780426630615,-4.822756462037877,1.0,1.0158086790893535,76.00835741815415,76.13203766250766,76.13203766250766,0,0,80.0,0,0.0,0.09548196600169119,0.22340634659248426,0,0.013919607000171343,0.4166666666666667,804.6562296201278,0.0,31.344873313560775,0.48695802660862514,836.4880609602972,s0247,96,0.18662381999999994,0.13125367509954264,0.05537014490047213,0.0023070893708530054,0.0516968867391885,29.66938780937618,0.05537014490047238
7.126729264154971,799.8915638012007,0.3774370334333842,0.36319495571269195,0.24533426659999288,-4.829986730101726,1.0,1.0172417748397309,76.63182115017605,83.20715462598126,83.20715462598126,0,2,80.0,0,0.0,0.12029663270851307,0.22379097703498063,0,0.01638703864473383,0.46875,804.6562296201278,0.0,31.699576313742934,0.6135128268134165,836.9693187606841,s0248,96,0.18662381999999994,0.13125367509954264,0.05537014490047213,0.0023070893708530054,0.0516968867391885,29.66938780937618,0.05537014490047238
7.073202079173517,795.0195139457782,0.3696536480167547,0.40189834654980544,0.29036186265251007,-4.785831973618428,1.0,1.016564320189019,75.50645576953721,80.53581351405543,80.53581351405543,0,1,80.0,0,0.0,0.10317841516165739,0.2998701862754183,0,0.01792808898979919,0.5416666666666666,804.6562296201278,0.0,42.46544639617199,0.5262099173244527,847.6478859336241,s0249,96,0.18662381999999994,0.13125367509954264,0.05537014490047213,0.0023070893708530054,0.0516968867391885,29.66938780937618,0.05537014490047238
7.10771501811289,797.7035571804993,0.37013705338332326,0.37061533320983003,0.24923651534929797,-4.787050780515071,1.0,1.0164420833533419,74.34013042327776,78.42682112710553,78.42682112710553,0,0,80.0,0,0.0,0.09711536259382424,0.23638262896214557,0,0.014712799812234983,0.4375,804.6562296201278,0.0,33.030677428545445,0.4952883492285036,838.1821953979018,s0250,96,0.18662381999999994,0.13125367509954264,0.05537014490047213,0.0023070893708530054,0.0516968867391885,29.66938780937618,0.05537014490047238
7.159795529188351,803.3851838492893,0.38484611256080936,0.36042301014659195,0.26388050896852655,-4.865964088605915,1.0,1.0163693630719304,76.31214578345123,77.97471888848072,77.97471888848072,0,0,80.0,0,0.0,0.11229027101820667,0.26570553903952837,0,0.01773068682122292,0.4479166666666667,804.6562296201278,0.0,37.38722966995942,0.5726803821928537,842.61613967228,s0251,96,0.18662381999999994,0.13125367509954264,0.05537014490047213,0.0023070893708530054,0.0516968867391885,29.66938780937618,0.05537014490047238
7.094877800916907,796.5671796941974,0.36973373255678527,0.3799761950878784,0.2528244664831669,-4.815484635742967,1.0,1.0163770356764006,74.83045486362364,77.89978413035541,77.89978413035541,0,0,80.0,0,0.0,0.10978559590741876,0.26530181237951683,0,0.01737445507359112,0.53125,804.6562296201278,0.0,37.147921519130186,0.5599065391278362,842.3640576783857,s0252,96,0.18662381999999994,0.13125367509954264,0.05537014490047213,0.0023070893708530054,0.0516968867391885,29.66938780937618,0.05537014490047238
7.112281726402969,799.2482531944471,0.3687402605481338,0.3872075497205588,0.2569495471146751,-4.8179148033401225,1.0,1.0165905336065877,76.18387121486599,80.6444621224252,80.6444621224252,0,1,80.0,0,0.0,0.0971922825187319,0.29039905981663383,0,0.01851886361349318,0.5208333333333334,804.6562296201278,0.0,41.80595221738171,0.4956806408455324,846.957862478355,s0253,96,0.18662381999999994,0.13125367509954264,0.05537014490047213,0.0023070893708530054,0.0516968867391885,29.66938780937618,0.05537014490047238
7.12271679372427,799.5528964257061,0.368419121129576,0.3947059384845114,0.24518374923479053,-4.76649497499336,1.0,1.016581133384093,76.60451060979358,79.28750989034026,79.28750989034026,0,0,80.0,0,0.0,0.09409961834274154,0.24018651773024138,0,0.015323018342196322,0.4895833333333333,804.6562296201278,0.0,33.29088849435441,0.4799080535479818,838.4270261680301,s0254,96,0.18662381999999994,0.13125367509954264,0.05537014490047213,0.0023070893708530054,0.0516968867391885,29.66938780937618,0.05537014490047238
7.079379594384143,795.0808849369384,0.35899084003178067,0.40158789501380354,0.2707200994577137,-4.803348919247171,1.0,1.0168146447163016,73.37982398865576,81.848341330641,81.848341330641,0,1,80.0,0,0.0,0.1070068494955014,0.28586281459986723,0,0.016690619865916564,0.5520833333333334,804.6562296201278,0.0,39.50862429309076,0.5457349324270572,844.7105888456456,s0255,96,0.18662381999999994,0.13125367509954264,0.05537014490047213,0.0023070893708530054,0.0516968867391885,29.66938780937618,0.05537014490047238
7.163505956842696,803.1256277479633,0.37893976326761225,0.3726522162699586,0.23502888512734105,-4.871008663962851,1.0,1.0164695838358806,73.76138653948664,77.97665144707581,77.97665144707581,0,0,80.0,0,0.0,0.10038464688942757,0.24872767834418208,0,0.017267104319528506,0.46875,804.6562296201278,0.0,34.9137969843434,0.5119616991360806,840.0819883036073,s0256,96,0.18662381999999994,0.13125367509954264,0.05537014490047213,0.0023070893708530054,0.0516968867391885,29.66938780937618,0.05537014490047238
7.130424032121979,799.6815652075669,0.37007207109425827,0.33506404161171355,0.2912653947004617,-4.760881154266464,1.0,1.018232832421791,74.82546819385819,89.51715123973372,89.51715123973372,0,1,80.0,0,0.0,0.11985449473568122,0.27858369099484315,0,0.017938072535610444,0.5520833333333334,804.6562296201278,0.0,38.74388326806826,0.611257923151974,844.0113708113479,s0257,96,0.18662381999999994,0.13125367509954264,0.05537014490047213,0.0023070893708530054,0.0516968867391885,29.66938780937618,0.05537014490047238
7.1072114360315,798.221579834579,0.37335625175538584,0.3847788684450446,0.23362326643738723,-4.781656824834855,1.0,1.0173744084875749,74.74894628323018,84.3215526088383,84.3215526088383,0,1,80.0,0,0.0,0.10136193666962429,0.23025732008088684,0,0.01499567256548243,0.5416666666666666,804.6562296201278,0.0,32.307442205900784,0.5169458770150837,837.4806177030437,s0258,96,0.18662381999999994,0.13125367509954264,0.05537014490047213,0.0023070893708530054,0.0516968867391885,29.66938780937618,0.05537014490047238
7.075431440790981,794.2887825683305,0.3688399669345924,0.41351822708252656,0.23974368826551262,-4.807757429068513,1.0,1.015815889830988,75.67545851150321,76.16778018010592,76.16778018010592,0,0,80.0,0,0.0,0.10650288391435218,0.27754890520665754,0,0.018659733677597618,0.46875,804.6562296201278,0.0,39.460299222474326,0.543164707963196,844.6596935505653,s0259,96,0.18662381999999994,0.13125367509954264,0.05537014490047213,0.0023070893708530054,0.0516968867391885,29.66938780937618,0.05537014490047238
7.057911891350394,792.7520718313863,0.3602039114213899,0.42384517365731433,0.240415009137609,-4.838015245945987,1.0,1.016118096517955,74.18177090113477,77.26414010418345,77.26414010418345,0,0,80.0,0,0.0,0.10880399052941646,0.22818998124806866,0,0.015265979089586174,0.59375,804.6562296201278,0.0,32.06703599210487,0.5549003517000237,837.2781659639326,s0260,96,0.18662381999999994,0.13125367509954264,0.05537014490047213,0.0023070893708530054,0.0516968867391885,29.66938780937618,0.05537014490047238
7.133473342546868,800.6783232180536,0.3569132469664088,0.363452471466206,0.24055052215204248,-4.781519739316853,1.0,1.0162235188794717,74.4164641818132,79.7583285874363,79.7583285874363,0,0,80.0,0,0.0,0.09720166140182922,0.2366539095825138,0,0.014600456078059723,0.4895833333333333,804.6562296201278,0.0,32.82043178728705,0.4957284731493287,837.9723898805642,s0261,96,0.18662381999999994,0.13125367509954264,0.05537014490047213,0.0023070893708530054,0.0516968867391885,29.66938780937618,0.05537014490047238
7.1527594101387155,803.160565543873,0.3764395246803415,0.3852211278779778,0.27580858690837456,-4.856900334115059,1.0,1.0156985335586088,73.71175147580497,75.53837106957002,75.53837106957002,0,0,80.0,0,0.0,0.09917496099306554,0.2865143626355353,0,0.01954318232616598,0.5416666666666666,804.6562296201278,0.0,40.76946878600272,0.5057923010646341,845.931490707195,s0262,96,0.18662381999999994,0.13125367509954264,0.05537014490047213,0.0023070893708530054,0.0516968867391885,29.66938780937618,0.05537014490047238
7.175908539179337,804.6986663955652,0.3697665654136006,0.3413892119082808,0.23201399396232816,-4.832096245178901,1.0,1.0164813170714853,73.41965259322626,79.59785600494277,79.59785600494277,0,0,80.0,0,0.0,0.10126420661963781,0.2357531638139364,0,0.016205962733766857,0.4583333333333333,804.6562296201278,0.0,33.148004693561944,0.5164474537601528,838.3206817674499,s0263,96,0.18662381999999994,0.13125367509954264,0.05537014490047213,0.0023070893708530054,0.0516968867391885,29.66938780937618,0.05537014490047238
7.108641728044853,798.3779822262877,0.36757234317801973,0.39619328359155587,0.25511911157528366,-4.8428222802381455,1.0,1.0168862915864654,74.33215314318923,82.08938005821382,82.08938005821382,0,3,80.0,0,0.0,0.10007828556699151,0.2662362905158154,0,0.01634518268201751,0.5208333333333334,804.6562296201278,0.0,37.17829018106417,0.5103992563916567,842.3449190575836,s0264,96,0.18662381999999994,0.13125367509954264,0.05537014490047213,0.0023070893708530054,0.0516968867391885,29.66938780937618,0.05537014490047238
7.122091381041855,799.7074312098748,0.3650377169653908,0.36330237080430605,0.2337853137129638,-4.822313954756155,1.0,1.0156767973131504,76.02789955203924,74.13142625998395,74.13142625998395,0,0,80.0,0,0.0,0.0960904743857532,0.24282227168669954,0,0.014754035427769685,0.4791666666666667,804.6562296201278,0.0,33.61688096146032,0.49006141936734116,838.7631720009554,s0265,96,0.18662381999999994,0.13125367509954264,0.05537014490047213,0.0023070893708530054,0.0516968867391885,29.66938780937618,0.05537014490047238
7.137960276467719,801.9173760413393,0.37069574977829184,0.3683821829393952,0.272866594592326,-4.884566432698538,1.0,1.0175920734852433,77.26576065740097,84.72915959575587,84.72915959575587,0,2,80.0,0,0.0,0.10400041009948097,0.229277128141178,0,0.015104422368624955,0.4791666666666667,804.6562296201278,0.0,32.130192657763395,0.5304020915073525,837.3168243693984,s0266,96,0.18662381999999994,0.13125367509954264,0.05537014490047213,0.0023070893708530054,0.0516968867391885,29.66938780937618,0.05537014490047238
7.125858205857307,800.4191381869006,0.38883595378220115,0.37172904481663605,0.2654728864578244,-4.885014924047039,1.0,1.0161022230470909,75.31353382035742,78.18565037358995,78.18565037358995,0,0,80.0,0,0.0,0.08993115739378993,0.25750928403519385,0,0.015651886353635586,0.4583333333333333,804.6562296201278,0.0,35.88265094878348,0.4586489027083284,840.9975294716196,s0267,96,0.18662381999999994,0.13125367509954264,0.05537014490047213,0.0023070893708530054,0.0516968867391885,29.66938780937618,0.05537014490047238
7.214159343661452,809.578191612728,0.3771201738196774,0.3414977066350884,0.2701816440308284,-4.858622804393293,1.0,1.0156819865691662,74.70496331274926,74.33117600914805,74.33117600914805,0,0,80.0,0,0.0,0.10143790933743072,0.2608412004444402,0,0.016146798417704156,0.375,804.6562296201278,0.0,36.117157338103986,0.5173333376208965,841.2907202958527,s0268,96,0.18662381999999994,0.13125367509954264,0.05537014490047213,0.0023070893708530054,0.0516968867391885,29.66938780937618,0.05537014490047238
7.1900293205774615,806.4607739207676,0.374653176132734,0.3560144800372722,0.2456816182550839,-4.749211512000034,1.0,1.0163650877315415,75.69527270557158,79.09148236005461,79.09148236005461,0,0,80.0,0,0.0,0.09562351662491168,0.2545945171953757,0,0.014785264950895514,0.40625,804.6562296201278,0.0,34.66722433821125,0.48767993478704974,839.811133893126,s0269,96,0.18662381999999994,0.13125367509954264,0.05537014490047213,0.0023070893708530054,0.0516968867391885,29.66938780937618,0.05537014490047238
7.05559363479036,792.5136524551368,0.37488491861081724,0.3895135587282642,0.26061327485463043,-4.797145075505198,1.0,1.0159288762665262,76.28652280130304,76.61827293860969,76.61827293860969,0,0,80.0,0,0.0,0.10234429651215649,0.2355799710940899,0,0.014473527601393645,0.59375,804.6562296201278,0.0,33.16644690500898,0.521955912211998,838.3446324373488,s0270,96,0.18662381999999994,0.13125367509954264,0.05537014490047213,0.0023070893708530054,0.0516968867391885,29.66938780937618,0.05537014490047238
7.145201027342274,802.1659527090009,0.37868850426260814,0.37332433612748084,0.23516740647344353,-4.793126585060901,1.0,1.0155157590315718,73.97510398425135,75.30252063079692,75.30252063079692,0,0,80.0,0,0.0,0.09376034504031687,0.2191469495545985,0,0.013938547783050525,0.4791666666666667,804.6562296201278,0.0,30.910593151842736,0.4781777597056157,836.0450005316761,s0271,96,0.18662381999999994,0.13125367509954264,0.05537014490047213,0.0023070893708530054,0.0516968867391885,29.66938780937618,0.05537014490047238
7.083602065341632,795.4289884818232,0.3619897864244909,0.4018338310642507,0.2462515047794852,-4.810442810678604,1.0,1.0173767482896985,73.94113446532226,83.97588063541403,83.97588063541403,0,1,80.0,0,0.0,0.09520604779999453,0.25144485566522595,0,0.014953897255062909,0.5520833333333334,804.6562296201278,0.0,35.43984770888281,0.48555084377997204,840.5816281727905,s0272,96,0.18662381999999994,0.13125367509954264,0.05537014490047213,0.0023070893708530054,0.0516968867391885,29.66938780937618,0.05537014490047238
7.136788822503608,800.4063747647294,0.3615818704795242,0.385293835511219,0.23072693218671936,-4.778492529571775,1.0,1.0159074738840363,74.12420821807063,75.26863230862958,75.26863230862958,0,0,80.0,0,0.0,0.08940703125407276,0.24214930526283354,0,0.015052962506381006,0.5104166666666666,804.6562296201278,0.0,34.00392953357159,0.45597585939577084,839.1161350130951,s0273,96,0.18662381999999994,0.13125367509954264,0.05537014490047213,0.0023070893708530054,0.0516968867391885,29.66938780937618,0.05537014490047238
7.152095940747111,802.7347293710844,0.37240066913894565,0.3723917822307522,0.25352418067433363,-4.737320563855405,1.0,1.0153627859387395,75.71173253584048,76.09221783567013,76.09221783567013,0,0,80.0,0,0.0,0.09562195270798857,0.2564549891202009,0,0.017194215003334814,0.46875,804.6562296201278,0.0,35.68457179581208,0.4876719588107416,840.8284733747506,s0274,96,0.18662381999999994,0.13125367509954264,0.05537014490047213,0.0023070893708530054,0.0516968867391885,29.66938780937618,0.05537014490047238
7.151220189105476,802.8186366919308,0.3655214261709167,0.368968670905911,0.25079255403689593,-4.8108177127508505,1.0,1.0156197228207184,73.7909669575709,75.50112561844796,75.50112561844796,0,0,80.0,0,0.0,0.11778909923019176,0.24075575746939415,0,0.016251686981984138,0.4583333333333333,804.6562296201278,0.0,34.153216949195105,0.6007244060739778,839.4101709753968,s0275,96,0.18662381999999994,0.13125367509954264,0.05537014490047213,0.0023070893708530054,0.0516968867391885,29.66938780937618,0.05537014490047238
7.122291273901727,797.9754217832868,0.37431162606776497,0.4200849994482043,0.2491521071103962,-4.783469889596201,1.0,1.0162874590045359,73.7163821646456,77.09109373799917,77.09109373799917,0,0,80.0,0,0.0,0.09569042755299675,0.24910270236195275,0,0.01605477801216786,0.5416666666666666,804.6562296201278,0.0,35.16372800022854,0.4880211805202833,840.3079788008765,s0276,96,0.18662381999999994,0.13125367509954264,0.05537014490047213,0.0023070893708530054,0.0516968867391885,29.66938780937618,0.05537014490047238
7.057135158128549,792.1056421182152,0.37993334788062827,0.4301075899745367,0.2564563910117716,-4.7930485524771544,1.0,1.0160708188357865,75.40104984646673,78.13933815832291,78.13933815832291,0,0,80.0,0,0.0,0.11086226416294738,0.2711284179015125,0,0.01633131669611381,0.5416666666666666,804.6562296201278,0.0,37.973271015963064,0.5653975472310316,843.1948981833218,s0277,96,0.18662381999999994,0.13125367509954264,0.05537014490047213,0.0023070893708530054,0.0516968867391885,29.66938780937618,0.05537014490047238
7.081034480007169,794.8886644470288,0.3688735372392385,0.39342451969478576,0.2514771853182458,-4.757883697685242,1.0,1.0161313181252634,76.82256825959192,77.84083599638836,77.84083599638836,0,0,80.0,0,0.0,0.1015949201590856,0.25907716391510743,0,0.016462741889574292,0.5416666666666666,804.6562296201278,0.0,35.64962007978047,0.5181340928113367,840.8239837927196,s0278,96,0.18662381999999994,0.13125367509954264,0.05537014490047213,0.0023070893708530054,0.0516968867391885,29.66938780937618,0.05537014490047238
7.128694773238834,800.3217581006921,0.36556540857532355,0.38777132176753315,0.26440266679316604,-4.874555405685229,1.0,1.0169208688064242,74.02429042499833,82.62751790502456,82.62751790502456,0,1,80.0,0,0.0,0.12835794080291466,0.2724351138174751,0,0.019156003656436448,0.40625,804.6562296201278,0.0,38.128139771556214,0.6546254980948643,843.4389948897789,s0279,96,0.18662381999999994,0.13125367509954264,0.05537014490047213,0.0023070893708530054,0.0516968867391885,29.66938780937618,0.05537014490047238
7.140620371569815,802.4564984118342,0.3830967140075332,0.36889641807453166,0.20379723359855403,-4.844737725008458,1.0,1.0154588497644301,73.84215602799756,74.04901885112848,74.04901885112848,0,0,80.0,0,0.0,0.08868937500216204,0.2348012786904694,0,0.015086594528437922,0.5,804.6562296201278,0.0,33.17631341402688,0.4523158125110263,838.2848588466658,s0280,96,0.18662381999999994,0.13125367509954264,0.05537014490047213,0.0023070893708530054,0.0516968867391885,29.66938780937618,0.05537014490047238
7.121927009814145,799.4654258596149,0.3582257729965362,0.36875421304199696,0.2217267954185675,-4.7900818990601,1.0,1.0160783063316394,77.71258375765181,77.77428576528258,77.77428576528258,0,0,80.0,0,0.0,0.08940378198962289,0.21658236568749556,0,0.013944611867260323,0.5,804.6562296201278,0.0,30.414067394358337,0.45595928814707654,835.5262563026331,s0281,96,0.18662381999999994,0.13125367509954264,0.05537014490047213,0.0023070893708530054,0.0516968867391885,29.66938780937618,0.05537014490047238
7.0610054281437495,793.7670368736668,0.37350042780066595,0.4063632520405323,0.25681048160634273,-4.88510250565325,1.0,1.0159242664442607,76.21838956772649,75.44474909483813,75.44474909483813,0,0,80.0,0,0.0,0.09759329613064853,0.2967813847110803,0,0.018096282235216678,0.53125,804.6562296201278,0.0,41.27739324097512,0.4977258102663072,846.4313486713692,s0282,96,0.18662381999999994,0.13125367509954264,0.05537014490047213,0.0023070893708530054,0.0516968867391885,29.66938780937618,0.05537014490047238
7.10044773789304,796.6066199625916,0.36071696386141905,0.4098846874400067,0.2188655992346748,-4.932317660258306,1.0,1.0165766316886329,75.22585858732576,79.33132400842877,79.33132400842877,0,0,80.0,0,0.0,0.10676552188343699,0.21079936210093952,0,0.013575050952852587,0.5729166666666666,804.6562296201278,0.0,29.648697659585803,0.5445041616055283,834.8494314413191,s0283,96,0.18662381999999994,0.13125367509954264,0.05537014490047213,0.0023070893708530054,0.0516968867391885,29.66938780937618,0.05537014490047238
7.138375407832221,801.5327857464686,0.3775521088965467,0.3882460877985616,0.23411347604496607,-4.80598523407413,1.0,1.0162272184402175,74.80347720260144,78.11080086023196,78.11080086023196,0,0,80.0,0,0.0,0.08690472177463833,0.2313202765452464,0,0.013023212229743193,0.4791666666666667,804.6562296201278,0.0,32.8081545236688,0.4432140810506556,837.9075982248472,s0284,96,0.18662381999999994,0.13125367509954264,0.05537014490047213,0.0023070893708530054,0.0516968867391885,29.66938780937618,0.05537014490047238
7.151872622448825,802.6983746239986,0.36863897853862604,0.34258355938659757,0.25250254463676847,-4.8580854524098305,1.0,1.0164011120967504,77.0073613859056,80.03559994192376,80.03559994192376,0,1,80.0,0,0.0,0.09919496698229628,0.25188790136395056,0,0.016285741492773224,0.5416666666666666,804.6562296201278,0.0,34.732378770369834,0.5058943316097108,839.8945027221073,s0285,96,0.18662381999999994,0.13125367509954264,0.05537014490047213,0.0023070893708530054,0.0516968867391885,29.66938780937618,0.05537014490047238
7.121110889050933,799.1200816816142,0.3647089098379883,0.3614807990884028,0.2514984953458057,-4.742365377420243,1.0,1.0167574700221766,73.86405240179197,80.48074126785173,80.48074126785173,0,1,80.0,0,0.0,0.10062491048818309,0.230654096190622,0,0.014743337934233937,0.5104166666666666,804.6562296201278,0.0,31.99272167480875,0.5131870434897338,837.1621383384263,s0286,96,0.18662381999999994,0.13125367509954264,0.05537014490047213,0.0023070893708530054,0.0516968867391885,29.66938780937618,0.05537014490047238
7.112823912596929,798.4793557118148,0.3802886017129926,0.3650739731657252,0.2716267539816036,-4.8293830786550265,1.0,1.0163757397221713,74.9074558745123,79.18669373275745,79.18669373275745,0,0,80.0,0,0.0,0.10007988327473724,0.2693918059197124,0,0.01546334127908671,0.5416666666666666,804.6562296201278,0.0,37.24464991774656,0.5104074047011598,842.4112869425754,s0287,96,0.18662381999999994,0.13125367509954264,0.05537014490047213,0.0023070893708530054,0.0516968867391885,29.66938780937618,0.05537014490047238
7.165334875926863,804.0406355908106,0.37209236443170707,0.3773262436177935,0.23699302606036599,-4.8538274754827375,1.0,1.0158710216167828,76.87516811240567,76.74679207858016,76.74679207858016,0,0,80.0,0,0.0,0.09145346810443095,0.2470762814899595,0,0.016888050077000026,0.4583333333333333,804.6562296201278,0.0,34.53887378000165,0.46641268733259755,839.661516087462,s0288,96,0.18662381999999994,0.13125367509954264,0.05537014490047213,0.0023070893708530054,0.0516968867391885,29.66938780937618,0.05537014490047238
7.083918617095906,795.2744766641355,0.3725591266228146,0.4024205417626059,0.26102357927943276,-4.852755948844411,1.0,1.0166375515584443,77.92701133237453,80.24064022570249,80.24064022570249,0,1,80.0,0,0.0,0.09106078453374689,0.2654053820738244,0,0.017451672752164405,0.5833333333333334,804.6562296201278,0.0,36.58702353770497,0.46441000112210906,841.7076631589549,s0289,96,0.18662381999999994,0.13125367509954264,0.05537014490047213,0.0023070893708530054,0.0516968867391885,29.66938780937618,0.05537014490047238
7.1642622163382494,804.194366660686,0.4009562416552168,0.3977811287167366,0.2639817405835294,-4.821670034538237,1.0,1.016502117893782,74.68587850785497,79.89058917016258,79.89058917016258,0,0,80.0,0,0.0,0.11289246497309775,0.2693347231167968,0,0.017920490151781886,0.4479166666666667,804.6562296201278,0.0,37.7201969508702,0.5757515713627985,842.9521781423608,s0290,96,0.18662381999999994,0.13125367509954264,0.05537014490047213,0.0023070893708530054,0.0516968867391885,29.66938780937618,0.05537014490047238
7.08253621186383,795.3461582276605,0.3696496409712817,0.4127151687052339,0.2657406312643217,-4.902929595473879,1.0,1.0166579692002227,75.2114799742589,79.79406795900096,79.79406795900096,0,0,80.0,0,0.0,0.12046465028413153,0.2659466453454554,0,0.016683279366468014,0.5,804.6562296201278,0.0,36.94756535177931,0.6143697164490703,842.2181646883562,s0291,96,0.18662381999999994,0.13125367509954264,0.05537014490047213,0.0023070893708530054,0.0516968867391885,29.66938780937618,0.05537014490047238
7.112005258394276,798.3753879415194,0.3582501001247402,0.38028993522028864,0.2286883486699951,-4.877544293816607,1.0,1.0157495984311244,77.01769098462576,75.37818694918552,75.37818694918552,0,0,80.0,0,0.0,0.0996474038403601,0.23107107303528068,0,0.014403711550359884,0.5416666666666666,804.6562296201278,0.0,32.19595542127937,0.5082017595858362,837.360386800993,s0292,96,0.18662381999999994,0.13125367509954264,0.05537014490047213,0.0023070893708530054,0.0516968867391885,29.66938780937618,0.05537014490047238
7.130035067981555,800.42641839524,0.3691661911401381,0.3642697012265142,0.242137483075394,-4.816760917769123,1.0,1.0164417499663883,74.348232927793,81.59588825623807,81.59588825623807,0,1,80.0,0,0.0,0.10643105531740618,0.2546294839195682,0,0.016951220909035628,0.5,804.6562296201278,0.0,35.9058051240711,0.5427983821187715,841.1048331263177,s0293,96,0.18662381999999994,0.13125367509954264,0.05537014490047213,0.0023070893708530054,0.0516968867391885,29.66938780937618,0.05537014490047238
7.164696225695185,803.8827665749734,0.37669053309986317,0.3489671185812846,0.22738461384522118,-4.79569779906276,1.0,1.0166577648658401,73.31988187232827,79.16803026154687,79.16803026154687,0,0,80.0,0,0.0,0.10308167847651684,0.22753295463199413,0,0.015638304202237222,0.4791666666666667,804.6562296201278,0.0,32.04311647977111,0.525716560230236,837.2250626601291,s0294,96,0.18662381999999994,0.13125367509954264,0.05537014490047213,0.0023070893708530054,0.0516968867391885,29.66938780937618,0.05537014490047238
7.156724006270422,803.5056218072195,0.36982697030523215,0.3652600408308586,0.247170536945556,-4.799284724040234,1.0,1.0159201535983169,74.91061441063631,75.15459337180936,75.15459337180936,0,0,80.0,0,0.0,0.08852869404867363,0.24985715087907268,0,0.015081755465643687,0.46875,804.6562296201278,0.0,35.74414772561117,0.4514963396482356,840.8518736853871,s0295,96,0.18662381999999994,0.13125367509954264,0.05537014490047213,0.0023070893708530054,0.0516968867391885,29.66938780937618,0.05537014490047238
7.086952705404072,795.9820924073701,0.3664880965542678,0.3685171784540954,0.23693329004463615,-4.85925503642503,1.0,1.016155531979363,73.88012515484736,77.0926185610732,77.0926185610732,0,0,80.0,0,0.0,0.09148105275706933,0.2595981153990795,0,0.01698707515031752,0.5520833333333334,804.6562296201278,0.0,35.82826918886958,0.4665533690610536,840.9510521780585,s0296,96,0.18662381999999994,0.13125367509954264,0.05537014490047213,0.0023070893708530054,0.0516968867391885,29.66938780937618,0.05537014490047238
7.148822158116339,802.6832064373597,0.3650588577972409,0.3803596464631493,0.2519599361778974,-4.848670506142314,1.0,1.0164350508730269,75.57178619886584,78.51029293958618,78.51029293958618,0,0,80.0,0,0.0,0.10069258541167316,0.27012773227645637,0,0.017499291229075925,0.4895833333333333,804.6562296201278,0.0,37.512422360280354,0.5135321855995328,842.6821841660076,s0297,96,0.18662381999999994,0.13125367509954264,0.05537014490047213,0.0023070893708530054,0.0516968867391885,29.66938780937618,0.05537014490047238
7.1358326137051975,801.105825240585,0.36788375549563196,0.37681114689634276,0.252973200601061,-4.829187752590945,1.0,1.0166773080048086,75.26776508858897,78.88427349140932,78.88427349140932,0,0,80.0,0,0.0,0.08916135510249337,0.2502300996302238,0,0.015429270264258438,0.4791666666666667,804.6562296201278,0.0,35.23822757299645,0.454722911022716,840.349180104147,s0298,96,0.18662381999999994,0.13125367509954264,0.05537014490047213,0.0023070893708530054,0.0516968867391885,29.66938780937618,0.05537014490047238
7.1583109305459685,802.7256206442928,0.37518320605308325,0.37280352361817387,0.23554963680824165,-4.927251973516469,1.0,1.016201767454665,77.82010182093907,77.16873917016271,77.16873917016271,0,0,80.0,0,0.0,0.09006361494184302,0.2611792944088144,0,0.017549648854924597,0.4895833333333333,804.6562296201278,0.0,36.46025850156924,0.45932443620339936,841.5758125579003,s0299,96,0.18662381999999994,0.13125367509954264,0.05537014490047213,0.0023070893708530054,0.0516968867391885,29.66938780937618,0.05537014490047238
7.158912041626351,803.5897282207181,0.37014769100952166,0.3307583411376718,0.26441613407939996,-4.723975751234511,1.0,1.0160617801419116,76.10407055069136,77.41314885778743,77.41314885778743,0,0,80.0,0,0.0,0.1150380945915321,0.2584431798894733,0,0.01663284528285562,0.46875,804.6562296201278,0.0,35.5028826821516,0.5866942824168139,840.7458065846962,s0300,96,0.18662381999999994,0.13125367509954264,0.05537014490047213,0.0023070893708530054,0.0516968867391885,29.66938780937618,0.05537014490047238
7.134078085182476,800.3336713023299,0.36839748926446547,0.35580591027402636,0.23610685289205713,-4.7985160275589225,1.0,1.0162628253083903,75.3781871470409,78.31385124084044,78.31385124084044,0,0,80.0,0,0.0,0.10428862864381536,0.24315341270617596,0,0.015290534254461153,0.5104166666666666,804.6562296201278,0.0,34.3782168923162,0.5318720060834583,839.5663185185274,s0301,96,0.18662381999999994,0.13125367509954264,0.05537014490047213,0.0023070893708530054,0.0516968867391885,29.66938780937618,0.05537014490047238
7.0655790063876776,793.9254832160932,0.37356201561373575,0.38980888505843514,0.2231087786046194,-4.735095193463921,1.0,1.0168745798561027,75.0979013907733,80.33580147511195,80.33580147511195,0,1,80.0,0,0.0,0.08674171284125927,0.2059439647150571,0,0.012612720688313485,0.5833333333333334,804.6562296201278,0.0,28.948889783012785,0.44238273549042206,834.047502138631,s0302,96,0.18662381999999994,0.13125367509954264,0.05537014490047213,0.0023070893708530054,0.0516968867391885,29.66938780937618,0.05537014490047238
7.1207192239899975,800.121169724731,0.3687823705778556,0.3297465499053004,0.2719710301118571,-4.789924814655914,1.0,1.0162072543825857,75.0904155974934,77.93299862083181,77.93299862083181,0,0,80.0,0,0.0,0.10803605357052312,0.2684736720912526,0,0.01674870121334282,0.53125,804.6562296201278,0.0,37.139907110366686,0.5509838732096681,842.3471206037042,s0303,96,0.18662381999999994,0.13125367509954264,0.05537014490047213,0.0023070893708530054,0.0516968867391885,29.66938780937618,0.05537014490047238
7.148340920387952,802.3880152482819,0.3821078200529198,0.38843623783722886,0.2383191812495733,-4.899397967208071,1.0,1.0165490526526297,72.86085292572217,80.37356351271006,80.37356351271006,0,1,80.0,0,0.0,0.08963806555186907,0.2394440072377161,0,0.014857672757335811,0.5416666666666666,804.6562296201278,0.0,34.092886714219894,0.4571541343145322,839.2062704686622,s0304,96,0.18662381999999994,0.13125367509954264,0.05537014490047213,0.0023070893708530054,0.0516968867391885,29.66938780937618,0.05537014490047238
7.140621322390999,800.8122843669823,0.36978555485844977,0.3930216064085629,0.2191596660296367,-4.859536769361131,1.0,1.015835649478559,73.55174541090615,75.71584678202575,75.71584678202575,0,0,80.0,0,0.0,0.09402758648694233,0.2180661622853159,0,0.013983240647532298,0.4375,804.6562296201278,0.0,30.462912533042733,0.4795406910834058,835.598682844254,s0305,96,0.18662381999999994,0.13125367509954264,0.05537014490047213,0.0023070893708530054,0.0516968867391885,29.66938780937618,0.05537014490047238
7.051341943083702,792.8277168560392,0.377938254150052,0.42915994681377556,0.24366489565473282,-4.797501199406354,1.0,1.0160495245149088,75.72922947434404,75.43652116872464,75.43652116872464,0,0,80.0,0,0.0,0.09517731514738687,0.28107402979722995,0,0.017421016329217495,0.5520833333333334,804.6562296201278,0.0,40.10618597305775,0.48540430725167283,845.2478199004372,s0306,96,0.18662381999999994,0.13125367509954264,0.05537014490047213,0.0023070893708530054,0.0516968867391885,29.66938780937618,0.05537014490047238
7.052076789894082,792.3580347754149,0.369492938251612,0.40879732716464356,0.26814923670630597,-4.848686573279519,1.0,1.0167755238187108,76.50436434227139,81.69765965153032,81.69765965153032,0,1,80.0,0,0.0,0.1080189509754057,0.2550444338879383,0,0.015454571488005513,0.59375,804.6562296201278,0.0,35.32518577870844,0.5508966499745689,840.5323120488108,s0307,96,0.18662381999999994,0.13125367509954264,0.05537014490047213,0.0023070893708530054,0.0516968867391885,29.66938780937618,0.05537014490047238
7.13492467406839,800.60277346883,0.3739758933470235,0.36575843678004705,0.25482635795468783,-4.8014490242234515,1.0,1.0166513907281975,77.22567778131464,80.62099967726702,80.62099967726702,0,1,80.0,0,0.0,0.10762150132556185,0.2523350899323207,0,0.017037707739673343,0.5416666666666666,804.6562296201278,0.0,35.391454652151765,0.5488696567603651,840.5965539290399,s0308,96,0.18662381999999994,0.13125367509954264,0.05537014490047213,0.0023070893708530054,0.0516968867391885,29.66938780937618,0.05537014490047238
7.088581801547065,796.2339733001904,0.360629751732978,0.40600625009174074,0.23679003232564577,-4.84868562522492,1.0,1.016362768423498,76.27222268267869,78.05588511653495,78.05588511653495,0,0,80.0,0,0.0,0.08221360410590046,0.26333554812399135,0,0.016108417571274444,0.53125,804.6562296201278,0.0,37.183979274270584,0.4192893809400922,842.2594982753384,s0309,96,0.18662381999999994,0.13125367509954264,0.05537014490047213,0.0023070893708530054,0.0516968867391885,29.66938780937618,0.05537014490047238
7.101224730265902,797.0851876746974,0.3600836134958975,0.3715637192891379,0.27025927147977624,-4.830467196505264,1.0,1.0166144432516462,75.7629019484523,80.69181625192905,80.69181625192905,0,1,80.0,0,0.0,0.11619899027222787,0.20712350364988497,0,0.013980224205848634,0.5104166666666666,804.6562296201278,0.0,28.856046665861616,0.5926148503883621,834.1048911363778,s0310,96,0.18662381999999994,0.13125367509954264,0.05537014490047213,0.0023070893708530054,0.0516968867391885,29.66938780937618,0.05537014490047238
7.080287468546081,795.2375893731394,0.38974005487826296,0.43721303064407613,0.24407187441405898,-4.909304572719095,1.0,1.0160469048400012,73.86198126565115,76.82427799753856,76.82427799753856,0,0,80.0,0,0.0,0.10367000024062614,0.23417884011521284,0,0.014437606536787755,0.625,804.6562296201278,0.0,32.348331036218404,0.5287170012271929,837.5332776575733,s0311,96,0.18662381999999994,0.13125367509954264,0.05537014490047213,0.0023070893708530054,0.0516968867391885,29.66938780937618,0.05537014490047238
7.064610874074985,793.6020452091012,0.3763366380195944,0.3960285912779043,0.23570127652966966,-4.858445791635121,1.0,1.0175801307239078,74.86370052378004,85.44712099576857,85.44712099576857,0,1,80.0,0,0.0,0.09879550172531522,0.25531517530536396,0,0.01586658841009768,0.5520833333333334,804.6562296201278,0.0,35.74731919569668,0.5038570587991074,840.9074058746236,s0312,96,0.18662381999999994,0.13125367509954264,0.05537014490047213,0.0023070893708530054,0.0516968867391885,29.66938780937618,0.05537014490047238
7.105502155241091,798.0340390624951,0.3813897626716675,0.3537972119678293,0.2897850045934307,-4.816492188210137,1.0,1.0163052890978925,76.17703575006392,79.46027972248379,79.46027972248379,0,0,80.0,0,0.0,0.12417552553291449,0.25304493386173127,0,0.017482144000411846,0.4791666666666667,804.6562296201278,0.0,34.84418726055884,0.6332951802178636,840.1337120609044,s0313,96,0.18662381999999994,0.13125367509954264,0.05537014490047213,0.0023070893708530054,0.0516968867391885,29.66938780937618,0.05537014490047238
7.153162346510387,803.5873268462849,0.39727293742383235,0.37085233490117747,0.2698419377569003,-4.793999983950765,1.0,1.0164037086545783,75.84711879677856,79.1665573063438,79.1665573063438,0,0,80.0,0,0.0,0.10085689430159196,0.28779754259534296,0,0.019155129599062976,0.4791666666666667,804.6562296201278,0.0,40.30686456049813,0.5143701609381193,845.477464341564,s0314,96,0.18662381999999994,0.13125367509954264,0.05537014490047213,0.0023070893708530054,0.0516968867391885,29.66938780937618,0.05537014490047238
7.06233046494037,793.9663763014429,0.361807394131532,0.3945332092343403,0.252628086122093,-4.807487201351666,1.0,1.0169090844836526,73.6693731742449,81.40259569865694,81.40259569865694,0,1,80.0,0,0.0,0.10953508826962637,0.2814921454044249,0,0.016864703428231775,0.59375,804.6562296201278,0.0,39.08047890072605,0.5586289501750945,844.2953374710289,s0315,96,0.18662381999999994,0.13125367509954264,0.05537014490047213,0.0023070893708530054,0.0516968867391885,29.66938780937618,0.05537014490047238
7.118716260004773,799.3383686277971,0.37006051234038634,0.39223395322386184,0.2500856682703898,-4.825279987042571,1.0,1.0169824717060978,74.30481217719588,81.08807048792946,81.08807048792946,0,1,80.0,0,0.0,0.100470185170196,0.24259849955809593,0,0.016159601949432733,0.5208333333333334,804.6562296201278,0.0,33.8070592240115,0.5123979443679995,838.9756867885072,s0316,96,0.18662381999999994,0.13125367509954264,0.05537014490047213,0.0023070893708530054,0.0516968867391885,29.66938780937618,0.05537014490047238
7.134072113793833,800.2985977759092,0.3678300734487781,0.40943366171303347,0.23862349953830814,-4.913521298303375,1.0,1.0161687446841665,73.76531539626123,77.13479548511897,77.13479548511897,0,0,80.0,0,0.0,0.08968650241538742,0.26618159888600545,0,0.01639816232138024,0.4583333333333333,804.6562296201278,0.0,37.207424196551756,0.45740116231847616,842.321054978998,s0317,96,0.18662381999999994,0.13125367509954264,0.05537014490047213,0.0023070893708530054,0.0516968867391885,29.66938780937618,0.05537014490047238
7.160426544814683,803.6101422542445,0.38175351758336934,0.3548837909949056,0.2544368070255515,-4.968531694834971,1.0,1.017658941959557,74.3580314013656,85.89712923245511,85.89712923245511,0,1,80.0,0,0.0,0.10366356427264295,0.25717355469283143,0,0.017524758625446193,0.4479166666666667,804.6562296201278,0.0,35.39680210382845,0.5286841777904787,840.5817159017467,s0318,96,0.18662381999999994,0.13125367509954264,0.05537014490047213,0.0023070893708530054,0.0516968867391885,29.66938780937618,0.05537014490047238
7.159970285520341,802.9814043688443,0.370406986218757,0.3815452691184561,0.252708109976235,-4.966852279671155,1.0,1.0173101301758836,78.67671820684086,83.19918530994818,83.19918530994818,0,1,80.0,0,0.0,0.10481019512867881,0.22644769498974987,0,0.01479681887580683,0.46875,804.6562296201278,0.0,31.873060760850944,0.5345319951562618,837.063822376135,s0319,96,0.18662381999999994,0.13125367509954264,0.05537014490047213,0.0023070893708530054,0.0516968867391885,29.66938780937618,0.05537014490047238
7.19365936057263,807.0532538034515,0.38110413865523285,0.31658187364182244,0.28325358466189055,-4.763209348703064,1.0,1.0159419704336439,75.78413991974551,77.19123471730721,77.19123471730721,0,0,80.0,0,0.0,0.11028645325412638,0.27845165186250753,0,0.018940109207922936,0.4791666666666667,804.6562296201278,0.0,39.473103388366106,0.5624609115960445,844.6917939200899,s0320,96,0.18662381999999994,0.13125367509954264,0.05537014490047213,0.0023070893708530054,0.0516968867391885,29.66938780937618,0.05537014490047238
7.157717556598959,803.1508055216682,0.3756198257611687,0.3682757588057479,0.22310022585557016,-4.800235128068088,1.0,1.0167509539327306,77.33284311667887,80.74637852801982,80.74637852801982,0,1,80.0,0,0.0,0.08885131029395305,0.23678300103666722,0,0.01615309575415984,0.4375,804.6562296201278,0.0,32.95110193598735,0.45314168249916037,838.0604732386142,s0321,96,0.18662381999999994,0.13125367509954264,0.05537014490047213,0.0023070893708530054,0.0516968867391885,29.66938780937618,0.05537014490047238
7.152264717875908,803.5724551622841,0.37678661362942595,0.3873331658498713,0.2651071174428349,-4.845777982502079,1.0,1.0166717731970571,76.75966048355328,79.32657221425595,79.32657221425595,0,0,80.0,0,0.0,0.09315125858854957,0.2884997104118525,0,0.019190542223986484,0.4479166666666667,804.6562296201278,0.0,40.743266583396974,0.4750714188016027,845.8745676223263,s0322,96,0.18662381999999994,0.13125367509954264,0.05537014490047213,0.0023070893708530054,0.0516968867391885,29.66938780937618,0.05537014490047238
7.169819687031012,804.374909621053,0.37200892765418275,0.3683190204180576,0.23931514695099285,-4.8321000173709985,1.0,1.01582110464511,74.41177475624568,76.49935782244214,76.49935782244214,0,0,80.0,0,0.0,0.11049999382716337,0.25727310535587083,0,0.018094037226417205,0.40625,804.6562296201278,0.0,36.019442069476895,0.5635499685185333,841.2392216581231,s0323,96,0.18662381999999994,0.13125367509954264,0.05537014490047213,0.0023070893708530054,0.0516968867391885,29.66938780937618,0.05537014490047238
7.146004316318758,801.6486662598891,0.3701462249708962,0.4068725064887089,0.21706525789885442,-4.764803050511223,1.0,1.0160199510660612,72.60383796801267,77.1436685286931,77.1436685286931,0,0,80.0,0,0.0,0.08096637767364577,0.21387219970337176,0,0.012259732847097901,0.46875,804.6562296201278,0.0,30.181692634106778,0.4129285261355934,835.2508507803701,s0324,96,0.18662381999999994,0.13125367509954264,0.05537014490047213,0.0023070893708530054,0.0516968867391885,29.66938780937618,0.05537014490047238
7.050647291731272,791.6436242453892,0.3733191378439897,0.3975196300326699,0.24569344096108287,-4.813226026512495,1.0,1.016705372883448,75.07484683946281,79.5289708765476,79.5289708765476,0,0,80.0,0,0.0,0.094299823547674,0.2828507723351352,0,0.017520913915063854,0.5416666666666666,804.6562296201278,0.0,39.43321998248179,0.48092910009313716,844.5703787027027,s0325,96,0.18662381999999994,0.13125367509954264,0.05537014490047213,0.0023070893708530054,0.0516968867391885,29.66938780937618,0.05537014490047238
7.156672564920041,803.0016226978078,0.3623806926399445,0.3460610460931637,0.2575645509197449,-4.803278188541643,1.0,1.017235138473951,78.97861703438431,82.64973269288213,82.64973269288213,0,1,80.0,0,0.0,0.09283975236659539,0.28196632322102805,0,0.01914020645610386,0.4375,804.6562296201278,0.0,39.68136478577406,0.47348273706963656,844.8110771429714,s0326,96,0.18662381999999994,0.13125367509954264,0.05537014490047213,0.0023070893708530054,0.0516968867391885,29.66938780937618,0.05537014490047238
7.179568872928417,805.6747025916304,0.3862370580747708,0.348718533577391,0.28172770907960565,-4.767488940498786,1.0,1.016728508365267,74.0049641323371,80.81589504817217,80.81589504817217,0,1,80.0,0,0.0,0.10506368941577582,0.2591280122135571,0,0.01724989541860756,0.4479166666666667,804.6562296201278,0.0,35.13114040355387,0.5358248160204566,840.3231948397021,s0327,96,0.18662381999999994,0.13125367509954264,0.05537014490047213,0.0023070893708530054,0.0516968867391885,29.66938780937618,0.05537014490047238
7.179477607037659,805.4159573224673,0.3642368542593709,0.3297940658502229,0.24689753478942061,-4.829738367576282,1.0,1.0174204406990424,74.44744280317587,84.54586312304853,84.54586312304853,0,1,80.0,0,0.0,0.10854515398350574,0.23305712085529107,0,0.015732787292750492,0.4479166666666667,804.6562296201278,0.0,32.32139511929228,0.5535802853158792,837.531205024736,s0328,96,0.18662381999999994,0.13125367509954264,0.05537014490047213,0.0023070893708530054,0.0516968867391885,29.66938780937618,0.05537014490047238
7.061331415741083,792.1078424735301,0.36635311234886625,0.39448739832601554,0.24066408270214473,-4.7575107315238885,1.0,1.016801428592574,74.44971523307427,81.61058069205848,81.61058069205848,0,1,80.0,0,0.0,0.102283643123972,0.2402055070053975,0,0.016591552420933492,0.5833333333333334,804.6562296201278,0.0,34.07750849888929,0.5216465799322572,839.2553846989493,s0329,96,0.18662381999999994,0.13125367509954264,0.05537014490047213,0.0023070893708530054,0.0516968867391885,29.66938780937618,0.05537014490047238
7.117269664733767,798.6940826134842,0.36629772947203243,0.36107089278509397,0.22548592177291105,-4.8817395008590365,1.0,1.0160507359662991,74.92915031621948,76.93306052641013,76.93306052641013,0,0,80.0,0,0.0,0.10133372204349736,0.2404358781355891,0,0.014711771666095198,0.5104166666666666,804.6562296201278,0.0,33.26038122224846,0.5168019824218363,838.4334128247981,s0330,96,0.18662381999999994,0.13125367509954264,0.05537014490047213,0.0023070893708530054,0.0516968867391885,29.66938780937618,0.05537014490047238
7.134541445060433,802.5784177092963,0.378913107587193,0.37362783481593087,0.24850660332421928,-4.747581829013288,1.0,1.0155640049906758,74.74291900691493,74.19254068775207,74.19254068775207,0,0,80.0,0,0.0,0.09585843417523672,0.27527896101881355,0,0.016030702388803445,0.5520833333333334,804.6562296201278,0.0,38.73459864755725,0.4888780142937072,843.8797062819788,s0331,96,0.18662381999999994,0.13125367509954264,0.05537014490047213,0.0023070893708530054,0.0516968867391885,29.66938780937618,0.05537014490047238
7.105011250846765,797.3535139715376,0.3612675306547922,0.3691649201627276,0.2429596873107692,-4.860041461510274,1.0,1.0161727482935103,75.95204420270922,76.97651518199125,76.97651518199125,0,0,80.0,0,0.0,0.10034959981269036,0.2627162709575311,0,0.0160436570764224,0.5104166666666666,804.6562296201278,0.0,36.83075717890565,0.5117829590447206,841.9987697580781,s0332,96,0.18662381999999994,0.13125367509954264,0.05537014490047213,0.0023070893708530054,0.0516968867391885,29.66938780937618,0.05537014490047238
7.144846020282279,802.0675453633581,0.3756862090398021,0.35930354912188583,0.2559766363954853,-4.720898480002919,1.0,1.0165040448885843,74.58945418304214,78.90607151116036,78.90607151116036,0,0,80.0,0,0.0,0.09817666197629817,0.24603136348611027,0,0.014865285637236542,0.4895833333333333,804.6562296201278,0.0,33.951734250639305,0.5007009760791208,839.1086648468462,s0333,96,0.18662381999999994,0.13125367509954264,0.05537014490047213,0.0023070893708530054,0.0516968867391885,29.66938780937618,0.05537014490047238
7.103323290271159,797.1819072111523,0.371349345304034,0.39270986278315184,0.23074930292561466,-4.76997958028744,1.0,1.0173420217399078,79.12751900896072,84.57820905316812,84.57820905316812,0,2,80.0,0,0.0,0.09060736533512792,0.2751010902909852,0,0.01802960134793555,0.53125,804.6562296201278,0.0,38.62577724461,0.4620975632091524,843.7441044279469,s0334,96,0.18662381999999994,0.13125367509954264,0.05537014490047213,0.0023070893708530054,0.0516968867391885,29.66938780937618,0.05537014490047238
7.123625047666229,799.3908306070286,0.35649348748777215,0.37488145609049545,0.20825653957904328,-4.818868327842507,1.0,1.0162376887208517,76.56478545391387,77.25556010261124,77.25556010261124,0,0,80.0,0,0.0,0.10117901958404092,0.21013955359570463,0,0.013483222314080452,0.4791666666666667,804.6562296201278,0.0,29.987686485380294,0.5160129998786086,835.1599291053867,s0335,96,0.18662381999999994,0.13125367509954264,0.05537014490047213,0.0023070893708530054,0.0516968867391885,29.66938780937618,0.05537014490047238
7.140105329678311,801.3173928802862,0.364743780036103,0.3628343480340579,0.2715218532718272,-4.844164298878962,1.0,1.01633776294379,74.61080597058938,77.73845483021702,77.73845483021702,0,0,80.0,0,0.0,0.12235030269934292,0.24017865231879382,0,0.015313590936881023,0.5,804.6562296201278,0.0,33.09641634942328,0.6239865437666491,838.3766325133178,s0336,96,0.18662381999999994,0.13125367509954264,0.05537014490047213,0.0023070893708530054,0.0516968867391885,29.66938780937618,0.05537014490047238
7.108167554231466,797.6719093440407,0.36024935123407903,0.37136407936432747,0.24649663803302468,-4.8307949621425825,1.0,1.0162266207691912,74.43656103238249,78.47942545011625,78.47942545011625,0,0,80.0,0,0.0,0.09691147366764699,0.2431517348025259,0,0.014853631994311388,0.5416666666666666,804.6562296201278,0.0,34.03012361380433,0.4942485157049995,839.180601749637,s0337,96,0.18662381999999994,0.13125367509954264,0.05537014490047213,0.0023070893708530054,0.0516968867391885,29.66938780937618,0.05537014490047238
7.118174566563644,799.3620767100455,0.38439851272341313,0.38019004852982863,0.22829318892035824,-4.820646750243995,1.0,1.0169819989645597,73.48260074385537,81.06176650556249,81.06176650556249,0,1,80.0,0,0.0,0.07846568852185783,0.2323980686426047,0,0.014235670744355007,0.5833333333333334,804.6562296201278,0.0,32.33148332370432,0.40017501146147494,837.3878879552935,s0338,96,0.18662381999999994,0.13125367509954264,0.05537014490047213,0.0023070893708530054,0.0516968867391885,29.66938780937618,0.05537014490047238
7.062285791804914,793.104614397625,0.3635382641222867,0.41860168088939276,0.2547442601455,-4.862984221998972,1.0,1.016275484118732,75.6936700548159,78.57325094708926,78.57325094708926,0,0,80.0,0,0.0,0.11016186224586283,0.2527872130024873,0,0.015096091859526749,0.5833333333333334,804.6562296201278,0.0,35.12837800335358,0.5618254974539002,840.3464331209352,s0339,96,0.18662381999999994,0.13125367509954264,0.05537014490047213,0.0023070893708530054,0.0516968867391885,29.66938780937618,0.05537014490047238
7.100209979422585,796.5336091987267,0.36890905258454654,0.40074505453167153,0.2539291434332688,-4.872106417412863,1.0,1.0163198965488403,76.54873102002469,77.15560362898354,77.15560362898354,0,0,80.0,0,0.0,0.08443851503010692,0.23828591399129995,0,0.014288010863593228,0.6041666666666666,804.6562296201278,0.0,33.41713886677309,0.43063642665354523,838.5040049135544,s0340,96,0.18662381999999994,0.13125367509954264,0.05537014490047213,0.0023070893708530054,0.0516968867391885,29.66938780937618,0.05537014490047238
7.146127424772078,801.5531420373279,0.3754324706694129,0.35868953828022454,0.2599926393021125,-4.85791554876753,1.0,1.01665192725983,73.86990497628412,79.68888453004355,79.68888453004355,0,0,80.0,0,0.0,0.085803386121894,0.2724757573296168,0,0.017029813419094642,0.46875,804.6562296201278,0.0,37.87223059836099,0.43759726922165937,842.9660574877104,s0341,96,0.18662381999999994,0.13125367509954264,0.05537014490047213,0.0023070893708530054,0.0516968867391885,29.66938780937618,0.05537014490047238
7.089151871171936,795.9310385546203,0.3598707026856326,0.3621030143948507,0.2573899286131724,-4.872110410240885,1.0,1.0158017309788816,73.97831832039363,76.09759696822145,76.09759696822145,0,0,80.0,0,0.0,0.10409663797995727,0.2710871126665046,0,0.017699054703166826,0.5625,804.6562296201278,0.0,38.00403561815458,0.5308928536977824,843.1911580919801,s0342,96,0.18662381999999994,0.13125367509954264,0.05537014490047213,0.0023070893708530054,0.0516968867391885,29.66938780937618,0.05537014490047238
7.105122473440348,798.2085673679912,0.3732851400651265,0.37684861128060654,0.2565003942924986,-4.8408270997459,1.0,1.017125400887291,76.1316951155908,83.54635660896793,83.54635660896793,0,1,80.0,0,0.0,0.1030436496082175,0.23518493307898086,0,0.013987101473157298,0.5625,804.6562296201278,0.0,32.28370530668776,0.5255226130019092,837.4654575398175,s0343,96,0.18662381999999994,0.13125367509954264,0.05537014490047213,0.0023070893708530054,0.0516968867391885,29.66938780937618,0.05537014490047238
7.103443517532433,797.4521543396804,0.3707644893288556,0.39032840201125196,0.2491560719019476,-4.90888029060729,1.0,1.0158594911394716,75.12515273403827,75.44362716020282,75.44362716020282,0,0,80.0,0,0.0,0.108845142071158,0.27410866157556557,0,0.01841707986052809,0.5520833333333334,804.6562296201278,0.0,38.53092057492148,0.5551102245629059,843.7422604196122,s0344,96,0.18662381999999994,0.13125367509954264,0.05537014490047213,0.0023070893708530054,0.0516968867391885,29.66938780937618,0.05537014490047238
7.187830336329327,806.6538719528711,0.37677285529911175,0.36378226686315673,0.23186739615120944,-4.971144653757915,1.0,1.0162526097523374,73.09584103776136,78.50304110015574,78.50304110015574,0,0,80.0,0,0.0,0.09358870032516892,0.2521353277826323,0,0.01746711887594682,0.4791666666666667,804.6562296201278,0.0,35.34391175609974,0.4773023716583615,840.4774437478858,s0345,96,0.18662381999999994,0.13125367509954264,0.05537014490047213,0.0023070893708530054,0.0516968867391885,29.66938780937618,0.05537014490047238
7.110064479969616,798.0145374042227,0.36655024672277287,0.4193240458132207,0.26527827740327276,-4.882811456937612,1.0,1.0166123759086223,74.3426758306307,79.52046155155628,79.52046155155628,0,0,80.0,0,0.0,0.09706764996108956,0.2637714343161153,0,0.015951431080310555,0.5104166666666666,804.6562296201278,0.0,37.18082464513221,0.4950450148015568,842.3320992800616,s0346,96,0.18662381999999994,0.13125367509954264,0.05537014490047213,0.0023070893708530054,0.0516968867391885,29.66938780937618,0.05537014490047238
7.202299930687568,808.309829061725,0.3826786013101621,0.3288785819923076,0.24260369043908603,-4.906067812920189,1.0,1.0154781133194795,78.66612898646669,74.98845168570166,74.98845168570166,0,0,80.0,0,0.0,0.09394155020866281,0.2503815809731913,0,0.015996191573345038,0.4166666666666667,804.6562296201278,0.0,34.76296283365573,0.4791019060641803,839.8982943598477,s0347,96,0.18662381999999994,0.13125367509954264,0.05537014490047213,0.0023070893708530054,0.0516968867391885,29.66938780937618,0.05537014490047238
7.161466245856798,803.5089635563631,0.3707460860944227,0.340099236669679,0.2908515698872407,-4.882015499807192,1.0,1.0163364601026248,76.08328157847639,78.93699661019707,78.93699661019707,0,0,80.0,0,0.0,0.09909498852499396,0.29289396654505745,0,0.017376675109317438,0.4583333333333333,804.6562296201278,0.0,40.916115635749556,0.5053844414774689,846.0777296973547,s0348,96,0.18662381999999994,0.13125367509954264,0.05537014490047213,0.0023070893708530054,0.0516968867391885,29.66938780937618,0.05537014490047238
7.162094850679377,804.0387510086364,0.37520477067812186,0.3729828973481608,0.22456867214520598,-4.815440232452819,1.0,1.0159428991316246,72.81054049019913,75.90687415675019,75.90687415675019,0,0,80.0,0,0.0,0.09372158017901826,0.2272671208455509,0,0.014794086764364348,0.4583333333333333,804.6562296201278,0.0,31.397249021455252,0.47798005891299283,836.531458700496,s0349,96,0.18662381999999994,0.13125367509954264,0.05537014490047213,0.0023070893708530054,0.0516968867391885,29.66938780937618,0.05537014490047238
7.114020740348133,798.5995747013347,0.3863110298805318,0.4208383326043039,0.24765357468919905,-4.817686769553773,1.0,1.016351435562338,73.78491174668194,77.89796157116452,77.89796157116452,0,0,80.0,0,0.0,0.09355798377111858,0.2876775830738979,0,0.019016201865370168,0.5104166666666666,804.6562296201278,0.0,40.70666871518941,0.47714571723270444,845.8400440525498,s0350,96,0.18662381999999994,0.13125367509954264,0.05537014490047213,0.0023070893708530054,0.0516968867391885,29.66938780937618,0.05537014490047238
7.192099131152046,807.0049880381276,0.36771257204766283,0.35159265920607463,0.2444718008737489,-4.836591680253203,1.0,1.0162950048692538,75.99716037239978,78.54268244084551,78.54268244084551,0,0,80.0,0,0.0,0.10074885758874441,0.2376801849308235,0,0.015030599430586856,0.40625,804.6562296201278,0.0,33.59811893490505,0.5138191737025966,838.7681677287354,s0351,96,0.18662381999999994,0.13125367509954264,0.05537014490047213,0.0023070893708530054,0.0516968867391885,29.66938780937618,0.05537014490047238
7.1087484894140935,797.8024606158937,0.3667204178149634,0.3731067865941794,0.25882967045944216,-4.804105173963737,1.0,1.01610497812692,76.80665015869106,76.46534476238304,76.46534476238304,0,0,80.0,0,0.0,0.10423647444660948,0.25696286114632294,0,0.015718842896353977,0.4895833333333333,804.6562296201278,0.0,35.1806049351155,0.5316060196777079,840.368440574921,s0352,96,0.18662381999999994,0.13125367509954264,0.05537014490047213,0.0023070893708530054,0.0516968867391885,29.66938780937618,0.05537014490047238
7.07780872934765,794.5390632648623,0.36886252097735234,0.4064241999582669,0.250767252640264,-4.811230339122477,1.0,1.0155746796838185,75.12724789045498,74.29616955106289,74.29616955106289,0,0,80.0,0,0.0,0.10874928910041026,0.27535174850653976,0,0.017597776851057713,0.4479166666666667,804.6562296201278,0.0,38.53227668855013,0.5546213744120922,843.74312768309,s0353,96,0.18662381999999994,0.13125367509954264,0.05537014490047213,0.0023070893708530054,0.0516968867391885,29.66938780937618,0.05537014490047238
7.076331529522777,794.8532865395732,0.3775090746063308,0.3859157078014659,0.2789130416738095,-4.872165631482241,1.0,1.016665426152715,77.12625993529352,80.84171747827838,80.84171747827838,0,1,80.0,0,0.0,0.11539330783638307,0.26009268453416007,0,0.01717651306045338,0.5520833333333334,804.6562296201278,0.0,36.38290619328129,0.5885058699655538,841.6276416833746,s0354,96,0.18662381999999994,0.13125367509954264,0.05537014490047213,0.0023070893708530054,0.0516968867391885,29.66938780937618,0.05537014490047238
7.106268966399743,797.8299155973058,0.3630781538634016,0.3865616076294913,0.2401890499869861,-4.939398252471744,1.0,1.0163648502419511,75.2593620098063,78.90029706496297,78.90029706496297,0,0,80.0,0,0.0,0.09206654448252577,0.25994261100411253,0,0.016030132090418973,0.5,804.6562296201278,0.0,36.3948865388702,0.4695393768608814,841.5206555358589,s0355,96,0.18662381999999994,0.13125367509954264,0.05537014490047213,0.0023070893708530054,0.0516968867391885,29.66938780937618,0.05537014490047238
7.155219842751542,803.0847133609798,0.37405338919918685,0.3554067910734511,0.2503199639895519,-4.9022754872862215,1.0,1.0166195196613335,73.69524299996888,79.96553530140909,79.96553530140909,0,0,80.0,0,0.0,0.10189578027695093,0.26311671972234285,0,0.016560570860800462,0.4791666666666667,804.6562296201278,0.0,37.118802317314376,0.5196684794124496,842.2947004168545,s0356,96,0.18662381999999994,0.13125367509954264,0.05537014490047213,0.0023070893708530054,0.0516968867391885,29.66938780937618,0.05537014490047238
7.139114966907247,800.8944430627653,0.3632654682380914,0.3847173313364489,0.25356033774778663,-4.818672220252608,1.0,1.0162333299238,74.73933774072408,77.84456317158657,77.84456317158657,0,0,80.0,0,0.0,0.09612476957651146,0.24860820502587566,0,0.015610315640308698,0.5104166666666666,804.6562296201278,0.0,34.356986356678874,0.49023632484020874,839.5034523016468,s0357,96,0.18662381999999994,0.13125367509954264,0.05537014490047213,0.0023070893708530054,0.0516968867391885,29.66938780937618,0.05537014490047238
7.074184568580734,794.6151484440492,0.3789411735125564,0.3774216934557978,0.2262939970621599,-4.863711876982161,1.0,1.0156466069581775,76.03213301403693,75.32867196956163,75.32867196956163,0,0,80.0,0,0.0,0.0945032554106876,0.2688923011590032,0,0.01819519596670396,0.59375,804.6562296201278,0.0,37.63133156240664,0.4819666025945069,842.769527785129,s0358,96,0.18662381999999994,0.13125367509954264,0.05537014490047213,0.0023070893708530054,0.0516968867391885,29.66938780937618,0.05537014490047238
7.101046486737683,797.717226322382,0.3647734401902749,0.38185365791217185,0.2513077569545449,-4.789224979129746,1.0,1.0171745032925052,76.8106425945543,83.96970954644652,83.96970954644652,0,2,80.0,0,0.0,0.10112863436643901,0.26478707349793773,0,0.017118846443072367,0.53125,804.6562296201278,0.0,37.25102969243568,0.5157560352688387,842.4230153478322,s0359,96,0.18662381999999994,0.13125367509954264,0.05537014490047213,0.0023070893708530054,0.0516968867391885,29.66938780937618,0.05537014490047238
7.087021993198433,795.7151902905011,0.3726749116797635,0.4067823533464655,0.2463100674567826,-4.790193943680795,1.0,1.0158154307221916,74.10425182620294,75.50389291070559,75.50389291070559,0,0,80.0,0,0.0,0.09486563817338498,0.28550383355213116,0,0.019178018105864246,0.53125,804.6562296201278,0.0,40.49170520883746,0.4838147546842634,845.6317495836495,s0360,96,0.18662381999999994,0.13125367509954264,0.05537014490047213,0.0023070893708530054,0.0516968867391885,29.66938780937618,0.05537014490047238
7.08127714962764,795.3495331523666,0.3755150357690543,0.4069059736694235,0.2819371331992314,-4.810544180909475,1.0,1.0159869020906287,77.35400313189105,75.92820362515438,75.92820362515438,0,0,80.0,0,0.0,0.09676985227861179,0.28457615271388825,0,0.017378040360181056,0.5416666666666666,804.6562296201278,0.0,39.76065594649296,0.49352624662091993,844.9104118132417,s0361,96,0.18662381999999994,0.13125367509954264,0.05537014490047213,0.0023070893708530054,0.0516968867391885,29.66938780937618,0.05537014490047238
7.119347264349883,799.0711291158934,0.3712579781120866,0.3678267561021014,0.23947367827286126,-4.86266999782488,1.0,1.0162116640437766,73.10270530157581,78.3072226323102,78.3072226323102,0,0,80.0,0,0.0,0.10569921220696694,0.26400273038492156,0,0.01674872496711928,0.5,804.6562296201278,0.0,36.87413633643678,0.5390659822555314,842.0694319388201,s0362,96,0.18662381999999994,0.13125367509954264,0.05537014490047213,0.0023070893708530054,0.0516968867391885,29.66938780937618,0.05537014490047238
7.134645020138846,800.6929074473662,0.3710332236501796,0.38596956379029224,0.23959056260089265,-4.89631448329476,1.0,1.0165909926277374,75.067958573687,78.44685702926995,78.44685702926995,0,0,80.0,0,0.0,0.10841017640440036,0.2278817352013392,0,0.016319434046651756,0.4791666666666667,804.6562296201278,0.0,31.74560346282059,0.5528918996624418,836.9547249826107,s0363,96,0.18662381999999994,0.13125367509954264,0.05537014490047213,0.0023070893708530054,0.0516968867391885,29.66938780937618,0.05537014490047238
7.080638892968914,794.8933246257628,0.37779327691931125,0.43082341493430143,0.22868337678076556,-4.8909164661475595,1.0,1.0162538177399012,75.07171619895038,78.15632292958539,78.15632292958539,0,0,80.0,0,0.0,0.08726664337790944,0.26731913783474165,0,0.015460617273744117,0.4791666666666667,804.6562296201278,0.0,37.07315432021774,0.44505988122733825,842.1744438215729,s0364,96,0.18662381999999994,0.13125367509954264,0.05537014490047213,0.0023070893708530054,0.0516968867391885,29.66938780937618,0.05537014490047238
7.066341950313378,793.3845244514198,0.36680087972939823,0.4263981620230436,0.26254840531721013,-4.830440246950747,1.0,1.0165491807259854,75.3743255811381,78.30265080671155,78.30265080671155,0,0,80.0,0,0.0,0.11216715508052819,0.2806592170435825,0,0.017470881009208107,0.5416666666666666,804.6562296201278,0.0,39.54567807985326,0.5720524909106938,844.7739601908917,s0365,96,0.18662381999999994,0.13125367509954264,0.05537014490047213,0.0023070893708530054,0.0516968867391885,29.66938780937618,0.05537014490047238
7.104239420932458,797.3578768346265,0.3678010697406543,0.40423593151533355,0.27351764941351603,-4.799670686533332,1.0,1.0159004389252924,74.19531914903864,76.12451926196275,76.12451926196275,0,0,80.0,0,0.0,0.09553493133454156,0.26295243889497,0,0.015498701079189376,0.53125,804.6562296201278,0.0,36.33722947159361,0.4872281498061619,841.4806872415274,s0366,96,0.18662381999999994,0.13125367509954264,0.05537014490047213,0.0023070893708530054,0.0516968867391885,29.66938780937618,0.05537014490047238
7.168742342905611,804.6324584992055,0.3729272877742265,0.3608275185320218,0.2827614073610081,-4.875645399903612,1.0,1.0163929569455787,76.71068242249027,79.02821730834283,79.02821730834283,0,0,80.0,0,0.0,0.10317666343857514,0.2678324372695066,0,0.017978690828380713,0.40625,804.6562296201278,0.0,37.823433868462736,0.5262009835367335,843.0058644721272,s0367,96,0.18662381999999994,0.13125367509954264,0.05537014490047213,0.0023070893708530054,0.0516968867391885,29.66938780937618,0.05537014490047238
7.164959921670874,803.6784786072691,0.36616191618575916,0.3759044878971262,0.23995113272004084,-4.792342839679267,1.0,1.0163742263746576,76.4946885688431,78.12617459734327,78.12617459734327,0,0,80.0,0,0.0,0.08956416067011576,0.2556555604072216,0,0.016220619577318775,0.4583333333333333,804.6562296201278,0.0,36.129731817185444,0.45677721941759053,841.2427386567308,s0368,96,0.18662381999999994,0.13125367509954264,0.05537014490047213,0.0023070893708530054,0.0516968867391885,29.66938780937618,0.05537014490047238
7.124292832163404,799.5983205572793,0.3677057442278524,0.3493533263131187,0.2320620536780773,-4.7151518147608575,1.0,1.0172923379948824,76.83901842895429,85.24205161569652,85.24205161569652,0,1,80.0,0,0.0,0.10645662516794412,0.22973229249611637,0,0.015151020638154331,0.5729166666666666,804.6562296201278,0.0,32.73514936875281,0.542928788356515,837.9343077772371,s0369,96,0.18662381999999994,0.13125367509954264,0.05537014490047213,0.0023070893708530054,0.0516968867391885,29.66938780937618,0.05537014490047238
7.075836177592292,794.2909251803756,0.36750695257033905,0.408166097633905,0.2371418999571267,-4.8028661148313665,1.0,1.016461933110994,76.93760626702162,79.3701227843742,79.3701227843742,0,0,80.0,0,0.0,0.08116782713319798,0.2829560199035264,0,0.01763072646247175,0.5833333333333334,804.6562296201278,0.0,40.250419954398865,0.41395591837930973,845.320605492906,s0370,96,0.18662381999999994,0.13125367509954264,0.05537014490047213,0.0023070893708530054,0.0516968867391885,29.66938780937618,0.05537014490047238
7.142909765518365,802.4784595243511,0.36048503893337974,0.3549613679893851,0.24160942274902644,-4.911331266150325,1.0,1.0172121877754232,77.03072362909948,83.60483173151012,83.60483173151012,0,1,80.0,0,0.0,0.09349574941977419,0.24180819782651464,0,0.01576638266417713,0.4791666666666667,804.6562296201278,0.0,33.67908781854579,0.47682832204084796,838.8121457607144,s0371,96,0.18662381999999994,0.13125367509954264,0.05537014490047213,0.0023070893708530054,0.0516968867391885,29.66938780937618,0.05537014490047238
7.108344200737543,797.765059979906,0.36736613122027717,0.3968554916394851,0.23399459728677718,-4.851418777174477,1.0,1.015770599486682,74.4253713120552,76.81452828273382,76.81452828273382,0,0,80.0,0,0.0,0.11024532332133433,0.27065436720090635,0,0.016810231828351264,0.5208333333333334,804.6562296201278,0.0,37.6860924312442,0.5622511489388052,842.9045732003108,s0372,96,0.18662381999999994,0.13125367509954264,0.05537014490047213,0.0023070893708530054,0.0516968867391885,29.66938780937618,0.05537014490047238
7.155619379617546,803.2662191228019,0.3802237264391758,0.34318589383952447,0.22271123734223394,-4.802086426720953,1.0,1.0169748428638246,72.31989496914413,83.11215864295967,83.11215864295967,0,1,80.0,0,0.0,0.09068272970479935,0.22286402586881193,0,0.014040712543490465,0.4583333333333333,804.6562296201278,0.0,31.595120810048773,0.46248192149447687,836.713832351671,s0373,96,0.18662381999999994,0.13125367509954264,0.05537014490047213,0.0023070893708530054,0.0516968867391885,29.66938780937618,0.05537014490047238
7.11565268654004,798.3748468491219,0.3625407798410044,0.3727418169231629,0.2304682829541213,-4.858489424771643,1.0,1.0163936315251,75.74419079041394,78.64413357139136,78.64413357139136,0,0,80.0,0,0.0,0.09322233824699633,0.27284530942779195,0,0.01852670446948874,0.46875,804.6562296201278,0.0,38.215455851933186,0.4754339250596817,843.3471193971205,s0374,96,0.18662381999999994,0.13125367509954264,0.05537014490047213,0.0023070893708530054,0.0516968867391885,29.66938780937618,0.05537014490047238
7.046669489675603,791.8162827405905,0.3711020928661506,0.3978018851213,0.2669141243285728,-4.801514024945096,1.0,1.0161943691831865,76.36680946339483,77.20278793143322,77.20278793143322,0,0,80.0,0,0.0,0.11064524986729,0.28192312548800763,0,0.019068871410095976,0.6145833333333334,804.6562296201278,0.0,38.51126050541083,0.5642907743231789,843.7317808998617,s0375,96,0.18662381999999994,0.13125367509954264,0.05537014490047213,0.0023070893708530054,0.0516968867391885,29.66938780937618,0.05537014490047238
7.16021351985272,803.1898063600104,0.3710821712471643,0.3577906777921098,0.23990442882166876,-4.8377941944667375,1.0,1.016243906777348,73.12525709298863,77.28213676730375,77.28213676730375,0,0,80.0,0,0.0,0.0944115802070496,0.21245116992943736,0,0.014358235822487136,0.4583333333333333,804.6562296201278,0.0,29.987749284897884,0.481499059055953,835.1254779640816,s0376,96,0.18662381999999994,0.13125367509954264,0.05537014490047213,0.0023070893708530054,0.0516968867391885,29.66938780937618,0.05537014490047238
7.115118670509559,799.3132334719976,0.3760628217850423,0.3943027848671442,0.2652133038144494,-4.800834252043096,1.0,1.0169637408011758,75.24857216709951,82.79060688588153,82.79060688588153,0,2,80.0,0,0.0,0.09562872557497142,0.2619527538031355,0,0.016212699501623414,0.5729166666666666,804.6562296201278,0.0,36.06702860856993,0.48770650043235403,841.2109647291301,s0377,96,0.18662381999999994,0.13125367509954264,0.05537014490047213,0.0023070893708530054,0.0516968867391885,29.66938780937618,0.05537014490047238
7.126022967359761,800.4905390198915,0.3701791565177686,0.3764787734868078,0.24305688643073603,-4.851867100253403,1.0,1.0156025176788621,73.73552579242893,76.67459686432511,76.67459686432511,0,0,80.0,0,0.0,0.09753934278982966,0.23578620326860356,0,0.015308679839726993,0.5,804.6562296201278,0.0,32.55412665580246,0.4974506482281309,837.7078069241584,s0378,96,0.18662381999999994,0.13125367509954264,0.05537014490047213,0.0023070893708530054,0.0516968867391885,29.66938780937618,0.05537014490047238
7.069780192893279,793.9760898144921,0.36661299377937895,0.38959761309698876,0.22941397651751472,-4.853682368931016,1.0,1.0158271163179797,74.14468971121549,75.96002273319733,75.96002273319733,0,0,80.0,0,0.0,0.09368616842691734,0.2592776182607002,0,0.01546346761696822,0.5520833333333334,804.6562296201278,0.0,36.300217938490874,0.4777994589772782,841.4342470175959,s0379,96,0.18662381999999994,0.13125367509954264,0.05537014490047213,0.0023070893708530054,0.0516968867391885,29.66938780937618,0.05537014490047238
7.090490263404417,795.5311980360281,0.3741408405167951,0.4223307786413248,0.19863404677065943,-4.785975130356502,1.0,1.017210600076042,73.42945797401448,82.61949277240387,82.61949277240387,0,1,80.0,0,0.0,0.09542308764920758,0.21887383097579777,0,0.01447983326399146,0.5208333333333334,804.6562296201278,0.0,31.318981123151985,0.4866577470109588,836.4618684902907,s0380,96,0.18662381999999994,0.13125367509954264,0.05537014490047213,0.0023070893708530054,0.0516968867391885,29.66938780937618,0.05537014490047238
7.082137964970201,795.1380982328984,0.3773356344975315,0.39464700071892156,0.24865434618549304,-4.839876554046387,1.0,1.0159750361404118,74.9749309726278,76.32033987201035,76.32033987201035,0,0,80.0,0,0.0,0.08607993634704905,0.27172571788016076,0,0.014952902818829036,0.5520833333333334,804.6562296201278,0.0,37.561087045571234,0.4390076753699502,842.6563243410689,s0381,96,0.18662381999999994,0.13125367509954264,0.05537014490047213,0.0023070893708530054,0.0516968867391885,29.66938780937618,0.05537014490047238
7.11715156334184,800.026592457678,0.3697080131975202,0.3974202848893311,0.23370607930814272,-4.821671680120611,1.0,1.0172362329712834,73.86121136994774,83.46844681619885,83.46844681619885,0,1,80.0,0,0.0,0.09364542313537172,0.2494702865176835,0,0.016602588391727607,0.5625,804.6562296201278,0.0,35.12212636327982,0.47759165799039577,840.2559476413979,s0382,96,0.18662381999999994,0.13125367509954264,0.05537014490047213,0.0023070893708530054,0.0516968867391885,29.66938780937618,0.05537014490047238
7.1913167482095375,806.702829371583,0.37246306069305546,0.325209135404298,0.2759164167620133,-4.822523626771487,1.0,1.0159538775311883,73.62108113592953,77.16219170601134,77.16219170601134,0,0,80.0,0,0.0,0.10069541293462267,0.2699627754802689,0,0.01782991647413653,0.4375,804.6562296201278,0.0,37.64190158104287,0.5135466059665761,842.8116778071372,s0383,96,0.18662381999999994,0.13125367509954264,0.05537014490047213,0.0023070893708530054,0.0516968867391885,29.66938780937618,0.05537014490047238
7.064240764947389,792.4599563305908,0.3726397190314579,0.40489044357770515,0.2538485550015347,-4.850621510470831,1.0,1.0166432594223753,75.78476571451083,79.77591113287862,79.77591113287862,0,0,80.0,0,0.0,0.10438768760412191,0.2896561319891251,0,0.01840206865934354,0.5104166666666666,804.6562296201278,0.0,40.56203243881188,0.5323772067810213,845.7506392657207,s0384,96,0.18662381999999994,0.13125367509954264,0.05537014490047213,0.0023070893708530054,0.0516968867391885,29.66938780937618,0.05537014490047238
7.181078643356992,805.704707482774,0.3827621011779059,0.35521697891117954,0.2515018197985296,-4.765062411852932,1.0,1.0163890406305576,74.22769979307851,78.94752761030591,78.94752761030591,0,0,80.0,0,0.0,0.08143542013566085,0.28158632893927366,0,0.019234755418120572,0.4791666666666667,804.6562296201278,0.0,39.76914114663851,0.41532064269187036,844.8406914094581,s0385,96,0.18662381999999994,0.13125367509954264,0.05537014490047213,0.0023070893708530054,0.0516968867391885,29.66938780937618,0.05537014490047238
7.107829347886653,797.7032427130257,0.3779753862823141,0.40320712804633746,0.2313825349653844,-4.7585047834837475,1.0,1.0154764324320729,76.90162875091985,74.48514503557304,74.48514503557304,0,0,80.0,0,0.0,0.08276468443120956,0.22270948823718864,0,0.013298741808439509,0.5625,804.6562296201278,0.0,31.165962120193736,0.42209989059916847,836.2442916309207,s0386,96,0.18662381999999994,0.13125367509954264,0.05537014490047213,0.0023070893708530054,0.0516968867391885,29.66938780937618,0.05537014490047238
7.156205476538885,803.4328491001818,0.3758405636758338,0.35491201275395273,0.2510569685772087,-4.831561774229422,1.0,1.0167931213985182,74.36049969018896,80.52467443706884,80.52467443706884,0,1,80.0,0,0.0,0.09552997066452348,0.2740497700305943,0,0.018245465973861136,0.5416666666666666,804.6562296201278,0.0,38.698363946311915,0.48720285038906985,843.8417964168287,s0387,96,0.18662381999999994,0.13125367509954264,0.05537014490047213,0.0023070893708530054,0.0516968867391885,29.66938780937618,0.05537014490047238
7.078546512022568,795.0608275332349,0.36547418931317555,0.40561327754371745,0.2575811469376013,-4.828112045954261,1.0,1.0154404264092003,75.21460479797211,73.341479101209,73.341479101209,0,0,80.0,0,0.0,0.1052242392899707,0.2746643058752709,0,0.017382247378731824,0.5416666666666666,804.6562296201278,0.0,38.17569377762393,0.5366436203788506,843.3685670181305,s0388,96,0.18662381999999994,0.13125367509954264,0.05537014490047213,0.0023070893708530054,0.0516968867391885,29.66938780937618,0.05537014490047238
7.202840429202548,808.2855638829856,0.37499888504168466,0.32679392060568246,0.24770131647436203,-4.8098734790220865,1.0,1.0154210879715218,73.63791286505695,75.42838565071582,75.42838565071582,0,0,80.0,0,0.0,0.10191871682342106,0.24700675209018003,0,0.016517463556988837,0.375,804.6562296201278,0.0,34.62616112379184,0.5197854557994472,839.802176199719,s0389,96,0.18662381999999994,0.13125367509954264,0.05537014490047213,0.0023070893708530054,0.0516968867391885,29.66938780937618,0.05537014490047238
7.117599876467763,799.615502706524,0.38898142406042774,0.3949020646504304,0.24418644815732243,-4.863145423484794,1.0,1.0163556044154354,75.40747454060256,78.2864755990672,78.2864755990672,0,0,80.0,0,0.0,0.0943251143429761,0.2638610525194911,0,0.015457154416902121,0.3958333333333333,804.6562296201278,0.0,37.44706818163497,0.48105808314917803,842.5843558849119,s0390,96,0.18662381999999994,0.13125367509954264,0.05537014490047213,0.0023070893708530054,0.0516968867391885,29.66938780937618,0.05537014490047238
7.122499841404105,798.6916550914714,0.36988431581891945,0.3463233187916922,0.279237428418965,-4.896325606447945,1.0,1.01556805468012,78.124607931652,74.45508112377577,74.45508112377577,0,0,80.0,0,0.0,0.0980729051591623,0.2725294475537504,0,0.017060874718510692,0.46875,804.6562296201278,0.0,37.61760071719925,0.5001718163117277,842.7740021536388,s0391,96,0.18662381999999994,0.13125367509954264,0.05537014490047213,0.0023070893708530054,0.0516968867391885,29.66938780937618,0.05537014490047238
7.136078583310386,800.4233258184983,0.3612633741113135,0.3440820929293384,0.24501554461983377,-4.838098366759632,1.0,1.0167352704773076,74.69706014064762,80.68767733744782,80.68767733744782,0,1,80.0,0,0.0,0.10121362057126904,0.2751583382144279,0,0.01975017105239566,0.5625,804.6562296201278,0.0,38.532823372080735,0.5161894649134721,843.705242457122,s0392,96,0.18662381999999994,0.13125367509954264,0.05537014490047213,0.0023070893708530054,0.0516968867391885,29.66938780937618,0.05537014490047238
7.184522103335279,806.6648771526516,0.3826004760791868,0.34609257902337315,0.23368223541823688,-4.888875550454742,1.0,1.0156161912101946,73.49117316526419,74.34895616121605,74.34895616121605,0,0,80.0,0,0.0,0.09582373159032734,0.24095230159945938,0,0.015252265471115306,0.4166666666666667,804.6562296201278,0.0,33.56097335337123,0.4887010311106692,838.7059040046096,s0393,96,0.18662381999999994,0.13125367509954264,0.05537014490047213,0.0023070893708530054,0.0516968867391885,29.66938780937618,0.05537014490047238
7.143732082982977,802.0843294418303,0.37341452255198254,0.3635657380808336,0.2297398985081312,-4.748462387270878,1.0,1.0160488401503198,75.72772288453025,76.10956312338021,76.10956312338021,0,0,80.0,0,0.0,0.08791824400188449,0.24866801658384952,0,0.01599141412711598,0.4270833333333333,804.6562296201278,0.0,34.720858081686046,0.4483830444096107,839.8254707462235,s0394,96,0.18662381999999994,0.13125367509954264,0.05537014490047213,0.0023070893708530054,0.0516968867391885,29.66938780937618,0.05537014490047238
7.107076375841691,798.2244665576362,0.35649343248643806,0.3612081269345291,0.25281156954205347,-4.84059060256704,1.0,1.015940402393685,74.9726713746112,76.0046581826897,76.0046581826897,0,0,80.0,0,0.0,0.10397807533629766,0.2546494511119831,0,0.016307553475660718,0.53125,804.6562296201278,0.0,35.313050361687665,0.5302881842151183,840.4995681660306,s0395,96,0.18662381999999994,0.13125367509954264,0.05537014490047213,0.0023070893708530054,0.0516968867391885,29.66938780937618,0.05537014490047238
7.132624836104091,799.7820671484772,0.3784294966459867,0.37931217787340343,0.2460681974375477,-4.851637081565816,1.0,1.0165545096978719,74.66669919142977,79.54254148888667,79.54254148888667,0,0,80.0,0,0.0,0.0974454849477395,0.2601187766815465,0,0.01614280375641305,0.4791666666666667,804.6562296201278,0.0,36.32740325334743,0.4969719732334716,841.4806048467087,s0396,96,0.18662381999999994,0.13125367509954264,0.05537014490047213,0.0023070893708530054,0.0516968867391885,29.66938780937618,0.05537014490047238
7.130776372004459,800.486194824646,0.3790595759857555,0.3567014739724248,0.2777296426825365,-4.778888615729199,1.0,1.0155605707700606,73.60072508570903,74.93503144043724,74.93503144043724,0,0,80.0,0,0.0,0.10747298323678177,0.23536416498924564,0,0.015569476544283456,0.4479166666666667,804.6562296201278,0.0,32.121665595320906,0.5481122145075872,837.3260074299562,s0397,96,0.18662381999999994,0.13125367509954264,0.05537014490047213,0.0023070893708530054,0.0516968867391885,29.66938780937618,0.05537014490047238
7.107388913849775,797.9103801830393,0.36849020181772496,0.36934060728647866,0.2553327809720938,-4.851011590491545,1.0,1.0157633026716335,73.08568030198127,77.64500557463104,77.64500557463104,0,0,80.0,0,0.0,0.11547002384149029,0.24532809257346874,0,0.016094651293244475,0.53125,804.6562296201278,0.0,34.53555139354758,0.5888971215916005,839.780678135267,s0398,96,0.18662381999999994,0.13125367509954264,0.05537014490047213,0.0023070893708530054,0.0516968867391885,29.66938780937618,0.05537014490047238
7.0962568715573155,797.1726522036581,0.37635542599147276,0.4083668910594813,0.2432187713079419,-4.857550750878967,1.0,1.0166239427474673,74.2644748613513,80.16953822094706,80.16953822094706,0,1,80.0,0,0.0,0.09887922944159759,0.25209932651136674,0,0.015855830987433747,0.4895833333333333,804.6562296201278,0.0,35.651295321789526,0.504284070152148,840.8118090120695,s0399,96,0.18662381999999994,0.13125367509954264,0.05537014490047213,0.0023070893708530054,0.0516968867391885,29.66938780937618,0.05537014490047238
7.146268453900691,802.7946811741011,0.37126292423535234,0.37150141994776964,0.2387174774393129,-4.790903296845176,1.0,1.0165744366910139,73.48329153333302,80.208134469138,80.208134469138,0,1,80.0,0,0.0,0.11231829070468308,0.23334165005445917,0,0.01627826150544256,0.40625,804.6562296201278,0.0,33.48443499538015,0.5728232825938836,838.7134878981018,s0400,96,0.18662381999999994,0.13125367509954264,0.05537014490047213,0.0023070893708530054,0.0516968867391885,29.66938780937618,0.05537014490047238
7.161847498777242,804.022011966339,0.3614287038006348,0.3543091181073656,0.2593418701310275,-4.827992064532615,1.0,1.0167323129048578,75.12289140327246,81.36150000853301,81.36150000853301,0,1,80.0,0,0.0,0.11740674563097017,0.2542815118191908,0,0.01706889165210055,0.4166666666666667,804.6562296201278,0.0,35.64957708897456,0.598774402717948,840.9045811118202,s0401,96,0.18662381999999994,0.13125367509954264,0.05537014490047213,0.0023070893708530054,0.0516968867391885,29.66938780937618,0.05537014490047238
7.1598265761878395,803.5437789564648,0.3564934316875944,0.3622907950062273,0.23044113031905436,-4.829289287698035,1.0,1.0158354269428245,76.38816488125508,74.7296589420359,74.7296589420359,0,0,80.0,0,0.0,0.08771275590007792,0.23204564328722194,0,0.01469559821351349,0.4583333333333333,804.6562296201278,0.0,32.87934477014395,0.4473350550903972,837.9829094453621,s0402,96,0.18662381999999994,0.13125367509954264,0.05537014490047213,0.0023070893708530054,0.0516968867391885,29.66938780937618,0.05537014490047238
7.115435857428853,798.591261161407,0.3691808096194295,0.3989411796620108,0.2663213659975985,-4.853480685761659,1.0,1.0173712124628584,72.49140054379785,84.31277239058261,84.31277239058261,0,1,80.0,0,0.0,0.11103450229331066,0.24260232884715882,0,0.016719114318565664,0.5104166666666666,804.6562296201278,0.0,34.87861296073852,0.5662759616958845,840.1011185425622,s0403,96,0.18662381999999994,0.13125367509954264,0.05537014490047213,0.0023070893708530054,0.0516968867391885,29.66938780937618,0.05537014490047238
7.1433051801450915,801.846884565912,0.3762894363781653,0.39302614303222144,0.23991932655820625,-4.814745674766725,1.0,1.0166619825784096,72.6711409609837,80.16759892449066,80.16759892449066,0,1,80.0,0,0.0,0.10409972964135196,0.2525482938994462,0,0.016856832046124044,0.46875,804.6562296201278,0.0,35.37071691146518,0.5309086211708948,840.5578551527638,s0404,96,0.18662381999999994,0.13125367509954264,0.05537014490047213,0.0023070893708530054,0.0516968867391885,29.66938780937618,0.05537014490047238
7.117797019527078,799.0646267501717,0.38367000077072483,0.35730941883709927,0.25198483097284385,-4.83733824771899,1.0,1.0161618194635162,75.63444882578212,77.02759784875293,77.02759784875293,0,0,80.0,0,0.0,0.10592713356213661,0.25208203512280236,0,0.017400672313101148,0.5625,804.6562296201278,0.0,35.56587471606823,0.5402283811668963,840.7623327173629,s0405,96,0.18662381999999994,0.13125367509954264,0.05537014490047213,0.0023070893708530054,0.0516968867391885,29.66938780937618,0.05537014490047238
7.174389348432568,805.1029968098824,0.36091508464090877,0.34870303396744,0.24565000995766706,-4.819779472201777,1.0,1.0164410249562994,72.84742013657349,78.54761887855224,78.54761887855224,0,0,80.0,0,0.0,0.1011106721392014,0.24897802011612258,0,0.015395644233731945,0.4166666666666667,804.6562296201278,0.0,35.15887916610655,0.5156644279099272,840.3307732141442,s0406,96,0.18662381999999994,0.13125367509954264,0.05537014490047213,0.0023070893708530054,0.0516968867391885,29.66938780937618,0.05537014490047238
7.227401334664359,810.4601868792001,0.3830516289179379,0.3460783103618943,0.2565776125192323,-4.839451962274775,1.0,1.0159265455044264,73.51519674221475,76.58332536220493,76.58332536220493,0,0,80.0,0,0.0,0.1082488621223711,0.26953831532893024,0,0.017781717843743505,0.3958333333333333,804.6562296201278,0.0,37.928604207633896,0.5520691968240925,843.1369030245858,s0407,96,0.18662381999999994,0.13125367509954264,0.05537014490047213,0.0023070893708530054,0.0516968867391885,29.66938780937618,0.05537014490047238
7.053588726500234,793.0128185001869,0.37905455054311027,0.3808226731869886,0.2534149065759614,-4.875050128659091,1.0,1.016767061717088,74.76136595639872,81.0442133627006,81.0442133627006,0,3,80.0,0,0.0,0.09593336131360206,0.26330819533266336,0,0.014880983818160831,0.5416666666666666,804.6562296201278,0.0,36.74322451333366,0.48926014269937057,841.8887142761607,s0408,96,0.18662381999999994,0.13125367509954264,0.05537014490047213,0.0023070893708530054,0.0516968867391885,29.66938780937618,0.05537014490047238
7.22808856225061,811.1143479699862,0.37068331531045245,0.33378856275706453,0.2380807525159686,-4.813674771376306,1.0,1.0178926931914851,72.16785317836415,88.54959864978453,88.54959864978453,0,1,80.0,0,0.0,0.10949915816885143,0.2433954512842837,0,0.017170703058281805,0.4791666666666667,804.6562296201278,0.0,34.7498171951948,0.5584457066611423,839.9644925219837,s0409,96,0.18662381999999994,0.13125367509954264,0.05537014490047213,0.0023070893708530054,0.0516968867391885,29.66938780937618,0.05537014490047238
7.115795140441844,798.6197199966373,0.3632021467538889,0.3734643237386989,0.2400538295301099,-4.846411970092711,1.0,1.016298860367892,76.42135545516643,78.86755558278679,78.86755558278679,0,0,80.0,0,0.0,0.12848443671125254,0.24021427701983195,0,0.016838244152851362,0.5104166666666666,804.6562296201278,0.0,33.429957883167866,0.6552706272273882,838.741458130523,s0410,96,0.18662381999999994,0.13125367509954264,0.05537014490047213,0.0023070893708530054,0.0516968867391885,29.66938780937618,0.05537014490047238
7.155233343671659,802.6009254921053,0.3618332554805573,0.3877904399812907,0.2660484344902778,-4.810555813402717,1.0,1.0165699974796385,73.09657256386546,80.18386026438453,80.18386026438453,0,1,80.0,0,0.0,0.1212748147800255,0.2527644222121732,0,0.017642128359124445,0.40625,804.6562296201278,0.0,34.98625314641187,0.6185015553781301,840.2609843219177,s0411,96,0.18662381999999994,0.13125367509954264,0.05537014490047213,0.0023070893708530054,0.0516968867391885,29.66938780937618,0.05537014490047238
7.117938657517537,798.4451534716611,0.36842694716436364,0.3586149148065514,0.25053278593953177,-4.868297552421361,1.0,1.0163001042719833,78.84855246411895,78.85542402146613,78.85542402146613,0,0,80.0,0,0.0,0.11510886991052668,0.22666472633317253,0,0.015476424646321174,0.5,804.6562296201278,0.0,31.724849688550727,0.5870552365436862,836.9681345452223,s0412,96,0.18662381999999994,0.13125367509954264,0.05537014490047213,0.0023070893708530054,0.0516968867391885,29.66938780937618,0.05537014490047238
7.177963353850311,805.8786923702407,0.369156584554663,0.32728401037754495,0.25876758709690395,-4.944593262679128,1.0,1.0160110322584048,75.81325059214356,75.62101642959385,75.62101642959385,0,0,80.0,0,0.0,0.09807496096278144,0.25138218733086126,0,0.016133101847561362,0.4895833333333333,804.6562296201278,0.0,35.685727256456566,0.5001823009101849,840.8421391774945,s0413,96,0.18662381999999994,0.13125367509954264,0.05537014490047213,0.0023070893708530054,0.0516968867391885,29.66938780937618,0.05537014490047238
7.106288168039864,797.5244108598861,0.36251001531209653,0.3744787502799522,0.24256489660647826,-4.807441527891789,1.0,1.0165753185887036,76.6454669269184,79.39449670087464,79.39449670087464,0,0,80.0,0,0.0,0.1032850143590981,0.27560526107668537,0,0.017883106265296468,0.5416666666666666,804.6562296201278,0.0,38.8185070192003,0.5267535732314003,844.0014902125595,s0414,96,0.18662381999999994,0.13125367509954264,0.05537014490047213,0.0023070893708530054,0.0516968867391885,29.66938780937618,0.05537014490047238
7.139752184849684,801.376097368029,0.38734443754544845,0.43244510155964444,0.2351392465723014,-4.8197095111413555,1.0,1.0163503418989115,75.1212232745327,78.98899047867125,78.98899047867125,0,0,80.0,0,0.0,0.10178373252337151,0.21211992303215646,0,0.013227523777975111,0.4583333333333333,804.6562296201278,0.0,30.25387374330238,0.5190970358691945,835.4292003992994,s0415,96,0.18662381999999994,0.13125367509954264,0.05537014490047213,0.0023070893708530054,0.0516968867391885,29.66938780937618,0.05537014490047238
7.120389793393281,799.2435943133321,0.3643389107040779,0.3737124871594133,0.24553003645201105,-4.814854474011292,1.0,1.0164179601869316,74.83977305264858,78.90919147638675,78.90919147638675,0,0,80.0,0,0.0,0.09179433652625976,0.2814893505352715,0,0.017544098969894444,0.46875,804.6562296201278,0.0,39.73417473940201,0.4681511162839245,844.8585554758137,s0416,96,0.18662381999999994,0.13125367509954264,0.05537014490047213,0.0023070893708530054,0.0516968867391885,29.66938780937618,0.05537014490047238
7.216185770430247,809.5300214183027,0.37271806702804444,0.3367072031812882,0.2567684708750896,-4.873949366650299,1.0,1.016208816001114,73.27672757152197,78.21900852684908,78.21900852684908,0,0,80.0,0,0.0,0.10123040894601014,0.26558200901827506,0,0.016132940870251668,0.40625,804.6562296201278,0.0,37.24689089334124,0.5162750856246516,842.4193955990937,s0417,96,0.18662381999999994,0.13125367509954264,0.05537014490047213,0.0023070893708530054,0.0516968867391885,29.66938780937618,0.05537014490047238
7.126445780111842,799.4216008120566,0.379989083705696,0.3708283082091772,0.25771737318815524,-4.842415546637838,1.0,1.0166062245743974,76.59278899633473,79.77986705913159,79.77986705913159,0,0,80.0,0,0.0,0.11064902692392792,0.21389373354712804,0,0.013840817098381822,0.4791666666666667,804.6562296201278,0.0,29.752413273501002,0.5643100373120326,834.9729529309408,s0418,96,0.18662381999999994,0.13125367509954264,0.05537014490047213,0.0023070893708530054,0.0516968867391885,29.66938780937618,0.05537014490047238
7.1358726922008255,800.4241748160689,0.3687680796102514,0.3758299128987085,0.2261161308178995,-4.815674469230064,1.0,1.016325257984977,74.56618827335852,78.17992954813874,78.17992954813874,0,0,80.0,0,0.0,0.10116915040007533,0.21805659898848354,0,0.014647499781061075,0.4895833333333333,804.6562296201278,0.0,30.638859932358173,0.515962667040384,835.8110522195263,s0419,96,0.18662381999999994,0.13125367509954264,0.05537014490047213,0.0023070893708530054,0.0516968867391885,29.66938780937618,0.05537014490047238
7.136777676058426,801.9984906454586,0.37699060725510025,0.3896871427420173,0.27101306317145635,-4.872751135710319,1.0,1.0161333055073007,73.93166123834938,77.61116610207452,77.61116610207452,0,0,80.0,0,0.0,0.09008282887130796,0.28828065810936954,0,0.016109891451064354,0.4479166666666667,804.6562296201278,0.0,41.08289369902911,0.45942242724367055,846.1985457464006,s0420,96,0.18662381999999994,0.13125367509954264,0.05537014490047213,0.0023070893708530054,0.0516968867391885,29.66938780937618,0.05537014490047238
7.10518041704986,797.927822189372,0.3564934216976807,0.35752235354810635,0.2399640591815933,-4.831256199704566,1.0,1.0163605159540916,75.45670037019747,78.39616585145744,78.39616585145744,0,0,80.0,0,0.0,0.09986413184107594,0.23402769303084042,0,0.014219903686958952,0.53125,804.6562296201278,0.0,32.73130042725758,0.5093070723894875,837.8968371197748,s0421,96,0.18662381999999994,0.13125367509954264,0.05537014490047213,0.0023070893708530054,0.0516968867391885,29.66938780937618,0.05537014490047238
7.154869774556012,803.0590751789894,0.36796858388630627,0.3644814860566374,0.261034787960945,-4.877395134477759,1.0,1.0156607215595885,73.47452437922792,75.39863575867125,75.39863575867125,0,0,80.0,0,0.0,0.10802227058985023,0.2626225548616514,0,0.016946786701960544,0.3854166666666667,804.6562296201278,0.0,36.702834456220415,0.5509135800082362,841.9099776563564,s0422,96,0.18662381999999994,0.13125367509954264,0.05537014490047213,0.0023070893708530054,0.0516968867391885,29.66938780937618,0.05537014490047238
7.136261521055179,801.7043736983271,0.371365180708036,0.3547255636266793,0.2782532458539455,-4.886635827871078,1.0,1.015760741703146,76.30125611798957,75.37146356830945,75.37146356830945,0,0,80.0,0,0.0,0.09770313690746618,0.3108204141828713,0,0.01852892472561086,0.4479166666666667,804.6562296201278,0.0,43.72729847049283,0.49828599822807756,848.8818140888487,s0423,96,0.18662381999999994,0.13125367509954264,0.05537014490047213,0.0023070893708530054,0.0516968867391885,29.66938780937618,0.05537014490047238
7.165891406430069,804.6755019104071,0.3728533092775003,0.2952929387881052,0.264599049325494,-4.902843149900073,1.0,1.0173780392621157,75.26307927399442,84.08379916882018,84.08379916882018,0,1,80.0,0,0.0,0.08090274238126642,0.2945092766907936,0,0.018028068506642247,0.5729166666666666,804.6562296201278,0.0,41.08920398257277,0.4126039861444587,846.158037588845,s0424,96,0.18662381999999994,0.13125367509954264,0.05537014490047213,0.0023070893708530054,0.0516968867391885,29.66938780937618,0.05537014490047238
7.073833447926916,794.0343971702663,0.3654860016930099,0.38728641017208376,0.26136640870650873,-4.896149229235744,1.0,1.0174621276242388,74.00345193642724,84.91407859201368,84.91407859201368,0,2,80.0,0,0.0,0.09731036615979052,0.2680316123720149,0,0.015502205250542831,0.5833333333333334,804.6562296201278,0.0,38.02269137368359,0.49628286741493116,843.1752038612264,s0425,96,0.18662381999999994,0.13125367509954264,0.05537014490047213,0.0023070893708530054,0.0516968867391885,29.66938780937618,0.05537014490047238
7.109901504687946,798.4165282728451,0.3741002857690339,0.4021407476766635,0.276874340566683,-4.792472582392905,1.0,1.015916007969322,74.85325528759678,76.66405031003245,76.66405031003245,0,0,80.0,0,0.0,0.0993253772236561,0.282338558090668,0,0.017603829007366092,0.5,804.6562296201278,0.0,40.22796585838557,0.5065594238406458,845.3907549023539,s0426,96,0.18662381999999994,0.13125367509954264,0.05537014490047213,0.0023070893708530054,0.0516968867391885,29.66938780937618,0.05537014490047238
7.191796928138536,806.8801727208414,0.3873466510354953,0.3503519094997064,0.24188583720461326,-4.879670122372993,1.0,1.0164793434882302,74.2042548984336,79.53274700672783,79.53274700672783,0,0,80.0,0,0.0,0.09721503628331021,0.24084038858662848,0,0.01633143761380401,0.3958333333333333,804.6562296201278,0.0,33.80989222871671,0.4957966850448821,838.9619185338894,s0427,96,0.18662381999999994,0.13125367509954264,0.05537014490047213,0.0023070893708530054,0.0516968867391885,29.66938780937618,0.05537014490047238
7.119561028873424,799.2936355421837,0.36992176979595054,0.40277484534319735,0.24111860194478196,-4.879580549896089,1.0,1.0165640623998118,75.64155919100757,80.13188564157075,80.13188564157075,0,1,80.0,0,0.0,0.11968346009386159,0.23019654247010482,0,0.016970296866864343,0.5,804.6562296201278,0.0,32.79890036467806,0.6103856464786942,838.0655156312845,s0428,96,0.18662381999999994,0.13125367509954264,0.05537014490047213,0.0023070893708530054,0.0516968867391885,29.66938780937618,0.05537014490047238
7.0995528430364505,797.5089177746429,0.36912629043008577,0.4093350170449156,0.26961709738256107,-4.787277571257644,1.0,1.0166337987017628,77.92400539695599,78.9827206998296,78.9827206998296,0,0,80.0,0,0.0,0.09754189543699847,0.25834668256277804,0,0.016414080406074442,0.5104166666666666,804.6562296201278,0.0,35.698943313036054,0.49746366672869224,840.8526365998924,s0429,96,0.18662381999999994,0.13125367509954264,0.05537014490047213,0.0023070893708530054,0.0516968867391885,29.66938780937618,0.05537014490047238
7.126561633373528,800.6186161651727,0.3755220500867227,0.3815096028477202,0.2432882848440508,-4.818594730282171,1.0,1.0157124471504708,74.87598561313663,74.46231239906686,74.46231239906686,0,0,80.0,0,0.0,0.09306428342048276,0.23845499313137633,0,0.014696051583685841,0.4895833333333333,804.6562296201278,0.0,33.2513140301439,0.4746278454444621,838.3821714957162,s0430,96,0.18662381999999994,0.13125367509954264,0.05537014490047213,0.0023070893708530054,0.0516968867391885,29.66938780937618,0.05537014490047238
7.1450148612625135,801.4467356375618,0.36981398731050896,0.35380443964222197,0.21371005771751062,-4.887335524146616,1.0,1.0172087353170312,74.20300879106527,83.3314421682862,83.3314421682862,0,1,80.0,0,0.0,0.1068955740277022,0.21365075105429934,0,0.014065593044529697,0.4583333333333333,804.6562296201278,0.0,29.47862433049927,0.545167427541281,834.6800213781684,s0431,96,0.18662381999999994,0.13125367509954264,0.05537014490047213,0.0023070893708530054,0.0516968867391885,29.66938780937618,0.05537014490047238
7.161279512850263,804.3780203932411,0.3870745629704506,0.3626976919664723,0.2614545206179477,-4.733137326585196,1.0,1.0164247198499003,76.06081873079101,79.68922853258702,79.68922853258702,0,0,80.0,0,0.0,0.11204962212915454,0.25381397427516206,0,0.0159586865474263,0.46875,804.6562296201278,0.0,35.718471569057286,0.5714530728586881,840.9461542620438,s0432,96,0.18662381999999994,0.13125367509954264,0.05537014490047213,0.0023070893708530054,0.0516968867391885,29.66938780937618,0.05537014490047238
7.040722916875488,791.246074804342,0.38816548799857264,0.4280664591781438,0.2586542672487373,-4.867850103011368,1.0,1.0156605436969086,74.63980559520161,75.70347106699678,75.70347106699678,0,0,80.0,0,0.0,0.09345362561076839,0.3055700151434383,0,0.018973616661892734,0.59375,804.6562296201278,0.0,43.03146096573815,0.47661349061491887,848.1643040764808,s0433,96,0.18662381999999994,0.13125367509954264,0.05537014490047213,0.0023070893708530054,0.0516968867391885,29.66938780937618,0.05537014490047238
7.1636990164854035,803.8955494428649,0.376406323068641,0.3765793456372666,0.238362622278822,-4.757511848611013,1.0,1.0152737971969894,75.06054138049535,73.24868912580736,73.24868912580736,0,0,80.0,0,0.0,0.09746007764678287,0.2638377778141714,0,0.017408054035613334,0.4375,804.6562296201278,0.0,36.64137626455576,0.4970463959985928,841.7946522806822,s0434,96,0.18662381999999994,0.13125367509954264,0.05537014490047213,0.0023070893708530054,0.0516968867391885,29.66938780937618,0.05537014490047238
7.1173098393584375,799.151440045538,0.3821033319971482,0.39560244582860604,0.23305002863509883,-4.846581232963575,1.0,1.016473803201521,74.49070730810638,78.39833348612882,78.39833348612882,0,0,80.0,0,0.0,0.0964030099304415,0.2568382448962499,0,0.016737506347052022,0.5520833333333334,804.6562296201278,0.0,36.078432748877944,0.4916553506452518,841.226317719651,s0435,96,0.18662381999999994,0.13125367509954264,0.05537014490047213,0.0023070893708530054,0.0516968867391885,29.66938780937618,0.05537014490047238
7.11582925447108,798.3414396147185,0.37470727670435616,0.37371854378226,0.2505225440181877,-4.823335087365898,1.0,1.016350784576069,75.25275322687544,81.44037641331157,81.44037641331157,0,1,80.0,0,0.0,0.10511488539085398,0.28059632315943733,0,0.020010005101485265,0.53125,804.6562296201278,0.0,39.259263240268346,0.5360859154933552,844.4515787758894,s0436,96,0.18662381999999994,0.13125367509954264,0.05537014490047213,0.0023070893708530054,0.0516968867391885,29.66938780937618,0.05537014490047238
7.164038246921782,803.680573554823,0.38609655004941984,0.3948282788753571,0.2702352385451311,-4.867130573748714,1.0,1.0162351940744467,75.36799384894842,77.31015827787282,77.31015827787282,0,0,80.0,0,0.0,0.08662709696931442,0.28924479103204814,0,0.017549511448883868,0.3958333333333333,804.6562296201278,0.0,40.05002982361774,0.44179819454350344,845.148057638289,s0437,96,0.18662381999999994,0.13125367509954264,0.05537014490047213,0.0023070893708530054,0.0516968867391885,29.66938780937618,0.05537014490047238
7.158175676415471,803.7775671834588,0.37194634813053146,0.32890996362874214,0.26390321790998195,-4.839065049795109,1.0,1.0159123717566128,74.60786722280916,76.95176131412008,76.95176131412008,0,0,80.0,0,0.0,0.09347424322726214,0.2808067719241203,0,0.017471477019183838,0.4166666666666667,804.6562296201278,0.0,39.873515649353436,0.47671864045903695,845.0064639099402,s0438,96,0.18662381999999994,0.13125367509954264,0.05537014490047213,0.0023070893708530054,0.0516968867391885,29.66938780937618,0.05537014490047238
7.145045692843394,802.3423761650236,0.3619820211306118,0.3419327022022357,0.2379083752649735,-4.837261477794371,1.0,1.0163641445491223,76.78915556597607,79.19116459749765,79.19116459749765,0,0,80.0,0,0.0,0.10180155574570843,0.25475040621824674,0,0.01725621341763582,0.4583333333333333,804.6562296201278,0.0,35.28756929184036,0.5191879343031124,840.4629868462712,s0439,96,0.18662381999999994,0.13125367509954264,0.05537014490047213,0.0023070893708530054,0.0516968867391885,29.66938780937618,0.05537014490047238
7.062506558910272,792.2678323860057,0.3812828935362861,0.39501332176740656,0.24136195913448116,-4.806267813610277,1.0,1.0164754623447185,74.96961049980679,79.52828581512418,79.52828581512418,0,0,80.0,0,0.0,0.11156561373887397,0.2322041681659509,0,0.014039728553386846,0.6041666666666666,804.6562296201278,0.0,32.734717371319526,0.5689846300682568,837.9599316215156,s0440,96,0.18662381999999994,0.13125367509954264,0.05537014490047213,0.0023070893708530054,0.0516968867391885,29.66938780937618,0.05537014490047238
7.170373355255551,804.5299594855829,0.37540925227128213,0.3922798452841075,0.28976784152314006,-4.822081682902559,1.0,1.0173940298907242,75.01010391676543,84.24534072258054,84.24534072258054,0,1,80.0,0,0.0,0.11423348729428176,0.26541051365538126,0,0.01653146771380611,0.4270833333333333,804.6562296201278,0.0,37.14522083530185,0.5825907852008367,842.3840412406305,s0441,96,0.18662381999999994,0.13125367509954264,0.05537014490047213,0.0023070893708530054,0.0516968867391885,29.66938780937618,0.05537014490047238
7.145169943114139,801.8319194498191,0.3681707239409928,0.375621282028203,0.25652162037382836,-4.941229578253722,1.0,1.016750071247783,75.78918865024356,81.24138680245798,81.24138680245798,0,2,80.0,0,0.0,0.11144648973167845,0.22680891391710092,0,0.015141178954877694,0.5,804.6562296201278,0.0,31.82114850435324,0.5683770976315601,837.0457552221126,s0442,96,0.18662381999999994,0.13125367509954264,0.05537014490047213,0.0023070893708530054,0.0516968867391885,29.66938780937618,0.05537014490047238
7.1226239395401265,799.5697387166731,0.37397123784983943,0.4068756109154953,0.2533403098418105,-4.8979047699314116,1.0,1.0167324396287623,72.46798143464567,80.99286714432556,80.99286714432556,0,2,80.0,0,0.0,0.10937945616392897,0.27511182458218153,0,0.017941070934748525,0.5729166666666666,804.6562296201278,0.0,38.61669800646199,0.5578352264360374,843.8307628530258,s0443,96,0.18662381999999994,0.13125367509954264,0.05537014490047213,0.0023070893708530054,0.0516968867391885,29.66938780937618,0.05537014490047238
7.138606470908473,800.5204036364752,0.3644013157437635,0.36355049686932317,0.2257743134272264,-4.843850186296451,1.0,1.0158712972401016,75.31396200866845,77.22750326589693,77.22750326589693,0,0,80.0,0,0.0,0.09796388897893324,0.23981647747386986,0,0.015053699057126882,0.4583333333333333,804.6562296201278,0.0,33.54430003761098,0.4996158337925594,838.7001454915313,s0444,96,0.18662381999999994,0.13125367509954264,0.05537014490047213,0.0023070893708530054,0.0516968867391885,29.66938780937618,0.05537014490047238
7.121742213666531,799.1144029477441,0.37728265121950644,0.3855353779374381,0.29533706980261665,-4.787828849198331,1.0,1.015681695030134,75.0290999430739,75.0991315467269,75.0991315467269,0,0,80.0,0,0.0,0.1029779088112837,0.28508721645138574,0,0.01677217140239794,0.5,804.6562296201278,0.0,39.81591734534575,0.5251873349375464,844.997334300411,s0445,96,0.18662381999999994,0.13125367509954264,0.05537014490047213,0.0023070893708530054,0.0516968867391885,29.66938780937618,0.05537014490047238
7.157441434935235,802.9554718193547,0.37115166400736843,0.3371797485060797,0.2753102972912025,-4.827649407792738,1.0,1.017138112561078,75.35473679994237,82.6630148689809,82.6630148689809,0,1,80.0,0,0.0,0.10329679729605337,0.3059030343264721,0,0.02010248087612106,0.53125,804.6562296201278,0.0,42.91098142089495,0.5268136662098724,848.0940247072325,s0446,96,0.18662381999999994,0.13125367509954264,0.05537014490047213,0.0023070893708530054,0.0516968867391885,29.66938780937618,0.05537014490047238
7.092848414068499,795.9419350557466,0.36164369690076104,0.3525126246854881,0.23930509708786196,-4.8418394353665235,1.0,1.0162981879955506,75.32431651998365,78.08648162203157,78.08648162203157,0,0,80.0,0,0.0,0.08380100533263307,0.24931624397041968,0,0.016403022567584337,0.5104166666666666,804.6562296201278,0.0,34.80252638696504,0.4273851271964285,839.8861411342892,s0447,96,0.18662381999999994,0.13125367509954264,0.05537014490047213,0.0023070893708530054,0.0516968867391885,29.66938780937618,0.05537014490047238
7.154381019978191,803.8055922084311,0.3632091174990013,0.33153906244937115,0.22580296410763623,-4.7636951198885855,1.0,1.0167560885257099,74.5834532892184,80.76289556419862,80.76289556419862,0,1,80.0,0,0.0,0.08919870117545298,0.25098469761609443,0,0.015352222461995153,0.4479166666666667,804.6562296201278,0.0,35.112001873567706,0.4549133759948099,840.2231448696903,s0448,96,0.18662381999999994,0.13125367509954264,0.05537014490047213,0.0023070893708530054,0.0516968867391885,29.66938780937618,0.05537014490047238
7.041669085285088,791.59198000631,0.3829246519045451,0.41354100653040177,0.2433408378830243,-4.787002672731392,1.0,1.0160173776937815,74.76063999071903,76.14874270544661,76.14874270544661,0,0,80.0,0,0.0,0.11228173480396297,0.2553864590553324,0,0.015471851044072798,0.5625,804.6562296201278,0.0,35.16000202137351,0.5726368475002114,840.3888684890015,s0449,96,0.18662381999999994,0.13125367509954264,0.05537014490047213,0.0023070893708530054,0.0516968867391885,29.66938780937618,0.05537014490047238
7.071548944799187,793.513053699501,0.36327247514264577,0.40986475221672325,0.23925593065946799,-4.837066904591747,1.0,1.017022942278259,74.46373871531576,82.33681545342364,82.33681545342364,0,1,80.0,0,0.0,0.10454393318863266,0.2652072940582948,0,0.016742420274257035,0.53125,804.6562296201278,0.0,37.5592801164355,0.5331740592620262,842.7486837958253,s0450,96,0.18662381999999994,0.13125367509954264,0.05537014490047213,0.0023070893708530054,0.0516968867391885,29.66938780937618,0.05537014490047238
7.073059200399017,794.2414378678211,0.36954929395704267,0.40137972846802156,0.19537264569509358,-4.820736771996089,1.0,1.016037127800121,75.6948351553147,76.84920926004625,76.84920926004625,0,0,80.0,0,0.0,0.08964079563318371,0.22759112867005793,0,0.014271816461324586,0.59375,804.6562296201278,0.0,31.80288200329291,0.4571680577292369,836.91627968115,s0451,96,0.18662381999999994,0.13125367509954264,0.05537014490047213,0.0023070893708530054,0.0516968867391885,29.66938780937618,0.05537014490047238
7.141096603702076,802.2397617645619,0.3677825352652314,0.368625208870773,0.2373020545046493,-4.883034566652605,1.0,1.0158558152218176,74.65073828461833,76.0560961841245,76.0560961841245,0,0,80.0,0,0.0,0.09102442123669127,0.2173445325964296,0,0.01327187933009605,0.46875,804.6562296201278,0.0,29.92821231268835,0.4642245483071255,835.0486664811233,s0452,96,0.18662381999999994,0.13125367509954264,0.05537014490047213,0.0023070893708530054,0.0516968867391885,29.66938780937618,0.05537014490047238
7.169645068015091,804.3456085108552,0.3654903096296859,0.3573474583277275,0.24053996738074435,-4.841725916998538,1.0,1.0162918949318105,76.8673824553652,78.47957009783867,78.47957009783867,0,0,80.0,0,0.0,0.10133043204832094,0.27701122162936276,0,0.017964723215034586,0.4270833333333333,804.6562296201278,0.0,39.24169381588253,0.5167852034464372,844.4147086394568,s0453,96,0.18662381999999994,0.13125367509954264,0.05537014490047213,0.0023070893708530054,0.0516968867391885,29.66938780937618,0.05537014490047238
7.089899751574661,796.3755463844159,0.3818225423907675,0.37983576373304107,0.24384272491594228,-4.880137481729826,1.0,1.0163809358738316,74.5739692550946,77.22957954807586,77.22957954807586,0,0,80.0,0,0.0,0.09719109450807463,0.26245506579402755,0,0.016262614848712786,0.46875,804.6562296201278,0.0,36.48795693501187,0.49567458199118075,841.6398611371308,s0454,96,0.18662381999999994,0.13125367509954264,0.05537014490047213,0.0023070893708530054,0.0516968867391885,29.66938780937618,0.05537014490047238
7.093571991128256,796.3224219741826,0.3764182523440189,0.39909784812845744,0.22008608883298092,-4.859465623315006,1.0,1.0157415664736456,73.11577477994501,74.09366427591405,74.09366427591405,0,0,80.0,0,0.0,0.10030284742866309,0.21114585150558632,0,0.014159991057592936,0.5208333333333334,804.6562296201278,0.0,29.777059504497647,0.5115445218861818,834.9448336465116,s0455,96,0.18662381999999994,0.13125367509954264,0.05537014490047213,0.0023070893708530054,0.0516968867391885,29.66938780937618,0.05537014490047238
7.116590425840014,798.4673488456638,0.3575291047870371,0.36629077957757145,0.20681229231812073,-4.788358329677936,1.0,1.015809299530619,72.74700636947968,75.17632913667065,75.17632913667065,0,0,80.0,0,0.0,0.10122294594744104,0.2308167279483791,0,0.01457568419068325,0.5,804.6562296201278,0.0,32.71132899204116,0.5162370243319494,837.883795636501,s0456,96,0.18662381999999994,0.13125367509954264,0.05537014490047213,0.0023070893708530054,0.0516968867391885,29.66938780937618,0.05537014490047238
7.215433038228525,808.539450238967,0.3777091040216545,0.3329280860023275,0.26647437238726285,-4.823334919306723,1.0,1.0166845210209854,74.12441151687399,79.17476266449876,79.17476266449876,0,0,80.0,0,0.0,0.11658207558123428,0.24944313187034062,0,0.016725722362967807,0.3645833333333333,804.6562296201278,0.0,34.860236245734164,0.5945685854642948,840.1110344513263,s0457,96,0.18662381999999994,0.13125367509954264,0.05537014490047213,0.0023070893708530054,0.0516968867391885,29.66938780937618,0.05537014490047238
7.168253382691006,804.2822242729553,0.3633470016791546,0.34531770852604554,0.24788428880548283,-4.799243201573428,1.0,1.0168124611973883,74.74903790820136,80.13133104308456,80.13133104308456,0,1,80.0,0,0.0,0.092692664645764,0.23834399470715578,0,0.01640562962689834,0.53125,804.6562296201278,0.0,33.57868794640137,0.4727325896933963,838.7076501562225,s0458,96,0.18662381999999994,0.13125367509954264,0.05537014490047213,0.0023070893708530054,0.0516968867391885,29.66938780937618,0.05537014490047238
7.132152662852045,800.940288820525,0.3777041004653664,0.3937983183023421,0.2798386533506577,-4.819688650210002,1.0,1.0164328845983703,74.72539028043896,78.46147079422373,78.46147079422373,0,0,80.0,0,0.0,0.09778081643464331,0.2506930720448064,0,0.015941343663273135,0.5520833333333334,804.6562296201278,0.0,34.66405092568119,0.49868216381668085,839.8189627096256,s0459,96,0.18662381999999994,0.13125367509954264,0.05537014490047213,0.0023070893708530054,0.0516968867391885,29.66938780937618,0.05537014490047238
7.145546497571037,802.4525027868143,0.36987474765339023,0.3852025546014091,0.25555639889991655,-4.735128675502274,1.0,1.0162133063042742,73.53453039907612,77.62250866898015,77.62250866898015,0,0,80.0,0,0.0,0.10280623732611942,0.27591345336468465,0,0.015999450192238057,0.46875,804.6562296201278,0.0,39.026150485609826,0.5243118103632091,844.2066919161008,s0460,96,0.18662381999999994,0.13125367509954264,0.05537014490047213,0.0023070893708530054,0.0516968867391885,29.66938780937618,0.05537014490047238
7.107789874285428,798.3955586470595,0.3642421900376831,0.39159081895380565,0.26441000318163327,-4.771806727222441,1.0,1.0167094022511616,74.33025012988178,80.00733122988336,80.00733122988336,0,1,80.0,0,0.0,0.10670986902779075,0.23170415601780958,0,0.014296208023942644,0.5416666666666666,804.6562296201278,0.0,31.869121681265675,0.5442203320417326,837.0695716334352,s0461,96,0.18662381999999994,0.13125367509954264,0.05537014490047213,0.0023070893708530054,0.0516968867391885,29.66938780937618,0.05537014490047238
7.121281519494249,799.7642058651113,0.3736136718363023,0.34213876686061157,0.23258900755066797,-4.8058634446151505,1.0,1.0159809786678022,74.90941707531722,76.56816156890697,76.56816156890697,0,0,80.0,0,0.0,0.11140956406418566,0.22829863450204754,0,0.014766731196502045,0.53125,804.6562296201278,0.0,31.8835266778726,0.5681887767273466,837.1079450747277,s0462,96,0.18662381999999994,0.13125367509954264,0.05537014490047213,0.0023070893708530054,0.0516968867391885,29.66938780937618,0.05537014490047238
7.164592885171707,804.4975677810576,0.3610095366151751,0.35108507644859444,0.2691920110163468,-4.9034033776997,1.0,1.016939011332091,73.91014483602771,81.47234478653253,81.47234478653253,0,1,80.0,0,0.0,0.09392032636489217,0.28914905339491803,0,0.018187236740602446,0.4583333333333333,804.6562296201278,0.0,39.87390815017319,0.4789936644609502,845.0091314347619,s0463,96,0.18662381999999994,0.13125367509954264,0.05537014490047213,0.0023070893708530054,0.0516968867391885,29.66938780937618,0.05537014490047238
7.082318894067813,795.5053962359018,0.36371268223558495,0.3930465630389718,0.2507582595525827,-4.831998390222835,1.0,1.0160832984941832,76.29739252355233,77.26890274748106,77.26890274748106,0,0,80.0,0,0.0,0.0935198748325853,0.26346833291559,0,0.015396224301044727,0.5520833333333334,804.6562296201278,0.0,36.90614394651077,0.476951361646185,842.0393249282847,s0464,96,0.18662381999999994,0.13125367509954264,0.05537014490047213,0.0023070893708530054,0.0516968867391885,29.66938780937618,0.05537014490047238
7.146535171013553,802.1617463619134,0.3735690856672425,0.3494622626987972,0.24914693650396424,-4.825904894192092,1.0,1.0160312276811425,76.50285673266403,76.85900859922235,76.85900859922235,0,0,80.0,0,0.0,0.10473224730002431,0.2665173474597747,0,0.01757437299273158,0.46875,804.6562296201278,0.0,36.89474844800308,0.5341344612301239,842.0851125293609,s0465,96,0.18662381999999994,0.13125367509954264,0.05537014490047213,0.0023070893708530054,0.0516968867391885,29.66938780937618,0.05537014490047238
7.090815600827478,795.7110781917245,0.3659029751194517,0.40318137945475385,0.24421944093953113,-4.882884995489531,1.0,1.0165075350740012,75.81648929048258,78.76823145378835,78.76823145378835,0,0,80.0,0,0.0,0.10343494975777467,0.24032017891200108,0,0.014710564728791781,0.5,804.6562296201278,0.0,33.56239980208305,0.5275182437646507,838.7461476659755,s0466,96,0.18662381999999994,0.13125367509954264,0.05537014490047213,0.0023070893708530054,0.0516968867391885,29.66938780937618,0.05537014490047238
7.0970114220209135,797.352970137176,0.37276977109278614,0.3722718157116728,0.24454487738895597,-4.845399533478903,1.0,1.0169407563195367,73.7064257578054,82.28643446049308,82.28643446049308,0,2,80.0,0,0.0,0.09234187117818364,0.24309386199478789,0,0.014885922852577092,0.5729166666666666,804.6562296201278,0.0,33.62082924261551,0.4709435430087366,838.748002405752,s0467,96,0.18662381999999994,0.13125367509954264,0.05537014490047213,0.0023070893708530054,0.0516968867391885,29.66938780937618,0.05537014490047238
7.161626340775589,803.7136793563973,0.3714978916394159,0.35977636518910927,0.24433768650704302,-4.819994776650571,1.0,1.0162644090004955,74.92273990445636,78.38565302882614,78.38565302882614,0,0,80.0,0,0.0,0.09789580320885058,0.23417946213331184,0,0.014729241480421559,0.46875,804.6562296201278,0.0,32.72095999577396,0.4992685963651378,837.8764582122668,s0468,96,0.18662381999999994,0.13125367509954264,0.05537014490047213,0.0023070893708530054,0.0516968867391885,29.66938780937618,0.05537014490047238
7.20910185905111,808.9556193205691,0.3941089966707154,0.3524136854149363,0.2513784886445179,-4.865099274471286,1.0,1.0159359332278177,73.72767890641022,76.66758847096396,76.66758847096396,0,0,80.0,0,0.0,0.09452742464073294,0.25647987434631203,0,0.015684585419555717,0.4375,804.6562296201278,0.0,36.008324346153096,0.4820898656677378,841.1466438319486,s0469,96,0.18662381999999994,0.13125367509954264,0.05537014490047213,0.0023070893708530054,0.0516968867391885,29.66938780937618,0.05537014490047238
7.126475270911636,800.6722227941355,0.3677603117721417,0.36124229935303137,0.24788195119233347,-4.752973110873677,1.0,1.0158623173393722,75.93246104606183,76.28629906598472,76.28629906598472,0,0,80.0,0,0.0,0.09042193443293477,0.2643143002062446,0,0.016541625359548427,0.4895833333333333,804.6562296201278,0.0,37.45672046346291,0.4611518656079672,842.5741019491986,s0470,96,0.18662381999999994,0.13125367509954264,0.05537014490047213,0.0023070893708530054,0.0516968867391885,29.66938780937618,0.05537014490047238
7.14093714646589,801.3547738298514,0.38001378714245054,0.361167625768121,0.24574867883179136,-4.81140566282098,1.0,1.016945125940988,77.1665511962245,82.5274761542637,82.5274761542637,0,1,80.0,0,0.0,0.10429961903180836,0.23853372414864638,0,0.015231275233307758,0.4479166666666667,804.6562296201278,0.0,33.72451059052814,0.5319280570622228,838.9126682677181,s0471,96,0.18662381999999994,0.13125367509954264,0.05537014490047213,0.0023070893708530054,0.0516968867391885,29.66938780937618,0.05537014490047238
7.093234446098095,796.3748973171225,0.3896287567537273,0.37911642972257775,0.252075994909241,-4.743974423117071,1.0,1.0159149884762448,74.3968347024371,75.42134374911852,75.42134374911852,0,0,80.0,0,0.0,0.09489173553005159,0.25515460454121375,0,0.015658001009355743,0.5104166666666666,804.6562296201278,0.0,36.04464524113139,0.48394785120326284,841.1848227124625,s0472,96,0.18662381999999994,0.13125367509954264,0.05537014490047213,0.0023070893708530054,0.0516968867391885,29.66938780937618,0.05537014490047238
7.113459962319499,798.6531938611361,0.3627877419504665,0.4057128443986201,0.229903526590994,-4.817882273110558,1.0,1.0161410345339754,76.2387723215426,77.33429221251941,77.33429221251941,0,0,80.0,0,0.0,0.1002699320294426,0.24130821697206412,0,0.015793929639658498,0.4583333333333333,804.6562296201278,0.0,33.878865052807036,0.5113766533501573,839.0464713262849,s0473,96,0.18662381999999994,0.13125367509954264,0.05537014490047213,0.0023070893708530054,0.0516968867391885,29.66938780937618,0.05537014490047238
7.11546745048301,798.6002857984394,0.3746377473363696,0.41661220438188395,0.28594588911611674,-4.817451455964482,1.0,1.0172643942123498,77.13089221793057,83.74807795113432,83.74807795113432,0,1,80.0,0,0.0,0.09251395202617733,0.28100915858739745,0,0.016956995565750494,0.5416666666666666,804.6562296201278,0.0,39.257237875095335,0.4718211553335045,844.3852886505566,s0474,96,0.18662381999999994,0.13125367509954264,0.05537014490047213,0.0023070893708530054,0.0516968867391885,29.66938780937618,0.05537014490047238
7.192382770270772,807.1241519771627,0.37950550983437953,0.3528629030845039,0.25684334429656075,-4.804569936188144,1.0,1.015917054143998,75.22693927724427,78.4223227158516,78.4223227158516,0,0,80.0,0,0.0,0.10147230710657955,0.2363672815224625,0,0.014632502890370148,0.4166666666666667,804.6562296201278,0.0,33.63229017092554,0.5175087662435556,838.8060285572968,s0475,96,0.18662381999999994,0.13125367509954264,0.05537014490047213,0.0023070893708530054,0.0516968867391885,29.66938780937618,0.05537014490047238
7.135343203000604,801.1835124444001,0.3569068470943504,0.3767340499287376,0.2553582216808495,-4.865085252721877,1.0,1.0160567918784373,75.60362606890703,77.23339609161661,77.23339609161661,0,0,80.0,0,0.0,0.10824978686986236,0.24622407384660197,0,0.0157271673813303,0.5,804.6562296201278,0.0,34.440449737815946,0.5520739130362979,839.64875327098,s0476,96,0.18662381999999994,0.13125367509954264,0.05537014490047213,0.0023070893708530054,0.0516968867391885,29.66938780937618,0.05537014490047238
7.160771458680383,803.9443880889114,0.36384256308829255,0.3266091624382882,0.24997149062512936,-4.858902640634859,1.0,1.016691835358756,76.12788344067741,80.53053808029603,80.53053808029603,0,1,80.0,0,0.0,0.0919294731194129,0.2433370157706095,0,0.015938782256318673,0.5104166666666666,804.6562296201278,0.0,33.73882699480751,0.46884031290900596,838.8638969278443,s0477,96,0.18662381999999994,0.13125367509954264,0.05537014490047213,0.0023070893708530054,0.0516968867391885,29.66938780937618,0.05537014490047238
7.138244891782407,800.3995863751793,0.3635571117662114,0.39519975455116935,0.23336290739557053,-4.806963339025249,1.0,1.0158406976267185,74.4294755165027,76.29074855450132,76.29074855450132,0,0,80.0,0,0.0,0.10675757581633848,0.25122750033041946,0,0.017026001923978077,0.40625,804.6562296201278,0.0,35.2288483161527,0.5444636366633259,840.4295415729438,s0478,96,0.18662381999999994,0.13125367509954264,0.05537014490047213,0.0023070893708530054,0.0516968867391885,29.66938780937618,0.05537014490047238
7.082817049950588,794.8884303569828,0.3749947180146149,0.4064976253039729,0.2409921577617464,-4.771361711236062,1.0,1.016394829562372,78.95577709789396,79.24894544071199,79.24894544071199,0,0,80.0,0,0.0,0.09896901527704353,0.2324062623732989,0,0.015265256093653489,0.5104166666666666,804.6562296201278,0.0,32.50664034746512,0.5047419779129221,837.6676119455058,s0479,96,0.18662381999999994,0.13125367509954264,0.05537014490047213,0.0023070893708530054,0.0516968867391885,29.66938780937618,0.05537014490047238
7.0530165425349,791.6137234349341,0.3619214850069093,0.4302738600646807,0.25912643419012704,-4.751402890356187,1.0,1.0161004924320067,75.39333445927812,77.33506242987829,77.33506242987829,0,0,80.0,0,0.0,0.11071142646403395,0.2809972556101809,0,0.017218162226041018,0.5729166666666666,804.6562296201278,0.0,38.79312283554193,0.5646282749665729,844.0139807306363,s0480,96,0.18662381999999994,0.13125367509954264,0.05537014490047213,0.0023070893708530054,0.0516968867391885,29.66938780937618,0.05537014490047238
7.16738141086214,803.9572987261756,0.36680282734411346,0.3516677576429645,0.24699615636070332,-4.797516847219311,1.0,1.0159098884093039,78.23093080783859,75.83628379457194,75.83628379457194,0,0,80.0,0,0.0,0.10116475377508748,0.23140231100462658,0,0.01483580267898742,0.4270833333333333,804.6562296201278,0.0,31.66029942600392,0.5159402442529459,836.8324692903847,s0481,96,0.18662381999999994,0.13125367509954264,0.05537014490047213,0.0023070893708530054,0.0516968867391885,29.66938780937618,0.05537014490047238
7.058217973433539,792.6402360967547,0.3723192137656221,0.42333986384944944,0.24556357881450686,-4.880722947995199,1.0,1.016509626211017,77.20630124428341,79.60653108563054,79.60653108563054,0,0,80.0,0,0.0,0.08137432618257733,0.2791241948369062,0,0.016260395673329518,0.6041666666666666,804.6562296201278,0.0,39.52049241321437,0.41500906353114403,844.5917310968732,s0482,96,0.18662381999999994,0.13125367509954264,0.05537014490047213,0.0023070893708530054,0.0516968867391885,29.66938780937618,0.05537014490047238
7.185121644805727,806.0804893673562,0.3855099685836417,0.386098880305094,0.24646909006680534,-4.844006634278441,1.0,1.0156243052850498,75.53505145117934,73.3416425168078,73.3416425168078,0,0,80.0,0,0.0,0.08013652668620505,0.286669276087893,0,0.017298627817736868,0.4166666666666667,804.6562296201278,0.0,40.4778670095246,0.40869628609964576,845.542792915752,s0483,96,0.18662381999999994,0.13125367509954264,0.05537014490047213,0.0023070893708530054,0.0516968867391885,29.66938780937618,0.05537014490047238
7.178212142319422,805.464906608511,0.3768545108319519,0.3541017933647258,0.24500605643351603,-4.812368944243666,1.0,1.0167656232254003,75.64608625973071,80.94931977848061,80.94931977848061,0,1,80.0,0,0.0,0.08897167055023213,0.24049391636993184,0,0.014712836381824464,0.4791666666666667,804.6562296201278,0.0,33.2017935990655,0.4537555198061838,838.3117787389995,s0484,96,0.18662381999999994,0.13125367509954264,0.05537014490047213,0.0023070893708530054,0.0516968867391885,29.66938780937618,0.05537014490047238
7.094988639777392,796.5521096018101,0.35902710742358945,0.4100024621695989,0.23232904226496376,-4.773833029491645,1.0,1.0165128390151825,76.30039435222584,80.16887591574906,80.16887591574906,0,1,80.0,0,0.0,0.09645549085658998,0.23744452283395892,0,0.014292852534418353,0.5625,804.6562296201278,0.0,32.95805677632722,0.491923003368609,838.1062093998236,s0485,96,0.18662381999999994,0.13125367509954264,0.05537014490047213,0.0023070893708530054,0.0516968867391885,29.66938780937618,0.05537014490047238
7.189248555253144,806.8000662310636,0.3804499861156549,0.35197939975947057,0.2652835535378728,-4.7476239127145154,1.0,1.015905251637326,73.26936058818418,76.23329938154872,76.23329938154872,0,0,80.0,0,0.0,0.10501080971149372,0.247592381541848,0,0.015073153032146463,0.4375,804.6562296201278,0.0,34.67373935800249,0.5355551295286176,839.8655241076589,s0486,96,0.18662381999999994,0.13125367509954264,0.05537014490047213,0.0023070893708530054,0.0516968867391885,29.66938780937618,0.05537014490047238
7.107299017519701,797.510681622436,0.3654858655732562,0.38426902987467204,0.25786236425732023,-4.747351495779821,1.0,1.0162011935401873,74.40226215144813,78.03646072435197,78.03646072435197,0,0,80.0,0,0.0,0.09286553104646732,0.2717883632884023,0,0.015800240975675985,0.5104166666666666,804.6562296201278,0.0,38.34247181652922,0.47361420833698337,843.4723156449941,s0487,96,0.18662381999999994,0.13125367509954264,0.05537014490047213,0.0023070893708530054,0.0516968867391885,29.66938780937618,0.05537014490047238
7.159866715692866,803.7714077124679,0.37193260365954495,0.3623654138285028,0.2597960436224781,-4.855852209089602,1.0,1.017431283116893,75.80205464667861,85.81968164939113,85.81968164939113,0,1,80.0,0,0.0,0.11847748116479108,0.26706444822057207,0,0.017408578994695733,0.53125,804.6562296201278,0.0,37.481601299567835,0.6042351539404341,842.742066073636,s0488,96,0.18662381999999994,0.13125367509954264,0.05537014490047213,0.0023070893708530054,0.0516968867391885,29.66938780937618,0.05537014490047238
7.077221799144908,794.2565282000944,0.37680054104892463,0.4456022576211319,0.2544695528256026,-4.76728834098721,1.0,1.01617275179572,76.12563865941756,79.05941073076717,79.05941073076717,0,0,80.0,0,0.0,0.09782136532462542,0.30156171966555734,0,0.018874241950226762,0.5,804.6562296201278,0.0,42.37288350876223,0.4988889631555897,847.5280020920455,s0489,96,0.18662381999999994,0.13125367509954264,0.05537014490047213,0.0023070893708530054,0.0516968867391885,29.66938780937618,0.05537014490047238
7.155310027611708,802.5027294403418,0.3957443583129249,0.3676833680279372,0.27930339997131926,-4.793898480350255,1.0,1.0158446223032107,73.27305872680697,76.09753024337138,76.09753024337138,0,0,80.0,0,0.0,0.09257702430649031,0.28771108796864214,0,0.018350876998723026,0.5,804.6562296201278,0.0,41.04618280632745,0.4721428239631004,846.1745552504183,s0490,96,0.18662381999999994,0.13125367509954264,0.05537014490047213,0.0023070893708530054,0.0516968867391885,29.66938780937618,0.05537014490047238
7.115821331140542,798.9295805198064,0.3773830436735509,0.36940683667992025,0.2476709274409498,-4.763643782711873,1.0,1.0157021306665759,75.80996151215626,76.98140990113687,76.98140990113687,0,0,80.0,0,0.0,0.09280021149399659,0.23950343566000232,0,0.014585993231789093,0.5208333333333334,804.6562296201278,0.0,33.38552804322842,0.4732810786193828,838.5150387419756,s0491,96,0.18662381999999994,0.13125367509954264,0.05537014490047213,0.0023070893708530054,0.0516968867391885,29.66938780937618,0.05537014490047238
7.183713043573688,806.1205428538782,0.3873120294959111,0.36703144263567067,0.246416590736054,-4.849663094013084,1.0,1.0158062630471707,76.15299604871777,76.12006189115812,76.12006189115812,0,0,80.0,0,0.0,0.0972492629723178,0.2779094732732535,0,0.018509229204399937,0.3958333333333333,804.6562296201278,0.0,39.86126403018103,0.4959712411588208,845.0134648914676,s0492,96,0.18662381999999994,0.13125367509954264,0.05537014490047213,0.0023070893708530054,0.0516968867391885,29.66938780937618,0.05537014490047238
7.111160723917199,798.1498831703317,0.37775065613213343,0.4030687862289185,0.23744597360242248,-4.811834092251389,1.0,1.0164957897871623,75.87270333571114,78.51948714887203,78.51948714887203,0,0,80.0,0,0.0,0.09157175642167893,0.22548783738717956,0,0.013342861264705266,0.5416666666666666,804.6562296201278,0.0,32.02895825221021,0.46701595775056254,837.1522038300886,s0493,96,0.18662381999999994,0.13125367509954264,0.05537014490047213,0.0023070893708530054,0.0516968867391885,29.66938780937618,0.05537014490047238
7.186302979389609,805.9288005284259,0.37236579080618426,0.3674108768504507,0.2724713757787468,-4.907021120181529,1.0,1.0161170734321474,73.59072401338561,76.64893337205973,76.64893337205973,0,0,80.0,0,0.0,0.10703440191069316,0.26120336723436993,0,0.017025955027722865,0.3958333333333333,804.6562296201278,0.0,36.28706426761462,0.5458754497445352,841.4891693374869,s0494,96,0.18662381999999994,0.13125367509954264,0.05537014490047213,0.0023070893708530054,0.0516968867391885,29.66938780937618,0.05537014490047238
7.13406408823602,800.6871815427105,0.3846666508321105,0.33466523822385136,0.2358417419391991,-4.822570542955354,1.0,1.015840348538881,74.5760376910244,74.86081770036172,74.86081770036172,0,0,80.0,0,0.0,0.08828121373807586,0.2612585576496067,0,0.015394520792352,0.5208333333333334,804.6562296201278,0.0,36.51711703319576,0.45023419006418675,841.6235808433877,s0495,96,0.18662381999999994,0.13125367509954264,0.05537014490047213,0.0023070893708530054,0.0516968867391885,29.66938780937618,0.05537014490047238
7.115856344753945,799.0664961321831,0.3765445080482704,0.38973556799130454,0.23754898164460844,-4.868872223131524,1.0,1.016469220894615,75.77368939477218,78.61579829662625,78.61579829662625,0,0,80.0,0,0.0,0.10376680694594959,0.22286942846530733,0,0.014160221178448808,0.5208333333333334,804.6562296201278,0.0,31.210618734339846,0.5292107154243431,836.396059069892,s0496,96,0.18662381999999994,0.13125367509954264,0.05537014490047213,0.0023070893708530054,0.0516968867391885,29.66938780937618,0.05537014490047238
7.094917666170806,796.3293463228779,0.3713824758989541,0.40541533089150206,0.22795023537156275,-4.8322473058734605,1.0,1.0157664703794584,73.16278343840563,74.70016330571976,74.70016330571976,0,0,80.0,0,0.0,0.08785810034534089,0.2537369278159266,0,0.016895118854076754,0.5208333333333334,804.6562296201278,0.0,35.27620715434927,0.44807631176123836,840.3805130862384,s0497,96,0.18662381999999994,0.13125367509954264,0.05537014490047213,0.0023070893708530054,0.0516968867391885,29.66938780937618,0.05537014490047238
7.1457277894645745,801.8327975174188,0.3629780491337976,0.3790807119602725,0.2382937594305803,-4.859892911173896,1.0,1.0164104823545943,72.98758356182454,79.18381905651802,79.18381905651802,0,0,80.0,0,0.0,0.09968044137600739,0.23017467055833032,0,0.013650891738023562,0.53125,804.6562296201278,0.0,32.30078384736639,0.5083702510176377,837.4653837185117,s0498,96,0.18662381999999994,0.13125367509954264,0.05537014490047213,0.0023070893708530054,0.0516968867391885,29.66938780937618,0.05537014490047238
7.099782679156746,797.0422387438101,0.36516620070326344,0.3714875733049974,0.2487201971519602,-4.810474602879566,1.0,1.0162781882240826,77.76975103753531,78.44262625349798,78.44262625349798,0,0,80.0,0,0.0,0.11100796206172965,0.2519067174090422,0,0.015708144507140618,0.59375,804.6562296201278,0.0,34.68652105130958,0.5661406065148215,839.9088912779522,s0499,96,0.18662381999999994,0.13125367509954264,0.05537014490047213,0.0023070893708530054,0.0516968867391885,29.66938780937618,0.05537014490047238
7.092671577340905,796.3950840113428,0.36432041380359,0.40689360675520014,0.244752425138758,-4.854178908250455,1.0,1.0160439080297585,74.27111024527572,76.47953747947706,76.47953747947706,0,0,80.0,0,0.0,0.08603062940865663,0.25301351350698503,0,0.014649435952829483,0.53125,804.6562296201278,0.0,34.69850035983857,0.4387562099841485,839.7934861899505,s0500,96,0.18662381999999994,0.13125367509954264,0.05537014490047213,0.0023070893708530054,0.0516968867391885,29.66938780937618,0.05537014490047238
7.095528663837283,796.173977689868,0.3797649688150695,0.37524154466712173,0.2786010235852607,-4.88236221926643,1.0,1.0167430635658414,77.70790705630274,80.21156072369486,80.21156072369486,0,1,80.0,0,0.0,0.10401949359515612,0.26174313621049083,0,0.01717415783138105,0.5,804.6562296201278,0.0,36.98120995316521,0.5304994173352963,842.1679389906283,s0501,96,0.18662381999999994,0.13125367509954264,0.05537014490047213,0.0023070893708530054,0.0516968867391885,29.66938780937618,0.05537014490047238
7.172783941557166,804.2829573647127,0.3665242687889541,0.36910777282676555,0.22459917039861893,-4.780034813883405,1.0,1.0170254968714454,73.50685047663117,82.02541754587322,82.02541754587322,0,1,80.0,0,0.0,0.09885085718724637,0.2356886870657381,0,0.015718120469599178,0.4270833333333333,804.6562296201278,0.0,32.86807459218057,0.5041393716549561,838.0284435839633,s0502,96,0.18662381999999994,0.13125367509954264,0.05537014490047213,0.0023070893708530054,0.0516968867391885,29.66938780937618,0.05537014490047238
7.141881133158093,801.3133746797071,0.3683351531237394,0.3791659045414239,0.2476516704609631,-4.851580965202235,1.0,1.0159255837230303,75.46121724235093,77.01725195212707,77.01725195212707,0,0,80.0,0,0.0,0.1018651826237,0.21530218190920583,0,0.014398231161554155,0.4270833333333333,804.6562296201278,0.0,30.337115878921118,0.5195124313808701,835.5128579304298,s0503,96,0.18662381999999994,0.13125367509954264,0.05537014490047213,0.0023070893708530054,0.0516968867391885,29.66938780937618,0.05537014490047238
7.078921702134743,794.1888182827329,0.3567931397566421,0.41788780555519395,0.24430449695052767,-4.770674354466439,1.0,1.0160412974155255,74.94444058056546,75.88634617436693,75.88634617436693,0,0,80.0,0,0.0,0.10861367512044529,0.2895320824127458,0,0.020532534510448168,0.5625,804.6562296201278,0.0,41.00183790739246,0.5539297431142711,846.2119972706345,s0504,96,0.18662381999999994,0.13125367509954264,0.05537014490047213,0.0023070893708530054,0.0516968867391885,29.66938780937618,0.05537014490047238
7.055033497857282,792.9169627818135,0.3625855986648881,0.42149892867019934,0.2702929211809608,-4.77002297764192,1.0,1.016503572140319,76.1638424508554,78.60497006925344,78.60497006925344,0,0,80.0,0,0.0,0.09423936834775395,0.30343301779756304,0,0.01816007142957107,0.53125,804.6562296201278,0.0,41.68519570402005,0.48062077857354507,846.8220461027214,s0505,96,0.18662381999999994,0.13125367509954264,0.05537014490047213,0.0023070893708530054,0.0516968867391885,29.66938780937618,0.05537014490047238
7.142529679175906,801.5925650355414,0.36664748765976785,0.3952818160079715,0.22698104052759793,-4.8159967504180585,1.0,1.016013873661764,75.20130788185742,76.29552305877326,76.29552305877326,0,0,80.0,0,0.0,0.08260964819177478,0.27607792477576,0,0.01627364531714563,0.5,804.6562296201278,0.0,38.13783189767046,0.4213092057780511,843.2153707235763,s0506,96,0.18662381999999994,0.13125367509954264,0.05537014490047213,0.0023070893708530054,0.0516968867391885,29.66938780937618,0.05537014490047238
7.137659790908898,800.9317744919686,0.36932409278021455,0.3897593201023303,0.2509572234817329,-4.858234268872798,1.0,1.0169429281518938,73.1445991994039,82.72099073956291,82.72099073956291,0,1,80.0,0,0.0,0.10057066987384036,0.22749606611474202,0,0.015275763007494161,0.5104166666666666,804.6562296201278,0.0,31.93337671919557,0.5129104163565859,837.10251675568,s0507,96,0.18662381999999994,0.13125367509954264,0.05537014490047213,0.0023070893708530054,0.0516968867391885,29.66938780937618,0.05537014490047238
7.07592225668147,794.6739537825055,0.3617786737509755,0.40940317289548567,0.24360636679561068,-4.843442828403883,1.0,1.0167987382379673,74.68789331641203,81.65340402168108,81.65340402168108,0,1,80.0,0,0.0,0.09724393360390633,0.2572505478586401,0,0.015635618564175783,0.5625,804.6562296201278,0.0,36.06671974503736,0.4959440613799225,841.218893426545,s0508,96,0.18662381999999994,0.13125367509954264,0.05537014490047213,0.0023070893708530054,0.0516968867391885,29.66938780937618,0.05537014490047238
7.069599244767284,794.2633469453071,0.37675252455581687,0.40892233774528775,0.2506953750174974,-4.78284012398622,1.0,1.017915819273347,76.18484187024634,87.50715554687038,87.50715554687038,0,1,80.0,0,0.0,0.10854980272544172,0.27360051599488566,0,0.017660387747609654,0.5833333333333334,804.6562296201278,0.0,38.26590405366568,0.5536039938997528,843.4757376676932,s0509,96,0.18662381999999994,0.13125367509954264,0.05537014490047213,0.0023070893708530054,0.0516968867391885,29.66938780937618,0.05537014490047238
7.140191845376973,801.6607861028303,0.37650622925214966,0.3508223412306265,0.25538848846666645,-4.800956871019851,1.0,1.0165524929498542,76.93323579165097,79.14020281031513,79.14020281031513,0,0,80.0,0,0.0,0.10456719481270693,0.26088319557658624,0,0.015998400194656908,0.4895833333333333,804.6562296201278,0.0,36.91527122372128,0.533292693544805,842.1047935373938,s0510,96,0.18662381999999994,0.13125367509954264,0.05537014490047213,0.0023070893708530054,0.0516968867391885,29.66938780937618,0.05537014490047238
7.12034778754469,799.3640514299618,0.3793530073433823,0.3951065529317995,0.23296437789284322,-4.851725717493648,1.0,1.0161837799774138,74.76349798400207,77.48032487180546,77.48032487180546,0,0,80.0,0,0.0,0.08515060559746288,0.24831163517654142,0,0.015600954829198651,0.46875,804.6562296201278,0.0,35.62273852464834,0.43426808854706045,840.7132362333231,s0511,96,0.18662381999999994,0.13125367509954264,0.05537014490047213,0.0023070893708530054,0.0516968867391885,29.66938780937618,0.05537014490047238
7.077537045157518,794.8060447962723,0.36997155887253313,0.41033631513986607,0.25903780097755935,-4.839368374353768,1.0,1.0160152037538726,76.2131922742086,75.7546664729986,75.7546664729986,0,0,80.0,0,0.0,0.10563531361413435,0.2867201144053788,0,0.018504921859838683,0.53125,804.6562296201278,0.0,39.69463302924397,0.5387400994320855,844.8896027488038,s0512,96,0.18662381999999994,0.13125367509954264,0.05537014490047213,0.0023070893708530054,0.0516968867391885,29.66938780937618,0.05537014490047238
7.102807376426476,797.4613741266345,0.3742281013261312,0.4091750516671029,0.24238030310808087,-4.841712295953193,1.0,1.0165609967621074,73.59314540276965,78.99956634846306,78.99956634846306,0,0,80.0,0,0.0,0.10977598271394752,0.2707118374124132,0,0.017254846099333705,0.4895833333333333,804.6562296201278,0.0,38.213809466967426,0.5598575118411324,843.4298965989364,s0513,96,0.18662381999999994,0.13125367509954264,0.05537014490047213,0.0023070893708530054,0.0516968867391885,29.66938780937618,0.05537014490047238
7.109620059410222,797.8883062097416,0.38285534294510537,0.42021020107345214,0.28806634536805165,-4.921122656182298,1.0,1.0160404598320303,78.52266909705995,78.16457001666056,78.16457001666056,0,0,80.0,0,0.0,0.10656387703413876,0.31777198316352795,0,0.02066796572306946,0.5208333333333334,804.6562296201278,0.0,44.64064895393035,0.5434757728741076,849.8403543469323,s0514,96,0.18662381999999994,0.13125367509954264,0.05537014490047213,0.0023070893708530054,0.0516968867391885,29.66938780937618,0.05537014490047238
7.106987944315106,798.3630871493542,0.3787425558556793,0.38623776116453734,0.2505534776364493,-4.882932554076356,1.0,1.0160990055906645,75.64094255770341,77.29188549013872,77.29188549013872,0,0,80.0,0,0.0,0.09279849115532081,0.2635213557265867,0,0.016543740192665024,0.5520833333333334,804.6562296201278,0.0,36.83230012417425,0.47327230489213584,841.9618020491941,s0515,96,0.18662381999999994,0.13125367509954264,0.05537014490047213,0.0023070893708530054,0.0516968867391885,29.66938780937618,0.05537014490047238
7.098447147043249,797.4510616809425,0.373152312486402,0.4111309067931651,0.24772923427550153,-4.919171718523762,1.0,1.0161902949798545,74.68543627776103,77.06503219236299,77.06503219236299,0,0,80.0,0,0.0,0.0906549385544104,0.27623140457754286,0,0.016621704240984674,0.53125,804.6562296201278,0.0,39.0159073017427,0.4623401866274927,844.1344771084979,s0516,96,0.18662381999999994,0.13125367509954264,0.05537014490047213,0.0023070893708530054,0.0516968867391885,29.66938780937618,0.05537014490047238
7.142124324010525,801.7692947676387,0.3742826119979593,0.3375607649852883,0.2643167614295062,-4.844872867769792,1.0,1.0156563142280992,74.4935757552583,74.27438318783895,74.27438318783895,0,0,80.0,0,0.0,0.08579695977407656,0.26961757436338607,0,0.01676373350403467,0.4791666666666667,804.6562296201278,0.0,37.686231008479474,0.43756449484779053,842.7800251234551,s0517,96,0.18662381999999994,0.13125367509954264,0.05537014490047213,0.0023070893708530054,0.0516968867391885,29.66938780937618,0.05537014490047238
7.104378240422585,798.797720528956,0.3688505035324017,0.36196800806832097,0.2892843176341572,-4.840269685723428,1.0,1.0170523447671371,76.56847878733505,82.32921328716881,82.32921328716881,0,1,80.0,0,0.0,0.09901959034242662,0.32409484273803,0,0.019618443493820383,0.5208333333333334,804.6562296201278,0.0,45.40075600299031,0.5049999107463757,850.5619855338645,s0518,96,0.18662381999999994,0.13125367509954264,0.05537014490047213,0.0023070893708530054,0.0516968867391885,29.66938780937618,0.05537014490047238
7.144487029410527,801.3265926572976,0.36757681068875875,0.38068270500466095,0.2811437590981887,-4.78649739126918,1.0,1.0158548041829052,73.43161920041497,75.99251265590618,75.99251265590618,0,0,80.0,0,0.0,0.11644587580219158,0.2467333819331983,0,0.017262728576742024,0.53125,804.6562296201278,0.0,33.83964488097395,0.5938739665911775,839.089748467693,s0519,96,0.18662381999999994,0.13125367509954264,0.05537014490047213,0.0023070893708530054,0.0516968867391885,29.66938780937618,0.05537014490047238
7.0856850292194276,796.2270330301274,0.3642263209159412,0.3495420956443348,0.26419251454841053,-4.910021241505565,1.0,1.0164440680848732,74.94305506949728,78.02202607264257,78.02202607264257,0,0,80.0,0,0.0,0.10077575768980664,0.2622633979028109,0,0.01661830128831314,0.5729166666666666,804.6562296201278,0.0,36.54803533444794,0.5139563642180138,841.7182213187937,s0520,96,0.18662381999999994,0.13125367509954264,0.05537014490047213,0.0023070893708530054,0.0516968867391885,29.66938780937618,0.05537014490047238
7.160557526959419,802.9145911008262,0.37380210564715377,0.369062919408653,0.238504292284563,-4.8911978191442484,1.0,1.0161013916385708,75.04976649862887,77.53527356423805,77.53527356423805,0,0,80.0,0,0.0,0.08772942368666771,0.25980673014662276,0,0.01725404170754165,0.4375,804.6562296201278,0.0,36.69054210791286,0.44742006080200525,841.7941917888426,s0521,96,0.18662381999999994,0.13125367509954264,0.05537014490047213,0.0023070893708530054,0.0516968867391885,29.66938780937618,0.05537014490047238
7.14263254308595,801.6636644527563,0.36549999390359805,0.34780477517203967,0.2110862441560596,-4.839169932951645,1.0,1.0164189775392416,74.16472694735755,77.54564089093627,77.54564089093627,0,0,80.0,0,0.0,0.07775526889799253,0.236755609666297,0,0.014515603584246932,0.5104166666666666,804.6562296201278,0.0,33.19912454886115,0.3965518713797617,838.2519060403687,s0522,96,0.18662381999999994,0.13125367509954264,0.05537014490047213,0.0023070893708530054,0.0516968867391885,29.66938780937618,0.05537014490047238
7.136025787372581,802.1875139614804,0.37173805714347063,0.36165921972330495,0.2390153227736882,-4.8008667398539275,1.0,1.0157119047931273,75.76868875180944,74.46396451716623,74.46396451716623,0,0,80.0,0,0.0,0.0871645000319051,0.27437885553388297,0,0.017594445840577826,0.5104166666666666,804.6562296201278,0.0,38.13240229829952,0.44453895016271566,843.23317086859,s0523,96,0.18662381999999994,0.13125367509954264,0.05537014490047213,0.0023070893708530054,0.0516968867391885,29.66938780937618,0.05537014490047238
7.126139714363581,799.638676188979,0.3764410609144514,0.41715086229718706,0.2534303784866791,-4.820566465312033,1.0,1.0154578480414411,77.950944965862,74.75652417514762,74.75652417514762,0,0,80.0,0,0.0,0.0994077909630068,0.2399384065474995,0,0.015223530012974792,0.46875,804.6562296201278,0.0,33.293501450404484,0.5069797339113344,838.4567108044436,s0524,96,0.18662381999999994,0.13125367509954264,0.05537014490047213,0.0023070893708530054,0.0516968867391885,29.66938780937618,0.05537014490047238
7.104865866855736,797.6368085481852,0.3663592022250225,0.37591363552095686,0.27117005068571437,-4.773475333978484,1.0,1.0165037064621658,75.21279410049793,79.40752290016918,79.40752290016918,0,0,80.0,0,0.0,0.13241789875486062,0.22429190764314025,0,0.015707278097241963,0.5104166666666666,804.6562296201278,0.0,31.495237578360467,0.6753312836497892,836.8267984821381,s0525,96,0.18662381999999994,0.13125367509954264,0.05537014490047213,0.0023070893708530054,0.0516968867391885,29.66938780937618,0.05537014490047238
7.150208132717726,802.740024913271,0.3822779878254948,0.38275955061240863,0.23794116441998614,-4.824306884142309,1.0,1.0165263816012802,75.5301153138304,79.01575017528084,79.01575017528084,0,0,80.0,0,0.0,0.09371477867605427,0.26291507329851077,0,0.01752989788126345,0.3854166666666667,804.6562296201278,0.0,36.91566974070844,0.47794537124787684,842.049844732084,s0526,96,0.18662381999999994,0.13125367509954264,0.05537014490047213,0.0023070893708530054,0.0516968867391885,29.66938780937618,0.05537014490047238
7.224548692043354,811.4674359022495,0.38098310228810917,0.3486910544730343,0.2558217192405459,-4.817776567842124,1.0,1.0158906385949844,76.07200629008094,76.41039188301963,76.41039188301963,0,0,80.0,0,0.0,0.09261224985247067,0.28923175929674827,0,0.017514054505209008,0.4166666666666667,804.6562296201278,0.0,40.66194930273144,0.4723224742476005,845.7905013971068,s0527,96,0.18662381999999994,0.13125367509954264,0.05537014490047213,0.0023070893708530054,0.0516968867391885,29.66938780937618,0.05537014490047238
7.086240148569495,796.0706167974057,0.36090944821318804,0.3549644711964498,0.2631692019461323,-4.771036074128158,1.0,1.016518184058481,79.4285369215311,80.25551263699406,80.25551263699406,0,1,80.0,0,0.0,0.11060068160561694,0.23374611071816107,0,0.015017486574163734,0.5,804.6562296201278,0.0,32.11860086295943,0.5640634761886465,837.3388939592758,s0528,96,0.18662381999999994,0.13125367509954264,0.05537014490047213,0.0023070893708530054,0.0516968867391885,29.66938780937618,0.05537014490047238
7.143672571571004,801.4611740848057,0.36654346220050565,0.35416016875417156,0.2368753062467891,-4.890797223881429,1.0,1.016976752408114,76.15201701172406,82.09803453236056,82.09803453236056,0,1,80.0,0,0.0,0.09880749360834197,0.2701676008163966,0,0.016954356159933848,0.46875,804.6562296201278,0.0,37.81071981442443,0.5039182174025442,842.9708676519547,s0529,96,0.18662381999999994,0.13125367509954264,0.05537014490047213,0.0023070893708530054,0.0516968867391885,29.66938780937618,0.05537014490047238
7.169121071985201,804.5930419637375,0.3808237796793094,0.38431655507702933,0.25102837058778504,-4.8425097468379725,1.0,1.015882348130243,75.0444687024497,76.36998450611226,76.36998450611226,0,0,80.0,0,0.0,0.10492176534390325,0.27506120829263014,0,0.017753060538887613,0.5104166666666666,804.6562296201278,0.0,38.726085586336204,0.5351010032539065,843.9174162097179,s0530,96,0.18662381999999994,0.13125367509954264,0.05537014490047213,0.0023070893708530054,0.0516968867391885,29.66938780937618,0.05537014490047238
7.13272320864148,800.8517571873277,0.371802053625542,0.38553299394984397,0.22703585554993078,-4.826317269083821,1.0,1.0162909233467188,75.97416575464167,78.52245090598267,78.52245090598267,0,0,80.0,0,0.0,0.08943500816022873,0.22590983603156226,0,0.013832134985007351,0.4583333333333333,804.6562296201278,0.0,31.093618246469656,0.4561185416171664,836.2059664082145,s0531,96,0.18662381999999994,0.13125367509954264,0.05537014490047213,0.0023070893708530054,0.0516968867391885,29.66938780937618,0.05537014490047238
7.122516604545181,800.0491956583996,0.37327054485836453,0.36508667746032486,0.24740662777276834,-4.773552186036617,1.0,1.0160910642272267,75.57168917419276,77.83752566453065,77.83752566453065,0,0,80.0,0,0.0,0.09293405402983455,0.2510390620757814,0,0.015566074989881709,0.5625,804.6562296201278,0.0,34.952217013778224,0.4739636755521564,840.082410309458,s0532,96,0.18662381999999994,0.13125367509954264,0.05537014490047213,0.0023070893708530054,0.0516968867391885,29.66938780937618,0.05537014490047238
7.1021035712625,797.394478584789,0.3682005810240567,0.36094855916326196,0.25286771447609335,-4.760556029786391,1.0,1.0172081334159297,77.45512268095193,83.19747423145094,83.19747423145094,0,2,80.0,0,0.0,0.10655117800327538,0.23544078831472287,0,0.015245025170983752,0.5208333333333334,804.6562296201278,0.0,32.640211261812084,0.5434110078167044,837.8398518897566,s0533,96,0.18662381999999994,0.13125367509954264,0.05537014490047213,0.0023070893708530054,0.0516968867391885,29.66938780937618,0.05537014490047238
7.1915011438677805,807.7429261308301,0.3801789968268238,0.31239078681660737,0.2478550680919423,-4.831110585198204,1.0,1.0165592190045207,74.1847894796089,79.0781153675828,79.0781153675828,0,0,80.0,0,0.0,0.10187395682200227,0.28443233296492115,0,0.0186507272204824,0.4479166666666667,804.6562296201278,0.0,40.06956238070406,0.5195571797922114,845.245349180624,s0534,96,0.18662381999999994,0.13125367509954264,0.05537014490047213,0.0023070893708530054,0.0516968867391885,29.66938780937618,0.05537014490047238
7.175320789097327,805.2150879328474,0.3770163504104064,0.3715937103995424,0.23757445721117887,-4.782984559121054,1.0,1.0172719507526813,73.75575255912523,84.10782902495869,84.10782902495869,0,1,80.0,0,0.0,0.10421298482935339,0.27793124072183734,0,0.018078608282744425,0.4375,804.6562296201278,0.0,39.680023211056465,0.5314862226297024,844.8677390538139,s0535,96,0.18662381999999994,0.13125367509954264,0.05537014490047213,0.0023070893708530054,0.0516968867391885,29.66938780937618,0.05537014490047238
7.124333524105916,799.8483382089782,0.3679150702721576,0.3802614385011252,0.22222681293505692,-4.8761340751245195,1.0,1.0163781022432672,74.98836956973079,79.2512204417922,79.2512204417922,0,0,80.0,0,0.0,0.09738724907197081,0.25335816625984897,0,0.016329572888980466,0.5104166666666666,804.6562296201278,0.0,35.64559977200601,0.49667497026705104,840.7985043624008,s0536,96,0.18662381999999994,0.13125367509954264,0.05537014490047213,0.0023070893708530054,0.0516968867391885,29.66938780937618,0.05537014490047238
7.200244674071375,807.0979835047804,0.37306933451879964,0.37383759600819344,0.248309518769448,-4.957165021443402,1.0,1.0159270412963646,75.27481272216905,75.83085838175563,75.83085838175563,0,0,80.0,0,0.0,0.08757048153008136,0.23152322712285567,0,0.014166782243761522,0.40625,804.6562296201278,0.0,32.246794467455054,0.44660945580341466,837.3496335433863,s0537,96,0.18662381999999994,0.13125367509954264,0.05537014490047213,0.0023070893708530054,0.0516968867391885,29.66938780937618,0.05537014490047238
7.166699579942282,804.6463724620263,0.36662373007296045,0.32397088528533546,0.2646264175516032,-4.774927007446244,1.0,1.0175071478545852,77.34122926466603,85.00577285588349,85.00577285588349,0,1,80.0,0,0.0,0.09287271727436026,0.25395917631243153,0,0.015524962986089833,0.5104166666666666,804.6562296201278,0.0,35.4564780024407,0.47365085809923735,840.5863584806677,s0538,96,0.18662381999999994,0.13125367509954264,0.05537014490047213,0.0023070893708530054,0.0516968867391885,29.66938780937618,0.05537014490047238
7.146348871011485,802.2051489880623,0.3671369348793625,0.35356312883458435,0.2664655993000256,-4.797788698560616,1.0,1.0171391746920335,75.3120321447263,82.30112715081937,82.30112715081937,0,2,80.0,0,0.0,0.10883097786129448,0.2794784199241974,0,0.017821273276528174,0.5729166666666666,804.6562296201278,0.0,39.21894240814211,0.5550379870926017,844.4302100153625,s0539,96,0.18662381999999994,0.13125367509954264,0.05537014490047213,0.0023070893708530054,0.0516968867391885,29.66938780937618,0.05537014490047238
7.110318321729325,797.9344718193813,0.3572119431904547,0.35756081586982724,0.2668728839211374,-4.863638585301815,1.0,1.0165365033420253,74.85580025751825,79.21358375469009,79.21358375469009,0,0,80.0,0,0.0,0.10884545545736629,0.23702674006710353,0,0.014978830293527855,0.5416666666666666,804.6562296201278,0.0,32.9539470720875,0.5551118228325681,838.1652885150479,s0540,96,0.18662381999999994,0.13125367509954264,0.05537014490047213,0.0023070893708530054,0.0516968867391885,29.66938780937618,0.05537014490047238
7.092310753032768,795.5952661665149,0.36716568030250285,0.3804247789182339,0.2632275384868553,-4.768767348603553,1.0,1.0162617817426542,77.10945132897855,77.96140220611119,77.96140220611119,0,0,80.0,0,0.0,0.10505576053261524,0.27286583685916066,0,0.016380141194612927,0.59375,804.6562296201278,0.0,37.70202333835031,0.5357843787163374,842.8940373371944,s0541,96,0.18662381999999994,0.13125367509954264,0.05537014490047213,0.0023070893708530054,0.0516968867391885,29.66938780937618,0.05537014490047238
7.124260759724548,799.2926560988349,0.3743675356078524,0.3810990070651338,0.25427643615515316,-4.796041977396477,1.0,1.0160371429444703,75.44745071948824,76.86496209741158,76.86496209741158,0,0,80.0,0,0.0,0.08458763822196459,0.26119598982110814,0,0.015353011488591296,0.5208333333333334,804.6562296201278,0.0,35.51219780291643,0.43139695493201935,840.5998243779762,s0542,96,0.18662381999999994,0.13125367509954264,0.05537014490047213,0.0023070893708530054,0.0516968867391885,29.66938780937618,0.05537014490047238
7.109679235762231,798.2243283492887,0.3626850339294973,0.393147932569756,0.2190229083542955,-4.777400753646996,1.0,1.0159086275048892,75.99337471540106,76.34329649070854,76.34329649070854,0,0,80.0,0,0.0,0.09220855001454314,0.2384967497395692,0,0.014572757169440936,0.53125,804.6562296201278,0.0,32.99419800742168,0.47026360507417014,838.1206912326236,s0543,96,0.18662381999999994,0.13125367509954264,0.05537014490047213,0.0023070893708530054,0.0516968867391885,29.66938780937618,0.05537014490047238
7.1064477561936155,798.3632426936692,0.36669293100782013,0.4023146882670702,0.2379700002122203,-4.888256809213485,1.0,1.016361848166984,74.74243318481349,79.00638316451591,79.00638316451591,0,0,80.0,0,0.0,0.10136223760294906,0.2522892425287371,0,0.015809713008532896,0.5208333333333334,804.6562296201278,0.0,34.975697123085126,0.5169474117750404,840.148874154988,s0544,96,0.18662381999999994,0.13125367509954264,0.05537014490047213,0.0023070893708530054,0.0516968867391885,29.66938780937618,0.05537014490047238
7.240602485851751,812.9214962866193,0.38010452443291737,0.34119662745882745,0.25532178303332026,-4.772177035985469,1.0,1.017110382934637,74.7000387276179,82.97309143173588,82.97309143173588,0,2,80.0,0,0.0,0.09890437879309755,0.2596703374804976,0,0.016116924561637512,0.3958333333333333,804.6562296201278,0.0,37.20895147795461,0.5044123318447975,842.3695934299272,s0545,96,0.18662381999999994,0.13125367509954264,0.05537014490047213,0.0023070893708530054,0.0516968867391885,29.66938780937618,0.05537014490047238
7.127605379499667,800.6500614993088,0.3652085944004101,0.36580101512193874,0.2505370548034928,-4.813270906371311,1.0,1.0160778901492973,75.02634732897234,78.60546474581722,78.60546474581722,0,0,80.0,0,0.0,0.09665391465598364,0.2638517767936551,0,0.01796317576864799,0.5,804.6562296201278,0.0,36.720516815949516,0.4929349647455167,841.8696814008227,s0546,96,0.18662381999999994,0.13125367509954264,0.05537014490047213,0.0023070893708530054,0.0516968867391885,29.66938780937618,0.05537014490047238
7.129909650853725,800.0080687945152,0.37192600008454474,0.38620399118643095,0.2326026036628887,-4.782861000966606,1.0,1.0159232123929578,74.30501786472685,77.00549746238526,77.00549746238526,0,0,80.0,0,0.0,0.10556610573995338,0.21983092904798482,0,0.01560793516786294,0.4895833333333333,804.6562296201278,0.0,31.047660078593303,0.538387139273762,836.2422768379947,s0547,96,0.18662381999999994,0.13125367509954264,0.05537014490047213,0.0023070893708530054,0.0516968867391885,29.66938780937618,0.05537014490047238
7.094959937862232,797.1507125915639,0.3822810054198229,0.3451257289678002,0.28471083750290627,-4.78170502767333,1.0,1.0164553074597853,76.32763014624045,78.78509136367126,78.78509136367126,0,0,80.0,0,0.0,0.09534613487584014,0.27309938624068997,0,0.016225156736901173,0.6458333333333334,804.6562296201278,0.0,38.20750243312387,0.48626528786678486,843.3499973411184,s0548,96,0.18662381999999994,0.13125367509954264,0.05537014490047213,0.0023070893708530054,0.0516968867391885,29.66938780937618,0.05537014490047238
7.200898085224495,808.2032512183931,0.38774101215462126,0.37903485110710367,0.2890753962445327,-4.954691578470961,1.0,1.015951076973361,72.90366755200307,77.77546483351001,77.77546483351001,0,0,80.0,0,0.0,0.1036710452951405,0.3009240633285954,0,0.018614174558747545,0.4791666666666667,804.6562296201278,0.0,41.994205906550846,0.5287223310052165,847.1791578576839,s0549,96,0.18662381999999994,0.13125367509954264,0.05537014490047213,0.0023070893708530054,0.0516968867391885,29.66938780937618,0.05537014490047238
7.141949280372987,802.3767144187145,0.36284757225653524,0.3687772466230918,0.25223641491004367,-4.893157058945022,1.0,1.0162776415156585,72.96172173028832,77.56066451928088,77.56066451928088,0,0,80.0,0,0.0,0.08881454124271074,0.2691281504530609,0,0.01604240745513197,0.46875,804.6562296201278,0.0,37.184420875625186,0.45295416033782493,842.2936046560908,s0550,96,0.18662381999999994,0.13125367509954264,0.05537014490047213,0.0023070893708530054,0.0516968867391885,29.66938780937618,0.05537014490047238
7.153349013214695,802.782556729109,0.3856618363852827,0.3826418067642918,0.2768841268742256,-4.863356405059484,1.0,1.0159495813829624,75.80855126182323,78.78644901858426,78.78644901858426,0,0,80.0,0,0.0,0.1017956361461091,0.2910993165666259,0,0.018139271124805335,0.4479166666666667,804.6562296201278,0.0,41.123127646708866,0.5191577443451564,846.2985150111818,s0551,96,0.18662381999999994,0.13125367509954264,0.05537014490047213,0.0023070893708530054,0.0516968867391885,29.66938780937618,0.05537014490047238
7.071948525707796,794.5696382260561,0.3679985126108273,0.39552196807898116,0.23749060506056305,-4.865632113796578,1.0,1.0167271983337136,73.28103021749496,80.52708999415252,80.52708999415252,0,1,80.0,0,0.0,0.11257434073728691,0.22489514980909456,0,0.013975052175700498,0.625,804.6562296201278,0.0,31.4672350344826,0.5741291377601626,836.6975937923705,s0552,96,0.18662381999999994,0.13125367509954264,0.05537014490047213,0.0023070893708530054,0.0516968867391885,29.66938780937618,0.05537014490047238
7.10266233149083,796.6279704335105,0.3798560708625042,0.4372773857891649,0.2638313707398752,-4.811510977803075,1.0,1.0157396879645555,74.88563186330198,74.61848637039061,74.61848637039061,0,0,80.0,0,0.0,0.0969721078978047,0.2948455768432032,0,0.01853552693540596,0.5625,804.6562296201278,0.0,41.200169252006326,0.4945577502788043,846.3509566224128,s0553,96,0.18662381999999994,0.13125367509954264,0.05537014490047213,0.0023070893708530054,0.0516968867391885,29.66938780937618,0.05537014490047238
7.1200598957815595,799.1259449380755,0.3708525341663635,0.3643694329501116,0.24578080209632364,-4.8502684487100804,1.0,1.0161991820940994,75.05019508593628,77.00322648536279,77.00322648536279,0,0,80.0,0,0.0,0.08311780544719213,0.28458685055077226,0,0.017030376257044517,0.5,804.6562296201278,0.0,40.23747684141012,0.42390080778067973,845.3176072693186,s0554,96,0.18662381999999994,0.13125367509954264,0.05537014490047213,0.0023070893708530054,0.0516968867391885,29.66938780937618,0.05537014490047238
7.173602186560811,804.1811242854507,0.36042238754459194,0.35792710424702373,0.27009454791138876,-4.790736862500673,1.0,1.0160842248968367,76.36736159135798,77.12105749169352,77.12105749169352,0,0,80.0,0,0.0,0.09377491565698164,0.24784571881552991,0,0.014984791390712363,0.4270833333333333,804.6562296201278,0.0,34.760556240248285,0.4782520698506062,839.8950379302266,s0555,96,0.18662381999999994,0.13125367509954264,0.05537014490047213,0.0023070893708530054,0.0516968867391885,29.66938780937618,0.05537014490047238
7.105500620277967,797.4767224186562,0.3667989517672216,0.4138856531092715,0.25531260444339593,-4.78459750860239,1.0,1.0163695613800434,74.53973378483374,77.99858065117398,77.99858065117398,0,0,80.0,0,0.0,0.11825226498043373,0.24137682225405244,0,0.01597013659608602,0.5625,804.6562296201278,0.0,33.75085611383752,0.603086551400212,839.0101722853655,s0556,96,0.18662381999999994,0.13125367509954264,0.05537014490047213,0.0023070893708530054,0.0516968867391885,29.66938780937618,0.05537014490047238
7.106972133545401,798.458430038272,0.3800710400275715,0.4023758955731236,0.2129101837518218,-4.815411170726392,1.0,1.0161203626644568,72.50479870496704,77.52375345947836,77.52375345947836,0,0,80.0,0,0.0,0.08948209013298655,0.25039603759794093,0,0.015752325947260046,0.5104166666666666,804.6562296201278,0.0,35.41139671130029,0.4563586596782316,840.5239849911063,s0557,96,0.18662381999999994,0.13125367509954264,0.05537014490047213,0.0023070893708530054,0.0516968867391885,29.66938780937618,0.05537014490047238
7.090249205065817,796.2031119387102,0.3775868688834768,0.38776309224102135,0.249305687682026,-4.788343446800385,1.0,1.015991975868823,74.67437738562741,77.04061167367739,77.04061167367739,0,0,80.0,0,0.0,0.10491271008785617,0.24080693972650086,0,0.015065088977100407,0.46875,804.6562296201278,0.0,34.06328105822637,0.5350548214480664,839.2545654998022,s0558,96,0.18662381999999994,0.13125367509954264,0.05537014490047213,0.0023070893708530054,0.0516968867391885,29.66938780937618,0.05537014490047238
7.060255684449282,792.786486005353,0.3695265628272945,0.3957798009545572,0.22571064811788102,-4.856594501198812,1.0,1.016008792797121,76.32636634446665,76.96202129409669,76.96202129409669,0,0,80.0,0,0.0,0.09291493959988434,0.2817358636523078,0,0.019069197646796952,0.5729166666666666,804.6562296201278,0.0,39.44417427958539,0.4738661919594103,844.5742700916725,s0559,96,0.18662381999999994,0.13125367509954264,0.05537014490047213,0.0023070893708530054,0.0516968867391885,29.66938780937618,0.05537014490047238
7.077117905207064,795.1085704406532,0.3777975192458938,0.37243000913399493,0.24881234772218258,-4.890409279533828,1.0,1.0163787908148019,75.78897753570723,78.52393084284365,78.52393084284365,0,0,80.0,0,0.0,0.1027813899924739,0.2805406401952397,0,0.01784461165844624,0.6145833333333334,804.6562296201278,0.0,38.634208178181915,0.5241850889616169,843.8146228872713,s0560,96,0.18662381999999994,0.13125367509954264,0.05537014490047213,0.0023070893708530054,0.0516968867391885,29.66938780937618,0.05537014490047238
7.191075627448428,806.7205528353936,0.36862032154151614,0.3690074390963125,0.2767951982868045,-4.783152779054374,1.0,1.017070453654495,76.45100148098997,82.0636071104286,82.0636071104286,0,1,80.0,0,0.0,0.09497102115295453,0.24669164573715885,0,0.015472458224256755,0.4270833333333333,804.6562296201278,0.0,34.50208593777789,0.48435220788006805,839.6426677657857,s0561,96,0.18662381999999994,0.13125367509954264,0.05537014490047213,0.0023070893708530054,0.0516968867391885,29.66938780937618,0.05537014490047238
7.155365705826256,803.6995471858154,0.37564769262429537,0.3789843498108232,0.25308082147987176,-4.845863576445533,1.0,1.0161778319192791,76.01745773075524,78.01507537911777,78.01507537911777,0,0,80.0,0,0.0,0.09198025959212901,0.2760500926117509,0,0.018221337904229227,0.46875,804.6562296201278,0.0,38.706661113219546,0.4690993239198579,843.8319900572671,s0562,96,0.18662381999999994,0.13125367509954264,0.05537014490047213,0.0023070893708530054,0.0516968867391885,29.66938780937618,0.05537014490047238
7.1441526827496755,802.0660538098889,0.37126894849587594,0.32857031915510787,0.23453351875637274,-4.798169245341376,1.0,1.0161334052241924,74.024734708235,77.08701690230507,77.08701690230507,0,0,80.0,0,0.0,0.09891368793802206,0.2551208631337559,0,0.01687117467099547,0.53125,804.6562296201278,0.0,35.83579230067893,0.5044598084839124,840.9964817292906,s0563,96,0.18662381999999994,0.13125367509954264,0.05537014490047213,0.0023070893708530054,0.0516968867391885,29.66938780937618,0.05537014490047238
7.222809959993068,809.8153087475466,0.3682408939639217,0.3483199340272284,0.227886030216155,-4.707302009871181,1.0,1.0161370243854035,74.04115008063687,76.53798270141732,76.53798270141732,0,0,80.0,0,0.0,0.09251796781882035,0.24152397360461544,0,0.0160495516268867,0.40625,804.6562296201278,0.0,34.161777206868265,0.4718416358759839,839.289848462872,s0564,96,0.18662381999999994,0.13125367509954264,0.05537014490047213,0.0023070893708530054,0.0516968867391885,29.66938780937618,0.05537014490047238
7.249415456335711,812.7173335360221,0.3726334750837359,0.29907576193957286,0.2830671803797478,-4.832760800382497,1.0,1.015434112739365,74.96077240012491,75.54464165532538,75.54464165532538,0,0,80.0,0,0.0,0.10863932972917327,0.30670956347832357,0,0.018917975866412636,0.46875,804.6562296201278,0.0,43.40037293204971,0.5540605816187838,848.6106631337962,s0565,96,0.18662381999999994,0.13125367509954264,0.05537014490047213,0.0023070893708530054,0.0516968867391885,29.66938780937618,0.05537014490047238
7.07605523684737,794.9430440407243,0.364856800777228,0.35697331430890006,0.22937387712471777,-4.801479580134652,1.0,1.0165240119341943,75.26557102758203,78.98992058944017,78.98992058944017,0,0,80.0,0,0.0,0.09912381659267477,0.25774244981168765,0,0.017063782627147896,0.6041666666666666,804.6562296201278,0.0,36.45317135353542,0.5055314646226411,841.6149324382858,s0566,96,0.18662381999999994,0.13125367509954264,0.05537014490047213,0.0023070893708530054,0.0516968867391885,29.66938780937618,0.05537014490047238
7.131261131899079,800.1860797795832,0.3730764708800835,0.3692694211131333,0.24812620615532327,-4.907183979159274,1.0,1.0168882388613532,77.40442527598051,80.93164652030693,80.93164652030693,0,1,80.0,0,0.0,0.10135989881621675,0.27364884374609166,0,0.01822956686411964,0.4791666666666667,804.6562296201278,0.0,38.551484433524564,0.5169354839627058,843.724649537615,s0567,96,0.18662381999999994,0.13125367509954264,0.05537014490047213,0.0023070893708530054,0.0516968867391885,29.66938780937618,0.05537014490047238
7.144682139454005,802.0258869029619,0.37189834672042166,0.3933142523018894,0.23685750763109398,-4.850484480565284,1.0,1.0171084546642502,74.99183609746586,82.60989660789188,82.60989660789188,0,1,80.0,0,0.0,0.0987797087509123,0.2842892446291717,0,0.017727390984531632,0.4791666666666667,804.6562296201278,0.0,40.37535879328837,0.5037765146296529,845.5353649280457,s0568,96,0.18662381999999994,0.13125367509954264,0.05537014490047213,0.0023070893708530054,0.0516968867391885,29.66938780937618,0.05537014490047238
7.125181710475267,800.7092205108604,0.36855612240779806,0.3346423055445673,0.2545632662877007,-4.7616363661484105,1.0,1.0155515916732343,79.50479926677176,74.0367182143675,74.0367182143675,0,0,80.0,0,0.0,0.08905860556663217,0.26689353499205326,0,0.016131669783567032,0.5104166666666666,804.6562296201278,0.0,37.46041808465371,0.4541988883898241,842.5708465931713,s0569,96,0.18662381999999994,0.13125367509954264,0.05537014490047213,0.0023070893708530054,0.0516968867391885,29.66938780937618,0.05537014490047238
7.099924315644764,796.5499746640141,0.3684193767057989,0.383239651588712,0.2398647508700324,-4.848881433800897,1.0,1.0161413336177605,75.8387268257455,77.86980798290622,77.86980798290622,0,0,80.0,0,0.0,0.0881539498935075,0.2405763386032505,0,0.014048032397858626,0.5520833333333334,804.6562296201278,0.0,33.61364705572741,0.4495851444568882,838.7194618203121,s0570,96,0.18662381999999994,0.13125367509954264,0.05537014490047213,0.0023070893708530054,0.0516968867391885,29.66938780937618,0.05537014490047238
7.140703802986893,801.1759816965498,0.37216503057577327,0.3685432442164047,0.26041448383352567,-4.816987596377476,1.0,1.016481875339598,77.04995745951535,79.46897372870674,79.46897372870674,0,0,80.0,0,0.0,0.1203040337985694,0.25777879744451176,0,0.01795091299947826,0.46875,804.6562296201278,0.0,35.785955592401145,0.6135505723727037,841.0557357849016,s0571,96,0.18662381999999994,0.13125367509954264,0.05537014490047213,0.0023070893708530054,0.0516968867391885,29.66938780937618,0.05537014490047238
7.142828715184356,801.6267925002005,0.36308552033176633,0.4035131309367091,0.2804956912259897,-4.8195402864016215,1.0,1.0159384629421777,75.91645449242735,76.46667049348574,76.46667049348574,0,0,80.0,0,0.0,0.11390550980972511,0.2803160485713042,0,0.017196164323769737,0.4583333333333333,804.6562296201278,0.0,38.61253244014806,0.5809181000295982,843.8496801603054,s0572,96,0.18662381999999994,0.13125367509954264,0.05537014490047213,0.0023070893708530054,0.0516968867391885,29.66938780937618,0.05537014490047238
7.136858157165978,800.6134674412785,0.3704386954166258,0.3809097110630937,0.24253358501988564,-4.918883659541496,1.0,1.0161515562911068,72.3439292121482,77.02246906779668,77.02246906779668,0,0,80.0,0,0.0,0.11495696902370892,0.2461541445047859,0,0.016547225109330734,0.46875,804.6562296201278,0.0,34.570826063749266,0.586280542020916,839.813336225898,s0573,96,0.18662381999999994,0.13125367509954264,0.05537014490047213,0.0023070893708530054,0.0516968867391885,29.66938780937618,0.05537014490047238
7.0980278578812435,797.3990210919508,0.3686375811116621,0.38597791560045863,0.22282197386862213,-4.94386286560512,1.0,1.0171433508450407,73.3456925469512,83.76210500815091,83.76210500815091,0,1,80.0,0,0.0,0.09802438846272236,0.24397730032021514,0,0.015597320968278752,0.5520833333333334,804.6562296201278,0.0,34.386102717419085,0.499924381159884,839.5422567187068,s0574,96,0.18662381999999994,0.13125367509954264,0.05537014490047213,0.0023070893708530054,0.0516968867391885,29.66938780937618,0.05537014490047238
7.16481496540319,804.6117726186706,0.3881414071930599,0.3451687073603448,0.25920325017584434,-4.7963902377660395,1.0,1.0168246528249523,79.12449300203515,81.1203773635794,81.1203773635794,0,1,80.0,0,0.0,0.09360402094279464,0.28580067527844577,0,0.016754127320743592,0.46875,804.6562296201278,0.0,40.57685383821356,0.4773805068082526,845.7104639651495,s0575,96,0.18662381999999994,0.13125367509954264,0.05537014490047213,0.0023070893708530054,0.0516968867391885,29.66938780937618,0.05537014490047238
7.139942434237484,801.4183501650441,0.3702126920450497,0.37114022200691155,0.22602635025287535,-4.787773465255184,1.0,1.0170116459148788,74.2069766464775,81.18776798835361,81.18776798835361,0,2,80.0,0,0.0,0.08809261377863453,0.22213775561282686,0,0.01394160185279386,0.5,804.6562296201278,0.0,30.57532339449965,0.4492723302710358,835.6808253448984,s0576,96,0.18662381999999994,0.13125367509954264,0.05537014490047213,0.0023070893708530054,0.0516968867391885,29.66938780937618,0.05537014490047238
7.183630444736319,806.0658862489126,0.3695568358895862,0.3776777146855902,0.2367144406352572,-4.831462872474881,1.0,1.0167387223277522,73.0492200083076,80.81217452456863,80.81217452456863,0,1,80.0,0,0.0,0.09542435803935555,0.25922833870118406,0,0.016294544809854452,0.4166666666666667,804.6562296201278,0.0,36.36464336126942,0.48666422600071313,841.5075372073978,s0577,96,0.18662381999999994,0.13125367509954264,0.05537014490047213,0.0023070893708530054,0.0516968867391885,29.66938780937618,0.05537014490047238
7.136387130774416,800.8956523669269,0.3671008487865127,0.36603412083867604,0.2508643471790515,-4.799671354256051,1.0,1.0170670123684233,74.03974963155666,81.54164211822808,81.54164211822808,0,2,80.0,0,0.0,0.09916730351539062,0.2588521472550873,0,0.01679571286898135,0.5416666666666666,804.6562296201278,0.0,36.179941307264336,0.5057532479284921,841.3419241753206,s0578,96,0.18662381999999994,0.13125367509954264,0.05537014490047213,0.0023070893708530054,0.0516968867391885,29.66938780937618,0.05537014490047238
7.1841449438615435,806.5780562816526,0.36802260369104595,0.3210484073674087,0.24208546324441502,-4.8152417436886035,1.0,1.0165469050202272,77.41632384269752,79.7913171931291,79.7913171931291,0,0,80.0,0,0.0,0.09621913433853986,0.2354367981715498,0,0.014755925843098589,0.3958333333333333,804.6562296201278,0.0,33.017440876762336,0.4907175851265534,838.1643880820166,s0579,96,0.18662381999999994,0.13125367509954264,0.05537014490047213,0.0023070893708530054,0.0516968867391885,29.66938780937618,0.05537014490047238
7.052170912795869,792.894552399838,0.38468992085366044,0.38956581937082846,0.27146397908962927,-4.792586487721113,1.0,1.0162572384691726,76.87079236833242,77.74515625724916,77.74515625724916,0,0,80.0,0,0.0,0.09631874890733766,0.2921233924826295,0,0.017356213438587804,0.5625,804.6562296201278,0.0,40.249971053262385,0.49122561942742204,845.3974262928175,s0580,96,0.18662381999999994,0.13125367509954264,0.05537014490047213,0.0023070893708530054,0.0516968867391885,29.66938780937618,0.05537014490047238
7.137754097846459,801.3161505377547,0.3643634495672136,0.3781532087911953,0.23001622014895873,-4.862540608470223,1.0,1.0160298597983588,73.93377428980426,77.04597882294696,77.04597882294696,0,0,80.0,0,0.0,0.09815465416128785,0.23476187189871167,0,0.015017066429356735,0.4479166666666667,804.6562296201278,0.0,32.58520842092312,0.5005887362225683,837.7420267772734,s0581,96,0.18662381999999994,0.13125367509954264,0.05537014490047213,0.0023070893708530054,0.0516968867391885,29.66938780937618,0.05537014490047238
7.1010406158013435,797.1537131664704,0.3671167731497998,0.3889142293936422,0.24372007804593362,-4.7977095596089345,1.0,1.0168746521097163,74.85045412953029,80.15143039604449,80.15143039604449,0,1,80.0,0,0.0,0.08886807873527869,0.26181963761033944,0,0.0154641813263679,0.5208333333333334,804.6562296201278,0.0,36.49847951183477,0.45322720154992147,841.6079363335125,s0582,96,0.18662381999999994,0.13125367509954264,0.05537014490047213,0.0023070893708530054,0.0516968867391885,29.66938780937618,0.05537014490047238
7.1449893476271855,802.4212975238675,0.38578750824590635,0.342700232293321,0.2734211958790126,-4.839785812602149,1.0,1.0184683427465653,75.28954121487858,92.2621571958239,92.2621571958239,0,1,80.0,0,0.0,0.1088265349795222,0.26678048964741086,0,0.01707909088517587,0.5104166666666666,804.6562296201278,0.0,37.491428268183135,0.5550153283955629,842.7026732167064,s0583,96,0.18662381999999994,0.13125367509954264,0.05537014490047213,0.0023070893708530054,0.0516968867391885,29.66938780937618,0.05537014490047238
7.0850029805250685,796.1270828992173,0.37243445223371047,0.38371652182613397,0.24972693499384588,-4.820129768098885,1.0,1.0162676184676098,75.48758851706724,77.94005749830826,77.94005749830826,0,0,80.0,0,0.0,0.09084928999817991,0.2556248449510302,0,0.015425715686739755,0.5729166666666666,804.6562296201278,0.0,35.6121769957186,0.46333137899071763,840.7317379948371,s0584,96,0.18662381999999994,0.13125367509954264,0.05537014490047213,0.0023070893708530054,0.0516968867391885,29.66938780937618,0.05537014490047238
7.164425519888101,804.0805907579411,0.3612850666353411,0.3549118603134498,0.23024193602711446,-4.7890177384219,1.0,1.0161496550498292,74.32128362375973,77.51174850647652,77.51174850647652,0,0,80.0,0,0.0,0.09012410577996109,0.2574685163055382,0,0.016435632118183476,0.4479166666666667,804.6562296201278,0.0,36.213995971427245,0.4596329394778017,841.3298585310329,s0585,96,0.18662381999999994,0.13125367509954264,0.05537014490047213,0.0023070893708530054,0.0516968867391885,29.66938780937618,0.05537014490047238
7.132503254165784,800.6445205467268,0.376272188278639,0.36591114590110607,0.25295388943009156,-4.794377486376557,1.0,1.0161198090459076,73.55687742198407,77.66218675032916,77.66218675032916,0,0,80.0,0,0.0,0.1033740739717325,0.2520653416513367,0,0.015768444448809562,0.59375,804.6562296201278,0.0,35.04601336298958,0.5272077772558356,840.2294507603732,s0586,96,0.18662381999999994,0.13125367509954264,0.05537014490047213,0.0023070893708530054,0.0516968867391885,29.66938780937618,0.05537014490047238
7.178939870566329,806.5936076794236,0.37546832036830713,0.31945163194976545,0.22409267939494654,-4.809269673721566,1.0,1.0164098818330893,75.59254863106686,78.24687456459318,78.24687456459318,0,0,80.0,0,0.0,0.09824796715601235,0.23986737630262164,0,0.017072749841564254,0.4270833333333333,804.6562296201278,0.0,34.27706935936695,0.5010646324956635,839.4343636119903,s0587,96,0.18662381999999994,0.13125367509954264,0.05537014490047213,0.0023070893708530054,0.0516968867391885,29.66938780937618,0.05537014490047238
7.1281895914024265,800.5616514137622,0.3829931555229925,0.3710221076018873,0.2604321201199601,-4.780000541113396,1.0,1.0167483114872011,74.46307629023534,81.36948341695565,81.36948341695565,0,1,80.0,0,0.0,0.10895087428810728,0.23645523393819512,0,0.014811676069215605,0.5208333333333334,804.6562296201278,0.0,32.58053436310041,0.5556494588693468,837.7924134420975,s0588,96,0.18662381999999994,0.13125367509954264,0.05537014490047213,0.0023070893708530054,0.0516968867391885,29.66938780937618,0.05537014490047238
7.163507152869718,803.4557707087408,0.37766189547651463,0.32066921970216783,0.2613306750398229,-4.857414246781721,1.0,1.016557342698419,73.4448110515159,80.04630078851658,80.04630078851658,0,1,80.0,0,0.0,0.10147956167957743,0.22902414264609336,0,0.01430940597906921,0.4583333333333333,804.6562296201278,0.0,32.108969112031396,0.5175457645658451,837.2827444967251,s0589,96,0.18662381999999994,0.13125367509954264,0.05537014490047213,0.0023070893708530054,0.0516968867391885,29.66938780937618,0.05537014490047238
7.13338682219392,800.3563714713096,0.3582996989535909,0.34918011558081297,0.2652058790021624,-4.819747146466935,1.0,1.0164183593913518,76.81457971944377,78.5621853863173,78.5621853863173,0,0,80.0,0,0.0,0.10001414212221281,0.28395235764552035,0,0.019650835926426753,0.5,804.6562296201278,0.0,39.71150767473554,0.510072124823285,844.8778094196866,s0590,96,0.18662381999999994,0.13125367509954264,0.05537014490047213,0.0023070893708530054,0.0516968867391885,29.66938780937618,0.05537014490047238
7.136273251475089,800.7326924482528,0.36690254196244815,0.3827249810928273,0.25343739299904167,-4.877031594483281,1.0,1.0171702627923531,72.99038643696531,82.8525325748686,82.8525325748686,0,2,80.0,0,0.0,0.12225571940503645,0.2333837031043049,0,0.016809873397473175,0.4791666666666667,804.6562296201278,0.0,32.621498310035,0.6235041689656858,837.9012320991285,s0591,96,0.18662381999999994,0.13125367509954264,0.05537014490047213,0.0023070893708530054,0.0516968867391885,29.66938780937618,0.05537014490047238
7.0972780547981476,797.3006253440037,0.36509652694737604,0.3903826391072734,0.2245371561737123,-4.797292704173182,1.0,1.0155231900315846,73.78913582472867,73.91299784194258,73.91299784194258,0,0,80.0,0,0.0,0.09345556166164953,0.25671625273278753,0,0.017548815283359442,0.5,804.6562296201278,0.0,36.3814857994081,0.4766233644744125,841.5143387840103,s0592,96,0.18662381999999994,0.13125367509954264,0.05537014490047213,0.0023070893708530054,0.0516968867391885,29.66938780937618,0.05537014490047238
7.1158410109964905,798.721086860066,0.3696923776336341,0.37814261441112995,0.23044715283358802,-4.862935581470014,1.0,1.0159280007402964,75.38155107031467,75.80498445888838,75.80498445888838,0,0,80.0,0,0.0,0.08883501520717182,0.2595955414858748,0,0.01633035007328533,0.4375,804.6562296201278,0.0,37.04580073242373,0.4530585775565762,842.155088930108,s0593,96,0.18662381999999994,0.13125367509954264,0.05537014490047213,0.0023070893708530054,0.0516968867391885,29.66938780937618,0.05537014490047238
7.143951753430155,801.8966148316017,0.3632792675091084,0.33640123894549523,0.24368901073019428,-4.838208904580738,1.0,1.0158956546724682,73.27551413487693,77.98275710492273,77.98275710492273,0,0,80.0,0,0.0,0.10520732107917541,0.22661553170114795,0,0.014608102912074601,0.4479166666666667,804.6562296201278,0.0,31.23141547641511,0.5365573375037945,836.4242024340467,s0594,96,0.18662381999999994,0.13125367509954264,0.05537014490047213,0.0023070893708530054,0.0516968867391885,29.66938780937618,0.05537014490047238
7.0884992915313045,796.35549457763,0.3856004424320192,0.4294930725158324,0.28556941402777836,-4.880395267691225,1.0,1.0157405121144896,74.38925384390268,74.47444607378199,74.47444607378199,0,0,80.0,0,0.0,0.10315668489721863,0.29221734241576497,0,0.0178828149019927,0.5208333333333334,804.6562296201278,0.0,40.79332272033746,0.5260990929758148,845.975651433441,s0595,96,0.18662381999999994,0.13125367509954264,0.05537014490047213,0.0023070893708530054,0.0516968867391885,29.66938780937618,0.05537014490047238
7.070616001850808,793.6271693311928,0.37263680087937257,0.426485530212234,0.25338218212199193,-4.884088918718023,1.0,1.0171512342008353,76.41261562381435,82.56509206582777,82.56509206582777,0,1,80.0,0,0.0,0.09516986660216795,0.28124828672088126,0,0.01908164638523108,0.5729166666666666,804.6562296201278,0.0,39.04226503391348,0.48536631967105637,844.1838609737123,s0596,96,0.18662381999999994,0.13125367509954264,0.05537014490047213,0.0023070893708530054,0.0516968867391885,29.66938780937618,0.05537014490047238
7.0940413084972205,796.8327667353722,0.38381679896786913,0.394362758058851,0.2643576947813534,-4.8208684052213036,1.0,1.015920003355494,75.81127884764385,78.03718038899612,78.03718038899612,0,0,80.0,0,0.0,0.11629909784762267,0.26087979573920744,0,0.016770081401166387,0.53125,804.6562296201278,0.0,36.29819990655676,0.5931253990228758,841.5475549257073,s0597,96,0.18662381999999994,0.13125367509954264,0.05537014490047213,0.0023070893708530054,0.0516968867391885,29.66938780937618,0.05537014490047238
7.170665543257314,804.7062152005324,0.3662901303858135,0.3655029964005777,0.24941702883796352,-4.792611755029893,1.0,1.017518421979194,73.28975261734016,86.3697769311785,86.3697769311785,0,1,80.0,0,0.0,0.10217790632952357,0.2427797308033997,0,0.01605760065871641,0.4375,804.6562296201278,0.0,34.83861314719457,0.5211073222805703,840.0159500896029,s0598,96,0.18662381999999994,0.13125367509954264,0.05537014490047213,0.0023070893708530054,0.0516968867391885,29.66938780937618,0.05537014490047238
7.107400940087501,797.5116027793364,0.37545128593845806,0.41821316812989606,0.25224143357730355,-4.787247250617001,1.0,1.0163638527429284,74.68298356428224,77.95387334995179,77.95387334995179,0,0,80.0,0,0.0,0.09131494468901566,0.24970765655496668,0,0.015340256243298482,0.46875,804.6562296201278,0.0,35.179551954831,0.46570621791397976,840.3014877928728,s0599,96,0.18662381999999994,0.13125367509954264,0.05537014490047213,0.0023070893708530054,0.0516968867391885,29.66938780937618,0.05537014490047238
7.074508348508328,794.7046730959463,0.36828831799889433,0.40731966295394817,0.2269336077992674,-4.772552960798525,1.0,1.0163202805449478,74.362927128594,77.40279566438515,77.40279566438515,0,0,80.0,0,0.0,0.0910136727816507,0.23739664689685064,0,0.013511913665617424,0.5104166666666666,804.6562296201278,0.0,33.047650500415315,0.4641697311864184,838.1680498517295,s0600,96,0.18662381999999994,0.13125367509954264,0.05537014490047213,0.0023070893708530054,0.0516968867391885,29.66938780937618,0.05537014490047238
7.071749718237284,793.8763980298343,0.3611959581037747,0.3793355443842925,0.2348349037004887,-4.817731352642768,1.0,1.017273626739624,74.5794406516635,83.4886800968852,83.4886800968852,0,1,80.0,0,0.0,0.0842358732215481,0.25566956030499033,0,0.014479785150333652,0.6458333333333334,804.6562296201278,0.0,36.11984215951674,0.4296029534298949,841.2056747330745,s0601,96,0.18662381999999994,0.13125367509954264,0.05537014490047213,0.0023070893708530054,0.0516968867391885,29.66938780937618,0.05537014490047238
7.15421211823505,802.9663248115293,0.3646111726143075,0.3361231501271561,0.23995834812624062,-4.83917867286662,1.0,1.0159216570427052,76.73628344626633,74.43099466261353,74.43099466261353,0,0,80.0,0,0.0,0.09490598845414908,0.25253709188324636,0,0.016497861576966102,0.4583333333333333,804.6562296201278,0.0,35.04957881123609,0.48402054111616005,840.18982897248,s0602,96,0.18662381999999994,0.13125367509954264,0.05537014490047213,0.0023070893708530054,0.0516968867391885,29.66938780937618,0.05537014490047238
7.119794623469598,799.3459865908965,0.36534955994000284,0.39168356970239204,0.24537207813977158,-4.757358073099535,1.0,1.0167378943944976,74.36649054774223,80.55267001291291,80.55267001291291,0,1,80.0,0,0.0,0.10078824523288964,0.2495890391044464,0,0.01710774221703607,0.5,804.6562296201278,0.0,34.94361962047612,0.5140200506877373,840.1138692912916,s0603,96,0.18662381999999994,0.13125367509954264,0.05537014490047213,0.0023070893708530054,0.0516968867391885,29.66938780937618,0.05537014490047238
7.204641280308285,807.8637439077586,0.3748671116720507,0.37495045854985315,0.2703359919735642,-4.829928701859342,1.0,1.0154185441160215,77.48796624279511,74.90120761274125,74.90120761274125,0,0,80.0,0,0.0,0.09871159329023854,0.2683687678871247,0,0.016543708316097708,0.3541666666666667,804.6562296201278,0.0,36.950325837880705,0.5034291257802168,842.1099845837887,s0604,96,0.18662381999999994,0.13125367509954264,0.05537014490047213,0.0023070893708530054,0.0516968867391885,29.66938780937618,0.05537014490047238
7.116093104761554,798.3993696445588,0.3686742993709149,0.4328766649544944,0.23286081333750197,-4.853464813836496,1.0,1.0167884760674197,72.63580635693415,81.36413364486378,81.36413364486378,0,1,80.0,0,0.0,0.10424027639186531,0.27046173110000743,0,0.0176712130805789,0.5625,804.6562296201278,0.0,37.962270760075,0.5316254095985131,843.1501257898012,s0605,96,0.18662381999999994,0.13125367509954264,0.05537014490047213,0.0023070893708530054,0.0516968867391885,29.66938780937618,0.05537014490047238
7.087154594610233,795.4776092434709,0.36335086275464906,0.37339186025909765,0.23544181133376946,-4.9168576304256755,1.0,1.0160516302544313,77.32075157549953,76.11776630800753,76.11776630800753,0,0,80.0,0,0.0,0.09969119137091115,0.24815771348476873,0,0.015975283811215876,0.5833333333333334,804.6562296201278,0.0,34.69305855482443,0.5084250759916471,839.8577132509439,s0606,96,0.18662381999999994,0.13125367509954264,0.05537014490047213,0.0023070893708530054,0.0516968867391885,29.66938780937618,0.05537014490047238
7.138792053590798,800.9803782978411,0.368757784992092,0.3597651496122247,0.2365409503410994,-4.793109730897794,1.0,1.0158001327240478,73.7315089101148,75.5115064620472,75.5115064620472,0,0,80.0,0,0.0,0.09428856685562818,0.2671261740866635,0,0.01665531955285236,0.4166666666666667,804.6562296201278,0.0,37.55622598521173,0.48087169096370347,842.6933272963032,s0607,96,0.18662381999999994,0.13125367509954264,0.05537014490047213,0.0023070893708530054,0.0516968867391885,29.66938780937618,0.05537014490047238
7.0927662692071145,795.5180828432435,0.360337869675338,0.39548931464786463,0.27864813132907873,-4.782639467244636,1.0,1.0159999221073734,77.14284723235275,75.75292178997007,75.75292178997007,0,0,80.0,0,0.0,0.11881658311183403,0.24161070143760405,0,0.01591803974303067,0.5,804.6562296201278,0.0,33.493544475668806,0.6059645738703535,838.7557386696669,s0608,96,0.18662381999999994,0.13125367509954264,0.05537014490047213,0.0023070893708530054,0.0516968867391885,29.66938780937618,0.05537014490047238
7.113434420527652,797.5150723506748,0.3656154555479963,0.3967821277639537,0.24987065066105957,-4.840318347179271,1.0,1.0165192558997471,74.04989754666451,78.88367058876501,78.88367058876501,0,0,80.0,0,0.0,0.11690241431935201,0.20983219635400696,0,0.01415901805164509,0.53125,804.6562296201278,0.0,29.283082675341166,0.5962023130286952,834.5355146084976,s0609,96,0.18662381999999994,0.13125367509954264,0.05537014490047213,0.0023070893708530054,0.0516968867391885,29.66938780937618,0.05537014490047238
7.096530500729297,797.2999761582357,0.3840873476418569,0.40725857177983193,0.23651289965729333,-4.838294085466732,1.0,1.0158062823802427,74.18530736196658,76.06192942894316,76.06192942894316,0,0,80.0,0,0.0,0.09952980641891115,0.24705555348672853,0,0.01758230699734994,0.5520833333333334,804.6562296201278,0.0,34.465535323908476,0.5076020127364467,839.6293669567727,s0610,96,0.18662381999999994,0.13125367509954264,0.05537014490047213,0.0023070893708530054,0.0516968867391885,29.66938780937618,0.05537014490047238
7.145537150472908,802.2509748445032,0.3734875801436595,0.3450679586352777,0.2528704510116107,-4.838274266759659,1.0,1.0160716900501638,75.24448305325869,76.43895173206451,76.43895173206451,0,0,80.0,0,0.0,0.09425807360636938,0.24080898846383447,0,0.01424602710087364,0.5520833333333334,804.6562296201278,0.0,33.34167312501901,0.4807161753924838,838.4786189205392,s0611,96,0.18662381999999994,0.13125367509954264,0.05537014490047213,0.0023070893708530054,0.0516968867391885,29.66938780937618,0.05537014490047238
7.093715991587475,796.3568799981655,0.3740266587213577,0.4012692510219006,0.2367723783415693,-4.8878478321756695,1.0,1.016492643623781,75.83188991218071,79.62624490038333,79.62624490038333,0,0,80.0,0,0.0,0.09202125852961572,0.2810809014855897,0,0.018404576643646257,0.4479166666666667,804.6562296201278,0.0,40.09863991824961,0.46930841850104027,845.2241779568784,s0612,96,0.18662381999999994,0.13125367509954264,0.05537014490047213,0.0023070893708530054,0.0516968867391885,29.66938780937618,0.05537014490047238
7.159037241764501,802.6076707545283,0.3638393949366335,0.3818809137818733,0.23608303186158414,-4.819208487642066,1.0,1.0160993117603991,73.68078055820523,76.44689547468188,76.44689547468188,0,0,80.0,0,0.0,0.09658366716445552,0.21920871139845227,0,0.01370366195451769,0.5,804.6562296201278,0.0,30.99998568540773,0.49257670253872315,836.1487920080742,s0613,96,0.18662381999999994,0.13125367509954264,0.05537014490047213,0.0023070893708530054,0.0516968867391885,29.66938780937618,0.05537014490047238
7.114750702839846,798.8081830295091,0.3631569683040716,0.3973375170094961,0.23555903762368977,-4.842940339266382,1.0,1.0173188679418668,77.4954308296411,84.36339813032345,84.36339813032345,0,1,80.0,0,0.0,0.10765042589400985,0.22751566035674783,0,0.01513194994065458,0.4895833333333333,804.6562296201278,0.0,31.087102213411026,0.54901717205945,836.2923490055982,s0614,96,0.18662381999999994,0.13125367509954264,0.05537014490047213,0.0023070893708530054,0.0516968867391885,29.66938780937618,0.05537014490047238
7.163300503058143,804.1801667733001,0.3687802383360915,0.3504859029485175,0.20566227894523484,-4.9154831772331065,1.0,1.0161751509344676,73.1086388757608,77.86026970901165,77.86026970901165,0,0,80.0,0,0.0,0.094591248617369,0.22410145926228114,0,0.014857114839558754,0.4479166666666667,804.6562296201278,0.0,31.299186396290672,0.48241536794858203,836.437831384367,s0615,96,0.18662381999999994,0.13125367509954264,0.05537014490047213,0.0023070893708530054,0.0516968867391885,29.66938780937618,0.05537014490047238
7.163950986614454,803.9929778051091,0.3631839912082381,0.3692380751199855,0.25442881256995675,-4.778043245740169,1.0,1.0159355064492448,76.91168626685868,75.41029880175934,75.41029880175934,0,0,80.0,0,0.0,0.10918390705188676,0.24565981299674974,0,0.015471207352000305,0.5416666666666666,804.6562296201278,0.0,34.02914966673643,0.5568379259646231,839.2422172128288,s0616,96,0.18662381999999994,0.13125367509954264,0.05537014490047213,0.0023070893708530054,0.0516968867391885,29.66938780937618,0.05537014490047238
7.081406238339414,795.0898004949917,0.37510739501999507,0.41305666166824395,0.2389345974552802,-4.825975262699089,1.0,1.0162305043568558,74.43125076219043,76.4870229720351,76.4870229720351,0,0,80.0,0,0.0,0.09938792919734678,0.25252191377763045,0,0.015126112439366823,0.6041666666666666,804.6562296201278,0.0,35.75031783902478,0.5068784389064687,840.913425898059,s0617,96,0.18662381999999994,0.13125367509954264,0.05537014490047213,0.0023070893708530054,0.0516968867391885,29.66938780937618,0.05537014490047238
7.138075194926746,800.8808864979806,0.3718042162104701,0.37513720635828784,0.2881989811427472,-4.850961387664632,1.0,1.0168348227938675,74.90829361440356,81.04824772246114,81.04824772246114,0,1,80.0,0,0.0,0.10593815132570734,0.2873112925976504,0,0.018000080424462165,0.5625,804.6562296201278,0.0,40.35608412533585,0.5402845717611076,845.5525983172248,s0618,96,0.18662381999999994,0.13125367509954264,0.05537014490047213,0.0023070893708530054,0.0516968867391885,29.66938780937618,0.05537014490047238
7.124045794953999,799.7421346382936,0.3696819342021128,0.35456915404241096,0.265115318798131,-4.826549675021415,1.0,1.0175851861378673,75.17060448743497,88.099810161593,88.099810161593,0,1,80.0,0,0.0,0.12477143664851596,0.23687196740496413,0,0.016009589537578556,0.5416666666666666,804.6562296201278,0.0,32.895664464540054,0.6363343269074316,838.1882284115752,s0619,96,0.18662381999999994,0.13125367509954264,0.05537014490047213,0.0023070893708530054,0.0516968867391885,29.66938780937618,0.05537014490047238
7.097272039627055,796.5161694404494,0.36966609754999263,0.40143488979667935,0.24582890595891616,-4.9010147141857034,1.0,1.0169450075564197,73.7859161802233,82.62330335901034,82.62330335901034,0,1,80.0,0,0.0,0.11085142729129688,0.22931528667659826,0,0.013987862542567018,0.5104166666666666,804.6562296201278,0.0,32.09049099744954,0.565342279185614,837.312062896763,s0620,96,0.18662381999999994,0.13125367509954264,0.05537014490047213,0.0023070893708530054,0.0516968867391885,29.66938780937618,0.05537014490047238
7.1679353151289735,803.953168492152,0.3670461238639861,0.3621662255977413,0.26557670740847916,-4.709712817526022,1.0,1.016489343596587,74.1089699642086,78.80243634383594,78.80243634383594,0,0,80.0,0,0.0,0.10929289094811631,0.24778975174406961,0,0.016050391592047016,0.5104166666666666,804.6562296201278,0.0,34.538752704159066,0.5573937438353932,839.7523760681222,s0621,96,0.18662381999999994,0.13125367509954264,0.05537014490047213,0.0023070893708530054,0.0516968867391885,29.66938780937618,0.05537014490047238
7.111335669064037,798.2761469579444,0.36319592859691857,0.40000572941269175,0.23996499973875912,-4.768750113548018,1.0,1.0160551092979477,74.50233373275768,76.71225413695645,76.71225413695645,0,0,80.0,0,0.0,0.09815897579874322,0.2369882925960914,0,0.015596418679903004,0.4583333333333333,804.6562296201278,0.0,33.141263718714214,0.5006107765735905,838.2981041154155,s0622,96,0.18662381999999994,0.13125367509954264,0.05537014490047213,0.0023070893708530054,0.0516968867391885,29.66938780937618,0.05537014490047238
7.108630649864357,797.7837105348287,0.37215150506365025,0.38582197485298453,0.2485401395432591,-4.722614581902074,1.0,1.0158048317798156,74.80736434853365,76.24509330860998,76.24509330860998,0,0,80.0,0,0.0,0.09909849344810956,0.2295728977260622,0,0.01456507668055393,0.4895833333333333,804.6562296201278,0.0,31.685207510445004,0.5054023165853585,836.8468394471581,s0623,96,0.18662381999999994,0.13125367509954264,0.05537014490047213,0.0023070893708530054,0.0516968867391885,29.66938780937618,0.05537014490047238
7.165804919348899,803.9973220371445,0.3768470685729566,0.35856360688659716,0.22967865437159363,-4.765127461564634,1.0,1.0154855438447667,76.58656012847297,76.85818517181251,76.85818517181251,0,0,80.0,0,0.0,0.09224316933829364,0.23703905617689686,0,0.015558452130686134,0.4479166666666667,804.6562296201278,0.0,33.36507116395406,0.4704401636252977,838.4917409477072,s0624,96,0.18662381999999994,0.13125367509954264,0.05537014490047213,0.0023070893708530054,0.0516968867391885,29.66938780937618,0.05537014490047238
7.136120244457183,802.0903718175487,0.38245834207482754,0.389150073581526,0.2760213509481443,-4.868650519507745,1.0,1.0173884532410062,76.37163143407865,84.35116408736147,84.35116408736147,0,1,80.0,0,0.0,0.1059031868419817,0.2945844232121735,0,0.018663379150824135,0.4791666666666667,804.6562296201278,0.0,41.798542972010154,0.5401062528941066,846.9948788450321,s0625,96,0.18662381999999994,0.13125367509954264,0.05537014490047213,0.0023070893708530054,0.0516968867391885,29.66938780937618,0.05537014490047238
7.144242844536725,801.7582298255797,0.3564934163386932,0.37434061557132453,0.26304317649350506,-4.82749842769471,1.0,1.0168667289007074,75.09991173448512,81.50502511363072,81.50502511363072,0,1,80.0,0,0.0,0.1085362048899278,0.2696753032531607,1,0.017520612008612046,0.5,804.6562296201278,0.0,37.7192314835025,0.5535346449386318,842.9289957485689,s0626,96,0.18662381999999994,0.13125367509954264,0.05537014490047213,0.0023070893708530054,0.0516968867391885,29.66938780937618,0.05537014490047238
7.059310306089493,793.1792799330123,0.37137897683326554,0.43486368383817786,0.25736145599934174,-4.870498100826838,1.0,1.0163969014288066,73.86606138560532,78.31081065811159,78.31081065811159,0,0,80.0,0,0.0,0.08754761225676021,0.2738573657798328,0,0.015593917954555725,0.5729166666666666,804.6562296201278,0.0,38.60497545869489,0.44649282250947725,843.7076979013322,s0627,96,0.18662381999999994,0.13125367509954264,0.05537014490047213,0.0023070893708530054,0.0516968867391885,29.66938780937618,0.05537014490047238
7.155207965221587,802.9492710273573,0.38349320050657904,0.37809406440093807,0.2705484140015336,-4.856683746376706,1.0,1.0162445657824752,76.5776572096743,77.88870507045725,77.88870507045725,0,0,80.0,0,0.0,0.09583928725900703,0.2911113100503432,0,0.017750368308034406,0.5208333333333334,804.6562296201278,0.0,41.21439169810776,0.48878036502093564,846.3594016832565,s0628,96,0.18662381999999994,0.13125367509954264,0.05537014490047213,0.0023070893708530054,0.0516968867391885,29.66938780937618,0.05537014490047238
7.15654899290265,802.9948647046233,0.37480176921318453,0.3550943859952382,0.25406434681750395,-4.823916150254036,1.0,1.0165124686438403,75.43722175987982,78.74886047092677,78.74886047092677,0,0,80.0,0,0.0,0.09675775147198364,0.25368851533945674,0,0.01543573104128506,0.5104166666666666,804.6562296201278,0.0,35.06550049548141,0.49346453250711614,840.2151946481163,s0629,96,0.18662381999999994,0.13125367509954264,0.05537014490047213,0.0023070893708530054,0.0516968867391885,29.66938780937618,0.05537014490047238
7.094158459314301,796.9119817214795,0.3731110930382012,0.36331299074482704,0.24468052515259392,-4.782778990032511,1.0,1.017011740431405,76.27414366582957,82.38969562644448,82.38969562644448,0,1,80.0,0,0.0,0.09730472645696532,0.24031312843066588,0,0.014701283815511789,0.5625,804.6562296201278,0.0,33.76566896332417,0.49625410493052335,838.9181526883824,s0630,96,0.18662381999999994,0.13125367509954264,0.05537014490047213,0.0023070893708530054,0.0516968867391885,29.66938780937618,0.05537014490047238
7.190815116415154,807.368423544003,0.38201618457551567,0.37812723425311734,0.2487358609548017,-4.7847316051728095,1.0,1.0162965522726424,76.092416212123,78.48031329080395,78.48031329080395,0,0,80.0,0,0.0,0.07785586703495374,0.2674711336257279,0,0.016923160071494324,0.4166666666666667,804.6562296201278,0.0,38.0165879016283,0.3970649218782639,843.0698824436344,s0631,96,0.18662381999999994,0.13125367509954264,0.05537014490047213,0.0023070893708530054,0.0516968867391885,29.66938780937618,0.05537014490047238
7.122791428731478,799.3079492625554,0.3730362180339988,0.3669201208859637,0.2642786474198061,-4.806880901675684,1.0,1.016277209988055,75.81451161206513,77.78368387935527,77.78368387935527,0,0,80.0,0,0.0,0.08635517425009466,0.27801238114568366,0,0.016439344300448355,0.5,804.6562296201278,0.0,39.234866560790245,0.44041138867548263,844.3315075695934,s0632,96,0.18662381999999994,0.13125367509954264,0.05537014490047213,0.0023070893708530054,0.0516968867391885,29.66938780937618,0.05537014490047238
7.127518510860923,799.8954279042637,0.3675761036846172,0.38301549847174404,0.23978678489983096,-4.883412336802139,1.0,1.0165292634313299,75.5726684196311,79.79317397250519,79.79317397250519,0,0,80.0,0,0.0,0.10568031761881685,0.21249533999045467,0,0.014071037352552421,0.4375,804.6562296201278,0.0,29.617374846651504,0.5389696198559657,834.8125740866352,s0633,96,0.18662381999999994,0.13125367509954264,0.05537014490047213,0.0023070893708530054,0.0516968867391885,29.66938780937618,0.05537014490047238
7.105338020800942,798.0520995548144,0.3854331665196534,0.36031304042488566,0.24347197775638493,-4.81595112586331,1.0,1.0162606473012565,74.33192463786968,78.24023014667387,78.24023014667387,0,0,80.0,0,0.0,0.11364043156815425,0.2970309817002216,0,0.020283727494452456,0.5208333333333334,804.6562296201278,0.0,42.118392231186434,0.5795662009975863,847.3541880523118,s0634,96,0.18662381999999994,0.13125367509954264,0.05537014490047213,0.0023070893708530054,0.0516968867391885,29.66938780937618,0.05537014490047238
7.092359538543244,796.1774042706068,0.3731305475528573,0.372410537784468,0.27995948097306345,-4.841594343242292,1.0,1.0159446813107316,76.55923783765431,76.80617969404709,76.80617969404709,0,0,80.0,0,0.0,0.11012779259591209,0.2875289304289764,0,0.017899207107099826,0.59375,804.6562296201278,0.0,39.52469206733025,0.5616517422391516,844.7425734296972,s0635,96,0.18662381999999994,0.13125367509954264,0.05537014490047213,0.0023070893708530054,0.0516968867391885,29.66938780937618,0.05537014490047238
7.066925300268261,793.6313439897646,0.3720925837457226,0.38743488826276984,0.2653229674617086,-4.886751675128813,1.0,1.0162399339551522,75.7111431915723,78.31530487695554,78.31530487695554,0,0,80.0,0,0.0,0.09441157509025394,0.28744063713029494,0,0.01854974190593368,0.5625,804.6562296201278,0.0,40.0041311125719,0.4814990329602951,845.14185976566,s0636,96,0.18662381999999994,0.13125367509954264,0.05537014490047213,0.0023070893708530054,0.0516968867391885,29.66938780937618,0.05537014490047238
7.157073572296582,802.8250257341067,0.3584897760789778,0.4021107796773107,0.2242059464439587,-4.818804680815062,1.0,1.016350777731023,74.012026007982,77.92374802737173,77.92374802737173,0,0,80.0,0,0.0,0.11116022240345182,0.236115568083545,0,0.015885131443539993,0.4479166666666667,804.6562296201278,0.0,33.23367845401073,0.5669171342576045,838.456825208396,s0637,96,0.18662381999999994,0.13125367509954264,0.05537014490047213,0.0023070893708530054,0.0516968867391885,29.66938780937618,0.05537014490047238
7.156894370510676,803.7049801254115,0.3755338859814968,0.3751510700047476,0.29862578642087234,-4.884429673653833,1.0,1.0159796436588582,73.89688680441343,75.8797106191687,75.8797106191687,0,0,80.0,0,0.0,0.09051626782801282,0.2915043911811859,0,0.01689646432019782,0.4270833333333333,804.6562296201278,0.0,40.39860595600973,0.4616329659228652,845.5164685420604,s0638,96,0.18662381999999994,0.13125367509954264,0.05537014490047213,0.0023070893708530054,0.0516968867391885,29.66938780937618,0.05537014490047238
7.0730216005581115,794.0286749498291,0.35915754368882313,0.39337207560048004,0.25541265479671427,-4.959048281341446,1.0,1.0165961289684455,78.09611681644056,80.37624852375707,80.37624852375707,0,2,80.0,0,0.0,0.09545689777463862,0.2689672058399757,0,0.017596289684191566,0.5625,804.6562296201278,0.0,37.62435948248843,0.4868301786506571,842.7674192812668,s0639,96,0.18662381999999994,0.13125367509954264,0.05537014490047213,0.0023070893708530054,0.0516968867391885,29.66938780937618,0.05537014490047238
7.1021230284665915,796.7980595907296,0.3659046793627703,0.3921015552699526,0.23549800421552805,-4.836958145300067,1.0,1.0160532562612965,75.1391890436111,76.49451166577906,76.49451166577906,0,0,80.0,0,0.0,0.1015940144792982,0.23470778200610654,0,0.015044876105957776,0.5729166666666666,804.6562296201278,0.0,32.51760800133428,0.5181294738444208,837.6919670953065,s0640,96,0.18662381999999994,0.13125367509954264,0.05537014490047213,0.0023070893708530054,0.0516968867391885,29.66938780937618,0.05537014490047238
7.072145580431801,794.620675300991,0.37609006131703177,0.38038952484946453,0.26349162171366114,-4.799548212677782,1.0,1.0169584636849822,75.71818473083134,82.80966338768526,82.80966338768526,0,1,80.0,0,0.0,0.10514787406278962,0.2583489582368607,0,0.015589296569560334,0.5208333333333334,804.6562296201278,0.0,36.0818656517724,0.5362541577202272,841.2743494296204,s0641,96,0.18662381999999994,0.13125367509954264,0.05537014490047213,0.0023070893708530054,0.0516968867391885,29.66938780937618,0.05537014490047238
7.069268479992634,793.6130015574327,0.3720343625775275,0.38397490525434846,0.2540249437183707,-4.866498819361801,1.0,1.0169376984988365,74.93952022758683,82.31133284822634,82.31133284822634,0,1,80.0,0,0.0,0.10148383508771854,0.26889491727231896,0,0.01687256369813586,0.5833333333333334,804.6562296201278,0.0,37.18160689004637,0.5175675589473644,842.3554040691215,s0642,96,0.18662381999999994,0.13125367509954264,0.05537014490047213,0.0023070893708530054,0.0516968867391885,29.66938780937618,0.05537014490047238
7.0883101539870434,795.9183654413412,0.3747878339939733,0.4207812593172541,0.26820420245288856,-4.916489608862608,1.0,1.0166008879534723,77.13430781900128,79.33714785263257,79.33714785263257,0,0,80.0,0,0.0,0.10116647139671897,0.2928454618463219,0,0.018153576297049685,0.5416666666666666,804.6562296201278,0.0,41.142963274656935,0.5159490041232663,846.315141898908,s0643,96,0.18662381999999994,0.13125367509954264,0.05537014490047213,0.0023070893708530054,0.0516968867391885,29.66938780937618,0.05537014490047238
7.065450609257846,793.690411529315,0.3689130292856338,0.3970807606083524,0.2715632350196532,-4.8382255985404585,1.0,1.0161899664516245,77.80637496888461,79.17044290329777,79.17044290329777,0,0,80.0,0,0.0,0.1078949580954831,0.2854976678871579,0,0.017456861826047408,0.5416666666666666,804.6562296201278,0.0,39.424483417584426,0.5502642862869638,844.6309773239991,s0644,96,0.18662381999999994,0.13125367509954264,0.05537014490047213,0.0023070893708530054,0.0516968867391885,29.66938780937618,0.05537014490047238
7.145451985948101,801.046759461432,0.36688425600742974,0.3934115164465758,0.2740464627027831,-4.8391728883604594,1.0,1.0169264135960916,74.32755617526736,82.17678760214326,82.17678760214326,0,2,80.0,0,0.0,0.10320911393467022,0.25075928932626124,0,0.015194833734030834,0.5833333333333334,804.6562296201278,0.0,34.64199130161734,0.5263664810668178,839.8245874028119,s0645,96,0.18662381999999994,0.13125367509954264,0.05537014490047213,0.0023070893708530054,0.0516968867391885,29.66938780937618,0.05537014490047238
7.12154571925894,799.6069220439654,0.3690294109950674,0.3925282397716776,0.22868095783882533,-4.862269175588222,1.0,1.016605664148165,75.67174337621591,79.31657058435756,79.31657058435756,0,0,80.0,0,0.0,0.08705159268369808,0.2770402576839581,0,0.015891862769495956,0.4375,804.6562296201278,0.0,38.978148076121954,0.44396312268686056,844.0783408189366,s0646,96,0.18662381999999994,0.13125367509954264,0.05537014490047213,0.0023070893708530054,0.0516968867391885,29.66938780937618,0.05537014490047238
7.117600268673848,799.4799013134041,0.3677778179422791,0.35163149582192976,0.28946567465046863,-4.840807229289168,1.0,1.0165978429589762,77.51771056379548,81.91620525736639,81.91620525736639,0,1,80.0,0,0.0,0.09306350622140931,0.306164868129005,0,0.018405196492965816,0.5416666666666666,804.6562296201278,0.0,42.150856906572855,0.47462388172918757,847.2817104084297,s0647,96,0.18662381999999994,0.13125367509954264,0.05537014490047213,0.0023070893708530054,0.0516968867391885,29.66938780937618,0.05537014490047238
7.1786491587899555,804.9546036082015,0.37768137057188,0.3858177238276029,0.24920639996117872,-4.776104154939255,1.0,1.017006741947637,74.0300429561278,81.78603586959483,81.78603586959483,0,1,80.0,0,0.0,0.10473371215174629,0.2670494070784725,0,0.01880918977481604,0.5208333333333334,804.6562296201278,0.0,37.3949819773281,0.5341419319739059,842.5853535294298,s0648,96,0.18662381999999994,0.13125367509954264,0.05537014490047213,0.0023070893708530054,0.0516968867391885,29.66938780937618,0.05537014490047238
7.162780199734413,804.0568602875039,0.39370206500609645,0.38963981160629446,0.3010222879266055,-4.888584397869507,1.0,1.0170073239925814,76.14995547486714,81.8823101493061,81.8823101493061,0,1,80.0,0,0.0,0.09861336531727212,0.2991886153100384,0,0.019128066476909424,0.4166666666666667,804.6562296201278,0.0,41.89329625782629,0.5029281631180877,847.0524540410721,s0649,96,0.18662381999999994,0.13125367509954264,0.05537014490047213,0.0023070893708530054,0.0516968867391885,29.66938780937618,0.05537014490047238
7.058714428834157,792.7853171486546,0.3613324403393951,0.36382890790388367,0.23512048242188635,-4.921183880653683,1.0,1.0163345880068935,77.06038169728569,77.76119666748535,77.76119666748535,0,0,80.0,0,0.0,0.09437003649690705,0.2813759081608817,0,0.016781044803816987,0.5208333333333334,804.6562296201278,0.0,39.37137856177827,0.4812871861342257,844.5088953680403,s0650,96,0.18662381999999994,0.13125367509954264,0.05537014490047213,0.0023070893708530054,0.0516968867391885,29.66938780937618,0.05537014490047238
7.165389827274272,804.2645354435751,0.37018915052638124,0.32842752683349724,0.2594419612279866,-4.761930974096987,1.0,1.017257302837463,74.78825591155966,83.69194374343247,83.69194374343247,0,1,80.0,0,0.0,0.11275289243170278,0.2628763027408365,0,0.017840596675287135,0.4479166666666667,804.6562296201278,0.0,36.7081436535615,0.5750397514016838,841.939413025091,s0651,96,0.18662381999999994,0.13125367509954264,0.05537014490047213,0.0023070893708530054,0.0516968867391885,29.66938780937618,0.05537014490047238
7.1609263425366265,803.9587090344451,0.3868285894366504,0.3743207283608355,0.2782288210211038,-4.867572587087442,1.0,1.0174734110482213,74.57065010979787,84.81205874645934,84.81205874645934,0,1,80.0,0,0.0,0.1078013453870199,0.2806326547685003,0,0.018200819336215982,0.5,804.6562296201278,0.0,38.99083309144165,0.5497868614738015,844.1968495730432,s0652,96,0.18662381999999994,0.13125367509954264,0.05537014490047213,0.0023070893708530054,0.0516968867391885,29.66938780937618,0.05537014490047238
7.171782081812626,804.6287013231895,0.3965651608496762,0.3763421237910949,0.26754059983863343,-4.842879816128754,1.0,1.017258653980203,72.81949535230675,84.10814926485618,84.10814926485618,0,2,80.0,0,0.0,0.11403255172905816,0.278173915910601,0,0.017642754312871066,0.4791666666666667,804.6562296201278,0.0,39.05607141073146,0.581566013818197,844.2938670446774,s0653,96,0.18662381999999994,0.13125367509954264,0.05537014490047213,0.0023070893708530054,0.0516968867391885,29.66938780937618,0.05537014490047238
7.153715658450935,803.479703132622,0.3781876790388303,0.3313452662119766,0.26313513699878877,-4.897490088950945,1.0,1.0163975904761509,76.98082856118839,79.22691153488618,79.22691153488618,0,0,80.0,0,0.0,0.11134224777856362,0.2772864277971713,0,0.018011803110017984,0.4375,804.6562296201278,0.0,39.316461718229775,0.5678454636706743,844.5405368020282,s0654,96,0.18662381999999994,0.13125367509954264,0.05537014490047213,0.0023070893708530054,0.0516968867391885,29.66938780937618,0.05537014490047238
7.135897776699787,800.6029737489935,0.3759956645957008,0.37933889377279434,0.24694486762145063,-4.804174435662278,1.0,1.0163766826923495,74.62812066011078,78.09890424393477,78.09890424393477,0,0,80.0,0,0.0,0.10138226051389557,0.2645225116205997,0,0.01612092494515624,0.4895833333333333,804.6562296201278,0.0,37.217028164570735,0.5170495286208675,842.3903073133193,s0655,96,0.18662381999999994,0.13125367509954264,0.05537014490047213,0.0023070893708530054,0.0516968867391885,29.66938780937618,0.05537014490047238
7.157788947255966,803.3956288119134,0.3782027409958639,0.3561873870459879,0.23170793974592757,-4.875895709181797,1.0,1.0165914060685577,75.10698260919033,79.17265224360658,79.17265224360658,0,0,80.0,0,0.0,0.09031341568996945,0.25490080510098445,0,0.015947528260672975,0.4583333333333333,804.6562296201278,0.0,36.43183111162468,0.46059842001884427,841.5486591517713,s0656,96,0.18662381999999994,0.13125367509954264,0.05537014490047213,0.0023070893708530054,0.0516968867391885,29.66938780937618,0.05537014490047238
7.117735276175789,799.1495787797376,0.3700702817275976,0.37945535992383717,0.26381102293411346,-4.899217420372286,1.0,1.0166769808360592,75.13408212162656,82.40978800205609,82.40978800205609,0,1,80.0,0,0.0,0.09907030590231841,0.2247184416312542,0,0.013404281597675963,0.4791666666666667,804.6562296201278,0.0,31.46680276481143,0.505258560101824,836.628290945041,s0657,96,0.18662381999999994,0.13125367509954264,0.05537014490047213,0.0023070893708530054,0.0516968867391885,29.66938780937618,0.05537014490047238
7.119014240053167,799.3995822818467,0.37794588660903733,0.40032721459156,0.2603686044909198,-4.8219316143511906,1.0,1.016137368112937,75.31794418435682,76.41323792449157,76.41323792449157,0,0,80.0,0,0.0,0.10123015893240019,0.2792853211674587,0,0.018527603186047247,0.4791666666666667,804.6562296201278,0.0,38.52336175759977,0.5162738105552412,843.6958651882828,s0658,96,0.18662381999999994,0.13125367509954264,0.05537014490047213,0.0023070893708530054,0.0516968867391885,29.66938780937618,0.05537014490047238
7.1443383105891645,802.4658069651334,0.37426398611643175,0.3738218722885658,0.2516130908474763,-4.808272171458421,1.0,1.0155860888102486,76.61434017915843,74.98100182929383,74.98100182929383,0,0,80.0,0,0.0,0.09691345663173964,0.26121174627850635,0,0.016148776857031158,0.4791666666666667,804.6562296201278,0.0,36.668282900516935,0.4942586288218718,841.8187711494666,s0659,96,0.18662381999999994,0.13125367509954264,0.05537014490047213,0.0023070893708530054,0.0516968867391885,29.66938780937618,0.05537014490047238
7.149476591226777,801.7921252313758,0.36841987675401955,0.37049816947521785,0.21173400320042152,-4.919743655364582,1.0,1.016139774651779,73.94520713231876,76.4843402760835,76.4843402760835,0,0,80.0,0,0.0,0.09943788497280613,0.18342289982070603,0,0.011517332151855929,0.4375,804.6562296201278,0.0,26.059895313881235,0.5071332133613111,831.2232581473703,s0660,96,0.18662381999999994,0.13125367509954264,0.05537014490047213,0.0023070893708530054,0.0516968867391885,29.66938780937618,0.05537014490047238
7.089960077679269,796.2474123733659,0.36292943901778335,0.3741768613019324,0.22282508130067963,-4.781563344370462,1.0,1.017690213893431,76.20560862233232,85.2232090554528,85.2232090554528,0,1,80.0,0,0.0,0.08247966991168744,0.2771832258738689,0,0.017421828067043378,0.625,804.6562296201278,0.0,38.30975851906025,0.420646316549606,843.3866344557375,s0661,96,0.18662381999999994,0.13125367509954264,0.05537014490047213,0.0023070893708530054,0.0516968867391885,29.66938780937618,0.05537014490047238
7.067516088523671,793.2800632550975,0.36531541218723734,0.4200808732915258,0.24476476985623807,-4.87381878670237,1.0,1.0160287594376713,76.45919649167055,76.21134376397958,76.21134376397958,0,0,80.0,0,0.0,0.09302749091852874,0.27506363729365174,0,0.016658388715820798,0.5,804.6562296201278,0.0,37.62213942616033,0.4744402036844965,842.7528092499725,s0662,96,0.18662381999999994,0.13125367509954264,0.05537014490047213,0.0023070893708530054,0.0516968867391885,29.66938780937618,0.05537014490047238
7.064619005423831,793.2355369519537,0.3564934252664582,0.4000106932540036,0.26396795228447656,-4.919277691923409,1.0,1.0163141013666572,74.00648161207542,79.23090088205849,79.23090088205849,0,0,80.0,0,0.0,0.1082358012868409,0.254161137068575,0,0.015602677411279344,0.6041666666666666,804.6562296201278,0.0,35.23391126390237,0.5520025865628888,840.4421434705931,s0663,96,0.18662381999999994,0.13125367509954264,0.05537014490047213,0.0023070893708530054,0.0516968867391885,29.66938780937618,0.05537014490047238
7.114555597531709,798.3269742900909,0.3623917976504764,0.3773005743468244,0.22828302069530876,-4.82627461165452,1.0,1.0167719907288022,75.54782575445397,81.00520423692332,81.00520423692332,0,1,80.0,0,0.0,0.09341882727467335,0.2556981743722769,0,0.015539656637147424,0.5729166666666666,804.6562296201278,0.0,35.44565764363712,0.4764360191008339,840.5783232828657,s0664,96,0.18662381999999994,0.13125367509954264,0.05537014490047213,0.0023070893708530054,0.0516968867391885,29.66938780937618,0.05537014490047238
7.122371505427099,799.1439598403617,0.36684177738024654,0.4041016212487758,0.2600204228092561,-4.807444010082607,1.0,1.016773510966533,75.0478241296369,81.45355025225479,81.45355025225479,0,1,80.0,0,0.0,0.09749841452892002,0.2813465043484977,0,0.019136440631856756,0.5104166666666666,804.6562296201278,0.0,39.12891853411157,0.49724191409749174,844.2823900683368,s0665,96,0.18662381999999994,0.13125367509954264,0.05537014490047213,0.0023070893708530054,0.0516968867391885,29.66938780937618,0.05537014490047238
7.050452653416314,791.3663628224741,0.36012264728345006,0.4181712551788982,0.23471127545722237,-4.837618807694599,1.0,1.0163577285187841,74.51153047731704,78.32281442251244,78.32281442251244,0,0,80.0,0,0.0,0.10771294204620885,0.264266731881536,0,0.017095989065149215,0.6041666666666666,804.6562296201278,0.0,36.82542312008915,0.549336004435665,842.0309887446525,s0666,96,0.18662381999999994,0.13125367509954264,0.05537014490047213,0.0023070893708530054,0.0516968867391885,29.66938780937618,0.05537014490047238
7.164637707719935,803.6089340757915,0.3725975530648635,0.3508551261656154,0.24148214813852614,-4.866766554879265,1.0,1.0168646029392405,74.17583823707487,80.98508840862114,80.98508840862114,0,1,80.0,0,0.0,0.12054132252989352,0.23860984211108538,0,0.016225006766661262,0.4166666666666667,804.6562296201278,0.0,33.66310126817912,0.6147607449024568,838.9340916332094,s0667,96,0.18662381999999994,0.13125367509954264,0.05537014490047213,0.0023070893708530054,0.0516968867391885,29.66938780937618,0.05537014490047238
7.14544633343003,801.6490997733217,0.3721145562725039,0.3795138941981834,0.2797009332548569,-4.8706220189361025,1.0,1.015812642920728,76.54653243763376,74.57452815969495,74.57452815969495,0,0,80.0,0,0.0,0.1123387194518452,0.2594448970411225,0,0.017489974171051807,0.46875,804.6562296201278,0.0,36.684915238663244,0.5729274692044103,841.9140723279954,s0668,96,0.18662381999999994,0.13125367509954264,0.05537014490047213,0.0023070893708530054,0.0516968867391885,29.66938780937618,0.05537014490047238
7.170298211315055,804.7868532055697,0.3742585564783136,0.34833994011605224,0.26282181752378253,-4.808842468215388,1.0,1.016371494340276,75.48181409303957,78.10971184535548,78.10971184535548,0,0,80.0,0,0.0,0.11169462101862064,0.261551728356045,0,0.016205265908089145,0.4375,804.6562296201278,0.0,36.507736473510086,0.5696425671949653,841.7336086608328,s0669,96,0.18662381999999994,0.13125367509954264,0.05537014490047213,0.0023070893708530054,0.0516968867391885,29.66938780937618,0.05537014490047238
7.123311576626878,800.2351664284267,0.38889269801037885,0.38219220145726607,0.25060401474462046,-4.861385618594795,1.0,1.0162126766793813,74.05998902647718,79.5567461436038,79.5567461436038,0,0,80.0,0,0.0,0.10053336487572155,0.2499322923117311,0,0.016096838590278755,0.5416666666666666,804.6562296201278,0.0,34.82667897162907,0.5127201608661798,839.995628752623,s0670,96,0.18662381999999994,0.13125367509954264,0.05537014490047213,0.0023070893708530054,0.0516968867391885,29.66938780937618,0.05537014490047238
7.0690103351599545,794.0371654882969,0.3697789604705114,0.4121723362823988,0.260918943468509,-4.882667859153279,1.0,1.0171076791179414,75.56884533325278,83.0035999081047,83.0035999081047,0,2,80.0,0,0.0,0.11452453767366004,0.28603513881090725,0,0.019319871477229508,0.5729166666666666,804.6562296201278,0.0,40.0800947342403,0.5840751421356664,845.3203994965038,s0671,96,0.18662381999999994,0.13125367509954264,0.05537014490047213,0.0023070893708530054,0.0516968867391885,29.66938780937618,0.05537014490047238
7.140563021818563,801.55076514493,0.3843598624458535,0.39840351142012187,0.28025758249700516,-4.789416302738309,1.0,1.016909886865111,75.41464792207432,81.73741228267454,81.73741228267454,0,1,80.0,0,0.0,0.09439894337996554,0.28025177108403504,0,0.016282184572409535,0.5,804.6562296201278,0.0,38.65814259347861,0.48143461123782405,843.7958068248441,s0672,96,0.18662381999999994,0.13125367509954264,0.05537014490047213,0.0023070893708530054,0.0516968867391885,29.66938780937618,0.05537014490047238
7.11212583200523,797.9871767107361,0.37122802120108794,0.38481455903106315,0.2752557609469487,-4.86761793735387,1.0,1.0161876916870947,77.69964366438434,77.20753866102143,77.20753866102143,0,0,80.0,0,0.0,0.09780694252397906,0.2730287840656914,0,0.016337778015977453,0.5208333333333334,804.6562296201278,0.0,37.66009106693579,0.49881540687229375,842.8151360939358,s0673,96,0.18662381999999994,0.13125367509954264,0.05537014490047213,0.0023070893708530054,0.0516968867391885,29.66938780937618,0.05537014490047238
7.146794765415369,802.3666762405344,0.37075290541052275,0.36504038402707295,0.23914092436266415,-4.838832981471797,1.0,1.0170175787063838,74.56724000651894,81.98205838351481,81.98205838351481,0,1,80.0,0,0.0,0.10464412076648101,0.2970531279345967,0,0.01987753512391163,0.4791666666666667,804.6562296201278,0.0,42.06217436393037,0.5336850159090528,847.2520889999672,s0674,96,0.18662381999999994,0.13125367509954264,0.05537014490047213,0.0023070893708530054,0.0516968867391885,29.66938780937618,0.05537014490047238
7.088947768108343,795.462599013904,0.36805279794254603,0.38515280957701903,0.23180978316707146,-4.915923595897072,1.0,1.0163274789842,73.66847266771626,77.51652112466432,77.51652112466432,0,0,80.0,0,0.0,0.09775231559483033,0.2812735754821089,0,0.018973716299503025,0.5416666666666666,804.6562296201278,0.0,39.06511369564119,0.4985368095336347,844.2198801253027,s0675,96,0.18662381999999994,0.13125367509954264,0.05537014490047213,0.0023070893708530054,0.0516968867391885,29.66938780937618,0.05537014490047238
7.087493342297864,796.7211336489311,0.37466376931513024,0.41584165079038193,0.24781707589944524,-4.866951364445201,1.0,1.0154014918073329,77.49903889147396,72.71584821041425,72.71584821041425,0,0,80.0,0,0.0,0.08555597481240483,0.27906933772256093,0,0.017394192254181418,0.5104166666666666,804.6562296201278,0.0,38.99947300885198,0.4363354715432647,844.092038100523,s0676,96,0.18662381999999994,0.13125367509954264,0.05537014490047213,0.0023070893708530054,0.0516968867391885,29.66938780937618,0.05537014490047238
7.11723742431516,799.1188206552829,0.3674873448787465,0.383243545954621,0.2835187874610316,-4.805666995923564,1.0,1.0172527340702398,77.97699558830884,82.70877976485068,82.70877976485068,0,1,80.0,0,0.0,0.10076819652684332,0.3010887574114841,0,0.018763842668627274,0.5416666666666666,804.6562296201278,0.0,42.29489684832085,0.5139178022869009,847.4650442707355,s0677,96,0.18662381999999994,0.13125367509954264,0.05537014490047213,0.0023070893708530054,0.0516968867391885,29.66938780937618,0.05537014490047238
7.141622973144329,801.3462674962361,0.3759295780619571,0.3490604246491423,0.2718347275031996,-4.914438566086548,1.0,1.0163703963704827,76.53618857395999,78.11206863065217,78.11206863065217,0,0,80.0,0,0.0,0.11899773306386258,0.2636535549899559,0,0.018970138949289356,0.4583333333333333,804.6562296201278,0.0,36.51828814856789,0.6068884386256987,841.7814062073213,s0678,96,0.18662381999999994,0.13125367509954264,0.05537014490047213,0.0023070893708530054,0.0516968867391885,29.66938780937618,0.05537014490047238
7.095703523418704,796.576481772754,0.37752815574189613,0.40402905684840296,0.22389095036160478,-4.8479120498008115,1.0,1.0161192267726378,74.26356071703238,76.20199979467911,76.20199979467911,0,0,80.0,0,0.0,0.1011631942624053,0.2237780912861304,0,0.014527816577374869,0.4583333333333333,804.6562296201278,0.0,31.84354062728475,0.5159322907382672,837.0157025381508,s0679,96,0.18662381999999994,0.13125367509954264,0.05537014490047213,0.0023070893708530054,0.0516968867391885,29.66938780937618,0.05537014490047238
7.113136071110635,798.5808490196952,0.3652212452457452,0.38088643256300253,0.2691937667996207,-4.909618048557058,1.0,1.0171186332996138,75.02867432810957,83.84704060189469,83.84704060189469,0,1,80.0,0,0.0,0.11167477212017844,0.2542579274053375,0,0.015524771916097703,0.46875,804.6562296201278,0.0,35.406429385415436,0.5695413378129102,840.6322003433561,s0680,96,0.18662381999999994,0.13125367509954264,0.05537014490047213,0.0023070893708530054,0.0516968867391885,29.66938780937618,0.05537014490047238
7.121712186178007,799.8474938334725,0.36074223796159116,0.3803200102098907,0.2336906192457976,-4.789136074553003,1.0,1.0169876323268792,75.63839051216698,81.77106918446756,81.77106918446756,0,1,80.0,0,0.0,0.09843120289161222,0.24952958073741066,0,0.01605071821252459,0.4479166666666667,804.6562296201278,0.0,35.007965038141855,0.5019991347472222,840.1661937930168,s0681,96,0.18662381999999994,0.13125367509954264,0.05537014490047213,0.0023070893708530054,0.0516968867391885,29.66938780937618,0.05537014490047238
7.163416154740156,803.6472907720649,0.3855034022328288,0.36968980893429637,0.22746379964871768,-4.78071985127428,1.0,1.0159882216435858,73.6495507174822,75.62153053396615,75.62153053396615,0,0,80.0,0,0.0,0.08332806691410649,0.26305724517408646,0,0.01629551097599114,0.4895833333333333,804.6562296201278,0.0,37.326161606264755,0.4249731412619431,842.4073643676545,s0682,96,0.18662381999999994,0.13125367509954264,0.05537014490047213,0.0023070893708530054,0.0516968867391885,29.66938780937618,0.05537014490047238
7.120992854967323,799.7522862640081,0.3617641611839718,0.3955847892591169,0.26751076984628447,-4.800924916674272,1.0,1.0162598205866902,76.85054982790356,78.22563866831992,78.22563866831992,0,0,80.0,0,0.0,0.10425661963592271,0.2968049391985055,0,0.018983878436310272,0.53125,804.6562296201278,0.0,41.5208547197826,0.5317087601432061,846.7087931000536,s0683,96,0.18662381999999994,0.13125367509954264,0.05537014490047213,0.0023070893708530054,0.0516968867391885,29.66938780937618,0.05537014490047238
7.108330335641993,798.4396648263121,0.38037312421493225,0.41001034554274074,0.26789830612968857,-4.839420324005113,1.0,1.0172310264070858,77.20208396481299,83.86557139888919,83.86557139888919,0,1,80.0,0,0.0,0.10966600032379904,0.279733417110892,0,0.0169188039006227,0.5729166666666666,804.6562296201278,0.0,39.76679932009553,0.5592966016513752,844.9823255418746,s0684,96,0.18662381999999994,0.13125367509954264,0.05537014490047213,0.0023070893708530054,0.0516968867391885,29.66938780937618,0.05537014490047238
7.198400853284668,807.882819907162,0.3742523605563096,0.32066557409412366,0.26480329715389567,-4.903275070751942,1.0,1.0163037871014506,75.97036931189406,78.51862273055954,78.51862273055954,0,0,80.0,0,0.0,0.1025527831941266,0.25777453499364184,0,0.016970596205008348,0.4583333333333333,804.6562296201278,0.0,36.55770853957012,0.5230191942900455,841.736957353988,s0685,96,0.18662381999999994,0.13125367509954264,0.05537014490047213,0.0023070893708530054,0.0516968867391885,29.66938780937618,0.05537014490047238
7.200298965700254,807.3682801395905,0.36686983781881183,0.35525277060740745,0.2497889670835256,-4.8363236287392395,1.0,1.0159379361365266,73.02775338669181,75.40467456014316,75.40467456014316,0,0,80.0,0,0.0,0.10932458045742634,0.28330710471448173,0,0.02002429523854603,0.40625,804.6562296201278,0.0,39.61778548684707,0.5575553603328745,844.8315704673078,s0686,96,0.18662381999999994,0.13125367509954264,0.05537014490047213,0.0023070893708530054,0.0516968867391885,29.66938780937618,0.05537014490047238
7.128147014676179,801.2658871274211,0.3707428774066051,0.36395781687942086,0.2683702176216679,-4.842442054018053,1.0,1.0167597218294475,75.32193739854173,81.72711638842533,81.72711638842533,0,1,80.0,0,0.0,0.10887461994085366,0.2600595542099745,0,0.016373604177584895,0.46875,804.6562296201278,0.0,36.379105586511024,0.5552605616983536,841.5905957683372,s0687,96,0.18662381999999994,0.13125367509954264,0.05537014490047213,0.0023070893708530054,0.0516968867391885,29.66938780937618,0.05537014490047238
7.093877174810972,796.0425123228116,0.3710581550782869,0.3841435543737902,0.2357011480639547,-4.744074134540237,1.0,1.0160521155726454,75.0786816269667,76.92458378379814,76.92458378379814,0,0,80.0,0,0.0,0.09951761790914686,0.23834370766534232,0,0.016567686779435875,0.5520833333333334,804.6562296201278,0.0,33.41817434457983,0.5075398513366489,838.5819438160443,s0688,96,0.18662381999999994,0.13125367509954264,0.05537014490047213,0.0023070893708530054,0.0516968867391885,29.66938780937618,0.05537014490047238
7.121851563946335,799.2522943912165,0.35756093564410735,0.38989400153993403,0.23877657979561895,-4.65956344414049,1.0,1.016452975073945,73.04357229253631,78.39868196959459,78.39868196959459,0,0,80.0,0,0.0,0.09683389507439799,0.23299211365038108,0,0.015347323691030658,0.5416666666666666,804.6562296201278,0.0,32.94814005906465,0.49385286487942937,838.0982225440717,s0689,96,0.18662381999999994,0.13125367509954264,0.05537014490047213,0.0023070893708530054,0.0516968867391885,29.66938780937618,0.05537014490047238
7.1220716770661525,798.9996296626502,0.3625276760880012,0.3421413837303686,0.259647856751671,-4.86304398588738,1.0,1.0178584865432794,75.15379588159172,87.11777652194567,87.11777652194567,0,1,80.0,0,0.0,0.10139407218174974,0.26082710243820517,0,0.016629160280039024,0.5208333333333334,804.6562296201278,0.0,36.699841885923234,0.5171097681269239,841.8731812741779,s0690,96,0.18662381999999994,0.13125367509954264,0.05537014490047213,0.0023070893708530054,0.0516968867391885,29.66938780937618,0.05537014490047238
7.1349031948015424,800.7581447454406,0.36961644297694346,0.36771413843555417,0.22940432503830555,-4.784807879245444,1.0,1.0167603359976312,76.01059639660018,81.28611604881702,81.28611604881702,0,1,80.0,0,0.0,0.09736771140041087,0.21839411157136635,0,0.013838354718171202,0.5,804.6562296201278,0.0,30.643380715620573,0.4965753281420951,835.7961856638904,s0691,96,0.18662381999999994,0.13125367509954264,0.05537014490047213,0.0023070893708530054,0.0516968867391885,29.66938780937618,0.05537014490047238
7.156413736767613,803.1899485049742,0.3663388351552178,0.37593988636056574,0.2278788447102858,-4.843509004696254,1.0,1.0159785152795295,72.72006090408556,75.6773246982802,75.6773246982802,0,0,80.0,0,0.0,0.10743998509847968,0.278162514624552,0,0.01933843416196387,0.5104166666666666,804.6562296201278,0.0,39.60784698677927,0.5479439240022463,844.8120205309092,s0692,96,0.18662381999999994,0.13125367509954264,0.05537014490047213,0.0023070893708530054,0.0516968867391885,29.66938780937618,0.05537014490047238
7.104617747796985,797.7752638637492,0.367596175647567,0.3905592623484901,0.23405247588406045,-4.881049210864391,1.0,1.0161205617718398,74.56850120577585,76.24371239871046,76.24371239871046,0,0,80.0,0,0.0,0.09797859985096231,0.23603988008843707,0,0.016122179960841757,0.4583333333333333,804.6562296201278,0.0,33.229415972476765,0.4996908592399077,838.3853364518444,s0693,96,0.18662381999999994,0.13125367509954264,0.05537014490047213,0.0023070893708530054,0.0516968867391885,29.66938780937618,0.05537014490047238
7.08330854007276,794.5404338309003,0.3588063631602986,0.3925033554070927,0.25672933380114726,-4.823515828032853,1.0,1.017483737533431,77.28661690788195,85.37745054423662,85.37745054423662,0,1,80.0,0,0.0,0.09882887086381036,0.2712056867201587,0,0.017811469754053195,0.59375,804.6562296201278,0.0,37.51173106678917,0.5040272414054324,842.6719879283223,s0694,96,0.18662381999999994,0.13125367509954264,0.05537014490047213,0.0023070893708530054,0.0516968867391885,29.66938780937618,0.05537014490047238
7.114523707606676,798.6129025142368,0.35871273494608136,0.3785837979433371,0.23247434222272453,-4.932912279591409,1.0,1.0164027762224528,76.76406363055015,80.30387794681326,80.30387794681326,0,1,80.0,0,0.0,0.10084342728446867,0.24118375754293853,0,0.015198867429944219,0.5,804.6562296201278,0.0,33.155166949528315,0.5143014791507905,838.3256980488069,s0695,96,0.18662381999999994,0.13125367509954264,0.05537014490047213,0.0023070893708530054,0.0516968867391885,29.66938780937618,0.05537014490047238
7.166332370635002,803.5646324988641,0.36896197043605533,0.4054188455537927,0.292470389653811,-4.7981558397046085,1.0,1.0165354259564992,74.86971066301912,79.31566061723015,79.31566061723015,0,0,80.0,0,0.0,0.10501247018684663,0.2742463820711404,0,0.017267933676655474,0.4270833333333333,804.6562296201278,0.0,37.96599996055846,0.535563597952918,843.1577931786392,s0696,96,0.18662381999999994,0.13125367509954264,0.05537014490047213,0.0023070893708530054,0.0516968867391885,29.66938780937618,0.05537014490047238
7.040241775857957,791.1878818048733,0.36102406088511757,0.3972272265536089,0.25217410189310296,-4.833535082006177,1.0,1.0167366464119896,76.61610801660285,79.74753812802896,79.74753812802896,0,0,80.0,0,0.0,0.10702181588933896,0.2554930493634851,0,0.015094612279593383,0.6041666666666666,804.6562296201278,0.0,35.430137060621085,0.5458112610356286,840.6321779417844,s0697,96,0.18662381999999994,0.13125367509954264,0.05537014490047213,0.0023070893708530054,0.0516968867391885,29.66938780937618,0.05537014490047238
7.161151196880898,804.4650710162929,0.38268380171795296,0.3897659395537387,0.24039156117086488,-4.7982573492326335,1.0,1.0159292463261147,74.04979819901094,76.30303340736769,76.30303340736769,0,0,80.0,0,0.0,0.09779160726962151,0.2784937569532324,0,0.017017440864086762,0.5,804.6562296201278,0.0,39.51048972755841,0.4987371970750695,844.6654565447612,s0698,96,0.18662381999999994,0.13125367509954264,0.05537014490047213,0.0023070893708530054,0.0516968867391885,29.66938780937618,0.05537014490047238
7.092850227224313,796.7034696210433,0.3746249977653454,0.42143570580665934,0.27061660921108943,-4.860815941502608,1.0,1.0167915415053117,75.14838062787848,81.54119141015488,81.54119141015488,0,1,80.0,0,0.0,0.0989281398107969,0.2890711140996147,0,0.017904553384417942,0.5520833333333334,804.6562296201278,0.0,40.67561548876212,0.504533513035064,845.836378621925,s0699,96,0.18662381999999994,0.13125367509954264,0.05537014490047213,0.0023070893708530054,0.0516968867391885,29.66938780937618,0.05537014490047238
7.1588271182473,803.4801504353529,0.3689691896244487,0.33714208083542185,0.23603504010474197,-4.894625374498077,1.0,1.0165997137868716,75.94967327867116,79.37101432320753,79.37101432320753,0,0,80.0,0,0.0,0.0902095408145331,0.22375980769235404,0,0.013553666367221643,0.46875,804.6562296201278,0.0,31.028857878201833,0.4600686581541186,836.1451561564837,s0700,96,0.18662381999999994,0.13125367509954264,0.05537014490047213,0.0023070893708530054,0.0516968867391885,29.66938780937618,0.05537014490047238
7.165073177897254,803.6789909240906,0.3619215116784664,0.3608210555721762,0.2708241216926487,-4.90214482821873,1.0,1.0165592727543944,73.74315394596762,79.54851667390292,79.54851667390292,0,0,80.0,0,0.0,0.12335293465895625,0.24133483472140188,0,0.016327556181514827,0.4791666666666667,804.6562296201278,0.0,33.41712390758514,0.6290999667606768,838.7024534944736,s0701,96,0.18662381999999994,0.13125367509954264,0.05537014490047213,0.0023070893708530054,0.0516968867391885,29.66938780937618,0.05537014490047238
7.101243900317781,797.555853334738,0.38180555570663177,0.3897114690882592,0.25457816332815214,-4.774125905501826,1.0,1.0167028679570977,74.40242435526598,80.96119962311228,80.96119962311228,0,1,80.0,0,0.0,0.10712222355329677,0.25932558090735697,0,0.0152579189060282,0.5,804.6562296201278,0.0,36.03056174838998,0.5463233401218135,841.2331147086396,s0702,96,0.18662381999999994,0.13125367509954264,0.05537014490047213,0.0023070893708530054,0.0516968867391885,29.66938780937618,0.05537014490047238
7.121364942888929,798.3037131354495,0.36549649923369715,0.42396100896821587,0.2571923083530888,-4.843426101225706,1.0,1.016751953366231,75.66175743313309,81.39211503018431,81.39211503018431,0,1,80.0,0,0.0,0.10207269522000312,0.26621712772516276,0,0.017540038862121896,0.46875,804.6562296201278,0.0,37.25739110631511,0.5205707456220157,842.4341914720649,s0703,96,0.18662381999999994,0.13125367509954264,0.05537014490047213,0.0023070893708530054,0.0516968867391885,29.66938780937618,0.05537014490047238
7.095711155227262,796.4001711282276,0.38463419547258204,0.4050707590212252,0.2495050135221186,-4.818310892963978,1.0,1.0162531100330685,77.33306098191251,78.12925732040148,78.12925732040148,0,0,80.0,0,0.0,0.10188618765100463,0.29248716561806026,0,0.018586557130193092,0.53125,804.6562296201278,0.0,41.43583087749571,0.5196195570201234,846.6116800546437,s0704,96,0.18662381999999994,0.13125367509954264,0.05537014490047213,0.0023070893708530054,0.0516968867391885,29.66938780937618,0.05537014490047238
7.1440161984973525,802.153208334022,0.3739525337709339,0.36869324989332347,0.23507860541743086,-4.814015928965865,1.0,1.0157285160762288,73.06562802666056,74.93530167914888,74.93530167914888,0,0,80.0,0,0.0,0.08883629831698281,0.2466463914611518,0,0.015087519082122308,0.5,804.6562296201278,0.0,34.3768554934774,0.4530651214166126,839.4861502350217,s0705,96,0.18662381999999994,0.13125367509954264,0.05537014490047213,0.0023070893708530054,0.0516968867391885,29.66938780937618,0.05537014490047238
7.109559549266798,798.6807450037467,0.3666322132516766,0.36076132221672996,0.22767610399115634,-4.794119315016719,1.0,1.0165423400781983,78.4320181703772,80.09492901966469,80.09492901966469,0,1,80.0,0,0.0,0.10391092562959504,0.24473809359821816,0,0.016488029014381303,0.4375,804.6562296201278,0.0,34.39781719414876,0.5299457207109345,839.5839925349874,s0706,96,0.18662381999999994,0.13125367509954264,0.05537014490047213,0.0023070893708530054,0.0516968867391885,29.66938780937618,0.05537014490047238
7.145176661809762,801.4993623722178,0.3677650247771537,0.3627909640966555,0.23509213222500724,-4.808241428762808,1.0,1.0162540285158979,75.13329600658011,78.83747688482971,78.83747688482971,0,0,80.0,0,0.0,0.10564637099253896,0.23436084730867401,0,0.01520167672394423,0.4895833333333333,804.6562296201278,0.0,32.735178957777556,0.5387964920619487,837.9302050699672,s0707,96,0.18662381999999994,0.13125367509954264,0.05537014490047213,0.0023070893708530054,0.0516968867391885,29.66938780937618,0.05537014490047238
7.084151228769427,795.3153224925652,0.3672457539270623,0.3663668701493443,0.2922155470349894,-4.874241322688465,1.0,1.0171181473005138,78.87323755770586,81.92176703226308,81.92176703226308,0,1,80.0,0,0.0,0.09831026465928361,0.300493014683925,0,0.0183622134038165,0.5833333333333334,804.6562296201278,0.0,41.874712876947,0.5013823497623462,847.0323248468371,s0708,96,0.18662381999999994,0.13125367509954264,0.05537014490047213,0.0023070893708530054,0.0516968867391885,29.66938780937618,0.05537014490047238
7.0787475934200765,795.7693959141591,0.38048976929626027,0.4017931177090111,0.2777169576802474,-4.792786854965507,1.0,1.0158778175016863,79.38136255750472,77.13943691531662,77.13943691531662,0,0,80.0,0,0.0,0.09779781582782535,0.2977947900325586,0,0.017326262418843125,0.53125,804.6562296201278,0.0,41.541790219354084,0.4987688607219094,846.6967887002038,s0709,96,0.18662381999999994,0.13125367509954264,0.05537014490047213,0.0023070893708530054,0.0516968867391885,29.66938780937618,0.05537014490047238
7.159778383982612,803.8703558265145,0.3720480560524747,0.33893327258714046,0.2587335694003779,-4.809122791645042,1.0,1.0158865900803922,76.04912477364634,77.46663696580558,77.46663696580558,0,0,80.0,0,0.0,0.08972290848229687,0.282160453281602,0,0.016333967308375292,0.4791666666666667,804.6562296201278,0.0,39.60590843163091,0.45758683325971417,844.7197248850184,s0710,96,0.18662381999999994,0.13125367509954264,0.05537014490047213,0.0023070893708530054,0.0516968867391885,29.66938780937618,0.05537014490047238
7.141308487405029,801.4101487940001,0.3746604495226904,0.3638583984657838,0.2371760315879795,-4.833779932034136,1.0,1.0163476837654828,76.29394449457631,78.80380439063612,78.80380439063612,0,0,80.0,0,0.0,0.11117502356745226,0.21857822261566515,0,0.01594327979925612,0.4270833333333333,804.6562296201278,0.0,30.83608665573269,0.5669926201940063,836.0593088960545,s0711,96,0.18662381999999994,0.13125367509954264,0.05537014490047213,0.0023070893708530054,0.0516968867391885,29.66938780937618,0.05537014490047238
7.21112537320592,808.5878164946873,0.3672394785871934,0.3337982369289293,0.28473411806776927,-4.795556868897014,1.0,1.0156148161031464,75.07137555143373,75.33098324945865,75.33098324945865,0,0,80.0,0,0.0,0.09768529092176796,0.28684139659260666,0,0.018357699683787868,0.4791666666666667,804.6562296201278,0.0,39.95170660729055,0.49819498370101645,845.1061312111194,s0712,96,0.18662381999999994,0.13125367509954264,0.05537014490047213,0.0023070893708530054,0.0516968867391885,29.66938780937618,0.05537014490047238
7.120759629344617,799.0119752694634,0.36411719722286173,0.3822523845681448,0.2634022764901351,-4.82584106292985,1.0,1.0162590515501613,74.98922317920035,77.41202831089063,77.41202831089063,0,0,80.0,0,0.0,0.100139827899589,0.2622944582822426,0,0.016975728384925007,0.4895833333333333,804.6562296201278,0.0,36.83130713696763,0.5107131222879036,841.9982498793834,s0713,96,0.18662381999999994,0.13125367509954264,0.05537014490047213,0.0023070893708530054,0.0516968867391885,29.66938780937618,0.05537014490047238
7.1297268945941425,800.3284715916643,0.38674562053906525,0.3958201876755725,0.27522516102234734,-4.807091827206496,1.0,1.0162862228697647,76.41205403061994,77.76714809569108,77.76714809569108,0,0,80.0,0,0.0,0.1005308094180739,0.2781172666762229,0,0.017851413829931474,0.5208333333333334,804.6562296201278,0.0,38.33910221202013,0.5127071280321768,843.5080389601801,s0714,96,0.18662381999999994,0.13125367509954264,0.05537014490047213,0.0023070893708530054,0.0516968867391885,29.66938780937618,0.05537014490047238
7.194922032659868,806.7673856164286,0.377458869447779,0.35482998245179775,0.26520289893507903,-4.800639986676184,1.0,1.0166491284464987,74.00698810977342,79.98022287766437,79.98022287766437,0,0,80.0,0,0.0,0.11906502706215813,0.23511074239979407,0,0.01696992318009135,0.4583333333333333,804.6562296201278,0.0,33.223837930271806,0.6072316380170064,838.4872991884165,s0715,96,0.18662381999999994,0.13125367509954264,0.05537014490047213,0.0023070893708530054,0.0516968867391885,29.66938780937618,0.05537014490047238
7.099731422616969,797.5518545276798,0.36702855691875397,0.3965020757267547,0.2336994618323447,-4.816491076919833,1.0,1.0164213224523215,74.94595600701301,78.20210332962922,78.20210332962922,0,0,80.0,0,0.0,0.08880206893854663,0.22632585609133296,0,0.014409218650920552,0.5104166666666666,804.6562296201278,0.0,31.765131401805093,0.4528905515865877,836.8742515735195,s0716,96,0.18662381999999994,0.13125367509954264,0.05537014490047213,0.0023070893708530054,0.0516968867391885,29.66938780937618,0.05537014490047238
7.151639322414315,802.9032257810323,0.3628915733956365,0.38056506833943404,0.26490323678381406,-4.861659997648986,1.0,1.0156299646251656,76.82105248684627,75.18491052745398,75.18491052745398,0,0,80.0,0,0.0,0.1139169678328854,0.27149849749053634,0,0.0181453110420773,0.46875,804.6562296201278,0.0,38.26326297670572,0.5809765359477154,843.5004691327812,s0717,96,0.18662381999999994,0.13125367509954264,0.05537014490047213,0.0023070893708530054,0.0516968867391885,29.66938780937618,0.05537014490047238
7.098643524307603,797.1309241793808,0.36886743371958075,0.3862384996236352,0.23595215040627093,-4.750451858134209,1.0,1.0170063068442743,74.8091570353701,82.07139955692294,82.07139955692294,0,2,80.0,0,0.0,0.10461874594059437,0.2307026647481088,0,0.015934125345398828,0.53125,804.6562296201278,0.0,32.37443707960377,0.5335556042970312,837.5642223040286,s0718,96,0.18662381999999994,0.13125367509954264,0.05537014490047213,0.0023070893708530054,0.0516968867391885,29.66938780937618,0.05537014490047238
7.203682079218428,808.1878954669977,0.3745040656874964,0.3412132906090898,0.24956346293356874,-4.737274988524599,1.0,1.0166629358633643,73.38693330689546,80.0447264112607,80.0447264112607,0,1,80.0,0,0.0,0.0951928687035365,0.25882592966942397,0,0.015838340991085626,0.4270833333333333,804.6562296201278,0.0,36.44145363866847,0.48548363038803594,841.5831668891842,s0719,96,0.18662381999999994,0.13125367509954264,0.05537014490047213,0.0023070893708530054,0.0516968867391885,29.66938780937618,0.05537014490047238
7.1364513474098885,801.2472618367904,0.37179238903626965,0.38247332008998325,0.24983164903334915,-4.820123647344715,1.0,1.0168438323456943,75.42246088381502,81.28475674938149,81.28475674938149,0,1,80.0,0,0.0,0.0849997627354813,0.2431040583075485,0,0.015459188938662018,0.4791666666666667,804.6562296201278,0.0,34.392711824055496,0.4334987899509546,839.4824402341342,s0720,96,0.18662381999999994,0.13125367509954264,0.05537014490047213,0.0023070893708530054,0.0516968867391885,29.66938780937618,0.05537014490047238
7.127859186719558,801.3975694942883,0.3594535190748395,0.35090163008194886,0.2630108907865362,-4.8418624156920025,1.0,1.0175577196262493,74.30330475863721,86.32017047025808,86.32017047025808,0,2,80.0,0,0.0,0.1017361552210496,0.2577420950452685,0,0.01512816012977075,0.5625,804.6562296201278,0.0,36.39021721065713,0.5188543916273529,841.5653012224122,s0721,96,0.18662381999999994,0.13125367509954264,0.05537014490047213,0.0023070893708530054,0.0516968867391885,29.66938780937618,0.05537014490047238
7.114589536478558,799.4705896173562,0.3714305716248082,0.35800389483874373,0.2857538399568586,-4.791072945083086,1.0,1.017333202110242,74.48069483751863,84.38127107709205,84.38127107709205,0,1,80.0,0,0.0,0.10966675809202583,0.27345628121920956,0,0.017573092610797206,0.5,804.6562296201278,0.0,37.632481233700275,0.5593004662693316,842.8480113200973,s0722,96,0.18662381999999994,0.13125367509954264,0.05537014490047213,0.0023070893708530054,0.0516968867391885,29.66938780937618,0.05537014490047238
7.12649734051754,800.4337215532225,0.3679571793974727,0.3615182538802031,0.22510998245403296,-4.768906197289788,1.0,1.0156366922189395,75.57200836690721,73.62024279264274,73.62024279264274,0,0,80.0,0,0.0,0.09130240692316335,0.2374572381485195,0,0.01520800159787748,0.4270833333333333,804.6562296201278,0.0,33.164783820010484,0.46564227530813324,838.2866557154464,s0723,96,0.18662381999999994,0.13125367509954264,0.05537014490047213,0.0023070893708530054,0.0516968867391885,29.66938780937618,0.05537014490047238
7.115494691659455,798.3310312733499,0.36857191708679865,0.37052488364372627,0.22292062004293564,-4.809583710354478,1.0,1.016101128708534,73.71961821019461,76.70100472685914,76.70100472685914,0,0,80.0,0,0.0,0.07913768201679222,0.23914839410318472,0,0.014968495224104197,0.4479166666666667,804.6562296201278,0.0,33.4944328371873,0.40360217828564005,838.5542646356007,s0724,96,0.18662381999999994,0.13125367509954264,0.05537014490047213,0.0023070893708530054,0.0516968867391885,29.66938780937618,0.05537014490047238
7.197189202547415,808.4642416460028,0.3734852764314528,0.3098426875305037,0.26698887544957617,-4.822539688270286,1.0,1.016939695868773,75.59701723906048,81.35414900171185,81.35414900171185,0,1,80.0,0,0.0,0.1004921165293691,0.2883416015428716,0,0.018864694057110807,0.5104166666666666,804.6562296201278,0.0,40.76780512533802,0.5125097942997823,845.9365445397656,s0725,96,0.18662381999999994,0.13125367509954264,0.05537014490047213,0.0023070893708530054,0.0516968867391885,29.66938780937618,0.05537014490047238
7.154442161229916,803.2235528829187,0.3804910102208343,0.3733251769452456,0.2198159753383337,-4.798950648289529,1.0,1.0159842986378205,72.55789659603312,76.1776181387262,76.1776181387262,0,0,80.0,0,0.0,0.07978414491708417,0.23605195554138494,0,0.013828323535184714,0.5,804.6562296201278,0.0,33.44238609573261,0.4068991390771291,838.5055148549375,s0726,96,0.18662381999999994,0.13125367509954264,0.05537014490047213,0.0023070893708530054,0.0516968867391885,29.66938780937618,0.05537014490047238
7.156932279173278,803.0310410688248,0.3711978953280701,0.36903046681205265,0.26202447026080933,-4.880830457696299,1.0,1.0175345292383937,73.23702429146233,85.25820061628804,85.25820061628804,0,2,80.0,0,0.0,0.10035002092787557,0.30061766130554035,0,0.020572425729967883,0.46875,804.6562296201278,0.0,42.212421606319474,0.5117851067321652,847.3804363331794,s0727,96,0.18662381999999994,0.13125367509954264,0.05537014490047213,0.0023070893708530054,0.0516968867391885,29.66938780937618,0.05537014490047238
7.0906282705848485,796.2043181760419,0.371921909781184,0.36670375688521356,0.2594017170667927,-4.830319137236837,1.0,1.0160866582348496,76.93414716078011,76.63765139239175,76.63765139239175,0,0,80.0,0,0.0,0.09169560700608119,0.2767972868704803,0,0.017617208451915688,0.5,804.6562296201278,0.0,39.262825979746175,0.46764759573101405,844.3867031956049,s0728,96,0.18662381999999994,0.13125367509954264,0.05537014490047213,0.0023070893708530054,0.0516968867391885,29.66938780937618,0.05537014490047238
7.077113383703956,794.6389394564808,0.37382251086005536,0.4449621270406078,0.2589957586069087,-4.800364097631106,1.0,1.0165527608808713,76.16768722096138,78.4874132299914,78.4874132299914,0,0,80.0,0,0.0,0.08497524630166978,0.27253244136672283,0,0.01844214986176068,0.53125,804.6562296201278,0.0,38.38249658515965,0.4333737561385158,843.4720999614259,s0729,96,0.18662381999999994,0.13125367509954264,0.05537014490047213,0.0023070893708530054,0.0516968867391885,29.66938780937618,0.05537014490047238
7.100311190132466,796.2134480990939,0.36198312091267215,0.39755086018719576,0.24131071228895992,-4.826652995984637,1.0,1.0169046050383688,74.5621511875705,80.80618363742346,80.80618363742346,0,1,80.0,0,0.0,0.10997602894144425,0.22371227181963643,0,0.015096505321660694,0.46875,804.6562296201278,0.0,31.154652996429395,0.5608777476013658,836.3717603641585,s0730,96,0.18662381999999994,0.13125367509954264,0.05537014490047213,0.0023070893708530054,0.0516968867391885,29.66938780937618,0.05537014490047238
7.058589848888885,792.9185162861716,0.377683874342058,0.4147180240290492,0.2508421624115655,-4.8648862354080125,1.0,1.0159081148378306,75.86009101714671,78.79292185724525,78.79292185724525,0,0,80.0,0,0.0,0.09459489367875656,0.25340156041827383,0,0.015216669565189845,0.6145833333333334,804.6562296201278,0.0,35.518551949896484,0.48243395776165815,840.657215527786,s0731,96,0.18662381999999994,0.13125367509954264,0.05537014490047213,0.0023070893708530054,0.0516968867391885,29.66938780937618,0.05537014490047238
7.178719642707249,805.0054697569728,0.39294760084317815,0.3635584470092834,0.25675533913076287,-4.861224920778504,1.0,1.015849677251944,74.60094358582083,76.22048907842222,76.22048907842222,0,0,80.0,0,0.0,0.08956115568301107,0.28202650791074296,0,0.016930680058489276,0.4791666666666667,804.6562296201278,0.0,39.63779117425762,0.45676189398335637,844.7507826883688,s0732,96,0.18662381999999994,0.13125367509954264,0.05537014490047213,0.0023070893708530054,0.0516968867391885,29.66938780937618,0.05537014490047238
7.0579361001113,791.9548745080708,0.3856423040507074,0.43983364675814884,0.24337645709839303,-4.859532693928042,1.0,1.0166932248234397,74.55314185110983,79.24154893145905,79.24154893145905,0,0,80.0,0,0.0,0.09185863269113255,0.2760850403551015,0,0.017101363235843457,0.5104166666666666,804.6562296201278,0.0,39.11905967892088,0.46847902672477587,844.2437683257734,s0733,96,0.18662381999999994,0.13125367509954264,0.05537014490047213,0.0023070893708530054,0.0516968867391885,29.66938780937618,0.05537014490047238
7.106366520986492,797.8967705667679,0.3920706537114292,0.4162401231573136,0.26433699596666316,-4.845274511334849,1.0,1.016396948033936,73.0838862835473,80.6851319008025,80.6851319008025,0,1,80.0,0,0.0,0.10891746145921738,0.26335956362802293,0,0.01758310599909647,0.4479166666666667,804.6562296201278,0.0,37.52550071029159,0.5554790534420089,842.7372093838613,s0734,96,0.18662381999999994,0.13125367509954264,0.05537014490047213,0.0023070893708530054,0.0516968867391885,29.66938780937618,0.05537014490047238
7.1004285984305175,796.855203585257,0.3837681529280696,0.3703265716870139,0.2936543940601847,-4.7541947063506145,1.0,1.0179912401456783,77.40845447830661,87.45569805046675,87.45569805046675,0,2,80.0,0,0.0,0.10042914700006411,0.2729304960228912,0,0.016634752717459157,0.4895833333333333,804.6562296201278,0.0,38.10035939504285,0.512188649700327,843.2687776648709,s0735,96,0.18662381999999994,0.13125367509954264,0.05537014490047213,0.0023070893708530054,0.0516968867391885,29.66938780937618,0.05537014490047238
7.069065646355517,794.7434866473358,0.37324882799905856,0.402445467613063,0.28484799660011084,-4.85391516654902,1.0,1.016922389575299,76.40659928240609,83.00811459169863,83.00811459169863,0,2,80.0,0,0.0,0.12683284771383005,0.283393641942709,0,0.018587990132883894,0.5416666666666666,804.6562296201278,0.0,39.3296710057163,0.6468475233405335,844.6327481491845,s0736,96,0.18662381999999994,0.13125367509954264,0.05537014490047213,0.0023070893708530054,0.0516968867391885,29.66938780937618,0.05537014490047238
7.137532267712828,801.2968060976528,0.3716468152492037,0.3827704687157216,0.25021971378707686,-4.774763452497093,1.0,1.0173080081258377,74.29385392391431,84.78546439399207,84.78546439399207,0,1,80.0,0,0.0,0.0940771423423243,0.2227605611541484,0,0.014575775227319721,0.5104166666666666,804.6562296201278,0.0,31.327079665529315,0.479793425945854,836.463102711603,s0737,96,0.18662381999999994,0.13125367509954264,0.05537014490047213,0.0023070893708530054,0.0516968867391885,29.66938780937618,0.05537014490047238
7.085738456579632,795.3349639088273,0.3653256980115879,0.3847209827503202,0.23652050577942174,-4.7896211847346,1.0,1.015484979899116,76.52585589308157,74.52751338778924,74.52751338778924,0,0,80.0,0,0.0,0.11125602817837597,0.21847853467715223,0,0.014912009627979866,0.5,804.6562296201278,0.0,30.45055528808793,0.5674057437097179,835.6741906519254,s0738,96,0.18662381999999994,0.13125367509954264,0.05537014490047213,0.0023070893708530054,0.0516968867391885,29.66938780937618,0.05537014490047238
7.161152297877447,802.9639752051328,0.3751179024914022,0.36146208507251576,0.2594592651603876,-4.729571159733418,1.0,1.0161556740237712,74.47578576189385,76.32708320761856,76.32708320761856,0,0,80.0,0,0.0,0.0963329836274656,0.24065654038868822,0,0.01486145867635521,0.46875,804.6562296201278,0.0,33.04519682958794,0.49129821650007455,838.1927246662158,s0739,96,0.18662381999999994,0.13125367509954264,0.05537014490047213,0.0023070893708530054,0.0516968867391885,29.66938780937618,0.05537014490047238
7.217020712478874,809.3914253375351,0.35935320499008755,0.30305589776609193,0.2386499256151083,-4.826385724064052,1.0,1.0167777383001266,72.36542417491286,79.74947146884267,79.74947146884267,0,0,80.0,0,0.0,0.10411163118901276,0.2501080251950888,0,0.019112418368948256,0.4166666666666667,804.6562296201278,0.0,34.916136071366225,0.5309693190639653,840.103335010558,s0740,96,0.18662381999999994,0.13125367509954264,0.05537014490047213,0.0023070893708530054,0.0516968867391885,29.66938780937618,0.05537014490047238
7.197242471792691,807.7108106598056,0.3627259212449648,0.3513261913450062,0.25392303072445754,-4.8374586342064125,1.0,1.0162688591833182,75.13974531791658,77.36176632584908,77.36176632584908,0,0,80.0,0,0.0,0.08356737121102176,0.2938426518483739,0,0.019233872862536236,0.4270833333333333,804.6562296201278,0.0,41.18649886674061,0.42619359317621136,846.2689220800446,s0741,96,0.18662381999999994,0.13125367509954264,0.05537014490047213,0.0023070893708530054,0.0516968867391885,29.66938780937618,0.05537014490047238
7.0711514644458955,793.9441448525927,0.3723665638189484,0.39705711655699694,0.2729363719319518,-4.838072898390663,1.0,1.016284010455212,78.22802366030366,78.4881846733955,78.4881846733955,0,0,80.0,0,0.0,0.10596075307610746,0.26892543843952516,0,0.017905225522281527,0.4791666666666667,804.6562296201278,0.0,37.317540042273045,0.540399840688148,842.514169503089,s0742,96,0.18662381999999994,0.13125367509954264,0.05537014490047213,0.0023070893708530054,0.0516968867391885,29.66938780937618,0.05537014490047238
7.1846737804242995,807.1979394113858,0.3967694747263064,0.36159185627426615,0.2762923972761341,-4.8682092852134815,1.0,1.0170936094737795,73.91893514788921,82.75446899046524,82.75446899046524,0,1,80.0,0,0.0,0.09819987210544162,0.27938855362256504,0,0.016957638640551057,0.4375,804.6562296201278,0.0,39.57273211595621,0.5008193477377522,844.7297810838218,s0743,96,0.18662381999999994,0.13125367509954264,0.05537014490047213,0.0023070893708530054,0.0516968867391885,29.66938780937618,0.05537014490047238
7.087422363094297,795.1071157164565,0.36191440695785126,0.4073570951937086,0.2628976284017791,-4.858828258080913,1.0,1.0165172565755844,74.12853130860127,79.02958542198516,79.02958542198516,0,0,80.0,0,0.0,0.11151372267727294,0.28070294807890595,0,0.02060047696466094,0.4375,804.6562296201278,0.0,39.3292124261886,0.5687199856540914,844.5541620319705,s0744,96,0.18662381999999994,0.13125367509954264,0.05537014490047213,0.0023070893708530054,0.0516968867391885,29.66938780937618,0.05537014490047238
7.139788540782316,801.2533937822393,0.3670998699873872,0.4021131890334717,0.2657340827289082,-4.838070215035278,1.0,1.0154558872892754,74.83251530628789,75.63287954035165,75.63287954035165,0,0,80.0,0,0.0,0.10582818448051472,0.28370902264156916,0,0.0183556666453719,0.4583333333333333,804.6562296201278,0.0,39.23443204247251,0.539723740850625,844.4303854034508,s0745,96,0.18662381999999994,0.13125367509954264,0.05537014490047213,0.0023070893708530054,0.0516968867391885,29.66938780937618,0.05537014490047238
7.089705071471185,796.2830213991889,0.37634483140715647,0.3893812936161588,0.2401755256725362,-4.8206363638571466,1.0,1.0161501952913103,77.44146279192826,77.08738959655392,77.08738959655392,0,0,80.0,0,0.0,0.1107231174135389,0.23992714885391797,0,0.016065235680546054,0.4895833333333333,804.6562296201278,0.0,33.99218719763482,0.5646878988090481,839.2131047165717,s0746,96,0.18662381999999994,0.13125367509954264,0.05537014490047213,0.0023070893708530054,0.0516968867391885,29.66938780937618,0.05537014490047238
7.08434529404412,796.1732579346287,0.35765191178504224,0.366573385825896,0.27359100612076337,-4.84861866317238,1.0,1.0184612875566912,76.09864566312956,90.85671153464375,90.85671153464375,0,1,80.0,0,0.0,0.11475170120835315,0.25808460569940583,0,0.015655929890377136,0.5520833333333334,804.6562296201278,0.0,36.326885511295764,0.585233676162601,841.5683488075862,s0747,96,0.18662381999999994,0.13125367509954264,0.05537014490047213,0.0023070893708530054,0.0516968867391885,29.66938780937618,0.05537014490047238
7.172161603024209,805.3323953256107,0.3733975598742363,0.3531952742295714,0.26300690669342647,-4.841166449232566,1.0,1.0159125409524956,74.76890524174631,76.81369349740018,76.81369349740018,0,0,80.0,0,0.0,0.10559924510259808,0.23155274873582166,0,0.01460202223165086,0.4270833333333333,804.6562296201278,0.0,32.29299894141326,0.5385561500232497,837.4877847115644,s0748,96,0.18662381999999994,0.13125367509954264,0.05537014490047213,0.0023070893708530054,0.0516968867391885,29.66938780937618,0.05537014490047238
7.099049004186017,797.1699430335805,0.36339197036173376,0.3980475361005053,0.21474103421196572,-4.912242088507033,1.0,1.0160264872388205,75.49372363849558,75.7458274304777,75.7458274304777,0,0,80.0,0,0.0,0.09402349806572807,0.20753638216449244,0,0.012494563169960853,0.6041666666666666,804.6562296201278,0.0,28.827057818088687,0.4795198401352134,833.9628072783516,s0749,96,0.18662381999999994,0.13125367509954264,0.05537014490047213,0.0023070893708530054,0.0516968867391885,29.66938780937618,0.05537014490047238
7.107601927443583,797.7897530841901,0.3674922351027004,0.38735797005552763,0.2345511237094079,-4.901709811174103,1.0,1.015667643538855,77.10544745514302,74.7972478164919,74.7972478164919,0,0,80.0,0,0.0,0.09250477230614075,0.2706797421965159,0,0.01678716867807491,0.4375,804.6562296201278,0.0,37.4978957539765,0.4717743387613178,842.6258997128656,s0750,96,0.18662381999999994,0.13125367509954264,0.05537014490047213,0.0023070893708530054,0.0516968867391885,29.66938780937618,0.05537014490047238
7.108184327748385,797.6981025125176,0.3660083222814375,0.39336914529697947,0.2253559746536457,-4.8363974593099375,1.0,1.016594234087999,78.36451963047288,80.6627493772873,80.6627493772873,0,1,80.0,0,0.0,0.08891687083383125,0.2585425421685163,0,0.016990398122756076,0.4479166666666667,804.6562296201278,0.0,36.157762225337386,0.4534760412525392,841.2674678867177,s0751,96,0.18662381999999994,0.13125367509954264,0.05537014490047213,0.0023070893708530054,0.0516968867391885,29.66938780937618,0.05537014490047238
7.17182525974016,804.9322851044702,0.37777213437446366,0.32268136454623486,0.29420303530591724,-4.843763775347271,1.0,1.0167800570526346,75.60513625719054,81.01452534481815,81.01452534481815,0,1,80.0,0,0.0,0.10937604324668733,0.3098763697517798,0,0.02089416493840372,0.5104166666666666,804.6562296201278,0.0,43.383431952896316,0.5578178205581054,848.5974793935821,s0752,96,0.18662381999999994,0.13125367509954264,0.05537014490047213,0.0023070893708530054,0.0516968867391885,29.66938780937618,0.05537014490047238
7.092972734107439,797.1383163048502,0.3606342377230257,0.372550202629624,0.2571837485577111,-4.7808476177999255,1.0,1.0166682313937685,76.38073413297045,80.68237540840019,80.68237540840019,0,1,80.0,0,0.0,0.09773614321828145,0.27915048107749935,0,0.016634492289827295,0.5,804.6562296201278,0.0,38.84608794642523,0.49845433041323545,844.0007718969662,s0753,96,0.18662381999999994,0.13125367509954264,0.05537014490047213,0.0023070893708530054,0.0516968867391885,29.66938780937618,0.05537014490047238
7.158215718555318,803.4519630979462,0.36952697108650157,0.3906382484975085,0.23130217059362446,-4.842138421803366,1.0,1.0166161503507427,76.39294480637265,79.54430423303191,79.54430423303191,0,0,80.0,0,0.0,0.09161389362618354,0.2437669328300542,0,0.0158042856478734,0.4375,804.6562296201278,0.0,34.529065131419145,0.46723085749353577,839.6525256090405,s0754,96,0.18662381999999994,0.13125367509954264,0.05537014490047213,0.0023070893708530054,0.0516968867391885,29.66938780937618,0.05537014490047238
7.159407406911942,803.53603338558,0.3668006492134443,0.3648959415825415,0.2400380071613155,-4.809551962931217,1.0,1.0161596652789935,75.63369594371974,76.5414991777494,76.5414991777494,0,0,80.0,0,0.0,0.09390380942531353,0.22668830423492844,0,0.015197108363522166,0.4895833333333333,804.6562296201278,0.0,32.24192818090326,0.4789094280690989,837.3770672291001,s0755,96,0.18662381999999994,0.13125367509954264,0.05537014490047213,0.0023070893708530054,0.0516968867391885,29.66938780937618,0.05537014490047238
7.157186728379096,804.0000885599263,0.3755376700002231,0.3447333883075958,0.2424193613539127,-4.874652247319111,1.0,1.0163429874793457,74.51448100198374,77.75016594657507,77.75016594657507,0,0,80.0,0,0.0,0.10126817069426933,0.2727379963179593,0,0.017404472515834803,0.5208333333333334,804.6562296201278,0.0,38.26051160123031,0.5164676705407734,843.4332088918989,s0756,96,0.18662381999999994,0.13125367509954264,0.05537014490047213,0.0023070893708530054,0.0516968867391885,29.66938780937618,0.05537014490047238
7.101862999657659,796.8391533728238,0.37424601391995105,0.3392317000400965,0.26032183634348927,-4.8477845879950205,1.0,1.01683444473272,77.10834812112597,80.76248453136891,80.76248453136891,0,1,80.0,0,0.0,0.08589722203457198,0.2727479850639449,0,0.016435167874211256,0.53125,804.6562296201278,0.0,38.4126164964323,0.43807583237631703,843.5069219489363,s0757,96,0.18662381999999994,0.13125367509954264,0.05537014490047213,0.0023070893708530054,0.0516968867391885,29.66938780937618,0.05537014490047238
7.191885870838598,808.0235553716111,0.3719493427995061,0.35591277203201,0.21924429995325956,-4.780706877807126,1.0,1.0155617099761478,75.78319283142804,73.03244639695995,73.03244639695995,0,0,80.0,0,0.0,0.09167008888514377,0.24674433416713565,0,0.016326461642299388,0.3645833333333333,804.6562296201278,0.0,34.43401490133006,0.4675174533142331,839.5577619747721,s0758,96,0.18662381999999994,0.13125367509954264,0.05537014490047213,0.0023070893708530054,0.0516968867391885,29.66938780937618,0.05537014490047238
7.119473400835172,799.2758301376523,0.3634741945354998,0.3914983516221674,0.21327488946771522,-4.787056384479797,1.0,1.016518613371111,72.76366432908215,79.85032418636621,79.85032418636621,0,0,80.0,0,0.0,0.08866769247618705,0.23023804109635415,0,0.013415676815429734,0.4791666666666667,804.6562296201278,0.0,32.11661334083141,0.45220523162855397,837.2250481925878,s0759,96,0.18662381999999994,0.13125367509954264,0.05537014490047213,0.0023070893708530054,0.0516968867391885,29.66938780937618,0.05537014490047238
7.122493242373672,799.4237066527753,0.360909370860289,0.36789051692884644,0.24031760244582356,-4.827789812625119,1.0,1.0166948396525188,77.4631995234179,80.0653447481863,80.0653447481863,0,1,80.0,0,0.0,0.08961171251761116,0.25441791114849754,0,0.01569875120143571,0.5416666666666666,804.6562296201278,0.0,35.09464630122862,0.4570197338398171,840.2078956551962,s0760,96,0.18662381999999994,0.13125367509954264,0.05537014490047213,0.0023070893708530054,0.0516968867391885,29.66938780937618,0.05537014490047238
7.116996310064792,800.2731057417468,0.3908070501148873,0.3598084551545941,0.24212387235812455,-4.826049573414483,1.0,1.0166025765610838,74.12581019280542,79.45077627814547,79.45077627814547,0,0,80.0,0,0.0,0.09998641296543484,0.26341652371907437,0,0.018170265795693363,0.5208333333333334,804.6562296201278,0.0,37.242149471436946,0.5099307061237175,842.4083097976884,s0761,96,0.18662381999999994,0.13125367509954264,0.05537014490047213,0.0023070893708530054,0.0516968867391885,29.66938780937618,0.05537014490047238
7.113008287679819,798.6781666758113,0.37850111858065205,0.4024950409076965,0.2874602240245153,-4.823532924261914,1.0,1.01607653919456,76.0628196464647,77.75936374933382,77.75936374933382,0,0,80.0,0,0.0,0.08842873957815581,0.29076611464463886,0,0.01707021044135679,0.4583333333333333,804.6562296201278,0.0,40.14794760053056,0.45098657184859453,845.2551637925069,s0762,96,0.18662381999999994,0.13125367509954264,0.05537014490047213,0.0023070893708530054,0.0516968867391885,29.66938780937618,0.05537014490047238
7.109448766335461,798.0227341749367,0.37133636888487415,0.38129964847523423,0.23783043789368935,-4.7952142189004325,1.0,1.0163493623489404,75.81828012102439,78.38529684077085,78.38529684077085,0,0,80.0,0,0.0,0.0899651838233255,0.249957714211242,0,0.016024550915381495,0.59375,804.6562296201278,0.0,34.871593365340374,0.45882243749895973,839.9866454229671,s0763,96,0.18662381999999994,0.13125367509954264,0.05537014490047213,0.0023070893708530054,0.0516968867391885,29.66938780937618,0.05537014490047238
7.205573779665731,809.1140812605788,0.38891675960998356,0.3321576049742295,0.2391075083313828,-4.794373072159111,1.0,1.0161578527881487,74.16275230884031,76.68888690586621,76.68888690586621,0,0,80.0,0,0.0,0.08721572951654549,0.25301710008510536,0,0.01636826248331216,0.4583333333333333,804.6562296201278,0.0,35.729272912478805,0.44480022053438206,840.8303027531409,s0764,96,0.18662381999999994,0.13125367509954264,0.05537014490047213,0.0023070893708530054,0.0516968867391885,29.66938780937618,0.05537014490047238
7.124096965974788,799.4658752379808,0.37319259977739777,0.37278830451155215,0.2880063012411943,-4.817542813783412,1.0,1.0166150082854402,76.48449735645502,80.42635745955003,80.42635745955003,0,1,80.0,0,0.0,0.11672411211759633,0.22338512791709658,1,0.015419929849444399,0.59375,804.6562296201278,0.0,31.084474037647542,0.595292971799741,836.335996629575,s0765,96,0.18662381999999994,0.13125367509954264,0.05537014490047213,0.0023070893708530054,0.0516968867391885,29.66938780937618,0.05537014490047238
7.093464626975756,796.9834745461715,0.3809493021297774,0.38495873347556353,0.22774709261488246,-4.797819396046169,1.0,1.016256283706747,74.99268114167874,80.4495329682939,80.4495329682939,0,1,80.0,0,0.0,0.10350398774222426,0.23727386797517835,0,0.015164891631419226,0.5833333333333334,804.6562296201278,0.0,33.58652402687375,0.5278703374853435,838.7706239844869,s0766,96,0.18662381999999994,0.13125367509954264,0.05537014490047213,0.0023070893708530054,0.0516968867391885,29.66938780937618,0.05537014490047238
7.150120721070583,802.6547062026929,0.39071352087377387,0.36950726452766985,0.2617938167125228,-4.762120819550124,1.0,1.016556744974563,77.09652997904423,79.20919294695533,79.20919294695533,0,0,80.0,0,0.0,0.09842717051168584,0.2699825467163621,0,0.01832754760411649,0.5416666666666666,804.6562296201278,0.0,38.1596784605724,0.5019785696095977,843.3178866503098,s0767,96,0.18662381999999994,0.13125367509954264,0.05537014490047213,0.0023070893708530054,0.0516968867391885,29.66938780937618,0.05537014490047238
7.13121800112807,800.8285068298529,0.36293581661114477,0.367731874580548,0.2533429839798297,-4.777443287632396,1.0,1.015910238308812,74.94434006688714,76.63545098554036,76.63545098554036,0,0,80.0,0,0.0,0.09137697517715165,0.2695043673811499,0,0.016670258160291884,0.5,804.6562296201278,0.0,38.375031408765956,0.46602257340347336,843.4972836022972,s0768,96,0.18662381999999994,0.13125367509954264,0.05537014490047213,0.0023070893708530054,0.0516968867391885,29.66938780937618,0.05537014490047238
7.048429576900428,791.6941984290743,0.36934436978776386,0.42654570793818475,0.2619256297450581,-4.801584587132145,1.0,1.0165908091601519,75.12401256989499,79.77390240771015,79.77390240771015,0,0,80.0,0,0.0,0.09834564110314184,0.2730073807037734,0,0.015529161999366626,0.5729166666666666,804.6562296201278,0.0,37.835396210396155,0.5015627696260232,842.99318860015,s0769,96,0.18662381999999994,0.13125367509954264,0.05537014490047213,0.0023070893708530054,0.0516968867391885,29.66938780937618,0.05537014490047238
7.071856962309317,793.8027667765716,0.37041147905932365,0.4148486620942511,0.23751583040125185,-4.811230413988149,1.0,1.0164955969167622,74.13023751404859,78.207657505072,78.207657505072,0,0,80.0,0,0.0,0.1021278821773443,0.24637137468561784,0,0.016039439712501363,0.5104166666666666,804.6562296201278,0.0,34.17197686592488,0.520852199104456,839.349058685157,s0770,96,0.18662381999999994,0.13125367509954264,0.05537014490047213,0.0023070893708530054,0.0516968867391885,29.66938780937618,0.05537014490047238
7.131184030017598,800.2775780461973,0.36375134387488955,0.35293902785742953,0.23281445181040955,-4.735835102705474,1.0,1.0165131346376501,73.7972950509065,79.04219100170131,79.04219100170131,0,0,80.0,0,0.0,0.10213687878339744,0.2680074200729978,0,0.017238395236149617,0.5729166666666666,804.6562296201278,0.0,37.66167289396635,0.5208980817953269,842.8388005958894,s0771,96,0.18662381999999994,0.13125367509954264,0.05537014490047213,0.0023070893708530054,0.0516968867391885,29.66938780937618,0.05537014490047238
7.07552457411353,794.1267809484086,0.385137577551825,0.4357129554704924,0.2240155124646693,-4.854375572885722,1.0,1.0158092453255487,76.87939234415249,75.59423675700239,75.59423675700239,0,0,80.0,0,0.0,0.09698015596575983,0.2709457329602823,0,0.018970944759338717,0.53125,804.6562296201278,0.0,37.901517795139675,0.4945987954253751,843.0523462106928,s0772,96,0.18662381999999994,0.13125367509954264,0.05537014490047213,0.0023070893708530054,0.0516968867391885,29.66938780937618,0.05537014490047238
7.105354285712001,797.330189362855,0.38487901507463834,0.3981035456933073,0.28020473244140837,-4.805349341747285,1.0,1.0160771897323446,75.75200708539414,78.38228882335078,78.38228882335078,0,0,80.0,0,0.0,0.1004741586927659,0.261576562134516,0,0.016475571831877305,0.4791666666666667,804.6562296201278,0.0,36.421742506771395,0.5124182093331059,841.5903903362322,s0773,96,0.18662381999999994,0.13125367509954264,0.05537014490047213,0.0023070893708530054,0.0516968867391885,29.66938780937618,0.05537014490047238
7.123189586095374,799.637122143337,0.3726716738213722,0.38017320946576494,0.2363270306636485,-4.785710697746716,1.0,1.0155584013907555,76.16003602639925,72.94616112105432,72.94616112105432,0,0,80.0,0,0.0,0.0983561146886975,0.25299924901683785,0,0.01546686317935098,0.40625,804.6562296201278,0.0,35.33396944891522,0.5016161849123572,840.4918152539553,s0774,96,0.18662381999999994,0.13125367509954264,0.05537014490047213,0.0023070893708530054,0.0516968867391885,29.66938780937618,0.05537014490047238
7.050512573730413,791.2996261193706,0.3608552167960322,0.4057158711731375,0.23554071653388836,-4.836757944356637,1.0,1.0157582844129742,75.46098788703942,74.48104945127312,74.48104945127312,0,0,80.0,0,0.0,0.0970461336197434,0.22720060245025614,0,0.013411453581995953,0.5729166666666666,804.6562296201278,0.0,31.525336299049755,0.4949352814606911,836.6765012006382,s0775,96,0.18662381999999994,0.13125367509954264,0.05537014490047213,0.0023070893708530054,0.0516968867391885,29.66938780937618,0.05537014490047238
7.121961303497239,799.4529901914846,0.3814813337489303,0.3273819691073511,0.2542730096104186,-4.901846205919299,1.0,1.016408091072572,77.95511197841192,77.69011880731364,77.69011880731364,0,0,80.0,0,0.0,0.08679411689151677,0.2858709983254919,0,0.017431515100475654,0.4895833333333333,804.6562296201278,0.0,39.735197314583985,0.44264999614673506,844.8340769308585,s0776,96,0.18662381999999994,0.13125367509954264,0.05537014490047213,0.0023070893708530054,0.0516968867391885,29.66938780937618,0.05537014490047238
7.132190154658343,800.4008091817191,0.368016005606744,0.36505793896213856,0.2816945165173663,-4.83736140193565,1.0,1.016578168430054,78.62083528834863,83.25287319526363,83.25287319526363,0,2,80.0,0,0.0,0.11932906677983353,0.2631878709917555,0,0.01643324519251317,0.5,804.6562296201278,0.0,36.64818645601053,0.6085782405771508,841.9129943167154,s0777,96,0.18662381999999994,0.13125367509954264,0.05537014490047213,0.0023070893708530054,0.0516968867391885,29.66938780937618,0.05537014490047238
7.110995925125453,797.8993102274947,0.37738047564984323,0.40864964197099335,0.2408957115180182,-4.879057830461778,1.0,1.0162638131596426,74.55251775636133,77.12274015526086,77.12274015526086,0,0,80.0,0,0.0,0.10614064425477109,0.25577074433344027,0,0.017145060708732583,0.4375,804.6562296201278,0.0,35.497419463957186,0.5413172856993329,840.6949663697842,s0778,96,0.18662381999999994,0.13125367509954264,0.05537014490047213,0.0023070893708530054,0.0516968867391885,29.66938780937618,0.05537014490047238
7.1128215043688385,798.8358782970126,0.3753568038509745,0.3773235958539015,0.2587905845010518,-4.870497509986348,1.0,1.0160329023031922,76.24844409805847,76.32848054211166,76.32848054211166,0,0,80.0,0,0.0,0.08665934270586417,0.2708305935194884,0,0.01768166550451548,0.4791666666666667,804.6562296201278,0.0,37.710796904555906,0.4419626477999076,842.8089891724835,s0779,96,0.18662381999999994,0.13125367509954264,0.05537014490047213,0.0023070893708530054,0.0516968867391885,29.66938780937618,0.05537014490047238
7.183664260163832,806.2701387413554,0.38876789670464235,0.36587273245117075,0.25572002713131464,-4.7714919463084104,1.0,1.0157238670596236,73.86170527256417,75.08409963716022,75.08409963716022,0,0,80.0,0,0.0,0.0934313351421315,0.27512333470508943,0,0.018828963775852553,0.4583333333333333,804.6562296201278,0.0,38.82391251100825,0.4764998092248706,843.9566419403609,s0780,96,0.18662381999999994,0.13125367509954264,0.05537014490047213,0.0023070893708530054,0.0516968867391885,29.66938780937618,0.05537014490047238
7.156364889410879,802.792778968063,0.3720601170244488,0.36627794776741346,0.22274155281367158,-4.804401270718986,1.0,1.0162468636843203,73.87540160948892,78.56902655453266,78.56902655453266,0,0,80.0,0,0.0,0.11587965396860272,0.23863568973070004,0,0.017706094076086462,0.5416666666666666,804.6562296201278,0.0,33.38479744210564,0.5909862352398736,838.6320132974732,s0781,96,0.18662381999999994,0.13125367509954264,0.05537014490047213,0.0023070893708530054,0.0516968867391885,29.66938780937618,0.05537014490047238
7.149659298195469,802.0241793193773,0.36937675124545055,0.3816058152048415,0.21278361855047895,-4.799016146199357,1.0,1.0154936156357246,72.72134185066702,73.21397671551752,73.21397671551752,0,0,80.0,0,0.0,0.08471346566681563,0.23892099351837823,0,0.01578897135821477,0.46875,804.6562296201278,0.0,33.08252418587394,0.4320386749007594,838.1707924809025,s0782,96,0.18662381999999994,0.13125367509954264,0.05537014490047213,0.0023070893708530054,0.0516968867391885,29.66938780937618,0.05537014490047238
7.155363402564648,802.822121956054,0.3658541862404826,0.3663010763439731,0.22932781442479216,-4.827796490606791,1.0,1.0163169335898428,75.01415002359822,78.0946049599964,78.0946049599964,0,0,80.0,0,0.0,0.08156949834097381,0.23834870801591912,0,0.01564852210470591,0.53125,804.6562296201278,0.0,33.032754406797636,0.4160044415389666,838.1049884684643,s0783,96,0.18662381999999994,0.13125367509954264,0.05537014490047213,0.0023070893708530054,0.0516968867391885,29.66938780937618,0.05537014490047238
7.1598119166680885,803.7314996917723,0.39877087050973814,0.35812532244563633,0.23867589839937323,-4.784550440710451,1.0,1.0160136297140236,75.80126432310752,75.57767585839764,75.57767585839764,0,0,80.0,0,0.0,0.09394737920351619,0.27207048226766495,0,0.017376430661692432,0.4791666666666667,804.6562296201278,0.0,38.17970580731169,0.4791316339379327,843.3150670613775,s0784,96,0.18662381999999994,0.13125367509954264,0.05537014490047213,0.0023070893708530054,0.0516968867391885,29.66938780937618,0.05537014490047238
7.109398896442389,798.181712926983,0.3846630552133404,0.3879595566725437,0.23781802356939813,-4.809005207629348,1.0,1.0173479631368607,72.62466938510006,84.56568332750875,84.56568332750875,0,1,80.0,0,0.0,0.10840055215951036,0.2327465965563349,0,0.015156012045990304,0.4583333333333333,804.6562296201278,0.0,32.52013442337301,0.5528428160135028,837.7292068595143,s0785,96,0.18662381999999994,0.13125367509954264,0.05537014490047213,0.0023070893708530054,0.0516968867391885,29.66938780937618,0.05537014490047238
7.07727635135657,795.2879867924707,0.36776888996754475,0.3758116326346673,0.2576098334069401,-4.847833835196216,1.0,1.0167906555014257,74.9784402617634,80.5560622815238,80.5560622815238,0,1,80.0,0,0.0,0.09869049695020456,0.264303364226557,0,0.015352359119357194,0.5208333333333334,804.6562296201278,0.0,37.28820455508805,0.5033215344460432,842.4477557096619,s0786,96,0.18662381999999994,0.13125367509954264,0.05537014490047213,0.0023070893708530054,0.0516968867391885,29.66938780937618,0.05537014490047238
7.103228206618924,798.3882314347941,0.369799790885038,0.36855167388257926,0.24079231334782158,-4.811017651833265,1.0,1.0165903438813466,78.50985924362188,79.82192351848116,79.82192351848116,0,0,80.0,0,0.0,0.09128294151341988,0.235441966867763,0,0.014862686127034714,0.5416666666666666,804.6562296201278,0.0,32.67092212375068,0.4655430017184416,837.7926947455968,s0787,96,0.18662381999999994,0.13125367509954264,0.05537014490047213,0.0023070893708530054,0.0516968867391885,29.66938780937618,0.05537014490047238
7.127895098938624,800.503135487751,0.37362778385615025,0.38089083681684793,0.26394857022082835,-4.76234592274469,1.0,1.0162215380864712,75.1395988693299,79.45736225168612,79.45736225168612,0,0,80.0,0,0.0,0.10141346977483365,0.2573634003529806,0,0.016227954667442573,0.5,804.6562296201278,0.0,36.54711382938174,0.5172086958516516,841.7205521453611,s0788,96,0.18662381999999994,0.13125367509954264,0.05537014490047213,0.0023070893708530054,0.0516968867391885,29.66938780937618,0.05537014490047238
7.093790723412284,796.1147762344449,0.3741743245462189,0.4030894732454535,0.275714168533305,-4.860108162305022,1.0,1.0159560046201157,75.67657504350613,76.00935336236627,76.00935336236627,0,0,80.0,0,0.0,0.08808772967607509,0.2766982832173225,0,0.016839033767484694,0.5416666666666666,804.6562296201278,0.0,38.45814045668535,0.4492474213479829,843.5636174981611,s0789,96,0.18662381999999994,0.13125367509954264,0.05537014490047213,0.0023070893708530054,0.0516968867391885,29.66938780937618,0.05537014490047238
7.090448854169659,796.4466009354239,0.3588032136077159,0.3706726420420688,0.24489219173208746,-4.850196815315901,1.0,1.0158273459701481,75.3090115285316,75.39075729825984,75.39075729825984,0,0,80.0,0,0.0,0.11220391042769262,0.23802915762342503,0,0.015285130606768803,0.5,804.6562296201278,0.0,32.76731075197516,0.5722399431812325,837.9957803152842,s0790,96,0.18662381999999994,0.13125367509954264,0.05537014490047213,0.0023070893708530054,0.0516968867391885,29.66938780937618,0.05537014490047238
7.125184642542434,799.13434311321,0.36429916833337844,0.3686023939888104,0.23099164642327122,-4.865752488416026,1.0,1.0162168073732676,75.6505134959099,77.96849888102672,77.96849888102672,0,0,80.0,0,0.0,0.10837048190309065,0.22504299896060403,0,0.01577468237815764,0.46875,804.6562296201278,0.0,31.196392790169035,0.5526894577057623,836.4053118680026,s0791,96,0.18662381999999994,0.13125367509954264,0.05537014490047213,0.0023070893708530054,0.0516968867391885,29.66938780937618,0.05537014490047238
7.071209598653205,793.7211707503343,0.38282714134898693,0.41668643556879403,0.21735815919933932,-4.78740168524191,1.0,1.0159395971425653,74.16850394533206,76.52879035522737,76.52879035522737,0,0,80.0,0,0.0,0.11315325013129299,0.2679209261859037,0,0.017400738187117275,0.5520833333333334,804.6562296201278,0.0,37.743592841878204,0.5770815756695943,842.9769040376756,s0792,96,0.18662381999999994,0.13125367509954264,0.05537014490047213,0.0023070893708530054,0.0516968867391885,29.66938780937618,0.05537014490047238
7.1020273419631135,797.8679087096687,0.3683127515423634,0.3961173617627659,0.2508805631651092,-4.859286739334259,1.0,1.0161395125786767,75.3130871230188,77.89244604638594,77.89244604638594,0,0,80.0,0,0.0,0.10608048155084705,0.250495908075403,0,0.017351268452576354,0.5416666666666666,804.6562296201278,0.0,35.2741878977306,0.5410104559093197,840.4714279737677,s0793,96,0.18662381999999994,0.13125367509954264,0.05537014490047213,0.0023070893708530054,0.0516968867391885,29.66938780937618,0.05537014490047238
7.146527151040152,802.542530603854,0.3779846178844499,0.3671110711103277,0.2663487446542552,-4.944549954928104,1.0,1.0161529657573412,74.5071786347591,77.07208600378067,77.07208600378067,0,0,80.0,0,0.0,0.10015021745877034,0.24569092857646752,0,0.01580526385899139,0.4895833333333333,804.6562296201278,0.0,34.115422273720895,0.5107661090397284,839.2824180028884,s0794,96,0.18662381999999994,0.13125367509954264,0.05537014490047213,0.0023070893708530054,0.0516968867391885,29.66938780937618,0.05537014490047238
7.138479810077108,800.4835552379438,0.36325484065658065,0.3877464352304798,0.2331981155780069,-4.883148611945296,1.0,1.0164736627270925,73.83658945276925,78.52085697316993,78.52085697316993,0,0,80.0,0,0.0,0.09888689810949981,0.22422411823846808,0,0.014237243221304579,0.5,804.6562296201278,0.0,31.297713385247576,0.5043231803584493,836.4582661857338,s0795,96,0.18662381999999994,0.13125367509954264,0.05537014490047213,0.0023070893708530054,0.0516968867391885,29.66938780937618,0.05537014490047238
7.087089004568839,795.0969330221126,0.3600504666096114,0.3622414215010893,0.2651913643652021,-4.812791291166737,1.0,1.0169159626494204,75.94286924090471,81.40938826359168,81.40938826359168,0,1,80.0,0,0.0,0.12201113768701152,0.2612123632161743,0,0.01717588233954756,0.53125,804.6562296201278,0.0,36.09033006767151,0.6222568022037588,841.368816490003,s0796,96,0.18662381999999994,0.13125367509954264,0.05537014490047213,0.0023070893708530054,0.0516968867391885,29.66938780937618,0.05537014490047238
7.163455702817591,803.6742538196002,0.3860600413391583,0.36120702720933273,0.22590976192973453,-4.844638684827468,1.0,1.0163606223896937,74.4979165074377,78.00297171712629,78.00297171712629,0,0,80.0,0,0.0,0.09236011971566098,0.24419536804289932,0,0.01633608032667729,0.5208333333333334,804.6562296201278,0.0,34.66716052470763,0.4710366105498713,839.7944267553852,s0797,96,0.18662381999999994,0.13125367509954264,0.05537014490047213,0.0023070893708530054,0.0516968867391885,29.66938780937618,0.05537014490047238
7.132718487763574,800.205670625613,0.3761944583999492,0.38924878237845206,0.271490220947488,-4.857727199915175,1.0,1.0167472653769505,77.38624743332275,81.08749004583618,81.08749004583618,0,1,80.0,0,0.0,0.09428839575325937,0.2649481210038859,0,0.016960104007120724,0.4270833333333333,804.6562296201278,0.0,37.27137480342375,0.4808708183416227,842.4084752418931,s0798,96,0.18662381999999994,0.13125367509954264,0.05537014490047213,0.0023070893708530054,0.0516968867391885,29.66938780937618,0.05537014490047238
7.146888179993841,802.461941162178,0.3834728024777116,0.3697042478079029,0.265098185903183,-4.892311456576544,1.0,1.0161869653818716,75.35873163786555,77.20981122134489,77.20981122134489,0,0,80.0,0,0.0,0.10258591547028006,0.26649786743843207,0,0.01658879068840715,0.5208333333333334,804.6562296201278,0.0,37.37174376906997,0.5231881688984282,842.5511615580962,s0799,96,0.18662381999999994,0.13125367509954264,0.05537014490047213,0.0023070893708530054,0.0516968867391885,29.66938780937618,0.05537014490047238
7.058432301873385,792.2321840810544,0.3726309550242502,0.4215836014187708,0.27295849478673007,-4.865295522887981,1.0,1.0163141677213925,77.43143868171016,78.78867817629576,78.78867817629576,0,0,80.0,0,0.0,0.09042616583490816,0.2769111481555355,0,0.01653111523549662,0.5729166666666666,804.6562296201278,0.0,39.073139078066994,0.4611734457580318,844.1905421439528,s0800,96,0.18662381999999994,0.13125367509954264,0.05537014490047213,0.0023070893708530054,0.0516968867391885,29.66938780937618,0.05537014490047238
7.164718979241459,803.803359191874,0.3801018846195813,0.3725896361176112,0.24222030332466649,-4.876882635340138,1.0,1.016616383227312,72.74000615996007,80.84122711771673,80.84122711771673,0,1,80.0,0,0.0,0.0975546311707507,0.21372696328983276,0,0.013993455412768353,0.4270833333333333,804.6562296201278,0.0,29.888721196866836,0.49752861897082873,835.0424794359654,s0801,96,0.18662381999999994,0.13125367509954264,0.05537014490047213,0.0023070893708530054,0.0516968867391885,29.66938780937618,0.05537014490047238
7.192426334548974,807.5783721008947,0.37303076707895577,0.35836399325414425,0.28169244914927716,-4.796291352159396,1.0,1.0168853733320193,74.81536072919411,80.4470694527049,80.4470694527049,0,1,80.0,0,0.0,0.11913491489867768,0.29386934641924356,0,0.020902963775118633,0.4479166666666667,804.6562296201278,0.0,41.11007542351674,0.607588065983256,846.3738931096277,s0802,96,0.18662381999999994,0.13125367509954264,0.05537014490047213,0.0023070893708530054,0.0516968867391885,29.66938780937618,0.05537014490047238
7.042167457918032,791.1156564727521,0.3825565421549215,0.418360641515338,0.26520172951481424,-4.860199033087326,1.0,1.017052749918198,77.25535389946545,82.21510718478781,82.21510718478781,0,1,80.0,0,0.0,0.09410766539417192,0.29430167999477475,0,0.016680350636361783,0.625,804.6562296201278,0.0,40.90822774729138,0.4799490935102768,846.0444064609294,s0803,96,0.18662381999999994,0.13125367509954264,0.05537014490047213,0.0023070893708530054,0.0516968867391885,29.66938780937618,0.05537014490047238
7.105517576086817,797.9085777150684,0.3819634488379189,0.3845779525137685,0.28640886779172997,-4.777386334050416,1.0,1.0165813402003785,75.8652324761641,79.69248077629722,79.69248077629722,0,0,80.0,0,0.0,0.10726893057425879,0.2892795770947255,0,0.01856452571630674,0.5,804.6562296201278,0.0,41.44741756537707,0.54707154592872,846.6507187314336,s0804,96,0.18662381999999994,0.13125367509954264,0.05537014490047213,0.0023070893708530054,0.0516968867391885,29.66938780937618,0.05537014490047238
7.108468076354806,798.3517876887665,0.39425313331801537,0.3924231077963116,0.23668168204046908,-4.845876270840775,1.0,1.0163500049765084,75.83295157467823,78.87657314051086,78.87657314051086,0,0,80.0,0,0.0,0.10030843637258559,0.283567601864719,0,0.018357916953437706,0.5,804.6562296201278,0.0,40.4637490329968,0.5115730255001868,845.6315516786248,s0805,96,0.18662381999999994,0.13125367509954264,0.05537014490047213,0.0023070893708530054,0.0516968867391885,29.66938780937618,0.05537014490047238
7.058413019352084,793.4142885094789,0.369724852249681,0.3995997205348452,0.21422061083417746,-4.845397370977894,1.0,1.0160736376018067,73.3952988175794,77.36214771013036,77.36214771013036,0,0,80.0,0,0.0,0.08378793497712282,0.27417852044313357,0,0.016861400940772393,0.59375,804.6562296201278,0.0,37.974081344547685,0.4273184683833264,843.0576294330588,s0806,96,0.18662381999999994,0.13125367509954264,0.05537014490047213,0.0023070893708530054,0.0516968867391885,29.66938780937618,0.05537014490047238
7.159708570034736,803.0315057762687,0.38285543974948655,0.38792265011989435,0.23392478483060336,-4.738400134651834,1.0,1.016718061362033,72.55495767361226,80.51612766098374,80.51612766098374,0,1,80.0,0,0.0,0.09791197181721856,0.2532507330340665,0,0.016288496222329415,0.46875,804.6562296201278,0.0,35.89952548055283,0.49935105626781456,841.0551061569485,s0807,96,0.18662381999999994,0.13125367509954264,0.05537014490047213,0.0023070893708530054,0.0516968867391885,29.66938780937618,0.05537014490047238
7.103720813757285,798.1863301080277,0.3729049176407994,0.3574517489985106,0.24756968145228325,-4.800724233215344,1.0,1.0169646182618757,76.12310718227262,82.24246608296077,82.24246608296077,0,1,80.0,0,0.0,0.09187837630444803,0.2590455537176955,0,0.01706556311082831,0.5208333333333334,804.6562296201278,0.0,36.62489383201669,0.46857971915268454,841.7497031712971,s0808,96,0.18662381999999994,0.13125367509954264,0.05537014490047213,0.0023070893708530054,0.0516968867391885,29.66938780937618,0.05537014490047238
7.121485776890822,799.0741018350052,0.37313222473511287,0.36249315324267917,0.22491520473541393,-4.85725134075569,1.0,1.0169560389428953,73.1719308734112,82.52909849993495,82.52909849993495,0,1,80.0,0,0.0,0.10507233479678785,0.2502262863186744,0,0.016647706816169675,0.53125,804.6562296201278,0.0,35.330801521777786,0.5358689074636177,840.5229000493691,s0809,96,0.18662381999999994,0.13125367509954264,0.05537014490047213,0.0023070893708530054,0.0516968867391885,29.66938780937618,0.05537014490047238
7.138876861108309,801.5006617311299,0.3680431206027493,0.36460605387222406,0.26264126536256144,-4.847582231371747,1.0,1.016327911379887,74.10453043100857,78.89276959352594,78.89276959352594,0,0,80.0,0,0.0,0.09852180623381407,0.2554532339968457,0,0.015316849382527045,0.5104166666666666,804.6562296201278,0.0,36.209829812675615,0.5024612117924517,841.3685206445958,s0810,96,0.18662381999999994,0.13125367509954264,0.05537014490047213,0.0023070893708530054,0.0516968867391885,29.66938780937618,0.05537014490047238
7.155114123993862,803.1023195127839,0.3907754645164288,0.3612961229855977,0.25347037818795004,-4.789134587324189,1.0,1.0161908103002917,76.04694625561682,77.93076893517693,77.93076893517693,0,0,80.0,0,0.0,0.10082139926320967,0.25752447512105014,0,0.01809193000335524,0.5520833333333334,804.6562296201278,0.0,36.6017965203538,0.5141891362423695,841.772215276724,s0811,96,0.18662381999999994,0.13125367509954264,0.05537014490047213,0.0023070893708530054,0.0516968867391885,29.66938780937618,0.05537014490047238
7.153855607876422,803.1499594954141,0.3744047108868039,0.3749915556590453,0.2597387060342579,-4.87570466813919,1.0,1.015416772462622,76.09843156181884,74.42659818489729,74.42659818489729,0,0,80.0,0,0.0,0.08436317906848158,0.2679213323682115,0,0.015214856918162838,0.5,804.6562296201278,0.0,37.24256532094738,0.4302522132492562,842.3290471543244,s0812,96,0.18662381999999994,0.13125367509954264,0.05537014490047213,0.0023070893708530054,0.0516968867391885,29.66938780937618,0.05537014490047238
7.143016632239399,802.1412760205568,0.37099566581300764,0.3590294141096494,0.2558593534964875,-4.853163664680269,1.0,1.0164503550150297,75.61067318466036,78.49135049078019,78.49135049078019,0,0,80.0,0,0.0,0.10636912758561198,0.25703084189591485,0,0.01758372070798747,0.5416666666666666,804.6562296201278,0.0,35.731462228444755,0.5424825506866208,840.9301743992592,s0813,96,0.18662381999999994,0.13125367509954264,0.05537014490047213,0.0023070893708530054,0.0516968867391885,29.66938780937618,0.05537014490047238
7.139011000170751,801.8769772852286,0.37650837229980183,0.3482926067100621,0.24296439879576015,-4.850829665651005,1.0,1.015750629789832,75.76539725136736,77.45702019601967,77.45702019601967,0,0,80.0,0,0.0,0.09370933689535332,0.2803632511743992,0,0.021215482840167832,0.46875,804.6562296201278,0.0,39.468085833406896,0.4779176181663019,844.602233071701,s0814,96,0.18662381999999994,0.13125367509954264,0.05537014490047213,0.0023070893708530054,0.0516968867391885,29.66938780937618,0.05537014490047238
7.118900293534113,799.985647401536,0.3817211884436867,0.3493350060182596,0.26309249956095765,-4.842261997410634,1.0,1.0172816481769922,75.70831968124037,83.22383795482531,83.22383795482531,0,1,80.0,0,0.0,0.09255490683775174,0.28650077958929243,0,0.01676751171269927,0.5729166666666666,804.6562296201278,0.0,40.095423517257245,0.47203002487253376,845.2236831622575,s0815,96,0.18662381999999994,0.13125367509954264,0.05537014490047213,0.0023070893708530054,0.0516968867391885,29.66938780937618,0.05537014490047238
7.142009392049129,802.4768364523999,0.38616110622792965,0.3615572312278672,0.2667974827268227,-4.883496622876473,1.0,1.0163462838427149,76.21898025824112,78.24452890918992,78.24452890918992,0,0,80.0,0,0.0,0.10358820656551897,0.27935034403576076,0,0.016270784304991286,0.4791666666666667,804.6562296201278,0.0,39.70149051321894,0.5282998534841468,844.8860199868308,s0816,96,0.18662381999999994,0.13125367509954264,0.05537014490047213,0.0023070893708530054,0.0516968867391885,29.66938780937618,0.05537014490047238
7.145957701483953,802.2087552120224,0.36579480736616665,0.3494552160168212,0.29901043379626857,-4.8038608279386485,1.0,1.016585534094793,75.7586938389753,79.3507975136315,79.3507975136315,0,0,80.0,0,0.0,0.08688131115363583,0.31676867529344954,0,0.019187153074001664,0.53125,804.6562296201278,0.0,44.36406320635986,0.4430946868835428,849.4633875133712,s0817,96,0.18662381999999994,0.13125367509954264,0.05537014490047213,0.0023070893708530054,0.0516968867391885,29.66938780937618,0.05537014490047238
7.159070009761189,803.6785241087384,0.3739457702884222,0.3609180434981816,0.2589511797821772,-4.860090296419066,1.0,1.0167371244424466,74.02696117901019,81.33808532549013,81.33808532549013,0,1,80.0,0,0.0,0.10357093904167632,0.25789763070981603,0,0.0168368425678798,0.4583333333333333,804.6562296201278,0.0,36.08899116947105,0.5282117891125493,841.2734325787113,s0818,96,0.18662381999999994,0.13125367509954264,0.05537014490047213,0.0023070893708530054,0.0516968867391885,29.66938780937618,0.05537014490047238
7.12460719792529,799.8904799090108,0.37623710906756075,0.36922972321175673,0.2630404930091539,-4.786459562996517,1.0,1.0159736104094486,74.6154051718584,75.8649077207874,75.8649077207874,0,0,80.0,0,0.0,0.09954713651903031,0.2685022784113959,0,0.016189836726416093,0.4479166666666667,804.6562296201278,0.0,37.32752443981392,0.5076903962470545,842.4914444561888,s0819,96,0.18662381999999994,0.13125367509954264,0.05537014490047213,0.0023070893708530054,0.0516968867391885,29.66938780937618,0.05537014490047238
7.2027953714865145,807.8995405106451,0.37068676531800254,0.3506177106148013,0.25095664274899016,-4.916847268801791,1.0,1.0167536887286084,72.81481349365882,80.32865575106848,80.32865575106848,0,1,80.0,0,0.0,0.09320137668942194,0.26089723519432984,0,0.01603732019583546,0.4479166666666667,804.6562296201278,0.0,36.18410561341913,0.475327021116052,841.3156622546629,s0820,96,0.18662381999999994,0.13125367509954264,0.05537014490047213,0.0023070893708530054,0.0516968867391885,29.66938780937618,0.05537014490047238
7.126547096009513,800.0699301571433,0.37484919578047343,0.4117041281753413,0.2173170556511987,-4.784307765729787,1.0,1.0156214500393341,74.46348018682676,74.51543373399696,74.51543373399696,0,0,80.0,0,0.0,0.08703408933560439,0.25204518678356425,0,0.015539897332289448,0.4166666666666667,804.6562296201278,0.0,35.84477489706337,0.4438738556115821,840.9448783728028,s0821,96,0.18662381999999994,0.13125367509954264,0.05537014490047213,0.0023070893708530054,0.0516968867391885,29.66938780937618,0.05537014490047238
7.1112757825463175,798.5966890860182,0.37546796705573593,0.39578611455811114,0.2575069260468089,-4.815444255100207,1.0,1.0159243629731092,76.79369743337348,75.14924095394565,75.14924095394565,0,0,80.0,0,0.0,0.09442223489082896,0.2308210757078018,0,0.013955613527011032,0.5208333333333334,804.6562296201278,0.0,32.33850242251767,0.48155339794322766,837.4762854405886,s0822,96,0.18662381999999994,0.13125367509954264,0.05537014490047213,0.0023070893708530054,0.0516968867391885,29.66938780937618,0.05537014490047238
7.195652255207527,807.6771509519265,0.36305957001442696,0.3507530329169461,0.2621020787862779,-4.798435430252574,1.0,1.0157289493218236,76.0347471041723,75.73682980855976,75.73682980855976,0,0,80.0,0,0.0,0.10356295272036486,0.28322778524061304,0,0.01786899675184897,0.4270833333333333,804.6562296201278,0.0,39.42313024598351,0.5281710588738606,844.6075309249852,s0823,96,0.18662381999999994,0.13125367509954264,0.05537014490047213,0.0023070893708530054,0.0516968867391885,29.66938780937618,0.05537014490047238
7.148557894543805,802.6537018844706,0.3794637016742552,0.3647166234052467,0.22941240052346287,-4.731114663733283,1.0,1.0170197625838755,76.07742874810157,81.97999916410602,81.97999916410602,0,1,80.0,0,0.0,0.08966782995652638,0.26311677425263535,0,0.01716234385418835,0.5,804.6562296201278,0.0,37.20665248494549,0.4573059327782846,842.3201880378515,s0824,96,0.18662381999999994,0.13125367509954264,0.05537014490047213,0.0023070893708530054,0.0516968867391885,29.66938780937618,0.05537014490047238
6.993223269586463,785.9343301075312,0.3716532169083701,0.39645376828552403,0.2794294127319533,-4.879145770164732,1.0,1.0157277785026606,76.30227291865191,76.03283939448893,76.03283939448893,0,0,80.0,0,0.0,0.1012418889085743,0.3057077349638369,0,0.0178807813838616,0.5833333333333334,804.6562296201278,0.0,43.36572277021154,0.5163336334337288,848.538286023773,s0825,96,0.18662381999999994,0.13125367509954264,0.05537014490047213,0.0023070893708530054,0.0516968867391885,29.66938780937618,0.05537014490047238
7.099767233988835,797.5902201448264,0.38917536344933124,0.37530544312624115,0.2641731285933067,-4.795642479973808,1.0,1.0160916613417736,79.2989826421698,76.68379868229708,76.68379868229708,0,0,80.0,0,0.0,0.10126579210414946,0.2484603097237993,0,0.015401538980238204,0.4791666666666667,804.6562296201278,0.0,35.22906163337737,0.5164555397311621,840.4017467932363,s0826,96,0.18662381999999994,0.13125367509954264,0.05537014490047213,0.0023070893708530054,0.0516968867391885,29.66938780937618,0.05537014490047238
7.1177598701856395,799.1486213623659,0.3832302915279338,0.37470511687288066,0.23338088431202222,-4.834130530688086,1.0,1.0167197571966147,78.91745302560942,83.72400676895954,83.72400676895954,0,2,80.0,0,0.0,0.07766138267888799,0.24615760085367994,0,0.015367975558149257,0.5208333333333334,804.6562296201278,0.0,34.75590141705321,0.3960730516623287,839.8082040888434,s0827,96,0.18662381999999994,0.13125367509954264,0.05537014490047213,0.0023070893708530054,0.0516968867391885,29.66938780937618,0.05537014490047238
7.125074104176344,799.9601139348717,0.37626007501444236,0.3805827183215703,0.2708107798455759,-4.878556876262711,1.0,1.016109266005197,74.98248407408303,76.78124049844662,76.78124049844662,0,0,80.0,0,0.0,0.09225530244880445,0.28185072303615905,0,0.016980579194990627,0.4375,804.6562296201278,0.0,40.019062374571895,0.47050204248890287,845.1457940371886,s0828,96,0.18662381999999994,0.13125367509954264,0.05537014490047213,0.0023070893708530054,0.0516968867391885,29.66938780937618,0.05537014490047238
7.137312007320985,801.1337985294938,0.3739891355758837,0.3556748225228037,0.24542162492104064,-4.86398751757333,1.0,1.0163168688787934,77.8514480545471,78.09922048568335,78.09922048568335,0,0,80.0,0,0.0,0.09252571139771444,0.23512315534810896,0,0.014429391036703739,0.5,804.6562296201278,0.0,33.11089459475889,0.47188112812834404,838.2390053430149,s0829,96,0.18662381999999994,0.13125367509954264,0.05537014490047213,0.0023070893708530054,0.0516968867391885,29.66938780937618,0.05537014490047238
7.19006376001011,806.8174444319918,0.3712073898533922,0.3397189329549136,0.24035938763837306,-4.83842929368667,1.0,1.0169189284898592,76.36272017372572,81.46164182835254,81.46164182835254,0,2,80.0,0,0.0,0.10629174601409884,0.23527148400695996,0,0.016348731820489886,0.4375,804.6562296201278,0.0,33.05123472917405,0.5420879046719044,838.2495522539738,s0830,96,0.18662381999999994,0.13125367509954264,0.05537014490047213,0.0023070893708530054,0.0516968867391885,29.66938780937618,0.05537014490047238
7.205197236157394,808.6002424265552,0.3784696860011988,0.34623277248214274,0.2531149281035112,-4.850176966216159,1.0,1.015807567936274,74.51478482518252,75.6468152232204,75.6468152232204,0,0,80.0,0,0.0,0.09029694719533783,0.24818241362484544,0,0.016304647770693886,0.4375,804.6562296201278,0.0,35.14059424654367,0.460514430696223,840.2573382973676,s0831,96,0.18662381999999994,0.13125367509954264,0.05537014490047213,0.0023070893708530054,0.0516968867391885,29.66938780937618,0.05537014490047238
7.124136969050516,799.8882520210519,0.3880883987188331,0.3934287842349509,0.2819310458047136,-4.828380567692203,1.0,1.0154418626984913,77.56920430746939,73.27204882946724,73.27204882946724,0,0,80.0,0,0.0,0.11531429758135105,0.27512578105548746,0,0.017572885838539668,0.40625,804.6562296201278,0.0,38.662118897404014,0.5881029176648903,843.9064514351967,s0832,96,0.18662381999999994,0.13125367509954264,0.05537014490047213,0.0023070893708530054,0.0516968867391885,29.66938780937618,0.05537014490047238
7.130671360759083,800.932859250587,0.37457101828968964,0.3697915486481732,0.22852924666332852,-4.803368221324917,1.0,1.0161031387162207,77.32213332317278,76.41661344801241,76.41661344801241,0,0,80.0,0,0.0,0.09051250020664257,0.23303296642399002,0,0.015286434474644926,0.4791666666666667,804.6562296201278,0.0,32.56252411253133,0.4616137510538773,837.680367483713,s0833,96,0.18662381999999994,0.13125367509954264,0.05537014490047213,0.0023070893708530054,0.0516968867391885,29.66938780937618,0.05537014490047238
7.090237298175797,795.7632547969308,0.37176523595220057,0.38953931203054826,0.26476251535140816,-4.897954090528784,1.0,1.0166980076257515,76.27625975661073,80.22010521576335,80.22010521576335,0,1,80.0,0,0.0,0.09552879165673543,0.2963499542293417,0,0.01907623771758081,0.5208333333333334,804.6562296201278,0.0,41.746580931029754,0.4871968374493506,846.8900073886068,s0834,96,0.18662381999999994,0.13125367509954264,0.05537014490047213,0.0023070893708530054,0.0516968867391885,29.66938780937618,0.05537014490047238
7.139371373476576,800.7371418252444,0.3834914107170043,0.39170701463390456,0.2614336471136446,-4.787793430909333,1.0,1.0162181616089425,75.26264254570341,78.29343807605682,78.29343807605682,0,0,80.0,0,0.0,0.11101169639008499,0.2402666390659614,0,0.01634650687659782,0.5625,804.6562296201278,0.0,33.437766609335526,0.5661596515894334,838.6601558810528,s0835,96,0.18662381999999994,0.13125367509954264,0.05537014490047213,0.0023070893708530054,0.0516968867391885,29.66938780937618,0.05537014490047238
7.132604661326905,801.2211586988078,0.3859647018158371,0.34208220572422104,0.23231213107108514,-4.898217730946115,1.0,1.0164662036311032,76.61101858958904,78.64252621146093,78.64252621146093,0,0,80.0,0,0.0,0.09686540558050212,0.27471378437029503,0,0.018011164597020738,0.5104166666666666,804.6562296201278,0.0,37.91718450135292,0.49401356846056066,843.0674276899413,s0836,96,0.18662381999999994,0.13125367509954264,0.05537014490047213,0.0023070893708530054,0.0516968867391885,29.66938780937618,0.05537014490047238
7.151338951938363,802.48003353406,0.3726216850462935,0.3724246852577656,0.24964455500100258,-4.875615907451498,1.0,1.0158392274621282,75.41780675841663,75.51042883702925,75.51042883702925,0,0,80.0,0,0.0,0.10364058095816492,0.26901388745057697,0,0.015984487995119166,0.46875,804.6562296201278,0.0,37.883801929386,0.5285669628866411,843.0685985124004,s0837,96,0.18662381999999994,0.13125367509954264,0.05537014490047213,0.0023070893708530054,0.0516968867391885,29.66938780937618,0.05537014490047238
7.086924045219211,795.5282837844703,0.3759056542176878,0.3967525079274212,0.23808605365594687,-4.911423272631172,1.0,1.0170088669592636,75.6278963696042,82.38240532519853,82.38240532519853,0,1,80.0,0,0.0,0.09390379216686685,0.24219036836849822,0,0.014786089989117275,0.5416666666666666,804.6562296201278,0.0,34.295262958415435,0.4789093400510209,839.4304019185942,s0838,96,0.18662381999999994,0.13125367509954264,0.05537014490047213,0.0023070893708530054,0.0516968867391885,29.66938780937618,0.05537014490047238
7.133434247390531,800.8050427442488,0.37492429721175247,0.3606434818708948,0.27785610924675797,-4.799298207102498,1.0,1.017021926841918,75.65963157549157,83.06700610731652,83.06700610731652,0,2,80.0,0,0.0,0.10407220057023735,0.28163001197403137,0,0.017287738068321894,0.46875,804.6562296201278,0.0,39.37504702481759,0.5307682229082101,844.5620448678536,s0839,96,0.18662381999999994,0.13125367509954264,0.05537014490047213,0.0023070893708530054,0.0516968867391885,29.66938780937618,0.05537014490047238
7.082488500483233,795.2741371485051,0.37551088579246816,0.4307325220267987,0.2669274117869143,-4.8541099473670295,1.0,1.017388548105408,75.80859257985901,84.76532396023254,84.76532396023254,0,1,80.0,0,0.0,0.12351208469137265,0.2856640607015448,0,0.01886276541655979,0.5104166666666666,804.6562296201278,0.0,39.61119073995878,0.6299116319260009,844.8973319920126,s0840,96,0.18662381999999994,0.13125367509954264,0.05537014490047213,0.0023070893708530054,0.0516968867391885,29.66938780937618,0.05537014490047238
7.1620185582912095,803.3485909920062,0.361318071108368,0.37812168572554994,0.2666336564947433,-4.8175146950653405,1.0,1.0161381515517274,78.2686491946188,77.42584365286123,77.42584365286123,0,0,80.0,0,0.0,0.10407955083714386,0.2476124267270893,0,0.015588366102526556,0.46875,804.6562296201278,0.0,34.20830070344661,0.5308057092694336,839.3953360328438,s0841,96,0.18662381999999994,0.13125367509954264,0.05537014490047213,0.0023070893708530054,0.0516968867391885,29.66938780937618,0.05537014490047238
7.160939963451134,803.7630643826493,0.38011579303801907,0.32563872563717666,0.23425539347616553,-4.848988783839796,1.0,1.0156616053480643,75.34599008852875,75.01367745002571,75.01367745002571,0,0,80.0,0,0.0,0.10674935668079706,0.26653933871045643,0,0.016242641931276693,0.46875,804.6562296201278,0.0,37.08220663388848,0.544421719072065,842.2828579730883,s0842,96,0.18662381999999994,0.13125367509954264,0.05537014490047213,0.0023070893708530054,0.0516968867391885,29.66938780937618,0.05537014490047238
7.1223939887981516,800.006777480816,0.37280850085398504,0.3760868530160916,0.2727013184334588,-4.871418204219417,1.0,1.0169743505339068,75.66261752186921,82.64232236791467,82.64232236791467,0,1,80.0,0,0.0,0.09898935657719998,0.2501583829299694,0,0.01504653650354636,0.5,804.6562296201278,0.0,34.75020140678386,0.5048457185437197,839.9112767454553,s0843,96,0.18662381999999994,0.13125367509954264,0.05537014490047213,0.0023070893708530054,0.0516968867391885,29.66938780937618,0.05537014490047238
7.184504345628211,806.4169485781416,0.3746596964112274,0.3455934046293858,0.28391216186236323,-4.75791558637427,1.0,1.016532656132507,76.18088684815626,79.10505155498214,79.10505155498214,0,0,80.0,0,0.0,0.09493831096230979,0.2752735499804657,0,0.017314054642025095,0.4895833333333333,804.6562296201278,0.0,38.774539632492385,0.48418538590778004,843.914954638528,s0844,96,0.18662381999999994,0.13125367509954264,0.05537014490047213,0.0023070893708530054,0.0516968867391885,29.66938780937618,0.05537014490047238
7.1057021689587625,797.6057353169538,0.3574893532172838,0.3646478430895954,0.2341727824248691,-4.759299431851571,1.0,1.0168439888554333,74.1480626010602,81.03629804240062,81.03629804240062,0,1,80.0,0,0.0,0.10321872485467756,0.22640564589212747,0,0.014320673515206772,0.5625,804.6562296201278,0.0,32.1824933190008,0.5264154967588557,837.3651384358874,s0845,96,0.18662381999999994,0.13125367509954264,0.05537014490047213,0.0023070893708530054,0.0516968867391885,29.66938780937618,0.05537014490047238
7.047084335272461,790.8780103197379,0.377272418012283,0.42978665923658954,0.24826468168777524,-4.806697856409474,1.0,1.0165074915839494,74.92223548298958,78.33198685197007,78.33198685197007,0,0,80.0,0,0.0,0.09793169227269294,0.29102759935107353,0,0.019750813296394557,0.5520833333333334,804.6562296201278,0.0,40.9629095201549,0.4994516305907338,846.1185907708734,s0846,96,0.18662381999999994,0.13125367509954264,0.05537014490047213,0.0023070893708530054,0.0516968867391885,29.66938780937618,0.05537014490047238
7.121650713645376,799.2526606662707,0.3598713585441391,0.36913056286420143,0.255911033100246,-4.837789118914723,1.0,1.0160853712171325,75.51932377852538,76.72329211148838,76.72329211148838,0,0,80.0,0,0.0,0.0915302801327105,0.2616532429132298,0,0.01619330903167292,0.46875,804.6562296201278,0.0,36.911435944019644,0.4668044286768235,842.0344699928243,s0847,96,0.18662381999999994,0.13125367509954264,0.05537014490047213,0.0023070893708530054,0.0516968867391885,29.66938780937618,0.05537014490047238
7.154138098432772,802.7981138049929,0.38051702805600846,0.35529086401882165,0.26481585179685796,-4.882054442704789,1.0,1.0165678176039763,75.36236682380604,79.34236867519874,79.34236867519874,0,0,80.0,0,0.0,0.0996735311211189,0.26465508255075465,0,0.018002395983475267,0.46875,804.6562296201278,0.0,37.601448859274676,0.5083350087177063,842.7660134881202,s0848,96,0.18662381999999994,0.13125367509954264,0.05537014490047213,0.0023070893708530054,0.0516968867391885,29.66938780937618,0.05537014490047238
7.182964165854813,806.2137662700993,0.38185814974044835,0.3718285335759881,0.21722241677142204,-4.892325150151595,1.0,1.0164534659437396,73.84821462386934,77.70965282115493,77.70965282115493,0,0,80.0,0,0.0,0.0808288575456336,0.2186473095731061,0,0.013343797184996582,0.4166666666666667,804.6562296201278,0.0,31.192167075343185,0.4122271734827314,836.2606238689536,s0849,96,0.18662381999999994,0.13125367509954264,0.05537014490047213,0.0023070893708530054,0.0516968867391885,29.66938780937618,0.05537014490047238
7.140221314564254,801.4095256002481,0.3672493100845812,0.35701482185932,0.23708194999774992,-4.724306816917576,1.0,1.0151047643943494,75.00907758785823,72.9743043368292,72.9743043368292,0,0,80.0,0,0.0,0.09784530821079669,0.2567242215481045,0,0.015270726389925424,0.4375,804.6562296201278,0.0,36.38304971819325,0.49901107187506333,841.538290410196,s0850,96,0.18662381999999994,0.13125367509954264,0.05537014490047213,0.0023070893708530054,0.0516968867391885,29.66938780937618,0.05537014490047238
7.129989946568509,800.5566206278745,0.3670107954398464,0.3451746112309092,0.2544753977766505,-4.7764386012472135,1.0,1.0158507958412069,74.43020344348555,76.50763014118104,76.50763014118104,0,0,80.0,0,0.0,0.09487194967400413,0.2824743756525643,0,0.018911596314020774,0.5208333333333334,804.6562296201278,0.0,40.12561181077722,0.48384694333742084,845.2656883742424,s0851,96,0.18662381999999994,0.13125367509954264,0.05537014490047213,0.0023070893708530054,0.0516968867391885,29.66938780937618,0.05537014490047238
7.14522584567761,801.4619824725598,0.3684942761377659,0.35125483641002625,0.24357433045022017,-4.824243215039433,1.0,1.0169744636036346,73.74737516663522,81.60867440656588,81.60867440656588,0,1,80.0,0,0.0,0.10360856366961352,0.250360656624787,0,0.016919628876858456,0.4270833333333333,804.6562296201278,0.0,34.997482692652746,0.528403674715029,840.1821159874955,s0852,96,0.18662381999999994,0.13125367509954264,0.05537014490047213,0.0023070893708530054,0.0516968867391885,29.66938780937618,0.05537014490047238
7.148711011792024,802.3534353114752,0.3838863218824692,0.3503218092825224,0.21772287734693274,-4.8058031543511905,1.0,1.0166162336914957,76.08030761122559,79.16502129806524,79.16502129806524,0,0,80.0,0,0.0,0.09145943920579519,0.25367155414763787,0,0.017193172358243396,0.4791666666666667,804.6562296201278,0.0,36.32574166044027,0.4664431399495556,841.4484144205176,s0853,96,0.18662381999999994,0.13125367509954264,0.05537014490047213,0.0023070893708530054,0.0516968867391885,29.66938780937618,0.05537014490047238
7.196440784274753,807.6201742337203,0.36420086670259927,0.34048601685266755,0.2427381926895784,-4.840458923074959,1.0,1.017113278606298,73.71381302601638,82.727129151153,82.727129151153,0,2,80.0,0,0.0,0.10446971393007254,0.25098500746206764,0,0.016447199496040774,0.4270833333333333,804.6562296201278,0.0,35.2547775593347,0.5327955410433698,840.4438027205058,s0854,96,0.18662381999999994,0.13125367509954264,0.05537014490047213,0.0023070893708530054,0.0516968867391885,29.66938780937618,0.05537014490047238
7.069127973044936,793.8061268387542,0.36928852560338676,0.3954679677526231,0.22819832229741266,-4.886408703126427,1.0,1.0165437739610956,73.1267922154959,79.11561808839441,79.11561808839441,0,0,80.0,0,0.0,0.09709567196253745,0.24284970213652365,0,0.015465466850912905,0.59375,804.6562296201278,0.0,33.86916375968578,0.4951879270089411,839.0205813068225,s0855,96,0.18662381999999994,0.13125367509954264,0.05537014490047213,0.0023070893708530054,0.0516968867391885,29.66938780937618,0.05537014490047238
7.137824611891492,801.2454832845308,0.3665752257399152,0.3849777652187536,0.2627529901148271,-4.8563572194647815,1.0,1.0162786661845906,74.84653137385541,77.20110292275115,77.20110292275115,0,0,80.0,0,0.0,0.10354712038919646,0.27187680852218155,0,0.01857957481153655,0.4895833333333333,804.6562296201278,0.0,37.94908735679354,0.5280903139849021,843.1334072909062,s0856,96,0.18662381999999994,0.13125367509954264,0.05537014490047213,0.0023070893708530054,0.0516968867391885,29.66938780937618,0.05537014490047238
7.140246355241612,800.8020123012025,0.3850083392690971,0.353407776333382,0.2758279271364135,-4.898869781973344,1.0,1.0162655014338788,75.97433180769218,78.34874144039892,78.34874144039892,0,0,80.0,0,0.0,0.1055937130087803,0.25379413199671064,0,0.016010969927707192,0.46875,804.6562296201278,0.0,35.85852647918047,0.5385279363447797,841.053284035653,s0857,96,0.18662381999999994,0.13125367509954264,0.05537014490047213,0.0023070893708530054,0.0516968867391885,29.66938780937618,0.05537014490047238
7.150354270452876,802.3611551111476,0.37272472966674863,0.38116496119678867,0.22859475248625155,-4.864268520591647,1.0,1.0172907088405299,73.96665949880811,84.12598725807877,84.12598725807877,0,1,80.0,0,0.0,0.10118104020024735,0.22184619081997636,0,0.014833090241660981,0.4791666666666667,804.6562296201278,0.0,31.238666137490583,0.5160233050212611,836.4109190626396,s0858,96,0.18662381999999994,0.13125367509954264,0.05537014490047213,0.0023070893708530054,0.0516968867391885,29.66938780937618,0.05537014490047238
7.113143188454205,798.6210969585345,0.3789341421302046,0.37229842989927553,0.24947389140209836,-4.819258857214394,1.0,1.0173132469644761,76.28029499827437,84.12396445495351,84.12396445495351,0,1,80.0,0,0.0,0.11245728787663901,0.24238387678895162,0,0.015697118420970504,0.5104166666666666,804.6562296201278,0.0,33.58494125370197,0.5735321681708588,838.8147030420007,s0859,96,0.18662381999999994,0.13125367509954264,0.05537014490047213,0.0023070893708530054,0.0516968867391885,29.66938780937618,0.05537014490047238
7.1329766534861445,800.2577399702848,0.3773614559571076,0.3658283610867272,0.24579479907600685,-4.754738303625982,1.0,1.0158901342206585,76.12853540965212,75.87495347966204,75.87495347966204,0,0,80.0,0,0.0,0.09027787856490338,0.2767897011396351,0,0.016525913086208432,0.4895833333333333,804.6562296201278,0.0,38.24935178097785,0.4604171806810069,843.3659985817866,s0860,96,0.18662381999999994,0.13125367509954264,0.05537014490047213,0.0023070893708530054,0.0516968867391885,29.66938780937618,0.05537014490047238
7.135356466976473,801.2273074579496,0.38586556957041285,0.3538865107363121,0.22656789629084803,-5.001301227922346,1.0,1.017071319232821,76.75151528839072,82.32791975046412,82.32791975046412,0,1,80.0,0,0.0,0.07801976471062377,0.2664301021323072,0,0.017573687286888726,0.4166666666666667,804.6562296201278,0.0,37.70438496777011,0.39790080002418116,842.7585153879221,s0861,96,0.18662381999999994,0.13125367509954264,0.05537014490047213,0.0023070893708530054,0.0516968867391885,29.66938780937618,0.05537014490047238
7.119352070472372,799.316174095802,0.37107189919824934,0.3877614447342228,0.25791249524345505,-4.8623562967143235,1.0,1.0163118078391291,73.87394166522282,77.49710395708323,77.49710395708323,0,0,80.0,0,0.0,0.10294375767834206,0.2728692167364244,0,0.017257563980816456,0.5104166666666666,804.6562296201278,0.0,37.50918273962926,0.5250131641595448,842.6904255239166,s0862,96,0.18662381999999994,0.13125367509954264,0.05537014490047213,0.0023070893708530054,0.0516968867391885,29.66938780937618,0.05537014490047238
7.1334195011314385,801.0254158090105,0.3867594476970066,0.37088134275667384,0.2951363437347907,-4.82326648838718,1.0,1.016873668635744,74.77365694502998,81.95114237900918,81.95114237900918,0,1,80.0,0,0.0,0.10460270481798523,0.2884709674181341,0,0.017315808213730646,0.4583333333333333,804.6562296201278,0.0,40.81603717201268,0.5334737945717242,846.0057405867121,s0863,96,0.18662381999999994,0.13125367509954264,0.05537014490047213,0.0023070893708530054,0.0516968867391885,29.66938780937618,0.05537014490047238
7.13948103652247,800.4009932720955,0.37020385354720303,0.344500011087123,0.24968043201426607,-4.753479661763309,1.0,1.0166414576203957,74.38559611223778,80.86879061351354,80.86879061351354,0,1,80.0,0,0.0,0.08837426639087784,0.23178150101270303,0,0.013932367108308327,0.4895833333333333,804.6562296201278,0.0,32.13170306994146,0.45070875859347687,837.2386414486626,s0864,96,0.18662381999999994,0.13125367509954264,0.05537014490047213,0.0023070893708530054,0.0516968867391885,29.66938780937618,0.05537014490047238
7.148760972749603,801.908789642682,0.36885681849291174,0.38196052427704946,0.24887120112505184,-4.783625103536673,1.0,1.016099827989619,72.94186064371402,76.31810953353157,76.31810953353157,0,0,80.0,0,0.0,0.10216897220190736,0.23747529128588185,0,0.014988457813241771,0.5104166666666666,804.6562296201278,0.0,33.15408381306508,0.5210617582297273,838.3313751914226,s0865,96,0.18662381999999994,0.13125367509954264,0.05537014490047213,0.0023070893708530054,0.0516968867391885,29.66938780937618,0.05537014490047238
7.070039317656606,793.6778507552926,0.3712571049223031,0.4131139730049898,0.2207334011840514,-4.864343616480585,1.0,1.0164043953630502,74.6150819575762,78.1528115373941,78.1528115373941,0,0,80.0,0,0.0,0.09027353725844019,0.24313203639889577,0,0.014940001435135786,0.5520833333333334,804.6562296201278,0.0,34.254964684055,0.46039504001804493,839.3715893442009,s0866,96,0.18662381999999994,0.13125367509954264,0.05537014490047213,0.0023070893708530054,0.0516968867391885,29.66938780937618,0.05537014490047238
7.194800998338318,806.5855438838,0.3896509332344667,0.3689703956588531,0.25966122840965616,-4.828531432370607,1.0,1.0175447555908756,73.91716907239888,85.2210127143724,85.2210127143724,0,1,80.0,0,0.0,0.10463692307165103,0.2625196268411658,0,0.016839568893822193,0.40625,804.6562296201278,0.0,37.23168773694173,0.5336483076654205,842.4215656647349,s0867,96,0.18662381999999994,0.13125367509954264,0.05537014490047213,0.0023070893708530054,0.0516968867391885,29.66938780937618,0.05537014490047238
7.0892973703727185,795.7976801909642,0.3767386057391619,0.4101984041187948,0.2676235765397995,-4.797970305527643,1.0,1.0168929210350799,77.51736296484411,81.24316261535706,81.24316261535706,0,1,80.0,0,0.0,0.10090910326172971,0.26631139112464014,0,0.016845479211285663,0.5416666666666666,804.6562296201278,0.0,37.21474747658426,0.5146364266348215,842.3856135233469,s0868,96,0.18662381999999994,0.13125367509954264,0.05537014490047213,0.0023070893708530054,0.0516968867391885,29.66938780937618,0.05537014490047238
7.082317188925476,795.6886026047702,0.3808839071023384,0.4099278289376329,0.2639041103752993,-4.784497927322097,1.0,1.0159643086108041,75.11065615199057,75.7504412733371,75.7504412733371,0,0,80.0,0,0.0,0.10281516816505348,0.25649633833120944,0,0.01611429868652296,0.5416666666666666,804.6562296201278,0.0,35.999086339061485,0.5243573576417732,841.179673316831,s0869,96,0.18662381999999994,0.13125367509954264,0.05537014490047213,0.0023070893708530054,0.0516968867391885,29.66938780937618,0.05537014490047238
7.194086549962252,807.3281505671337,0.37093061454342335,0.32044232650934834,0.2679714851602447,-4.891302729705053,1.0,1.0167855811446016,74.90758197282457,81.71021310860404,81.71021310860404,0,1,80.0,0,0.0,0.10000828769768155,0.27398396464348856,0,0.017588630462653843,0.46875,804.6562296201278,0.0,38.76785986071252,0.5100422672581758,843.9341317480985,s0870,96,0.18662381999999994,0.13125367509954264,0.05537014490047213,0.0023070893708530054,0.0516968867391885,29.66938780937618,0.05537014490047238
7.1330019598907715,800.5520239738455,0.36665620004903027,0.38285713871093974,0.23684194939209646,-4.80287256164491,1.0,1.0160231642139246,75.22426403742205,76.3450115731863,76.3450115731863,0,0,80.0,0,0.0,0.10183721239094062,0.25230629696293067,0,0.01667657285000256,0.4270833333333333,804.6562296201278,0.0,35.66369968764125,0.519369783193797,840.8392990909629,s0871,96,0.18662381999999994,0.13125367509954264,0.05537014490047213,0.0023070893708530054,0.0516968867391885,29.66938780937618,0.05537014490047238
7.164677888283082,805.1948703643542,0.37814768343809746,0.34760527364296573,0.26537670333154817,-4.830301390647107,1.0,1.016695729048754,74.5441686483081,80.51848694364219,80.51848694364219,0,1,80.0,0,0.0,0.09080238275552531,0.2907409971996193,0,0.016910684825255973,0.4479166666666667,804.6562296201278,0.0,40.16826493381799,0.46309215205317905,845.2875867059989,s0872,96,0.18662381999999994,0.13125367509954264,0.05537014490047213,0.0023070893708530054,0.0516968867391885,29.66938780937618,0.05537014490047238
7.112401693277604,798.545726802151,0.3721663639706478,0.39212631262730796,0.25070440147713524,-4.802031120573775,1.0,1.0167329180839084,74.0935541814157,81.08302061584864,81.08302061584864,0,1,80.0,0,0.0,0.09902108262610804,0.2691319049857594,0,0.01781439744214344,0.5625,804.6562296201278,0.0,38.26435632376187,0.5050075213931512,843.4255934652828,s0873,96,0.18662381999999994,0.13125367509954264,0.05537014490047213,0.0023070893708530054,0.0516968867391885,29.66938780937618,0.05537014490047238
7.120526133456977,799.7249093390976,0.36886908378010597,0.39616935008467125,0.2810202628231103,-4.823446571684472,1.0,1.0163394202999676,74.74846692875195,77.97898211078326,77.97898211078326,0,0,80.0,0,0.0,0.10328162300630248,0.3051825366522328,0,0.017945667814546082,0.5208333333333334,804.6562296201278,0.0,42.033776362231244,0.5267362773321427,847.2167422596912,s0874,96,0.18662381999999994,0.13125367509954264,0.05537014490047213,0.0023070893708530054,0.0516968867391885,29.66938780937618,0.05537014490047238
7.119426634766645,799.6939865829163,0.3767235662688435,0.3831078954740057,0.23472803527715197,-4.786667523730713,1.0,1.0159612380967893,78.74183803385918,75.89201054896108,75.89201054896108,0,0,80.0,0,0.0,0.07877827726931796,0.25316149199476434,0,0.01631963284149224,0.4791666666666667,804.6562296201278,0.0,35.434681533066644,0.4017692140735216,840.4926803672679,s0875,96,0.18662381999999994,0.13125367509954264,0.05537014490047213,0.0023070893708530054,0.0516968867391885,29.66938780937618,0.05537014490047238
7.186933033496143,806.5359683990996,0.3717515618377756,0.33875717846527964,0.19778952657469256,-4.940751210263945,1.0,1.0156431142434406,73.38741962476156,74.74072238712188,74.74072238712188,0,0,80.0,0,0.0,0.08876073503391047,0.21993671403520115,0,0.01316446888367569,0.4166666666666667,804.6562296201278,0.0,31.059274801197265,0.4526797486729434,836.168184169998,s0876,96,0.18662381999999994,0.13125367509954264,0.05537014490047213,0.0023070893708530054,0.0516968867391885,29.66938780937618,0.05537014490047238
7.054675137106225,792.1323181141021,0.3566574961434492,0.39581329934721554,0.27174027183442295,-4.913590466530717,1.0,1.0160337172578477,75.79641113373907,76.49581944483329,76.49581944483329,0,0,80.0,0,0.0,0.09863841023796063,0.28368922991895595,0,0.01752423741438098,0.59375,804.6562296201278,0.0,39.783322253249466,0.503055892213599,844.9426077655909,s0877,96,0.18662381999999994,0.13125367509954264,0.05537014490047213,0.0023070893708530054,0.0516968867391885,29.66938780937618,0.05537014490047238
7.149186584613515,802.7415360123393,0.3691869300176414,0.37676001142067195,0.2502597370494707,-4.800496636409534,1.0,1.0168272759466122,75.26122710226973,80.79545719325444,80.79545719325444,0,1,80.0,0,0.0,0.10081235298571475,0.24895750384291726,0,0.015218773157195699,0.5729166666666666,804.6562296201278,0.0,35.19823988467003,0.5141430002271454,840.3686125050249,s0878,96,0.18662381999999994,0.13125367509954264,0.05537014490047213,0.0023070893708530054,0.0516968867391885,29.66938780937618,0.05537014490047238
7.102524000877281,797.6877781075875,0.3779020701286682,0.3798600737319432,0.27499398962746824,-4.8505095589905265,1.0,1.0166082936724496,75.26551828254341,80.28916877987609,80.28916877987609,0,1,80.0,0,0.0,0.122639276579489,0.24317228417701642,0,0.01575151176209378,0.5416666666666666,804.6562296201278,0.0,34.77774907719425,0.625460310555394,840.0594390078774,s0879,96,0.18662381999999994,0.13125367509954264,0.05537014490047213,0.0023070893708530054,0.0516968867391885,29.66938780937618,0.05537014490047238
7.117859553862472,799.343246237699,0.3728203468910756,0.3689924225399018,0.24153420100457446,-4.845855222709779,1.0,1.0161752898701095,75.06482635708076,77.51887128155087,77.51887128155087,0,0,80.0,0,0.0,0.09328829788468744,0.23250080574331242,0,0.015673020461970173,0.5208333333333334,804.6562296201278,0.0,32.531417696944864,0.4757703192119058,837.6634176362846,s0880,96,0.18662381999999994,0.13125367509954264,0.05537014490047213,0.0023070893708530054,0.0516968867391885,29.66938780937618,0.05537014490047238
7.172073362342177,805.2054652512604,0.3718491514334315,0.33103988533639983,0.28839852596726984,-4.728710388344065,1.0,1.0160370861599435,75.34821079224317,75.40774735787645,75.40774735787645,0,0,80.0,0,0.0,0.09058354258606183,0.30626988542668815,0,0.01792387132095805,0.4895833333333333,804.6562296201278,0.0,43.03362913818251,0.46197606718891504,848.1518348254992,s0881,96,0.18662381999999994,0.13125367509954264,0.05537014490047213,0.0023070893708530054,0.0516968867391885,29.66938780937618,0.05537014490047238
7.094261164349626,796.498023754111,0.36802358352713704,0.38602328686641185,0.2975132211199115,-4.821996632353166,1.0,1.0169575640813098,76.14471614254963,85.09620640521274,85.09620640521274,0,1,80.0,0,0.0,0.13849564644216825,0.273862550161627,0,0.018636677782438132,0.5104166666666666,804.6562296201278,0.0,38.03130308929621,0.7063277968550579,843.393860506279,s0882,96,0.18662381999999994,0.13125367509954264,0.05537014490047213,0.0023070893708530054,0.0516968867391885,29.66938780937618,0.05537014490047238
7.1273886761217735,799.8914974625659,0.3578537229285649,0.3630498678151733,0.2339036597651075,-4.7979899610980015,1.0,1.0172465077694974,74.6795076836921,83.12475042842227,83.12475042842227,0,1,80.0,0,0.0,0.0834517436016953,0.2227620974993477,0,0.013506881541427358,0.5208333333333334,804.6562296201278,0.0,30.96478235900118,0.42560389236864576,836.0466158714976,s0883,96,0.18662381999999994,0.13125367509954264,0.05537014490047213,0.0023070893708530054,0.0516968867391885,29.66938780937618,0.05537014490047238
7.122745890902882,800.1289619826598,0.3778224648327556,0.36682121436527854,0.23542294642502865,-4.825661179426355,1.0,1.016337435097093,75.41439316399644,78.75614918959668,78.75614918959668,0,0,80.0,0,0.0,0.08702692863275406,0.27087701746785403,0,0.016422599359623286,0.5104166666666666,804.6562296201278,0.0,37.82003370882738,0.4438373360270455,842.9201006649822,s0884,96,0.18662381999999994,0.13125367509954264,0.05537014490047213,0.0023070893708530054,0.0516968867391885,29.66938780937618,0.05537014490047238
7.117108208317955,798.4493867306106,0.36314356040266105,0.3845527745684604,0.24687567028027319,-4.7962348490343,1.0,1.015572725464493,75.97929130751254,74.99275391307071,74.99275391307071,0,0,80.0,0,0.0,0.10588998744162972,0.26503483326530375,0,0.017098016291963853,0.4791666666666667,804.6562296201278,0.0,36.72375885585763,0.5400389359523113,841.9200274119378,s0885,96,0.18662381999999994,0.13125367509954264,0.05537014490047213,0.0023070893708530054,0.0516968867391885,29.66938780937618,0.05537014490047238
7.158171477602824,803.8550603394049,0.3827292130383087,0.36444250183355764,0.22607721903768502,-4.810258917291953,1.0,1.0158737504133755,74.51983834195724,75.32861099824297,75.32861099824297,0,0,80.0,0,0.0,0.09419453755345397,0.237188833477172,0,0.015761909055063684,0.4895833333333333,804.6562296201278,0.0,33.48978223192946,0.480392141522615,838.6264039935799,s0886,96,0.18662381999999994,0.13125367509954264,0.05537014490047213,0.0023070893708530054,0.0516968867391885,29.66938780937618,0.05537014490047238
7.1361368134440095,800.6245065971052,0.3690720331567898,0.34851129688434307,0.2718104187755539,-4.892804934673371,1.0,1.016935622518743,73.34483462649267,82.35297675473193,82.35297675473193,0,1,80.0,0,0.0,0.11619579721895602,0.24544299379859458,0,0.01650563957730935,0.5104166666666666,804.6562296201278,0.0,34.238084260371124,0.5925985658166757,839.4869124463156,s0887,96,0.18662381999999994,0.13125367509954264,0.05537014490047213,0.0023070893708530054,0.0516968867391885,29.66938780937618,0.05537014490047238
7.138670862851364,801.9031113406281,0.37018646031919866,0.3378057611922224,0.23699498955777182,-4.899986784603587,1.0,1.0164348236284262,75.81546268374234,79.63960051481645,79.63960051481645,0,0,80.0,0,0.0,0.10398805244309157,0.2588142401785173,0,0.017361353691289598,0.5520833333333334,804.6562296201278,0.0,36.27101252508899,0.5303390674597667,841.4575812126765,s0888,96,0.18662381999999994,0.13125367509954264,0.05537014490047213,0.0023070893708530054,0.0516968867391885,29.66938780937618,0.05537014490047238
7.161684037141547,803.7841202090713,0.37058877998723133,0.3581273972640141,0.24077488962658117,-4.842611796241925,1.0,1.0163094360668739,74.58940109058135,78.53229605665999,78.53229605665999,0,0,80.0,0,0.0,0.10403670986222809,0.22939650558489078,0,0.015925181147696647,0.4270833333333333,804.6562296201278,0.0,32.77372110018274,0.5305872202973632,837.9605379406078,s0889,96,0.18662381999999994,0.13125367509954264,0.05537014490047213,0.0023070893708530054,0.0516968867391885,29.66938780937618,0.05537014490047238
7.169927158830661,804.428229769699,0.3688402895819841,0.3454042931289995,0.3065329891159695,-4.807725844291425,1.0,1.0168613121950425,76.17235131846655,82.05139862571944,82.05139862571944,0,1,80.0,0,0.0,0.09818476279500998,0.3142850095990831,0,0.01908485640564452,0.5104166666666666,804.6562296201278,0.0,44.40651129891981,0.5007422902545511,849.5634832093021,s0890,96,0.18662381999999994,0.13125367509954264,0.05537014490047213,0.0023070893708530054,0.0516968867391885,29.66938780937618,0.05537014490047238
7.09803323533661,796.48466324333,0.3613579389690673,0.39499511645879526,0.27739250301121554,-4.812785515405704,1.0,1.0162970175633133,77.28854863001018,78.55265908326045,78.55265908326045,0,0,80.0,0,0.0,0.09466503077059,0.26867511892913865,0,0.016987878480845493,0.53125,804.6562296201278,0.0,37.552730907424305,0.48279165693000897,842.6917521844821,s0891,96,0.18662381999999994,0.13125367509954264,0.05537014490047213,0.0023070893708530054,0.0516968867391885,29.66938780937618,0.05537014490047238
7.192418631314231,807.0406386512935,0.3774743049849306,0.36996340314891984,0.2785174444744515,-4.846329255803487,1.0,1.016571099449932,74.66139938588053,79.59782931215064,79.59782931215064,0,0,80.0,0,0.0,0.09733738524765614,0.25592450393444544,0,0.015901648740929485,0.4166666666666667,804.6562296201278,0.0,35.60609265721919,0.4964206647630466,840.75874294211,s0892,96,0.18662381999999994,0.13125367509954264,0.05537014490047213,0.0023070893708530054,0.0516968867391885,29.66938780937618,0.05537014490047238
7.139254171889641,801.9483601013935,0.3771302991717523,0.36794065323259345,0.20839205955608206,-4.903472803296736,1.0,1.0156951558107636,73.73647083577045,74.24044730773299,74.24044730773299,0,0,80.0,0,0.0,0.10377565465125882,0.22344310733869954,0,0.01563659815426061,0.4895833333333333,804.6562296201278,0.0,31.14816218320192,0.5292558387214203,836.3336476420511,s0893,96,0.18662381999999994,0.13125367509954264,0.05537014490047213,0.0023070893708530054,0.0516968867391885,29.66938780937618,0.05537014490047238
7.152641342952827,803.0165562046318,0.3736546208799012,0.3606027809002438,0.23420319768074283,-4.7713571041263885,1.0,1.0153748434405323,74.50827840735636,72.85689641229028,72.85689641229028,0,0,80.0,0,0.0,0.08404752996599955,0.2642339150986463,0,0.01578033538811501,0.4583333333333333,804.6562296201278,0.0,36.93128107272737,0.42864240282659777,842.0161530956818,s0894,96,0.18662381999999994,0.13125367509954264,0.05537014490047213,0.0023070893708530054,0.0516968867391885,29.66938780937618,0.05537014490047238
7.104155603561258,797.6699959504176,0.36549276242682294,0.3442852944300971,0.255681693588144,-4.7748466214895755,1.0,1.0165451017957385,77.78735722106475,79.30744221666136,79.30744221666136,0,0,80.0,0,0.0,0.10317592059250029,0.2570575176119419,0,0.015886869831397053,0.6145833333333334,804.6562296201278,0.0,35.97497446582391,0.5261971950217517,841.1574012809734,s0895,96,0.18662381999999994,0.13125367509954264,0.05537014490047213,0.0023070893708530054,0.0516968867391885,29.66938780937618,0.05537014490047238
7.135873646904877,800.7912871433213,0.36795797218819104,0.3444628957083805,0.23217822630643387,-4.837372811057576,1.0,1.01636938840475,76.01718760948314,78.0623373012386,78.0623373012386,0,0,80.0,0,0.0,0.08806897290954697,0.237641173046706,0,0.014982745466015671,0.5104166666666666,804.6562296201278,0.0,33.01961698997776,0.44915176183868954,838.1249983719442,s0896,96,0.18662381999999994,0.13125367509954264,0.05537014490047213,0.0023070893708530054,0.0516968867391885,29.66938780937618,0.05537014490047238
7.097259057484942,797.0850944596052,0.35649341561633635,0.37408601025693,0.26848223231648516,-4.752897178911183,1.0,1.0169738684215515,74.5385859677186,82.11698724885609,82.11698724885609,0,2,80.0,0,0.0,0.09779242758503838,0.24239138833763452,0,0.014393496086113058,0.5833333333333334,804.6562296201278,0.0,33.92783443000897,0.4987413806836957,839.0828054308204,s0897,96,0.18662381999999994,0.13125367509954264,0.05537014490047213,0.0023070893708530054,0.0516968867391885,29.66938780937618,0.05537014490047238
7.147461449158893,802.206677587385,0.3678861256138715,0.3654332168398911,0.2179780204675421,-4.803582274879567,1.0,1.015665709370798,75.63645164986829,74.23113258829976,74.23113258829976,0,0,80.0,0,0.0,0.10386618562241559,0.24907557550940337,0,0.015869445736064844,0.4375,804.6562296201278,0.0,34.7322383821445,0.5297175466743194,839.9181855489466,s0898,96,0.18662381999999994,0.13125367509954264,0.05537014490047213,0.0023070893708530054,0.0516968867391885,29.66938780937618,0.05537014490047238
7.1012430625607825,798.4450306729324,0.3866521203755335,0.3817038600726115,0.25628789100800287,-4.809013678783155,1.0,1.015678561352162,77.20767773633372,76.37736342996247,76.37736342996247,0,0,80.0,0,0.0,0.11230361646617193,0.3226282218013537,0,0.019953832393438144,0.5208333333333334,804.6562296201278,0.0,44.790355579662084,0.572748443977477,850.0193336437674,s0899,96,0.18662381999999994,0.13125367509954264,0.05537014490047213,0.0023070893708530054,0.0516968867391885,29.66938780937618,0.05537014490047238
7.089310307602755,796.0645635736435,0.3593230947905373,0.4166085379302821,0.23072391248085897,-4.788617116608312,1.0,1.015888919946723,73.58476932927151,76.37178811196925,76.37178811196925,0,0,80.0,0,0.0,0.09007814295815113,0.24394780304868624,0,0.01525387576696574,0.5416666666666666,804.6562296201278,0.0,33.988229142084606,0.45939852908657064,839.1038572912989,s0900,96,0.18662381999999994,0.13125367509954264,0.05537014490047213,0.0023070893708530054,0.0516968867391885,29.66938780937618,0.05537014490047238
7.142033090055298,800.5956482562066,0.36122023732321107,0.37563572877184154,0.25715710619643384,-4.783663685823985,1.0,1.016834416213453,76.1305432293271,80.01449919584738,80.01449919584738,0,1,80.0,0,0.0,0.10295721412723974,0.25480874608677967,0,0.016750821855864836,0.53125,804.6562296201278,0.0,35.391801848871175,0.5250817920489228,840.5731132610479,s0901,96,0.18662381999999994,0.13125367509954264,0.05537014490047213,0.0023070893708530054,0.0516968867391885,29.66938780937618,0.05537014490047238
7.175155353329023,804.0670661315685,0.3685064310753702,0.3832867045112284,0.22710038190173132,-4.784454361711635,1.0,1.016136003798262,74.39367717044595,77.81159655909924,77.81159655909924,0,0,80.0,0,0.0,0.09991363700743666,0.21728029188000925,0,0.014767219511324354,0.4270833333333333,804.6562296201278,0.0,30.319044615926234,0.5095595487379266,835.4848337847919,s0902,96,0.18662381999999994,0.13125367509954264,0.05537014490047213,0.0023070893708530054,0.0516968867391885,29.66938780937618,0.05537014490047238
7.08964797826893,795.149937035367,0.3794342408022666,0.40445856159812893,0.21948834876795642,-4.785922994801988,1.0,1.0162821974566436,73.77654831863312,77.62578457626213,77.62578457626213,0,0,80.0,0,0.0,0.09220651930621546,0.26039258820980504,0,0.01838103193547589,0.5208333333333334,804.6562296201278,0.0,37.049045216940854,0.47025324846169836,842.1755280855303,s0903,96,0.18662381999999994,0.13125367509954264,0.05537014490047213,0.0023070893708530054,0.0516968867391885,29.66938780937618,0.05537014490047238
7.2015472538040175,808.0221923401564,0.3722945220840969,0.352819049639443,0.2707643792873037,-4.8348672882618455,1.0,1.016339048244252,75.25530768193815,78.10044818056465,78.10044818056465,0,0,80.0,0,0.0,0.11409116208887261,0.28340886200870286,0,0.01724412833711255,0.4583333333333333,804.6562296201278,0.0,39.79438789253386,0.5818649266532501,845.0324824393149,s0904,96,0.18662381999999994,0.13125367509954264,0.05537014490047213,0.0023070893708530054,0.0516968867391885,29.66938780937618,0.05537014490047238
7.0633134856703235,793.5093310993904,0.3630196391120382,0.3779692021106327,0.23516299740959296,-4.767162319649542,1.0,1.017001244709206,75.43377544924998,82.79641252839332,82.79641252839332,0,1,80.0,0,0.0,0.09253401237466254,0.2252221554414843,0,0.013233968320856462,0.5520833333333334,804.6562296201278,0.0,31.33246192187638,0.47192346311077904,836.460615005115,s0905,96,0.18662381999999994,0.13125367509954264,0.05537014490047213,0.0023070893708530054,0.0516968867391885,29.66938780937618,0.05537014490047238
7.111127384919492,798.7206955711574,0.3763075826400695,0.3800387013672276,0.25572278610959137,-4.731284496436465,1.0,1.016202458871148,75.39815759945552,78.24360561485375,78.24360561485375,0,0,80.0,0,0.0,0.08596545913507687,0.2401465088067529,0,0.014361152166850374,0.5104166666666666,804.6562296201278,0.0,33.62222826864195,0.4384238415888919,838.7168817303586,s0906,96,0.18662381999999994,0.13125367509954264,0.05537014490047213,0.0023070893708530054,0.0516968867391885,29.66938780937618,0.05537014490047238
7.068327796075374,793.792484883649,0.3664229516964651,0.41475216761409417,0.23796835714072462,-4.82559152716868,1.0,1.015733766307568,76.16364957557292,74.10771652306306,74.10771652306306,0,0,80.0,0,0.0,0.08759050677127318,0.2800572785533885,0,0.01744353047011353,0.59375,804.6562296201278,0.0,39.30986772460852,0.4467115845334933,844.4128089292698,s0907,96,0.18662381999999994,0.13125367509954264,0.05537014490047213,0.0023070893708530054,0.0516968867391885,29.66938780937618,0.05537014490047238
7.129886355701872,800.2754958731516,0.37156582477567446,0.3716471072834273,0.23023368837782404,-4.885489817542524,1.0,1.0167933147627113,73.19898488119148,81.48285688376575,81.48285688376575,0,1,80.0,0,0.0,0.10011880426992985,0.2310126273470961,0,0.01481174076165161,0.5104166666666666,804.6562296201278,0.0,32.367713137415855,0.5106059017766421,837.5345486593203,s0908,96,0.18662381999999994,0.13125367509954264,0.05537014490047213,0.0023070893708530054,0.0516968867391885,29.66938780937618,0.05537014490047238
7.137878210825297,801.1441673365808,0.3815118184794186,0.3612925695805115,0.27959069017908417,-4.840225346553975,1.0,1.0161211517179323,75.46386843602421,77.56692588546814,77.56692588546814,0,0,80.0,0,0.0,0.102350676129098,0.2716459284162243,0,0.01784542070515198,0.4895833333333333,804.6562296201278,0.0,37.451611103580106,0.5219884482583997,842.6298291719663,s0909,96,0.18662381999999994,0.13125367509954264,0.05537014490047213,0.0023070893708530054,0.0516968867391885,29.66938780937618,0.05537014490047238
7.134295752679794,801.1504120166292,0.39159025398459,0.37850822536953066,0.21058627031657928,-4.8400210929242435,1.0,1.016201511689553,74.42361930226883,76.78243786943523,76.78243786943523,0,0,80.0,0,0.0,0.09666080024047016,0.2396916401576416,0,0.0161710722624825,0.5,804.6562296201278,0.0,33.576333590743225,0.49297008122639807,838.7255332920975,s0910,96,0.18662381999999994,0.13125367509954264,0.05537014490047213,0.0023070893708530054,0.0516968867391885,29.66938780937618,0.05537014490047238
7.105955558324445,796.9411788374944,0.36175662332316305,0.39645661201379934,0.24234166004741203,-4.936341503873152,1.0,1.0166187322635387,74.95873168475667,79.42074605798067,79.42074605798067,0,0,80.0,0,0.0,0.10505514531562997,0.26022524510952294,0,0.01525399373998471,0.5833333333333334,804.6562296201278,0.0,36.25591567945596,0.5357812411097127,841.4479265406934,s0911,96,0.18662381999999994,0.13125367509954264,0.05537014490047213,0.0023070893708530054,0.0516968867391885,29.66938780937618,0.05537014490047238
7.124329062514139,798.8895755676322,0.35866632246503266,0.3709802429988306,0.25692669169685256,-4.717237089998974,1.0,1.0159322693152137,74.69477949817276,76.62613405544849,76.62613405544849,0,0,80.0,0,0.0,0.08678097487018001,0.2993815865856823,0,0.01971404295632044,0.5625,804.6562296201278,0.0,41.70091156656365,0.4425829718379183,846.7997241585293,s0912,96,0.18662381999999994,0.13125367509954264,0.05537014490047213,0.0023070893708530054,0.0516968867391885,29.66938780937618,0.05537014490047238
7.106346335451342,797.6151243894128,0.373551165337756,0.3938006670584363,0.2687731984109079,-4.763928049755747,1.0,1.0160143510690403,75.56792106144722,76.80858053237652,76.80858053237652,0,0,80.0,0,0.0,0.09579078069008945,0.2669212974614309,0,0.015880659535959313,0.53125,804.6562296201278,0.0,37.243910559876866,0.48853298151945607,842.3886731615241,s0913,96,0.18662381999999994,0.13125367509954264,0.05537014490047213,0.0023070893708530054,0.0516968867391885,29.66938780937618,0.05537014490047238
7.123475612174301,800.2887539420929,0.3798427052165107,0.37580589037526113,0.26951346079356614,-4.866618672265807,1.0,1.0161511646858368,76.03365478182025,77.86280597671879,77.86280597671879,0,0,80.0,0,0.0,0.09800646018676422,0.27745030208404453,0,0.018032209461974508,0.53125,804.6562296201278,0.0,38.69287493170108,0.4998329469524973,843.8489374987814,s0914,96,0.18662381999999994,0.13125367509954264,0.05537014490047213,0.0023070893708530054,0.0516968867391885,29.66938780937618,0.05537014490047238
7.088874708087403,795.8500707524915,0.35690385639694516,0.3792904190461873,0.24886522917994636,-4.903843663019976,1.0,1.015985121642078,76.63981719739643,76.37804529237185,76.37804529237185,0,0,80.0,0,0.0,0.08613772702572746,0.2878203023165189,0,0.018347556588628584,0.5625,804.6562296201278,0.0,40.43934871849412,0.4393024078312101,845.534880746453,s0915,96,0.18662381999999994,0.13125367509954264,0.05537014490047213,0.0023070893708530054,0.0516968867391885,29.66938780937618,0.05537014490047238
7.1219807824319155,798.9555295281193,0.36041243305968146,0.3929810064110687,0.2421973321582259,-4.917553132467543,1.0,1.0156169663968262,72.24467808599962,75.18174853991626,75.18174853991626,0,0,80.0,0,0.0,0.11208786594185095,0.2313328646913133,0,0.015373196428085855,0.5,804.6562296201278,0.0,32.78919433469036,0.5716481163034395,838.0170720711216,s0916,96,0.18662381999999994,0.13125367509954264,0.05537014490047213,0.0023070893708530054,0.0516968867391885,29.66938780937618,0.05537014490047238
7.138275822074721,801.68063009243,0.3756757204870485,0.38668991530981267,0.2540915886427233,-4.817064090649495,1.0,1.016900864292571,72.91454584035965,81.15981163439334,81.15981163439334,0,1,80.0,0,0.0,0.10286648768957758,0.24894637884258725,0,0.014954338598938117,0.5520833333333334,804.6562296201278,0.0,34.369171244691735,0.5246190872168458,839.5500199520363,s0917,96,0.18662381999999994,0.13125367509954264,0.05537014490047213,0.0023070893708530054,0.0516968867391885,29.66938780937618,0.05537014490047238
7.080595127035642,795.04249604339,0.3658100014769051,0.3929231883265552,0.2247713116214891,-4.835553905752527,1.0,1.0154079458168033,74.7889521889332,74.10039467716845,74.10039467716845,0,0,80.0,0,0.0,0.10233884034706588,0.2696193386440649,0,0.01710028464621527,0.5,804.6562296201278,0.0,37.46380088929893,0.5219280857700359,842.6419585951967,s0918,96,0.18662381999999994,0.13125367509954264,0.05537014490047213,0.0023070893708530054,0.0516968867391885,29.66938780937618,0.05537014490047238
7.111703276865425,798.5028025634132,0.370314216724824,0.35216522845971837,0.2235909554875563,-4.852048251463325,1.0,1.0161714390783017,77.38870665728255,77.64167929624294,77.64167929624294,0,0,80.0,0,0.0,0.10294775355935488,0.2240656599991095,0,0.014120971389765757,0.46875,804.6562296201278,0.0,31.277439319621955,0.52503354315271,836.4587024829025,s0919,96,0.18662381999999994,0.13125367509954264,0.05537014490047213,0.0023070893708530054,0.0516968867391885,29.66938780937618,0.05537014490047238
7.1446222623447735,801.1982226365735,0.37660607879403174,0.388203976872211,0.263501146577543,-4.868856210054175,1.0,1.0160559237825084,76.44358597465242,76.74703811450011,76.74703811450011,0,0,80.0,0,0.0,0.10067133807137837,0.2775520486691354,0,0.017507973932830653,0.4479166666666667,804.6562296201278,0.0,39.19744217779381,0.5134238241640295,844.3670956220857,s0920,96,0.18662381999999994,0.13125367509954264,0.05537014490047213,0.0023070893708530054,0.0516968867391885,29.66938780937618,0.05537014490047238
7.131391088391977,801.1454610828828,0.37217578223568154,0.34349461312705043,0.250661444026312,-4.798063938679643,1.0,1.0162757152856996,76.58228675980455,78.70857145448021,78.70857145448021,0,0,80.0,0,0.0,0.10070573927982797,0.25120705050872194,0,0.015221655723326712,0.4895833333333333,804.6562296201278,0.0,34.80119747531909,0.5135992703271224,839.971026365774,s0921,96,0.18662381999999994,0.13125367509954264,0.05537014490047213,0.0023070893708530054,0.0516968867391885,29.66938780937618,0.05537014490047238
7.166615192189985,803.6660669649312,0.385826669199149,0.3682709522034002,0.26018737852799667,-4.840321507113454,1.0,1.0165288321570303,78.3161616282461,80.16690445847394,80.16690445847394,0,1,80.0,0,0.0,0.1022656174945073,0.23577374166852422,0,0.0148246236320352,0.40625,804.6562296201278,0.0,32.85236316238517,0.5215546492219871,838.0301474317349,s0922,96,0.18662381999999994,0.13125367509954264,0.05537014490047213,0.0023070893708530054,0.0516968867391885,29.66938780937618,0.05537014490047238
7.1118232440112505,797.7089205186999,0.3716388597992186,0.3632687860025203,0.2703406583831329,-4.879461882493981,1.0,1.0170799629920744,80.41948361975457,82.43361933420663,82.43361933420663,1,1,80.0,0,0.0,0.09383858662323374,0.27320512685061205,0,0.017057252243890483,0.5208333333333334,804.6562296201278,0.0,38.14745485579744,0.4785767917784922,843.2822612677037,s0923,96,0.18662381999999994,0.13125367509954264,0.05537014490047213,0.0023070893708530054,0.0516968867391885,29.66938780937618,0.05537014490047238
7.12296256834773,799.6823486604167,0.3758158377769339,0.43203888278446895,0.25129885916719263,-4.844912848179291,1.0,1.0159735219441168,75.85998435827572,76.9491383475944,76.9491383475944,0,0,80.0,0,0.0,0.1066626463006763,0.2622307495566532,0,0.01794719104475043,0.40625,804.6562296201278,0.0,37.06571950079421,0.5439794961334491,842.2659286170555,s0924,96,0.18662381999999994,0.13125367509954264,0.05537014490047213,0.0023070893708530054,0.0516968867391885,29.66938780937618,0.05537014490047238
7.11130531721378,798.366108311026,0.38042017675833223,0.3977199186980535,0.25270664002074483,-4.850908057430426,1.0,1.01612079421254,74.38383716214638,77.29021620485777,77.29021620485777,0,0,80.0,0,0.0,0.09750773727660356,0.26618087192984563,0,0.016335380938734528,0.5729166666666666,804.6562296201278,0.0,37.66806292972543,0.4972894601106784,842.8215820099639,s0925,96,0.18662381999999994,0.13125367509954264,0.05537014490047213,0.0023070893708530054,0.0516968867391885,29.66938780937618,0.05537014490047238
7.166667297586539,804.181172064746,0.3738456456662965,0.36922429798761763,0.20408902715824803,-4.722161345783596,1.0,1.015885761992774,75.17645923534894,76.51412564429336,76.51412564429336,0,0,80.0,0,0.0,0.08719678575937294,0.23894637881893235,0,0.01625397396588037,0.4375,804.6562296201278,0.0,34.02103203386638,0.44470360737280185,839.121965261367,s0926,96,0.18662381999999994,0.13125367509954264,0.05537014490047213,0.0023070893708530054,0.0516968867391885,29.66938780937618,0.05537014490047238
7.094462471624237,795.8556474046967,0.37550020542771356,0.43643862004665723,0.21863630058870648,-4.916733409995903,1.0,1.01688548448108,76.95404971295423,82.20912937029208,82.20912937029208,0,1,80.0,0,0.0,0.09823180242410959,0.2581879985392317,0,0.018692754307535548,0.53125,804.6562296201278,0.0,36.40742664927382,0.500982192362959,841.5646384617645,s0927,96,0.18662381999999994,0.13125367509954264,0.05537014490047213,0.0023070893708530054,0.0516968867391885,29.66938780937618,0.05537014490047238
7.131745156528854,800.5406835739291,0.3630631665151052,0.36322299455199264,0.23121808073577257,-4.867992796882992,1.0,1.0166712215151004,75.08046832236981,79.30890990097274,79.30890990097274,0,0,80.0,0,0.0,0.09667723018379168,0.2519806815765124,0,0.016688861654031644,0.4583333333333333,804.6562296201278,0.0,35.49764385526855,0.4930538739373373,840.6469273493336,s0928,96,0.18662381999999994,0.13125367509954264,0.05537014490047213,0.0023070893708530054,0.0516968867391885,29.66938780937618,0.05537014490047238
7.156632781494525,803.3000295997492,0.3754079555384551,0.3681757234511823,0.24616016386381115,-4.813674327021499,1.0,1.015981585725249,74.9511282651112,76.83267330562161,76.83267330562161,0,0,80.0,0,0.0,0.10228177187920479,0.2621603217225953,0,0.01685080741244734,0.3958333333333333,804.6562296201278,0.0,36.75721091390129,0.5216370365839442,841.935077570613,s0929,96,0.18662381999999994,0.13125367509954264,0.05537014490047213,0.0023070893708530054,0.0516968867391885,29.66938780937618,0.05537014490047238
7.150053659636007,801.6865566427987,0.37850670946616705,0.37635562738511336,0.24769817998376753,-4.905798523400512,1.0,1.0163661079443647,73.35959192725825,78.76878242130314,78.76878242130314,0,0,80.0,0,0.0,0.09643262196738892,0.2769601701756112,0,0.0174734070762099,0.4895833333333333,804.6562296201278,0.0,38.695500411549936,0.49180637203368327,843.8435364037114,s0930,96,0.18662381999999994,0.13125367509954264,0.05537014490047213,0.0023070893708530054,0.0516968867391885,29.66938780937618,0.05537014490047238
7.113134098887849,798.1946423970948,0.37627575362395915,0.37730708505724153,0.24585974013258077,-4.840783459702071,1.0,1.0157459124411694,77.21292492032877,77.70882843081691,77.70882843081691,0,0,80.0,0,0.0,0.09572304217976421,0.2819566870643698,0,0.0180383537861644,0.4583333333333333,804.6562296201278,0.0,38.9915773720323,0.4881875151167973,844.1359945072769,s0931,96,0.18662381999999994,0.13125367509954264,0.05537014490047213,0.0023070893708530054,0.0516968867391885,29.66938780937618,0.05537014490047238
7.085214064652683,795.425897568213,0.39023172593575284,0.42732170256106505,0.26618900048786076,-4.787183915814793,1.0,1.0162149153859492,76.02975713907267,77.47865570185454,77.47865570185454,0,0,80.0,0,0.0,0.11364015818311564,0.2638330531511357,0,0.01646037924630055,0.5520833333333334,804.6562296201278,0.0,36.80488217598535,0.5795648067338901,842.0406766028469,s0932,96,0.18662381999999994,0.13125367509954264,0.05537014490047213,0.0023070893708530054,0.0516968867391885,29.66938780937618,0.05537014490047238
7.2199794140726405,810.3664870223429,0.3834342641586252,0.3551524957682798,0.26671915297245025,-4.870854373485816,1.0,1.015437951421563,73.64061080621403,74.6001015318687,74.6001015318687,0,0,80.0,0,0.0,0.10290992006664611,0.249907766447314,0,0.015091103442002181,0.40625,804.6562296201278,0.0,35.634750668152165,0.524840592339895,840.8158208806198,s0933,96,0.18662381999999994,0.13125367509954264,0.05537014490047213,0.0023070893708530054,0.0516968867391885,29.66938780937618,0.05537014490047238
7.123834413201276,799.92223690998,0.3755539242644644,0.37287761338461284,0.25851686366595117,-4.816409625189505,1.0,1.015842571430546,73.63786196942229,75.75708111628944,75.75708111628944,0,0,80.0,0,0.0,0.0985387336215913,0.2534008571904415,0,0.015460819464902421,0.5625,804.6562296201278,0.0,34.96108722414872,0.5025475414701155,840.1198643857466,s0934,96,0.18662381999999994,0.13125367509954264,0.05537014490047213,0.0023070893708530054,0.0516968867391885,29.66938780937618,0.05537014490047238
7.151114641574853,802.3370838055259,0.3763739014189789,0.3637933816951615,0.2723328256298897,-4.781368653847845,1.0,1.0168030121887017,74.85385883441708,81.43480068094074,81.43480068094074,0,1,80.0,0,0.0,0.09476765851417583,0.2678289475761909,0,0.016489564859226518,0.5208333333333334,804.6562296201278,0.0,37.556852175980126,0.4833150584222966,842.6963968545301,s0935,96,0.18662381999999994,0.13125367509954264,0.05537014490047213,0.0023070893708530054,0.0516968867391885,29.66938780937618,0.05537014490047238
7.046163513771882,791.9121088628517,0.3768393384043729,0.42642748610777725,0.25958353619821156,-4.916503154731995,1.0,1.0162376519580965,75.4852701880943,77.77093029256696,77.77093029256696,0,0,80.0,0,0.0,0.11562459690592573,0.2751989971164974,0,0.01663675873384195,0.59375,804.6562296201278,0.0,38.91138357643832,0.5896854442202211,844.1572986407863,s0936,96,0.18662381999999994,0.13125367509954264,0.05537014490047213,0.0023070893708530054,0.0516968867391885,29.66938780937618,0.05537014490047238
7.162996495686247,803.5644756666275,0.3704791845123991,0.3406397762900174,0.21387534591940965,-4.803666974571552,1.0,1.016386609365993,74.5795179060011,78.05709702204206,78.05709702204206,0,0,80.0,0,0.0,0.08668395353169979,0.25028051214852276,0,0.01587725639557443,0.4583333333333333,804.6562296201278,0.0,34.829126063669484,0.44208816301166903,839.927443846809,s0937,96,0.18662381999999994,0.13125367509954264,0.05537014490047213,0.0023070893708530054,0.0516968867391885,29.66938780937618,0.05537014490047238
7.167913605802654,804.4351607928786,0.3621353225843107,0.3477261454336109,0.21675343922273638,-4.841226782588046,1.0,1.016552791409833,77.48785446967955,80.21572317741908,80.21572317741908,0,1,80.0,0,0.0,0.09541338961282803,0.2422904276415333,0,0.015824896173430174,0.5,804.6562296201278,0.0,33.695308652390274,0.4866082870254229,838.8381465595435,s0938,96,0.18662381999999994,0.13125367509954264,0.05537014490047213,0.0023070893708530054,0.0516968867391885,29.66938780937618,0.05537014490047238
7.1288236004995325,800.5177145269173,0.3574107591706118,0.33920042640772574,0.22864410526671292,-4.826601171630198,1.0,1.0157692178802062,76.77757917490872,76.2238623188946,76.2238623188946,0,0,80.0,0,0.0,0.10630668653427593,0.21408895474617468,0,0.014373332512772171,0.5104166666666666,804.6562296201278,0.0,29.458003177304178,0.5421641013248074,834.6563968987567,s0939,96,0.18662381999999994,0.13125367509954264,0.05537014490047213,0.0023070893708530054,0.0516968867391885,29.66938780937618,0.05537014490047238
7.17025417028039,804.1341984842752,0.3734210379853267,0.33763499124014806,0.25481445811506565,-4.773447004914858,1.0,1.015601235224624,73.56382525070121,78.47592544350796,78.47592544350796,0,0,80.0,0,0.0,0.10617226407775689,0.26877186413250626,0,0.017596744778724024,0.40625,804.6562296201278,0.0,37.272074853964284,0.54147854679656,842.4697830208887,s0940,96,0.18662381999999994,0.13125367509954264,0.05537014490047213,0.0023070893708530054,0.0516968867391885,29.66938780937618,0.05537014490047238
7.128957644002348,799.812143773471,0.3677536771019849,0.3753951403364856,0.23908938960897397,-4.787974344842989,1.0,1.0162481881180732,74.59089931797283,77.2143124892901,77.2143124892901,0,0,80.0,0,0.0,0.10745897064345893,0.21567700133283774,0,0.014491830683518347,0.4791666666666667,804.6562296201278,0.0,30.411371923106856,0.5480407502816405,835.6156422935162,s0941,96,0.18662381999999994,0.13125367509954264,0.05537014490047213,0.0023070893708530054,0.0516968867391885,29.66938780937618,0.05537014490047238
7.151522728111791,802.0910737533627,0.36422603118359886,0.36128568555556645,0.2511799404432662,-4.80355336512688,1.0,1.0160801305485025,72.94735367335677,77.21358833033784,77.21358833033784,0,0,80.0,0,0.0,0.10405125250037615,0.24069836589904123,0,0.015469627184699814,0.4479166666666667,804.6562296201278,0.0,33.42863432930294,0.5306613877519181,838.6155253371826,s0942,96,0.18662381999999994,0.13125367509954264,0.05537014490047213,0.0023070893708530054,0.0516968867391885,29.66938780937618,0.05537014490047238
7.1049973096188985,798.0256935245296,0.38887387624132724,0.40410507831385134,0.2393365273800186,-4.879501696533395,1.0,1.016133378288908,74.210122096741,76.60278428918674,76.60278428918674,0,0,80.0,0,0.0,0.09663395716460924,0.25589927158321046,0,0.016239940116430478,0.5,804.6562296201278,0.0,35.94129796312445,0.49283318153950695,841.0903607647917,s0943,96,0.18662381999999994,0.13125367509954264,0.05537014490047213,0.0023070893708530054,0.0516968867391885,29.66938780937618,0.05537014490047238
7.157825603641443,803.0258307164036,0.36121431956465894,0.39240028732765747,0.2282222776442604,-4.8089707762031155,1.0,1.0152944054861588,74.53408889943913,72.92082845262611,72.92082845262611,0,0,80.0,0,0.0,0.09514824796529063,0.22508486490179413,0,0.013588635125508541,0.4583333333333333,804.6562296201278,0.0,31.473396259884403,0.4852560646229823,836.6148819446352,s0944,96,0.18662381999999994,0.13125367509954264,0.05537014490047213,0.0023070893708530054,0.0516968867391885,29.66938780937618,0.05537014490047238
7.147653206713166,802.9503903772164,0.36767715605026385,0.3647894634495129,0.22732014560634484,-4.881876797134679,1.0,1.0165883249054228,76.09649492851504,79.65806632813981,79.65806632813981,0,0,80.0,0,0.0,0.10060563840038098,0.26974683972902974,0,0.0174615491333591,0.5104166666666666,804.6562296201278,0.0,37.69912603770535,0.513088755841943,842.8684444136751,s0945,96,0.18662381999999994,0.13125367509954264,0.05537014490047213,0.0023070893708530054,0.0516968867391885,29.66938780937618,0.05537014490047238
7.1816351858127305,805.8094082630887,0.3779232982445744,0.358643912409576,0.25304069563204357,-4.885019196450208,1.0,1.0171916041459959,75.89838490278773,83.62101359700962,83.62101359700962,0,1,80.0,0,0.0,0.10170227085648931,0.2599117644887359,0,0.017565786755395763,0.4270833333333333,804.6562296201278,0.0,36.487729018049,0.5186815813680953,841.6626402195449,s0946,96,0.18662381999999994,0.13125367509954264,0.05537014490047213,0.0023070893708530054,0.0516968867391885,29.66938780937618,0.05537014490047238
7.128007581572858,799.303608017671,0.365902647704344,0.35661444993953895,0.22690080809971452,-4.8057705644127475,1.0,1.016002539907843,74.60636465605984,76.11765675752919,76.11765675752919,0,0,80.0,0,0.0,0.10806386002460999,0.21943946230179723,0,0.014597944235697564,0.4791666666666667,804.6562296201278,0.0,31.107632741875193,0.5511256861255109,836.3149880481285,s0947,96,0.18662381999999994,0.13125367509954264,0.05537014490047213,0.0023070893708530054,0.0516968867391885,29.66938780937618,0.05537014490047238
7.099097858668378,796.519643636433,0.3813742086203881,0.40260996573524266,0.23898104730124925,-4.8815398424586585,1.0,1.0167434200163221,73.9368597942113,80.56946148459755,80.56946148459755,0,1,80.0,0,0.0,0.09717045552196742,0.25929334873967497,0,0.016207322543577818,0.5520833333333334,804.6562296201278,0.0,36.95598508875193,0.4955693231620336,842.1077840320418,s0948,96,0.18662381999999994,0.13125367509954264,0.05537014490047213,0.0023070893708530054,0.0516968867391885,29.66938780937618,0.05537014490047238
7.174504430869897,804.7772232225362,0.3836553041859916,0.39077282351352105,0.27694295179174117,-4.783394563217232,1.0,1.0162632384239982,74.08256585887719,78.30343080806583,78.30343080806583,0,0,80.0,0,0.0,0.10604573077782418,0.2672655978471674,0,0.017651103273518667,0.4166666666666667,804.6562296201278,0.0,37.7217734214476,0.5408332269669032,842.9188362685422,s0949,96,0.18662381999999994,0.13125367509954264,0.05537014490047213,0.0023070893708530054,0.0516968867391885,29.66938780937618,0.05537014490047238
7.054829105686016,791.7589262351544,0.3629805515747299,0.38880999949254486,0.2583973547537626,-4.836209160965834,1.0,1.0169231547749618,75.99575837548507,81.40397506877154,81.40397506877154,0,1,80.0,0,0.0,0.10721489830561892,0.2646483449276181,0,0.016371760074594902,0.5208333333333334,804.6562296201278,0.0,37.13717315637241,0.5467959813586565,842.3401987578588,s0950,96,0.18662381999999994,0.13125367509954264,0.05537014490047213,0.0023070893708530054,0.0516968867391885,29.66938780937618,0.05537014490047238
7.129600163057884,800.0888450048901,0.3669297519552282,0.35947615254925147,0.278685291975176,-4.886610802191199,1.0,1.0168739268368145,74.5658056295651,81.04547505301323,81.04547505301323,0,1,80.0,0,0.0,0.13268276622926686,0.2611754693906126,0,0.018372597005846487,0.5104166666666666,804.6562296201278,0.0,36.9267119995575,0.6766821077692607,842.2596237274545,s0951,96,0.18662381999999994,0.13125367509954264,0.05537014490047213,0.0023070893708530054,0.0516968867391885,29.66938780937618,0.05537014490047238
7.114485512487024,798.2296590245144,0.36620926299837653,0.42735140317935616,0.24732285241526258,-4.737728079159518,1.0,1.0164531603195521,75.56654861261505,79.90683881179834,79.90683881179834,0,0,80.0,0,0.0,0.09889317537897616,0.2470849824681612,0,0.0163021258946712,0.4270833333333333,804.6562296201278,0.0,35.10090219591521,0.5043551944327784,840.2614870104758,s0952,96,0.18662381999999994,0.13125367509954264,0.05537014490047213,0.0023070893708530054,0.0516968867391885,29.66938780937618,0.05537014490047238
7.066258559751144,793.9173595353922,0.35890393147128613,0.42924728364016884,0.25714001403648123,-4.830498898803744,1.0,1.0172982658923515,74.35654477932223,83.52142003423744,83.52142003423744,0,1,80.0,0,0.0,0.10716353628938759,0.28732700645942943,0,0.017407670555680075,0.53125,804.6562296201278,0.0,40.348689068544864,0.5465340350758765,845.5514527237485,s0953,96,0.18662381999999994,0.13125367509954264,0.05537014490047213,0.0023070893708530054,0.0516968867391885,29.66938780937618,0.05537014490047238
7.132683079597275,800.5921754467131,0.3734460327249917,0.3727746847387146,0.2762728192791165,-4.7886428183062035,1.0,1.0165700490255323,74.77270271682765,80.15953703889774,80.15953703889774,0,1,80.0,0,0.0,0.10035900409812398,0.25484316258997125,0,0.015764991846744073,0.5416666666666666,804.6562296201278,0.0,35.32766624256241,0.5118309209004323,840.4957267835906,s0954,96,0.18662381999999994,0.13125367509954264,0.05537014490047213,0.0023070893708530054,0.0516968867391885,29.66938780937618,0.05537014490047238
7.076551121475235,794.3286653501871,0.3711579417591199,0.4032081448510907,0.2500494226670431,-4.756167057683926,1.0,1.0159370053674208,73.39258275926909,75.86065718287914,75.86065718287914,0,0,80.0,0,0.0,0.1192443388206661,0.2546804355568124,0,0.017209214415834867,0.5625,804.6562296201278,0.0,35.758495835162016,0.6081461279853972,841.0228715832751,s0955,96,0.18662381999999994,0.13125367509954264,0.05537014490047213,0.0023070893708530054,0.0516968867391885,29.66938780937618,0.05537014490047238
7.165096161787306,804.0787990244386,0.3699100346977562,0.33506520714772664,0.23780229266143316,-4.804931447625443,1.0,1.016928311813711,74.66094477703192,82.60078392296545,82.60078392296545,0,1,80.0,0,0.0,0.09935086378991534,0.25208414658518624,0,0.01705782759058506,0.46875,804.6562296201278,0.0,35.401425124522305,0.5066894053285681,840.5643441499786,s0956,96,0.18662381999999994,0.13125367509954264,0.05537014490047213,0.0023070893708530054,0.0516968867391885,29.66938780937618,0.05537014490047238
7.1815883516185774,806.1706860226511,0.3796347213706617,0.32836988328474914,0.28136358420292595,-4.791489140296188,1.0,1.0161572917844,75.90867684467634,76.73196147950594,76.73196147950594,0,0,80.0,0,0.0,0.10208874863851325,0.3074131527493296,0,0.0195104144216365,0.4479166666666667,804.6562296201278,0.0,42.66696181589264,0.5206526180564177,847.8438440540767,s0957,96,0.18662381999999994,0.13125367509954264,0.05537014490047213,0.0023070893708530054,0.0516968867391885,29.66938780937618,0.05537014490047238
7.153363103675348,802.8857963742109,0.37331705218714817,0.3578584419447899,0.2626751993837886,-4.8315839790169735,1.0,1.016401588507804,73.54313735342743,77.93106108752515,77.93106108752515,0,0,80.0,0,0.0,0.10457562399229786,0.2833646446051834,0,0.017093486324844,0.4895833333333333,804.6562296201278,0.0,40.14473645300739,0.5333356823607192,845.3343017554959,s0958,96,0.18662381999999994,0.13125367509954264,0.05537014490047213,0.0023070893708530054,0.0516968867391885,29.66938780937618,0.05537014490047238
7.159117876838591,802.6237694698376,0.36847321908268993,0.37358473220604804,0.24466985851536957,-4.98374611240824,1.0,1.0169441712945184,76.59523847976203,81.32176771250612,81.32176771250612,0,1,80.0,0,0.0,0.09884777293038899,0.2606240022082261,0,0.01715069449489896,0.4895833333333333,804.6562296201278,0.0,36.38250614668203,0.5041236419449838,841.5428594087548,s0959,96,0.18662381999999994,0.13125367509954264,0.05537014490047213,0.0023070893708530054,0.0516968867391885,29.66938780937618,0.05537014490047238
7.062895424226759,793.2556717239572,0.378300012309741,0.4251899199600945,0.24364011672039518,-4.7874115129454715,1.0,1.0162798968501456,73.844997765546,77.3196553279624,77.3196553279624,0,0,80.0,0,0.0,0.10448756340602289,0.24409193901033555,0,0.01496114677447595,0.6666666666666666,804.6562296201278,0.0,34.36315031141188,0.5328865733707168,839.5522665049103,s0960,96,0.18662381999999994,0.13125367509954264,0.05537014490047213,0.0023070893708530054,0.0516968867391885,29.66938780937618,0.05537014490047238
7.167710587704265,804.7808644508234,0.37877697520438053,0.3642314232935481,0.2471553307921407,-4.850064987045399,1.0,1.01588845765912,73.41584802240182,75.15720379218655,75.15720379218655,0,0,80.0,0,0.0,0.09704290952912831,0.24640739642048787,0,0.015469592555236866,0.4895833333333333,804.6562296201278,0.0,35.07224753665933,0.4949188385985545,840.2233959953857,s0961,96,0.18662381999999994,0.13125367509954264,0.05537014490047213,0.0023070893708530054,0.0516968867391885,29.66938780937618,0.05537014490047238
7.186491159303656,806.3607613410813,0.3564934298734323,0.3412560780985464,0.24390293601976554,-4.8491818139103335,1.0,1.017393862639162,74.16698243537883,84.4027851328944,84.4027851328944,0,1,80.0,0,0.0,0.09923338858809298,0.23096420510001894,0,0.014559486037997517,0.4375,804.6562296201278,0.0,32.107249583277486,0.5060902817992742,837.2695694852046,s0962,96,0.18662381999999994,0.13125367509954264,0.05537014490047213,0.0023070893708530054,0.0516968867391885,29.66938780937618,0.05537014490047238
7.17966498995543,805.7551497764748,0.381375059448698,0.3565806192250902,0.2095988623109953,-4.731027836541767,1.0,1.0163347220314625,74.51483821738326,77.83158804670197,77.83158804670197,0,0,80.0,0,0.0,0.09579832236444265,0.2331115452968977,0,0.015142795170253139,0.46875,804.6562296201278,0.0,32.66047758583475,0.48857144405865716,837.8052786500211,s0963,96,0.18662381999999994,0.13125367509954264,0.05537014490047213,0.0023070893708530054,0.0516968867391885,29.66938780937618,0.05537014490047238
7.178722669223607,805.246569250653,0.3784568772478494,0.3760185328018839,0.2603011333882683,-4.8099417082479965,1.0,1.0165528341753782,72.58301156592401,78.81163557617144,78.81163557617144,0,0,80.0,0,0.0,0.1033981530019221,0.2536995633984127,0,0.016205650507897174,0.5208333333333334,804.6562296201278,0.0,35.66106341599794,0.5273305803098027,840.8446236164355,s0964,96,0.18662381999999994,0.13125367509954264,0.05537014490047213,0.0023070893708530054,0.0516968867391885,29.66938780937618,0.05537014490047238
7.0810571233918385,795.1171103064055,0.3592893220291904,0.3792737843923389,0.2565678619940764,-4.86667604623696,1.0,1.0161541887262786,74.10232569791476,77.67800240311054,77.67800240311054,0,0,80.0,0,0.0,0.08718981953262428,0.26433504515695544,0,0.016843983451431656,0.59375,804.6562296201278,0.0,36.758198872728656,0.44466807961638394,841.8590965724727,s0965,96,0.18662381999999994,0.13125367509954264,0.05537014490047213,0.0023070893708530054,0.0516968867391885,29.66938780937618,0.05537014490047238
7.0981441341849765,796.9388251794734,0.36799896333372467,0.3539989914837146,0.1986199032450627,-4.741336692013291,1.0,1.0163001531745242,73.72354550742641,78.00954808245385,78.00954808245385,0,0,80.0,0,0.0,0.08673723876309378,0.25416768340804086,0,0.015648464031643577,0.53125,804.6562296201278,0.0,36.13694164977763,0.44235991769177846,841.2355311875972,s0966,96,0.18662381999999994,0.13125367509954264,0.05537014490047213,0.0023070893708530054,0.0516968867391885,29.66938780937618,0.05537014490047238
7.137830630140926,801.1539898828185,0.3757687111708123,0.3778047626643726,0.26281957111046017,-4.92652812818967,1.0,1.016816731123697,74.64968080413799,81.33220473584811,81.33220473584811,0,1,80.0,0,0.0,0.09868358860605653,0.2568619525714029,0,0.01612699070303691,0.5416666666666666,804.6562296201278,0.0,36.412557607944,0.5032863018908883,841.5720735299626,s0967,96,0.18662381999999994,0.13125367509954264,0.05537014490047213,0.0023070893708530054,0.0516968867391885,29.66938780937618,0.05537014490047238
7.151268333847094,802.0581353195192,0.37619198535059917,0.36951369540725665,0.27066546681895065,-4.811649292830568,1.0,1.0178639596773207,75.68948727337046,88.12149643515677,88.12149643515677,0,1,80.0,0,0.0,0.1100779806531935,0.29097401008556245,0,0.019333303996821222,0.5104166666666666,804.6562296201278,0.0,40.77157397915392,0.5613977013312866,845.989201300613,s0968,96,0.18662381999999994,0.13125367509954264,0.05537014490047213,0.0023070893708530054,0.0516968867391885,29.66938780937618,0.05537014490047238
7.131721570122066,800.301795352545,0.3726163704088852,0.3920097187496788,0.20616974931432347,-4.782018313025614,1.0,1.0158396780213024,73.43192479343365,76.28569452904355,76.28569452904355,0,0,80.0,0,0.0,0.09602012536445913,0.24149187689628598,0,0.016171331790462408,0.4270833333333333,804.6562296201278,0.0,34.656966981174804,0.4897026393587415,839.8028992406613,s0969,96,0.18662381999999994,0.13125367509954264,0.05537014490047213,0.0023070893708530054,0.0516968867391885,29.66938780937618,0.05537014490047238
7.102689824659546,797.556351047174,0.3702555690978357,0.39980355092596936,0.2167357848878072,-4.78057315952846,1.0,1.0162421116010272,75.65374075445256,77.1244968726427,77.1244968726427,0,0,80.0,0,0.0,0.07593857984761013,0.25103459973263287,0,0.015335189740059766,0.5208333333333334,804.6562296201278,0.0,34.842841164553086,0.38728675722281164,839.8863575419036,s0970,96,0.18662381999999994,0.13125367509954264,0.05537014490047213,0.0023070893708530054,0.0516968867391885,29.66938780937618,0.05537014490047238
7.060796328093853,791.9894321162981,0.3800987727356216,0.44206288161926244,0.26288904430078436,-4.919541998745104,1.0,1.0163611351617794,76.31644577268433,77.9255999197777,77.9255999197777,0,0,80.0,0,0.0,0.11426821448232126,0.2656767123970107,0,0.017304550253796503,0.5625,804.6562296201278,0.0,37.511690405067114,0.5827678938598383,842.7506879190547,s0971,96,0.18662381999999994,0.13125367509954264,0.05537014490047213,0.0023070893708530054,0.0516968867391885,29.66938780937618,0.05537014490047238
7.133914212947539,800.3209452510337,0.3661340638695541,0.4025202821851973,0.2522875601931156,-4.879424051295234,1.0,1.0161006030384925,74.50798457995478,76.30040457854754,76.30040457854754,0,0,80.0,0,0.0,0.09093752528797562,0.25565563261216306,0,0.015277007432520487,0.4895833333333333,804.6562296201278,0.0,36.06647600753455,0.4637813789686757,841.186487006631,s0972,96,0.18662381999999994,0.13125367509954264,0.05537014490047213,0.0023070893708530054,0.0516968867391885,29.66938780937618,0.05537014490047238
7.104026969811269,797.6586699616681,0.36537543453575333,0.3789720720411175,0.2420651081445619,-4.8246014938805954,1.0,1.016120026930074,75.41383790643629,77.98109155187495,77.98109155187495,0,0,80.0,0,0.0,0.09274325909771816,0.253951556071908,0,0.016312403932652608,0.5520833333333334,804.6562296201278,0.0,35.745034405470804,0.4729906213983625,840.874254646997,s0973,96,0.18662381999999994,0.13125367509954264,0.05537014490047213,0.0023070893708530054,0.0516968867391885,29.66938780937618,0.05537014490047238
7.110111489322386,798.6656918883203,0.36821512738568235,0.3781540213109437,0.22991258997778302,-4.8655748322917605,1.0,1.0163035394893216,75.2498742413222,77.53048792446874,77.53048792446874,0,0,80.0,0,0.0,0.09368203124313017,0.24034653712066667,0,0.01497614628925611,0.4895833333333333,804.6562296201278,0.0,33.41077229684786,0.47777835933996365,838.5447802763156,s0974,96,0.18662381999999994,0.13125367509954264,0.05537014490047213,0.0023070893708530054,0.0516968867391885,29.66938780937618,0.05537014490047238
7.1110310793094005,798.2593819641378,0.38549101812828784,0.38847931798546803,0.20596179239191,-4.861638452996302,1.0,1.0157518823994987,77.69330767147112,75.35153776101832,75.35153776101832,0,0,80.0,0,0.0,0.09874694139971445,0.22702581122377324,0,0.014491509710351477,0.5104166666666666,804.6562296201278,0.0,31.846320743395037,0.5036094011385437,837.0061597646613,s0975,96,0.18662381999999994,0.13125367509954264,0.05537014490047213,0.0023070893708530054,0.0516968867391885,29.66938780937618,0.05537014490047238
7.044475969304333,790.4645492399948,0.360263012384709,0.40009157722697314,0.2223990394321957,-4.8930992945441325,1.0,1.016881810450701,75.21393804634769,82.07992203926578,82.07992203926578,0,1,80.0,0,0.0,0.09985999572241365,0.24892493884989483,0,0.01362361266795141,0.65625,804.6562296201278,0.0,34.70095331373594,0.5092859781843095,839.8664689120479,s0976,96,0.18662381999999994,0.13125367509954264,0.05537014490047213,0.0023070893708530054,0.0516968867391885,29.66938780937618,0.05537014490047238
7.132737505020463,801.7541452435322,0.3833861310143273,0.34140390292643996,0.280619855430049,-4.830670473773737,1.0,1.01568353306785,75.46138584974426,75.46289409893025,75.46289409893025,0,0,80.0,0,0.0,0.10232606382474238,0.32006718532149003,0,0.019256705735077165,0.5,804.6562296201278,0.0,45.06849495994714,0.5218629255061862,850.246587505581,s0977,96,0.18662381999999994,0.13125367509954264,0.05537014490047213,0.0023070893708530054,0.0516968867391885,29.66938780937618,0.05537014490047238
7.112785802253891,798.3550139701047,0.383957488784556,0.38610683250250216,0.2473107829444256,-4.821059960557496,1.0,1.016682859245923,74.98750424249492,80.0437826696313,80.0437826696313,0,1,80.0,0,0.0,0.10133529675233266,0.23844377256249996,0,0.014674942502702579,0.5208333333333334,804.6562296201278,0.0,33.38811691993208,0.5168100134368966,838.5611565534967,s0978,96,0.18662381999999994,0.13125367509954264,0.05537014490047213,0.0023070893708530054,0.0516968867391885,29.66938780937618,0.05537014490047238
7.2034258603884025,808.7440255112494,0.3776532648969007,0.32014096525306324,0.22031454032858977,-4.794285257511312,1.0,1.0160398274920692,73.29897195321871,77.13278479021405,77.13278479021405,0,0,80.0,0,0.0,0.10276154471631815,0.2420501781610686,0,0.01640909672366833,0.4583333333333333,804.6562296201278,0.0,33.906336702264596,0.5240838780532225,839.0866502004457,s0979,96,0.18662381999999994,0.13125367509954264,0.05537014490047213,0.0023070893708530054,0.0516968867391885,29.66938780937618,0.05537014490047238
7.097269247652183,796.3250935044055,0.38194326340985335,0.4008644433098141,0.29032335391030684,-4.843321087160672,1.0,1.0168786649959223,77.34086287229267,81.94294370763683,81.94294370763683,0,2,80.0,0,0.0,0.10610747270420129,0.24334841595221088,0,0.015303938849426605,0.4895833333333333,804.6562296201278,0.0,33.94136249924216,0.5411481107914269,839.1387402301614,s0980,96,0.18662381999999994,0.13125367509954264,0.05537014490047213,0.0023070893708530054,0.0516968867391885,29.66938780937618,0.05537014490047238
7.125860068091866,799.6219945278524,0.37832615698929284,0.3780198060548134,0.2632121007042666,-4.849352547726876,1.0,1.0163639844767633,77.24062117126299,77.22216441255063,77.22216441255063,0,0,80.0,0,0.0,0.10714490272625085,0.22933687147605242,0,0.014588155875446962,0.53125,804.6562296201278,0.0,31.779167152766632,0.5464390039038793,836.9818357767982,s0981,96,0.18662381999999994,0.13125367509954264,0.05537014490047213,0.0023070893708530054,0.0516968867391885,29.66938780937618,0.05537014490047238
7.073990833257185,794.5771036385181,0.3739910460604821,0.37723450730955665,0.2503516744100103,-4.886297198591204,1.0,1.0171483024280674,74.85866308471188,83.15381812639411,83.15381812639411,0,1,80.0,0,0.0,0.10734359242947848,0.2624871719990267,0,0.01590332464437795,0.5520833333333334,804.6562296201278,0.0,36.89456492807114,0.5474523213903402,842.0982468695893,s0982,96,0.18662381999999994,0.13125367509954264,0.05537014490047213,0.0023070893708530054,0.0516968867391885,29.66938780937618,0.05537014490047238
7.104258823525635,797.2918844760799,0.3609723097598619,0.37426175622801006,0.24300539045998815,-4.865798694124799,1.0,1.0160247544387266,74.6233320836389,77.15229370596141,77.15229370596141,0,0,80.0,0,0.0,0.08621654612556093,0.257652917778108,0,0.015045715722860552,0.5625,804.6562296201278,0.0,35.8581110666667,0.4397043852403605,840.9540450720348,s0983,96,0.18662381999999994,0.13125367509954264,0.05537014490047213,0.0023070893708530054,0.0516968867391885,29.66938780937618,0.05537014490047238
7.169049259362819,804.5885482404236,0.3785856922708952,0.37603892915236536,0.2680903651736465,-4.864021136004399,1.0,1.0168123344508826,75.7709252161732,81.06085936434629,81.06085936434629,0,1,80.0,0,0.0,0.10346992205802835,0.2711174532839485,0,0.01755246845504001,0.4479166666666667,804.6562296201278,0.0,37.9837672171544,0.5276966024959447,843.1676934397781,s0984,96,0.18662381999999994,0.13125367509954264,0.05537014490047213,0.0023070893708530054,0.0516968867391885,29.66938780937618,0.05537014490047238
7.082236501890629,795.3869726620683,0.3872192591318801,0.40194300020337087,0.262206811732334,-4.813223670502227,1.0,1.0157679257142243,75.0919221434905,75.16612683446928,75.16612683446928,0,0,80.0,0,0.0,0.11104044839122869,0.23863333623059108,0,0.01437985589170628,0.5520833333333334,804.6562296201278,0.0,33.54772974827263,0.5663062867952663,838.7702656551957,s0985,96,0.18662381999999994,0.13125367509954264,0.05537014490047213,0.0023070893708530054,0.0516968867391885,29.66938780937618,0.05537014490047238
7.101873981208951,796.9257630711691,0.3633030322594981,0.36202229286067306,0.25805648327395503,-4.8760073556484125,1.0,1.0174603810522684,78.21204579948497,85.73620990541959,85.73620990541959,0,1,80.0,0,0.0,0.11227537044625495,0.27293265144027257,0,0.018832352259932787,0.5,804.6562296201278,0.0,38.451155660709595,0.5726043892759003,843.6799896701132,s0986,96,0.18662381999999994,0.13125367509954264,0.05537014490047213,0.0023070893708530054,0.0516968867391885,29.66938780937618,0.05537014490047238
7.1032947923684855,797.7546209320299,0.37177246839395484,0.3775643443353814,0.2970039176583537,-4.85417600241859,1.0,1.0160374863382469,77.4912916809763,77.28201458531696,77.28201458531696,0,0,80.0,0,0.0,0.10492875128034472,0.25723009054652163,0,0.015555668573089407,0.5625,804.6562296201278,0.0,35.330664205794406,0.5351366315297583,840.5220304574519,s0987,96,0.18662381999999994,0.13125367509954264,0.05537014490047213,0.0023070893708530054,0.0516968867391885,29.66938780937618,0.05537014490047238
7.093547850697781,796.0847485538645,0.36519862751303905,0.3754402655680429,0.2695669698044094,-4.797201335024461,1.0,1.0162194898376051,75.56825291721339,78.40485358377838,78.40485358377838,0,0,80.0,0,0.0,0.09598736105654287,0.24042462113506557,0,0.014897200338989237,0.5520833333333334,804.6562296201278,0.0,33.41679524059157,0.4895355413883689,838.5625604021077,s0988,96,0.18662381999999994,0.13125367509954264,0.05537014490047213,0.0023070893708530054,0.0516968867391885,29.66938780937618,0.05537014490047238
7.149070314979567,801.8124584205873,0.36411920431735195,0.3795643464668317,0.26510970147150004,-4.862076370906654,1.0,1.017195871437656,75.48638863628729,83.10696465555564,83.10696465555564,0,1,80.0,0,0.0,0.11533516450088627,0.22097057503682244,0,0.015611952901010105,0.4791666666666667,804.6562296201278,0.0,30.57951049901621,0.5882093389545199,835.8239494580985,s0989,96,0.18662381999999994,0.13125367509954264,0.05537014490047213,0.0023070893708530054,0.0516968867391885,29.66938780937618,0.05537014490047238
7.161044136206433,803.8313333651286,0.359103690140731,0.3452365142339969,0.2111616430942671,-4.81516367031256,1.0,1.0156997363681481,76.04214862260807,74.34439426556324,74.34439426556324,0,0,80.0,0,0.0,0.09100233828376168,0.25840689574943737,0,0.01674921475156525,0.4895833333333333,804.6562296201278,0.0,36.333937431387504,0.46411192524718453,841.4542789767625,s0990,96,0.18662381999999994,0.13125367509954264,0.05537014490047213,0.0023070893708530054,0.0516968867391885,29.66938780937618,0.05537014490047238
7.14712048836615,801.7014021123173,0.3652521238425584,0.37236244673441465,0.26127935922244183,-4.857618565490463,1.0,1.0167903420174107,75.61099147058732,81.4196191415666,81.4196191415666,0,1,80.0,0,0.0,0.1099211594185222,0.25874886683710374,0,0.016759474925298667,0.4479166666666667,804.6562296201278,0.0,35.9075811806232,0.5605979130344633,841.1244087137854,s0991,96,0.18662381999999994,0.13125367509954264,0.05537014490047213,0.0023070893708530054,0.0516968867391885,29.66938780937618,0.05537014490047238
7.106224068163207,798.4070946988741,0.37078414267890675,0.3807942589998231,0.2141525098807408,-4.850610803839138,1.0,1.0152262016830027,75.89500022810469,75.51033887343279,75.51033887343279,0,0,80.0,0,0.0,0.10378353714958709,0.22512921454689855,0,0.01435661928007412,0.5208333333333334,804.6562296201278,0.0,31.645710014892995,0.5292960394628938,836.8312356744837,s0992,96,0.18662381999999994,0.13125367509954264,0.05537014490047213,0.0023070893708530054,0.0516968867391885,29.66938780937618,0.05537014490047238
7.127283021224217,799.8420574442429,0.35779318417594397,0.3450395157473617,0.24689673703755988,-4.795922338642046,1.0,1.0168129402187265,74.72550917741803,81.06683864995554,81.06683864995554,0,1,80.0,0,0.0,0.08995321977097756,0.2591812181528848,0,0.016223030183853775,0.46875,804.6562296201278,0.0,36.5021495327627,0.4587614208319855,841.6171405737224,s0993,96,0.18662381999999994,0.13125367509954264,0.05537014490047213,0.0023070893708530054,0.0516968867391885,29.66938780937618,0.05537014490047238
7.132269407441987,800.4058604184147,0.3736383654283499,0.39125777648933185,0.2666288373734387,-4.733362287394366,1.0,1.0160362160692238,72.71341337989739,76.94205046507044,76.94205046507044,0,0,80.0,0,0.0,0.10679605564178998,0.2517581297326098,0,0.016168553775082792,0.5416666666666666,804.6562296201278,0.0,35.304665299413045,0.5446598837731287,840.5055548033139,s0994,96,0.18662381999999994,0.13125367509954264,0.05537014490047213,0.0023070893708530054,0.0516968867391885,29.66938780937618,0.05537014490047238
7.116719545571524,799.1777059381327,0.3728338514403013,0.3434176183333612,0.2580353921002354,-4.84736464715682,1.0,1.016530191415344,74.67400235940727,78.94516054903336,78.94516054903336,0,0,80.0,0,0.0,0.08277699636150594,0.253706784574693,0,0.016390836243746505,0.5520833333333334,804.6562296201278,0.0,35.54566451209964,0.42216268144368035,840.624056813671,s0995,96,0.18662381999999994,0.13125367509954264,0.05537014490047213,0.0023070893708530054,0.0516968867391885,29.66938780937618,0.05537014490047238
7.177116682408895,804.4819409332567,0.36533117604501364,0.39127110808555005,0.2539328059786492,-4.788566939369725,1.0,1.016508528913647,75.80298015140771,79.94688275438133,79.94688275438133,0,0,80.0,0,0.0,0.0958900365356629,0.2691382719804833,0,0.01796821321033649,0.4791666666666667,804.6562296201278,0.0,37.544878812490154,0.4890391863318808,842.6901476189498,s0996,96,0.18662381999999994,0.13125367509954264,0.05537014490047213,0.0023070893708530054,0.0516968867391885,29.66938780937618,0.05537014490047238
7.092474513955576,796.390040834898,0.36905360758544326,0.4280076998209307,0.24572422850529924,-4.758457469849944,1.0,1.0157497747373545,76.03485844003262,76.71607019390837,76.71607019390837,0,0,80.0,0,0.0,0.09610611104183082,0.2671085386238501,0,0.016584928415052252,0.40625,804.6562296201278,0.0,37.88905724570842,0.49014116631333693,843.0354280321495,s0997,96,0.18662381999999994,0.13125367509954264,0.05537014490047213,0.0023070893708530054,0.0516968867391885,29.66938780937618,0.05537014490047238
7.148496014768758,802.8162643394809,0.3669735827669672,0.33387230085133185,0.22779535893351166,-4.78595706926457,1.0,1.017333638150717,74.76788084572048,83.67476731143377,83.67476731143377,0,1,80.0,0,0.0,0.11358089559383888,0.24942326477539617,0,0.018464383182584535,0.5104166666666666,804.6562296201278,0.0,35.21365032187665,0.5792625675285783,840.449142509533,s0998,96,0.18662381999999994,0.13125367509954264,0.05537014490047213,0.0023070893708530054,0.0516968867391885,29.66938780937618,0.05537014490047238
7.126996355945963,800.7496110351091,0.3630133722766233,0.4059171027685734,0.26786604468570846,-4.8686794390899,1.0,1.0156357908677156,76.005765603822,75.27505836898956,75.27505836898956,0,0,80.0,0,0.0,0.11038759733267724,0.25192416786768657,0,0.016178051114076157,0.4166666666666667,804.6562296201278,0.0,34.6851408647053,0.5629767463966541,839.9043472312297,s0999,96,0.18662381999999994,0.13125367509954264,0.05537014490047213,0.0023070893708530054,0.0516968867391885,29.66938780937618,0.05537014490047238
7.109924691470523,798.9102689033247,0.3692629136314245,0.378250441984355,0.28446535609248436,-4.89365183972447,1.0,1.016705208579064,74.85434066712678,80.02349647175512,80.02349647175512,0,1,80.0,0,0.0,0.10075218680251256,0.29573528353358747,0,0.017615173340554822,0.5625,804.6562296201278,0.0,41.76352192331479,0.5138361526928139,846.9335876961353,s1000,96,0.18662381999999994,0.13125367509954264,0.05537014490047213,0.0023070893708530054,0.0516968867391885,29.66938780937618,0.05537014490047238
