import_mwh,energy_cost_eur,peak_import_mw,pv_energy_mwh,hp_resid_energy_mwh_abs,avg_temp_c,v_min_pu,v_max_pu,max_line_loading_pct,max_trafo_loading_pct,max_trafo_loading_pct_optionA,steps_line_over_80pct,steps_trafo_over_80pct,loading_violation_threshold_pct,steps_voltage_violation,pv_curtail_mwh,bess_rt_energy_throughput_mwh,imbalance_mwh,bess_soc_clip_steps,residual_policy_std,residual_policy_frac_negative,da_energy_cost_eur,rt_pv_curtail_cost_eur,rt_imbalance_cost_eur,rt_bess_cycle_cost_eur,total_cost_eur,sample_id,n_steps,flex_baseline_energy_mwh,flex_realized_energy_mwh,flex_curtail_energy_mwh,flex_avg_curtailment_mw,flex_peak_curtailment_mw,flex_energy_curtailed_pct,flex_ycap_energy_mwh
7.222455703093702,812.1585893697813,0.3981894341859246,0.35040415006626185,0.5093810231706406,-4.5143630933157315,1.0,1.0201333219612263,89.40002185653496,99.56225492716435,99.56225492716435,1,7,80.0,0,0.0,0.31013844717023487,0.3340953085209534,4,0.0336599214783245,0.59375,811.0362299116134,0.0,44.68737702042727,1.5817060805681986,857.3053130126088,s0001,96,0.18662381999999994,0.178786464419104,0.007837355580895492,0.00032655648253731217,0.0204044582396211,4.1995472929958755,0.007837355580895617
7.292208048672263,819.9048296706678,0.39818943418726604,0.3223056177507464,0.5397661492892073,-4.315140154057467,1.0,1.0189556858630564,91.0117721553376,92.73193033097763,92.73193033097763,3,10,80.0,0,0.0,0.2960508177340337,0.3552075542849716,7,0.03424506813598309,0.5,811.0362299116134,0.0,46.41113677122182,1.5098591704435713,858.9572258532787,s0002,96,0.18662381999999994,0.178786464419104,0.007837355580895492,0.00032655648253731217,0.0204044582396211,4.1995472929958755,0.007837355580895617
7.183698862019977,807.4516888121198,0.3981894341858751,0.39049394894223477,0.4776725267188177,-4.8461097679364284,1.0,1.0199164609465912,85.51980011319309,97.17416189716818,97.17416189716818,2,5,80.0,0,0.0,0.32160669289025695,0.20290963247016183,3,0.024928481130099867,0.5833333333333334,811.0362299116134,0.0,25.840488621578533,1.6401941337403108,838.5169126669323,s0003,96,0.18662381999999994,0.178786464419104,0.007837355580895492,0.00032655648253731217,0.0204044582396211,4.1995472929958755,0.007837355580895617
7.273211985789343,815.5591615036014,0.3981894341859353,0.3926331366921066,0.4195824135190579,-4.392348163210667,1.0,1.0186844235922707,77.27768013003914,89.76816140000284,89.76816140000284,0,4,80.0,0,0.0,0.2560712399003417,0.25154533774826215,6,0.02591384833338145,0.4791666666666667,811.0362299116134,0.0,32.282502000620276,1.305963323491742,844.6246952357254,s0004,96,0.18662381999999994,0.178786464419104,0.007837355580895492,0.00032655648253731217,0.0204044582396211,4.1995472929958755,0.007837355580895617
7.115106478913685,800.0326061057534,0.3981894341862078,0.4738848988719113,0.4027155762822143,-4.399555390674556,1.0,1.01816731722906,77.8472686342559,89.93143066156797,89.93143066156797,0,3,80.0,0,0.0,0.2759761537597261,0.2647228583797422,6,0.028743204165659817,0.5833333333333334,811.0362299116134,0.0,34.94903073475267,1.4074783841746028,847.3927390305407,s0005,96,0.18662381999999994,0.178786464419104,0.007837355580895492,0.00032655648253731217,0.0204044582396211,4.1995472929958755,0.007837355580895617
7.294520649965114,818.7055484122658,0.39818943418602065,0.39492422490750645,0.46981086456334736,-5.219342680301043,1.0,1.0195878979278628,81.52578825806039,96.08701833425849,96.08701833425849,2,6,80.0,0,0.0,0.26171235450125346,0.3058054111031794,3,0.028863466151654086,0.40625,811.0362299116134,0.0,40.08545049112811,1.3347330079563928,852.4564134106979,s0006,96,0.18662381999999994,0.178786464419104,0.007837355580895492,0.00032655648253731217,0.0204044582396211,4.1995472929958755,0.007837355580895617
7.128565133083621,802.2449819880719,0.3981894341858486,0.40252276712625923,0.5267009822268149,-4.983645175933665,1.0,1.0204362949892916,87.71634331556778,100.32364195706076,100.32364195706076,6,11,80.0,0,0.0,0.3353099694236856,0.30195393307167573,3,0.02980007341083045,0.5729166666666666,811.0362299116134,0.0,39.187271722772444,1.7100808440607962,851.9335824784467,s0007,96,0.18662381999999994,0.178786464419104,0.007837355580895492,0.00032655648253731217,0.0204044582396211,4.1995472929958755,0.007837355580895617
7.195184753898406,808.7108023111,0.3981894341869409,0.3891635661983397,0.4655797365273864,-4.94170917131128,1.0,1.0180669843549146,81.09854139893393,89.10089518078458,89.10089518078458,1,3,80.0,0,0.0,0.2888330787883105,0.2959994699907908,5,0.02983476257539686,0.5208333333333334,811.0362299116134,0.0,37.80643826379198,1.4730487018203835,850.3157168772258,s0008,96,0.18662381999999994,0.178786464419104,0.007837355580895492,0.00032655648253731217,0.0204044582396211,4.1995472929958755,0.007837355580895617
7.236560063726059,812.7137772462002,0.4025979576256736,0.4034759928406402,0.46967348205949455,-4.567269126793782,1.0,1.0189914972014598,80.27881006118054,93.52930934288023,93.52930934288023,1,5,80.0,0,0.0,0.27333315386445867,0.2694076141237269,5,0.029497181563931295,0.4895833333333333,811.0362299116134,0.0,35.263583178288805,1.3939990847087398,847.693812174611,s0009,96,0.18662381999999994,0.178786464419104,0.007837355580895492,0.00032655648253731217,0.0204044582396211,4.1995472929958755,0.007837355580895617
7.1945162652434345,809.0261020168532,0.39818943418588637,0.39138518384818843,0.4515271266098651,-4.506733167149961,1.0,1.0195936776289636,82.76881145974215,95.33089469393467,95.33089469393467,1,4,80.0,0,0.0,0.2548492938642359,0.2706861384075627,2,0.026728759275362862,0.53125,811.0362299116134,0.0,34.683236685644644,1.2997313987076027,847.0191979959657,s0010,96,0.18662381999999994,0.178786464419104,0.007837355580895492,0.00032655648253731217,0.0204044582396211,4.1995472929958755,0.007837355580895617
7.242970175490224,813.4229219541929,0.4098284607266947,0.4603149532781912,0.45410277749459205,-4.602163492998584,1.0,1.0181317362267832,78.83139788310832,87.6931635353686,87.6931635353686,0,5,80.0,0,0.0,0.29653804836335057,0.2702885280080337,7,0.030339796458681755,0.53125,811.0362299116134,0.0,35.073825122913355,1.5123440466530873,847.6223990811799,s0011,96,0.18662381999999994,0.178786464419104,0.007837355580895492,0.00032655648253731217,0.0204044582396211,4.1995472929958755,0.007837355580895617
7.354718312175376,825.7889288845057,0.39818943418642044,0.31776400406464883,0.5388216806753565,-5.5887564279459,1.0,1.0182906668587113,82.35647939550492,90.38433045812418,90.38433045812418,3,4,80.0,0,0.0,0.3460377514801411,0.3373212520231062,9,0.03644826448919754,0.3958333333333333,811.0362299116134,0.0,46.176835720543146,1.7647925325487186,858.9778581647054,s0012,96,0.18662381999999994,0.178786464419104,0.007837355580895492,0.00032655648253731217,0.0204044582396211,4.1995472929958755,0.007837355580895617
7.289380299392203,818.7537283453456,0.3981894341863337,0.35741328049515275,0.4495346725419006,-4.488490881342304,1.0,1.0175191914214596,79.26021919383878,86.02009182430194,86.02009182430194,0,7,80.0,0,0.0,0.2736316392609654,0.30542112265638555,3,0.029657044411518823,0.4895833333333333,811.0362299116134,0.0,39.99372828882141,1.3955213602309235,852.4254795606657,s0013,96,0.18662381999999994,0.178786464419104,0.007837355580895492,0.00032655648253731217,0.0204044582396211,4.1995472929958755,0.007837355580895617
7.19097689010661,808.2411022911695,0.3981894341865038,0.35036778441849015,0.4145479483725611,-4.702791395143204,1.0,1.018733693069691,78.19497418724968,90.816901633772,90.816901633772,0,5,80.0,0,0.0,0.23797123942614862,0.245545566801239,2,0.024442724072341576,0.46875,811.0362299116134,0.0,31.322699642717367,1.2136533210733578,843.5725828754041,s0014,96,0.18662381999999994,0.178786464419104,0.007837355580895492,0.00032655648253731217,0.0204044582396211,4.1995472929958755,0.007837355580895617
7.187239861799931,808.2187839028829,0.3981894341880836,0.38412673843254297,0.5018357306969616,-4.372702400529206,1.0,1.0181254763443575,83.44874165104756,87.57097545009289,87.57097545009289,2,2,80.0,0,0.0,0.3086832585877508,0.2755306247339477,6,0.029162726668115434,0.4479166666666667,811.0362299116134,0.0,35.36186494449266,1.5742846187975286,847.9723794749036,s0015,96,0.18662381999999994,0.178786464419104,0.007837355580895492,0.00032655648253731217,0.0204044582396211,4.1995472929958755,0.007837355580895617
7.178247052135711,807.0111598350021,0.39818943418593167,0.4226447034705935,0.4522722392093673,-4.796145673902958,1.0,1.0188947722831658,79.0895032555784,90.8885465174546,90.8885465174546,0,6,80.0,0,0.0,0.30331168095173144,0.24999448702577393,4,0.027976037963713653,0.6145833333333334,811.0362299116134,0.0,32.74515053786413,1.546889572853831,845.3282700223314,s0016,96,0.18662381999999994,0.178786464419104,0.007837355580895492,0.00032655648253731217,0.0204044582396211,4.1995472929958755,0.007837355580895617
7.254438767481605,814.2191946919255,0.39818943418657576,0.38622406779413954,0.5247758017592536,-5.819789712340917,1.0,1.0198385452451948,83.4506112065484,97.2701945783607,97.2701945783607,2,7,80.0,0,0.0,0.2972462731468353,0.3194979171153219,4,0.03289713776190263,0.59375,811.0362299116134,0.0,42.402328416169055,1.5159559930488602,854.9545143208313,s0017,96,0.18662381999999994,0.178786464419104,0.007837355580895492,0.00032655648253731217,0.0204044582396211,4.1995472929958755,0.007837355580895617
7.091093767009058,798.7657617553101,0.39818943418599273,0.46656914274567607,0.4359771757229621,-5.254613431408752,1.0,1.0179981738259096,83.2824044214691,86.25077943278787,86.25077943278787,1,3,80.0,0,0.0,0.21437138067868017,0.31381131228621717,5,0.029616977647924387,0.6145833333333334,811.0362299116134,0.0,40.54213518345218,1.0932940414612684,852.6716591365268,s0018,96,0.18662381999999994,0.178786464419104,0.007837355580895492,0.00032655648253731217,0.0204044582396211,4.1995472929958755,0.007837355580895617
7.333646806826836,821.9563632425941,0.3981894341879703,0.3851517619452648,0.5485987748601888,-5.170450313139638,1.0,1.0187669648319921,86.52196957388854,91.2187980269824,91.2187980269824,1,7,80.0,0,0.0,0.3655455442298147,0.3036947897311308,8,0.03348408784203109,0.4270833333333333,811.0362299116134,0.0,39.352000487603604,1.8642822755720547,852.252512674789,s0019,96,0.18662381999999994,0.178786464419104,0.007837355580895492,0.00032655648253731217,0.0204044582396211,4.1995472929958755,0.007837355580895617
7.267502194171463,814.7953868759989,0.3981894341873866,0.3702564006126495,0.44719189838829126,-5.011414957536009,1.0,1.0205024411026864,79.70471393207065,100.86252186839187,100.86252186839187,0,5,80.0,0,0.0,0.26567739097676163,0.27472445492127756,4,0.029834003591554508,0.4166666666666667,811.0362299116134,0.0,35.3947041004079,1.3549546939814832,847.7858887060029,s0020,96,0.18662381999999994,0.178786464419104,0.007837355580895492,0.00032655648253731217,0.0204044582396211,4.1995472929958755,0.007837355580895617
7.221620464790216,811.9661912378735,0.3981894341864615,0.3975216109653098,0.5006400927258241,-4.533223140205919,1.0,1.0202319397374324,79.49217515717513,100.47976433648228,100.47976433648228,0,6,80.0,0,0.0,0.29820119279030166,0.3725616155130016,7,0.03676757516547577,0.6145833333333334,811.0362299116134,0.0,49.615605175823106,1.5208260832305387,862.1726611706671,s0021,96,0.18662381999999994,0.178786464419104,0.007837355580895492,0.00032655648253731217,0.0204044582396211,4.1995472929958755,0.007837355580895617
7.299797759281102,820.5117189772909,0.4157170116362523,0.3443714090971094,0.5428547234391708,-5.019489070328862,1.0,1.0181239408426657,77.70801586162843,87.32610995297998,87.32610995297998,0,2,80.0,0,0.0,0.26154805530865843,0.3625291093702676,5,0.03229866720474095,0.5,811.0362299116134,0.0,48.53703356552133,1.3338950820741582,860.9071585592089,s0022,96,0.18662381999999994,0.178786464419104,0.007837355580895492,0.00032655648253731217,0.0204044582396211,4.1995472929958755,0.007837355580895617
7.333736650411023,822.8965404877023,0.3981894341860195,0.332843033500713,0.445389911112426,-6.243837217144957,1.0,1.0178604960152011,81.60447607458417,88.27634470451547,88.27634470451547,1,6,80.0,0,0.0,0.27906925595858384,0.3028171570835033,4,0.031703541592307045,0.4166666666666667,811.0362299116134,0.0,40.0567788026825,1.4232532053887776,852.5162619196847,s0023,96,0.18662381999999994,0.178786464419104,0.007837355580895492,0.00032655648253731217,0.0204044582396211,4.1995472929958755,0.007837355580895617
7.189430405495558,808.6159685956766,0.3981894341860125,0.4058141114635059,0.4229508675927327,-4.559936671832191,1.0,1.017374345965864,82.1332889589419,87.76573692443593,87.76573692443593,2,3,80.0,0,0.0,0.26251662589287394,0.2689722476608353,4,0.026689697511984793,0.5729166666666666,811.0362299116134,0.0,34.873111906832385,1.3388347920536565,847.2481766104994,s0024,96,0.18662381999999994,0.178786464419104,0.007837355580895492,0.00032655648253731217,0.0204044582396211,4.1995472929958755,0.007837355580895617
7.189842029825602,808.5194038893285,0.3981894341866167,0.38067583266977645,0.4283704773566547,-5.061694775211908,1.0,1.0191030031779555,82.37534240315235,94.64572195464255,94.64572195464255,1,6,80.0,0,0.0,0.2736430774516748,0.23687556468735632,1,0.025115451632327545,0.5625,811.0362299116134,0.0,30.13765815224325,1.395579695003541,842.5694677588602,s0025,96,0.18662381999999994,0.178786464419104,0.007837355580895492,0.00032655648253731217,0.0204044582396211,4.1995472929958755,0.007837355580895617
7.220050828559858,811.1369503835163,0.39818943418699104,0.3834112479943098,0.4513069854940318,-4.978117115812817,1.0,1.0177172337077536,79.83675675570433,85.97632694604414,85.97632694604414,0,4,80.0,0,0.0,0.28279715053172766,0.246420383592712,2,0.026127690201095267,0.5520833333333334,811.0362299116134,0.0,31.79085169828772,1.442265467711811,844.2693470776129,s0026,96,0.18662381999999994,0.178786464419104,0.007837355580895492,0.00032655648253731217,0.0204044582396211,4.1995472929958755,0.007837355580895617
7.248210193141173,813.7860295662523,0.4210257600027918,0.3831273908910486,0.5234956128021843,-5.085186318971032,1.0,1.0191227390304554,84.92999771493037,94.76764042100181,94.76764042100181,2,5,80.0,0,0.0,0.298092266266073,0.3249103276832349,7,0.03292381102104068,0.5,811.0362299116134,0.0,42.880712584334205,1.5202705579569722,855.4372130539047,s0027,96,0.18662381999999994,0.178786464419104,0.007837355580895492,0.00032655648253731217,0.0204044582396211,4.1995472929958755,0.007837355580895617
7.1584620017193075,805.7908570484122,0.39818943418602415,0.3526898930335537,0.485938065806643,-4.472970332765019,1.0,1.0188589585683303,84.51644183163877,92.0387779905661,92.0387779905661,2,6,80.0,0,0.0,0.2536024517191355,0.3020380202408074,2,0.02921875129673397,0.53125,811.0362299116134,0.0,38.35333771463699,1.293372503767591,850.682940130018,s0028,96,0.18662381999999994,0.178786464419104,0.007837355580895492,0.00032655648253731217,0.0204044582396211,4.1995472929958755,0.007837355580895617
7.141211718113325,802.8637293938903,0.3981894341859988,0.4564547640863335,0.4811090014333457,-4.600589092404363,1.0,1.0190094875039486,83.10760930995555,95.13453376653091,95.13453376653091,1,6,80.0,0,0.0,0.3333345867891145,0.27773515808202687,3,0.03248070237229784,0.5,811.0362299116134,0.0,36.82419243350749,1.7000063926244846,849.5604287377454,s0029,96,0.18662381999999994,0.178786464419104,0.007837355580895492,0.00032655648253731217,0.0204044582396211,4.1995472929958755,0.007837355580895617
7.234167807087948,812.0943799937015,0.39818943418660374,0.44065590531577914,0.4469382666771887,-4.90125117237141,1.0,1.0176869259481287,80.32810233032433,87.22701352304134,87.22701352304134,2,3,80.0,0,0.0,0.30131278185984484,0.2799379142327427,3,0.029399900729200134,0.5104166666666666,811.0362299116134,0.0,36.41875393381493,1.5366951874852086,848.9916790329136,s0030,96,0.18662381999999994,0.178786464419104,0.007837355580895492,0.00032655648253731217,0.0204044582396211,4.1995472929958755,0.007837355580895617
7.331581986720156,821.5481472368022,0.3996035747372374,0.42974868452926973,0.4636945586595075,-7.211390026394528,1.0,1.018826601927793,86.91241910176385,89.40428081053317,89.40428081053317,1,7,80.0,0,0.0,0.25982271759899284,0.3320589193611759,4,0.03317670398962464,0.46875,811.0362299116134,0.0,43.54341310947574,1.3250958597548628,855.904738880844,s0031,96,0.18662381999999994,0.178786464419104,0.007837355580895492,0.00032655648253731217,0.0204044582396211,4.1995472929958755,0.007837355580895617
7.2864396065382575,817.8672063020184,0.39818943418598846,0.35480042481164425,0.49848269766623204,-5.317190362255744,1.0,1.0192319492413828,78.6460981190393,93.61225706452372,93.61225706452372,0,8,80.0,0,0.0,0.30935929702100856,0.3200297978650284,6,0.031964392940511566,0.5208333333333334,811.0362299116134,0.0,41.28176532133059,1.5777324148071439,853.8957276477511,s0032,96,0.18662381999999994,0.178786464419104,0.007837355580895492,0.00032655648253731217,0.0204044582396211,4.1995472929958755,0.007837355580895617
7.162457360082644,805.110272456127,0.41470733905113527,0.5217448536682484,0.4960483372704021,-4.963148542463075,1.0,1.0191155830503742,79.0278996145164,93.4773853653408,93.4773853653408,0,9,80.0,0,0.0,0.2878169118170079,0.3341358752835936,3,0.03375211303647896,0.6041666666666666,811.0362299116134,0.0,43.22513356357338,1.4678662502667412,855.7292297254536,s0033,96,0.18662381999999994,0.178786464419104,0.007837355580895492,0.00032655648253731217,0.0204044582396211,4.1995472929958755,0.007837355580895617
7.29625875536377,819.2312861689414,0.4658388276158641,0.3771066162046294,0.523672690633583,-4.117430616414846,1.0,1.018719064891771,77.70157438211226,91.39079089686587,91.39079089686587,0,3,80.0,0,0.0,0.32621284849220533,0.3214120908692032,7,0.034179254674480374,0.4270833333333333,811.0362299116134,0.0,43.37699452055638,1.6636855273102473,856.0769099594801,s0034,96,0.18662381999999994,0.178786464419104,0.007837355580895492,0.00032655648253731217,0.0204044582396211,4.1995472929958755,0.007837355580895617
7.228521503567368,811.8747668242778,0.3981894341861661,0.36531640390938735,0.5518210726548499,-5.4820149777395395,1.0,1.0186657842912594,82.22484986602714,91.82195241487985,91.82195241487985,2,7,80.0,0,0.0,0.32090128389389155,0.2970234381065465,7,0.030421963248881887,0.53125,811.0362299116134,0.0,38.65867474715106,1.636596547858847,851.3315012066233,s0035,96,0.18662381999999994,0.178786464419104,0.007837355580895492,0.00032655648253731217,0.0204044582396211,4.1995472929958755,0.007837355580895617
7.310444186447783,820.5192510722015,0.4127254625786742,0.3327922719080384,0.41049532172231473,-5.661471168101525,1.0,1.0211319496383124,79.46730536363457,104.0333967276733,104.0333967276733,0,2,80.0,0,0.0,0.27758750448354486,0.29622795527989637,6,0.030195333457799085,0.5,811.0362299116134,0.0,38.83694167689407,1.4156962728660782,851.2888678613735,s0036,96,0.18662381999999994,0.178786464419104,0.007837355580895492,0.00032655648253731217,0.0204044582396211,4.1995472929958755,0.007837355580895617
7.185869460800423,806.9883779141069,0.39818943418645025,0.4063663411821155,0.5726444239724725,-5.668242875047823,1.0,1.020113655884966,101.6498054023522,99.67284034222543,99.67284034222543,5,9,80.0,0,0.0,0.3241966617027284,0.3380424968101995,10,0.03704042297778433,0.46875,811.0362299116134,0.0,45.189342543445846,1.653402974683914,857.8789754297432,s0037,96,0.18662381999999994,0.178786464419104,0.007837355580895492,0.00032655648253731217,0.0204044582396211,4.1995472929958755,0.007837355580895617
7.227633986827307,811.8619075229522,0.3981894341868254,0.4042387267269136,0.4362386864566732,-5.107858468231691,1.0,1.0190964368758813,78.62417767151668,94.60515871853242,94.60515871853242,0,6,80.0,0,0.0,0.3232217764590301,0.24517575938354952,4,0.03008753654912526,0.5729166666666666,811.0362299116134,0.0,32.3127818565451,1.6484310599410523,844.9974428280996,s0038,96,0.18662381999999994,0.178786464419104,0.007837355580895492,0.00032655648253731217,0.0204044582396211,4.1995472929958755,0.007837355580895617
7.2773884383017435,817.5243265267043,0.3981894341859584,0.30499965646521937,0.4518389529559516,-3.7867495272313803,1.0,1.0194816091978245,78.4523655532734,96.33983433667115,96.33983433667115,0,6,80.0,0,0.0,0.24600192083501227,0.28646099268193703,2,0.027188397923881225,0.4479166666666667,811.0362299116134,0.0,37.20641034380262,1.2546097962585625,849.4972500516747,s0039,96,0.18662381999999994,0.178786464419104,0.007837355580895492,0.00032655648253731217,0.0204044582396211,4.1995472929958755,0.007837355580895617
7.1876515039089295,808.3395319061083,0.3981894341859917,0.36296585387031866,0.5047680600261976,-4.736312721994894,1.0,1.0180720024280077,87.96408367292601,91.6732783385572,91.6732783385572,2,5,80.0,0,0.0,0.3267031737921025,0.26138600488034525,7,0.029850607740633386,0.5208333333333334,811.0362299116134,0.0,34.012899062821845,1.6661861863397216,846.7153151607749,s0040,96,0.18662381999999994,0.178786464419104,0.007837355580895492,0.00032655648253731217,0.0204044582396211,4.1995472929958755,0.007837355580895617
7.168313011373403,806.5833450244404,0.398189434186525,0.39551824486111176,0.4485443041769942,-4.415952346291088,1.0,1.018061612081932,76.95880945754364,88.38308094214594,88.38308094214594,0,3,80.0,0,0.0,0.2579698281589533,0.3157126250649192,4,0.02928862602094402,0.5416666666666666,811.0362299116134,0.0,40.69665264939137,1.3156461236106614,853.0485286846155,s0041,96,0.18662381999999994,0.178786464419104,0.007837355580895492,0.00032655648253731217,0.0204044582396211,4.1995472929958755,0.007837355580895617
7.3256996305153095,820.8675650509236,0.39818943418602276,0.328882778629296,0.44833326198382345,-5.7910728404467084,1.0,1.0201184518589446,83.39943723540219,99.01638278490684,99.01638278490684,1,8,80.0,0,0.0,0.28216547485739935,0.2552780958263921,2,0.02778677203108552,0.5104166666666666,811.0362299116134,0.0,33.04091763040331,1.4390439217727373,845.5161914637895,s0042,96,0.18662381999999994,0.178786464419104,0.007837355580895492,0.00032655648253731217,0.0204044582396211,4.1995472929958755,0.007837355580895617
7.137044492197255,804.2263579039683,0.3981894341859876,0.41974188135092005,0.5228704337471278,-5.349792893041844,1.0,1.0181016077509575,87.5275043873725,87.96379221953316,87.96379221953316,1,4,80.0,0,0.0,0.33367101037768415,0.3020687061657293,3,0.030805515197829828,0.53125,811.0362299116134,0.0,38.96037087051246,1.7017221529261894,851.698322935052,s0043,96,0.18662381999999994,0.178786464419104,0.007837355580895492,0.00032655648253731217,0.0204044582396211,4.1995472929958755,0.007837355580895617
7.2286757081212665,812.1356570825401,0.39818943418591746,0.3836546552197784,0.42410081810752753,-5.150536371832859,1.0,1.0192753047597503,79.99278862857821,93.08126309649913,93.08126309649913,0,9,80.0,0,0.0,0.2892753091223439,0.28160941567440334,7,0.031697216205922724,0.4791666666666667,811.0362299116134,0.0,37.448282298875924,1.4753040765239536,849.9598162870133,s0044,96,0.18662381999999994,0.178786464419104,0.007837355580895492,0.00032655648253731217,0.0204044582396211,4.1995472929958755,0.007837355580895617
7.255088772034843,814.6404032581751,0.3981894341859707,0.33312838711410103,0.42882815364012417,-4.70171070484754,1.0,1.018167303430211,78.3621662909489,91.03461138642373,91.03461138642373,0,6,80.0,0,0.0,0.27612713114479426,0.24829639076329854,4,0.025662536772051516,0.4375,811.0362299116134,0.0,32.226439985179866,1.4082483688384506,844.6709182656318,s0045,96,0.18662381999999994,0.178786464419104,0.007837355580895492,0.00032655648253731217,0.0204044582396211,4.1995472929958755,0.007837355580895617
7.343460763588992,823.2556290523464,0.39818943418603037,0.32551210608791875,0.5475244328854025,-3.417660649388644,1.0,1.0199439554724943,79.18201178996945,99.05219418974166,99.05219418974166,0,8,80.0,0,0.0,0.3014148701100614,0.33712031049087265,6,0.032660054140963804,0.4479166666666667,811.0362299116134,0.0,43.554838755587625,1.5372158375613136,856.1282845047624,s0046,96,0.18662381999999994,0.178786464419104,0.007837355580895492,0.00032655648253731217,0.0204044582396211,4.1995472929958755,0.007837355580895617
7.224644729249629,812.0686739786341,0.3981894341868557,0.39929616965784975,0.5216067463505847,-5.930093057181833,1.0,1.0182731717746065,81.31781462173572,90.58534375448248,90.58534375448248,1,6,80.0,0,0.0,0.30582543628084113,0.28725200462394324,5,0.03038694581174893,0.5416666666666666,811.0362299116134,0.0,37.83480073481849,1.5597097250322898,850.4307403714641,s0047,96,0.18662381999999994,0.178786464419104,0.007837355580895492,0.00032655648253731217,0.0204044582396211,4.1995472929958755,0.007837355580895617
7.259831150966747,815.5359625811518,0.40320990950570523,0.38048763874148345,0.531111175691545,-5.160959872632794,1.0,1.018243217620019,80.23508167806405,91.96067089637337,91.96067089637337,1,5,80.0,0,0.0,0.33212275981698386,0.3070599028202824,8,0.03266185057730015,0.4479166666666667,811.0362299116134,0.0,40.36088942705329,1.6938260750666172,853.0909454137333,s0048,96,0.18662381999999994,0.178786464419104,0.007837355580895492,0.00032655648253731217,0.0204044582396211,4.1995472929958755,0.007837355580895617
7.353673461769269,824.7097747357325,0.40888065867291845,0.38303494781702785,0.4805362723451947,-4.253916617400127,1.0,1.0186874645295383,80.36702996564942,90.71660905508408,90.71660905508408,1,5,80.0,0,0.0,0.2616044358389971,0.31678593086838475,5,0.03091155590972086,0.5208333333333334,811.0362299116134,0.0,41.60339422337302,1.3341826227788847,853.9738067577654,s0049,96,0.18662381999999994,0.178786464419104,0.007837355580895492,0.00032655648253731217,0.0204044582396211,4.1995472929958755,0.007837355580895617
7.343771243228954,823.634931496243,0.3981894341862828,0.32836078554854076,0.4633950894212426,-6.621806558859061,1.0,1.0189989052397033,80.23178619294303,91.90974136012116,91.90974136012116,1,9,80.0,0,0.0,0.23749342970021792,0.32640180249648937,5,0.030463130872048303,0.4895833333333333,811.0362299116134,0.0,42.90890595789746,1.2112164914711108,855.1563523609819,s0050,96,0.18662381999999994,0.178786464419104,0.007837355580895492,0.00032655648253731217,0.0204044582396211,4.1995472929958755,0.007837355580895617
7.319000744087415,820.9729635071967,0.39818943418597963,0.2861900583492692,0.37964625901847954,-4.846935409923556,1.0,1.0180620462337013,78.47755035998226,85.7272678176826,85.7272678176826,0,4,80.0,0,0.0,0.20083282229326788,0.2579705055437948,1,0.02404361618409763,0.4479166666666667,811.0362299116134,0.0,33.50031353794541,1.0242473936956664,845.5607908432545,s0051,96,0.18662381999999994,0.178786464419104,0.007837355580895492,0.00032655648253731217,0.0204044582396211,4.1995472929958755,0.007837355580895617
7.204468786357371,810.1341235273026,0.3981894341880663,0.3879287912539068,0.4804581037251195,-4.096962615541461,1.0,1.017048887252243,80.35941638035146,87.02941836692571,87.02941836692571,1,1,80.0,0,0.0,0.24450871911549282,0.31695048852508323,4,0.027754296141276644,0.375,811.0362299116134,0.0,41.387921571335724,1.2469944674890137,853.6711459504381,s0052,96,0.18662381999999994,0.178786464419104,0.007837355580895492,0.00032655648253731217,0.0204044582396211,4.1995472929958755,0.007837355580895617
7.271759721065651,815.5554355246295,0.4023047533857073,0.43630257311228327,0.42392900360148844,-5.650472501856238,1.0,1.0194425132339227,79.47999741742629,96.34591057959206,96.34591057959206,0,5,80.0,0,0.0,0.27590884333966237,0.2132907234383178,5,0.025610647637172784,0.4375,811.0362299116134,0.0,28.218676105014264,1.407135101032278,840.66204111766,s0053,96,0.18662381999999994,0.178786464419104,0.007837355580895492,0.00032655648253731217,0.0204044582396211,4.1995472929958755,0.007837355580895617
7.243470112163307,813.6108302382587,0.3981894341861614,0.3451412162695092,0.46519646610460297,-5.168515872957543,1.0,1.0176669061483572,88.55842880350005,86.84049100461326,86.84049100461326,1,7,80.0,0,0.0,0.2749977736416582,0.29727992802240344,5,0.03193079745769841,0.5625,811.0362299116134,0.0,39.228902272176526,1.402488645572457,851.6676208293625,s0054,96,0.18662381999999994,0.178786464419104,0.007837355580895492,0.00032655648253731217,0.0204044582396211,4.1995472929958755,0.007837355580895617
7.136975364928029,803.7873347191769,0.4465092422292699,0.39025397995146127,0.4640295623228843,-4.373412961944646,1.0,1.0181279726902783,87.27204641033649,89.68838711071503,89.68838711071503,1,3,80.0,0,0.0,0.25821066685426,0.3019456591536606,4,0.030775496580113564,0.5208333333333334,811.0362299116134,0.0,40.49681189218069,1.3168744009567255,852.8499162047508,s0055,96,0.18662381999999994,0.178786464419104,0.007837355580895492,0.00032655648253731217,0.0204044582396211,4.1995472929958755,0.007837355580895617
7.281484459806442,817.0777704560501,0.41991757060876717,0.3888502474535519,0.49178566652411737,-4.863896609718784,1.0,1.019492454458752,84.41026764345048,95.98125445383768,95.98125445383768,1,5,80.0,0,0.0,0.3163954723394076,0.25117287739241384,4,0.02854458836221266,0.4270833333333333,811.0362299116134,0.0,32.68222637602677,1.6136169089309782,845.3320731965712,s0056,96,0.18662381999999994,0.178786464419104,0.007837355580895492,0.00032655648253731217,0.0204044582396211,4.1995472929958755,0.007837355580895617
7.241166522249098,812.9152445640104,0.4013563371099216,0.4408781355330367,0.44290118191466576,-5.075171612679147,1.0,1.0189749280863982,80.42055253295092,93.72904753576923,93.72904753576923,1,6,80.0,0,0.0,0.2599426017105474,0.24206244650035066,2,0.02624124890040663,0.5,811.0362299116134,0.0,31.49598786890915,1.3257072687237912,843.8579250492464,s0057,96,0.18662381999999994,0.178786464419104,0.007837355580895492,0.00032655648253731217,0.0204044582396211,4.1995472929958755,0.007837355580895617
7.228759967267836,812.8925886079844,0.3981894341859719,0.36066297575448164,0.5150716489938543,-4.732395131310884,1.0,1.0207625288692441,81.9984579414004,103.10995391176567,103.10995391176567,4,7,80.0,0,0.0,0.2919865772728214,0.30964684204588105,7,0.03259284507599435,0.5520833333333334,811.0362299116134,0.0,40.95723729681251,1.4891315440913893,853.4825987525173,s0058,96,0.18662381999999994,0.178786464419104,0.007837355580895492,0.00032655648253731217,0.0204044582396211,4.1995472929958755,0.007837355580895617
7.24381887172655,814.1773413131489,0.39818943418655567,0.37818975606083993,0.5192904040097224,-4.1430608409414065,1.0,1.0177987936619883,80.43283104074622,86.88209532005669,86.88209532005669,1,2,80.0,0,0.0,0.257752902287226,0.37955905147194324,1,0.03306594174143946,0.59375,811.0362299116134,0.0,48.782530788641125,1.3145398016648528,861.1333005019194,s0059,96,0.18662381999999994,0.178786464419104,0.007837355580895492,0.00032655648253731217,0.0204044582396211,4.1995472929958755,0.007837355580895617
7.2206647973536855,811.3151214301743,0.39818943418718883,0.42068058839543776,0.4895413322660027,-4.297349082164701,1.0,1.0183921114261474,75.44744245853163,89.26279199233868,89.26279199233868,0,4,80.0,0,0.0,0.29924654513137094,0.3416502844768865,3,0.033192366744817646,0.4479166666666667,811.0362299116134,0.0,44.286191190214346,1.5261573801699917,856.8485784819978,s0060,96,0.18662381999999994,0.178786464419104,0.007837355580895492,0.00032655648253731217,0.0204044582396211,4.1995472929958755,0.007837355580895617
7.231366267942491,811.4954114209204,0.3981894341865973,0.428198323716369,0.4617141360258452,-4.613770277007513,1.0,1.018104839518052,82.00832936377074,88.63166416342101,88.63166416342101,1,7,80.0,0,0.0,0.2962314394072037,0.22548437709042707,5,0.02713215740150216,0.4583333333333333,811.0362299116134,0.0,29.469963955817963,1.5107803409767382,842.0169742084082,s0061,96,0.18662381999999994,0.178786464419104,0.007837355580895492,0.00032655648253731217,0.0204044582396211,4.1995472929958755,0.007837355580895617
7.186054801461798,808.8205489622976,0.39818943418608527,0.3999940947048687,0.45877080863329206,-4.324915652647745,1.0,1.0183372825638548,83.87610710677144,88.5423828851276,88.5423828851276,2,6,80.0,0,0.0,0.23541937886453818,0.35454313065110665,3,0.030119462685781178,0.5416666666666666,811.0362299116134,0.0,45.59228693267509,1.2006388322091452,857.8291556764976,s0062,96,0.18662381999999994,0.178786464419104,0.007837355580895492,0.00032655648253731217,0.0204044582396211,4.1995472929958755,0.007837355580895617
7.247100382910162,814.406589739346,0.39818943418602093,0.4105900791135919,0.3790303831995628,-4.958022365209648,1.0,1.018255300508272,76.29205303892105,88.16835166377966,88.16835166377966,0,3,80.0,0,0.0,0.2165651742444966,0.27556923628890095,2,0.02854377918581995,0.5416666666666666,811.0362299116134,0.0,36.24794440625005,1.1044823886469324,848.3886567065105,s0063,96,0.18662381999999994,0.178786464419104,0.007837355580895492,0.00032655648253731217,0.0204044582396211,4.1995472929958755,0.007837355580895617
7.257270079817575,814.652638209569,0.3981894341858566,0.41935134998028145,0.4764034890659784,-3.5052026543713404,1.0,1.0197588141030423,81.07846548297422,96.79292608886304,96.79292608886304,1,4,80.0,0,0.0,0.30214341190439653,0.30490196016661664,9,0.03219048522243055,0.46875,811.0362299116134,0.0,39.99714779881281,1.5409314007124222,852.5743091111386,s0064,96,0.18662381999999994,0.178786464419104,0.007837355580895492,0.00032655648253731217,0.0204044582396211,4.1995472929958755,0.007837355580895617
7.2521266130588575,814.8212367487772,0.3981894341864589,0.36850059977035143,0.48128557091403085,-5.060435399719802,1.0,1.019067813135953,77.62562576803687,92.97179744474366,92.97179744474366,0,6,80.0,0,0.0,0.3064953004920436,0.3002928118847388,3,0.030381305789803578,0.5,811.0362299116134,0.0,39.13891757124034,1.5631260325094225,851.7382735153632,s0065,96,0.18662381999999994,0.178786464419104,0.007837355580895492,0.00032655648253731217,0.0204044582396211,4.1995472929958755,0.007837355580895617
7.30361240092074,818.9379667425785,0.3981894341860468,0.36000470132391627,0.5102204819883804,-4.716530947250458,1.0,1.0191224624265314,86.70542622543292,94.75938265648246,94.75938265648246,2,6,80.0,0,0.0,0.315157662755155,0.26566234903662267,6,0.0300581515769189,0.4479166666666667,811.0362299116134,0.0,34.835865999068915,1.6073040800512899,847.4793999907337,s0066,96,0.18662381999999994,0.178786464419104,0.007837355580895492,0.00032655648253731217,0.0204044582396211,4.1995472929958755,0.007837355580895617
7.193363554528596,809.0438513503666,0.39818943418600544,0.3468674752079173,0.4935747967918934,-3.150381779114209,1.0,1.0183061676401506,81.57914732724599,90.47429017038617,90.47429017038617,2,9,80.0,0,0.0,0.3226569629716421,0.22821276714880695,3,0.026576123774608964,0.6041666666666666,811.0362299116134,0.0,29.642414497102816,1.6455505111553734,842.3241949198716,s0067,96,0.18662381999999994,0.178786464419104,0.007837355580895492,0.00032655648253731217,0.0204044582396211,4.1995472929958755,0.007837355580895617
7.241726764177835,813.7313658991281,0.4026104351285593,0.3774655513237735,0.5177344736903581,-5.82467870489002,1.0,1.0204783111139888,87.2690272962156,102.79852227832636,102.79852227832636,1,8,80.0,0,0.0,0.29665689793953876,0.2825001915243883,6,0.03125861967937566,0.5208333333333334,811.0362299116134,0.0,37.63052863366596,1.5129501794916471,850.1797087247711,s0068,96,0.18662381999999994,0.178786464419104,0.007837355580895492,0.00032655648253731217,0.0204044582396211,4.1995472929958755,0.007837355580895617
7.365243265431438,826.0624435226789,0.3981894341859201,0.36013572661152404,0.48282617904304315,-4.96428150991026,1.0,1.0191601500024758,80.68899028574702,92.45253232085143,92.45253232085143,1,3,80.0,0,0.0,0.2679580831032392,0.29500084343036187,3,0.02928748394116115,0.3958333333333333,811.0362299116134,0.0,39.048222486003304,1.3665862238265192,851.4510386214432,s0069,96,0.18662381999999994,0.178786464419104,0.007837355580895492,0.00032655648253731217,0.0204044582396211,4.1995472929958755,0.007837355580895617
7.213848522851386,810.9715288351213,0.4285014927955351,0.40304930670354633,0.4953519909325109,-4.807995580082694,1.0,1.0186018946020041,83.33272343624708,90.24820641397768,90.24820641397768,1,5,80.0,0,0.0,0.28174914390891354,0.27354315366105886,4,0.028919454035556933,0.53125,811.0362299116134,0.0,35.40842514620603,1.4369206339354592,847.8815756917548,s0070,96,0.18662381999999994,0.178786464419104,0.007837355580895492,0.00032655648253731217,0.0204044582396211,4.1995472929958755,0.007837355580895617
7.2030082114992915,809.0047868817913,0.3981894341860084,0.38400234598907046,0.4888723175422808,-4.368094417186526,1.0,1.020126650667294,82.15212378798947,100.6663331429753,100.6663331429753,4,5,80.0,0,0.0,0.29335756784154904,0.27624284489049866,4,0.029421914759049463,0.5104166666666666,811.0362299116134,0.0,35.682055466858685,1.4961235959919001,848.2144089744639,s0071,96,0.18662381999999994,0.178786464419104,0.007837355580895492,0.00032655648253731217,0.0204044582396211,4.1995472929958755,0.007837355580895617
7.251932408867347,814.2362725870345,0.39818943418667174,0.4068265795818437,0.4185295274344227,-4.959659125868263,1.0,1.0194306118192986,78.78709103658869,95.42470129470858,95.42470129470858,0,7,80.0,0,0.0,0.2786371215308887,0.2517256039139487,2,0.028383553310513288,0.53125,811.0362299116134,0.0,33.325826266644114,1.4210493198075316,845.783105498065,s0072,96,0.18662381999999994,0.178786464419104,0.007837355580895492,0.00032655648253731217,0.0204044582396211,4.1995472929958755,0.007837355580895617
7.125299758069767,802.2832303156879,0.398189434186462,0.41024873707577353,0.44388491403501257,-4.70059447258464,1.0,1.0183039517666144,82.29235832763759,90.77549060546839,90.77549060546839,1,4,80.0,0,0.0,0.2194711756568841,0.27116209595160634,2,0.026590372188138197,0.5625,811.0362299116134,0.0,35.57382180801874,1.1193029958501097,847.7293547154823,s0073,96,0.18662381999999994,0.178786464419104,0.007837355580895492,0.00032655648253731217,0.0204044582396211,4.1995472929958755,0.007837355580895617
7.221069999299182,810.6782499312138,0.40040070940467887,0.4025361983535534,0.4769119613505891,-4.783215913028433,1.0,1.0186174480056485,84.65187073323803,90.80823416299964,90.80823416299964,3,4,80.0,0,0.0,0.30252947205488767,0.3327782034791623,4,0.03478341333526978,0.4479166666666667,811.0362299116134,0.0,43.56202765992022,1.5429003074799263,856.1411578790136,s0074,96,0.18662381999999994,0.178786464419104,0.007837355580895492,0.00032655648253731217,0.0204044582396211,4.1995472929958755,0.007837355580895617
7.173224151607268,806.3338865086424,0.39818943418692626,0.4150705939156239,0.45003757456089577,-3.1064875077090406,1.0,1.0187514449230586,77.92083384508328,94.01548461915155,94.01548461915155,0,4,80.0,0,0.0,0.2671064813858796,0.25396087876689444,2,0.025996701435538883,0.5104166666666666,811.0362299116134,0.0,32.67773388380957,1.3622430550679856,845.076206850491,s0075,96,0.18662381999999994,0.178786464419104,0.007837355580895492,0.00032655648253731217,0.0204044582396211,4.1995472929958755,0.007837355580895617
7.316605823467261,820.1235723918928,0.3981894341860068,0.3717429576181047,0.4396765396867621,-5.98031070225461,1.0,1.0190887453325443,82.79356925662516,92.79194512401907,92.79194512401907,1,6,80.0,0,0.0,0.23395147185823043,0.3084998878889167,3,0.030150574191361898,0.4479166666666667,811.0362299116134,0.0,40.82851583694438,1.1931525064769757,853.0578982550347,s0076,96,0.18662381999999994,0.178786464419104,0.007837355580895492,0.00032655648253731217,0.0204044582396211,4.1995472929958755,0.007837355580895617
7.214329244696602,811.4671944501403,0.41590517590068177,0.3957207589012963,0.4789839447347034,-3.8040323580299997,1.0,1.0169959987696842,77.91984321992754,85.59206766027867,85.59206766027867,0,2,80.0,0,0.0,0.27513121745357394,0.3014765450119169,4,0.028829208510940885,0.5208333333333334,811.0362299116134,0.0,39.6095014437276,1.4031692090132266,852.0489005643542,s0077,96,0.18662381999999994,0.178786464419104,0.007837355580895492,0.00032655648253731217,0.0204044582396211,4.1995472929958755,0.007837355580895617
7.242510121389089,813.2566424110288,0.3981894341860924,0.4528251609125165,0.4334724560983647,-6.178150250059556,1.0,1.0194138572543339,80.24149859180723,94.62966424498045,94.62966424498045,1,8,80.0,0,0.0,0.30452531292828394,0.22493601085920475,5,0.028026910041631412,0.4791666666666667,811.0362299116134,0.0,29.550452296707917,1.5530790959342482,842.1397613042556,s0078,96,0.18662381999999994,0.178786464419104,0.007837355580895492,0.00032655648253731217,0.0204044582396211,4.1995472929958755,0.007837355580895617
7.23374949881155,812.4804760216109,0.411760738407857,0.4378557105223171,0.4711437352791368,-5.324362406782662,1.0,1.0168930238224232,79.2039757886575,82.06157198676664,82.06157198676664,0,2,80.0,0,0.0,0.2717499046891464,0.2826367508859907,6,0.029908684821885193,0.4583333333333333,811.0362299116134,0.0,37.01112287448593,1.385924513914646,849.4332773000141,s0079,96,0.18662381999999994,0.178786464419104,0.007837355580895492,0.00032655648253731217,0.0204044582396211,4.1995472929958755,0.007837355580895617
7.176995454920911,807.1563706111156,0.39818943418598235,0.33265528360982366,0.4490113165813333,-7.352642975731638,1.0,1.0213745910286156,84.87878517942126,106.14401441754889,106.14401441754889,3,8,80.0,0,0.0,0.28249698008130536,0.2548300252913549,2,0.02748523398733003,0.5416666666666666,811.0362299116134,0.0,32.8948492419259,1.4407345984146562,845.3718137519539,s0080,96,0.18662381999999994,0.178786464419104,0.007837355580895492,0.00032655648253731217,0.0204044582396211,4.1995472929958755,0.007837355580895617
7.277265263244325,816.1365965909381,0.40087575703260836,0.3720512768133612,0.4659118810951677,-6.220566065858367,1.0,1.0196582468212,84.44248729203395,97.41532628589238,97.41532628589238,2,7,80.0,0,0.0,0.29429091937738816,0.26720783031858997,4,0.03291992699491294,0.4479166666666667,811.0362299116134,0.0,34.175450310109156,1.5008836888246786,846.7125639105473,s0081,96,0.18662381999999994,0.178786464419104,0.007837355580895492,0.00032655648253731217,0.0204044582396211,4.1995472929958755,0.007837355580895617
7.184634589426903,806.968103763616,0.39938763048408144,0.41120148657720423,0.4709875000518534,-1.5228162496796172,1.0,1.0164425878211631,84.3329065037516,77.96867338299886,77.96867338299886,1,0,80.0,0,0.0,0.28078771415076426,0.28334541016781545,6,0.030019701593305387,0.53125,811.0362299116134,0.0,36.92115272616017,1.4320173421688962,849.3893999799425,s0082,96,0.18662381999999994,0.178786464419104,0.007837355580895492,0.00032655648253731217,0.0204044582396211,4.1995472929958755,0.007837355580895617
7.20474887719393,809.010918721347,0.41347786731227,0.31928720758503903,0.5668943144488665,-4.7262005092496056,1.0,1.0183901050555064,86.46714043841078,93.43940638377653,93.43940638377653,4,8,80.0,0,0.0,0.32159314552721674,0.3155526465089916,9,0.033003764859617764,0.5520833333333334,811.0362299116134,0.0,40.50040938640495,1.6401250421888043,853.1767643402072,s0083,96,0.18662381999999994,0.178786464419104,0.007837355580895492,0.00032655648253731217,0.0204044582396211,4.1995472929958755,0.007837355580895617
7.2183186612812,811.9728475967061,0.398189434187448,0.34202618190858874,0.5204143202288043,-4.933872584679041,1.0,1.0184337762478581,83.33373064637237,91.06748859192356,91.06748859192356,3,10,80.0,0,0.0,0.3016842562321743,0.33423699556357955,4,0.03408724216992414,0.5625,811.0362299116134,0.0,43.9966540407545,1.5385897067840888,856.571473659152,s0084,96,0.18662381999999994,0.178786464419104,0.007837355580895492,0.00032655648253731217,0.0204044582396211,4.1995472929958755,0.007837355580895617
7.274157268520363,816.7333573129854,0.4022225989874292,0.38375546101862634,0.4441457992333078,-5.063443910408758,1.0,1.0207244034249958,82.38416002211335,102.63536576286832,102.63536576286832,2,6,80.0,0,0.0,0.2515051894209473,0.24869954539444414,3,0.026594756873592456,0.46875,811.0362299116134,0.0,32.97474679577015,1.2826764660468308,845.2936531734304,s0085,96,0.18662381999999994,0.178786464419104,0.007837355580895492,0.00032655648253731217,0.0204044582396211,4.1995472929958755,0.007837355580895617
7.215579399447116,809.4207103748629,0.3981894341861983,0.4153215647962411,0.4900957486534821,-4.988023253407229,1.0,1.017523301038813,100.18431848452198,80.64302730197441,80.64302730197441,1,1,80.0,0,0.0,0.2558330621347281,0.35694162094267146,2,0.03638145788751868,0.4583333333333333,811.0362299116134,0.0,47.634892184936845,1.3047486168871136,859.9758707134373,s0086,96,0.18662381999999994,0.178786464419104,0.007837355580895492,0.00032655648253731217,0.0204044582396211,4.1995472929958755,0.007837355580895617
7.364043972001241,827.1810755652925,0.4021016016265458,0.32440811442863815,0.5218536727575125,-5.0937783787485555,1.0,1.0194992023898222,82.47195158115863,94.48852513818406,94.48852513818406,1,6,80.0,0,0.0,0.3080740746807073,0.31639081725038454,9,0.03173585166295168,0.40625,811.0362299116134,0.0,42.61863176133175,1.5711777808716065,855.2260394538167,s0087,96,0.18662381999999994,0.178786464419104,0.007837355580895492,0.00032655648253731217,0.0204044582396211,4.1995472929958755,0.007837355580895617
7.22853252473889,811.698000148015,0.39818943418711583,0.4303601135886804,0.5126295317067797,-4.753324384194601,1.0,1.0177024774596455,81.32862339418251,87.06018898017257,87.06018898017257,1,6,80.0,0,0.0,0.29077856674300206,0.3271149028536458,3,0.03170502336430012,0.5104166666666666,811.0362299116134,0.0,42.284902645183095,1.482970690389311,854.8041032471858,s0088,96,0.18662381999999994,0.178786464419104,0.007837355580895492,0.00032655648253731217,0.0204044582396211,4.1995472929958755,0.007837355580895617
7.102857069195702,799.0548007155251,0.3981894341859602,0.368048449798022,0.5437805706953489,-4.830605554166211,1.0,1.0244561118609032,121.80388688626647,123.86973864878605,123.86973864878605,4,7,80.0,0,0.0,0.25192255373650874,0.3667754618195545,6,0.04219804158200606,0.4791666666666667,811.0362299116134,0.0,48.40259208729012,1.2848050240561941,860.7236270229597,s0089,96,0.18662381999999994,0.178786464419104,0.007837355580895492,0.00032655648253731217,0.0204044582396211,4.1995472929958755,0.007837355580895617
7.326912382619398,822.0048079054915,0.4114904692032199,0.327085425127187,0.4884522662412079,-4.857437928925303,1.0,1.0180804734428515,84.32142789856141,91.51074749283097,91.51074749283097,1,4,80.0,0,0.0,0.249052345459099,0.3189632861120431,6,0.0289899223088634,0.4791666666666667,811.0362299116134,0.0,41.880780985573296,1.2701669618414044,854.1871778590281,s0090,96,0.18662381999999994,0.178786464419104,0.007837355580895492,0.00032655648253731217,0.0204044582396211,4.1995472929958755,0.007837355580895617
7.279595008074774,817.189251171196,0.3981894341869337,0.3669764183016334,0.4413301386423236,-4.495392758790541,1.0,1.018931616935921,86.44862462116387,96.12364333520658,96.12364333520658,1,3,80.0,0,0.0,0.23405472239252834,0.2587423210293888,2,0.0247142534249455,0.5416666666666666,811.0362299116134,0.0,33.937265131108575,1.1936790842018947,846.1671741269239,s0091,96,0.18662381999999994,0.178786464419104,0.007837355580895492,0.00032655648253731217,0.0204044582396211,4.1995472929958755,0.007837355580895617
7.241755301153875,813.7510288267072,0.3981894341859432,0.3792852032981913,0.4366767618577071,-4.545622517829822,1.0,1.0185984854568721,79.49955392361365,89.62939204884336,89.62939204884336,0,4,80.0,0,0.0,0.297405179714316,0.258634839883509,3,0.028385366751904593,0.5208333333333334,811.0362299116134,0.0,34.150702569430514,1.5167664165430104,846.703698897587,s0092,96,0.18662381999999994,0.178786464419104,0.007837355580895492,0.00032655648253731217,0.0204044582396211,4.1995472929958755,0.007837355580895617
7.246026319742294,814.4143010319879,0.39818943418667974,0.4020141088241821,0.5479839426219791,-4.706624144568814,1.0,1.020386465747177,81.63200930921293,100.96017069316771,100.96017069316771,3,6,80.0,0,0.0,0.29335617643600576,0.351078880898263,6,0.03374464140403197,0.5208333333333334,811.0362299116134,0.0,46.47108467900496,1.4961164998236283,859.0034310904421,s0093,96,0.18662381999999994,0.178786464419104,0.007837355580895492,0.00032655648253731217,0.0204044582396211,4.1995472929958755,0.007837355580895617
7.24630095907812,813.0975537332545,0.39818943418606145,0.38931222608953486,0.4881869232938131,-4.3882208318253255,1.0,1.0170359215218636,79.00830547546673,81.07042470718119,81.07042470718119,0,2,80.0,0,0.0,0.24038778323475402,0.3000781516006412,4,0.027275278985696174,0.4479166666666667,811.0362299116134,0.0,37.895612270181424,1.2259776944972454,850.1578198762921,s0094,96,0.18662381999999994,0.178786464419104,0.007837355580895492,0.00032655648253731217,0.0204044582396211,4.1995472929958755,0.007837355580895617
7.192129799609595,809.0189153974552,0.3981894341866255,0.3483441450159056,0.48206406338151897,-5.074240527852363,1.0,1.0190514853073738,82.76358593654429,93.02478696447821,93.02478696447821,1,3,80.0,0,0.0,0.2690114811342643,0.2606980019936993,1,0.02678439027098839,0.5104166666666666,811.0362299116134,0.0,33.728808740640005,1.371958553784747,846.1369972060382,s0095,96,0.18662381999999994,0.178786464419104,0.007837355580895492,0.00032655648253731217,0.0204044582396211,4.1995472929958755,0.007837355580895617
7.2559805980183,815.0233491244105,0.42290372304920437,0.36777808197566086,0.45499669664134457,-5.008857544007431,1.0,1.018873078495359,81.69464862527292,91.95654656471046,91.95654656471046,1,6,80.0,0,0.0,0.2367218233017507,0.2639550246863075,2,0.025398609592707205,0.5,811.0362299116134,0.0,34.04053364646101,1.2072812988389283,846.2840448569133,s0096,96,0.18662381999999994,0.178786464419104,0.007837355580895492,0.00032655648253731217,0.0204044582396211,4.1995472929958755,0.007837355580895617
7.250719022547587,815.2664012390285,0.39818943418813424,0.36097197549209215,0.49533804912111057,-4.780137817665728,1.0,1.019927266690652,83.89211885410387,98.01132838107515,98.01132838107515,1,7,80.0,0,0.0,0.25200167575089044,0.31483652142702334,6,0.028916982044781214,0.5104166666666666,811.0362299116134,0.0,40.64415564688914,1.285208546329541,852.965594104832,s0097,96,0.18662381999999994,0.178786464419104,0.007837355580895492,0.00032655648253731217,0.0204044582396211,4.1995472929958755,0.007837355580895617
7.265877307927522,815.1541730145356,0.39818943418700353,0.3292395109845263,0.4765836489995473,-4.957734125253019,1.0,1.0189305399087005,82.64425175192372,93.58036179129499,93.58036179129499,2,5,80.0,0,0.0,0.2376539549915851,0.2914353773084042,4,0.02780176490331038,0.5104166666666666,811.0362299116134,0.0,37.313149682577986,1.2120351704570846,849.5614147646485,s0098,96,0.18662381999999994,0.178786464419104,0.007837355580895492,0.00032655648253731217,0.0204044582396211,4.1995472929958755,0.007837355580895617
7.2720986952234,815.6061365614516,0.3981620393257364,0.4134097321289162,0.5109325633209536,-5.527972206813568,1.0,1.0223848074876907,82.65329147646156,110.24393642794527,110.24393642794527,3,7,80.0,0,0.0,0.30093875731956143,0.28613058232610633,6,0.03021745294157849,0.5208333333333334,811.0362299116134,0.0,37.99023256576538,1.534787662329763,850.5612501397086,s0099,96,0.18662381999999994,0.178786464419104,0.007837355580895492,0.00032655648253731217,0.0204044582396211,4.1995472929958755,0.007837355580895617
7.224538129800437,810.6334006655322,0.39818943418602254,0.3888571999017223,0.5124965004122479,-2.205325152580325,1.0,1.0167022374578247,80.2380553325995,85.68256326042858,85.68256326042858,2,4,80.0,0,0.0,0.32109234395310055,0.30935807840946766,10,0.03363859574902196,0.6041666666666666,811.0362299116134,0.0,40.630054824640744,1.637570954160812,853.3038556904149,s0100,96,0.18662381999999994,0.178786464419104,0.007837355580895492,0.00032655648253731217,0.0204044582396211,4.1995472929958755,0.007837355580895617
7.212216438091954,810.7445140640126,0.4150312326703202,0.4319802707341407,0.49496642587989476,-5.027055378053991,1.0,1.0184685795184123,79.98297938298914,89.40271447464131,89.40271447464131,0,7,80.0,0,0.0,0.3248594772660458,0.281200352572836,5,0.031527771256312564,0.4895833333333333,811.0362299116134,0.0,36.319473887101985,1.6567833340568323,849.0124871327722,s0101,96,0.18662381999999994,0.178786464419104,0.007837355580895492,0.00032655648253731217,0.0204044582396211,4.1995472929958755,0.007837355580895617
7.323739892774294,821.9312454298149,0.4286591574058603,0.35909321546130624,0.4543860020621478,-4.947806473725116,1.0,1.0184698780630919,78.53507983858668,88.19938763274064,88.19938763274064,0,5,80.0,0,0.0,0.2903534742707823,0.3030888747727222,4,0.030300825504134286,0.46875,811.0362299116134,0.0,40.09460957707646,1.4808027187809893,852.6116422074708,s0102,96,0.18662381999999994,0.178786464419104,0.007837355580895492,0.00032655648253731217,0.0204044582396211,4.1995472929958755,0.007837355580895617
7.2517704208453,814.8605885487991,0.4072812451134745,0.34672908521166035,0.42512547239533,-4.198571622747926,1.0,1.0198158792133865,80.40128735250181,99.12581190299562,99.12581190299562,1,3,80.0,0,0.0,0.2704361186221757,0.24352999478122422,5,0.025598243227267264,0.4479166666666667,811.0362299116134,0.0,32.02237470979386,1.3792242049730952,844.4378288263804,s0103,96,0.18662381999999994,0.178786464419104,0.007837355580895492,0.00032655648253731217,0.0204044582396211,4.1995472929958755,0.007837355580895617
7.207584110493023,809.2415691688477,0.39818943418600383,0.3780604920751322,0.4822117059137925,-3.993454151752342,1.0,1.0175156673251795,79.35718467756003,85.71795697521944,85.71795697521944,0,5,80.0,0,0.0,0.29017321562660886,0.2106043826948092,5,0.02579305577857725,0.4791666666666667,811.0362299116134,0.0,28.194423951476896,1.4798833996957064,840.710537262786,s0104,96,0.18662381999999994,0.178786464419104,0.007837355580895492,0.00032655648253731217,0.0204044582396211,4.1995472929958755,0.007837355580895617
7.2735243246813095,816.759675278407,0.39816203932586136,0.3207881412171777,0.5242066816592921,-4.99777222399945,1.0,1.0209162760255377,83.48446128936162,102.96428161453768,102.96428161453768,2,10,80.0,0,0.0,0.3494580789989202,0.313077688747943,4,0.03489210085496603,0.5104166666666666,811.0362299116134,0.0,41.43759345025506,1.7822362028944942,854.256059564763,s0105,96,0.18662381999999994,0.178786464419104,0.007837355580895492,0.00032655648253731217,0.0204044582396211,4.1995472929958755,0.007837355580895617
7.175302402004542,807.4220626314343,0.3981894341859127,0.39052226780603383,0.46742274509250453,-3.6983587244655443,1.0,1.019119035757848,83.56380089479846,94.14550355273454,94.14550355273454,2,4,80.0,0,0.0,0.25414401326280595,0.29243457354739655,1,0.027045603148037212,0.5416666666666666,811.0362299116134,0.0,37.78104476766812,1.2961344676403104,850.1134091469219,s0106,96,0.18662381999999994,0.178786464419104,0.007837355580895492,0.00032655648253731217,0.0204044582396211,4.1995472929958755,0.007837355580895617
7.209950180867037,809.0462251876334,0.39818943418593294,0.4556110248125767,0.49324275460883776,-4.90038986868296,1.0,1.0189098789667124,78.97534047894084,90.93584698101745,90.93584698101745,0,3,80.0,0,0.0,0.2793888391635625,0.3522953172150268,4,0.03371039221783861,0.5,811.0362299116134,0.0,46.38835241378696,1.4248830797341683,858.8494654051345,s0107,96,0.18662381999999994,0.178786464419104,0.007837355580895492,0.00032655648253731217,0.0204044582396211,4.1995472929958755,0.007837355580895617
7.3151206215852635,821.0433808771056,0.4078707016342249,0.35036567424471654,0.54919593688903,-4.051166691449684,1.0,1.0172818719452423,79.17753616646979,83.04116597967258,83.04116597967258,0,4,80.0,0,0.0,0.2895143903291646,0.35122396754424257,7,0.03207913205313809,0.4583333333333333,811.0362299116134,0.0,46.04540071032884,1.4765233906787392,858.558154012621,s0108,96,0.18662381999999994,0.178786464419104,0.007837355580895492,0.00032655648253731217,0.0204044582396211,4.1995472929958755,0.007837355580895617
7.224518654906852,812.2490519938082,0.3981894341859441,0.34649071687176924,0.4907877724649427,-4.9069378132241175,1.0,1.0187761364682622,82.86711059132966,91.41002964819384,91.41002964819384,1,12,80.0,0,0.0,0.28402242265172245,0.2929470884072002,3,0.027553653861932797,0.5104166666666666,811.0362299116134,0.0,38.151537756565595,1.448514355523785,850.6362820237028,s0109,96,0.18662381999999994,0.178786464419104,0.007837355580895492,0.00032655648253731217,0.0204044582396211,4.1995472929958755,0.007837355580895617
7.257713208220311,815.169520790469,0.39818943418585245,0.34325598760497933,0.5455809013694877,-4.160168266287434,1.0,1.0200702698303195,81.58539679729782,98.42700189173725,98.42700189173725,2,5,80.0,0,0.0,0.3574720779877335,0.29282499555817093,9,0.0322306144099531,0.5,811.0362299116134,0.0,38.12037587071111,1.8231075977374405,850.979713380062,s0110,96,0.18662381999999994,0.178786464419104,0.007837355580895492,0.00032655648253731217,0.0204044582396211,4.1995472929958755,0.007837355580895617
7.197708793819083,809.3524201033362,0.4214202973137389,0.38899199671854423,0.5116842129032007,-5.410689809268324,1.0,1.0180138637277787,80.97425212147338,87.24246917086667,87.24246917086667,2,5,80.0,0,0.0,0.3485425921711381,0.2612613810114498,7,0.029985030710016024,0.5208333333333334,811.0362299116134,0.0,33.857785362404684,1.777567220072804,846.6715824940909,s0111,96,0.18662381999999994,0.178786464419104,0.007837355580895492,0.00032655648253731217,0.0204044582396211,4.1995472929958755,0.007837355580895617
7.216381122968571,811.001789921794,0.3981894341859807,0.3887216546700051,0.5282652939171506,-5.1703056371562575,1.0,1.018437627999801,85.26780528031843,93.65375552150516,93.65375552150516,3,8,80.0,0,0.0,0.2489493329651838,0.3121009288008143,2,0.02881583544247899,0.5,811.0362299116134,0.0,41.20221080393541,1.2696415981224372,853.5080823136713,s0112,96,0.18662381999999994,0.178786464419104,0.007837355580895492,0.00032655648253731217,0.0204044582396211,4.1995472929958755,0.007837355580895617
7.199619409216481,809.3236982122962,0.3981894341858956,0.4403342943696369,0.5244259188689506,-2.5998683622509984,1.0,1.0187389966332685,81.63729832226821,90.89545905443691,90.89545905443691,1,5,80.0,0,0.0,0.29077187807734983,0.27729468860689155,4,0.026833636807007465,0.53125,811.0362299116134,0.0,35.17830452430344,1.4829365781944837,847.6974710141114,s0113,96,0.18662381999999994,0.178786464419104,0.007837355580895492,0.00032655648253731217,0.0204044582396211,4.1995472929958755,0.007837355580895617
7.227891610460205,812.101097846007,0.39818943418624453,0.43082304833809604,0.4885969502759063,-4.795738470065099,1.0,1.0169293706591225,78.11554260550976,83.86130728814709,83.86130728814709,0,3,80.0,0,0.0,0.2816065128511016,0.3386780996251466,5,0.03249006598496781,0.4895833333333333,811.0362299116134,0.0,44.65749736133508,1.4361932155406179,857.1299204884891,s0114,96,0.18662381999999994,0.178786464419104,0.007837355580895492,0.00032655648253731217,0.0204044582396211,4.1995472929958755,0.007837355580895617
7.260949836137375,815.8434207587685,0.39818943418632935,0.3672144248247984,0.47602365851272377,-6.4518554300513316,1.0,1.0184380677188658,78.95806122001791,92.67108252741137,92.67108252741137,0,4,80.0,0,0.0,0.26602165141441214,0.3092608477673452,4,0.03070376863533319,0.53125,811.0362299116134,0.0,40.46745984665912,1.3567104222135027,852.8604001804861,s0115,96,0.18662381999999994,0.178786464419104,0.007837355580895492,0.00032655648253731217,0.0204044582396211,4.1995472929958755,0.007837355580895617
7.195393196960904,807.7763509017917,0.39818943418760266,0.4139796551124714,0.4582596524763811,-5.353868113836138,1.0,1.0186794575749338,81.90023212690602,93.09537500081377,93.09537500081377,1,4,80.0,0,0.0,0.28304719720183974,0.278504124286833,6,0.030218283978238707,0.5,811.0362299116134,0.0,36.23149464464886,1.4435407057293834,848.7112652619916,s0116,96,0.18662381999999994,0.178786464419104,0.007837355580895492,0.00032655648253731217,0.0204044582396211,4.1995472929958755,0.007837355580895617
7.241056716575194,812.062994335138,0.4051394353633594,0.4093647413732312,0.5756958462022859,-4.172999504603485,1.0,1.0193362913480566,80.15861145648536,93.88900680772393,93.88900680772393,1,9,80.0,0,0.0,0.37579975526629167,0.3238237141100362,8,0.03732285183238245,0.5520833333333334,811.0362299116134,0.0,43.547804964110625,1.9165787518580877,856.5006136275821,s0117,96,0.18662381999999994,0.178786464419104,0.007837355580895492,0.00032655648253731217,0.0204044582396211,4.1995472929958755,0.007837355580895617
7.185283700165797,807.6937499279666,0.4022253817195143,0.418995464505188,0.4726715263060127,-4.271397212489392,1.0,1.019356357455216,82.0007242188391,95.71075577029775,95.71075577029775,2,3,80.0,0,0.0,0.26264193283246945,0.26301002606902546,6,0.026759935000676468,0.4791666666666667,811.0362299116134,0.0,34.72175996545052,1.3394738574455944,847.0974637345095,s0118,96,0.18662381999999994,0.178786464419104,0.007837355580895492,0.00032655648253731217,0.0204044582396211,4.1995472929958755,0.007837355580895617
7.254701296329079,815.4143941053845,0.39818943418596053,0.33856099329223444,0.4360963367827157,-4.580737609978762,1.0,1.0199532321879623,78.17856479406332,98.81258322835244,98.81258322835244,0,4,80.0,0,0.0,0.27948232653088856,0.2502812030883275,2,0.027384897710885727,0.4895833333333333,811.0362299116134,0.0,32.531989249568596,1.425359865307531,844.9935790264896,s0119,96,0.18662381999999994,0.178786464419104,0.007837355580895492,0.00032655648253731217,0.0204044582396211,4.1995472929958755,0.007837355580895617
7.2212710154531585,810.9474454167178,0.3981894341870933,0.39111000485664216,0.49175867047078203,-4.905591274387541,1.0,1.0182578894226564,86.48251052503147,93.1180026192021,93.1180026192021,3,3,80.0,0,0.0,0.30588532242505984,0.26247831287361434,8,0.030012921335086765,0.40625,811.0362299116134,0.0,34.24664051785344,1.560015144367805,846.8428855738346,s0120,96,0.18662381999999994,0.178786464419104,0.007837355580895492,0.00032655648253731217,0.0204044582396211,4.1995472929958755,0.007837355580895617
7.229498910388513,812.1557110576164,0.42187207414792527,0.3985912229554409,0.5180633288281742,-5.4829254732053565,1.0,1.0196077798419945,80.69102861372136,94.98717378985049,94.98717378985049,1,5,80.0,0,0.0,0.29873986469932573,0.3011727205287056,6,0.030557535951809964,0.4583333333333333,811.0362299116134,0.0,39.0317435434228,1.5235733099665596,851.5915467650027,s0121,96,0.18662381999999994,0.178786464419104,0.007837355580895492,0.00032655648253731217,0.0204044582396211,4.1995472929958755,0.007837355580895617
7.191310685357806,809.6814476105178,0.45339223290634784,0.4563149175842607,0.5072903937054267,-5.500693783307078,1.0,1.0195780911794772,80.21228134960663,94.79604663411615,94.79604663411615,1,6,80.0,0,0.0,0.3055712543136541,0.317881496632216,7,0.03493082438031014,0.5416666666666666,811.0362299116134,0.0,42.83317196903731,1.5584133969996352,855.4278152776503,s0122,96,0.18662381999999994,0.178786464419104,0.007837355580895492,0.00032655648253731217,0.0204044582396211,4.1995472929958755,0.007837355580895617
7.316872481407481,820.4968583843564,0.42994374476466,0.3694460276196593,0.4501623085706517,-4.342782976714316,1.0,1.0191136769023723,76.73381405854485,92.4397247379227,92.4397247379227,0,7,80.0,0,0.0,0.25824419401318366,0.22342095742012003,4,0.02522555163062443,0.4166666666666667,811.0362299116134,0.0,29.169188348772092,1.3170453894672371,841.5224636498527,s0123,96,0.18662381999999994,0.178786464419104,0.007837355580895492,0.00032655648253731217,0.0204044582396211,4.1995472929958755,0.007837355580895617
7.351047520470323,824.3896224776106,0.450933504628968,0.29234421370617514,0.42671815636596433,-4.478706389808525,1.0,1.0180639716460929,80.75870492943626,91.30045192453619,91.30045192453619,1,3,80.0,0,0.0,0.23904413411685002,0.28883695727623304,5,0.030505827512123957,0.46875,811.0362299116134,0.0,37.95358602528444,1.219125083995935,850.2089410208938,s0124,96,0.18662381999999994,0.178786464419104,0.007837355580895492,0.00032655648253731217,0.0204044582396211,4.1995472929958755,0.007837355580895617
7.282055958879823,817.0161141789326,0.41052377902570103,0.40693659916159886,0.4658108239547767,-3.339238371719924,1.0,1.0191864749013135,80.97163171494945,94.23681489248858,94.23681489248858,1,6,80.0,0,0.0,0.31565804084462634,0.23950928877734656,6,0.028763182765199055,0.5104166666666666,811.0362299116134,0.0,31.237453712217018,1.6098560083075937,843.8835396321381,s0125,96,0.18662381999999994,0.178786464419104,0.007837355580895492,0.00032655648253731217,0.0204044582396211,4.1995472929958755,0.007837355580895617
7.222223084425348,811.5896059499726,0.3981894341868766,0.4080560166599714,0.4413503890101732,-3.6596944903253856,1.0,1.0180376335161059,81.1092692831069,89.3782871909029,89.3782871909029,1,4,80.0,0,0.0,0.31183307374691954,0.24258445496692915,7,0.027949368714148288,0.6041666666666666,811.0362299116134,0.0,30.903501580455462,1.5903486761092895,843.5300801681782,s0126,96,0.18662381999999994,0.178786464419104,0.007837355580895492,0.00032655648253731217,0.0204044582396211,4.1995472929958755,0.007837355580895617
7.260105594354725,815.3802943857429,0.3981894341865141,0.3195384088362607,0.5291278457472874,-2.71437634861651,1.0,1.0180156045714797,81.10937696851984,88.35408059255289,88.35408059255289,1,6,80.0,0,0.0,0.30558125802353586,0.2988874958576636,1,0.028937492716008224,0.5625,811.0362299116134,0.0,38.696492299984676,1.5584644159200332,851.2911866275182,s0127,96,0.18662381999999994,0.178786464419104,0.007837355580895492,0.00032655648253731217,0.0204044582396211,4.1995472929958755,0.007837355580895617
7.251721896866307,814.9846344976652,0.39903249216843184,0.37893210433035285,0.5052772921263393,-6.24872103326409,1.0,1.0185375903485694,80.23298279943151,89.25238730305719,89.25238730305719,1,8,80.0,0,0.0,0.30171716420649497,0.30084321167152966,5,0.03156687213520566,0.53125,811.0362299116134,0.0,40.21507411488274,1.5387575374531244,852.7900615639493,s0128,96,0.18662381999999994,0.178786464419104,0.007837355580895492,0.00032655648253731217,0.0204044582396211,4.1995472929958755,0.007837355580895617
7.233945629855883,812.626987124456,0.3981894341872325,0.4418218813093222,0.5321264802729975,-4.56135980164251,1.0,1.0192258695582688,79.41457817797682,94.25092416497901,94.25092416497901,0,5,80.0,0,0.0,0.2938871365445998,0.3087590162411902,6,0.030836285871470664,0.4479166666666667,811.0362299116134,0.0,40.75889863061181,1.4988243963774581,853.2939529386027,s0129,96,0.18662381999999994,0.178786464419104,0.007837355580895492,0.00032655648253731217,0.0204044582396211,4.1995472929958755,0.007837355580895617
7.2980000800693094,819.2740222364844,0.3981894341879587,0.3157991436107531,0.4371272131175157,-6.139475811388375,1.0,1.0191080999635966,81.89057324927434,92.83015591642,92.83015591642,1,7,80.0,0,0.0,0.24707841636230088,0.29569001554284213,0,0.026637915546977874,0.4791666666666667,811.0362299116134,0.0,38.50795234787445,1.2600999234477344,850.8042821829356,s0130,96,0.18662381999999994,0.178786464419104,0.007837355580895492,0.00032655648253731217,0.0204044582396211,4.1995472929958755,0.007837355580895617
7.366018688165694,825.3101209760642,0.39818943418601976,0.3329620744213311,0.465716870848615,-4.454645503228021,1.0,1.0181467339289072,76.58904367876019,89.80428074841342,89.80428074841342,0,5,80.0,0,0.0,0.265795316504404,0.33795874058857084,5,0.03251365233560121,0.4583333333333333,811.0362299116134,0.0,44.58364210840356,1.3555561141724595,856.9754281341894,s0131,96,0.18662381999999994,0.178786464419104,0.007837355580895492,0.00032655648253731217,0.0204044582396211,4.1995472929958755,0.007837355580895617
7.300511635289855,819.0144818293201,0.3981894341862298,0.3551636695895476,0.45016979746350183,-4.4321627574119455,1.0,1.0186278971954146,80.2529439664812,90.636797787267,90.636797787267,1,7,80.0,0,0.0,0.26311105249631306,0.2526324802646823,2,0.025800116033221188,0.4166666666666667,811.0362299116134,0.0,32.85056959254713,1.3418663677311955,845.2286658718917,s0132,96,0.18662381999999994,0.178786464419104,0.007837355580895492,0.00032655648253731217,0.0204044582396211,4.1995472929958755,0.007837355580895617
7.216081213087428,811.2139504017476,0.39818943418690084,0.3913620336001903,0.47113948023783875,-5.276553075640487,1.0,1.0191443669387723,82.19501701765064,93.09007015698202,93.09007015698202,4,3,80.0,0,0.0,0.2375692312595586,0.2899106128825596,1,0.02546955682337357,0.5,811.0362299116134,0.0,37.204962527169215,1.2116030794237482,849.4527955182064,s0133,96,0.18662381999999994,0.178786464419104,0.007837355580895492,0.00032655648253731217,0.0204044582396211,4.1995472929958755,0.007837355580895617
7.2237438258345925,811.5533597261231,0.3981894341865814,0.4255064467764992,0.3813091454014652,-4.251825404729384,1.0,1.0173492436002025,78.7314356841762,87.57800893198369,87.57800893198369,0,3,80.0,0,0.0,0.24424101846057408,0.24701599771989874,4,0.028788806498990852,0.4895833333333333,811.0362299116134,0.0,32.9434013644242,1.2456291941489281,845.2252604701865,s0134,96,0.18662381999999994,0.178786464419104,0.007837355580895492,0.00032655648253731217,0.0204044582396211,4.1995472929958755,0.007837355580895617
7.2973343171743235,820.0386715229671,0.39818943418782643,0.3078883558068605,0.49828252577243093,-4.993894388859555,1.0,1.0186639996583584,82.31907846882905,91.93398120178897,91.93398120178897,2,8,80.0,0,0.0,0.26685332567477776,0.3200188461166295,2,0.028608462522588734,0.4375,811.0362299116134,0.0,41.8899450355597,1.3609519609413667,854.2871269081145,s0135,96,0.18662381999999994,0.178786464419104,0.007837355580895492,0.00032655648253731217,0.0204044582396211,4.1995472929958755,0.007837355580895617
7.209795221600329,810.6339214708368,0.3981894341860219,0.33300200016112796,0.5916080675759361,-7.3222879817019875,1.0,1.0194910917313533,87.638152153605,97.96035606675413,97.96035606675413,4,14,80.0,0,0.0,0.3185249603726842,0.35508712054217506,3,0.032597100648385155,0.5208333333333334,811.0362299116134,0.0,44.88358541573462,1.6244772979006894,857.5442926252488,s0136,96,0.18662381999999994,0.178786464419104,0.007837355580895492,0.00032655648253731217,0.0204044582396211,4.1995472929958755,0.007837355580895617
7.238500350252313,813.477449122098,0.3981894341863964,0.29967749840063745,0.46983692507322855,-6.758662671996638,1.0,1.0188949935799334,85.31655005909903,91.19842233442107,91.19842233442107,3,8,80.0,0,0.0,0.2582514804255864,0.34488694237468576,5,0.03136271972141979,0.4479166666666667,811.0362299116134,0.0,45.07021069912163,1.3170825501704908,857.4235231609056,s0137,96,0.18662381999999994,0.178786464419104,0.007837355580895492,0.00032655648253731217,0.0204044582396211,4.1995472929958755,0.007837355580895617
7.118190141805853,800.4142600797798,0.3981894341860696,0.4898849861924741,0.40408756306298665,-4.982085123287219,1.0,1.0190156857614263,80.05951210751,92.6974811083966,92.6974811083966,1,7,80.0,0,0.0,0.28145829640846537,0.2608602556078707,3,0.02831085525638636,0.6354166666666666,811.0362299116134,0.0,34.2467598561313,1.4354373116831733,846.7184270794279,s0138,96,0.18662381999999994,0.178786464419104,0.007837355580895492,0.00032655648253731217,0.0204044582396211,4.1995472929958755,0.007837355580895617
7.228653103715919,811.8429270486738,0.39818943418600694,0.36331358066575936,0.4471417774656425,-4.034108276823338,1.0,1.0172819068025638,81.96978375239794,81.83288836168278,81.83288836168278,1,3,80.0,0,0.0,0.25970393420073234,0.26900595432286634,4,0.028372328206870502,0.4479166666666667,811.0362299116134,0.0,34.71870794118109,1.324490064423735,847.0794279172181,s0139,96,0.18662381999999994,0.178786464419104,0.007837355580895492,0.00032655648253731217,0.0204044582396211,4.1995472929958755,0.007837355580895617
7.217696731618765,810.7196202645121,0.3981894341869754,0.4060493022037993,0.47811438223697095,-4.86442834073726,1.0,1.018190721920891,81.78209208569473,89.01100389937149,89.01100389937149,1,3,80.0,0,0.0,0.2997107555717525,0.2730684534991923,6,0.02914082779158906,0.4791666666666667,811.0362299116134,0.0,35.845399542113725,1.5285248534159375,848.410154307143,s0140,96,0.18662381999999994,0.178786464419104,0.007837355580895492,0.00032655648253731217,0.0204044582396211,4.1995472929958755,0.007837355580895617
7.401024638007781,828.7782953253102,0.407974666992485,0.302246304846023,0.478547537370859,-5.48988838850934,1.0,1.0198405181761019,94.63639853801811,101.01201451514652,101.01201451514652,1,5,80.0,0,0.0,0.2414067797811297,0.3143933006301322,3,0.029252070091820185,0.34375,811.0362299116134,0.0,41.916686981674495,1.2311745768837614,854.1840914701717,s0141,96,0.18662381999999994,0.178786464419104,0.007837355580895492,0.00032655648253731217,0.0204044582396211,4.1995472929958755,0.007837355580895617
7.156816577895665,805.1583610224776,0.39818943418661423,0.45578413041876004,0.46183169274087665,-5.445609670708509,1.0,1.018704419574173,78.1479848745083,91.4864630347725,91.4864630347725,0,3,80.0,0,0.0,0.2729090795076837,0.3084626398948139,4,0.0325313887043281,0.5208333333333334,811.0362299116134,0.0,40.795863828579854,1.3918363054891865,853.2239300456824,s0142,96,0.18662381999999994,0.178786464419104,0.007837355580895492,0.00032655648253731217,0.0204044582396211,4.1995472929958755,0.007837355580895617
7.232727892949801,813.1352060792469,0.4203592634339615,0.38852379831778566,0.43814828160694447,-2.5289278950144225,1.0,1.0185127871990898,77.42587352789766,92.88643341092316,92.88643341092316,0,3,80.0,0,0.0,0.29735417265617237,0.2632070733718498,8,0.029869229032503032,0.5416666666666666,811.0362299116134,0.0,34.90139765124729,1.5165062805464788,847.4541338434071,s0143,96,0.18662381999999994,0.178786464419104,0.007837355580895492,0.00032655648253731217,0.0204044582396211,4.1995472929958755,0.007837355580895617
7.192951470746491,807.7943212376035,0.40105625279718427,0.4168697480739266,0.4885097404974556,-5.323034354228908,1.0,1.0189566814531483,79.93122130332242,92.12622737929735,92.12622737929735,0,4,80.0,0,0.0,0.29556649878875674,0.29001645409471,4,0.030445233653808985,0.4895833333333333,811.0362299116134,0.0,37.49534332844559,1.5073891438226599,850.0389623838818,s0144,96,0.18662381999999994,0.178786464419104,0.007837355580895492,0.00032655648253731217,0.0204044582396211,4.1995472929958755,0.007837355580895617
7.250339569429803,814.3614575175563,0.44115952009355824,0.4526589995975253,0.46623444164956196,-5.559530394565377,1.0,1.0197538491661615,79.70785115973901,95.85518945198815,95.85518945198815,0,5,80.0,0,0.0,0.2571058722350832,0.28523197780072884,3,0.030087204661120893,0.4479166666666667,811.0362299116134,0.0,37.70305025606557,1.311239948398924,850.0505201160779,s0145,96,0.18662381999999994,0.178786464419104,0.007837355580895492,0.00032655648253731217,0.0204044582396211,4.1995472929958755,0.007837355580895617
7.148006971208078,804.3656444206741,0.3981894341860203,0.3676862390189449,0.43271263224995204,-5.396336495131853,1.0,1.019575475515726,78.93619627712822,95.69729768479276,95.69729768479276,0,4,80.0,0,0.0,0.24879143014000876,0.2849235974997937,1,0.02776679920013912,0.5520833333333334,811.0362299116134,0.0,36.43474048105322,1.2688362937140445,848.7398066863807,s0146,96,0.18662381999999994,0.178786464419104,0.007837355580895492,0.00032655648253731217,0.0204044582396211,4.1995472929958755,0.007837355580895617
7.260715498740153,815.6917385033122,0.39818943418648756,0.34203598869913243,0.4478551010876672,-4.558649869936327,1.0,1.0181206230540596,86.04613533203931,87.09822580788091,87.09822580788091,1,7,80.0,0,0.0,0.27597668197857617,0.3086474624499921,4,0.03120944072064101,0.5416666666666666,811.0362299116134,0.0,40.2856291962211,1.4074810780907385,852.7293401859253,s0147,96,0.18662381999999994,0.178786464419104,0.007837355580895492,0.00032655648253731217,0.0204044582396211,4.1995472929958755,0.007837355580895617
7.260341196637543,815.6119200199299,0.41549620128188997,0.36318674315320415,0.45422928622394365,-4.704787408229357,1.0,1.0193601455915366,80.9694624164518,97.25570798582972,97.25570798582972,1,4,80.0,0,0.0,0.20731816838922712,0.2807294988046608,1,0.024501032725814442,0.4479166666666667,811.0362299116134,0.0,36.24718973884135,1.0573226587850586,848.3407423092399,s0148,96,0.18662381999999994,0.178786464419104,0.007837355580895492,0.00032655648253731217,0.0204044582396211,4.1995472929958755,0.007837355580895617
7.2775680863513035,817.7099904475843,0.45137890684714954,0.36970782571255345,0.4799878720810477,-5.390378894124524,1.0,1.0195073122850733,81.79455280068734,94.40774842613324,94.40774842613324,2,3,80.0,0,0.0,0.25843967260910355,0.31953430308118114,5,0.03454969542606815,0.5416666666666666,811.0362299116134,0.0,42.3585846785639,1.3180423303064284,854.7128569204838,s0149,96,0.18662381999999994,0.178786464419104,0.007837355580895492,0.00032655648253731217,0.0204044582396211,4.1995472929958755,0.007837355580895617
7.2692415083,816.5104619275937,0.39818943418592706,0.379247950216512,0.5307850403355281,-4.283221117501282,1.0,1.0201441411875207,80.67025296108213,100.04453712332703,100.04453712332703,1,6,80.0,0,0.0,0.28169212148932854,0.3517050233201543,3,0.031196232087612356,0.5416666666666666,811.0362299116134,0.0,44.98583017303377,1.4366298195955753,857.4586899042428,s0150,96,0.18662381999999994,0.178786464419104,0.007837355580895492,0.00032655648253731217,0.0204044582396211,4.1995472929958755,0.007837355580895617
7.236515974316646,812.7508740182423,0.3981894341863395,0.3935495760280978,0.4770668258477574,-4.73077101909058,1.0,1.0197802067526933,84.58437335319461,99.33797586872744,99.33797586872744,3,5,80.0,0,0.0,0.2890670894224933,0.26371710716252733,3,0.027683085362946624,0.5416666666666666,811.0362299116134,0.0,34.48183859052899,1.474242156054716,846.9923106581972,s0151,96,0.18662381999999994,0.178786464419104,0.007837355580895492,0.00032655648253731217,0.0204044582396211,4.1995472929958755,0.007837355580895617
7.194155389079503,808.4416408138931,0.39818943418670116,0.41220311969837986,0.47658589283884745,-4.793189664213574,1.0,1.0179864343981238,81.16159681530294,90.2970074529961,90.2970074529961,1,6,80.0,0,0.0,0.25820671837293685,0.34001314328263954,4,0.0319288542539045,0.5625,811.0362299116134,0.0,43.82665512239204,1.3168542637019778,856.1797392977074,s0152,96,0.18662381999999994,0.178786464419104,0.007837355580895492,0.00032655648253731217,0.0204044582396211,4.1995472929958755,0.007837355580895617
7.269352512246252,816.2278860314777,0.4295021310753867,0.396879137483358,0.5264017995595183,-5.254843646448472,1.0,1.0212430146551237,81.4410414816877,104.58395686418282,104.58395686418282,2,5,80.0,0,0.0,0.2806001998212876,0.3222468507194786,6,0.030839271104483482,0.4791666666666667,811.0362299116134,0.0,42.65554502355974,1.431061019088566,855.1228359542617,s0153,96,0.18662381999999994,0.178786464419104,0.007837355580895492,0.00032655648253731217,0.0204044582396211,4.1995472929958755,0.007837355580895617
7.236370462651845,812.7012984746846,0.39818943418589337,0.3860114932369334,0.45303817017071,-4.545865198605256,1.0,1.0194838066305107,78.10442637346691,94.63524083647414,94.63524083647414,0,2,80.0,0,0.0,0.3038944113903091,0.2764102590223543,6,0.03088182931512304,0.4375,811.0362299116134,0.0,36.249795055453326,1.5498614980905756,848.8358864651573,s0154,96,0.18662381999999994,0.178786464419104,0.007837355580895492,0.00032655648253731217,0.0204044582396211,4.1995472929958755,0.007837355580895617
7.23498142478546,812.6871908939752,0.3981894341867187,0.34993133814361377,0.5551881509572179,-7.101300165778291,1.0,1.0217918613435615,99.96715738711003,109.9747394700864,109.9747394700864,3,4,80.0,0,0.0,0.3220372679262954,0.3189894534801972,6,0.03425789717709941,0.4895833333333333,811.0362299116134,0.0,43.01195170117018,1.6423900664241065,855.6905716792078,s0155,96,0.18662381999999994,0.178786464419104,0.007837355580895492,0.00032655648253731217,0.0204044582396211,4.1995472929958755,0.007837355580895617
7.257557206059662,814.546847053075,0.5274750536126217,0.36735658413181965,0.5594482162791352,-4.914996686608148,1.0,1.0182588674123176,80.98324561212085,88.0027372164692,88.0027372164692,2,3,80.0,0,0.0,0.31043790649028224,0.3022060867689261,5,0.03553754485327909,0.6041666666666666,811.0362299116134,0.0,38.35411373647613,1.5832333231004383,850.97357697119,s0156,96,0.18662381999999994,0.178786464419104,0.007837355580895492,0.00032655648253731217,0.0204044582396211,4.1995472929958755,0.007837355580895617
7.22258083516852,811.8631598146017,0.3981894341859832,0.38426128172399365,0.5127474329326845,-5.310292605597002,1.0,1.0190234098895183,83.85241112652983,96.18486998809668,96.18486998809668,2,7,80.0,0,0.0,0.29448512019658335,0.2718666455341836,3,0.02861514327202635,0.4479166666666667,811.0362299116134,0.0,35.260034134436566,1.5018741130025748,847.7981381590525,s0157,96,0.18662381999999994,0.178786464419104,0.007837355580895492,0.00032655648253731217,0.0204044582396211,4.1995472929958755,0.007837355580895617
7.176775108254763,807.611701502695,0.39818943418600583,0.3737894922096596,0.4909675766056976,-4.982634226809356,1.0,1.01888670357444,80.48447802858635,92.87617478100618,92.87617478100618,2,5,80.0,0,0.0,0.2909067640518532,0.32402480487700025,7,0.03194087730577471,0.4895833333333333,811.0362299116134,0.0,41.991669194273776,1.4836244966644518,854.5115236025516,s0158,96,0.18662381999999994,0.178786464419104,0.007837355580895492,0.00032655648253731217,0.0204044582396211,4.1995472929958755,0.007837355580895617
7.222599092233312,810.7843864420694,0.41022599895898065,0.3900178727983434,0.5030780627782725,-4.959400845635781,1.0,1.0182211401530499,80.060587244556,89.74437577321359,89.74437577321359,1,6,80.0,0,0.0,0.28680516672437645,0.2911138089791804,3,0.02942219967203124,0.5520833333333334,811.0362299116134,0.0,37.19660297156005,1.462706350294319,849.6955392334678,s0159,96,0.18662381999999994,0.178786464419104,0.007837355580895492,0.00032655648253731217,0.0204044582396211,4.1995472929958755,0.007837355580895617
7.228819339433691,812.1821541385746,0.39818943418773334,0.3420062520391207,0.42853623569327726,-4.829154454833598,1.0,1.0175883384692284,85.23020605228847,90.07476472600267,90.07476472600267,2,5,80.0,0,0.0,0.2875504401780736,0.2316354804896319,5,0.02789648788031173,0.4895833333333333,811.0362299116134,0.0,30.943434050663075,1.4665072449081749,843.4461712071846,s0160,96,0.18662381999999994,0.178786464419104,0.007837355580895492,0.00032655648253731217,0.0204044582396211,4.1995472929958755,0.007837355580895617
7.294063642863751,819.7294216944449,0.3981894341863167,0.2880921032760031,0.5586410114146299,-4.032231920828203,1.0,1.0185680152238674,99.0113530282143,91.21086371661417,91.21086371661417,4,6,80.0,0,0.0,0.27413817979368393,0.3967862127255388,5,0.03545760012834843,0.4479166666666667,811.0362299116134,0.0,52.10112855948669,1.3981047169477878,864.535463188048,s0161,96,0.18662381999999994,0.178786464419104,0.007837355580895492,0.00032655648253731217,0.0204044582396211,4.1995472929958755,0.007837355580895617
7.197145304266044,809.6280141786448,0.398189434185995,0.4358906622482505,0.5085302087602336,-4.866444711511775,1.0,1.019785758287527,81.38075726097395,97.66595228037647,97.66595228037647,1,5,80.0,0,0.0,0.2827805195742362,0.3237215269250004,2,0.03159162700795105,0.5208333333333334,811.0362299116134,0.0,42.49185188363852,1.4421806498286052,854.9702624450806,s0162,96,0.18662381999999994,0.178786464419104,0.007837355580895492,0.00032655648253731217,0.0204044582396211,4.1995472929958755,0.007837355580895617
7.251196476404081,813.1932901807684,0.39818943418583863,0.4457143880984705,0.5045217167215037,-4.435798142127319,1.0,1.0204149669999956,77.33145267323506,100.43406721496075,100.43406721496075,0,4,80.0,0,0.0,0.3033600040244751,0.31586586690853946,8,0.03389337139409797,0.5,811.0362299116134,0.0,41.01306138672186,1.5471360205248217,853.59642731886,s0163,96,0.18662381999999994,0.178786464419104,0.007837355580895492,0.00032655648253731217,0.0204044582396211,4.1995472929958755,0.007837355580895617
7.26257262546617,815.5371492560314,0.4236530475814712,0.40603146400379053,0.5428976042697445,-4.561848690184316,1.0,1.0191399039085862,82.2003868125313,93.83274022533486,93.83274022533486,2,4,80.0,0,0.0,0.33355214178911435,0.31693008066259554,5,0.0327354923258576,0.46875,811.0362299116134,0.0,41.35005320162689,1.7011159231244832,854.0873990363648,s0164,96,0.18662381999999994,0.178786464419104,0.007837355580895492,0.00032655648253731217,0.0204044582396211,4.1995472929958755,0.007837355580895617
7.249770350358533,813.983565867838,0.3981894341862322,0.3991274431589464,0.4599360432821439,-4.586087125048217,1.0,1.01827016006036,78.14820320093678,90.56673865852115,90.56673865852115,0,2,80.0,0,0.0,0.29167370750390814,0.27570120457174335,2,0.02730024971824173,0.5,811.0362299116134,0.0,35.851237941310686,1.4875359082699318,848.3750037611941,s0165,96,0.18662381999999994,0.178786464419104,0.007837355580895492,0.00032655648253731217,0.0204044582396211,4.1995472929958755,0.007837355580895617
7.278403732790575,816.8444592989334,0.3981894341873892,0.32451415355410096,0.45668659864801725,-4.953234851650522,1.0,1.0201345750254,82.85139711091665,99.77653887908295,99.77653887908295,1,2,80.0,0,0.0,0.2867512825228642,0.2945199666594383,6,0.0316324639106116,0.4479166666666667,811.0362299116134,0.0,38.961417142160634,1.462431540866606,851.4600785946407,s0166,96,0.18662381999999994,0.178786464419104,0.007837355580895492,0.00032655648253731217,0.0204044582396211,4.1995472929958755,0.007837355580895617
7.224147932434103,812.3296704897722,0.39818943418584374,0.3646285131379871,0.4743033385688862,-4.945774503962433,1.0,1.0205092114851497,87.43732801536828,100.79071965079068,100.79071965079068,1,7,80.0,0,0.0,0.2879546041506571,0.29366475266772707,3,0.028245260193803842,0.4583333333333333,811.0362299116134,0.0,37.948244551688596,1.4685684811683504,850.4530429444704,s0167,96,0.18662381999999994,0.178786464419104,0.007837355580895492,0.00032655648253731217,0.0204044582396211,4.1995472929958755,0.007837355580895617
7.234172534470809,812.4215007178198,0.3981894341858799,0.3522706324982806,0.46441491021771664,-5.894732106705059,1.0,1.0214634869025512,84.00066602939236,106.58468119936086,106.58468119936086,3,4,80.0,0,0.0,0.26447041366051227,0.3371681083389749,4,0.03422386988506901,0.4895833333333333,811.0362299116134,0.0,44.15967040051844,1.3487991096686125,856.5446994218004,s0168,96,0.18662381999999994,0.178786464419104,0.007837355580895492,0.00032655648253731217,0.0204044582396211,4.1995472929958755,0.007837355580895617
7.279081850112359,816.8563411281144,0.3981894341878937,0.37513726245123735,0.47710456359059933,-4.967403021185664,1.0,1.0180508083872661,84.5183363122982,92.09153042376074,92.09153042376074,3,7,80.0,0,0.0,0.24096970329615217,0.29558315706600713,3,0.02793449544874639,0.4375,811.0362299116134,0.0,37.9007855325401,1.2289454868103755,850.1659609309639,s0169,96,0.18662381999999994,0.178786464419104,0.007837355580895492,0.00032655648253731217,0.0204044582396211,4.1995472929958755,0.007837355580895617
7.153854492868758,805.3648092937715,0.3981894341860084,0.3527158440984597,0.532432502681174,-5.0964830019565355,1.0,1.0179539901152532,87.55741825313706,86.2378249128511,86.2378249128511,6,9,80.0,0,0.0,0.3047165122087079,0.29380685948623564,2,0.03064372501804708,0.5416666666666666,811.0362299116134,0.0,37.299736644825934,1.5540542122644108,849.8900207687037,s0170,96,0.18662381999999994,0.178786464419104,0.007837355580895492,0.00032655648253731217,0.0204044582396211,4.1995472929958755,0.007837355580895617
7.2668257691303335,815.7043626971099,0.3981894341863428,0.41645066332709335,0.4360757613327606,-4.995724602917359,1.0,1.0177572666850312,80.96707002805897,84.65626398122431,84.65626398122431,1,2,80.0,0,0.0,0.23841530730367708,0.261415672656949,0,0.024509113757125663,0.5208333333333334,811.0362299116134,0.0,34.118674230176616,1.2159180672487526,846.3708222090387,s0171,96,0.18662381999999994,0.178786464419104,0.007837355580895492,0.00032655648253731217,0.0204044582396211,4.1995472929958755,0.007837355580895617
7.189743043573477,807.8710606280263,0.3981894341862378,0.41733716036053053,0.47486538738432554,-4.435944082090919,1.0,1.0183366868140897,79.4191110285422,88.48797064500081,88.48797064500081,0,4,80.0,0,0.0,0.2885145503070035,0.3020255666414772,3,0.03275916949959966,0.4583333333333333,811.0362299116134,0.0,39.09883904095585,1.4714242065657182,851.6064931591351,s0172,96,0.18662381999999994,0.178786464419104,0.007837355580895492,0.00032655648253731217,0.0204044582396211,4.1995472929958755,0.007837355580895617
7.25947164827928,816.6094570524365,0.39818943418601155,0.32432008295372944,0.4261375272143854,-5.107739990392477,1.0,1.0175890438343806,83.3933258913865,85.8334840434202,85.8334840434202,1,4,80.0,0,0.0,0.27125872265049217,0.30872203709342405,7,0.03164831947882546,0.4479166666666667,811.0362299116134,0.0,41.437221852846406,1.38341948551751,853.8568712499773,s0173,96,0.18662381999999994,0.178786464419104,0.007837355580895492,0.00032655648253731217,0.0204044582396211,4.1995472929958755,0.007837355580895617
7.246486147518594,814.9301755350102,0.39836750293216666,0.35052376559726833,0.4943108537869283,-5.741566876737056,1.0,1.0180590730319465,80.74332339097798,86.17840711207872,86.17840711207872,1,3,80.0,0,0.0,0.270325823977757,0.2821946549624249,4,0.027576860741320208,0.46875,811.0362299116134,0.0,36.706407421703396,1.3786617022865606,849.1212990356033,s0174,96,0.18662381999999994,0.178786464419104,0.007837355580895492,0.00032655648253731217,0.0204044582396211,4.1995472929958755,0.007837355580895617
7.249619414577186,814.283248742455,0.39818943418672403,0.3347017301664696,0.40270174727630803,-4.895453898259697,1.0,1.0179849499592994,80.0387218806492,87.7403165389086,87.7403165389086,1,2,80.0,0,0.0,0.22792111138553642,0.27916201369367744,3,0.0274517829754608,0.4479166666666667,811.0362299116134,0.0,36.327736758429225,1.1623976680662362,848.5263643381088,s0175,96,0.18662381999999994,0.178786464419104,0.007837355580895492,0.00032655648253731217,0.0204044582396211,4.1995472929958755,0.007837355580895617
7.2452236295549115,813.1661460692992,0.41949637269005685,0.3480134615121122,0.4328782122148129,-4.034438862905441,1.0,1.0186247289193626,80.98496356880585,90.85865062304403,90.85865062304403,1,3,80.0,0,0.0,0.23451307497691176,0.2867900494494403,3,0.027957069686905003,0.4895833333333333,811.0362299116134,0.0,37.34700375638264,1.1960166823822491,849.5792503503783,s0176,96,0.18662381999999994,0.178786464419104,0.007837355580895492,0.00032655648253731217,0.0204044582396211,4.1995472929958755,0.007837355580895617
7.281362970384151,817.3733081235763,0.40986214240087776,0.3540873561994239,0.5043999209529633,-3.7451663641458133,1.0,1.02029288637559,83.06507169921704,100.78188362599798,100.78188362599798,1,2,80.0,0,0.0,0.25964761177717566,0.328515511189608,5,0.029687747018574143,0.4791666666666667,811.0362299116134,0.0,43.007266557804044,1.3242028200635951,855.3676992894812,s0177,96,0.18662381999999994,0.178786464419104,0.007837355580895492,0.00032655648253731217,0.0204044582396211,4.1995472929958755,0.007837355580895617
7.225587720808667,811.612330775187,0.3981894341859627,0.37065626141302094,0.4726227198956079,-5.044856535540659,1.0,1.0188857185467346,78.93578417484393,93.66824193761535,93.66824193761535,0,6,80.0,0,0.0,0.28861967204038697,0.2732753306056357,5,0.028230537317658864,0.5,811.0362299116134,0.0,36.445303579121294,1.4719603274059736,848.9534938181407,s0178,96,0.18662381999999994,0.178786464419104,0.007837355580895492,0.00032655648253731217,0.0204044582396211,4.1995472929958755,0.007837355580895617
7.184723843113412,806.722417774007,0.3981894341862071,0.4175856394070127,0.4219857829607056,-4.344270983498439,1.0,1.0176779820522368,77.55854575666234,86.04619074509353,86.04619074509353,0,2,80.0,0,0.0,0.2867171695362566,0.2282710966296059,3,0.027182636887278618,0.5729166666666666,811.0362299116134,0.0,29.785650033921335,1.462257564634909,842.2841375101697,s0179,96,0.18662381999999994,0.178786464419104,0.007837355580895492,0.00032655648253731217,0.0204044582396211,4.1995472929958755,0.007837355580895617
7.2261056670409225,812.3131977703424,0.3981894341859501,0.42489201562047424,0.427720298118389,-6.9411578181529565,1.0,1.0193903715482087,78.57940626452218,93.84774639644398,93.84774639644398,0,7,80.0,0,0.0,0.2670541151620831,0.26244836270015065,3,0.026130498871120504,0.5625,811.0362299116134,0.0,34.34313793023136,1.3619759873266235,846.7413438291715,s0180,96,0.18662381999999994,0.178786464419104,0.007837355580895492,0.00032655648253731217,0.0204044582396211,4.1995472929958755,0.007837355580895617
7.208973203885687,810.6376836740269,0.40788237389336934,0.3964711146626335,0.4566663086620162,-5.260410552205332,1.0,1.0191672075571592,80.90563604222464,93.2384817605582,93.2384817605582,1,6,80.0,0,0.0,0.26593201447237164,0.29589585482836733,5,0.032132182428283564,0.5,811.0362299116134,0.0,39.35482068892463,1.3562532738090949,851.7473038743472,s0181,96,0.18662381999999994,0.178786464419104,0.007837355580895492,0.00032655648253731217,0.0204044582396211,4.1995472929958755,0.007837355580895617
7.219983078538695,812.2502673679633,0.39818943418593566,0.35022670821678287,0.5960424053603776,-4.989407949408638,1.0,1.0188933370997322,100.37815975729762,90.79451401231347,90.79451401231347,2,7,80.0,0,0.0,0.2767605107359843,0.35689626223122994,4,0.03358274707578174,0.5416666666666666,811.0362299116134,0.0,45.86503143477191,1.411478604753519,858.3127399511388,s0182,96,0.18662381999999994,0.178786464419104,0.007837355580895492,0.00032655648253731217,0.0204044582396211,4.1995472929958755,0.007837355580895617
7.232334092594929,813.2384422199143,0.3981894341859135,0.39249091862170477,0.451087997750905,-5.266414054383919,1.0,1.0193874401310745,80.5462210502062,93.72240063390387,93.72240063390387,1,4,80.0,0,0.0,0.22495724414988968,0.29563001634874003,2,0.025844467423200367,0.5208333333333334,811.0362299116134,0.0,38.102159670438,1.1472819451644374,850.2856715272159,s0183,96,0.18662381999999994,0.178786464419104,0.007837355580895492,0.00032655648253731217,0.0204044582396211,4.1995472929958755,0.007837355580895617
7.209726957033738,810.1739676719334,0.39818943418594527,0.41673987326912665,0.4414378401521908,-4.654345901819921,1.0,1.0186016102288085,78.74806916535968,89.14160360735035,89.14160360735035,0,3,80.0,0,0.0,0.2700085187816176,0.22877334493966528,5,0.026404281634108125,0.5,811.0362299116134,0.0,30.354467524180066,1.3770434457862488,842.7677408815798,s0184,96,0.18662381999999994,0.178786464419104,0.007837355580895492,0.00032655648253731217,0.0204044582396211,4.1995472929958755,0.007837355580895617
7.297078833127104,819.2595563726027,0.398189434185942,0.3623591467765209,0.5144463012359259,-3.599254747885528,1.0,1.018536954454219,82.11060986041456,90.10686181223276,90.10686181223276,1,6,80.0,0,0.0,0.2609235191034332,0.2951722844558684,3,0.028034461567007583,0.4375,811.0362299116134,0.0,38.05142208454174,1.3307099474275095,850.4183619435827,s0185,96,0.18662381999999994,0.178786464419104,0.007837355580895492,0.00032655648253731217,0.0204044582396211,4.1995472929958755,0.007837355580895617
7.233026067785108,812.1201687472861,0.4032308863006665,0.43883429244939837,0.4838174799302485,-5.608783085150435,1.0,1.018751652910377,83.59876258375225,90.68707397724023,90.68707397724023,3,5,80.0,0,0.0,0.296096266520063,0.2860113715441476,6,0.03084735142355836,0.46875,811.0362299116134,0.0,38.33970543460659,1.5100909592523217,850.8860263054723,s0186,96,0.18662381999999994,0.178786464419104,0.007837355580895492,0.00032655648253731217,0.0204044582396211,4.1995472929958755,0.007837355580895617
7.302070870897683,818.6199863501199,0.39818943418598807,0.4000295355608613,0.46785664049175757,-5.364316056179097,1.0,1.0196939108637963,92.92615077219087,96.653666971998,96.653666971998,2,6,80.0,0,0.0,0.2306062120178795,0.28522385609905054,3,0.02687148293486114,0.4375,811.0362299116134,0.0,37.17952178903885,1.1760916812911852,849.3918433819434,s0187,96,0.18662381999999994,0.178786464419104,0.007837355580895492,0.00032655648253731217,0.0204044582396211,4.1995472929958755,0.007837355580895617
7.362136361559595,824.873767376789,0.40826788592742413,0.35638061097439444,0.4544082795925626,-4.786170034657946,1.0,1.0179837804611844,77.74185645725584,87.69801854140833,87.69801854140833,0,5,80.0,0,0.0,0.24695725652186817,0.319604595461038,4,0.028420304914811095,0.40625,811.0362299116134,0.0,42.24977062098698,1.2594820082615266,854.5454825408619,s0188,96,0.18662381999999994,0.178786464419104,0.007837355580895492,0.00032655648253731217,0.0204044582396211,4.1995472929958755,0.007837355580895617
7.244901942576041,812.7819535933692,0.3981894341859344,0.4206430941356766,0.4472179492023939,-4.367360228045473,1.0,1.019867297049876,78.61255586529575,98.24353994842494,98.24353994842494,0,8,80.0,0,0.0,0.2961897334098638,0.2916599291080566,5,0.03099966651635574,0.5104166666666666,811.0362299116134,0.0,38.29005027199924,1.5105676403903054,850.8368478240029,s0189,96,0.18662381999999994,0.178786464419104,0.007837355580895492,0.00032655648253731217,0.0204044582396211,4.1995472929958755,0.007837355580895617
7.218730908198303,811.8207350925059,0.398189434185959,0.379644808809973,0.5051493774688468,-4.537949960284514,1.0,1.018316458094147,81.22603589095203,87.43308560976551,87.43308560976551,1,7,80.0,0,0.0,0.2831639746000699,0.274271227017186,0,0.026943311796846548,0.4791666666666667,811.0362299116134,0.0,35.09782974393076,1.444136270460357,847.5781959260046,s0190,96,0.18662381999999994,0.178786464419104,0.007837355580895492,0.00032655648253731217,0.0204044582396211,4.1995472929958755,0.007837355580895617
7.228502707116295,811.8330966481931,0.39818943418593344,0.3918946416108905,0.4788856382706115,-4.865817185322968,1.0,1.0193535003270675,81.36960474104603,97.27830814904299,97.27830814904299,1,5,80.0,0,0.0,0.282958727003658,0.266166977675238,4,0.028396959423855693,0.53125,811.0362299116134,0.0,34.78800243837378,1.4430895077186554,847.2673218577058,s0191,96,0.18662381999999994,0.178786464419104,0.007837355580895492,0.00032655648253731217,0.0204044582396211,4.1995472929958755,0.007837355580895617
7.211084814179311,810.4143955886209,0.41790644370994967,0.426218446050625,0.4385360826824356,-4.561084322361263,1.0,1.0182698233066714,82.42727028935153,89.49950000460137,89.49950000460137,1,5,80.0,0,0.0,0.27774922215519865,0.2637006910740294,4,0.02851107503461795,0.5208333333333334,811.0362299116134,0.0,34.82434195373521,1.4165210329915123,847.2770928983402,s0192,96,0.18662381999999994,0.178786464419104,0.007837355580895492,0.00032655648253731217,0.0204044582396211,4.1995472929958755,0.007837355580895617
7.2065408671813636,810.5677297486699,0.3981894341872638,0.39304062626214165,0.48790841848209665,-4.011970427287239,1.0,1.019555073000821,91.27695228618684,96.61814544891372,96.61814544891372,2,4,80.0,0,0.0,0.2767891866421873,0.22328728937550563,2,0.024113762161262937,0.5,811.0362299116134,0.0,28.72976567317231,1.4116248518751546,841.1776204366608,s0193,96,0.18662381999999994,0.178786464419104,0.007837355580895492,0.00032655648253731217,0.0204044582396211,4.1995472929958755,0.007837355580895617
7.251385491155178,813.903079692127,0.3981894341860062,0.38111832817750246,0.47073381001209585,-7.544736182352753,1.0,1.018790610827133,83.25673963416182,90.7817110666861,90.7817110666861,3,8,80.0,0,0.0,0.28330435404991633,0.2744922148756843,7,0.028365723263107892,0.5520833333333334,811.0362299116134,0.0,35.365811663579535,1.4448522056545736,847.8468937808475,s0194,96,0.18662381999999994,0.178786464419104,0.007837355580895492,0.00032655648253731217,0.0204044582396211,4.1995472929958755,0.007837355580895617
7.212794826466363,810.5486958184192,0.39818943418595604,0.4228659110997467,0.44709949640897917,-5.292565777575015,1.0,1.0187795380753055,81.56782941785409,92.58557756973282,92.58557756973282,2,9,80.0,0,0.0,0.2862682516064202,0.28505237700658537,6,0.03061057850069678,0.5625,811.0362299116134,0.0,37.16260895538537,1.4599680831927426,849.6588069501915,s0195,96,0.18662381999999994,0.178786464419104,0.007837355580895492,0.00032655648253731217,0.0204044582396211,4.1995472929958755,0.007837355580895617
7.1720430353456655,806.5801537940677,0.4722907305796189,0.37997473602365406,0.4797132551176094,-5.900960588951996,1.0,1.0187506838406735,81.47561801986771,93.53544401708935,93.53544401708935,2,5,80.0,0,0.0,0.27054666717240244,0.3147785026443432,5,0.033085460650839324,0.5,811.0362299116134,0.0,42.325221049011766,1.3797880025792524,854.7412389632045,s0196,96,0.18662381999999994,0.178786464419104,0.007837355580895492,0.00032655648253731217,0.0204044582396211,4.1995472929958755,0.007837355580895617
7.312464759265544,820.2883727777742,0.477839535902314,0.3462786368684847,0.5619844246812915,-2.926460374531494,1.0,1.0191250773958465,84.15584137645284,94.5778458295856,94.5778458295856,1,6,80.0,0,0.0,0.3079421020016484,0.3958763570065982,6,0.03862100171798698,0.46875,811.0362299116134,0.0,52.81117152704543,1.5705047202084073,865.4179061588673,s0197,96,0.18662381999999994,0.178786464419104,0.007837355580895492,0.00032655648253731217,0.0204044582396211,4.1995472929958755,0.007837355580895617
7.283307387955561,817.8308695613142,0.4016919189892546,0.3886155727208699,0.4920288960582898,-1.7487329115475678,1.0,1.0199709292186931,75.59183586866108,99.1859060601253,99.1859060601253,0,1,80.0,0,0.0,0.2535482552708262,0.3511836240176818,4,0.030820774375720277,0.5208333333333334,811.0362299116134,0.0,46.60782859601591,1.2930961018812128,858.9371546095106,s0198,96,0.18662381999999994,0.178786464419104,0.007837355580895492,0.00032655648253731217,0.0204044582396211,4.1995472929958755,0.007837355580895617
7.144678640525211,804.3581278377262,0.40129143845676596,0.41811018251629517,0.48887389642660517,-5.150663528278298,1.0,1.0177113563648301,84.17306259858177,84.62515072369474,84.62515072369474,2,5,80.0,0,0.0,0.33187780198030015,0.27485041447859193,7,0.0321902846488293,0.4895833333333333,811.0362299116134,0.0,35.595113088112804,1.6925767900995308,848.3239197898258,s0199,96,0.18662381999999994,0.178786464419104,0.007837355580895492,0.00032655648253731217,0.0204044582396211,4.1995472929958755,0.007837355580895617
7.265519310775483,815.2745031144748,0.398189434186369,0.3807371828355962,0.5036897298638582,-4.369108451986681,1.0,1.0203805435698414,80.39289235970713,100.93081379420128,100.93081379420128,1,8,80.0,0,0.0,0.30479326319325084,0.349091549007959,6,0.03488927279478337,0.5208333333333334,811.0362299116134,0.0,46.42322345158259,1.5544456422855797,859.0138990054816,s0200,96,0.18662381999999994,0.178786464419104,0.007837355580895492,0.00032655648253731217,0.0204044582396211,4.1995472929958755,0.007837355580895617
7.315158902943969,820.7284511128282,0.3981894341863156,0.31930384826861397,0.42218993059224,-5.034658642480867,1.0,1.0183112138706756,79.81978913420048,91.90695997989633,91.90695997989633,0,5,80.0,0,0.0,0.229846147730692,0.2813581827390473,4,0.024944202309322015,0.3854166666666667,811.0362299116134,0.0,36.97041348511444,1.1722153534265292,849.1788587501544,s0201,96,0.18662381999999994,0.178786464419104,0.007837355580895492,0.00032655648253731217,0.0204044582396211,4.1995472929958755,0.007837355580895617
7.286384541985329,818.3875167802707,0.4177441451340969,0.3581844143663202,0.5360344834647689,-5.124003076650632,1.0,1.0188363232096709,81.54882254596455,92.48439969741344,92.48439969741344,2,8,80.0,0,0.0,0.2905085726055126,0.3150754713165223,4,0.029768526895388416,0.5104166666666666,811.0362299116134,0.0,41.16973049804186,1.4815937202881135,853.6875541299434,s0202,96,0.18662381999999994,0.178786464419104,0.007837355580895492,0.00032655648253731217,0.0204044582396211,4.1995472929958755,0.007837355580895617
7.270138115553351,816.9507673376235,0.3984185099877643,0.37502976045195424,0.481433728066348,-4.047529137216126,1.0,1.0187175067839362,80.46718421845128,92.4839890052673,92.4839890052673,1,5,80.0,0,0.0,0.3050941074766991,0.288034355555957,6,0.03261577234045615,0.5,811.0362299116134,0.0,38.89274181240722,1.5559799481311645,851.4849516721517,s0203,96,0.18662381999999994,0.178786464419104,0.007837355580895492,0.00032655648253731217,0.0204044582396211,4.1995472929958755,0.007837355580895617
7.202766581282752,810.3474839750522,0.3981894341865207,0.3493813217905297,0.48514916849920986,-5.371514212472029,1.0,1.0178505444562047,82.888282024791,85.26890992937027,85.26890992937027,1,2,80.0,0,0.0,0.2549488013009455,0.33230366292460667,2,0.030008000732665383,0.5,811.0362299116134,0.0,43.12750202569241,1.3002388866348213,855.4639708239406,s0204,96,0.18662381999999994,0.178786464419104,0.007837355580895492,0.00032655648253731217,0.0204044582396211,4.1995472929958755,0.007837355580895617
7.1236760407041295,802.5587549318889,0.39818943418746316,0.4448143234083729,0.4506441587747275,-4.432387695091179,1.0,1.0174726819087725,81.93369577094101,84.7392553952472,84.7392553952472,1,2,80.0,0,0.0,0.29052961395228133,0.2740397887260472,4,0.029126313295822527,0.5729166666666666,811.0362299116134,0.0,35.86377690440271,1.4817010311566339,848.3817078471727,s0205,96,0.18662381999999994,0.178786464419104,0.007837355580895492,0.00032655648253731217,0.0204044582396211,4.1995472929958755,0.007837355580895617
7.253934956298051,816.0009434943776,0.40618281185461197,0.4276989529683232,0.488425459992603,-4.4584458193684435,1.0,1.0206856506157431,80.6834898618301,102.7288598226471,102.7288598226471,1,6,80.0,0,0.0,0.23868543435154432,0.3040511594919337,4,0.032627195530572015,0.5104166666666666,811.0362299116134,0.0,40.82950186959468,1.2172957151928758,853.083027496401,s0206,96,0.18662381999999994,0.178786464419104,0.007837355580895492,0.00032655648253731217,0.0204044582396211,4.1995472929958755,0.007837355580895617
7.182716528963589,807.6019712560171,0.3981894341863271,0.40998345664964064,0.5088165661404853,-3.7810875121205973,1.0,1.0183129285906007,89.21553548083222,90.01763802153587,90.01763802153587,1,5,80.0,0,0.0,0.30101411427635655,0.30222651122841127,7,0.03216888754469989,0.4791666666666667,811.0362299116134,0.0,40.50010443713552,1.535171982809418,853.0715063315583,s0207,96,0.18662381999999994,0.178786464419104,0.007837355580895492,0.00032655648253731217,0.0204044582396211,4.1995472929958755,0.007837355580895617
7.204275504533996,809.9949701852607,0.39818943418633124,0.32511137240519794,0.4760809866794851,-4.6159160699624,1.0,1.0191348833038962,85.59883758251945,94.8209543454501,94.8209543454501,2,6,80.0,0,0.0,0.3114362268640202,0.3412627271810169,10,0.03397725012139896,0.4583333333333333,811.0362299116134,0.0,44.70590677324635,1.5883247570065033,857.3304614418663,s0208,96,0.18662381999999994,0.178786464419104,0.007837355580895492,0.00032655648253731217,0.0204044582396211,4.1995472929958755,0.007837355580895617
7.265604154845285,816.0638931781698,0.406615709045034,0.39918878199125973,0.4876888151923141,-5.210584614824746,1.0,1.0193819441062197,78.99223664188368,96.3689544011591,96.3689544011591,0,3,80.0,0,0.0,0.2532033293863873,0.27976693901857386,2,0.026862100421309543,0.5729166666666666,811.0362299116134,0.0,36.01317123451209,1.2913369798705747,848.3407381259962,s0209,96,0.18662381999999994,0.178786464419104,0.007837355580895492,0.00032655648253731217,0.0204044582396211,4.1995472929958755,0.007837355580895617
7.210308492657223,809.8747067838074,0.3981894341859168,0.37842929730492353,0.45404504560781833,-9.513687448356505,1.0,1.020767954785037,89.46161831906367,100.49475805609356,100.49475805609356,2,11,80.0,0,0.0,0.2690252504047957,0.24550945087596027,3,0.026019431557320928,0.59375,811.0362299116134,0.0,31.73546255717964,1.372028777064458,844.1437212458575,s0210,96,0.18662381999999994,0.178786464419104,0.007837355580895492,0.00032655648253731217,0.0204044582396211,4.1995472929958755,0.007837355580895617
7.243860301685622,813.3571702021014,0.4111779325813827,0.38240493471763437,0.4486143793417935,-3.021242568245333,1.0,1.018657656329896,77.17551184843178,90.20740201709148,90.20740201709148,0,5,80.0,0,0.0,0.2633277317902494,0.26373362171219555,4,0.027375540372133387,0.4479166666666667,811.0362299116134,0.0,34.0961872174052,1.3429714321302713,846.475388561149,s0211,96,0.18662381999999994,0.178786464419104,0.007837355580895492,0.00032655648253731217,0.0204044582396211,4.1995472929958755,0.007837355580895617
7.2139664871120806,811.4151162548153,0.39818943418599667,0.38891930803357355,0.44699501692806193,-5.037863335504007,1.0,1.0191604308063547,79.10977182996362,93.71614633830431,93.71614633830431,0,7,80.0,0,0.0,0.26620325558206726,0.2953522130971514,2,0.02928442985167142,0.5625,811.0362299116134,0.0,39.217648662494604,1.3576366034685425,851.6115151775766,s0212,96,0.18662381999999994,0.178786464419104,0.007837355580895492,0.00032655648253731217,0.0204044582396211,4.1995472929958755,0.007837355580895617
7.196370729298965,808.7013630421543,0.39880219453666654,0.4222979660248118,0.47692865731389006,-5.335958325146929,1.0,1.0179548167913282,79.00613188793008,86.92046795816032,86.92046795816032,0,5,80.0,0,0.0,0.2869285627919137,0.33598786763655236,5,0.035419998579791605,0.5208333333333334,811.0362299116134,0.0,44.156884395452444,1.463335670238759,856.6564499773046,s0213,96,0.18662381999999994,0.178786464419104,0.007837355580895492,0.00032655648253731217,0.0204044582396211,4.1995472929958755,0.007837355580895617
7.124626592206817,802.3899872796403,0.3981894341877026,0.430724052585445,0.5092166622007782,-5.633947568474153,1.0,1.0181905182995084,83.71808298029369,87.42365367624073,87.42365367624073,3,4,80.0,0,0.0,0.28935082784173793,0.2922243500659602,3,0.028473624962875692,0.59375,811.0362299116134,0.0,36.88459525052275,1.4756892219928632,849.3965143841291,s0214,96,0.18662381999999994,0.178786464419104,0.007837355580895492,0.00032655648253731217,0.0204044582396211,4.1995472929958755,0.007837355580895617
7.177341073483371,807.2447988356521,0.39818943418590036,0.3520485319376914,0.4244095361154935,-4.894228556270094,1.0,1.0194854546601895,79.6710744537802,94.49169145115212,94.49169145115212,0,4,80.0,0,0.0,0.24528888890727987,0.24294664497618457,3,0.02614275364939642,0.5729166666666666,811.0362299116134,0.0,31.272828711387177,1.2509733334271274,843.5600319564278,s0215,96,0.18662381999999994,0.178786464419104,0.007837355580895492,0.00032655648253731217,0.0204044582396211,4.1995472929958755,0.007837355580895617
7.283045764291823,817.1603518044469,0.39818943418591896,0.3823915949926209,0.4212141134126003,-7.151840026428413,1.0,1.0199741899192163,89.10323755231929,97.47497096404423,97.47497096404423,1,6,80.0,0,0.0,0.242419146554291,0.25274804147512253,5,0.02695762601042387,0.5104166666666666,811.0362299116134,0.0,33.44815445523581,1.2363376474268841,845.7207220142761,s0216,96,0.18662381999999994,0.178786464419104,0.007837355580895492,0.00032655648253731217,0.0204044582396211,4.1995472929958755,0.007837355580895617
7.334194387721329,824.4053727672673,0.4377084434898946,0.3058719691710877,0.4967258052279836,-4.945944155082169,1.0,1.0186310789642992,76.55498494780086,90.34470504879647,90.34470504879647,0,4,80.0,0,0.0,0.30405304957063234,0.33631839867230295,7,0.03367031470226028,0.4270833333333333,811.0362299116134,0.0,45.88115230816766,1.5506705528102251,858.4680527725912,s0217,96,0.18662381999999994,0.178786464419104,0.007837355580895492,0.00032655648253731217,0.0204044582396211,4.1995472929958755,0.007837355580895617
7.269346736208595,815.9836658862869,0.3981894341859942,0.35583740191735025,0.42788203100374655,-3.021242483822047,1.0,1.0175158364092387,80.39790281128636,86.43271984562035,86.43271984562035,1,3,80.0,0,0.0,0.25459334399577715,0.2815137723104794,5,0.029075174402012145,0.4270833333333333,811.0362299116134,0.0,36.60454427472062,1.2984260543784634,848.9392002407125,s0218,96,0.18662381999999994,0.178786464419104,0.007837355580895492,0.00032655648253731217,0.0204044582396211,4.1995472929958755,0.007837355580895617
7.221649436973857,812.3303343264397,0.3981894341859709,0.39201999549123195,0.4785381215375392,-4.534317376473015,1.0,1.0181032363117655,83.04163782513955,86.12410052625759,86.12410052625759,3,7,80.0,0,0.0,0.30700796775711336,0.2944621897264511,8,0.031149923113768872,0.53125,811.0362299116134,0.0,38.90662306336526,1.5657406355612777,851.50859361054,s0219,96,0.18662381999999994,0.178786464419104,0.007837355580895492,0.00032655648253731217,0.0204044582396211,4.1995472929958755,0.007837355580895617
7.311375720714253,820.7110774750226,0.3981894341860381,0.3527958191277563,0.4284562545148299,-4.0058784337897295,1.0,1.0169297956515466,79.21534435513206,81.09726317375626,81.09726317375626,0,1,80.0,0,0.0,0.1943581037072421,0.332173719707373,0,0.028099946983940124,0.40625,811.0362299116134,0.0,43.062132821977315,0.9912263289069344,855.0895890624977,s0220,96,0.18662381999999994,0.178786464419104,0.007837355580895492,0.00032655648253731217,0.0204044582396211,4.1995472929958755,0.007837355580895617
7.248179641510129,814.5540528291899,0.39818943418665653,0.34724153742910135,0.47103640313023454,-4.847323176896938,1.0,1.0179522144654647,86.83667214211454,86.35393056187246,86.35393056187246,1,4,80.0,0,0.0,0.2557507163011231,0.2725187911446183,3,0.02649144006202111,0.46875,811.0362299116134,0.0,35.96014520574359,1.3043286531357274,848.3007037704928,s0221,96,0.18662381999999994,0.178786464419104,0.007837355580895492,0.00032655648253731217,0.0204044582396211,4.1995472929958755,0.007837355580895617
7.163055395622405,805.4025585004425,0.3981894341859315,0.36602038540347415,0.5519725490477514,-4.976072966194051,1.0,1.019415936854108,80.78424802114665,94.90446083554538,94.90446083554538,2,7,80.0,0,0.0,0.32635676519250173,0.31062279050207287,4,0.03139854694453429,0.5625,811.0362299116134,0.0,40.633455210605256,1.6644195024817594,853.3341046247004,s0222,96,0.18662381999999994,0.178786464419104,0.007837355580895492,0.00032655648253731217,0.0204044582396211,4.1995472929958755,0.007837355580895617
7.207953222075767,810.3850710087844,0.40529255838227113,0.3535810597039707,0.4370951762872233,-4.466102358715046,1.0,1.0173809576681947,80.17307639370956,85.26176074272239,85.26176074272239,1,4,80.0,0,0.0,0.23571197253469225,0.26693733672646014,3,0.025791339545217118,0.5520833333333334,811.0362299116134,0.0,34.67428299036634,1.2021310599269301,846.9126439619067,s0223,96,0.18662381999999994,0.178786464419104,0.007837355580895492,0.00032655648253731217,0.0204044582396211,4.1995472929958755,0.007837355580895617
7.285527050367786,817.560579628059,0.39818943418690633,0.35569291560245203,0.4871652297271099,-4.426767350238147,1.0,1.0183292596970455,78.00070772729856,89.86656339589616,89.86656339589616,0,4,80.0,0,0.0,0.2487231174588965,0.382300176555599,5,0.032599919669945986,0.4375,811.0362299116134,0.0,49.23727313079608,1.2684878990403723,861.5419909414499,s0224,96,0.18662381999999994,0.178786464419104,0.007837355580895492,0.00032655648253731217,0.0204044582396211,4.1995472929958755,0.007837355580895617
7.2095920214068485,811.8654259811707,0.4074873093890452,0.41202380121471593,0.5064419558398171,-5.372827774507389,1.0,1.0189629104869304,78.8290704015464,93.78032042456347,93.78032042456347,0,10,80.0,0,0.0,0.28634637169327376,0.31450571551684176,3,0.030352769781920034,0.5520833333333334,811.0362299116134,0.0,41.6003833475753,1.460366495635695,854.0969797548244,s0225,96,0.18662381999999994,0.178786464419104,0.007837355580895492,0.00032655648253731217,0.0204044582396211,4.1995472929958755,0.007837355580895617
7.306604400355731,819.2161443952282,0.3981894341876289,0.3047291870289416,0.48353618408588994,-3.6780191850716566,1.0,1.0175101208048725,80.40085383012627,84.19355823403838,84.19355823403838,1,2,80.0,0,0.0,0.29858032798278095,0.3248364711283649,5,0.03147489351095603,0.4166666666666667,811.0362299116134,0.0,42.48648135962259,1.522759672712183,855.0454709439481,s0226,96,0.18662381999999994,0.178786464419104,0.007837355580895492,0.00032655648253731217,0.0204044582396211,4.1995472929958755,0.007837355580895617
7.265311828253552,814.9040080658403,0.40159410509966553,0.4138458921241069,0.5070301094796876,-4.899886948494232,1.0,1.0175038974654418,83.13787889204335,89.07495598601494,89.07495598601494,3,4,80.0,0,0.0,0.30547629781220453,0.30959441436766844,6,0.03211332303355417,0.4479166666666667,811.0362299116134,0.0,39.98981935554568,1.5579291188422426,852.5839783860014,s0227,96,0.18662381999999994,0.178786464419104,0.007837355580895492,0.00032655648253731217,0.0204044582396211,4.1995472929958755,0.007837355580895617
7.26923514148939,815.380675382157,0.3981894341859927,0.40131705787344973,0.5097879134182723,-3.8847585417412396,1.0,1.0184109784626796,84.15368664883324,89.62964669871042,89.62964669871042,4,4,80.0,0,0.0,0.28573524820941265,0.3415929638295212,5,0.034118567519459075,0.4375,811.0362299116134,0.0,44.74693927404148,1.4572497658680035,857.2404189515229,s0228,96,0.18662381999999994,0.178786464419104,0.007837355580895492,0.00032655648253731217,0.0204044582396211,4.1995472929958755,0.007837355580895617
7.403201535881237,829.3871534011889,0.4065454074998224,0.3025546992203807,0.510056410546611,-5.191906095740833,1.0,1.0181354188006861,84.66975811582347,92.51093246060657,92.51093246060657,1,4,80.0,0,0.0,0.25799487625809886,0.3265967214133976,5,0.02955266424630102,0.3854166666666667,811.0362299116134,0.0,42.93803461390487,1.3157738689163048,855.2900383944345,s0229,96,0.18662381999999994,0.178786464419104,0.007837355580895492,0.00032655648253731217,0.0204044582396211,4.1995472929958755,0.007837355580895617
7.1585887251267994,804.8153392907846,0.39818943418595365,0.454478408638215,0.45471863898811005,-4.5709348260848905,1.0,1.0186336557787068,82.92620085816218,90.79700982034853,90.79700982034853,2,8,80.0,0,0.0,0.32139666883765816,0.27887172936881766,5,0.030152564645092517,0.5416666666666666,811.0362299116134,0.0,36.2703304998521,1.6391230110720574,848.9456834225375,s0230,96,0.18662381999999994,0.178786464419104,0.007837355580895492,0.00032655648253731217,0.0204044582396211,4.1995472929958755,0.007837355580895617
7.217838261470006,810.2091728627216,0.3981894341866635,0.443133192029345,0.4779837408612314,-5.045445028927081,1.0,1.0175883868301856,86.26232622185796,85.29057404752459,85.29057404752459,1,6,80.0,0,0.0,0.30288338183919256,0.2959981453293079,7,0.03156141689796266,0.5,811.0362299116134,0.0,38.42060504233342,1.5447052473798824,851.0015402013266,s0231,96,0.18662381999999994,0.178786464419104,0.007837355580895492,0.00032655648253731217,0.0204044582396211,4.1995472929958755,0.007837355580895617
7.140284219693576,803.5330516702911,0.39818943418706537,0.46897347809586964,0.5218018407465008,-1.5489302634894073,1.0,1.0175169877833035,78.99600147608034,88.80825104734774,88.80825104734774,0,4,80.0,0,0.0,0.3234058581044202,0.3595575143808028,7,0.03545502320261529,0.5833333333333334,811.0362299116134,0.0,47.47847103843208,1.6493698763325422,860.1640708263781,s0232,96,0.18662381999999994,0.178786464419104,0.007837355580895492,0.00032655648253731217,0.0204044582396211,4.1995472929958755,0.007837355580895617
7.263662062938588,816.0296524021039,0.4079739549162324,0.3345298215753909,0.5379729633912966,-7.834788252643864,1.0,1.0205452235647383,83.36014696584392,100.56967188075261,100.56967188075261,2,9,80.0,0,0.0,0.29358214684817285,0.340121354849381,3,0.030997939955482955,0.40625,811.0362299116134,0.0,43.89993777133316,1.4972689489256814,856.4334366318723,s0233,96,0.18662381999999994,0.178786464419104,0.007837355580895492,0.00032655648253731217,0.0204044582396211,4.1995472929958755,0.007837355580895617
7.241872454560816,813.2298120961975,0.39818943418650143,0.423742676977621,0.3828587349093924,-5.415887662694003,1.0,1.020125205161226,77.62310121803532,99.48150502106529,99.48150502106529,0,2,80.0,0,0.0,0.24619082686800764,0.2181154854213041,3,0.023555915340695552,0.4791666666666667,811.0362299116134,0.0,28.436788906338215,1.25557321702684,840.7285920349784,s0234,96,0.18662381999999994,0.178786464419104,0.007837355580895492,0.00032655648253731217,0.0204044582396211,4.1995472929958755,0.007837355580895617
7.192866282225964,808.4560853188193,0.43164164387937914,0.4225629736880616,0.4904611966864684,-5.083482201752491,1.0,1.0193397652182679,80.17378095650209,94.80031936226703,94.80031936226703,1,9,80.0,0,0.0,0.2874136636413772,0.2540375369575859,5,0.02772106839537663,0.5729166666666666,811.0362299116134,0.0,33.391023063627905,1.4658096845710231,845.8930626598124,s0235,96,0.18662381999999994,0.178786464419104,0.007837355580895492,0.00032655648253731217,0.0204044582396211,4.1995472929958755,0.007837355580895617
7.226508938121839,812.0627272099871,0.39818943418773783,0.4023247110747465,0.4663471437527938,-3.787436892198349,1.0,1.0188588768256044,89.96652211892683,92.45460606481238,92.45460606481238,1,7,80.0,0,0.0,0.28132396159934653,0.34373199673452676,4,0.033049514254866685,0.4583333333333333,811.0362299116134,0.0,44.999553171412586,1.4347522041566672,857.4705352871827,s0236,96,0.18662381999999994,0.178786464419104,0.007837355580895492,0.00032655648253731217,0.0204044582396211,4.1995472929958755,0.007837355580895617
7.208358865500401,809.9303637723001,0.39818943418601416,0.3671457664477668,0.3845621013237137,-4.46987226226142,1.0,1.0180391711290118,78.9906781720818,88.07513403861903,88.07513403861903,0,7,80.0,0,0.0,0.22473267382966677,0.23561573815808373,2,0.022671634267826028,0.5625,811.0362299116134,0.0,31.035165319886694,1.1461366365312995,843.2175318680314,s0237,96,0.18662381999999994,0.178786464419104,0.007837355580895492,0.00032655648253731217,0.0204044582396211,4.1995472929958755,0.007837355580895617
7.19044254527695,808.1518318555951,0.39818943418598446,0.3832212718876633,0.4227096435675497,-4.836584804672088,1.0,1.0183762440465438,86.00162294414861,88.97696788356467,88.97696788356467,1,4,80.0,0,0.0,0.2223317317628177,0.2520757847419982,1,0.02357405061489178,0.5416666666666666,811.0362299116134,0.0,32.34023453285635,1.1338918319903715,844.5103562764601,s0238,96,0.18662381999999994,0.178786464419104,0.007837355580895492,0.00032655648253731217,0.0204044582396211,4.1995472929958755,0.007837355580895617
7.228156096213089,812.297686890125,0.40765885617071645,0.39683564413640515,0.44515177425315666,-4.838441500791422,1.0,1.0185142551866253,78.83892304212317,88.52140511368076,88.52140511368076,0,4,80.0,0,0.0,0.27484508854187534,0.2669149083776722,7,0.02867989084727416,0.5520833333333334,811.0362299116134,0.0,35.47017997539668,1.4017099515635636,847.9081198385737,s0239,96,0.18662381999999994,0.178786464419104,0.007837355580895492,0.00032655648253731217,0.0204044582396211,4.1995472929958755,0.007837355580895617
7.293671490382603,817.2020386070411,0.39818943418591835,0.4284633148105914,0.49704085177159896,-5.5116290717403045,1.0,1.019391025680692,82.6410391451057,95.11903209209123,95.11903209209123,2,7,80.0,0,0.0,0.2946584491330496,0.2532606535826827,5,0.02768581607640492,0.4583333333333333,811.0362299116134,0.0,32.53162927095202,1.5027580905785531,845.0706172731441,s0240,96,0.18662381999999994,0.178786464419104,0.007837355580895492,0.00032655648253731217,0.0204044582396211,4.1995472929958755,0.007837355580895617
7.2128877526674975,810.3170204696282,0.3981894341864084,0.39744827853995135,0.42780221059292667,-5.451941532486335,1.0,1.0197572561078607,79.54518827501572,97.19032789431215,97.19032789431215,0,8,80.0,0,0.0,0.2737976232004401,0.2738947360920156,3,0.029461898977548646,0.53125,811.0362299116134,0.0,35.82303983564166,1.3963678783222437,848.2556376255774,s0241,96,0.18662381999999994,0.178786464419104,0.007837355580895492,0.00032655648253731217,0.0204044582396211,4.1995472929958755,0.007837355580895617
7.213647044827798,810.1185476775365,0.4042544942498305,0.40566208725703756,0.4221230495195844,-8.186707392357633,1.0,1.018901222657526,83.81870439119432,90.77337923849545,90.77337923849545,1,9,80.0,0,0.0,0.2613575653933682,0.24229571849629375,4,0.0277583397599515,0.5208333333333334,811.0362299116134,0.0,31.08520370528055,1.3329235835061777,843.4543572004001,s0242,96,0.18662381999999994,0.178786464419104,0.007837355580895492,0.00032655648253731217,0.0204044582396211,4.1995472929958755,0.007837355580895617
7.206078501589802,809.9267271002079,0.4142026666360723,0.3901583588945851,0.4562970704531975,-4.081969396955092,1.0,1.0180089789727056,78.61284038270665,90.40876232647321,90.40876232647321,0,4,80.0,0,0.0,0.2747097845971321,0.2764559173567006,6,0.030125955858226784,0.4583333333333333,811.0362299116134,0.0,36.317664549711985,1.4010199014453735,848.7549143627707,s0243,96,0.18662381999999994,0.178786464419104,0.007837355580895492,0.00032655648253731217,0.0204044582396211,4.1995472929958755,0.007837355580895617
7.316099946922153,821.3227052526869,0.45161637939814836,0.3497147594473479,0.5573007384449968,-6.08144281457674,1.0,1.0183037335274532,80.89690144072968,91.23896664456458,91.23896664456458,2,7,80.0,0,0.0,0.36127582090631677,0.3449896784823579,10,0.040227411323889115,0.4791666666666667,811.0362299116134,0.0,46.406274002023025,1.8425066866222146,859.2850106002586,s0244,96,0.18662381999999994,0.178786464419104,0.007837355580895492,0.00032655648253731217,0.0204044582396211,4.1995472929958755,0.007837355580895617
7.16946288012574,805.1365119536936,0.3981894341865364,0.4431829677099073,0.47840460402293794,-4.803907500495644,1.0,1.0185230599879307,87.9447910377109,93.76222673045847,93.76222673045847,3,6,80.0,0,0.0,0.3079369105714955,0.30166897272865006,8,0.03379987755525324,0.5,811.0362299116134,0.0,40.57101643523518,1.5704782439146254,853.1777245907632,s0245,96,0.18662381999999994,0.178786464419104,0.007837355580895492,0.00032655648253731217,0.0204044582396211,4.1995472929958755,0.007837355580895617
7.140923398172135,803.8367659685357,0.40102767344692625,0.3797730454551338,0.5084892956430265,-4.680255426776561,1.0,1.0185055647824133,80.55895485362406,89.85519898183,89.85519898183,1,8,80.0,0,0.0,0.3180243071871493,0.3002195020448531,4,0.030774826567760774,0.6145833333333334,811.0362299116134,0.0,38.90669117653433,1.6219239666544611,851.5648450548022,s0246,96,0.18662381999999994,0.178786464419104,0.007837355580895492,0.00032655648253731217,0.0204044582396211,4.1995472929958755,0.007837355580895617
7.213287789571122,810.6286657306075,0.4147275007267851,0.42083886844447715,0.45054587347569186,-3.505191268386431,1.0,1.0169544577360101,81.27201114764773,86.05723903317059,86.05723903317059,1,2,80.0,0,0.0,0.31149311933184964,0.24561766845944316,2,0.02767738960526625,0.5208333333333334,811.0362299116134,0.0,32.008874746223974,1.5886149085924326,844.6337195664298,s0247,96,0.18662381999999994,0.178786464419104,0.007837355580895492,0.00032655648253731217,0.0204044582396211,4.1995472929958755,0.007837355580895617
7.277693616970637,817.4703363448973,0.3982781588360398,0.3097346164777036,0.5007069541547005,-4.466425137341287,1.0,1.019745220905141,82.54053698825894,97.10891048773773,97.10891048773773,2,6,80.0,0,0.0,0.3147906121833361,0.3175554183019355,4,0.03286737334835149,0.53125,811.0362299116134,0.0,41.4681596297352,1.6054321221350147,854.1098216634836,s0248,96,0.18662381999999994,0.178786464419104,0.007837355580895492,0.00032655648253731217,0.0204044582396211,4.1995472929958755,0.007837355580895617
7.271984425320522,817.2726947796475,0.3981894341868407,0.3368878898374954,0.5245563438469731,-5.863297774141555,1.0,1.0203540537617666,79.67170322232579,100.43619033115623,100.43619033115623,0,4,80.0,0,0.0,0.24291675811312974,0.3165271419010892,3,0.02843923031792694,0.4270833333333333,811.0362299116134,0.0,40.610088483714016,1.2388754663769612,852.8851938617044,s0249,96,0.18662381999999994,0.178786464419104,0.007837355580895492,0.00032655648253731217,0.0204044582396211,4.1995472929958755,0.007837355580895617
7.2326353013715705,812.4902235673007,0.39818943418602054,0.34506774482422187,0.4506597467002585,-3.9941933288832527,1.0,1.017190661430236,84.49464936556942,83.19378902934974,83.19378902934974,2,2,80.0,0,0.0,0.22948229312709584,0.2716405411048426,2,0.026219767318586478,0.5,811.0362299116134,0.0,34.7012164456367,1.1703596949481885,846.9078060521982,s0250,96,0.18662381999999994,0.178786464419104,0.007837355580895492,0.00032655648253731217,0.0204044582396211,4.1995472929958755,0.007837355580895617
7.234916460810259,812.2018305862167,0.39818943418684943,0.33122124269725906,0.48111391292657685,-5.346730774312841,1.0,1.0198364344292383,80.73644825711492,97.33159404862951,97.33159404862951,1,3,80.0,0,0.0,0.2761091510645352,0.30149287983973294,6,0.03064208211713379,0.4895833333333333,811.0362299116134,0.0,39.43642426923494,1.4081566704291293,851.8808108512775,s0251,96,0.18662381999999994,0.178786464419104,0.007837355580895492,0.00032655648253731217,0.0204044582396211,4.1995472929958755,0.007837355580895617
7.16647383620513,806.5927489261617,0.3981894341868771,0.3764804609231951,0.5100093388984007,-5.206329972836119,1.0,1.0189552741083383,82.7414500673175,93.733149003366,93.733149003366,2,4,80.0,0,0.0,0.3095749296655921,0.28250400771814826,5,0.028950259254411508,0.5208333333333334,811.0362299116134,0.0,36.714092538016935,1.5788321412945199,849.3291545909249,s0252,96,0.18662381999999994,0.178786464419104,0.007837355580895492,0.00032655648253731217,0.0204044582396211,4.1995472929958755,0.007837355580895617
7.293912120407397,817.8499735809485,0.3986524812037749,0.38959518646529284,0.4527780533983121,-4.4516250152196895,1.0,1.0201271160464387,80.32173768751859,99.67454506524199,99.67454506524199,1,5,80.0,0,0.0,0.3037534165459424,0.21280975888369763,6,0.026289042249853393,0.4375,811.0362299116134,0.0,27.810625288943175,1.549142424384306,840.3959976249408,s0253,96,0.18662381999999994,0.178786464419104,0.007837355580895492,0.00032655648253731217,0.0204044582396211,4.1995472929958755,0.007837355580895617
7.174599669324986,807.444036983775,0.39818943418595787,0.4018389964047096,0.4457873014938786,-4.275755674596169,1.0,1.0182411144515378,83.97698744984342,87.08357995512898,87.08357995512898,4,5,80.0,0,0.0,0.2610176301086926,0.2625102056660216,2,0.02588617162248525,0.5625,811.0362299116134,0.0,33.59792084181728,1.3311899135543328,845.9653406669851,s0254,96,0.18662381999999994,0.178786464419104,0.007837355580895492,0.00032655648253731217,0.0204044582396211,4.1995472929958755,0.007837355580895617
7.230180616747669,812.4603497588482,0.39818943418689023,0.3738903246996434,0.42727933580393074,-4.512250284646992,1.0,1.017577628436459,78.47544302644229,85.22533679736118,85.22533679736118,0,3,80.0,0,0.0,0.2499319366189189,0.25286250595259635,1,0.0245449053133893,0.4270833333333333,811.0362299116134,0.0,32.726446239341136,1.2746528767564862,845.037329027711,s0255,96,0.18662381999999994,0.178786464419104,0.007837355580895492,0.00032655648253731217,0.0204044582396211,4.1995472929958755,0.007837355580895617
7.3067055562768415,820.1262670939159,0.3981894341859828,0.329919293595449,0.40401469477090474,-4.7662499690170925,1.0,1.017975816284432,80.21797857755526,87.86771718220163,87.86771718220163,1,4,80.0,0,0.0,0.2358708016074852,0.24972575303411954,2,0.026730121276964613,0.5104166666666666,811.0362299116134,0.0,33.241798600073835,1.202941088198174,845.4809695998854,s0256,96,0.18662381999999994,0.178786464419104,0.007837355580895492,0.00032655648253731217,0.0204044582396211,4.1995472929958755,0.007837355580895617
7.273680622784935,816.9331341620527,0.40642818417407284,0.3400622730326988,0.5221859304511911,-4.316281550536466,1.0,1.0191745532378533,79.66427526239877,93.7158432754122,93.7158432754122,0,5,80.0,0,0.0,0.29958484185817374,0.3352496750246775,4,0.03282403857611771,0.3854166666666667,811.0362299116134,0.0,44.20370732019934,1.5278826934766858,856.7678199252895,s0257,96,0.18662381999999994,0.178786464419104,0.007837355580895492,0.00032655648253731217,0.0204044582396211,4.1995472929958755,0.007837355580895617
7.177123777968088,806.6485883338723,0.39818943418602226,0.4130298279536134,0.4609472603725808,-4.742772161928658,1.0,1.0174777848732073,83.27078397010817,88.76363150647684,88.76363150647684,1,7,80.0,0,0.0,0.2533770098807941,0.3254706555058984,5,0.03415763175433052,0.4479166666666667,811.0362299116134,0.0,42.6869307015237,1.2922227503920494,855.0153833635292,s0258,96,0.18662381999999994,0.178786464419104,0.007837355580895492,0.00032655648253731217,0.0204044582396211,4.1995472929958755,0.007837355580895617
7.271272562260201,816.1851362619509,0.39818943418606373,0.35555752030509985,0.4573557611357762,-4.612245874434117,1.0,1.0184517620177536,82.65261222583251,93.40497441954189,93.40497441954189,3,4,80.0,0,0.0,0.2790961841246616,0.2851738536851306,6,0.029376593989285937,0.4479166666666667,811.0362299116134,0.0,36.770957729773784,1.4233905390357733,849.2305781804229,s0259,96,0.18662381999999994,0.178786464419104,0.007837355580895492,0.00032655648253731217,0.0204044582396211,4.1995472929958755,0.007837355580895617
7.277076984728039,816.9997359523004,0.4088056275313656,0.3373896067760558,0.47353732622475253,-4.754824601734189,1.0,1.0195223413263195,80.72984330938795,94.7809443407296,94.7809443407296,2,6,80.0,0,0.0,0.265453311777264,0.2810318248227328,3,0.027211447033820228,0.53125,811.0362299116134,0.0,35.73678115646132,1.3538118900640463,848.1268229581389,s0260,96,0.18662381999999994,0.178786464419104,0.007837355580895492,0.00032655648253731217,0.0204044582396211,4.1995472929958755,0.007837355580895617
7.107744835349351,799.8172981159514,0.3981894341866764,0.46859146130874596,0.45679168254299607,-4.854566799142865,1.0,1.0200762003136248,87.53575417059555,99.42215005293824,99.42215005293824,3,3,80.0,0,0.0,0.3417865886503147,0.2380364757641411,8,0.028879666237282244,0.6041666666666666,811.0362299116134,0.0,30.968940663419836,1.7431116021166042,843.7482821771499,s0261,96,0.18662381999999994,0.178786464419104,0.007837355580895492,0.00032655648253731217,0.0204044582396211,4.1995472929958755,0.007837355580895617
7.227791027320411,812.2301202212255,0.40811091120457266,0.4055331414999934,0.47000777799646387,-4.824727020493701,1.0,1.0198752427171514,85.04014570584899,99.80907486544771,99.80907486544771,2,3,80.0,0,0.0,0.2831823634918442,0.2916801007564165,7,0.028946706633034995,0.4895833333333333,811.0362299116134,0.0,38.08809872482878,1.444230053808405,850.5685586902506,s0262,96,0.18662381999999994,0.178786464419104,0.007837355580895492,0.00032655648253731217,0.0204044582396211,4.1995472929958755,0.007837355580895617
7.249341919227906,813.6768716842081,0.39818943418600566,0.3870937052961704,0.44119512104712477,-5.047558311810981,1.0,1.0203985696675488,81.81705663390485,100.34762137979007,100.34762137979007,1,11,80.0,0,0.0,0.289407156681534,0.21820034981290137,4,0.026557541135214836,0.5104166666666666,811.0362299116134,0.0,28.24418115866578,1.4759764990758228,840.7563875693551,s0263,96,0.18662381999999994,0.178786464419104,0.007837355580895492,0.00032655648253731217,0.0204044582396211,4.1995472929958755,0.007837355580895617
7.240706350327922,813.7162787184022,0.39818943418592206,0.35883224511236617,0.4770356565801694,-5.731145433235844,1.0,1.0194037067354276,83.03151414970827,93.61787781854768,93.61787781854768,1,7,80.0,0,0.0,0.2771865944665494,0.30834206423449534,2,0.0314101250985107,0.5,811.0362299116134,0.0,40.543699225149496,1.413651631779402,852.9935807685423,s0264,96,0.18662381999999994,0.178786464419104,0.007837355580895492,0.00032655648253731217,0.0204044582396211,4.1995472929958755,0.007837355580895617
7.319228305592329,821.0436374872543,0.3981894341864258,0.36557002193508326,0.46351258433690323,-4.074288308122068,1.0,1.0194454250303793,81.4499130716177,97.67844310198689,97.67844310198689,1,3,80.0,0,0.0,0.26442747534404343,0.27320732388707003,6,0.028380893840498817,0.4791666666666667,811.0362299116134,0.0,35.84367404583281,1.3485801242546203,848.2284840817008,s0265,96,0.18662381999999994,0.178786464419104,0.007837355580895492,0.00032655648253731217,0.0204044582396211,4.1995472929958755,0.007837355580895617
7.25964144436559,815.0503885593374,0.4034191898593443,0.4136487468840703,0.395138832127703,-4.452271173581519,1.0,1.0190896503897702,78.66347421360133,94.59672969224631,94.59672969224631,0,3,80.0,0,0.0,0.2561777854168555,0.26188944795194297,4,0.029892436300795064,0.5,811.0362299116134,0.0,34.44339525691136,1.3065067056259632,846.7861318741507,s0266,96,0.18662381999999994,0.178786464419104,0.007837355580895492,0.00032655648253731217,0.0204044582396211,4.1995472929958755,0.007837355580895617
7.241553182761143,813.6266612125503,0.3981894341881875,0.3745449992042851,0.4661191692064448,-4.795112286596773,1.0,1.0178910841756008,79.16306647669924,86.00323860187571,86.00323860187571,0,3,80.0,0,0.0,0.2678430497276423,0.2894035008770933,6,0.028351029508840515,0.5104166666666666,811.0362299116134,0.0,37.040776129445774,1.365999553610975,849.4430055946702,s0267,96,0.18662381999999994,0.178786464419104,0.007837355580895492,0.00032655648253731217,0.0204044582396211,4.1995472929958755,0.007837355580895617
7.235677290230926,812.3785797235828,0.40827191422229947,0.4200203921320061,0.4992302466802577,-4.661129539887576,1.0,1.0195790687579334,84.86886223757655,96.05608866213015,96.05608866213015,1,9,80.0,0,0.0,0.3013272012640862,0.34185832037486735,4,0.034931758866766305,0.5,811.0362299116134,0.0,44.77414004744049,1.5367687264468397,857.3471386855008,s0268,96,0.18662381999999994,0.178786464419104,0.007837355580895492,0.00032655648253731217,0.0204044582396211,4.1995472929958755,0.007837355580895617
7.260124323417962,814.8185283040905,0.39818943418593383,0.31588045756786765,0.4540956219395422,-4.15052908918846,1.0,1.0196270420363773,78.27457987919638,96.97844399502078,96.97844399502078,0,7,80.0,0,0.0,0.2567122099842148,0.2725173411184133,3,0.0275173586938464,0.5208333333333334,811.0362299116134,0.0,35.54837206663669,1.309232270919496,847.8938342491697,s0269,96,0.18662381999999994,0.178786464419104,0.007837355580895492,0.00032655648253731217,0.0204044582396211,4.1995472929958755,0.007837355580895617
7.2173100350271255,810.8964495889841,0.3981894341860404,0.40059529171357366,0.4626540891861552,-4.998845080449885,1.0,1.0178263045044227,81.82874986799983,89.83143501689963,89.83143501689963,1,8,80.0,0,0.0,0.2717927213673858,0.29000365608243883,4,0.029165407856924334,0.5104166666666666,811.0362299116134,0.0,37.70827700148171,1.3861428789736667,850.1306497920689,s0270,96,0.18662381999999994,0.178786464419104,0.007837355580895492,0.00032655648253731217,0.0204044582396211,4.1995472929958755,0.007837355580895617
7.285737720535711,817.3943471282537,0.3981894341859915,0.32887992428715523,0.4875853715100257,-5.130574542549861,1.0,1.0179537776890557,83.56726761158048,90.18822243330091,90.18822243330091,1,7,80.0,0,0.0,0.2730197145539902,0.3474155960484724,4,0.031873942232802537,0.4895833333333333,811.0362299116134,0.0,45.868129405145446,1.3924005442253489,858.2967598609841,s0271,96,0.18662381999999994,0.178786464419104,0.007837355580895492,0.00032655648253731217,0.0204044582396211,4.1995472929958755,0.007837355580895617
7.207637033198754,809.810864658408,0.3981894341859559,0.4442463882306938,0.4444838400335147,-5.148582786788381,1.0,1.0195081844583205,80.76261100664395,95.63770844598008,95.63770844598008,2,10,80.0,0,0.0,0.33774875197708587,0.24546008581019502,5,0.029652650675474224,0.59375,811.0362299116134,0.0,32.03419292003395,1.7225186350831372,844.7929414667306,s0272,96,0.18662381999999994,0.178786464419104,0.007837355580895492,0.00032655648253731217,0.0204044582396211,4.1995472929958755,0.007837355580895617
7.1331139513104,802.6965362939052,0.41079278041154965,0.41494614595267854,0.49637058803109274,-4.705096687869148,1.0,1.0179960708812483,82.13587178915607,88.87361281818649,88.87361281818649,3,6,80.0,0,0.0,0.31320421108777546,0.2823752986826741,4,0.030220483721112395,0.5729166666666666,811.0362299116134,0.0,36.32071477359232,1.5973414765476537,848.9542861617533,s0273,96,0.18662381999999994,0.178786464419104,0.007837355580895492,0.00032655648253731217,0.0204044582396211,4.1995472929958755,0.007837355580895617
7.160468877707813,805.5202088480003,0.3981894341869586,0.44835793861799517,0.452206355967328,-4.991823955317563,1.0,1.0186618064094202,84.3188683597086,90.24097199621188,90.24097199621188,1,5,80.0,0,0.0,0.2388869826971186,0.29611847456703666,1,0.026842497649917224,0.625,811.0362299116134,0.0,38.34339903238769,1.2183236117553053,850.5979525557564,s0274,96,0.18662381999999994,0.178786464419104,0.007837355580895492,0.00032655648253731217,0.0204044582396211,4.1995472929958755,0.007837355580895617
7.1890706420735615,808.2447455637773,0.40217276194109375,0.37058833119246926,0.5085671119160475,-4.4708479460283295,1.0,1.0189274157804329,83.31159574061338,95.70902802584928,95.70902802584928,5,6,80.0,0,0.0,0.3327864195689624,0.30056558416869206,8,0.03186997104112758,0.5208333333333334,811.0362299116134,0.0,38.53341269583282,1.6972107398017071,851.2668533472479,s0275,96,0.18662381999999994,0.178786464419104,0.007837355580895492,0.00032655648253731217,0.0204044582396211,4.1995472929958755,0.007837355580895617
7.1712528185100455,806.6452552614207,0.39818943418740144,0.3715364317908255,0.43984893970759376,-5.897753339504363,1.0,1.0177489951583416,82.0009617624995,85.65947249034198,85.65947249034198,1,4,80.0,0,0.0,0.25643316552412493,0.2657198479819225,2,0.025599073796518386,0.53125,811.0362299116134,0.0,34.537376518105006,1.3078091441730375,846.8814155738914,s0276,96,0.18662381999999994,0.178786464419104,0.007837355580895492,0.00032655648253731217,0.0204044582396211,4.1995472929958755,0.007837355580895617
7.222185667450445,811.5151050641537,0.39819063411668454,0.4625649850084259,0.4803738107088614,-4.873061884250768,1.0,1.0191851290626637,82.29650110855214,94.78196191233637,94.78196191233637,1,5,80.0,0,0.0,0.3003088067238615,0.32746151138061763,6,0.0343459509462771,0.4479166666666667,811.0362299116134,0.0,43.978676798964784,1.5315749142916935,856.5464816248699,s0277,96,0.18662381999999994,0.178786464419104,0.007837355580895492,0.00032655648253731217,0.0204044582396211,4.1995472929958755,0.007837355580895617
7.317313064191591,820.9349615683766,0.3981894341868204,0.37579108017086293,0.5067849847489632,-4.703184364389771,1.0,1.0187020295302165,86.1728354511023,90.93005177221843,90.93005177221843,1,8,80.0,0,0.0,0.2954556568327075,0.29088321564237496,7,0.03364197405408772,0.5208333333333334,811.0362299116134,0.0,38.05881812887917,1.5068238498468076,850.6018718903393,s0278,96,0.18662381999999994,0.178786464419104,0.007837355580895492,0.00032655648253731217,0.0204044582396211,4.1995472929958755,0.007837355580895617
7.156236691575438,804.3358595874258,0.3981894341862604,0.4384911567467502,0.5712461068179169,-5.1586918573406315,1.0,1.018866202313776,82.97650210844031,94.85093298225563,94.85093298225563,4,9,80.0,0,0.0,0.32000806526243203,0.36868525405548425,9,0.037711684196498174,0.5,811.0362299116134,0.0,48.20845354605904,1.632041132838403,860.8767245905108,s0279,96,0.18662381999999994,0.178786464419104,0.007837355580895492,0.00032655648253731217,0.0204044582396211,4.1995472929958755,0.007837355580895617
7.303081635198829,820.0430957606205,0.3981894341860134,0.3251349497613146,0.4322095882056281,-4.940289653606684,1.0,1.0189822697272664,80.6581834263288,93.05163126900005,93.05163126900005,1,8,80.0,0,0.0,0.22649551482185074,0.28615424713795645,4,0.025703974118154217,0.4375,811.0362299116134,0.0,37.38257206638883,1.1551271255914384,849.5739291035936,s0280,96,0.18662381999999994,0.178786464419104,0.007837355580895492,0.00032655648253731217,0.0204044582396211,4.1995472929958755,0.007837355580895617
7.3018382328055385,818.8732041515818,0.39818943418595565,0.38693399489626523,0.515220529105133,-4.928198076965056,1.0,1.0200670976981332,87.02507432837277,100.37112385468743,100.37112385468743,2,8,80.0,0,0.0,0.2618800920798503,0.3294586707454457,3,0.03014731167257266,0.4791666666666667,811.0362299116134,0.0,43.12284333130113,1.3355884696072364,855.4946617125219,s0281,96,0.18662381999999994,0.178786464419104,0.007837355580895492,0.00032655648253731217,0.0204044582396211,4.1995472929958755,0.007837355580895617
7.291215748769371,818.5142531511217,0.4730527687657935,0.4225113237063252,0.538093265182165,-3.766379422007187,1.0,1.0200386635400795,94.7557463444797,99.52167265126629,99.52167265126629,2,6,80.0,0,0.0,0.3144736972635771,0.36917166437765025,7,0.04089821799192157,0.4166666666666667,811.0362299116134,0.0,49.71820268400338,1.603815856044244,862.358248451661,s0282,96,0.18662381999999994,0.178786464419104,0.007837355580895492,0.00032655648253731217,0.0204044582396211,4.1995472929958755,0.007837355580895617
7.169717087357904,806.2114439962013,0.3981894341859428,0.43861069875485414,0.4972834903222112,-4.754538773215008,1.0,1.0189616707576161,101.57291724530853,93.21900189225155,93.21900189225155,1,7,80.0,0,0.0,0.3298666811434347,0.2718697648040437,7,0.03364636816650018,0.53125,811.0362299116134,0.0,34.883904323993285,1.6823200738315156,847.6024543094383,s0283,96,0.18662381999999994,0.178786464419104,0.007837355580895492,0.00032655648253731217,0.0204044582396211,4.1995472929958755,0.007837355580895617
7.172306418790862,807.2154813369484,0.40395183813655117,0.379785403017289,0.47448905419383,-5.108153761016122,1.0,1.0185892172299318,78.83940906828248,89.98787350143206,89.98787350143206,0,3,80.0,0,0.0,0.2832075900044073,0.2297494034817814,2,0.02481243075415463,0.5833333333333334,811.0362299116134,0.0,29.588804094655266,1.4443587090224763,842.0693927152912,s0284,96,0.18662381999999994,0.178786464419104,0.007837355580895492,0.00032655648253731217,0.0204044582396211,4.1995472929958755,0.007837355580895617
7.258670044023025,815.1519927835213,0.3981894341862619,0.3279883136146076,0.5133336581299263,-5.027028428544813,1.0,1.0185048720358456,83.71012101970626,90.033876210959,90.033876210959,2,6,80.0,0,0.0,0.3285784059487933,0.28699257104682296,9,0.03272430425752596,0.5208333333333334,811.0362299116134,0.0,38.91656213357755,1.6757498703388456,851.6285419155298,s0285,96,0.18662381999999994,0.178786464419104,0.007837355580895492,0.00032655648253731217,0.0204044582396211,4.1995472929958755,0.007837355580895617
7.155098010819249,803.5996793399427,0.39818943418645897,0.49297015988195036,0.4193442827767424,-4.669902998590328,1.0,1.0185975521968198,79.89177344558746,92.58933757092865,92.58933757092865,0,3,80.0,0,0.0,0.31149863413033635,0.24498447813605384,5,0.030942915317524185,0.5416666666666666,811.0362299116134,0.0,32.28479958658832,1.5886430340647149,844.9096725322664,s0286,96,0.18662381999999994,0.178786464419104,0.007837355580895492,0.00032655648253731217,0.0204044582396211,4.1995472929958755,0.007837355580895617
7.229214750951244,812.6086189798127,0.3981894341858866,0.3593806796987127,0.42252862694601845,-4.4064123609824835,1.0,1.0195531290462678,90.50427370110977,95.12481153427036,95.12481153427036,3,5,80.0,0,0.0,0.24929590900721316,0.24464151509949345,3,0.02587783156741731,0.53125,811.0362299116134,0.0,32.30660826130889,1.2714091359367872,844.614247308859,s0287,96,0.18662381999999994,0.178786464419104,0.007837355580895492,0.00032655648253731217,0.0204044582396211,4.1995472929958755,0.007837355580895617
7.339577336431139,823.0402411163531,0.42819570597595397,0.3709977967528702,0.4535159734743919,-4.863328803165822,1.0,1.0189515607555746,81.15696699722893,94.7766066467793,94.7766066467793,1,4,80.0,0,0.0,0.22882730705510154,0.3062290366290581,2,0.02728800892133711,0.40625,811.0362299116134,0.0,39.892151479128884,1.1670192659810175,852.0954006567233,s0288,96,0.18662381999999994,0.178786464419104,0.007837355580895492,0.00032655648253731217,0.0204044582396211,4.1995472929958755,0.007837355580895617
7.167942161298292,806.4031697431432,0.3981894341859856,0.36506190419949236,0.5134263819293468,-3.7540225911262475,1.0,1.0190679213333296,82.5452105647407,93.76597709052542,93.76597709052542,1,7,80.0,0,0.0,0.2986693985735969,0.306272859350021,2,0.028797347619033544,0.5729166666666666,811.0362299116134,0.0,38.953879657473614,1.5232139327253436,851.5133235018124,s0289,96,0.18662381999999994,0.178786464419104,0.007837355580895492,0.00032655648253731217,0.0204044582396211,4.1995472929958755,0.007837355580895617
7.284507282558374,817.2050965093719,0.4206624058153299,0.38122616729114217,0.48454254080701936,-5.177872734543846,1.0,1.0178226380080064,81.56221633710688,84.97656291743047,84.97656291743047,2,4,80.0,0,0.0,0.2515254250529656,0.34314834050147813,5,0.03235937158270167,0.5208333333333334,811.0362299116134,0.0,44.40397811140489,1.2827796677701235,856.7229876907884,s0290,96,0.18662381999999994,0.178786464419104,0.007837355580895492,0.00032655648253731217,0.0204044582396211,4.1995472929958755,0.007837355580895617
7.2789105221503165,817.268222169036,0.39818943418598024,0.3608530233314954,0.43515143368952147,-5.26326722063324,1.0,1.018923583108556,78.70308610340986,93.537388724321,93.537388724321,0,8,80.0,0,0.0,0.26871141861806297,0.26876390046896637,4,0.028203522703283093,0.5208333333333334,811.0362299116134,0.0,34.95263563171285,1.3704282349521213,847.3592937782784,s0291,96,0.18662381999999994,0.178786464419104,0.007837355580895492,0.00032655648253731217,0.0204044582396211,4.1995472929958755,0.007837355580895617
7.241956165141913,813.296015117432,0.39818943418589364,0.4178309190194943,0.46832418979496,-9.247999481249257,1.0,1.0211789165097298,81.89680960861513,103.78375792699721,103.78375792699721,2,7,80.0,0,0.0,0.3009469759599236,0.3182591551277276,6,0.03164747108961577,0.4583333333333333,811.0362299116134,0.0,41.222897971316144,1.5348295773956093,853.7939574603251,s0292,96,0.18662381999999994,0.178786464419104,0.007837355580895492,0.00032655648253731217,0.0204044582396211,4.1995472929958755,0.007837355580895617
7.282084931073906,817.2917808007744,0.3981894341859861,0.3984739425307377,0.46147924852951727,-4.965429506844428,1.0,1.0179893395816733,77.55051571200174,86.1569860111491,86.1569860111491,0,4,80.0,0,0.0,0.2668524315869307,0.2922398044570661,6,0.030033080425538688,0.4895833333333333,811.0362299116134,0.0,38.76307013416302,1.3609474010933464,851.1602474468698,s0293,96,0.18662381999999994,0.178786464419104,0.007837355580895492,0.00032655648253731217,0.0204044582396211,4.1995472929958755,0.007837355580895617
7.1869978654654005,807.9462308385599,0.398189434186787,0.408207412764826,0.45368862245209673,-4.741507107870404,1.0,1.0188008258775028,80.55442018838505,91.51681067486224,91.51681067486224,1,4,80.0,0,0.0,0.2617290227355453,0.24680473482758494,3,0.025386099675754906,0.5104166666666666,811.0362299116134,0.0,32.113267716801765,1.3348180159512817,844.4843156443665,s0294,96,0.18662381999999994,0.178786464419104,0.007837355580895492,0.00032655648253731217,0.0204044582396211,4.1995472929958755,0.007837355580895617
7.3442889102663,823.600567615787,0.44698769427169815,0.31331665278544657,0.47682996208950656,-6.0928675526763465,1.0,1.0200010329314977,81.64270879718,98.90648353875264,98.90648353875264,1,8,80.0,0,0.0,0.26730550049773705,0.2964227468163887,3,0.030994355383754876,0.4479166666666667,811.0362299116134,0.0,38.67996130002438,1.3632580525384574,851.0794492641762,s0295,96,0.18662381999999994,0.178786464419104,0.007837355580895492,0.00032655648253731217,0.0204044582396211,4.1995472929958755,0.007837355580895617
7.2076124807062865,809.5450610518806,0.3981894341863501,0.36117618438758026,0.48804822731253705,-3.934722073850845,1.0,1.016470574217922,85.10027245497176,81.77476019008894,81.77476019008894,1,1,80.0,0,0.0,0.26055235272959293,0.30816523167206,4,0.029511571457537345,0.5104166666666666,811.0362299116134,0.0,39.60303098425648,1.3288169989209246,851.9680778947909,s0296,96,0.18662381999999994,0.178786464419104,0.007837355580895492,0.00032655648253731217,0.0204044582396211,4.1995472929958755,0.007837355580895617
7.182944969825533,807.9660484033458,0.3981894341858926,0.37825616238531967,0.4595812394655583,-6.376406002762323,1.0,1.0201612724909512,84.63551912287217,98.0101956375242,98.0101956375242,2,6,80.0,0,0.0,0.2641066672546732,0.3001563226556402,2,0.03199513109576622,0.53125,811.0362299116134,0.0,39.01546895140148,1.3469440029988327,851.3986428660137,s0297,96,0.18662381999999994,0.178786464419104,0.007837355580895492,0.00032655648253731217,0.0204044582396211,4.1995472929958755,0.007837355580895617
7.290410360701911,817.9838976109899,0.4161958692927318,0.2970018746145831,0.5074523192088936,-5.0637228079427175,1.0,1.0190453626792115,79.81627224814784,94.65201510611057,94.65201510611057,0,7,80.0,0,0.0,0.3020465227681527,0.29836976744860677,5,0.030125701996976954,0.4375,811.0362299116134,0.0,39.06684340400795,1.540437266117579,851.643510581739,s0298,96,0.18662381999999994,0.178786464419104,0.007837355580895492,0.00032655648253731217,0.0204044582396211,4.1995472929958755,0.007837355580895617
7.153107265005577,804.0379278074331,0.3981894341870982,0.4205044102373415,0.5052386767673067,-3.9648736023329647,1.0,1.0177321826083072,82.94722284062847,86.55040951717521,86.55040951717521,1,6,80.0,0,0.0,0.2953924485212017,0.26075539768325545,6,0.02942213862153837,0.5416666666666666,811.0362299116134,0.0,34.713908903438444,1.506501487458128,847.2566403025099,s0299,96,0.18662381999999994,0.178786464419104,0.007837355580895492,0.00032655648253731217,0.0204044582396211,4.1995472929958755,0.007837355580895617
7.23819820955393,813.0249560391903,0.39818943418632835,0.35396307843233676,0.5190571296263268,-4.101706691280658,1.0,1.0203704224372079,83.52549476964361,101.87473126468596,101.87473126468596,3,4,80.0,0,0.0,0.30605253735686977,0.29445216141630026,4,0.028518166131385234,0.4270833333333333,811.0362299116134,0.0,37.86734925038215,1.560867940520035,850.4644471025156,s0300,96,0.18662381999999994,0.178786464419104,0.007837355580895492,0.00032655648253731217,0.0204044582396211,4.1995472929958755,0.007837355580895617
7.293284564518244,818.671211615982,0.39818943418676833,0.3272770288040304,0.44884561458531225,-4.766797151196399,1.0,1.0188178211071932,78.96854235396145,93.95025813426514,93.95025813426514,0,4,80.0,0,0.0,0.24506197255963588,0.2909109821725171,3,0.027908788501196363,0.5104166666666666,811.0362299116134,0.0,38.54886092209992,1.249816060054143,850.8349068937675,s0301,96,0.18662381999999994,0.178786464419104,0.007837355580895492,0.00032655648253731217,0.0204044582396211,4.1995472929958755,0.007837355580895617
7.271889274077122,816.0624257467788,0.39818943418601027,0.34562877302202366,0.4572221698858574,-5.003423568066881,1.0,1.020214368722814,90.56208182634464,102.08845158578421,102.08845158578421,1,8,80.0,0,0.0,0.2584488685879795,0.27786109344029153,2,0.02837478989597693,0.5104166666666666,811.0362299116134,0.0,36.03336652788863,1.318089229798696,848.3876856693007,s0302,96,0.18662381999999994,0.178786464419104,0.007837355580895492,0.00032655648253731217,0.0204044582396211,4.1995472929958755,0.007837355580895617
7.225826825053727,811.6207324907652,0.39818943418587094,0.41426112335693344,0.45168381724824713,-5.549078905087495,1.0,1.0202451760954785,79.2181731761297,98.89355887439028,98.89355887439028,0,6,80.0,0,0.0,0.2569771963417744,0.28827012255746,1,0.026755493105325743,0.5625,811.0362299116134,0.0,37.17501298989407,1.3105837013430492,849.5218266028505,s0303,96,0.18662381999999994,0.178786464419104,0.007837355580895492,0.00032655648253731217,0.0204044582396211,4.1995472929958755,0.007837355580895617
7.231459163758364,812.5977070060148,0.3981894341861172,0.393833308110058,0.4410327683176749,-5.19784062651344,1.0,1.0172520528454392,91.45275176089991,84.23325997519775,84.23325997519775,1,3,80.0,0,0.0,0.2618938396220677,0.31199158439236124,5,0.03310446428734998,0.4895833333333333,811.0362299116134,0.0,41.628062128133124,1.3356585820725448,853.9999506218192,s0304,96,0.18662381999999994,0.178786464419104,0.007837355580895492,0.00032655648253731217,0.0204044582396211,4.1995472929958755,0.007837355580895617
7.266202742282502,815.370687164019,0.39818943418601704,0.42677135592067006,0.4889539165934792,-5.073175869870042,1.0,1.0185527721426377,80.00960785169859,92.41487239319241,92.41487239319241,1,8,80.0,0,0.0,0.31321619511764387,0.29122104341635485,7,0.030592046505810416,0.4895833333333333,811.0362299116134,0.0,38.452046509978956,1.5974025950999835,851.0856790166923,s0305,96,0.18662381999999994,0.178786464419104,0.007837355580895492,0.00032655648253731217,0.0204044582396211,4.1995472929958755,0.007837355580895617
7.208400904822242,809.75833281874,0.3981894341860071,0.417884707774114,0.48170726972134936,-4.165800530228597,1.0,1.019116547901259,78.17508992584338,94.24635706538136,94.24635706538136,0,7,80.0,0,0.0,0.2774000996899146,0.2760350984967193,4,0.02770332505941857,0.5833333333333334,811.0362299116134,0.0,35.47389536325286,1.4147405084185645,847.9248657832849,s0306,96,0.18662381999999994,0.178786464419104,0.007837355580895492,0.00032655648253731217,0.0204044582396211,4.1995472929958755,0.007837355580895617
7.126526751797467,802.7394315980887,0.3981894341859523,0.36636440956418037,0.43171651568076896,-6.106200766754036,1.0,1.019002945732337,85.96026527821537,90.97897832921939,90.97897832921939,3,7,80.0,0,0.0,0.22392435588042559,0.26986425208789117,1,0.02536827319137631,0.5729166666666666,811.0362299116134,0.0,34.23096176417927,1.1420142149901702,846.4092058907828,s0307,96,0.18662381999999994,0.178786464419104,0.007837355580895492,0.00032655648253731217,0.0204044582396211,4.1995472929958755,0.007837355580895617
7.3453593658512375,824.0716284082555,0.3981894341874858,0.35142836046656767,0.5092272627231937,-4.738028914037648,1.0,1.0180944207960574,79.65175923214888,89.48112917987652,89.48112917987652,0,8,80.0,0,0.0,0.3115517515357467,0.34132320436313446,6,0.033356821516530605,0.5520833333333334,811.0362299116134,0.0,44.984453831782076,1.5889139328323079,857.6095976762277,s0308,96,0.18662381999999994,0.178786464419104,0.007837355580895492,0.00032655648253731217,0.0204044582396211,4.1995472929958755,0.007837355580895617
7.150827064923468,804.1252242669921,0.3981894341871797,0.40592920009515954,0.4973408631518356,-3.645496947148356,1.0,1.0211632011847351,81.9051305484661,104.81053560496927,104.81053560496927,3,7,80.0,0,0.0,0.3172323851639827,0.28522491497719465,6,0.03148559020695855,0.5416666666666666,811.0362299116134,0.0,37.06081182906296,1.6178851643363108,849.7149269050126,s0309,96,0.18662381999999994,0.178786464419104,0.007837355580895492,0.00032655648253731217,0.0204044582396211,4.1995472929958755,0.007837355580895617
7.338940302136145,823.2146733780219,0.39818943418658154,0.3558513452893851,0.4980825753602274,-4.961000854289186,1.0,1.0190921426625905,85.27182248419452,94.57863132510265,94.57863132510265,1,7,80.0,0,0.0,0.27075591477346195,0.3480476543048696,5,0.03388793216437741,0.4375,811.0362299116134,0.0,46.24038183421386,1.380855165344656,858.6574669111719,s0310,96,0.18662381999999994,0.178786464419104,0.007837355580895492,0.00032655648253731217,0.0204044582396211,4.1995472929958755,0.007837355580895617
7.246458526778428,814.7334903682872,0.3981894341859768,0.3124740977367628,0.48479436332730574,-4.666412882531799,1.0,1.019444843265788,80.9698235232477,96.14938973295756,96.14938973295756,1,9,80.0,0,0.0,0.284975958600655,0.310214256257827,4,0.03213349516637336,0.5104166666666666,811.0362299116134,0.0,40.370573734646136,1.4533773888633403,852.8601810351229,s0311,96,0.18662381999999994,0.178786464419104,0.007837355580895492,0.00032655648253731217,0.0204044582396211,4.1995472929958755,0.007837355580895617
7.248716493828326,814.4377196798741,0.39818943418600977,0.351515730846337,0.3918771011685287,-4.690713509853482,1.0,1.0195419457682031,79.7678682433385,97.35747521802686,97.35747521802686,0,3,80.0,0,0.0,0.23896838324231937,0.30331974235615744,4,0.0290444906931421,0.4791666666666667,811.0362299116134,0.0,39.715876859797014,1.2187387545358288,851.9708455259463,s0312,96,0.18662381999999994,0.178786464419104,0.007837355580895492,0.00032655648253731217,0.0204044582396211,4.1995472929958755,0.007837355580895617
7.157050427179208,804.8716238202375,0.39818943418707303,0.4141894473687164,0.41873764226206756,-4.865508945154393,1.0,1.017597197142711,78.72502953524321,86.40995820359875,86.40995820359875,0,3,80.0,0,0.0,0.2931669977477446,0.25638575876023895,5,0.02785037859322115,0.53125,811.0362299116134,0.0,33.32976435154853,1.4951516885134968,845.8611459516754,s0313,96,0.18662381999999994,0.178786464419104,0.007837355580895492,0.00032655648253731217,0.0204044582396211,4.1995472929958755,0.007837355580895617
7.238018088042004,812.8069695526353,0.3981894341859305,0.3788993938379936,0.45598489321094265,-4.745152468996974,1.0,1.0188969275991615,80.06154982732807,90.9243256387556,90.9243256387556,1,5,80.0,0,0.0,0.2856741210948048,0.30117227834143834,7,0.030850184419852277,0.4791666666666667,811.0362299116134,0.0,39.25158425066211,1.456938017583504,851.744752179859,s0314,96,0.18662381999999994,0.178786464419104,0.007837355580895492,0.00032655648253731217,0.0204044582396211,4.1995472929958755,0.007837355580895617
7.164955373151221,805.6908807546558,0.39818943418688496,0.4052600738966231,0.5433022049127542,-4.217409630168446,1.0,1.0199156599315424,102.86725747454088,97.5548767098789,97.5548767098789,5,8,80.0,0,0.0,0.32198407340179613,0.3039442537754235,5,0.03356410988286415,0.5208333333333334,811.0362299116134,0.0,39.34987262455736,1.64211877434916,852.0282213105199,s0315,96,0.18662381999999994,0.178786464419104,0.007837355580895492,0.00032655648253731217,0.0204044582396211,4.1995472929958755,0.007837355580895617
7.202760066074957,809.5620917009321,0.39818943418745084,0.3942924340455636,0.48896370902916964,-4.221609307393335,1.0,1.0191836619415953,79.26020938869408,94.19667001181351,94.19667001181351,0,4,80.0,0,0.0,0.24142499672474804,0.2868020097634627,3,0.02610425363527446,0.5208333333333334,811.0362299116134,0.0,36.370863481165685,1.2312674832962154,848.6383608760752,s0316,96,0.18662381999999994,0.178786464419104,0.007837355580895492,0.00032655648253731217,0.0204044582396211,4.1995472929958755,0.007837355580895617
7.267743604872343,815.3460253300898,0.3981894341877493,0.4051182209091675,0.47555663806428544,-4.290520037513178,1.0,1.0190631487324815,80.89832531935559,94.46535799025504,94.46535799025504,1,9,80.0,0,0.0,0.3183223242055677,0.28247941634545987,10,0.03128918970389517,0.5104166666666666,811.0362299116134,0.0,36.93156382975954,1.6234438534483953,849.5912375948213,s0317,96,0.18662381999999994,0.178786464419104,0.007837355580895492,0.00032655648253731217,0.0204044582396211,4.1995472929958755,0.007837355580895617
7.239499493356076,812.7613840999227,0.39818943418803326,0.3625087020112575,0.534349734156863,-3.815918391437286,1.0,1.0205543876824008,84.56192540095086,102.78666327261756,102.78666327261756,1,5,80.0,0,0.0,0.2739128308191441,0.3004607359087501,4,0.028357875294753827,0.53125,811.0362299116134,0.0,38.96342100002114,1.3969554371776343,851.3966063488123,s0318,96,0.18662381999999994,0.178786464419104,0.007837355580895492,0.00032655648253731217,0.0204044582396211,4.1995472929958755,0.007837355580895617
7.260717247671986,814.5745163790509,0.39818943418648983,0.41702451051916545,0.4107475916618273,-4.83161051636461,1.0,1.0184948010062846,77.82319801262344,91.9545267319447,91.9545267319447,0,4,80.0,0,0.0,0.2535312622614779,0.2566988594491228,6,0.030044691494062945,0.4791666666666667,811.0362299116134,0.0,34.35089401947321,1.2930094375335368,846.6801333686202,s0319,96,0.18662381999999994,0.178786464419104,0.007837355580895492,0.00032655648253731217,0.0204044582396211,4.1995472929958755,0.007837355580895617
7.248638431381304,814.7057813019046,0.3981894341860127,0.34465660022223876,0.43123383608770066,-4.698080184070938,1.0,1.0178912860199187,80.9686742440404,86.89135603542691,86.89135603542691,1,6,80.0,0,0.0,0.262067649725943,0.2869183391123946,3,0.028380460116673254,0.5625,811.0362299116134,0.0,37.3509715323385,1.3365450136023096,849.7237464575542,s0320,96,0.18662381999999994,0.178786464419104,0.007837355580895492,0.00032655648253731217,0.0204044582396211,4.1995472929958755,0.007837355580895617
7.191347633346057,808.4378179203322,0.39818943418603625,0.3650177432692857,0.42745644103593194,-4.877648172768167,1.0,1.0174926957530988,81.06692631727311,83.73693465027276,83.73693465027276,2,4,80.0,0,0.0,0.24784873308182892,0.2558461857197212,0,0.024077867621702387,0.53125,811.0362299116134,0.0,33.1434220856712,1.2640285387173271,845.4436805360019,s0321,96,0.18662381999999994,0.178786464419104,0.007837355580895492,0.00032655648253731217,0.0204044582396211,4.1995472929958755,0.007837355580895617
7.26283816284726,814.5151134452187,0.39818943418601477,0.4314976669288403,0.4321852334329407,-5.126550759283405,1.0,1.019309603068917,81.74381131512042,95.92203362553755,95.92203362553755,1,9,80.0,0,0.0,0.3049657170191519,0.2658999156322622,4,0.0302743065267115,0.5416666666666666,811.0362299116134,0.0,34.370855863120866,1.5553251567976751,846.962410931532,s0322,96,0.18662381999999994,0.178786464419104,0.007837355580895492,0.00032655648253731217,0.0204044582396211,4.1995472929958755,0.007837355580895617
7.152683673766771,803.8194601952748,0.39818943418600344,0.462813686879917,0.4510605277497555,-5.003362319629517,1.0,1.0182911055488115,79.99243957676518,88.21108778191335,88.21108778191335,0,7,80.0,0,0.0,0.3102123465970803,0.2170670688201859,4,0.026896390635453165,0.5625,811.0362299116134,0.0,27.809846107484642,1.582082967645109,840.4281589867431,s0323,96,0.18662381999999994,0.178786464419104,0.007837355580895492,0.00032655648253731217,0.0204044582396211,4.1995472929958755,0.007837355580895617
7.260349385364879,815.3936718153736,0.39818943418593206,0.3595583025667784,0.42286292417510457,-4.207572491132427,1.0,1.0198757181537514,80.73841032738625,99.42243873773691,99.42243873773691,1,5,80.0,0,0.0,0.23006536667503139,0.3103202207957026,4,0.0314010380900168,0.5416666666666666,811.0362299116134,0.0,40.44622185985856,1.1733333700426596,852.6557851415147,s0324,96,0.18662381999999994,0.178786464419104,0.007837355580895492,0.00032655648253731217,0.0204044582396211,4.1995472929958755,0.007837355580895617
7.300834021107842,820.2373970476827,0.3981894341869319,0.34957255073068244,0.4341555281500184,-4.043668719207244,1.0,1.0192157661282235,78.18787652155935,94.50308232707096,94.50308232707096,0,6,80.0,0,0.0,0.21728413746134645,0.30548466628492194,3,0.028081450018669817,0.4270833333333333,811.0362299116134,0.0,40.21209872990039,1.1081491010528672,852.3564777425667,s0325,96,0.18662381999999994,0.178786464419104,0.007837355580895492,0.00032655648253731217,0.0204044582396211,4.1995472929958755,0.007837355580895617
7.316684287273721,821.0119880285845,0.3981894341868784,0.3693419725013636,0.5004898772477109,-4.619712790546369,1.0,1.0198804869020872,85.09486720638077,98.3773925652369,98.3773925652369,1,4,80.0,0,0.0,0.2627889939057343,0.31554498979891316,5,0.03151202021794198,0.5104166666666666,811.0362299116134,0.0,41.80592209378533,1.3402238689192445,854.1823758743179,s0326,96,0.18662381999999994,0.178786464419104,0.007837355580895492,0.00032655648253731217,0.0204044582396211,4.1995472929958755,0.007837355580895617
7.209672844983876,808.7783831329173,0.3981894341860874,0.4942672101615586,0.4571985191775947,-4.732602575625163,1.0,1.0192173081806357,78.65462379848807,95.02147312001946,95.02147312001946,0,4,80.0,0,0.0,0.32856256819284585,0.26370587852929706,8,0.032001830377194986,0.4895833333333333,811.0362299116134,0.0,34.33609878815238,1.6756690977835127,847.0479977975493,s0327,96,0.18662381999999994,0.178786464419104,0.007837355580895492,0.00032655648253731217,0.0204044582396211,4.1995472929958755,0.007837355580895617
7.328771603561901,822.8695391017441,0.3981894341860107,0.350380725119925,0.4598649340676503,-3.970021483628224,1.0,1.0184700220234857,74.82390126896243,90.880141764724,90.880141764724,0,4,80.0,0,0.0,0.24761335186212996,0.3180961397328341,3,0.027427178732174772,0.3958333333333333,811.0362299116134,0.0,42.55114117816454,1.262828094496863,854.8501991842749,s0328,96,0.18662381999999994,0.178786464419104,0.007837355580895492,0.00032655648253731217,0.0204044582396211,4.1995472929958755,0.007837355580895617
7.2560354001772875,814.8029925031597,0.39818943418590347,0.32307011826650356,0.49755257451396934,-5.054587882609271,1.0,1.0194893618859495,85.29979396327074,94.4450622429093,94.4450622429093,3,5,80.0,0,0.0,0.285473346453418,0.2722265140783338,1,0.02816298238585917,0.5104166666666666,811.0362299116134,0.0,35.431571533992766,1.4559140669124317,847.9237155125186,s0329,96,0.18662381999999994,0.178786464419104,0.007837355580895492,0.00032655648253731217,0.0204044582396211,4.1995472929958755,0.007837355580895617
7.145852037576592,803.8353172954796,0.39818943418598857,0.458583974684604,0.5092177126576973,-4.387014162397112,1.0,1.0195900608419284,82.26476799285074,98.39541128635149,98.39541128635149,3,4,80.0,0,0.0,0.29343998231875995,0.3475357684725304,7,0.03592886106070294,0.53125,811.0362299116134,0.0,45.340794558170934,1.4965439098256756,857.8735683796101,s0330,96,0.18662381999999994,0.178786464419104,0.007837355580895492,0.00032655648253731217,0.0204044582396211,4.1995472929958755,0.007837355580895617
7.233473927904006,813.2504909543621,0.3981894341859931,0.3929566145943624,0.5174440939324851,-4.885266653816667,1.0,1.0190966330629712,80.14823777526244,93.25610890044813,93.25610890044813,1,6,80.0,0,0.0,0.27652874230696883,0.31135596222130757,4,0.03186586369782882,0.5208333333333334,811.0362299116134,0.0,41.13165440187695,1.410296585765541,853.5781808992559,s0331,96,0.18662381999999994,0.178786464419104,0.007837355580895492,0.00032655648253731217,0.0204044582396211,4.1995472929958755,0.007837355580895617
7.225316756287052,811.975808976478,0.3981894341878471,0.32996515795677794,0.46892404532186055,-4.764344111392858,1.0,1.0193507224824898,83.7878742504826,95.68282258648524,95.68282258648524,2,4,80.0,0,0.0,0.29759281430385803,0.26673897353982884,4,0.027751148274990166,0.53125,811.0362299116134,0.0,34.79033731393637,1.5177233529496756,847.3442905784995,s0332,96,0.18662381999999994,0.178786464419104,0.007837355580895492,0.00032655648253731217,0.0204044582396211,4.1995472929958755,0.007837355580895617
7.17795282068379,807.2808365855205,0.39818943418601166,0.43744736039118715,0.4901684749307863,-4.881155515228847,1.0,1.017505004335573,87.03527995835556,88.28520661947663,88.28520661947663,1,7,80.0,0,0.0,0.27871687687434754,0.2946869532710977,2,0.02853282235359028,0.5520833333333334,811.0362299116134,0.0,37.63846880569437,1.4214560720591722,850.096154789367,s0333,96,0.18662381999999994,0.178786464419104,0.007837355580895492,0.00032655648253731217,0.0204044582396211,4.1995472929958755,0.007837355580895617
7.307621847559357,820.4076927870271,0.3981894341876494,0.4060908694695553,0.5499769401944092,-4.4629679811959795,1.0,1.0184703797903434,79.60343623255652,89.64554751916675,89.64554751916675,0,4,80.0,0,0.0,0.3304110252955305,0.3093007100825951,7,0.03151934188175651,0.3958333333333333,811.0362299116134,0.0,41.05997112285432,1.6850962290072051,853.7812972634749,s0334,96,0.18662381999999994,0.178786464419104,0.007837355580895492,0.00032655648253731217,0.0204044582396211,4.1995472929958755,0.007837355580895617
7.241171271942575,813.2291415837981,0.39818943418691866,0.3747391273840694,0.4493619890220849,-4.362630625661054,1.0,1.0172604371225118,86.95828669969686,88.35619934854725,88.35619934854725,3,3,80.0,0,0.0,0.27415892793271396,0.2875538741938861,4,0.029691452736381838,0.5104166666666666,811.0362299116134,0.0,37.657466800961345,1.3982105324568408,850.0919072450316,s0335,96,0.18662381999999994,0.178786464419104,0.007837355580895492,0.00032655648253731217,0.0204044582396211,4.1995472929958755,0.007837355580895617
7.221708737360306,811.2983993634966,0.39818943418644587,0.3796433714869315,0.5221708146323791,-4.37874185358158,1.0,1.019758210611197,81.49909277848431,97.91085805934425,97.91085805934425,3,6,80.0,0,0.0,0.29135632035073317,0.2800329514018043,4,0.02739318252643168,0.5520833333333334,811.0362299116134,0.0,36.12820652370556,1.4859172337887392,848.6503536691077,s0336,96,0.18662381999999994,0.178786464419104,0.007837355580895492,0.00032655648253731217,0.0204044582396211,4.1995472929958755,0.007837355580895617
7.287727084592153,817.6223686918586,0.41283657713278255,0.4536057103775109,0.4679686862526442,-5.680697710951256,1.0,1.0181824255091578,82.69301726432339,91.2685478035455,91.2685478035455,2,7,80.0,0,0.0,0.3025435015163976,0.32325809308080156,7,0.03446015220784801,0.5208333333333334,811.0362299116134,0.0,42.4585387125174,1.542971857733627,855.0377404818645,s0337,96,0.18662381999999994,0.178786464419104,0.007837355580895492,0.00032655648253731217,0.0204044582396211,4.1995472929958755,0.007837355580895617
7.24012555838459,814.1284620016326,0.39818943418634406,0.3146937607973017,0.4699163995910258,-5.4097291557624585,1.0,1.0196098040915096,83.89061340805056,95.90315834519157,95.90315834519157,3,5,80.0,0,0.0,0.25087582693990185,0.3017261677722174,0,0.029294314838079302,0.53125,811.0362299116134,0.0,38.649024310287025,1.2794667173935002,850.9647209392939,s0338,96,0.18662381999999994,0.178786464419104,0.007837355580895492,0.00032655648253731217,0.0204044582396211,4.1995472929958755,0.007837355580895617
7.28206964406757,817.6917218948879,0.3981894341873053,0.4152676755744882,0.586223327715519,-4.981161013600352,1.0,1.0193573054341918,80.8910100912329,94.96096568107201,94.96096568107201,1,6,80.0,0,0.0,0.29659290621109163,0.37582495533412197,4,0.03337430794249249,0.4479166666666667,811.0362299116134,0.0,48.2895798896392,1.5126238216765675,860.8384336229292,s0339,96,0.18662381999999994,0.178786464419104,0.007837355580895492,0.00032655648253731217,0.0204044582396211,4.1995472929958755,0.007837355580895617
7.262645125486296,815.8479284665966,0.39818943418601294,0.3514418442952951,0.43389465930302895,-4.677127700628838,1.0,1.0174086710868264,76.18344426125367,82.54168692774793,82.54168692774793,0,2,80.0,0,0.0,0.2599462831393541,0.2773792999139685,3,0.02682630079223606,0.4583333333333333,811.0362299116134,0.0,35.94003490455752,1.3257260440107057,848.3019908601816,s0340,96,0.18662381999999994,0.178786464419104,0.007837355580895492,0.00032655648253731217,0.0204044582396211,4.1995472929958755,0.007837355580895617
7.357934392796363,825.2973345758169,0.4141069127096591,0.3462251837538683,0.5649954793584868,-6.29508826551982,1.0,1.0195010988356192,78.78242122628232,95.16837393831295,95.16837393831295,0,7,80.0,0,0.0,0.31734860681283444,0.3757196790767857,6,0.03592668203055328,0.53125,811.0362299116134,0.0,49.567253361557306,1.6184778947454554,862.2219611679161,s0341,96,0.18662381999999994,0.178786464419104,0.007837355580895492,0.00032655648253731217,0.0204044582396211,4.1995472929958755,0.007837355580895617
7.263658375022889,815.5896550691585,0.39818943418601427,0.3417391795011103,0.501681839735817,-4.809685996426114,1.0,1.01855966820844,84.35312525489283,94.27991860626274,94.27991860626274,1,6,80.0,0,0.0,0.28918768116264065,0.2933511843413943,4,0.0303932968467548,0.4479166666666667,811.0362299116134,0.0,38.24436187789589,1.4748571739294671,850.7554489634388,s0342,96,0.18662381999999994,0.178786464419104,0.007837355580895492,0.00032655648253731217,0.0204044582396211,4.1995472929958755,0.007837355580895617
7.202054222103769,809.7680820818789,0.3981894341860139,0.4047351049275869,0.4442290298816626,-4.200852357306683,1.0,1.017219119277062,85.84619172074444,82.34637966938337,82.34637966938337,1,2,80.0,0,0.0,0.26144433393577476,0.23932832698686596,3,0.025294089389637054,0.53125,811.0362299116134,0.0,30.76117382000028,1.3333661030724508,843.1307698346861,s0343,96,0.18662381999999994,0.178786464419104,0.007837355580895492,0.00032655648253731217,0.0204044582396211,4.1995472929958755,0.007837355580895617
7.184146454204703,807.6867659375976,0.40157451407608286,0.3755800336506801,0.5254291473680268,-4.46270683634053,1.0,1.0194750579800904,86.61955007219478,94.61792508342803,94.61792508342803,1,4,80.0,0,0.0,0.3306837306660005,0.27594920687242486,7,0.03083378212864017,0.4375,811.0362299116134,0.0,36.62442245531383,1.6864870263966023,849.3471393933238,s0344,96,0.18662381999999994,0.178786464419104,0.007837355580895492,0.00032655648253731217,0.0204044582396211,4.1995472929958755,0.007837355580895617
7.212996828197401,809.9294519468137,0.398189434186366,0.4114559913833801,0.4981892585934277,-4.070222469621154,1.0,1.0189558206804474,85.4964643755428,93.72525063964075,93.72525063964075,1,8,80.0,0,0.0,0.3022273206553336,0.28336622749411067,4,0.029439994560909472,0.53125,811.0362299116134,0.0,37.004212115591436,1.5413593353422013,849.5818013625471,s0345,96,0.18662381999999994,0.178786464419104,0.007837355580895492,0.00032655648253731217,0.0204044582396211,4.1995472929958755,0.007837355580895617
7.2455466647663,814.0033332522064,0.4030785673623455,0.39444717338909896,0.4108304847474189,-4.166441966915205,1.0,1.0177364734381653,77.68560748111659,84.01791973280453,84.01791973280453,0,6,80.0,0,0.0,0.2609176747041636,0.21700276323072026,5,0.02436193429800243,0.5416666666666666,811.0362299116134,0.0,28.675913103248007,1.330680140991234,841.0428231558527,s0346,96,0.18662381999999994,0.178786464419104,0.007837355580895492,0.00032655648253731217,0.0204044582396211,4.1995472929958755,0.007837355580895617
7.264920128331358,815.9875617109996,0.3981894341860192,0.34465656014991497,0.47939207735674066,-4.443321131529967,1.0,1.0181187735187858,80.72557286119697,91.76726522260444,91.76726522260444,1,6,80.0,0,0.0,0.3032744504214227,0.2932234384783472,5,0.03171775029386897,0.4895833333333333,811.0362299116134,0.0,38.74532836848484,1.5466996971492568,851.3282579772475,s0347,96,0.18662381999999994,0.178786464419104,0.007837355580895492,0.00032655648253731217,0.0204044582396211,4.1995472929958755,0.007837355580895617
7.183063580437253,807.5085118103289,0.3981894341871836,0.41062340855269985,0.42729383419289313,-5.485869193539149,1.0,1.0195731264552113,82.99783076912165,96.78530371291214,96.78530371291214,1,8,80.0,0,0.0,0.2717305102815513,0.194127887562905,2,0.022927212922862195,0.5729166666666666,811.0362299116134,0.0,24.895020984687303,1.3858256024359108,837.3170764987367,s0348,96,0.18662381999999994,0.178786464419104,0.007837355580895492,0.00032655648253731217,0.0204044582396211,4.1995472929958755,0.007837355580895617
7.294929653023473,818.8130749296838,0.3981894341861003,0.3565428510337312,0.44631146355371376,-5.289727906243307,1.0,1.018746983013442,86.30098745956099,93.76626890708455,93.76626890708455,2,9,80.0,0,0.0,0.258032699776396,0.2908764992479559,3,0.027959996368151743,0.4375,811.0362299116134,0.0,37.86969105382293,1.31596676885962,850.221887734296,s0349,96,0.18662381999999994,0.178786464419104,0.007837355580895492,0.00032655648253731217,0.0204044582396211,4.1995472929958755,0.007837355580895617
7.201200854578458,808.8757815415044,0.4090211960330494,0.41061140079765135,0.5233018766254063,-4.9434423640223555,1.0,1.0196488818564327,83.47378032380362,96.63130947999525,96.63130947999525,1,9,80.0,0,0.0,0.32475051659483656,0.31209775823209474,5,0.034736831525765045,0.5833333333333334,811.0362299116134,0.0,40.975590401946896,1.6562276346336664,853.6680479481939,s0350,96,0.18662381999999994,0.178786464419104,0.007837355580895492,0.00032655648253731217,0.0204044582396211,4.1995472929958755,0.007837355580895617
7.309299643698978,821.2212714454577,0.3981894341859896,0.2838771996764846,0.47833691566237996,-5.28686348212899,1.0,1.0180433718773436,77.10629031519375,85.41855219284184,85.41855219284184,0,4,80.0,0,0.0,0.26000452538431607,0.3404127658128904,4,0.030834068601027963,0.4791666666666667,811.0362299116134,0.0,44.92144146034741,1.326023079460012,857.2836944514208,s0351,96,0.18662381999999994,0.178786464419104,0.007837355580895492,0.00032655648253731217,0.0204044582396211,4.1995472929958755,0.007837355580895617
7.217200786870956,810.3447945576607,0.39818943418635383,0.4235845717321577,0.45205923335136466,-4.604351803189153,1.0,1.0180292797143387,79.47746144515682,88.01405367779176,88.01405367779176,0,1,80.0,0,0.0,0.27606576617833045,0.2968222577790916,4,0.03216318526921542,0.4479166666666667,811.0362299116134,0.0,39.24742376592321,1.407935407509485,851.6915890850462,s0352,96,0.18662381999999994,0.178786464419104,0.007837355580895492,0.00032655648253731217,0.0204044582396211,4.1995472929958755,0.007837355580895617
7.205524687427317,809.7518749382665,0.3981894341860251,0.38666095951094714,0.460635890643353,-4.8818722278683735,1.0,1.0200055066737161,80.87516381810454,99.01546782387783,99.01546782387783,1,5,80.0,0,0.0,0.3040779428054891,0.23276092020070183,5,0.02740995837935442,0.4895833333333333,811.0362299116134,0.0,30.886526717691524,1.550797508307995,843.473554137613,s0353,96,0.18662381999999994,0.178786464419104,0.007837355580895492,0.00032655648253731217,0.0204044582396211,4.1995472929958755,0.007837355580895617
7.396418196075603,828.656210800722,0.40336882858905987,0.3666598264548525,0.5208109108876156,-3.9135098017988414,1.0,1.018110308718587,78.44345072437534,87.75580816685402,87.75580816685402,0,4,80.0,0,0.0,0.24521290282070476,0.36435722663944015,3,0.028702872574726975,0.3854166666666667,811.0362299116134,0.0,47.79999665825797,1.250585804385594,860.0868123742571,s0354,96,0.18662381999999994,0.178786464419104,0.007837355580895492,0.00032655648253731217,0.0204044582396211,4.1995472929958755,0.007837355580895617
7.178555187179288,806.2848237032292,0.39818943418600977,0.42820074869583724,0.4942435361127024,-5.34195668026176,1.0,1.0191290821598682,82.20308809504678,94.16825476834158,94.16825476834158,2,5,80.0,0,0.0,0.2694903154283848,0.30632285426686023,6,0.03128173760647522,0.5208333333333334,811.0362299116134,0.0,40.57246722965395,1.3744006086847622,852.9830977499521,s0355,96,0.18662381999999994,0.178786464419104,0.007837355580895492,0.00032655648253731217,0.0204044582396211,4.1995472929958755,0.007837355580895617
7.1846920587152034,807.4038992467529,0.39818943418590513,0.4490812237215608,0.4769440450409752,-4.880040853882517,1.0,1.0225562359915388,90.15703881043797,112.00156061179851,112.00156061179851,2,7,80.0,0,0.0,0.3014249719748603,0.28628483471533117,6,0.02985788075001406,0.5208333333333334,811.0362299116134,0.0,37.76744272341106,1.5372673570717876,850.3409399920962,s0356,96,0.18662381999999994,0.178786464419104,0.007837355580895492,0.00032655648253731217,0.0204044582396211,4.1995472929958755,0.007837355580895617
7.248648076738668,814.9472088989903,0.42782009165541085,0.355145128966593,0.5241143515981916,-5.198037114950433,1.0,1.0191320519153568,79.15845108934867,92.176026305207,92.176026305207,0,5,80.0,0,0.0,0.312101238284714,0.29446416095875105,4,0.032258916771258556,0.4895833333333333,811.0362299116134,0.0,39.179708938719976,1.591716315252041,851.8076551655854,s0357,96,0.18662381999999994,0.178786464419104,0.007837355580895492,0.00032655648253731217,0.0204044582396211,4.1995472929958755,0.007837355580895617
7.2191920819542705,811.4150852726822,0.3981894341860017,0.323249142552241,0.6016260462095699,-4.751749805906985,1.0,1.0181506078054943,90.25300855403464,92.9384018150926,92.9384018150926,1,9,80.0,0,0.0,0.32186161030034593,0.34682649670239435,4,0.03365594756933354,0.5208333333333334,811.0362299116134,0.0,44.6539180515804,1.6414942125317642,857.3316421757255,s0358,96,0.18662381999999994,0.178786464419104,0.007837355580895492,0.00032655648253731217,0.0204044582396211,4.1995472929958755,0.007837355580895617
7.398488274749456,829.0559355397456,0.3981894341873669,0.34057759856201664,0.5124793839878199,-5.027255191942557,1.0,1.018349225794739,74.78927488759977,89.53146145783306,89.53146145783306,0,4,80.0,0,0.0,0.25862971714761557,0.3314530873163053,3,0.02811086438618572,0.3645833333333333,811.0362299116134,0.0,43.16387081717324,1.3190115574528398,855.5191122862395,s0359,96,0.18662381999999994,0.178786464419104,0.007837355580895492,0.00032655648253731217,0.0204044582396211,4.1995472929958755,0.007837355580895617
7.207082675614124,810.2224408238442,0.39818943418584796,0.4011764692966669,0.4378064826912987,-4.903477432278728,1.0,1.0204193537957755,84.75666027221746,100.2544426124501,100.2544426124501,1,4,80.0,0,0.0,0.2616855373647394,0.27645564611616447,6,0.028245991694265817,0.4895833333333333,811.0362299116134,0.0,36.65772782910559,1.3345962405601715,849.0285539812792,s0360,96,0.18662381999999994,0.178786464419104,0.007837355580895492,0.00032655648253731217,0.0204044582396211,4.1995472929958755,0.007837355580895617
7.211948596209018,810.7262091626296,0.39818943418620756,0.3581570832246753,0.43885410350475973,-4.752194405042272,1.0,1.0200224054619556,83.26327660479716,98.48294014675291,98.48294014675291,1,3,80.0,0,0.0,0.26781965743480307,0.23746213697576915,3,0.02520149193069039,0.4270833333333333,811.0362299116134,0.0,31.039977530035454,1.3658802529174952,843.4420876945663,s0361,96,0.18662381999999994,0.178786464419104,0.007837355580895492,0.00032655648253731217,0.0204044582396211,4.1995472929958755,0.007837355580895617
7.246762158358135,814.3749510580353,0.39818943418600805,0.4172817200780293,0.5612383772359535,-5.511418691927538,1.0,1.0177977373884108,80.67236812531613,87.12183068005079,87.12183068005079,1,7,80.0,0,0.0,0.32065268557358306,0.3761739672991518,6,0.03729026618572697,0.5104166666666666,811.0362299116134,0.0,49.42364624947152,1.6353286964252722,862.0952048575102,s0362,96,0.18662381999999994,0.178786464419104,0.007837355580895492,0.00032655648253731217,0.0204044582396211,4.1995472929958755,0.007837355580895617
7.147631132282861,804.9527126474848,0.3981894341860055,0.36040901668825087,0.4989651542637593,-5.175567653124685,1.0,1.0182362360581363,85.01084242752653,87.768022393716,87.768022393716,3,8,80.0,0,0.0,0.31627841867722517,0.3073597943937828,5,0.032458578537386124,0.5625,811.0362299116134,0.0,39.8557470240195,1.6130199352538483,852.5049968708868,s0363,96,0.18662381999999994,0.178786464419104,0.007837355580895492,0.00032655648253731217,0.0204044582396211,4.1995472929958755,0.007837355580895617
7.22111548217247,811.4148729266889,0.3981894341860399,0.39573417589804927,0.38255153351587035,-4.722569871517702,1.0,1.017187106768617,76.86316291295068,81.87761533551836,81.87761533551836,0,3,80.0,0,0.0,0.25023747663888396,0.23521073799855777,2,0.02524794605291418,0.5416666666666666,811.0362299116134,0.0,30.693791042889696,1.2762111308583075,843.0062320853614,s0364,96,0.18662381999999994,0.178786464419104,0.007837355580895492,0.00032655648253731217,0.0204044582396211,4.1995472929958755,0.007837355580895617
7.259172144410087,815.8871915875379,0.40516838104872,0.32166524912758077,0.42013676100583575,-4.6369728984348555,1.0,1.0201906543055903,76.92975524903697,98.95978744979298,98.95978744979298,0,4,80.0,0,0.0,0.27942862411734076,0.2461354222464826,2,0.025902433820691132,0.46875,811.0362299116134,0.0,32.44831821408418,1.4250859829984373,844.9096341086961,s0365,96,0.18662381999999994,0.178786464419104,0.007837355580895492,0.00032655648253731217,0.0204044582396211,4.1995472929958755,0.007837355580895617
7.188365374496671,807.4498850661356,0.3981894341859771,0.41524464825371316,0.4857473812502875,-4.324689718724147,1.0,1.017917183079445,85.18950236802704,87.95070112690838,87.95070112690838,3,8,80.0,0,0.0,0.28423250905921355,0.27271165863554947,5,0.029350280816280338,0.6041666666666666,811.0362299116134,0.0,35.773363761936096,1.4495857962019887,848.2591794697515,s0366,96,0.18662381999999994,0.178786464419104,0.007837355580895492,0.00032655648253731217,0.0204044582396211,4.1995472929958755,0.007837355580895617
7.268400000085099,816.0104936357388,0.3981894341859876,0.3598073023655401,0.4473930243964058,-4.269439735879874,1.0,1.017710455182629,80.62067999911932,89.35548892479129,89.35548892479129,1,3,80.0,0,0.0,0.2547215443223343,0.2800499266064901,2,0.02636357827704425,0.5,811.0362299116134,0.0,36.44226670056562,1.2990798760439055,848.777576488223,s0367,96,0.18662381999999994,0.178786464419104,0.007837355580895492,0.00032655648253731217,0.0204044582396211,4.1995472929958755,0.007837355580895617
7.278211676034804,816.8258168147024,0.3981894341866159,0.337059965403242,0.3903058842833149,-6.031686549988592,1.0,1.0169640619834517,75.04822660970602,81.31123456567364,81.31123456567364,0,2,80.0,0,0.0,0.22661578758647632,0.23029234791040323,3,0.02210168886275422,0.375,811.0362299116134,0.0,30.048101608089027,1.1557405166910286,842.2400720363935,s0368,96,0.18662381999999994,0.178786464419104,0.007837355580895492,0.00032655648253731217,0.0204044582396211,4.1995472929958755,0.007837355580895617
7.254267975477411,814.1018440301094,0.3981894341880129,0.36887652559127027,0.47119204119740743,-4.553741500926306,1.0,1.0205496745652436,80.47649505869808,101.76921515658664,101.76921515658664,1,5,80.0,0,0.0,0.2807570390482731,0.26673793744600927,4,0.028328944380873026,0.4479166666666667,811.0362299116134,0.0,34.516071147740874,1.431860899146193,846.9841619585004,s0369,96,0.18662381999999994,0.178786464419104,0.007837355580895492,0.00032655648253731217,0.0204044582396211,4.1995472929958755,0.007837355580895617
7.280568912540353,817.5946700996567,0.3981894341859379,0.3771388801198824,0.5084111436316954,-5.582038514849984,1.0,1.0196493727040923,84.54006122197157,96.45747848865288,96.45747848865288,2,6,80.0,0,0.0,0.27551733397063294,0.31691433838867555,5,0.028854638082130638,0.46875,811.0362299116134,0.0,40.81206637654307,1.4051384032502268,853.2534346914067,s0370,96,0.18662381999999994,0.178786464419104,0.007837355580895492,0.00032655648253731217,0.0204044582396211,4.1995472929958755,0.007837355580895617
7.247037382338778,813.1623893783615,0.39818943418602093,0.37190071119531126,0.4460147080683436,-4.801421463600575,1.0,1.0178975745867416,82.46917029192227,86.04008198891037,86.04008198891037,1,4,80.0,0,0.0,0.2919518956391043,0.22459638332621004,2,0.025269904535730695,0.46875,811.0362299116134,0.0,28.90955058713307,1.4889546677594314,841.4347351665059,s0371,96,0.18662381999999994,0.178786464419104,0.007837355580895492,0.00032655648253731217,0.0204044582396211,4.1995472929958755,0.007837355580895617
7.187815091638633,808.3889043633706,0.39818943418583935,0.36623166863373513,0.4461250571302856,-4.477675310110146,1.0,1.0204178877712518,86.45039205158554,100.43359462536725,100.43359462536725,1,4,80.0,0,0.0,0.3120064444014992,0.25564133405459005,5,0.02760278353119422,0.46875,811.0362299116134,0.0,33.165009865212966,1.5912328664476456,845.792472643274,s0372,96,0.18662381999999994,0.178786464419104,0.007837355580895492,0.00032655648253731217,0.0204044582396211,4.1995472929958755,0.007837355580895617
7.142064720786808,804.4324442069421,0.398189434186011,0.39707303430057783,0.4957749747952578,-4.827997402090997,1.0,1.0186292246257116,90.51940600707172,90.54325060600969,90.54325060600969,4,8,80.0,0,0.0,0.25847663851353025,0.3758563028762372,3,0.03274229330645242,0.5729166666666666,811.0362299116134,0.0,49.17686737327403,1.318230856419005,861.5313281413064,s0373,96,0.18662381999999994,0.178786464419104,0.007837355580895492,0.00032655648253731217,0.0204044582396211,4.1995472929958755,0.007837355580895617
7.254914802101174,814.5864339244084,0.4086607029582948,0.41707592134489835,0.45016530760354445,-4.952581809839791,1.0,1.0201354530275764,85.33741992978544,101.09895327631591,101.09895327631591,2,3,80.0,0,0.0,0.28599062045945095,0.26839800515317636,8,0.029786844969424648,0.4791666666666667,811.0362299116134,0.0,35.45948398066193,1.4585521643431996,847.9542660566186,s0374,96,0.18662381999999994,0.178786464419104,0.007837355580895492,0.00032655648253731217,0.0204044582396211,4.1995472929958755,0.007837355580895617
7.259018400955105,815.0016551274314,0.40562722019951286,0.4082938750519654,0.46735292737794865,-4.8949831944781685,1.0,1.0186126732954794,75.84286927849195,90.26198374886006,90.26198374886006,0,5,80.0,0,0.0,0.26100491565687456,0.29841171226593044,4,0.029173285770842484,0.5416666666666666,811.0362299116134,0.0,39.39666484727519,1.3311250698500598,851.7640198287386,s0375,96,0.18662381999999994,0.178786464419104,0.007837355580895492,0.00032655648253731217,0.0204044582396211,4.1995472929958755,0.007837355580895617
7.273026117365259,816.3015278150073,0.3981894341872445,0.41303855786584426,0.46431106978174747,-5.420436653913416,1.0,1.0187528815603824,76.76174626176356,92.48297489487885,92.48297489487885,0,4,80.0,0,0.0,0.28460335954288685,0.32037219144474094,6,0.031497610085251156,0.4583333333333333,811.0362299116134,0.0,42.45091501184855,1.4514771336687222,854.9386220571307,s0376,96,0.18662381999999994,0.178786464419104,0.007837355580895492,0.00032655648253731217,0.0204044582396211,4.1995472929958755,0.007837355580895617
7.210367267890224,809.9891142117731,0.4141122125091363,0.35467709538131487,0.5145994276894257,-3.9626629156258733,1.0,1.0185830799400866,85.68473700681564,91.58264394206502,91.58264394206502,6,8,80.0,0,0.0,0.33968453242992236,0.29455165530667343,8,0.033408141259577764,0.5208333333333334,811.0362299116134,0.0,38.06572761498949,1.7323911153926042,850.8343486419955,s0377,96,0.18662381999999994,0.178786464419104,0.007837355580895492,0.00032655648253731217,0.0204044582396211,4.1995472929958755,0.007837355580895617
7.228420269897372,812.1866170770691,0.3981894341859473,0.34267038386554305,0.48988464535814247,-4.795443712116007,1.0,1.0192449495205387,88.41996417851952,95.5425417560842,95.5425417560842,2,6,80.0,0,0.0,0.28005116030222177,0.28269553573978223,6,0.02969412151498139,0.5,811.0362299116134,0.0,36.85017828453699,1.4282609175413303,849.3146691136918,s0378,96,0.18662381999999994,0.178786464419104,0.007837355580895492,0.00032655648253731217,0.0204044582396211,4.1995472929958755,0.007837355580895617
7.337781339137697,823.1397966787254,0.3981894341859899,0.3389808299426319,0.5072371725193334,-4.829512388654994,1.0,1.0189267033673717,85.13703221892311,92.37931403923871,92.37931403923871,2,7,80.0,0,0.0,0.29322817361425246,0.3433822588044544,4,0.03373947580399451,0.4270833333333333,811.0362299116134,0.0,45.26221456080086,1.4954636854326884,857.793908157847,s0379,96,0.18662381999999994,0.178786464419104,0.007837355580895492,0.00032655648253731217,0.0204044582396211,4.1995472929958755,0.007837355580895617
7.261851858700194,815.8540206530463,0.39818943418600683,0.3808008837449453,0.49612132306601264,-6.361644311793417,1.0,1.0186955905476334,82.45014645282691,94.61023291320633,94.61023291320633,3,7,80.0,0,0.0,0.3041238890391,0.2733633327321405,4,0.02813578971789969,0.4166666666666667,811.0362299116134,0.0,35.5978360659342,1.5510318340994098,848.185097811647,s0380,96,0.18662381999999994,0.178786464419104,0.007837355580895492,0.00032655648253731217,0.0204044582396211,4.1995472929958755,0.007837355580895617
7.303442045098793,819.4536540616665,0.40169736136673273,0.3206826463986262,0.4916919296936335,-4.503925950978535,1.0,1.017543870518568,83.72283789193176,86.08061324528325,86.08061324528325,1,5,80.0,0,0.0,0.21714508273753538,0.2930811125288708,1,0.025041323977397553,0.46875,811.0362299116134,0.0,37.68103333587567,1.1074399219614295,849.8247031694506,s0381,96,0.18662381999999994,0.178786464419104,0.007837355580895492,0.00032655648253731217,0.0204044582396211,4.1995472929958755,0.007837355580895617
7.1503464406814565,803.7502870643441,0.39818943418801594,0.5033233549961735,0.4940903114706436,-4.4394448124397705,1.0,1.0190599996344452,83.10955359259702,92.95209933809275,92.95209933809275,1,5,80.0,0,0.0,0.29083054951567106,0.3052980282711775,7,0.03213975824935193,0.5520833333333334,811.0362299116134,0.0,39.887249779484954,1.4832358025299215,852.4067154936283,s0382,96,0.18662381999999994,0.178786464419104,0.007837355580895492,0.00032655648253731217,0.0204044582396211,4.1995472929958755,0.007837355580895617
7.238651080326067,812.4213541923165,0.39818943418600605,0.428120283719719,0.4550337973521471,-4.335316215014742,1.0,1.0198848772378155,82.7373012041962,98.45876571610164,98.45876571610164,1,5,80.0,0,0.0,0.32271640042036215,0.24685624355408298,6,0.030207096471736146,0.4791666666666667,811.0362299116134,0.0,32.123136927292286,1.6458536421438459,844.8052204810496,s0383,96,0.18662381999999994,0.178786464419104,0.007837355580895492,0.00032655648253731217,0.0204044582396211,4.1995472929958755,0.007837355580895617
7.289487921161235,817.8946825007328,0.3981894341861289,0.41898268700149416,0.45108160080467696,-4.445240439642009,1.0,1.0176087530239795,83.92455812580505,89.90032678156174,89.90032678156174,2,3,80.0,0,0.0,0.2741683075084845,0.24999647810425452,4,0.026828400545489153,0.4583333333333333,811.0362299116134,0.0,32.93373957181863,1.39825836829327,845.3682278517252,s0384,96,0.18662381999999994,0.178786464419104,0.007837355580895492,0.00032655648253731217,0.0204044582396211,4.1995472929958755,0.007837355580895617
7.210079938847819,810.3445937862311,0.3981894341864156,0.3904583200158354,0.48505531589041734,2.2836251151599822,1.0,1.0169087512320703,75.3133057642331,83.78576678473463,83.78576678473463,0,1,80.0,0,0.0,0.29381305023480353,0.2638770143152455,5,0.028203358815749438,0.53125,811.0362299116134,0.0,34.40428721053458,1.4984465561974976,846.9389636783454,s0385,96,0.18662381999999994,0.178786464419104,0.007837355580895492,0.00032655648253731217,0.0204044582396211,4.1995472929958755,0.007837355580895617
7.233598707095411,811.9834094514258,0.3981894341862531,0.39021267229431,0.44959425068284886,-5.654837662330448,1.0,1.0193705862745182,87.94615625103528,97.90582124938788,97.90582124938788,4,4,80.0,0,0.0,0.2644608046071137,0.3416785703820665,5,0.034308954661507504,0.4895833333333333,811.0362299116134,0.0,45.420195776747335,1.348750103496279,857.805175791857,s0386,96,0.18662381999999994,0.178786464419104,0.007837355580895492,0.00032655648253731217,0.0204044582396211,4.1995472929958755,0.007837355580895617
7.270152459282554,816.5895691792075,0.39816203932568184,0.3372738981434975,0.5063573474749518,-6.338658262076659,1.0,1.0212564079656643,81.24915975626489,104.6503488139021,104.6503488139021,2,10,80.0,0,0.0,0.29193256776424564,0.2992062921259465,7,0.033224731505535836,0.4895833333333333,811.0362299116134,0.0,39.8649776663177,1.4888560955976526,852.3900636735287,s0387,96,0.18662381999999994,0.178786464419104,0.007837355580895492,0.00032655648253731217,0.0204044582396211,4.1995472929958755,0.007837355580895617
7.2656892805987345,814.6262323631202,0.39818943418591934,0.37403474899256217,0.5281702011817695,-4.095264045397743,1.0,1.018859428687341,77.88335071689268,91.0151085162444,91.0151085162444,0,3,80.0,0,0.0,0.29618971573118336,0.35045835050485885,7,0.03389856828928455,0.4479166666666667,811.0362299116134,0.0,46.389684660778784,1.510567550229034,858.9364821226212,s0388,96,0.18662381999999994,0.178786464419104,0.007837355580895492,0.00032655648253731217,0.0204044582396211,4.1995472929958755,0.007837355580895617
7.158420597617061,804.6028446194875,0.4132183965203398,0.40290580280207644,0.45811696129514334,-5.238048943836543,1.0,1.0193260256215657,82.2340917544834,94.45844055537023,94.45844055537023,1,5,80.0,0,0.0,0.2648491351278453,0.28382817427047446,3,0.028133753241401032,0.5,811.0362299116134,0.0,36.82794306069477,1.3507305891520107,849.2149035614602,s0389,96,0.18662381999999994,0.178786464419104,0.007837355580895492,0.00032655648253731217,0.0204044582396211,4.1995472929958755,0.007837355580895617
7.26483429266848,816.3210646017128,0.3981894341859964,0.37297065167571763,0.4363472646709695,-4.948602350026799,1.0,1.0181411234104076,78.37721070060715,87.31847566115403,87.31847566115403,0,5,80.0,0,0.0,0.237216136846802,0.2622948668691163,3,0.02596015624382056,0.46875,811.0362299116134,0.0,34.708196266245146,1.2098022979186909,846.9542284757773,s0390,96,0.18662381999999994,0.178786464419104,0.007837355580895492,0.00032655648253731217,0.0204044582396211,4.1995472929958755,0.007837355580895617
7.194716375485372,808.4252624565336,0.3981620393263284,0.43728586274069725,0.4795893293002156,-6.220277121292146,1.0,1.0217451302989755,82.37800579320674,107.07299336921803,107.07299336921803,3,8,80.0,0,0.0,0.27997628215655934,0.29153819908671874,4,0.029409286786279482,0.5208333333333334,811.0362299116134,0.0,38.09623155595349,1.4278790389984524,850.5603405065654,s0391,96,0.18662381999999994,0.178786464419104,0.007837355580895492,0.00032655648253731217,0.0204044582396211,4.1995472929958755,0.007837355580895617
7.308118300530477,819.7025629970597,0.3981894341860086,0.33046948459880365,0.4838595193472638,-4.653314404983146,1.0,1.0188329530298688,78.63499453311323,91.76871514817337,91.76871514817337,0,11,80.0,0,0.0,0.27275772692063094,0.28625876700768227,2,0.0285578609947353,0.5729166666666666,811.0362299116134,0.0,37.28716477774,1.3910644072952183,849.7144590966486,s0392,96,0.18662381999999994,0.178786464419104,0.007837355580895492,0.00032655648253731217,0.0204044582396211,4.1995472929958755,0.007837355580895617
7.259027880068706,814.6953530542484,0.39818943418685554,0.40971875661249535,0.47801823364089724,-4.070964462068547,1.0,1.0185373678279213,80.62404996997127,89.89369790703876,89.89369790703876,1,5,80.0,0,0.0,0.2524043534273073,0.28952577751888964,4,0.028064334270625414,0.4791666666666667,811.0362299116134,0.0,37.40799883754615,1.2872622024792675,849.7314909516389,s0393,96,0.18662381999999994,0.178786464419104,0.007837355580895492,0.00032655648253731217,0.0204044582396211,4.1995472929958755,0.007837355580895617
7.25871731286998,815.5279972702008,0.39818943418597774,0.29883879604983776,0.5122868590156628,-4.844841370528006,1.0,1.018456784424757,81.62499262640165,91.71966045319255,91.71966045319255,3,7,80.0,0,0.0,0.25349967307453036,0.3111006161159741,4,0.02967735265260238,0.4583333333333333,811.0362299116134,0.0,40.34550728393714,1.292848332680105,852.6745855282308,s0394,96,0.18662381999999994,0.178786464419104,0.007837355580895492,0.00032655648253731217,0.0204044582396211,4.1995472929958755,0.007837355580895617
7.283216019001478,816.9523584363299,0.3981894341872901,0.3715885077051091,0.431732317779871,-4.667017983974442,1.0,1.0194605844351479,84.5930085959266,96.85480334923439,96.85480334923439,1,3,80.0,0,0.0,0.2740844458584166,0.23545039181198968,3,0.02688261241950555,0.5208333333333334,811.0362299116134,0.0,30.60645400683342,1.397830673877924,843.0405145923248,s0395,96,0.18662381999999994,0.178786464419104,0.007837355580895492,0.00032655648253731217,0.0204044582396211,4.1995472929958755,0.007837355580895617
7.248038242478008,814.2980638190629,0.3981894341868156,0.4138130460000965,0.46837890879547156,-4.237877986560293,1.0,1.0184558763202516,79.2790086701433,91.7140502230058,91.7140502230058,0,4,80.0,0,0.0,0.3105872774859162,0.2393726619991038,4,0.028068892926330528,0.4375,811.0362299116134,0.0,31.387049386601824,1.5839951151781722,844.0072744133934,s0396,96,0.18662381999999994,0.178786464419104,0.007837355580895492,0.00032655648253731217,0.0204044582396211,4.1995472929958755,0.007837355580895617
7.198682005272817,808.4117665047345,0.39818943418591185,0.3879351805753152,0.49831618160132507,-4.614732898027782,1.0,1.0191810683627067,86.47648916285813,92.7358135431563,92.7358135431563,2,3,80.0,0,0.0,0.25742968237115815,0.3462090123011913,5,0.03237508512047021,0.6145833333333334,811.0362299116134,0.0,45.50344127616152,1.3128913800929063,857.8525625678678,s0397,96,0.18662381999999994,0.178786464419104,0.007837355580895492,0.00032655648253731217,0.0204044582396211,4.1995472929958755,0.007837355580895617
7.253840502736056,814.1069180995491,0.4069636494614971,0.399479747589745,0.5879330354072663,-6.012817592282829,1.0,1.0173898007626352,85.12422184678894,84.92226436452077,84.92226436452077,1,7,80.0,0,0.0,0.29785459302471595,0.3847555104753694,8,0.037259664121898885,0.4270833333333333,811.0362299116134,0.0,52.13550982054505,1.5190584244260503,864.6907981565845,s0398,96,0.18662381999999994,0.178786464419104,0.007837355580895492,0.00032655648253731217,0.0204044582396211,4.1995472929958755,0.007837355580895617
7.20225537463609,809.9363522816668,0.4508491457727608,0.38609819365226594,0.49212089198003484,-6.1807465296348,1.0,1.0184049515462166,77.89287097653211,88.46834807541454,88.46834807541454,0,8,80.0,0,0.0,0.2969537233633648,0.23360819774997169,4,0.02745210097861852,0.5208333333333334,811.0362299116134,0.0,30.487428907996975,1.5144639891531606,843.0381228087635,s0399,96,0.18662381999999994,0.178786464419104,0.007837355580895492,0.00032655648253731217,0.0204044582396211,4.1995472929958755,0.007837355580895617
7.2105680149168325,809.8223310049864,0.39816203932690203,0.4294427089137902,0.46619288136065107,-4.574535730001893,1.0,1.0207570483466188,83.2338523134327,102.17497453977442,102.17497453977442,1,3,80.0,0,0.0,0.3208250012636361,0.28751421452037307,6,0.03134091293704444,0.4895833333333333,811.0362299116134,0.0,37.51271242564001,1.6362075064445425,850.1851498436979,s0400,96,0.18662381999999994,0.178786464419104,0.007837355580895492,0.00032655648253731217,0.0204044582396211,4.1995472929958755,0.007837355580895617
7.215990930052902,811.5657425568384,0.3981894341859538,0.31168469285449407,0.55237422428355,-5.398996610330497,1.0,1.0193083202050022,85.48730095787998,94.25137917191132,94.25137917191132,2,6,80.0,0,0.0,0.31083482586875183,0.27868983863311625,5,0.028211682840693655,0.4791666666666667,811.0362299116134,0.0,36.53898281369882,1.5852576119306339,849.1604703372428,s0401,96,0.18662381999999994,0.178786464419104,0.007837355580895492,0.00032655648253731217,0.0204044582396211,4.1995472929958755,0.007837355580895617
7.228463652353513,813.271861219611,0.42486777801092124,0.34465620192701024,0.4663501586564972,-3.6689587535538934,1.0,1.017960707624121,85.72397327430969,91.90078216455329,91.90078216455329,2,3,80.0,0,0.0,0.24851965135325046,0.34268675400080295,5,0.03356728413751813,0.5208333333333334,811.0362299116134,0.0,45.53874149000692,1.2674502219015775,857.8424216235219,s0402,96,0.18662381999999994,0.178786464419104,0.007837355580895492,0.00032655648253731217,0.0204044582396211,4.1995472929958755,0.007837355580895617
7.257077200677916,814.9402324245132,0.39818943418600566,0.32933276381699206,0.46192630189954054,-5.1411014881299115,1.0,1.019850605395953,78.9895721502686,98.36886942078166,98.36886942078166,0,8,80.0,0,0.0,0.2531100080054492,0.3245803816571279,3,0.031494492957958774,0.5833333333333334,811.0362299116134,0.0,42.485911859023176,1.2908610408277914,854.8130028114643,s0403,96,0.18662381999999994,0.178786464419104,0.007837355580895492,0.00032655648253731217,0.0204044582396211,4.1995472929958755,0.007837355580895617
7.202215390596548,808.90941791539,0.41556104752787026,0.39311359038642657,0.4651843578605083,-8.365762485167744,1.0,1.0201209937474396,87.18376086885677,100.63829129501949,100.63829129501949,3,9,80.0,0,0.0,0.26203621785148457,0.3042807803169727,5,0.030427670687173232,0.5208333333333334,811.0362299116134,0.0,39.92286383498134,1.3363847110425713,852.2954784576374,s0404,96,0.18662381999999994,0.178786464419104,0.007837355580895492,0.00032655648253731217,0.0204044582396211,4.1995472929958755,0.007837355580895617
7.17816235498918,806.144979747271,0.40534094889317523,0.40078874470087833,0.5226683391143876,-7.437233764168624,1.0,1.0194068978492825,93.87157662754684,99.0692991863402,99.0692991863402,5,11,80.0,0,0.0,0.3041826662568999,0.31057320523439425,4,0.033366021321129334,0.5416666666666666,811.0362299116134,0.0,40.351095009055165,1.5513315979101887,852.9386565185788,s0405,96,0.18662381999999994,0.178786464419104,0.007837355580895492,0.00032655648253731217,0.0204044582396211,4.1995472929958755,0.007837355580895617
7.150063532232952,803.5656425157352,0.3981894341859795,0.43960722040258965,0.44355830625721143,-4.846287876203269,1.0,1.0180636294180576,80.13188035930095,90.03223112370762,90.03223112370762,1,7,80.0,0,0.0,0.2921953192806369,0.27074506332386844,7,0.028806986839128433,0.5729166666666666,811.0362299116134,0.0,35.848022863915595,1.4901961283312477,848.3744489038603,s0406,96,0.18662381999999994,0.178786464419104,0.007837355580895492,0.00032655648253731217,0.0204044582396211,4.1995472929958755,0.007837355580895617
7.214437502603661,810.3429740192828,0.39818943418595987,0.4216220992731313,0.44152284349300397,-4.089691388773016,1.0,1.0181694078952144,83.98427973512553,88.01381039788184,88.01381039788184,1,6,80.0,0,0.0,0.2690419313294558,0.30271242540307486,4,0.030241336237781646,0.5625,811.0362299116134,0.0,39.81677669527366,1.3721138497802254,852.2251204566674,s0407,96,0.18662381999999994,0.178786464419104,0.007837355580895492,0.00032655648253731217,0.0204044582396211,4.1995472929958755,0.007837355580895617
7.1807481862543465,806.7091635227605,0.3981894341859605,0.4522761635504176,0.4965279357861324,-4.262748623842011,1.0,1.018189415026022,85.06416449437204,86.77027252828591,86.77027252828591,2,6,80.0,0,0.0,0.2954664206245297,0.32451247520471693,4,0.0329081967353965,0.5104166666666666,811.0362299116134,0.0,43.129498317367435,1.5068787451851022,855.6726069741659,s0408,96,0.18662381999999994,0.178786464419104,0.007837355580895492,0.00032655648253731217,0.0204044582396211,4.1995472929958755,0.007837355580895617
7.1544913265035905,804.0491791838335,0.3981894341859907,0.406998887268467,0.4977984904069592,-4.396062755776878,1.0,1.017701628627973,85.53819334917452,86.11761396849181,86.11761396849181,2,5,80.0,0,0.0,0.27371985232206025,0.3051141420462744,5,0.03139562490255853,0.5729166666666666,811.0362299116134,0.0,40.067155219587555,1.3959712468425074,852.4993563780434,s0409,96,0.18662381999999994,0.178786464419104,0.007837355580895492,0.00032655648253731217,0.0204044582396211,4.1995472929958755,0.007837355580895617
7.212162041331396,810.5397854073797,0.3981894341859949,0.41944923395581535,0.48317610995403265,-5.491848175345935,1.0,1.0180248432528685,82.37185540300419,85.21410797430991,85.21410797430991,2,2,80.0,0,0.0,0.2901318155571179,0.2797484085753952,4,0.028436301495679554,0.4791666666666667,811.0362299116134,0.0,36.246748948101576,1.4796722593413,848.7626511190563,s0410,96,0.18662381999999994,0.178786464419104,0.007837355580895492,0.00032655648253731217,0.0204044582396211,4.1995472929958755,0.007837355580895617
7.215983567489792,811.2686487740178,0.3981894341860025,0.4692288323418245,0.5035034283123592,-5.285422723431698,1.0,1.0190121889966757,89.14705050469509,92.49177658417527,92.49177658417527,2,7,80.0,0,0.0,0.2820452409515566,0.32293008654422567,7,0.03228685354551562,0.5625,811.0362299116134,0.0,42.44338055037829,1.4384307288529383,854.9180411908446,s0411,96,0.18662381999999994,0.178786464419104,0.007837355580895492,0.00032655648253731217,0.0204044582396211,4.1995472929958755,0.007837355580895617
7.1899703513436135,809.2466413327336,0.39818943418794217,0.37165459197727624,0.4825011204336867,-4.631020700356146,1.0,1.0205100036304129,83.09300305909632,101.85815810066359,101.85815810066359,2,3,80.0,0,0.0,0.2696692508275143,0.31542393968085647,3,0.03009750318632309,0.4583333333333333,811.0362299116134,0.0,40.27404830474306,1.3753131792203226,852.6855913955768,s0412,96,0.18662381999999994,0.178786464419104,0.007837355580895492,0.00032655648253731217,0.0204044582396211,4.1995472929958755,0.007837355580895617
7.24556406750371,813.7229610614976,0.39818943418595665,0.39302734164729225,0.49157083204812413,-5.141175339567553,1.0,1.0185760180439543,79.65923129063252,88.76924625955223,88.76924625955223,0,6,80.0,0,0.0,0.2982689203841854,0.2816614457111903,4,0.02965152110864988,0.5208333333333334,811.0362299116134,0.0,36.51316374785732,1.5211714939593453,849.0705651534302,s0413,96,0.18662381999999994,0.178786464419104,0.007837355580895492,0.00032655648253731217,0.0204044582396211,4.1995472929958755,0.007837355580895617
7.1512965630297645,804.8212214451728,0.3981894341860177,0.45160115450941096,0.5215105655411632,-4.242355383970708,1.0,1.018345108445347,86.55073280178176,89.9533674089174,89.9533674089174,2,8,80.0,0,0.0,0.2700622392931838,0.340688603082165,3,0.03183625250998676,0.6041666666666666,811.0362299116134,0.0,44.08591623245311,1.377317420395237,856.4994635644617,s0414,96,0.18662381999999994,0.178786464419104,0.007837355580895492,0.00032655648253731217,0.0204044582396211,4.1995472929958755,0.007837355580895617
7.243602948112874,813.6412717533353,0.39818943418640457,0.36787782143963194,0.5280999057952241,-5.969985931449695,1.0,1.0208969631265834,84.18489996028858,103.77635954175395,103.77635954175395,2,9,80.0,0,0.0,0.3112988644636821,0.343393615919864,8,0.035361183743359864,0.5208333333333334,811.0362299116134,0.0,45.092833041717775,1.587624208764778,857.7166871620959,s0415,96,0.18662381999999994,0.178786464419104,0.007837355580895492,0.00032655648253731217,0.0204044582396211,4.1995472929958755,0.007837355580895617
7.246835641329387,814.1225177702752,0.39818943418598474,0.3478513533222557,0.4660866184232749,-4.514806793006598,1.0,1.01836990788868,81.95848142091087,90.11760065020475,90.11760065020475,2,7,80.0,0,0.0,0.25003790208936666,0.28255362778511356,3,0.027354025439724445,0.4583333333333333,811.0362299116134,0.0,37.340444306563576,1.2751933006557696,849.6518675188328,s0416,96,0.18662381999999994,0.178786464419104,0.007837355580895492,0.00032655648253731217,0.0204044582396211,4.1995472929958755,0.007837355580895617
7.215445775304461,811.008347922207,0.3981894341867315,0.38445654985169286,0.45926517564094493,-4.574149924357232,1.0,1.0190249574327863,84.95495218325827,93.00241310550817,93.00241310550817,4,6,80.0,0,0.0,0.2610104552084414,0.2847329733570078,4,0.02780360155812272,0.4791666666666667,811.0362299116134,0.0,37.28761350429011,1.3311533215630513,849.6549967374666,s0417,96,0.18662381999999994,0.178786464419104,0.007837355580895492,0.00032655648253731217,0.0204044582396211,4.1995472929958755,0.007837355580895617
7.341414458859172,824.1535448066818,0.39818943418599007,0.31083412700661456,0.4882738670749861,-4.372650581138585,1.0,1.017825418625334,82.17263443494073,85.3611582732358,85.3611582732358,2,7,80.0,0,0.0,0.28863680881817416,0.31585963152726493,3,0.03035643151622097,0.4166666666666667,811.0362299116134,0.0,41.67174431034847,1.4720477249726884,854.1800219469345,s0418,96,0.18662381999999994,0.178786464419104,0.007837355580895492,0.00032655648253731217,0.0204044582396211,4.1995472929958755,0.007837355580895617
7.241958374139081,814.3472450692827,0.39818943418691666,0.3969998977625986,0.46257380463479,-5.01784125825275,1.0,1.0187055188123586,81.83554474800341,93.25639232515242,93.25639232515242,2,6,80.0,0,0.0,0.2533759337601724,0.3206486445073441,2,0.030710228447776735,0.5625,811.0362299116134,0.0,41.62303811593996,1.2922172621768795,853.9514852897303,s0419,96,0.18662381999999994,0.178786464419104,0.007837355580895492,0.00032655648253731217,0.0204044582396211,4.1995472929958755,0.007837355580895617
7.163148644637175,806.3271935473056,0.398189434186023,0.48047186693572674,0.47473690818599296,-4.253105379780351,1.0,1.0188503815767873,80.90808306857771,93.06800026873421,93.06800026873421,2,6,80.0,0,0.0,0.3115485866328887,0.31898244000536213,8,0.032009824461663686,0.5520833333333334,811.0362299116134,0.0,41.810752272986086,1.5888977918277318,854.4358799764273,s0420,96,0.18662381999999994,0.178786464419104,0.007837355580895492,0.00032655648253731217,0.0204044582396211,4.1995472929958755,0.007837355580895617
7.1824379519277635,807.8335233712166,0.4082742612853678,0.4094723600824016,0.4929533369577343,-4.935646113365163,1.0,1.020749449787813,79.97789565907452,103.04511944426973,103.04511944426973,0,6,80.0,0,0.0,0.30460332440028876,0.295785405321084,6,0.03158088052937793,0.6041666666666666,811.0362299116134,0.0,38.69785820006742,1.5534769544414724,851.2875650661224,s0421,96,0.18662381999999994,0.178786464419104,0.007837355580895492,0.00032655648253731217,0.0204044582396211,4.1995472929958755,0.007837355580895617
7.184451856355969,808.285871636709,0.4118932689671562,0.4102868766937942,0.46453643724143107,-4.5371932018250885,1.0,1.0194425596175232,86.64612207625862,98.32017162526544,98.32017162526544,1,5,80.0,0,0.0,0.306366480136039,0.2651758187871672,7,0.029294748569123726,0.5416666666666666,811.0362299116134,0.0,35.367119105916615,1.5624690486937993,847.9658180662238,s0422,96,0.18662381999999994,0.178786464419104,0.007837355580895492,0.00032655648253731217,0.0204044582396211,4.1995472929958755,0.007837355580895617
7.254084399150312,814.922352310055,0.412881600956876,0.3926263591675888,0.508501327426087,-3.81826345419519,1.0,1.020213836563292,79.6730401890723,99.46480357342492,99.46480357342492,0,5,80.0,0,0.0,0.2930455814761509,0.2864349845487689,4,0.029885654864664254,0.46875,811.0362299116134,0.0,37.72234890452586,1.4945324655283687,850.2531112816677,s0423,96,0.18662381999999994,0.178786464419104,0.007837355580895492,0.00032655648253731217,0.0204044582396211,4.1995472929958755,0.007837355580895617
7.352450856592766,824.8831743603869,0.3981894341858957,0.3097546559901835,0.5660292735492395,-5.189026004094905,1.0,1.0196758806485262,92.95380716653735,95.53730320549016,95.53730320549016,2,5,80.0,0,0.0,0.27006617694383234,0.4005980617177428,4,0.034322358621738436,0.4479166666666667,811.0362299116134,0.0,52.25143330200898,1.3773375024135444,864.6650007160359,s0424,96,0.18662381999999994,0.178786464419104,0.007837355580895492,0.00032655648253731217,0.0204044582396211,4.1995472929958755,0.007837355580895617
7.273053750200615,816.8835563139595,0.39818943418641267,0.34459655794597255,0.4635776870505418,-4.028418647988288,1.0,1.0180561834922983,81.84249365973186,88.4107389553956,88.4107389553956,1,3,80.0,0,0.0,0.2610752651712667,0.2704303237454398,3,0.02788913256244828,0.5,811.0362299116134,0.0,35.377214007812796,1.33148385237346,847.7449277717997,s0425,96,0.18662381999999994,0.178786464419104,0.007837355580895492,0.00032655648253731217,0.0204044582396211,4.1995472929958755,0.007837355580895617
7.255574452405043,814.4913746442919,0.4036349251075733,0.4743843690979675,0.5554392371184002,-1.1754942852566066,1.0,1.0165840860719,74.31998296827449,79.78196068246322,79.78196068246322,0,0,80.0,0,0.0,0.29526860760760576,0.37339098894526107,7,0.035779825352639516,0.46875,811.0362299116134,0.0,49.300986636352384,1.505869898798789,861.8430864467646,s0426,96,0.18662381999999994,0.178786464419104,0.007837355580895492,0.00032655648253731217,0.0204044582396211,4.1995472929958755,0.007837355580895617
7.25275382185463,813.3827114461209,0.4097449921708895,0.45801204689757424,0.4973463962798502,-4.381043707293926,1.0,1.0187342504534374,77.63565121473452,90.4325788706664,90.4325788706664,0,5,80.0,0,0.0,0.2915351955624281,0.3295183294578047,4,0.03385480933202586,0.3958333333333333,811.0362299116134,0.0,42.814774103073674,1.4868294973683827,855.3378335120555,s0427,96,0.18662381999999994,0.178786464419104,0.007837355580895492,0.00032655648253731217,0.0204044582396211,4.1995472929958755,0.007837355580895617
7.196096641336995,809.7105257462349,0.3981894341867869,0.41902286953821505,0.46360491477706023,-5.609500429770976,1.0,1.0191130795133831,80.68031530862721,95.77463984005902,95.77463984005902,2,4,80.0,0,0.0,0.24459712972160322,0.3310372504719856,3,0.030735677785400508,0.4895833333333333,811.0362299116134,0.0,42.80485001821604,1.2474453615801762,855.0885252914096,s0428,96,0.18662381999999994,0.178786464419104,0.007837355580895492,0.00032655648253731217,0.0204044582396211,4.1995472929958755,0.007837355580895617
7.295914135781489,818.7948209772128,0.39903078780693046,0.3654576491786381,0.5362020141333091,-4.387215364376716,1.0,1.0182648885953962,82.95889617442667,88.42282727609096,88.42282727609096,3,2,80.0,0,0.0,0.35480179130030154,0.32629989566337625,7,0.03641464560683517,0.4166666666666667,811.0362299116134,0.0,43.5449205035902,1.8094891356315366,856.3906395508352,s0429,96,0.18662381999999994,0.178786464419104,0.007837355580895492,0.00032655648253731217,0.0204044582396211,4.1995472929958755,0.007837355580895617
7.172054406991989,805.9073833774837,0.39818943418600916,0.44042511631473,0.504308561297288,-5.972043215650163,1.0,1.0197921936551642,83.84297656764743,97.140090016435,97.140090016435,2,10,80.0,0,0.0,0.32867476906469656,0.22151732384295875,5,0.026695594069200013,0.6145833333333334,811.0362299116134,0.0,28.384562755870743,1.676241322229951,841.0970339897142,s0430,96,0.18662381999999994,0.178786464419104,0.007837355580895492,0.00032655648253731217,0.0204044582396211,4.1995472929958755,0.007837355580895617
7.231781192265082,812.0546651441261,0.3981894341867599,0.37843716956327883,0.42539543661613777,-3.496999091636493,1.0,1.01774632541459,90.48023588588295,86.84689792003381,86.84689792003381,1,4,80.0,0,0.0,0.275110481337839,0.2721523165298181,5,0.02966242088387487,0.5729166666666666,811.0362299116134,0.0,35.39830885667827,1.4030634548229783,847.8376022231146,s0431,96,0.18662381999999994,0.178786464419104,0.007837355580895492,0.00032655648253731217,0.0204044582396211,4.1995472929958755,0.007837355580895617
7.283244267977182,816.8861026523937,0.3981894341860247,0.3703235268709939,0.4548238812237994,-5.973555753781208,1.0,1.0186273984695422,84.96037157279989,94.6440539662705,94.6440539662705,2,4,80.0,0,0.0,0.27982920208671996,0.25985804250475913,5,0.027363244391567974,0.40625,811.0362299116134,0.0,34.27056464165697,1.427128930642272,846.7339234839127,s0432,96,0.18662381999999994,0.178786464419104,0.007837355580895492,0.00032655648253731217,0.0204044582396211,4.1995472929958755,0.007837355580895617
7.2406822014431995,812.6581746964167,0.39818943418598035,0.33655445813456353,0.45401922404682055,-5.763879014896131,1.0,1.0208062691181399,82.93983020054458,103.04118320998154,103.04118320998154,1,7,80.0,0,0.0,0.2916706552938152,0.26552668831708626,3,0.02840946932846309,0.46875,811.0362299116134,0.0,34.526759751634025,1.4875203419984577,847.0505100052459,s0433,96,0.18662381999999994,0.178786464419104,0.007837355580895492,0.00032655648253731217,0.0204044582396211,4.1995472929958755,0.007837355580895617
7.177294434369865,807.3695591659894,0.40152505175163244,0.45678090469505994,0.49906116513486054,-4.920602647720543,1.0,1.0172122810118482,77.58912781845837,86.27911856103296,86.27911856103296,0,5,80.0,0,0.0,0.3223037091077845,0.28718133815987223,7,0.030598603917434374,0.5,811.0362299116134,0.0,37.12200236293529,1.6437489164497008,849.8019811909984,s0434,96,0.18662381999999994,0.178786464419104,0.007837355580895492,0.00032655648253731217,0.0204044582396211,4.1995472929958755,0.007837355580895617
7.195791212422414,808.5598917581012,0.3981894341860182,0.4419870843009895,0.4721882473099967,-5.228817586767037,1.0,1.0201432192408912,79.4956560901219,99.51118677666896,99.51118677666896,0,8,80.0,0,0.0,0.2782643696145682,0.30286193220498653,6,0.031399155082653035,0.5416666666666666,811.0362299116134,0.0,39.98449307452616,1.4191482850342978,852.439871271174,s0435,96,0.18662381999999994,0.178786464419104,0.007837355580895492,0.00032655648253731217,0.0204044582396211,4.1995472929958755,0.007837355580895617
7.233308503437614,811.8137577512427,0.39818943418679503,0.44385681177665576,0.4677930288105149,-5.159469301315089,1.0,1.0193435729907256,80.27883616776576,94.61452148478321,94.61452148478321,1,7,80.0,0,0.0,0.30299634179404966,0.2343922973251903,4,0.02662468788517132,0.4895833333333333,811.0362299116134,0.0,30.178447513499748,1.5452813431496526,842.7599587682629,s0436,96,0.18662381999999994,0.178786464419104,0.007837355580895492,0.00032655648253731217,0.0204044582396211,4.1995472929958755,0.007837355580895617
7.225693080567817,812.2113611086371,0.3981894341876119,0.3700690395921614,0.41303763508618285,-3.6554088333009793,1.0,1.0178785224352322,77.78849118520725,90.50968084169459,90.50968084169459,0,2,80.0,0,0.0,0.27486252108720605,0.2619423246953348,5,0.028652271083863496,0.53125,811.0362299116134,0.0,34.979525852948015,1.4017988575447513,847.4175546221062,s0437,96,0.18662381999999994,0.178786464419104,0.007837355580895492,0.00032655648253731217,0.0204044582396211,4.1995472929958755,0.007837355580895617
7.166042795916578,805.5668945568232,0.39818943418677,0.39118217634861396,0.46137207189707174,-5.370177528690597,1.0,1.0176314463185823,84.44667106695626,85.5576063231635,85.5576063231635,2,4,80.0,0,0.0,0.26675233288071015,0.31641033969929977,4,0.03180339928778654,0.4895833333333333,811.0362299116134,0.0,41.50431955584783,1.3604368976916215,853.9009863651529,s0438,96,0.18662381999999994,0.178786464419104,0.007837355580895492,0.00032655648253731217,0.0204044582396211,4.1995472929958755,0.007837355580895617
7.237269109629405,813.0782196832961,0.3981894341860628,0.38139972932673405,0.44406340450691084,-5.159785222494189,1.0,1.0189256878156725,82.43801888112456,93.5503897655814,93.5503897655814,1,7,80.0,0,0.0,0.29195390590234854,0.2951168430954352,6,0.030941927848181595,0.4895833333333333,811.0362299116134,0.0,38.60970108801163,1.488964920101978,851.1348959197271,s0439,96,0.18662381999999994,0.178786464419104,0.007837355580895492,0.00032655648253731217,0.0204044582396211,4.1995472929958755,0.007837355580895617
7.293634416129457,818.8172780935986,0.4327440370911593,0.3589215998197376,0.4838768079357638,-4.740876158822552,1.0,1.0176705772444017,83.0777124801948,84.540094828249,84.540094828249,1,2,80.0,0,0.0,0.30153965799490107,0.26972646404830314,5,0.028433363064999703,0.4583333333333333,811.0362299116134,0.0,35.55409397521705,1.5378522557739955,848.1281761426044,s0440,96,0.18662381999999994,0.178786464419104,0.007837355580895492,0.00032655648253731217,0.0204044582396211,4.1995472929958755,0.007837355580895617
7.221387315150185,811.1324855645307,0.39818943418588887,0.3675580545355617,0.5115005618156856,-5.809158145487646,1.0,1.020021758639167,84.16444921951887,97.39915957360753,97.39915957360753,1,9,80.0,0,0.0,0.29818280388864865,0.32358380178614554,3,0.03256446246273536,0.4791666666666667,811.0362299116134,0.0,42.51834949578373,1.5207322998321091,855.0753117072293,s0441,96,0.18662381999999994,0.178786464419104,0.007837355580895492,0.00032655648253731217,0.0204044582396211,4.1995472929958755,0.007837355580895617
7.255854738743964,814.8162653503753,0.3981894341869312,0.3819279999662807,0.47218723218007697,-6.827291975562922,1.0,1.020288122189534,84.23390908313554,100.0289451008514,100.0289451008514,4,7,80.0,0,0.0,0.2812399681599275,0.2702028738517273,6,0.028833604690994608,0.4583333333333333,811.0362299116134,0.0,35.44819479976395,1.4343238376156302,847.918748548993,s0442,96,0.18662381999999994,0.178786464419104,0.007837355580895492,0.00032655648253731217,0.0204044582396211,4.1995472929958755,0.007837355580895617
7.295610030680461,818.2089486596492,0.40063216437971594,0.40156478234705734,0.5272096339124951,-4.699568814441131,1.0,1.0184803618570604,81.7625963663929,88.37339599937407,88.37339599937407,2,3,80.0,0,0.0,0.2801816306425183,0.3288906425463174,3,0.03036563805172889,0.4895833333333333,811.0362299116134,0.0,41.4372871468989,1.428926316276843,853.9024433747892,s0443,96,0.18662381999999994,0.178786464419104,0.007837355580895492,0.00032655648253731217,0.0204044582396211,4.1995472929958755,0.007837355580895617
7.26012393988172,814.3551994952592,0.4142034060388193,0.4119312330375089,0.4726834913042397,-4.6244134927338925,1.0,1.0195909320654926,83.42322404948652,96.46729042739257,96.46729042739257,2,6,80.0,0,0.0,0.33113668678672425,0.25634923760503764,8,0.030952097714713963,0.5104166666666666,811.0362299116134,0.0,32.916753957212975,1.6887971026122928,845.6417809714387,s0444,96,0.18662381999999994,0.178786464419104,0.007837355580895492,0.00032655648253731217,0.0204044582396211,4.1995472929958755,0.007837355580895617
7.261190924688055,815.784850667251,0.3981894341870018,0.34937907983736116,0.4865381876669511,-5.020451819583818,1.0,1.0181810115319616,80.91323303311724,87.67790682897947,87.67790682897947,1,4,80.0,0,0.0,0.31472177513704724,0.28710817486169915,6,0.02955918656295197,0.46875,811.0362299116134,0.0,37.72302383585387,1.6050810531989408,850.3643348006661,s0445,96,0.18662381999999994,0.178786464419104,0.007837355580895492,0.00032655648253731217,0.0204044582396211,4.1995472929958755,0.007837355580895617
7.3203263524821836,821.0147814645313,0.3981620393260091,0.3751287098654662,0.5672812206335149,-4.4979457571728,1.0,1.0206943053136084,89.50699506158965,101.86395123966756,101.86395123966756,2,5,80.0,0,0.0,0.3205510052625648,0.3183976836661116,7,0.03149154723361226,0.4270833333333333,811.0362299116134,0.0,41.587455231161854,1.6348101268390798,854.2584952696143,s0446,96,0.18662381999999994,0.178786464419104,0.007837355580895492,0.00032655648253731217,0.0204044582396211,4.1995472929958755,0.007837355580895617
7.218413148802113,810.8678910082544,0.398189434186065,0.38827783632581625,0.4640865299531336,-3.66907067065114,1.0,1.018828465887924,82.54305318824618,92.68732918115217,92.68732918115217,1,5,80.0,0,0.0,0.24191589717717082,0.2911019099251279,3,0.029105790524275785,0.53125,811.0362299116134,0.0,37.51416164168934,1.233771075603571,849.7841626289064,s0447,96,0.18662381999999994,0.178786464419104,0.007837355580895492,0.00032655648253731217,0.0204044582396211,4.1995472929958755,0.007837355580895617
7.120229502261197,801.2606834977031,0.4041574358663575,0.3960983206237158,0.4583318534923395,-4.270583036215558,1.0,1.0174508030848886,84.5427189431674,85.6425289314308,85.6425289314308,3,7,80.0,0,0.0,0.2634351128722697,0.30583374643073713,8,0.03218389898261792,0.5625,811.0362299116134,0.0,40.13110051564462,1.343519075648576,852.5108495029067,s0448,96,0.18662381999999994,0.178786464419104,0.007837355580895492,0.00032655648253731217,0.0204044582396211,4.1995472929958755,0.007837355580895617
7.2786908655444105,817.1633929692528,0.3981894341871306,0.3397530220073015,0.4944598168975841,-4.130237816798884,1.0,1.0174327287424272,81.24479551163104,85.3942246103215,85.3942246103215,1,3,80.0,0,0.0,0.24740828959397954,0.3206099077154816,3,0.029182898628516026,0.4479166666666667,811.0362299116134,0.0,40.830525156207074,1.2617822769292955,853.1285373447497,s0449,96,0.18662381999999994,0.178786464419104,0.007837355580895492,0.00032655648253731217,0.0204044582396211,4.1995472929958755,0.007837355580895617
7.2567641797097595,814.6884481148861,0.39818943418600977,0.3653161852494379,0.43948766962889263,-4.621605629182912,1.0,1.0174446545860798,79.70000131657497,82.16489867622523,82.16489867622523,0,4,80.0,0,0.0,0.28012774941891894,0.2644452273786031,6,0.027471141188903116,0.5104166666666666,811.0362299116134,0.0,34.4026045745981,1.4286515220364864,846.867486008248,s0450,96,0.18662381999999994,0.178786464419104,0.007837355580895492,0.00032655648253731217,0.0204044582396211,4.1995472929958755,0.007837355580895617
7.228867264904585,812.1074864885989,0.4010765793883476,0.3304455467108759,0.5174491431778634,-5.1127621668916525,1.0,1.018672420837374,93.79683840460126,90.25122448965448,90.25122448965448,2,8,80.0,0,0.0,0.2590154861603723,0.2804224700172131,4,0.02835274915245814,0.5,811.0362299116134,0.0,35.920295284949084,1.3209789794178983,848.2775041759804,s0451,96,0.18662381999999994,0.178786464419104,0.007837355580895492,0.00032655648253731217,0.0204044582396211,4.1995472929958755,0.007837355580895617
7.210392997627649,809.9792518278634,0.39818943418743197,0.44862040041969087,0.4655306069244516,-5.008344225388824,1.0,1.0202266447538482,79.42694579677148,100.16792005867478,100.16792005867478,0,4,80.0,0,0.0,0.3184214741563396,0.22691165296704335,3,0.026833979185287613,0.5104166666666666,811.0362299116134,0.0,29.034079244284936,1.6239495181973327,841.6942586740957,s0452,96,0.18662381999999994,0.178786464419104,0.007837355580895492,0.00032655648253731217,0.0204044582396211,4.1995472929958755,0.007837355580895617
7.19965656888264,808.5245504438019,0.39818943418591907,0.36794135157243935,0.5056757865393859,-5.537431678563223,1.0,1.0206751115255486,83.44779304719555,102.45603923287037,102.45603923287037,2,8,80.0,0,0.0,0.2959155344456101,0.2861933590283211,4,0.032082559344807325,0.5520833333333334,811.0362299116134,0.0,37.81856181149024,1.5091692256726117,850.3639609487763,s0453,96,0.18662381999999994,0.178786464419104,0.007837355580895492,0.00032655648253731217,0.0204044582396211,4.1995472929958755,0.007837355580895617
7.312736184626456,820.0524779254863,0.4147029511445396,0.38034316378752164,0.5175943625036983,-4.414973240429546,1.0,1.0203007147962089,81.11083443575117,99.86254558285763,99.86254558285763,1,5,80.0,0,0.0,0.3061505929857759,0.272711104178532,7,0.03202550921000501,0.46875,811.0362299116134,0.0,35.79644248099491,1.5613680242274581,848.3940404168358,s0454,96,0.18662381999999994,0.178786464419104,0.007837355580895492,0.00032655648253731217,0.0204044582396211,4.1995472929958755,0.007837355580895617
7.171776307112401,806.4528391270303,0.3981894341878358,0.4197842526314322,0.448300624927104,-4.3403420700201005,1.0,1.0179635700598788,87.15749669320796,86.5911381407026,86.5911381407026,2,5,80.0,0,0.0,0.2708142201401758,0.2225862815336221,3,0.024685035469682308,0.6041666666666666,811.0362299116134,0.0,29.16098689254726,1.381152522714897,841.5783693268755,s0455,96,0.18662381999999994,0.178786464419104,0.007837355580895492,0.00032655648253731217,0.0204044582396211,4.1995472929958755,0.007837355580895617
7.264344756672424,815.120981236519,0.3981894341878846,0.4018595360061279,0.3574514474810039,-4.427030437100041,1.0,1.0169594782581866,78.87413068611829,81.40949963224784,81.40949963224784,0,2,80.0,0,0.0,0.19580648660598532,0.24989231574120757,2,0.0243371814251794,0.53125,811.0362299116134,0.0,32.62698664791875,0.9986130816905247,844.6618296412228,s0456,96,0.18662381999999994,0.178786464419104,0.007837355580895492,0.00032655648253731217,0.0204044582396211,4.1995472929958755,0.007837355580895617
7.268606487924245,816.5497870723473,0.3981894341860527,0.3221294471063644,0.4477294825272603,-4.842704955133985,1.0,1.0197360359461494,80.40131070079053,96.94236311600565,96.94236311600565,2,6,80.0,0,0.0,0.27271677883667506,0.3137350971808659,5,0.03259197245593932,0.46875,811.0362299116134,0.0,41.82709084986264,1.3908555720670428,854.2541763335431,s0457,96,0.18662381999999994,0.178786464419104,0.007837355580895492,0.00032655648253731217,0.0204044582396211,4.1995472929958755,0.007837355580895617
7.17337358486767,806.3321726100287,0.39818943418599734,0.4169986475620424,0.46347696184052956,-4.740181686168109,1.0,1.0202923200099825,83.93938522716799,99.82093183913815,99.82093183913815,2,7,80.0,0,0.0,0.3161859230004865,0.29864798396706743,9,0.0320276511976921,0.6354166666666666,811.0362299116134,0.0,38.843937282535606,1.6125482073024793,851.4927154014515,s0458,96,0.18662381999999994,0.178786464419104,0.007837355580895492,0.00032655648253731217,0.0204044582396211,4.1995472929958755,0.007837355580895617
7.1906987625802685,807.8685570499488,0.3981894341861921,0.34706358873991,0.4718586905499923,-4.0605676997710125,1.0,1.0197833546237862,88.47554244975528,97.2979428728861,97.2979428728861,2,4,80.0,0,0.0,0.2821337039033497,0.27839605890645946,5,0.02919680156245403,0.5416666666666666,811.0362299116134,0.0,36.15283596070715,1.438881889907084,848.6279477622277,s0459,96,0.18662381999999994,0.178786464419104,0.007837355580895492,0.00032655648253731217,0.0204044582396211,4.1995472929958755,0.007837355580895617
7.277745843834461,816.4839793214999,0.39818943418704794,0.38340363498648017,0.5200729230643322,-4.797126523451694,1.0,1.0183732497204006,86.24550578756491,93.71745405006237,93.71745405006237,3,4,80.0,0,0.0,0.28706001824198557,0.3068046251884219,8,0.032483998167831124,0.4270833333333333,811.0362299116134,0.0,41.05815648559725,1.4640060930341263,853.5583924902447,s0460,96,0.18662381999999994,0.178786464419104,0.007837355580895492,0.00032655648253731217,0.0204044582396211,4.1995472929958755,0.007837355580895617
7.294152005722765,819.4712779058832,0.3981894341859847,0.3324545580670557,0.47325344392604013,-4.509074356947611,1.0,1.017849521174439,79.77482075040518,87.15009136150175,87.15009136150175,0,6,80.0,0,0.0,0.24387256617093503,0.33336774526324203,3,0.029910013913013445,0.46875,811.0362299116134,0.0,44.07766278325385,1.2437500874717689,856.357642782339,s0461,96,0.18662381999999994,0.178786464419104,0.007837355580895492,0.00032655648253731217,0.0204044582396211,4.1995472929958755,0.007837355580895617
7.277383358007409,818.8906901994294,0.47647813280235085,0.3658331956681093,0.5397868460745934,-3.7010149876279463,1.0,1.017628118174519,80.3740218302028,85.96089707061509,85.96089707061509,1,4,80.0,0,0.0,0.2518409171804642,0.388529910946784,3,0.039635234637006383,0.46875,811.0362299116134,0.0,52.558698279164965,1.2843886776203666,864.8793168683987,s0462,96,0.18662381999999994,0.178786464419104,0.007837355580895492,0.00032655648253731217,0.0204044582396211,4.1995472929958755,0.007837355580895617
7.328831543285571,822.1387391585631,0.40562764625946324,0.3643286503176573,0.5446537803574315,-5.380719127459005,1.0,1.0188300983404188,80.46098658037084,91.30969237336528,91.30969237336528,1,3,80.0,0,0.0,0.2943299586261443,0.31641005928363974,8,0.03200353203277891,0.5,811.0362299116134,0.0,41.34519433079045,1.5010827889933358,853.8825070313973,s0463,96,0.18662381999999994,0.178786464419104,0.007837355580895492,0.00032655648253731217,0.0204044582396211,4.1995472929958755,0.007837355580895617
7.163898581934353,807.4829171529927,0.49137473638052664,0.40351519938521785,0.660800358530145,-4.913630470334668,1.0,1.032685997586932,185.0801678653973,157.53292680468346,157.53292680468346,3,11,80.0,0,0.0,0.3054316359512092,0.43550937320333244,7,0.061925079572727845,0.5520833333333334,811.0362299116134,0.0,59.455698527211815,1.5577013433511677,872.0496297821763,s0464,96,0.18662381999999994,0.178786464419104,0.007837355580895492,0.00032655648253731217,0.0204044582396211,4.1995472929958755,0.007837355580895617
7.26315737861483,815.7151420017997,0.39818943418739916,0.3923632979001819,0.517219528982312,-4.026197526976488,1.0,1.018414218324787,90.41255261539483,90.50344294676967,90.50344294676967,1,4,80.0,0,0.0,0.3185546299737699,0.29766391554563854,7,0.032817134252091616,0.46875,811.0362299116134,0.0,40.1558867310382,1.6246286128662262,852.8167452555178,s0465,96,0.18662381999999994,0.178786464419104,0.007837355580895492,0.00032655648253731217,0.0204044582396211,4.1995472929958755,0.007837355580895617
7.173428345833033,805.7966041801483,0.39818943418599745,0.367827969179698,0.4452933880720446,-5.21471788471658,1.0,1.023512944402116,104.3656636231651,117.84141110994177,117.84141110994177,3,9,80.0,0,0.0,0.27151427219583146,0.2756194252135382,3,0.03150373671294947,0.53125,811.0362299116134,0.0,37.32791468602501,1.384722788198741,849.7488673858371,s0466,96,0.18662381999999994,0.178786464419104,0.007837355580895492,0.00032655648253731217,0.0204044582396211,4.1995472929958755,0.007837355580895617
7.271172902387346,816.3103664546318,0.398189434186014,0.34968180891785894,0.4130205688947291,-4.7177565773345185,1.0,1.0176616040634132,80.86882670979026,84.62632351442869,84.62632351442869,2,5,80.0,0,0.0,0.23753797421296657,0.24609190990525953,3,0.024929817703548126,0.46875,811.0362299116134,0.0,32.116294654225946,1.21144366848613,844.3639682343255,s0467,96,0.18662381999999994,0.178786464419104,0.007837355580895492,0.00032655648253731217,0.0204044582396211,4.1995472929958755,0.007837355580895617
7.313587972751623,820.1615738045364,0.3981894341859354,0.36134904474367824,0.43971964222840254,-4.463790861893023,1.0,1.018708062291116,81.02864900801835,92.08442790121632,92.08442790121632,1,6,80.0,0,0.0,0.3072317097454214,0.2394988537117981,3,0.028544894489796253,0.4479166666666667,811.0362299116134,0.0,31.71030771130075,1.566881719701649,844.3134193426158,s0468,96,0.18662381999999994,0.178786464419104,0.007837355580895492,0.00032655648253731217,0.0204044582396211,4.1995472929958755,0.007837355580895617
7.226364242947724,811.932163152926,0.39818943418659863,0.3813768117008808,0.48104474621914417,-5.386951031584798,1.0,1.0195969919341656,82.42094891482641,95.83446502672321,95.83446502672321,2,6,80.0,0,0.0,0.2936350206847566,0.25402744021006124,4,0.028138272399652105,0.5625,811.0362299116134,0.0,33.529732806615954,1.4975386054922581,846.0635013237217,s0469,96,0.18662381999999994,0.178786464419104,0.007837355580895492,0.00032655648253731217,0.0204044582396211,4.1995472929958755,0.007837355580895617
7.107023428611908,799.7811016326932,0.3981894341862847,0.3742047395603453,0.48555029836592,-5.056387672586913,1.0,1.020210331430495,101.2047360426885,100.90414784197364,100.90414784197364,5,7,80.0,0,0.0,0.26862706893731986,0.32556760327344547,6,0.03442115370394107,0.5729166666666666,811.0362299116134,0.0,43.62767503549709,1.369998051580331,856.0339029986908,s0470,96,0.18662381999999994,0.178786464419104,0.007837355580895492,0.00032655648253731217,0.0204044582396211,4.1995472929958755,0.007837355580895617
7.106661277001569,801.0975174823475,0.3981894341863103,0.40996947794426847,0.5294282215610498,-4.273811897289717,1.0,1.01958474811052,85.66449702631068,96.64223296859383,96.64223296859383,2,4,80.0,0,0.0,0.2897316692366898,0.34882086764379594,5,0.033392699267289785,0.5208333333333334,811.0362299116134,0.0,44.74070539240134,1.4776315131071165,857.2545668171218,s0471,96,0.18662381999999994,0.178786464419104,0.007837355580895492,0.00032655648253731217,0.0204044582396211,4.1995472929958755,0.007837355580895617
7.330138044978622,822.5105310647688,0.4065195671624531,0.3405464624847161,0.47440198002828327,-4.933228902067188,1.0,1.0201247461691665,78.7068441449946,99.57684000495749,99.57684000495749,0,5,80.0,0,0.0,0.25902710154172354,0.2923693348313534,3,0.029630274354483763,0.4270833333333333,811.0362299116134,0.0,38.29669352437684,1.321038217862789,850.653961653853,s0472,96,0.18662381999999994,0.178786464419104,0.007837355580895492,0.00032655648253731217,0.0204044582396211,4.1995472929958755,0.007837355580895617
7.261956314587936,815.0804023506541,0.39818943418719743,0.39518759886910676,0.5167094278066118,-4.657827591085017,1.0,1.0182787798400132,80.40478995273286,91.77585757059245,91.77585757059245,2,3,80.0,0,0.0,0.3014478565591946,0.3192559585296812,7,0.03282608393353513,0.5208333333333334,811.0362299116134,0.0,41.725239035291494,1.5373840684518927,854.2988530153567,s0473,96,0.18662381999999994,0.178786464419104,0.007837355580895492,0.00032655648253731217,0.0204044582396211,4.1995472929958755,0.007837355580895617
7.1561585541870665,804.3407101257148,0.3981894341863491,0.3751073446377533,0.49135814416814905,-4.42466916595665,1.0,1.0228719796768793,88.48980874828601,113.13808552416702,113.13808552416702,1,6,80.0,0,0.0,0.3093018316046235,0.3246649457915055,8,0.03398129460109656,0.5416666666666666,811.0362299116134,0.0,43.44224605956001,1.577439341183579,856.055915312357,s0474,96,0.18662381999999994,0.178786464419104,0.007837355580895492,0.00032655648253731217,0.0204044582396211,4.1995472929958755,0.007837355580895617
7.30229381701748,819.32736147708,0.4145988261922941,0.3772394428191693,0.49304785895876835,-5.0919032781442555,1.0,1.0196176416642897,83.09485721080179,95.22058881168937,95.22058881168937,1,5,80.0,0,0.0,0.27907940469532744,0.30864684229254163,5,0.03145506325175546,0.46875,811.0362299116134,0.0,40.18417857699843,1.4233049639461706,852.643713452558,s0475,96,0.18662381999999994,0.178786464419104,0.007837355580895492,0.00032655648253731217,0.0204044582396211,4.1995472929958755,0.007837355580895617
7.239120350471955,812.8067277725963,0.39818943418600267,0.4109516085682941,0.4619476327549832,-5.685239877555651,1.0,1.018776816722729,84.00866085174476,91.93644090626042,91.93644090626042,1,7,80.0,0,0.0,0.2686037545071002,0.31628133332634945,4,0.030502877599210092,0.4375,811.0362299116134,0.0,41.21424295754823,1.3698791479862114,853.6203520171479,s0476,96,0.18662381999999994,0.178786464419104,0.007837355580895492,0.00032655648253731217,0.0204044582396211,4.1995472929958755,0.007837355580895617
7.098070329936178,799.1583497597146,0.398189434186375,0.487291076810345,0.4774561713702627,-4.99435868886727,1.0,1.0193670308663925,79.4770457661173,96.27682002670578,96.27682002670578,0,4,80.0,0,0.0,0.29339813373927803,0.33622581478418234,7,0.03556352668839652,0.5,811.0362299116134,0.0,44.172845339369374,1.4963304820703183,856.7054057330531,s0477,96,0.18662381999999994,0.178786464419104,0.007837355580895492,0.00032655648253731217,0.0204044582396211,4.1995472929958755,0.007837355580895617
7.282551726558674,817.842732547042,0.3981894341860072,0.3430980020836656,0.4745127683142115,-4.345009574740739,1.0,1.0204559338057875,81.94073737552647,101.59012794229221,101.59012794229221,1,7,80.0,0,0.0,0.2867022287286743,0.2842158353413113,6,0.030051771761817368,0.53125,811.0362299116134,0.0,37.800541389400784,1.4621813665162382,850.2989526675304,s0478,96,0.18662381999999994,0.178786464419104,0.007837355580895492,0.00032655648253731217,0.0204044582396211,4.1995472929958755,0.007837355580895617
7.244519458419715,814.1032248238374,0.3981894341859232,0.3750696827933534,0.4402149332590633,-4.904243234436531,1.0,1.019084714410271,78.35593106622399,92.0133438100366,92.0133438100366,0,4,80.0,0,0.0,0.27320891606324366,0.2786070193468878,4,0.0290292727441295,0.5,811.0362299116134,0.0,36.398321381746506,1.3933654719225426,848.8279167652825,s0479,96,0.18662381999999994,0.178786464419104,0.007837355580895492,0.00032655648253731217,0.0204044582396211,4.1995472929958755,0.007837355580895617
7.306530607077771,819.9876803783443,0.41700224550025317,0.33619672070725365,0.5096454569537877,-3.808212111768435,1.0,1.0172102740370603,78.60568961825294,85.11200317099164,85.11200317099164,0,4,80.0,0,0.0,0.29873573641117607,0.3148624004990631,4,0.03232146262754167,0.53125,811.0362299116134,0.0,41.88210191998166,1.5235522556969976,854.4418840872921,s0480,96,0.18662381999999994,0.178786464419104,0.007837355580895492,0.00032655648253731217,0.0204044582396211,4.1995472929958755,0.007837355580895617
7.311380926230768,819.178113409739,0.39818943418685376,0.4290982049246568,0.49366890194295454,-4.982552495331217,1.0,1.017358618198634,79.3776037209234,86.67463578070517,86.67463578070517,0,5,80.0,0,0.0,0.28687365736148607,0.29015904424613365,4,0.028632913756346703,0.3645833333333333,811.0362299116134,0.0,37.68461750310918,1.4630556525435778,850.1839030672662,s0481,96,0.18662381999999994,0.178786464419104,0.007837355580895492,0.00032655648253731217,0.0204044582396211,4.1995472929958755,0.007837355580895617
7.201767134916698,809.2828027929355,0.39818943418700775,0.3573836494140926,0.4396832880391425,-4.961789190120158,1.0,1.018533217977472,84.36287679566308,92.00937266644009,92.00937266644009,3,4,80.0,0,0.0,0.26080993288062415,0.30869302471568627,6,0.03058540593954239,0.46875,811.0362299116134,0.0,40.5955144337844,1.330130657691183,852.961875003089,s0482,96,0.18662381999999994,0.178786464419104,0.007837355580895492,0.00032655648253731217,0.0204044582396211,4.1995472929958755,0.007837355580895617
7.167792143563254,806.7116055514954,0.4224753224799619,0.3817740796504233,0.5012664049448418,-3.5491251991162813,1.0,1.018769545912038,81.19861913615637,93.86244918431036,93.86244918431036,1,5,80.0,0,0.0,0.30313133204141335,0.31415707696583073,5,0.03106635628321287,0.5104166666666666,811.0362299116134,0.0,41.18219366983813,1.5459697934112082,853.7643933748628,s0483,96,0.18662381999999994,0.178786464419104,0.007837355580895492,0.00032655648253731217,0.0204044582396211,4.1995472929958755,0.007837355580895617
7.280521821521959,817.7381874703324,0.39818943418595676,0.33210875779869126,0.5172412012327046,-4.690190052495003,1.0,1.0197555286270534,82.3590181118537,97.68949148916715,97.68949148916715,1,7,80.0,0,0.0,0.2933493757762511,0.31628661559960536,7,0.03230959282962652,0.4791666666666667,811.0362299116134,0.0,41.976008765544236,1.4960818164588798,854.5083204936166,s0484,96,0.18662381999999994,0.178786464419104,0.007837355580895492,0.00032655648253731217,0.0204044582396211,4.1995472929958755,0.007837355580895617
7.262730597394782,815.5308515760719,0.3981894341863327,0.39199981755704616,0.5216609259302333,-5.237110466162373,1.0,1.018460892211646,83.22299327035584,91.5302906709638,91.5302906709638,3,7,80.0,0,0.0,0.2844776953057372,0.2671316637771051,6,0.02929472988168751,0.4895833333333333,811.0362299116134,0.0,35.22035307028028,1.4508362460592592,847.7074192279529,s0485,96,0.18662381999999994,0.178786464419104,0.007837355580895492,0.00032655648253731217,0.0204044582396211,4.1995472929958755,0.007837355580895617
7.175292732466232,806.167147523869,0.3981894341859976,0.43741247094485947,0.43842882478670864,-4.780739577924795,1.0,1.0184765137767648,80.3862592753706,91.8415479431997,91.8415479431997,1,6,80.0,0,0.0,0.29983839190707084,0.2592456508554326,5,0.030488648206416297,0.5104166666666666,811.0362299116134,0.0,33.73326501104046,1.5291757987260612,846.29867072138,s0486,96,0.18662381999999994,0.178786464419104,0.007837355580895492,0.00032655648253731217,0.0204044582396211,4.1995472929958755,0.007837355580895617
7.2596140414331956,815.7916974515152,0.39818943418595665,0.3298131882232592,0.45518126451126983,-7.536146950856785,1.0,1.0204104808417904,85.88724047097345,100.15874001316425,100.15874001316425,1,7,80.0,0,0.0,0.2818090242804657,0.27750147147148835,5,0.028143091544850563,0.4270833333333333,811.0362299116134,0.0,36.35728315530113,1.4372260238303751,848.8307390907449,s0487,96,0.18662381999999994,0.178786464419104,0.007837355580895492,0.00032655648253731217,0.0204044582396211,4.1995472929958755,0.007837355580895617
7.298249933961908,820.3583709588397,0.39818943418619945,0.3315604015531431,0.5676169471798425,-4.173094674799956,1.0,1.019469998997451,83.32758554402335,95.99468547777973,95.99468547777973,5,3,80.0,0,0.0,0.2585426105730794,0.36876577747654377,2,0.03161589167988725,0.4270833333333333,811.0362299116134,0.0,47.743584540710245,1.3185673139227039,860.0983817662463,s0488,96,0.18662381999999994,0.178786464419104,0.007837355580895492,0.00032655648253731217,0.0204044582396211,4.1995472929958755,0.007837355580895617
7.180110784789854,806.9510287146522,0.3981894341882555,0.4375313638695135,0.489517780742312,-4.950391416310583,1.0,1.0177589078034128,83.62794147684886,90.05663821721217,90.05663821721217,2,6,80.0,0,0.0,0.3025586543551574,0.2995335631644992,3,0.03331390787209798,0.5520833333333334,811.0362299116134,0.0,39.34189138922506,1.5430491372113029,851.9211704380498,s0489,96,0.18662381999999994,0.178786464419104,0.007837355580895492,0.00032655648253731217,0.0204044582396211,4.1995472929958755,0.007837355580895617
7.156834220136359,805.0366602487871,0.3981894341868838,0.43132837655622375,0.449145118337303,-5.856975330190146,1.0,1.0184412672672098,83.46385841634009,90.55831499499068,90.55831499499068,2,6,80.0,0,0.0,0.2805999118886628,0.2862454472711188,5,0.029290015679862797,0.5,811.0362299116134,0.0,37.59175082240172,1.43105955063218,850.0590402846474,s0490,96,0.18662381999999994,0.178786464419104,0.007837355580895492,0.00032655648253731217,0.0204044582396211,4.1995472929958755,0.007837355580895617
7.289335555972744,817.1905585010652,0.39818943418590313,0.3616221200563223,0.4725482481533678,-4.625156630027242,1.0,1.0193393307308434,77.24197166322865,93.70826059246131,93.70826059246131,0,4,80.0,0,0.0,0.2731164214054357,0.26957193598368845,4,0.02730805756059155,0.4791666666666667,811.0362299116134,0.0,35.17831095876948,1.392893749167722,847.6074346195505,s0491,96,0.18662381999999994,0.178786464419104,0.007837355580895492,0.00032655648253731217,0.0204044582396211,4.1995472929958755,0.007837355580895617
7.276280033627662,816.9950262374985,0.4203028417270521,0.3662243528742656,0.45973020093022654,-4.6918743636178055,1.0,1.018814579996656,81.58556939238773,91.63186152196057,91.63186152196057,2,6,80.0,0,0.0,0.2963116197817428,0.3044158514890456,4,0.032277050800644434,0.5520833333333334,811.0362299116134,0.0,40.516883123357225,1.5111892608868887,853.0643022958576,s0492,96,0.18662381999999994,0.178786464419104,0.007837355580895492,0.00032655648253731217,0.0204044582396211,4.1995472929958755,0.007837355580895617
7.290478988594787,818.2314164198172,0.39818943418669284,0.37502083250777896,0.445707752340689,-3.664810540818942,1.0,1.017870446698802,84.83198161025588,85.96226871507126,85.96226871507126,1,5,80.0,0,0.0,0.24632261249942902,0.2891521312079796,1,0.030052521374312656,0.4479166666666667,811.0362299116134,0.0,38.29136681384382,1.2562453237470876,850.5838420492043,s0493,96,0.18662381999999994,0.178786464419104,0.007837355580895492,0.00032655648253731217,0.0204044582396211,4.1995472929958755,0.007837355580895617
7.263433356989999,814.7862137479758,0.40653963812597105,0.3654245861223282,0.5536708914630273,-4.688205204457276,1.0,1.0210854188701222,90.12422461065061,104.42495992368059,104.42495992368059,5,8,80.0,0,0.0,0.3422838728771632,0.33512184174836596,11,0.035384732736384816,0.59375,811.0362299116134,0.0,44.304923226923975,1.7456477516735314,857.086800890211,s0494,96,0.18662381999999994,0.178786464419104,0.007837355580895492,0.00032655648253731217,0.0204044582396211,4.1995472929958755,0.007837355580895617
7.2336519848090415,812.3075558300978,0.3981894341874399,0.3900737775887154,0.46542561662192417,-5.491138479461422,1.0,1.0183904246742121,80.71856286251108,93.10475656774652,93.10475656774652,2,4,80.0,0,0.0,0.2711999201425516,0.2666681993180837,5,0.02763871080750559,0.4375,811.0362299116134,0.0,34.10467769981183,1.3831195927270137,846.5240272041523,s0495,96,0.18662381999999994,0.178786464419104,0.007837355580895492,0.00032655648253731217,0.0204044582396211,4.1995472929958755,0.007837355580895617
7.253181585804629,814.636514626249,0.3981894341859786,0.3089550747040282,0.45497944668383716,-5.386812011771391,1.0,1.0182762266148158,82.96788371759628,86.81122762095247,86.81122762095247,1,5,80.0,0,0.0,0.2897043057914686,0.2612123142739782,3,0.027118955961853465,0.46875,811.0362299116134,0.0,34.158082156953455,1.47749195953649,846.6718040281033,s0496,96,0.18662381999999994,0.178786464419104,0.007837355580895492,0.00032655648253731217,0.0204044582396211,4.1995472929958755,0.007837355580895617
7.298862211441803,819.5033362133499,0.39818943418621305,0.3157587439022975,0.5096375493513214,-4.014121334323164,1.0,1.018758967014384,80.09297591117617,92.63970609428878,92.63970609428878,1,4,80.0,0,0.0,0.2989732072205599,0.3047813103990941,2,0.03021222725085072,0.4583333333333333,811.0362299116134,0.0,39.7541558506396,1.524763356824855,852.3151491190779,s0497,96,0.18662381999999994,0.178786464419104,0.007837355580895492,0.00032655648253731217,0.0204044582396211,4.1995472929958755,0.007837355580895617
7.222284226176007,811.3607426513694,0.39818943418643005,0.3682168611508032,0.48659659883752426,-5.047616953807698,1.0,1.019631522788009,85.4910074151166,96.20306133809903,96.20306133809903,4,8,80.0,0,0.0,0.261661398586704,0.2544117795385799,4,0.027798753501243004,0.46875,811.0362299116134,0.0,33.74300295253662,1.3344731327921908,846.1137059969421,s0498,96,0.18662381999999994,0.178786464419104,0.007837355580895492,0.00032655648253731217,0.0204044582396211,4.1995472929958755,0.007837355580895617
7.213287126164204,811.5298646672045,0.4238570293635805,0.41503680497225826,0.5205855935370594,-4.929899851690262,1.0,1.0178940653241675,84.82368979658358,90.41705023676491,90.41705023676491,1,6,80.0,0,0.0,0.29296792376867714,0.2875991105158884,6,0.031133430430354114,0.53125,811.0362299116134,0.0,37.73233589855634,1.4941364112202538,850.26270222139,s0499,96,0.18662381999999994,0.178786464419104,0.007837355580895492,0.00032655648253731217,0.0204044582396211,4.1995472929958755,0.007837355580895617
7.251453940834926,813.718862500865,0.39818943418596664,0.3971132650842586,0.5132894228592915,-4.842868430730842,1.0,1.018731941495762,80.14873563887922,92.3536335913096,92.3536335913096,1,9,80.0,0,0.0,0.29570267845929954,0.30030551431544245,4,0.03188169789567322,0.5208333333333334,811.0362299116134,0.0,39.02869978907877,1.5080836601424275,851.5730133608347,s0500,96,0.18662381999999994,0.178786464419104,0.007837355580895492,0.00032655648253731217,0.0204044582396211,4.1995472929958755,0.007837355580895617
7.161999746845833,805.1620503308216,0.40646372332204384,0.429228233657371,0.529185627909206,-4.7994721497292305,1.0,1.0186179875395427,85.86036203467108,93.55847077313341,93.55847077313341,1,4,80.0,0,0.0,0.3018956098134525,0.29152123935698615,7,0.032246173913587764,0.5625,811.0362299116134,0.0,37.615379825917444,1.539667610048607,850.1912773475794,s0501,96,0.18662381999999994,0.178786464419104,0.007837355580895492,0.00032655648253731217,0.0204044582396211,4.1995472929958755,0.007837355580895617
7.220758002638107,812.7528289800407,0.3981894341859145,0.3700893479861911,0.5244468439952188,-8.310683212006643,1.0,1.0204737693609507,83.30719492807714,99.08605372244372,99.08605372244372,2,12,80.0,0,0.0,0.24621324603792094,0.38380384308851656,5,0.034179847660087505,0.59375,811.0362299116134,0.0,50.234583676602405,1.2556875547933968,862.5265011430092,s0502,96,0.18662381999999994,0.178786464419104,0.007837355580895492,0.00032655648253731217,0.0204044582396211,4.1995472929958755,0.007837355580895617
7.312287079075473,820.445487842492,0.39866872286104493,0.3727670871613403,0.5733356996906157,-5.080045270883439,1.0,1.0213768112778174,104.96975235712813,108.83390944315074,108.83390944315074,3,9,80.0,0,0.0,0.32230005306029036,0.37241332333566746,7,0.03685883827839844,0.4791666666666667,811.0362299116134,0.0,48.80097322005744,1.64373027060748,861.4809334022784,s0503,96,0.18662381999999994,0.178786464419104,0.007837355580895492,0.00032655648253731217,0.0204044582396211,4.1995472929958755,0.007837355580895617
7.18332062292694,807.8750217377572,0.3981894341859788,0.415736608898869,0.5138227147913845,-7.196964625775493,1.0,1.0189284833427732,89.24357624941554,90.09277226479352,90.09277226479352,2,8,80.0,0,0.0,0.2792810199788049,0.2931892873589721,3,0.02831544366548439,0.5104166666666666,811.0362299116134,0.0,37.85534938415031,1.4243332018919044,850.3159124976556,s0504,96,0.18662381999999994,0.178786464419104,0.007837355580895492,0.00032655648253731217,0.0204044582396211,4.1995472929958755,0.007837355580895617
7.259029837098425,815.5456649952164,0.3981894341859177,0.37037881414983076,0.5031280954544681,-4.979457208025354,1.0,1.0192090717413291,80.23054159630347,92.74783835823492,92.74783835823492,1,5,80.0,0,0.0,0.28513511573559824,0.28834535833415514,5,0.029543181358735817,0.5,811.0362299116134,0.0,38.043689796078745,1.454189090251552,850.5341087979438,s0505,96,0.18662381999999994,0.178786464419104,0.007837355580895492,0.00032655648253731217,0.0204044582396211,4.1995472929958755,0.007837355580895617
7.2674618493139445,814.989360672455,0.39818943418593755,0.41343082079837745,0.4886016975451861,-4.43980816387018,1.0,1.0186611703757966,81.27985371276316,89.60372513786238,89.60372513786238,1,6,80.0,0,0.0,0.30129087722336223,0.23966495573782076,6,0.026716203894690652,0.53125,811.0362299116134,0.0,30.573022510059786,1.5365834738391475,843.1458358955124,s0506,96,0.18662381999999994,0.178786464419104,0.007837355580895492,0.00032655648253731217,0.0204044582396211,4.1995472929958755,0.007837355580895617
7.2478174318770225,815.1455919472019,0.3981894341875867,0.3442882226260342,0.4973065168015052,-5.785276109839749,1.0,1.018072870399991,89.60417522680434,86.39043393980373,86.39043393980373,2,7,80.0,0,0.0,0.3024884897346651,0.2782649380135969,6,0.030811981429692797,0.4375,811.0362299116134,0.0,36.70245983932546,1.542691297646792,849.2813810485857,s0507,96,0.18662381999999994,0.178786464419104,0.007837355580895492,0.00032655648253731217,0.0204044582396211,4.1995472929958755,0.007837355580895617
7.154383052290439,805.1866172353207,0.3981894341859046,0.4119670385953233,0.4726955606013433,-4.709833318472447,1.0,1.0193437377230137,85.94380037843187,93.69811129171167,93.69811129171167,4,7,80.0,0,0.0,0.2828898748248331,0.25340786188172826,3,0.026020697522291546,0.5520833333333334,811.0362299116134,0.0,32.503624007055315,1.442738361606648,844.9825922802754,s0508,96,0.18662381999999994,0.178786464419104,0.007837355580895492,0.00032655648253731217,0.0204044582396211,4.1995472929958755,0.007837355580895617
7.16852035490319,805.9511859159793,0.3993947926497319,0.4319722018403296,0.5631773935077735,-2.854956587492559,1.0,1.0197541592895742,90.23300059739555,97.22580790151166,97.22580790151166,1,7,80.0,0,0.0,0.2989459119440267,0.3514427643819069,3,0.03285733879290291,0.5833333333333334,811.0362299116134,0.0,45.72414411570802,1.524624150914536,858.2849981782359,s0509,96,0.18662381999999994,0.178786464419104,0.007837355580895492,0.00032655648253731217,0.0204044582396211,4.1995472929958755,0.007837355580895617
7.288223618315061,818.4532692931759,0.3981894341859031,0.3675211523222616,0.4737520713964175,-6.458948502962788,1.0,1.0200052955334757,80.6431091771486,97.01074684056127,97.01074684056127,1,6,80.0,0,0.0,0.30023585688326865,0.28961760428760763,5,0.029687742274979993,0.4270833333333333,811.0362299116134,0.0,38.090461079914675,1.5312028701046703,850.6578938616328,s0510,96,0.18662381999999994,0.178786464419104,0.007837355580895492,0.00032655648253731217,0.0204044582396211,4.1995472929958755,0.007837355580895617
7.1820804904858,808.0626262047026,0.3981894341859821,0.3794109977269662,0.4979550318664555,-4.937929417018435,1.0,1.0203213849128547,85.30649836071197,100.63755767953427,100.63755767953427,3,4,80.0,0,0.0,0.27376812729831085,0.33443141968759516,6,0.031630310364939046,0.4583333333333333,811.0362299116134,0.0,44.19344996208295,1.3962174492213848,856.6258973229177,s0511,96,0.18662381999999994,0.178786464419104,0.007837355580895492,0.00032655648253731217,0.0204044582396211,4.1995472929958755,0.007837355580895617
7.313164422026537,820.6646403164339,0.3981894341871569,0.3348289253654237,0.444411107495179,-4.8666728957937275,1.0,1.0186484111016472,86.84751166329512,90.64196089398322,90.64196089398322,1,7,80.0,0,0.0,0.31087116586167407,0.2572103903102353,5,0.028016923137251838,0.4166666666666667,811.0362299116134,0.0,33.75965597438022,1.5854429458945376,846.3813288318881,s0512,96,0.18662381999999994,0.178786464419104,0.007837355580895492,0.00032655648253731217,0.0204044582396211,4.1995472929958755,0.007837355580895617
7.1618831199372925,806.7964160225099,0.3981894341859878,0.36152549454217614,0.5043529883697312,-6.416489904255755,1.0,1.0200460625069006,81.69810304150982,100.26685056999378,100.26685056999378,1,7,80.0,0,0.0,0.2767828037977,0.36159016890406226,6,0.03323581564090771,0.6041666666666666,811.0362299116134,0.0,46.52556661357547,1.4115922993682697,858.9733888245572,s0513,96,0.18662381999999994,0.178786464419104,0.007837355580895492,0.00032655648253731217,0.0204044582396211,4.1995472929958755,0.007837355580895617
7.254705343967018,813.2972702747893,0.5037787509895957,0.35916413331128505,0.5439809685693064,-4.211576740093539,1.0,1.0178534074014114,84.74379657345104,87.93056794749963,87.93056794749963,2,6,80.0,0,0.0,0.2635370153449467,0.34281715795715295,5,0.03471435367008648,0.4583333333333333,811.0362299116134,0.0,43.64444825478919,1.3440387782592282,856.0247169446618,s0514,96,0.18662381999999994,0.178786464419104,0.007837355580895492,0.00032655648253731217,0.0204044582396211,4.1995472929958755,0.007837355580895617
7.201296988003712,810.0008817444208,0.3981894341865469,0.34781634878288903,0.46185417264322104,-5.235020802725521,1.0,1.0183493680276743,82.19511387742443,88.43031704442139,88.43031704442139,1,5,80.0,0,0.0,0.2963993203327031,0.29573210640351977,4,0.030410907895152352,0.4375,811.0362299116134,0.0,38.79976193163028,1.5116365336967859,851.3476283769405,s0515,96,0.18662381999999994,0.178786464419104,0.007837355580895492,0.00032655648253731217,0.0204044582396211,4.1995472929958755,0.007837355580895617
7.31090004870148,820.2742595985801,0.39818943418601654,0.35892093675900916,0.46100286410514135,-5.365511095662112,1.0,1.0186369441794252,78.06682716875996,89.9167211407115,89.9167211407115,0,7,80.0,0,0.0,0.23675031019928744,0.296919323105829,2,0.0272818750398432,0.5520833333333334,811.0362299116134,0.0,38.526247642616134,1.207426582016365,850.7699041362459,s0516,96,0.18662381999999994,0.178786464419104,0.007837355580895492,0.00032655648253731217,0.0204044582396211,4.1995472929958755,0.007837355580895617
7.32395730806301,822.4308553618323,0.40502006579238903,0.36775205184272,0.5034722371499311,-4.327077588423916,1.0,1.0184231163716764,77.07196672803039,89.07126948594632,89.07126948594632,0,7,80.0,0,0.0,0.2567375119490709,0.3273881252315819,0,0.028604226762516935,0.5208333333333334,811.0362299116134,0.0,43.39213154873548,1.309361310940262,855.7377227712892,s0517,96,0.18662381999999994,0.178786464419104,0.007837355580895492,0.00032655648253731217,0.0204044582396211,4.1995472929958755,0.007837355580895617
7.216440404161664,810.196259966819,0.3985338818462588,0.4439079084019787,0.4390333697613329,-4.705039587434045,1.0,1.0181766391502818,79.31222585908453,88.69813219258347,88.69813219258347,0,5,80.0,0,0.0,0.3009404461367003,0.28986263049400296,7,0.0309279623200589,0.5208333333333334,811.0362299116134,0.0,37.65391213948432,1.5347962752971704,850.2249383263949,s0518,96,0.18662381999999994,0.178786464419104,0.007837355580895492,0.00032655648253731217,0.0204044582396211,4.1995472929958755,0.007837355580895617
7.205894404475432,808.8247275385511,0.39818943418716557,0.46486064531938,0.49996099142508,-5.588118614178863,1.0,1.0184644851331226,78.7943319938663,91.34560389642996,91.34560389642996,0,7,80.0,0,0.0,0.327201620242889,0.3167166648628952,7,0.0343729277945349,0.4895833333333333,811.0362299116134,0.0,40.858379340061646,1.668728263238734,853.5633375149139,s0519,96,0.18662381999999994,0.178786464419104,0.007837355580895492,0.00032655648253731217,0.0204044582396211,4.1995472929958755,0.007837355580895617
7.35475069474615,824.4815942804132,0.39818943418601166,0.3578901965470554,0.45866619579695206,-4.76126345250728,1.0,1.0195927789800991,78.77621628117154,96.39551946289622,96.39551946289622,0,5,80.0,0,0.0,0.2624427658015071,0.29838197821921353,3,0.02862020414283415,0.4270833333333333,811.0362299116134,0.0,39.010888263987354,1.3384581055876865,851.3855762811885,s0520,96,0.18662381999999994,0.178786464419104,0.007837355580895492,0.00032655648253731217,0.0204044582396211,4.1995472929958755,0.007837355580895617
7.1632660627359535,805.091661517449,0.39818943418622016,0.4479569411709131,0.4745628018338508,-4.814457635890971,1.0,1.019279113346701,79.9471130086787,94.42599718974466,94.42599718974466,0,7,80.0,0,0.0,0.3298673159790882,0.2691159573013786,5,0.031793108771655657,0.5520833333333334,811.0362299116134,0.0,36.453179394179195,1.6823233114933498,849.171732617286,s0521,96,0.18662381999999994,0.178786464419104,0.007837355580895492,0.00032655648253731217,0.0204044582396211,4.1995472929958755,0.007837355580895617
7.222798157929233,811.505528439149,0.3981894341869908,0.42056117414270466,0.49017499096809813,-4.849032301284554,1.0,1.0176926245310591,78.73456351563117,85.91111462834094,85.91111462834094,0,4,80.0,0,0.0,0.2689746705223418,0.2618843897748923,3,0.0264117018809119,0.5208333333333334,811.0362299116134,0.0,33.22392279218389,1.3717708196639427,845.6319235234613,s0522,96,0.18662381999999994,0.178786464419104,0.007837355580895492,0.00032655648253731217,0.0204044582396211,4.1995472929958755,0.007837355580895617
7.194768559547452,808.0971957049617,0.4096348454771119,0.4020798139957341,0.5069988537578248,-4.815996869015769,1.0,1.0186352349357455,91.44293154631649,92.46151651383562,92.46151651383562,3,4,80.0,0,0.0,0.3394283833060358,0.3070191506508705,10,0.03419597993526943,0.4479166666666667,811.0362299116134,0.0,40.720929699372824,1.7310847548607804,853.4882443658471,s0523,96,0.18662381999999994,0.178786464419104,0.007837355580895492,0.00032655648253731217,0.0204044582396211,4.1995472929958755,0.007837355580895617
7.272038817084617,817.345480329426,0.4316951719119811,0.33733403894921854,0.5372732682208761,-4.9009321400300765,1.0,1.0191589150446618,79.07467540431009,92.47284222244132,92.47284222244132,0,5,80.0,0,0.0,0.301766414866569,0.3221352143344304,5,0.031774642435762696,0.5,811.0362299116134,0.0,42.00534367734979,1.5390087158195014,854.5805823047826,s0524,96,0.18662381999999994,0.178786464419104,0.007837355580895492,0.00032655648253731217,0.0204044582396211,4.1995472929958755,0.007837355580895617
7.1463656897535355,803.5247749139828,0.3981894341867786,0.4317474101979333,0.38159358147085076,-5.026921489623597,1.0,1.019508518379865,96.71544119522495,95.19791352366771,95.19791352366771,1,6,80.0,0,0.0,0.24754458485518546,0.25245764135890325,4,0.028744114184238372,0.5520833333333334,811.0362299116134,0.0,33.84711526220252,1.262477382761445,846.1458225565774,s0525,96,0.18662381999999994,0.178786464419104,0.007837355580895492,0.00032655648253731217,0.0204044582396211,4.1995472929958755,0.007837355580895617
7.174771073503481,806.9279485959348,0.3981894341858813,0.38863170839932487,0.4838395729372874,-3.887603587609209,1.0,1.020304921220758,109.24387637811029,99.88727721158078,99.88727721158078,2,5,80.0,0,0.0,0.29058991826364683,0.28815789813331305,3,0.03166411781562001,0.5,811.0362299116134,0.0,36.72370758883646,1.4820085831445986,849.2419460835945,s0526,96,0.18662381999999994,0.178786464419104,0.007837355580895492,0.00032655648253731217,0.0204044582396211,4.1995472929958755,0.007837355580895617
7.166254995913134,806.6259204160851,0.39818943418598685,0.37762236700050317,0.5039951376232359,-6.727612430656632,1.0,1.0194708165276676,82.7769113485151,95.48867866081851,95.48867866081851,2,5,80.0,0,0.0,0.2978449888709677,0.25800413292762825,5,0.02948524726285331,0.5104166666666666,811.0362299116134,0.0,33.270204398580454,1.519009443241935,845.8254437534357,s0527,96,0.18662381999999994,0.178786464419104,0.007837355580895492,0.00032655648253731217,0.0204044582396211,4.1995472929958755,0.007837355580895617
7.193415577560824,808.7748216801316,0.39818943418585595,0.3473985831408706,0.5200883067298213,-5.189827960823216,1.0,1.0203819411671675,82.63850053429373,99.89684760867617,99.89684760867617,1,9,80.0,0,0.0,0.27512653261279557,0.32549110986741714,4,0.03021891966122706,0.4791666666666667,811.0362299116134,0.0,42.79578815022341,1.403145316325257,855.235163378162,s0528,96,0.18662381999999994,0.178786464419104,0.007837355580895492,0.00032655648253731217,0.0204044582396211,4.1995472929958755,0.007837355580895617
7.1889664524957055,807.7376047056932,0.398189434186533,0.4205879362421997,0.4572120620759116,-4.663146033443007,1.0,1.017736637370834,78.75263206521318,84.99486132317867,84.99486132317867,0,1,80.0,0,0.0,0.2647827950103708,0.2687190635930632,2,0.029244172393534374,0.53125,811.0362299116134,0.0,34.6854641097677,1.350392254552891,847.072086275934,s0529,96,0.18662381999999994,0.178786464419104,0.007837355580895492,0.00032655648253731217,0.0204044582396211,4.1995472929958755,0.007837355580895617
7.212627869782926,809.8828603763557,0.3981894341875324,0.40040043748398263,0.4634778125903556,-5.466919757204873,1.0,1.0171085644487954,80.93060380644987,83.85863600443352,83.85863600443352,2,4,80.0,0,0.0,0.2928004151857234,0.2820000647008124,6,0.030507037826619468,0.5,811.0362299116134,0.0,37.450153288033164,1.4932821174471893,849.9796653170937,s0530,96,0.18662381999999994,0.178786464419104,0.007837355580895492,0.00032655648253731217,0.0204044582396211,4.1995472929958755,0.007837355580895617
7.276026226441666,817.0659954127518,0.3981894341859583,0.32445871714706626,0.42753949431117944,-3.0836714302149466,1.0,1.0178008844931248,76.71462809409782,85.81016910534083,85.81016910534083,0,4,80.0,0,0.0,0.2671672711663412,0.24792874442737167,3,0.0257812197750304,0.4270833333333333,811.0362299116134,0.0,32.91869169003056,1.3625530829483397,845.3174746845923,s0531,96,0.18662381999999994,0.178786464419104,0.007837355580895492,0.00032655648253731217,0.0204044582396211,4.1995472929958755,0.007837355580895617
7.27414597454269,816.3125297550024,0.398189434187299,0.3587053336015705,0.4934559098529938,-4.196616156714432,1.0,1.0169620773922523,79.44896013321532,82.48793077197344,82.48793077197344,0,2,80.0,0,0.0,0.28468740133832116,0.31243784244477163,3,0.029552438321415547,0.4791666666666667,811.0362299116134,0.0,40.34082202059621,1.4519057468254382,852.828957679035,s0532,96,0.18662381999999994,0.178786464419104,0.007837355580895492,0.00032655648253731217,0.0204044582396211,4.1995472929958755,0.007837355580895617
7.258652763047721,814.3434003746789,0.39818943418721325,0.40726522775619234,0.45439527530054635,-4.983444488536851,1.0,1.0201231669057567,82.13249683527134,100.64906383142245,100.64906383142245,1,4,80.0,0,0.0,0.27148547997522554,0.27341090084071074,4,0.02978278538987777,0.5208333333333334,811.0362299116134,0.0,35.55354493247616,1.3845759478736497,847.9743507919632,s0533,96,0.18662381999999994,0.178786464419104,0.007837355580895492,0.00032655648253731217,0.0204044582396211,4.1995472929958755,0.007837355580895617
7.225025752402116,811.3381918241296,0.39818943418597064,0.4035866800927557,0.5180255057979859,-4.980210944794623,1.0,1.0198789017408467,83.56826603636267,98.02968473467278,98.02968473467278,2,6,80.0,0,0.0,0.28502374614540255,0.31010812264646404,6,0.031006088035603722,0.5208333333333334,811.0362299116134,0.0,40.745504969931574,1.4536211053415526,853.2353559868865,s0534,96,0.18662381999999994,0.178786464419104,0.007837355580895492,0.00032655648253731217,0.0204044582396211,4.1995472929958755,0.007837355580895617
7.306295571653245,820.1411780752331,0.39818943418602615,0.37104569341246074,0.4927113217109217,-5.1442233749872655,1.0,1.0183510120152945,82.13561860615776,89.75221529722668,89.75221529722668,1,8,80.0,0,0.0,0.25744816703398493,0.28893757812729715,5,0.028469511773643298,0.5,811.0362299116134,0.0,37.711987111493876,1.3129856518733225,850.0612026749806,s0535,96,0.18662381999999994,0.178786464419104,0.007837355580895492,0.00032655648253731217,0.0204044582396211,4.1995472929958755,0.007837355580895617
7.2430899451558215,812.5000303706322,0.39818943418684466,0.44641064170101574,0.49437295887403243,-5.725377468816578,1.0,1.0198027145049395,80.70978973857801,97.1062664233771,97.1062664233771,2,4,80.0,0,0.0,0.2994667058297115,0.29902824900569364,4,0.03115658130719849,0.4479166666666667,811.0362299116134,0.0,38.90786604814737,1.527280199731528,851.4713761594924,s0536,96,0.18662381999999994,0.178786464419104,0.007837355580895492,0.00032655648253731217,0.0204044582396211,4.1995472929958755,0.007837355580895617
7.236939565598979,813.2452072188344,0.3981894341868607,0.356874056249032,0.4911808244843909,-4.502382701003664,1.0,1.0182580455898473,80.98295750948931,91.31468281909686,91.31468281909686,2,8,80.0,0,0.0,0.27246096357926475,0.3256664641867332,4,0.030411079318592917,0.4791666666666667,811.0362299116134,0.0,42.442960046095514,1.3895509142542508,854.8687408719633,s0537,96,0.18662381999999994,0.178786464419104,0.007837355580895492,0.00032655648253731217,0.0204044582396211,4.1995472929958755,0.007837355580895617
7.24914091028327,813.5143513205765,0.39818943418596087,0.41356435105051603,0.4915571503580069,-4.204461436911271,1.0,1.0188205885086268,77.53716284724118,92.91172725987626,92.91172725987626,0,4,80.0,0,0.0,0.24132175225794997,0.3412159983178064,2,0.030988056821650484,0.5104166666666666,811.0362299116134,0.0,43.73799520914006,1.2307409365155446,856.004966057269,s0538,96,0.18662381999999994,0.178786464419104,0.007837355580895492,0.00032655648253731217,0.0204044582396211,4.1995472929958755,0.007837355580895617
7.198451944634495,809.2856630002128,0.39818943418626185,0.3953989033089713,0.4133073127988963,-5.578762418494553,1.0,1.0187920429568014,78.2674341770331,92.7248671407367,92.7248671407367,0,5,80.0,0,0.0,0.21133425119731927,0.252298679762313,0,0.02312758403836068,0.46875,811.0362299116134,0.0,32.376649558170506,1.0778046811063282,844.4906841508902,s0539,96,0.18662381999999994,0.178786464419104,0.007837355580895492,0.00032655648253731217,0.0204044582396211,4.1995472929958755,0.007837355580895617
7.269865113587289,817.1485063847038,0.39818943418597974,0.34947506574085785,0.4717869193014694,-3.5591105451978025,1.0,1.017964485169459,79.82758077741902,88.12200125302752,88.12200125302752,0,4,80.0,0,0.0,0.2749605816923078,0.2727594866360514,4,0.02744280584438627,0.5,811.0362299116134,0.0,35.819162087828644,1.4022989666307693,848.2576909660728,s0540,96,0.18662381999999994,0.178786464419104,0.007837355580895492,0.00032655648253731217,0.0204044582396211,4.1995472929958755,0.007837355580895617
7.350837439105848,823.5938464628006,0.4535517035245159,0.415185953420246,0.5229308100971721,-4.7452330782139684,1.0,1.018301613400137,78.9584661864672,89.71800208072436,89.71800208072436,0,9,80.0,0,0.0,0.30137889168351645,0.3370463990541375,5,0.0337961366311422,0.3854166666666667,811.0362299116134,0.0,43.71208920804083,1.5370323475859335,856.2853514672403,s0541,96,0.18662381999999994,0.178786464419104,0.007837355580895492,0.00032655648253731217,0.0204044582396211,4.1995472929958755,0.007837355580895617
7.116982605001341,802.148105477677,0.398189434186158,0.4310994078380398,0.4877975001509307,-2.7797447986964063,1.0,1.0176254775845943,80.80516154369187,87.2542648995521,87.2542648995521,1,3,80.0,0,0.0,0.2680602226546233,0.325986436120133,5,0.030373393659536518,0.53125,811.0362299116134,0.0,41.465551080201685,1.3671071355385793,853.8688881273537,s0542,96,0.18662381999999994,0.178786464419104,0.007837355580895492,0.00032655648253731217,0.0204044582396211,4.1995472929958755,0.007837355580895617
7.213930428421737,810.7449644383619,0.39818943418601366,0.3513672366391136,0.4977772277279865,-4.8253740839458565,1.0,1.0192757475444536,84.42804569255628,94.39858047606344,94.39858047606344,3,8,80.0,0,0.0,0.27046660954005497,0.28500114607693267,3,0.026449705179188487,0.5208333333333334,811.0362299116134,0.0,36.36234655457605,1.3793797086542803,848.7779561748438,s0543,96,0.18662381999999994,0.178786464419104,0.007837355580895492,0.00032655648253731217,0.0204044582396211,4.1995472929958755,0.007837355580895617
7.180918747013829,806.5939101139099,0.4063402051611135,0.4323107768829491,0.46388246397376903,-2.561319540441028,1.0,1.0174939031292494,79.09824770009071,84.69118653422015,84.69118653422015,0,2,80.0,0,0.0,0.3315427909766922,0.2670608315391846,7,0.03219113633033829,0.5520833333333334,811.0362299116134,0.0,34.909251227783464,1.6908682339811312,847.636349373378,s0544,96,0.18662381999999994,0.178786464419104,0.007837355580895492,0.00032655648253731217,0.0204044582396211,4.1995472929958755,0.007837355580895617
7.220071747593767,810.3122629211364,0.3981894341868938,0.4119546414996494,0.44450331200248655,-5.676380696065313,1.0,1.019922289600605,81.10172475477057,97.87453028946305,97.87453028946305,1,7,80.0,0,0.0,0.31767055282377865,0.23228639475952573,9,0.03095837909827979,0.59375,811.0362299116134,0.0,31.15860219147386,1.6201198194012698,843.8149519224885,s0545,96,0.18662381999999994,0.178786464419104,0.007837355580895492,0.00032655648253731217,0.0204044582396211,4.1995472929958755,0.007837355580895617
7.23876790058992,812.3708145169066,0.3981894341858738,0.4176791103658817,0.4578285622913003,-4.091008462172719,1.0,1.0196655839875695,82.4603235436724,95.95844436221154,95.95844436221154,1,4,80.0,0,0.0,0.2772592189230615,0.27988053059393425,3,0.02873451825741378,0.5416666666666666,811.0362299116134,0.0,36.50177506904728,1.4140220165076136,848.9520269971683,s0546,96,0.18662381999999994,0.178786464419104,0.007837355580895492,0.00032655648253731217,0.0204044582396211,4.1995472929958755,0.007837355580895617
7.261040551625031,812.4692868132272,0.40253710970973144,0.35971646235068955,0.5006987462687044,-5.009697657092077,1.0,1.0250145821874947,120.94473835471464,126.30514903143886,126.30514903143886,1,5,80.0,0,0.0,0.2789329469765096,0.3356597182437737,3,0.040366321725746925,0.4375,811.0362299116134,0.0,46.127746742007666,1.4225580295801992,858.5865346832012,s0547,96,0.18662381999999994,0.178786464419104,0.007837355580895492,0.00032655648253731217,0.0204044582396211,4.1995472929958755,0.007837355580895617
7.193921715060794,807.6917682556837,0.39818943418603353,0.414329522829177,0.48178408153250807,-5.081638744395987,1.0,1.0181231407026352,81.56958869795436,87.73977342299682,87.73977342299682,2,6,80.0,0,0.0,0.3036135026207599,0.30833149030642254,4,0.03235397863666993,0.53125,811.0362299116134,0.0,39.89586284649373,1.5484288633658756,852.480521621473,s0548,96,0.18662381999999994,0.178786464419104,0.007837355580895492,0.00032655648253731217,0.0204044582396211,4.1995472929958755,0.007837355580895617
7.25203276169305,814.3806584701056,0.3981894341875627,0.385342917049771,0.4940531574386779,-4.1000504387046455,1.0,1.017188552814284,88.62159475992833,81.95340569445055,81.95340569445055,2,3,80.0,0,0.0,0.2769336707149442,0.31316472258723915,5,0.03166250034878027,0.46875,811.0362299116134,0.0,40.16682863118399,1.4123617206462147,852.6154202634436,s0549,96,0.18662381999999994,0.178786464419104,0.007837355580895492,0.00032655648253731217,0.0204044582396211,4.1995472929958755,0.007837355580895617
7.236370950400956,812.6374404748851,0.39818943418682995,0.3711284052088468,0.4231905162918531,-4.7980309913712125,1.0,1.0190524050421006,86.95059338335135,94.0049472224855,94.0049472224855,1,6,80.0,0,0.0,0.28397545098432253,0.21526886150109842,2,0.024658866038767407,0.5104166666666666,811.0362299116134,0.0,27.736665583543736,1.448274800020046,840.2211702951772,s0550,96,0.18662381999999994,0.178786464419104,0.007837355580895492,0.00032655648253731217,0.0204044582396211,4.1995472929958755,0.007837355580895617
7.271618105811832,816.3517429357776,0.39818943418768704,0.4163315867704503,0.4924660339739247,-4.916393477978858,1.0,1.018952136382367,86.85773665445714,92.34495311293547,92.34495311293547,2,7,80.0,0,0.0,0.3055596235198837,0.3257861492402222,4,0.031467845071821356,0.4791666666666667,811.0362299116134,0.0,42.48993800169311,1.5583540799514062,855.0845219932579,s0551,96,0.18662381999999994,0.178786464419104,0.007837355580895492,0.00032655648253731217,0.0204044582396211,4.1995472929958755,0.007837355580895617
7.157244075093054,804.4887296998411,0.3981894341860794,0.40347632791565846,0.5045468414302575,-4.829652338252994,1.0,1.0208841425040178,87.40566132572727,103.7128062835507,103.7128062835507,2,2,80.0,0,0.0,0.2798743811321175,0.31903108652477086,5,0.03222738881589959,0.4270833333333333,811.0362299116134,0.0,41.00139268773284,1.4273593437737992,853.46498194312,s0552,96,0.18662381999999994,0.178786464419104,0.007837355580895492,0.00032655648253731217,0.0204044582396211,4.1995472929958755,0.007837355580895617
7.236127998110995,811.8586885141483,0.39816203932711647,0.45516055571192604,0.4887254691825811,-4.974469104366109,1.0,1.02114407298714,79.26626237120519,104.09349335108782,104.09349335108782,0,8,80.0,0,0.0,0.291506350380049,0.2498507865650904,6,0.030186556373633752,0.5416666666666666,811.0362299116134,0.0,33.69088619895601,1.486682386938249,846.2137984975077,s0553,96,0.18662381999999994,0.178786464419104,0.007837355580895492,0.00032655648253731217,0.0204044582396211,4.1995472929958755,0.007837355580895617
7.1501087473590745,805.1663745998092,0.3981894341860036,0.40579388775316444,0.500816940499064,-4.539126200945481,1.0,1.0191481760949126,91.97549399852709,96.86037421888615,96.86037421888615,4,10,80.0,0,0.0,0.2549003135227776,0.35555380016981764,4,0.03307227322720307,0.6354166666666666,811.0362299116134,0.0,46.13802455854578,1.2999915989661666,858.4742460691253,s0554,96,0.18662381999999994,0.178786464419104,0.007837355580895492,0.00032655648253731217,0.0204044582396211,4.1995472929958755,0.007837355580895617
7.264005475452725,814.6564766016845,0.4196509212877171,0.4067223918738949,0.4810222995317646,-4.341324756859463,1.0,1.018272951100497,80.62701902173004,92.46485550835992,92.46485550835992,1,4,80.0,0,0.0,0.28801192199716,0.30741731056812505,5,0.03137925745156147,0.4583333333333333,811.0362299116134,0.0,40.62614449856377,1.4688608021855156,853.1312352123628,s0555,96,0.18662381999999994,0.178786464419104,0.007837355580895492,0.00032655648253731217,0.0204044582396211,4.1995472929958755,0.007837355580895617
7.269898991529098,815.8345652699763,0.3981894341868419,0.3847467872967716,0.40706280146616297,-5.2450071434853776,1.0,1.0188160104552701,84.16006378281712,91.48354281788504,91.48354281788504,2,4,80.0,0,0.0,0.2463463736500537,0.2865801303226884,3,0.02987935708943415,0.46875,811.0362299116134,0.0,37.83528838859282,1.256366505615274,850.1278848058215,s0556,96,0.18662381999999994,0.178786464419104,0.007837355580895492,0.00032655648253731217,0.0204044582396211,4.1995472929958755,0.007837355580895617
7.1715417867628055,806.3273581355576,0.39818943418682007,0.39836515189640054,0.46705876530258084,-5.023569367403547,1.0,1.0192225689771959,80.88359165355385,93.94980954965753,93.94980954965753,2,6,80.0,0,0.0,0.28167583960139314,0.2681122188329269,2,0.028719410409221904,0.53125,811.0362299116134,0.0,34.68587498980529,1.436546781967105,847.1586516833858,s0557,96,0.18662381999999994,0.178786464419104,0.007837355580895492,0.00032655648253731217,0.0204044582396211,4.1995472929958755,0.007837355580895617
7.18489570957288,807.7204150735033,0.3981894341860148,0.3933783160845208,0.4547936113267089,-4.342301605882224,1.0,1.01904090371945,94.0632122490064,94.14701667950665,94.14701667950665,3,6,80.0,0,0.0,0.2119388882392709,0.28980955215153453,3,0.028044910908077706,0.4895833333333333,811.0362299116134,0.0,37.40512496516737,1.0808883300202814,849.522243206801,s0558,96,0.18662381999999994,0.178786464419104,0.007837355580895492,0.00032655648253731217,0.0204044582396211,4.1995472929958755,0.007837355580895617
7.228174226823824,812.5184821836068,0.39818943418595126,0.3698021348315724,0.43135876059703243,-4.888101936761365,1.0,1.0185800191814258,78.75636913212884,88.90538905749774,88.90538905749774,0,8,80.0,0,0.0,0.22175111646266377,0.27877525486001564,2,0.02663531662307629,0.5520833333333334,811.0362299116134,0.0,36.07022437802876,1.1309306939595851,848.2373849836018,s0559,96,0.18662381999999994,0.178786464419104,0.007837355580895492,0.00032655648253731217,0.0204044582396211,4.1995472929958755,0.007837355580895617
7.214666475613413,810.0695380598357,0.39818943418660274,0.43768753823394246,0.5465432335877433,-6.9337395501362415,1.0,1.0193004067040405,85.94955599852331,95.86521948033534,95.86521948033534,3,8,80.0,0,0.0,0.2943172073665151,0.33953993073602873,8,0.03381323316971199,0.5208333333333334,811.0362299116134,0.0,44.68612394005652,1.501017757569227,857.2233716092392,s0560,96,0.18662381999999994,0.178786464419104,0.007837355580895492,0.00032655648253731217,0.0204044582396211,4.1995472929958755,0.007837355580895617
7.212624967359643,809.7747658170389,0.42090333413301256,0.40532683658609214,0.5610702482120402,-4.615538782277288,1.0,1.0193078068755497,91.27480414774138,98.32231560866876,98.32231560866876,5,6,80.0,0,0.0,0.2784320575608687,0.33378102255362274,6,0.033804023353554424,0.5208333333333334,811.0362299116134,0.0,42.59001316087635,1.4200034935604302,855.0462465660502,s0561,96,0.18662381999999994,0.178786464419104,0.007837355580895492,0.00032655648253731217,0.0204044582396211,4.1995472929958755,0.007837355580895617
7.255605477054154,814.856607162641,0.3981894341859383,0.3983790931671014,0.5099923907029975,-4.949286132629948,1.0,1.0200583149772875,85.52135492027739,99.15671462158,99.15671462158,2,5,80.0,0,0.0,0.2648863465324114,0.31974664750183346,3,0.03067866877513887,0.5,811.0362299116134,0.0,41.517042017255,1.3509203673152974,853.9041922961837,s0562,96,0.18662381999999994,0.178786464419104,0.007837355580895492,0.00032655648253731217,0.0204044582396211,4.1995472929958755,0.007837355580895617
7.289710993612081,817.9839820498503,0.4094740446595441,0.36351238608905334,0.5015272016135175,-4.605953348681624,1.0,1.0166548605799777,78.98101792038571,78.35492536321583,78.35492536321583,0,0,80.0,0,0.0,0.28988859287845004,0.3083159844787831,7,0.029958514154484528,0.4375,811.0362299116134,0.0,39.83428805323322,1.4784318236800948,852.3489497885267,s0563,96,0.18662381999999994,0.178786464419104,0.007837355580895492,0.00032655648253731217,0.0204044582396211,4.1995472929958755,0.007837355580895617
7.249028017945858,813.912676109684,0.40631438663142294,0.3834985808454854,0.4279634073543945,-4.283222256739254,1.0,1.0175220540431482,86.71183765213077,89.82279803926629,89.82279803926629,1,3,80.0,0,0.0,0.25678915611864067,0.3019430975098471,4,0.031181897691589053,0.4479166666666667,811.0362299116134,0.0,39.434728453418536,1.3096246962050666,851.780583061237,s0564,96,0.18662381999999994,0.178786464419104,0.007837355580895492,0.00032655648253731217,0.0204044582396211,4.1995472929958755,0.007837355580895617
7.262975449105378,816.229512984783,0.3981894341866595,0.41053064145329116,0.5187919480919134,-3.4448849765929843,1.0,1.01666515554828,80.4616439578219,83.44142610257465,83.44142610257465,1,1,80.0,0,0.0,0.27247204223989513,0.3564566102181772,4,0.03304646499330623,0.40625,811.0362299116134,0.0,46.80579908531217,1.3896074154234646,859.2316364123491,s0565,96,0.18662381999999994,0.178786464419104,0.007837355580895492,0.00032655648253731217,0.0204044582396211,4.1995472929958755,0.007837355580895617
7.205264777474499,809.3551363814579,0.4168011363976884,0.4161731371243167,0.4934147490432455,-4.18711137108377,1.0,1.0181851200307996,80.05101583857409,88.12858404606253,88.12858404606253,1,6,80.0,0,0.0,0.27620327543052847,0.3030180483356455,5,0.029578098228490998,0.53125,811.0362299116134,0.0,39.70182516866723,1.4086367046956942,852.1466917849764,s0566,96,0.18662381999999994,0.178786464419104,0.007837355580895492,0.00032655648253731217,0.0204044582396211,4.1995472929958755,0.007837355580895617
7.23121033980114,812.8257014429826,0.3981894341859286,0.3661521516373555,0.4461841126568695,-5.839037694834791,1.0,1.0193272987154842,80.10148077540394,93.0986548956035,93.0986548956035,1,5,80.0,0,0.0,0.2625703735939052,0.27481666712631664,2,0.026351377460797815,0.4583333333333333,811.0362299116134,0.0,35.792187939687736,1.3391089053289174,848.1675267566301,s0567,96,0.18662381999999994,0.178786464419104,0.007837355580895492,0.00032655648253731217,0.0204044582396211,4.1995472929958755,0.007837355580895617
7.1694067145588,805.6439526674596,0.3981894341859651,0.45895068041872866,0.5134459157581729,-5.386051113307211,1.0,1.0185147717649197,78.9151346533749,88.28348185463717,88.28348185463717,0,8,80.0,0,0.0,0.3163491690993089,0.33045111675905714,7,0.032465120336543724,0.5520833333333334,811.0362299116134,0.0,42.80256285255396,1.6133807624064744,855.4521735265738,s0568,96,0.18662381999999994,0.178786464419104,0.007837355580895492,0.00032655648253731217,0.0204044582396211,4.1995472929958755,0.007837355580895617
7.187397873622512,809.1156988127943,0.39818943418597164,0.4207944018177953,0.4043265326811837,-5.067993790082894,1.0,1.0191814589783708,81.5186636083974,96.1971742922801,96.1971742922801,3,6,80.0,0,0.0,0.26908391453943054,0.25076286596372976,8,0.03151069220557553,0.5520833333333334,811.0362299116134,0.0,34.34403129706919,1.372327964151096,846.7525891728337,s0569,96,0.18662381999999994,0.178786464419104,0.007837355580895492,0.00032655648253731217,0.0204044582396211,4.1995472929958755,0.007837355580895617
7.26711537059711,815.821402692691,0.44933794828779583,0.40654313636058215,0.4623442717338232,-3.41204079903369,1.0,1.0189233622424716,78.48685090794291,94.13209277761526,94.13209277761526,0,3,80.0,0,0.0,0.2622055437152499,0.28945311272036056,2,0.03046334942013602,0.4791666666666667,811.0362299116134,0.0,38.31696954712593,1.3372482729477755,850.6904477316872,s0570,96,0.18662381999999994,0.178786464419104,0.007837355580895492,0.00032655648253731217,0.0204044582396211,4.1995472929958755,0.007837355580895617
7.28696694802015,817.9807304105506,0.39818943418699065,0.36091440363246463,0.43479392453162563,-4.116913854722988,1.0,1.0171810990736188,80.1791891880367,82.95533233365352,82.95533233365352,1,3,80.0,0,0.0,0.2718820688263389,0.27091050664861727,4,0.028367580933259185,0.46875,811.0362299116134,0.0,34.916152853171134,1.3865985510143275,847.338981315799,s0571,96,0.18662381999999994,0.178786464419104,0.007837355580895492,0.00032655648253731217,0.0204044582396211,4.1995472929958755,0.007837355580895617
7.287300611052183,817.111880156126,0.4128985907634186,0.4127728532439441,0.5974664073136531,-5.544556568026086,1.0,1.0195986945417204,83.50618550651009,95.77283961188671,95.77283961188671,1,6,80.0,0,0.0,0.33683519979623805,0.33104639738693625,2,0.033235542963625235,0.4270833333333333,811.0362299116134,0.0,43.04956517691923,1.717859518960814,855.8036546074935,s0572,96,0.18662381999999994,0.178786464419104,0.007837355580895492,0.00032655648253731217,0.0204044582396211,4.1995472929958755,0.007837355580895617
7.247153561996084,814.758265324997,0.4007371393550445,0.3764022996428228,0.5336072820888706,-4.80793093181117,1.0,1.0198619956226245,91.69022864975443,100.73547841570078,100.73547841570078,2,6,80.0,0,0.0,0.2717937134369227,0.3537034849608556,5,0.033327926314500524,0.46875,811.0362299116134,0.0,46.901993963862516,1.3861479385283058,859.3243718140043,s0573,96,0.18662381999999994,0.178786464419104,0.007837355580895492,0.00032655648253731217,0.0204044582396211,4.1995472929958755,0.007837355580895617
7.192527001999207,807.9351674770687,0.39818943418590597,0.4256520527173308,0.3805314897601631,-5.13185140510974,1.0,1.0194725916131608,77.32869669230307,94.30744056712928,94.30744056712928,0,3,80.0,0,0.0,0.2464835279991641,0.250984890920251,1,0.02457796737758654,0.5625,811.0362299116134,0.0,32.26328801420723,1.257065992795736,844.5565839186164,s0574,96,0.18662381999999994,0.178786464419104,0.007837355580895492,0.00032655648253731217,0.0204044582396211,4.1995472929958755,0.007837355580895617
7.143247453687169,803.7363939230228,0.3981894341862469,0.44999330262020687,0.4663087878688488,-3.6207998876800196,1.0,1.017868893130116,83.30676012709056,86.44292156665323,86.44292156665323,1,3,80.0,0,0.0,0.27107563992402756,0.29603974361057994,5,0.029182003115330594,0.5520833333333334,811.0362299116134,0.0,37.84722884147265,1.3824857636125398,850.2659445166986,s0575,96,0.18662381999999994,0.178786464419104,0.007837355580895492,0.00032655648253731217,0.0204044582396211,4.1995472929958755,0.007837355580895617
7.227019824356761,812.5035135448531,0.39818943418634256,0.37054959895178075,0.435879703948245,-5.283315846584767,1.0,1.0190602184598907,83.85049329128063,94.05005572830677,94.05005572830677,1,4,80.0,0,0.0,0.2948180777058908,0.27350007710890456,7,0.029981317077467273,0.3854166666666667,811.0362299116134,0.0,35.78401624542459,1.5035721963000428,848.3238183533381,s0576,96,0.18662381999999994,0.178786464419104,0.007837355580895492,0.00032655648253731217,0.0204044582396211,4.1995472929958755,0.007837355580895617
7.256497697950234,815.108597304722,0.47193640324344216,0.3943745535110236,0.5374195084358628,-4.140518710729185,1.0,1.0174015181104474,80.53960260681585,86.64471857109994,86.64471857109994,1,2,80.0,0,0.0,0.3029438734493552,0.3526943341634769,9,0.03789375842342634,0.4791666666666667,811.0362299116134,0.0,46.28648475987336,1.5450137545917104,858.8677284260785,s0577,96,0.18662381999999994,0.178786464419104,0.007837355580895492,0.00032655648253731217,0.0204044582396211,4.1995472929958755,0.007837355580895617
7.2973050089397375,819.4000133804637,0.3998631228258942,0.34062876320014246,0.46359551439846425,-4.243289424171893,1.0,1.0187842363843458,79.91162353215462,91.71681427810987,91.71681427810987,0,5,80.0,0,0.0,0.24358572550568802,0.2908747151690895,4,0.028625690628486446,0.4583333333333333,811.0362299116134,0.0,38.12669533456792,1.2422872000790084,850.4052124462603,s0578,96,0.18662381999999994,0.178786464419104,0.007837355580895492,0.00032655648253731217,0.0204044582396211,4.1995472929958755,0.007837355580895617
7.17087426235649,806.5611734097974,0.3981894341859979,0.4089854733574532,0.49794549302021573,-4.597343904005244,1.0,1.0213415779581267,84.05984223995904,105.6947693323251,105.6947693323251,4,7,80.0,0,0.0,0.3135686190888068,0.28197160927743864,6,0.030572810529758132,0.5208333333333334,811.0362299116134,0.0,36.73126274532367,1.599199957352914,849.36669261429,s0579,96,0.18662381999999994,0.178786464419104,0.007837355580895492,0.00032655648253731217,0.0204044582396211,4.1995472929958755,0.007837355580895617
7.263625162870451,815.3175888904359,0.3981894341859524,0.34482307320926076,0.47063764992413165,-5.448965616393186,1.0,1.0192546111709915,83.3864926790397,93.88939083665103,93.88939083665103,1,6,80.0,0,0.0,0.25339777025107924,0.2798122175384032,2,0.027742473323141673,0.5208333333333334,811.0362299116134,0.0,36.61644040737323,1.2923286282805042,848.9449989472672,s0580,96,0.18662381999999994,0.178786464419104,0.007837355580895492,0.00032655648253731217,0.0204044582396211,4.1995472929958755,0.007837355580895617
7.284770098034048,818.3409587217645,0.3981894341860609,0.4001717127761152,0.576096351412833,-5.042679252647068,1.0,1.019597139273934,81.0365972183265,95.99298032951825,95.99298032951825,2,5,80.0,0,0.0,0.3161792904722927,0.38574486331244007,5,0.03415576227728745,0.4270833333333333,811.0362299116134,0.0,49.82396666148897,1.6125143814086929,862.4727109545111,s0581,96,0.18662381999999994,0.178786464419104,0.007837355580895492,0.00032655648253731217,0.0204044582396211,4.1995472929958755,0.007837355580895617
7.276830378022134,816.8054525390099,0.3981894341859754,0.3541190732910538,0.5151107423219424,-4.3824900973889696,1.0,1.01921565044807,80.14641705010902,94.29648093598503,94.29648093598503,1,7,80.0,0,0.0,0.30612892400821334,0.2769236866549393,6,0.02907429193481532,0.4791666666666667,811.0362299116134,0.0,36.20162353812443,1.5612575124418873,848.7991109621797,s0582,96,0.18662381999999994,0.178786464419104,0.007837355580895492,0.00032655648253731217,0.0204044582396211,4.1995472929958755,0.007837355580895617
7.225745924508653,812.6706480244555,0.39818943418591124,0.3681458472484732,0.5392825233595299,-4.750224050552084,1.0,1.0201949722739778,78.40061473277768,100.12197866089798,100.12197866089798,0,6,80.0,0,0.0,0.3700620864393258,0.2606505335149586,6,0.0319829989370853,0.5416666666666666,811.0362299116134,0.0,34.28062792581345,1.8873166408405608,847.2041744782674,s0583,96,0.18662381999999994,0.178786464419104,0.007837355580895492,0.00032655648253731217,0.0204044582396211,4.1995472929958755,0.007837355580895617
7.260114384841858,814.7077600036738,0.3981894341861322,0.4020383029102504,0.46391382419246346,-5.49247059887287,1.0,1.0185744677512485,85.20401264903829,89.66378551120081,89.66378551120081,4,7,80.0,0,0.0,0.2647011535788268,0.2641090748237494,2,0.02740380114356657,0.4583333333333333,811.0362299116134,0.0,34.68568887294969,1.3499758832520163,847.0718946678151,s0584,96,0.18662381999999994,0.178786464419104,0.007837355580895492,0.00032655648253731217,0.0204044582396211,4.1995472929958755,0.007837355580895617
7.310156080061492,819.5385334899747,0.39818943418595404,0.3899920523971547,0.4551040035673358,-5.000495807573319,1.0,1.019009752813596,78.6406090237159,94.0696773808338,94.0696773808338,0,7,80.0,0,0.0,0.3071183426871778,0.2696211534326227,3,0.03061476385196514,0.4791666666666667,811.0362299116134,0.0,35.48627967674048,1.5663035477046068,848.0888131360584,s0585,96,0.18662381999999994,0.178786464419104,0.007837355580895492,0.00032655648253731217,0.0204044582396211,4.1995472929958755,0.007837355580895617
7.194933223729686,809.2943264423602,0.4010397811039248,0.3519304108412231,0.4630683322083855,-5.039640145298083,1.0,1.020020841531034,83.0123213002669,98.47518759511776,98.47518759511776,3,3,80.0,0,0.0,0.2622048489684174,0.30112913506453015,5,0.030430852663202803,0.40625,811.0362299116134,0.0,39.17668154986166,1.337244729738928,851.550156191214,s0586,96,0.18662381999999994,0.178786464419104,0.007837355580895492,0.00032655648253731217,0.0204044582396211,4.1995472929958755,0.007837355580895617
7.228608448685561,812.2165243375391,0.3981894341870174,0.38196656438926024,0.4656508332403626,-5.05690458263809,1.0,1.0182138705684054,78.35495229608095,87.70188128399448,87.70188128399448,0,4,80.0,0,0.0,0.31134183900782814,0.28139683585454217,6,0.030139671979093167,0.5416666666666666,811.0362299116134,0.0,37.08723047838716,1.5878433789399218,849.7113037689405,s0587,96,0.18662381999999994,0.178786464419104,0.007837355580895492,0.00032655648253731217,0.0204044582396211,4.1995472929958755,0.007837355580895617
7.206701590265199,810.6558476423739,0.40758507091606994,0.36187991997462193,0.5003565718794349,-5.229621258473382,1.0,1.0202462771474712,82.93569718876503,101.25933211748332,101.25933211748332,2,6,80.0,0,0.0,0.29207928371120523,0.26909081915270805,2,0.02718671292631132,0.4479166666666667,811.0362299116134,0.0,34.90900303005324,1.4896043469271458,847.4348372885938,s0588,96,0.18662381999999994,0.178786464419104,0.007837355580895492,0.00032655648253731217,0.0204044582396211,4.1995472929958755,0.007837355580895617
7.298068004587114,819.9974124516011,0.39818943418745856,0.3451814180764424,0.4393269266272792,-4.444592814417029,1.0,1.0188629291476237,77.8947711917476,92.08052568689808,92.08052568689808,0,5,80.0,0,0.0,0.2788078048218238,0.30626924124452265,4,0.03253378151611564,0.5104166666666666,811.0362299116134,0.0,41.21855616124886,1.4219198045913017,853.6767058774536,s0589,96,0.18662381999999994,0.178786464419104,0.007837355580895492,0.00032655648253731217,0.0204044582396211,4.1995472929958755,0.007837355580895617
7.302775338323623,818.4572904167235,0.4048388727462356,0.44610731814506893,0.5147848526137582,-5.203255848930656,1.0,1.0181250060579825,78.72256864662184,88.0376763805477,88.0376763805477,0,3,80.0,0,0.0,0.2890164008443821,0.3175038847273855,5,0.03188534208366047,0.3958333333333333,811.0362299116134,0.0,40.89535673601881,1.4739836443063483,853.4055702919386,s0590,96,0.18662381999999994,0.178786464419104,0.007837355580895492,0.00032655648253731217,0.0204044582396211,4.1995472929958755,0.007837355580895617
7.266140243532079,815.4135429507347,0.3981894341862019,0.3775749839227711,0.44985738221832017,-4.789141815445375,1.0,1.0188869343769344,80.73726517870574,93.31100637463767,93.31100637463767,1,4,80.0,0,0.0,0.2406032624104176,0.3052409353713581,3,0.030221629488353392,0.5208333333333334,811.0362299116134,0.0,40.19629370651185,1.2270766382931297,852.4596002564184,s0591,96,0.18662381999999994,0.178786464419104,0.007837355580895492,0.00032655648253731217,0.0204044582396211,4.1995472929958755,0.007837355580895617
7.2146684479365115,810.6164894558831,0.39818943418599045,0.4690519579342902,0.4586678990904152,-3.054889672087869,1.0,1.0181848901315471,82.24168578866444,92.42217168900024,92.42217168900024,1,4,80.0,0,0.0,0.2981497353405486,0.270802615071028,6,0.02863776863753088,0.5520833333333334,811.0362299116134,0.0,35.09902247056523,1.520563650236797,847.6558160324155,s0592,96,0.18662381999999994,0.178786464419104,0.007837355580895492,0.00032655648253731217,0.0204044582396211,4.1995472929958755,0.007837355580895617
7.1890141058800685,808.3562193057987,0.39818943418600117,0.4190493005116695,0.4752723603221023,-3.1015282431809257,1.0,1.0184151498922707,84.30830940734553,91.94049360790709,91.94049360790709,1,6,80.0,0,0.0,0.32280774711891774,0.276576451749506,7,0.03101028140742963,0.53125,811.0362299116134,0.0,36.239934217116605,1.646319510306481,848.9224836390365,s0593,96,0.18662381999999994,0.178786464419104,0.007837355580895492,0.00032655648253731217,0.0204044582396211,4.1995472929958755,0.007837355580895617
7.286203693105858,817.5898472173471,0.3981894341861198,0.3785564558393645,0.44767804356289775,-4.646584183600019,1.0,1.0211464354188604,79.92302078983829,104.72742581796113,104.72742581796113,0,4,80.0,0,0.0,0.23931721204210082,0.2872437454424167,4,0.028733289977027936,0.4479166666666667,811.0362299116134,0.0,37.447544093215825,1.2205177814147146,849.704291786244,s0594,96,0.18662381999999994,0.178786464419104,0.007837355580895492,0.00032655648253731217,0.0204044582396211,4.1995472929958755,0.007837355580895617
7.251810401713848,813.5316111466398,0.398162039325911,0.29628480277590846,0.5142088890458664,-5.052629551103753,1.0,1.0216359596284819,97.62853596687347,106.53182361651794,106.53182361651794,5,10,80.0,0,0.0,0.30916764810327807,0.28341023935593623,7,0.033180605645986565,0.5208333333333334,811.0362299116134,0.0,38.24821696163841,1.5767550053267179,850.8612018785785,s0595,96,0.18662381999999994,0.178786464419104,0.007837355580895492,0.00032655648253731217,0.0204044582396211,4.1995472929958755,0.007837355580895617
7.2346270760470786,813.2103556297858,0.3981894341863969,0.3682748803284426,0.4821333193844337,-5.238733076549657,1.0,1.0190319159431236,87.15377348194188,92.6419171420246,92.6419171420246,2,8,80.0,0,0.0,0.2896985940115157,0.34747511695293054,5,0.033790221164793514,0.53125,811.0362299116134,0.0,45.09399825926234,1.47746282945873,857.6076910003345,s0596,96,0.18662381999999994,0.178786464419104,0.007837355580895492,0.00032655648253731217,0.0204044582396211,4.1995472929958755,0.007837355580895617
7.152856743171068,804.3813052529933,0.3981894341866395,0.4759661024590841,0.4029399216359871,-4.532676479410418,1.0,1.01725348920207,77.0362138802201,84.28734366718416,84.28734366718416,0,4,80.0,0,0.0,0.29333709401929,0.22141154442444372,3,0.025744434683033984,0.6041666666666666,811.0362299116134,0.0,28.743972923084463,1.4960191794983781,841.2762220141963,s0597,96,0.18662381999999994,0.178786464419104,0.007837355580895492,0.00032655648253731217,0.0204044582396211,4.1995472929958755,0.007837355580895617
7.205606643304791,808.5201665976169,0.39818943418637304,0.44902662145712574,0.49866410728811933,-4.777017522420108,1.0,1.0172146564574343,86.74212391406998,85.311367262466,85.311367262466,3,6,80.0,0,0.0,0.27101927358992,0.3363116846970363,5,0.03386671094046843,0.4583333333333333,811.0362299116134,0.0,43.68181808031418,1.3821982953085918,856.1002462872362,s0598,96,0.18662381999999994,0.178786464419104,0.007837355580895492,0.00032655648253731217,0.0204044582396211,4.1995472929958755,0.007837355580895617
7.23379504788179,812.1587527329541,0.39818943418667563,0.43149628084572345,0.43701211338801216,-2.6026283240805284,1.0,1.0183737727281155,79.66851909052559,91.21632666782725,91.21632666782725,0,2,80.0,0,0.0,0.28128687584565054,0.26204027512809136,6,0.029455972219158397,0.4791666666666667,811.0362299116134,0.0,34.08733272126783,1.4345630668128169,846.5581256996941,s0599,96,0.18662381999999994,0.178786464419104,0.007837355580895492,0.00032655648253731217,0.0204044582396211,4.1995472929958755,0.007837355580895617
7.20804806569954,810.6612756850836,0.4324261387498192,0.24776219651884163,0.5383610043928205,-4.671107579699786,1.0,1.0231046796721082,90.95545425498788,114.43466286128034,114.43466286128034,2,6,80.0,0,0.0,0.28084143121667715,0.3360307439046317,6,0.03433398790214068,0.46875,811.0362299116134,0.0,44.785528967305474,1.4322912992050532,857.254050178124,s0600,96,0.18662381999999994,0.178786464419104,0.007837355580895492,0.00032655648253731217,0.0204044582396211,4.1995472929958755,0.007837355580895617
7.2131375219720635,811.1302987980115,0.39818943418625746,0.37165305417063343,0.4855628647001074,-5.0336069086499124,1.0,1.0176506486989618,77.28592484818812,86.53070160957336,86.53070160957336,0,7,80.0,0,0.0,0.2786912638269403,0.28559447700978224,4,0.02773947673947151,0.53125,811.0362299116134,0.0,37.0617793769996,1.421325445517396,849.5193347341304,s0601,96,0.18662381999999994,0.178786464419104,0.007837355580895492,0.00032655648253731217,0.0204044582396211,4.1995472929958755,0.007837355580895617
7.131086135562811,802.6530756409095,0.39818943418772496,0.43078945904503885,0.4553647634377412,-4.511835311126781,1.0,1.0181811103864968,79.68365264175952,91.45489904958055,91.45489904958055,0,4,80.0,0,0.0,0.31384131420328404,0.25753448690478775,7,0.031064093918953182,0.5625,811.0362299116134,0.0,34.29189913730996,1.6005907024367487,846.9287197513602,s0602,96,0.18662381999999994,0.178786464419104,0.007837355580895492,0.00032655648253731217,0.0204044582396211,4.1995472929958755,0.007837355580895617
7.357742325744122,824.8751442914316,0.3981894341868171,0.30034069215064707,0.5278558206442123,-4.554160680918972,1.0,1.0184086948016855,80.3892050963739,93.1377347155147,93.1377347155147,1,5,80.0,0,0.0,0.3076240986381457,0.32044334257760865,5,0.03307305612400201,0.4791666666666667,811.0362299116134,0.0,41.98487581008785,1.5688829030545421,854.5899886247557,s0603,96,0.18662381999999994,0.178786464419104,0.007837355580895492,0.00032655648253731217,0.0204044582396211,4.1995472929958755,0.007837355580895617
7.297121764009484,818.9338877823207,0.398189434186935,0.36991693897196415,0.4840519897703432,-5.215550133441581,1.0,1.018165834539069,84.47898270774137,87.48469188334306,87.48469188334306,1,2,80.0,0,0.0,0.23272113413823983,0.34219540972567086,4,0.0296148105049324,0.4270833333333333,811.0362299116134,0.0,44.60089400157279,1.1868777841050229,856.8240016972912,s0604,96,0.18662381999999994,0.178786464419104,0.007837355580895492,0.00032655648253731217,0.0204044582396211,4.1995472929958755,0.007837355580895617
7.313658090846754,820.7177828715104,0.39818943418643815,0.2786691971583233,0.4351735109498869,-3.377823197902808,1.0,1.0193161851403403,77.62095269973511,94.98214056094538,94.98214056094538,0,4,80.0,0,0.0,0.2561723960865229,0.29097529894254337,4,0.02656519719016267,0.4166666666666667,811.0362299116134,0.0,38.27301675524148,1.3064792200412672,850.6157258868961,s0605,96,0.18662381999999994,0.178786464419104,0.007837355580895492,0.00032655648253731217,0.0204044582396211,4.1995472929958755,0.007837355580895617
7.1907173615263105,808.0915356462535,0.4051709951461571,0.4291954779806279,0.46796625174840156,-4.407895441498298,1.0,1.0190366345747763,77.77733302776949,92.82225882096782,92.82225882096782,0,6,80.0,0,0.0,0.26537434902748963,0.2687477622536875,4,0.028511667176534163,0.6458333333333334,811.0362299116134,0.0,34.578143349282925,1.353409180040197,846.9677824409366,s0606,96,0.18662381999999994,0.178786464419104,0.007837355580895492,0.00032655648253731217,0.0204044582396211,4.1995472929958755,0.007837355580895617
7.260773622278953,815.1387241150433,0.3981894341865426,0.3375160755415136,0.45515320023159656,-4.642448143044579,1.0,1.0181739549669877,84.82613734605063,89.97243437719565,89.97243437719565,1,5,80.0,0,0.0,0.28114218275588104,0.29829975860522046,6,0.029293614605895513,0.4895833333333333,811.0362299116134,0.0,38.73953207983446,1.4338251320549928,851.2095871235028,s0607,96,0.18662381999999994,0.178786464419104,0.007837355580895492,0.00032655648253731217,0.0204044582396211,4.1995472929958755,0.007837355580895617
7.251963843488824,814.856977799714,0.398189434187459,0.35050639575459797,0.4949724515190598,-4.686171589082003,1.0,1.020382009147454,80.46969227759269,101.22367515664101,101.22367515664101,1,4,80.0,0,0.0,0.2943488122842362,0.28497279716983437,5,0.028939758018790524,0.4895833333333333,811.0362299116134,0.0,37.35401554113523,1.5011789426496047,849.8914243953983,s0608,96,0.18662381999999994,0.178786464419104,0.007837355580895492,0.00032655648253731217,0.0204044582396211,4.1995472929958755,0.007837355580895617
7.141996796639886,803.4315662759817,0.40658301848281064,0.43109817335579437,0.5341474982641685,-5.536878082198192,1.0,1.0193420218737375,86.04749845317714,97.16829397722417,97.16829397722417,3,7,80.0,0,0.0,0.3143100052362354,0.26404189113966287,5,0.029042284778602285,0.6354166666666666,811.0362299116134,0.0,34.57261777193624,1.6029810267048008,847.2118287102545,s0609,96,0.18662381999999994,0.178786464419104,0.007837355580895492,0.00032655648253731217,0.0204044582396211,4.1995472929958755,0.007837355580895617
7.285329262343125,817.2870417622948,0.3981894341859752,0.3585119396538111,0.4218750106267386,-3.536507708232827,1.0,1.0176654903698088,75.98627946384818,83.8570680624252,83.8570680624252,0,3,80.0,0,0.0,0.22078060573940356,0.26549548159170056,1,0.024538830614120117,0.4479166666666667,811.0362299116134,0.0,34.11908437903873,1.125981089270958,846.2812953799231,s0610,96,0.18662381999999994,0.178786464419104,0.007837355580895492,0.00032655648253731217,0.0204044582396211,4.1995472929958755,0.007837355580895617
7.190058615720678,808.8599397746486,0.42430550157042224,0.4073981754628802,0.5654408231186903,-5.996638679686235,1.0,1.0232036541151694,93.80448849013413,115.21088468250902,115.21088468250902,5,6,80.0,0,0.0,0.27777583230827624,0.3402741448418588,5,0.032541812260660184,0.6145833333333334,811.0362299116134,0.0,45.35495116514568,1.4166567447722078,857.8078378215313,s0611,96,0.18662381999999994,0.178786464419104,0.007837355580895492,0.00032655648253731217,0.0204044582396211,4.1995472929958755,0.007837355580895617
7.183510831197928,806.6009467900826,0.3981894341882464,0.4321230743308222,0.5065562372144148,-4.999734414873681,1.0,1.0187706793472717,81.958352326576,93.65898730353679,93.65898730353679,1,6,80.0,0,0.0,0.3226483161814485,0.2863703156915373,7,0.030657219148473278,0.5,811.0362299116134,0.0,37.190256011601704,1.6455064125253869,849.8719923357405,s0612,96,0.18662381999999994,0.178786464419104,0.007837355580895492,0.00032655648253731217,0.0204044582396211,4.1995472929958755,0.007837355580895617
7.160005467417632,805.4878454130154,0.41454174434187757,0.40941614529090986,0.5111671547381802,-4.675308881771674,1.0,1.0184527776446943,86.33847376322063,90.38235508502785,90.38235508502785,2,6,80.0,0,0.0,0.3048186845894682,0.32990611020114535,6,0.03256231376748818,0.5833333333333334,811.0362299116134,0.0,42.57379488960882,1.5545752914062874,855.1646000926286,s0613,96,0.18662381999999994,0.178786464419104,0.007837355580895492,0.00032655648253731217,0.0204044582396211,4.1995472929958755,0.007837355580895617
7.259123676411411,815.6055513785641,0.39818943418595065,0.3006124922278636,0.4544179503906476,-4.43497356965923,1.0,1.0185681554473804,81.28758075146587,93.92817873383797,93.92817873383797,1,3,80.0,0,0.0,0.26323303337378523,0.28426035003207745,3,0.02810035124913299,0.4166666666666667,811.0362299116134,0.0,36.504269274126656,1.3424884702063038,848.8829876559463,s0614,96,0.18662381999999994,0.178786464419104,0.007837355580895492,0.00032655648253731217,0.0204044582396211,4.1995472929958755,0.007837355580895617
7.279878035249466,816.8417726988266,0.4147527583490605,0.43071346261276816,0.5055886983375976,-4.32013486978683,1.0,1.018078174703324,79.4848204888271,91.49935268878677,91.49935268878677,0,5,80.0,0,0.0,0.30586609832441003,0.2764916572191213,6,0.030850435991361808,0.5416666666666666,811.0362299116134,0.0,37.32004629087614,1.5599171014544913,849.916193303944,s0615,96,0.18662381999999994,0.178786464419104,0.007837355580895492,0.00032655648253731217,0.0204044582396211,4.1995472929958755,0.007837355580895617
7.1835555661544435,807.2599746166094,0.3981894341862747,0.3622431993328459,0.4488954736167471,-4.128865774547651,1.0,1.0185112130718397,85.38225411707998,94.20108003586442,94.20108003586442,1,4,80.0,0,0.0,0.27199724190636637,0.2493191665563972,5,0.028314585328792295,0.5520833333333334,811.0362299116134,0.0,33.20942335960816,1.3871859337224683,845.632839204944,s0616,96,0.18662381999999994,0.178786464419104,0.007837355580895492,0.00032655648253731217,0.0204044582396211,4.1995472929958755,0.007837355580895617
7.224794447185416,811.795746114555,0.39816203933006733,0.3437367583267308,0.5106685251636047,-4.307555557578947,1.0,1.0220698479670252,85.73157615019366,108.68265088440478,108.68265088440478,2,8,80.0,0,0.0,0.2696082113828823,0.34824029860333383,6,0.035586479380104154,0.5,811.0362299116134,0.0,46.99895804147458,1.3750018780527002,859.4101898311407,s0617,96,0.18662381999999994,0.178786464419104,0.007837355580895492,0.00032655648253731217,0.0204044582396211,4.1995472929958755,0.007837355580895617
7.288881561577389,818.1401847143543,0.3981894341864527,0.35097034203109545,0.442209400696608,-4.9219701860120155,1.0,1.018014309056043,86.6230184136997,86.551864281996,86.551864281996,2,2,80.0,0,0.0,0.23944913642252708,0.3412444755717081,4,0.03286425654198735,0.4270833333333333,811.0362299116134,0.0,45.190013195235686,1.2211905957548876,857.447433702604,s0618,96,0.18662381999999994,0.178786464419104,0.007837355580895492,0.00032655648253731217,0.0204044582396211,4.1995472929958755,0.007837355580895617
7.3055375756603835,820.5748673507941,0.39818943418593794,0.3190781037652037,0.6004061082177303,-4.7349660960386295,1.0,1.0197118866251078,80.83865934865358,97.68122483934253,97.68122483934253,1,8,80.0,0,0.0,0.27344000546698927,0.385657217887145,4,0.03362964447660051,0.4583333333333333,811.0362299116134,0.0,50.90663285827389,1.3945440278816457,863.337406797769,s0619,96,0.18662381999999994,0.178786464419104,0.007837355580895492,0.00032655648253731217,0.0204044582396211,4.1995472929958755,0.007837355580895617
7.2921739287300085,819.8713183596142,0.3981894341877627,0.31588712383691653,0.5321246172572154,-5.544066344185983,1.0,1.0190489224030463,80.11811387136608,93.55789945196746,93.55789945196746,1,5,80.0,0,0.0,0.29163489842967677,0.3130504235341643,4,0.031265187426243436,0.4583333333333333,811.0362299116134,0.0,41.87311327638164,1.4873379819913524,854.3966811699864,s0620,96,0.18662381999999994,0.178786464419104,0.007837355580895492,0.00032655648253731217,0.0204044582396211,4.1995472929958755,0.007837355580895617
7.228291335262409,811.6623132890448,0.39818943418598235,0.3649315905154234,0.46512383988452866,-5.61378505909498,1.0,1.018291662695778,82.78620748849904,92.90126803897915,92.90126803897915,4,11,80.0,0,0.0,0.2725370050301113,0.26533869631578977,5,0.028086575530335386,0.5729166666666666,811.0362299116134,0.0,33.78556330505644,1.389938725653567,846.2117319423235,s0621,96,0.18662381999999994,0.178786464419104,0.007837355580895492,0.00032655648253731217,0.0204044582396211,4.1995472929958755,0.007837355580895617
7.280263820122966,817.4112701590757,0.4014255545205038,0.3887875217923722,0.5264816237564423,-2.476091804906247,1.0,1.017530570091204,81.25527730244275,89.50675003644129,89.50675003644129,2,3,80.0,0,0.0,0.2960021568813379,0.3103007674725474,3,0.029646673019521844,0.5208333333333334,811.0362299116134,0.0,40.28480708372457,1.5096110000948229,852.8306479954329,s0622,96,0.18662381999999994,0.178786464419104,0.007837355580895492,0.00032655648253731217,0.0204044582396211,4.1995472929958755,0.007837355580895617
7.254085913162471,815.8443592065827,0.3995496912883606,0.320569920154193,0.4819855309781105,-3.7931460558311443,1.0,1.016791456421408,83.57274550140687,80.46841618350521,80.46841618350521,1,1,80.0,0,0.0,0.27534368347398464,0.36023843229244357,4,0.03360856937756283,0.46875,811.0362299116134,0.0,47.71512168996575,1.4042527857173215,860.1556043872964,s0623,96,0.18662381999999994,0.178786464419104,0.007837355580895492,0.00032655648253731217,0.0204044582396211,4.1995472929958755,0.007837355580895617
7.17173904116944,807.1460787384248,0.3981894341867797,0.35979963854149044,0.46914218028699073,-5.8665038429618015,1.0,1.0191170806450207,86.97897064159625,92.79722945382504,92.79722945382504,2,5,80.0,0,0.0,0.28150706119060315,0.29990442752694935,3,0.029800326043030245,0.5416666666666666,811.0362299116134,0.0,39.24719589254382,1.4356860120720758,851.7191118162293,s0624,96,0.18662381999999994,0.178786464419104,0.007837355580895492,0.00032655648253731217,0.0204044582396211,4.1995472929958755,0.007837355580895617
7.237313203729415,813.206070912662,0.3981894341866973,0.38216971577708814,0.3931203756122825,-4.519816465513014,1.0,1.0189469642403857,79.42644994675025,94.74820522056154,94.74820522056154,0,4,80.0,0,0.0,0.23728148764737575,0.2790025256770762,2,0.02840128381027251,0.5208333333333334,811.0362299116134,0.0,36.70367127589552,1.2101355870016155,848.9500367745105,s0625,96,0.18662381999999994,0.178786464419104,0.007837355580895492,0.00032655648253731217,0.0204044582396211,4.1995472929958755,0.007837355580895617
7.305135551026853,819.6300535100833,0.39818943418599156,0.4072734930820249,0.46683975061608046,-3.929460691683891,1.0,1.0184883808777956,73.82506837891464,89.65595685024516,89.65595685024516,0,6,80.0,0,0.0,0.2556185723254242,0.2875143733722628,5,0.027887970918197395,0.4479166666666667,811.0362299116134,0.0,37.759654664367076,1.3036547188596632,850.0995392948402,s0626,96,0.18662381999999994,0.178786464419104,0.007837355580895492,0.00032655648253731217,0.0204044582396211,4.1995472929958755,0.007837355580895617
7.234402531089232,812.1693652230106,0.398189434185857,0.3877462509479516,0.4995704687378593,-6.2550424184468385,1.0,1.0207489784250716,89.81522319116955,101.6929116679087,101.6929116679087,2,12,80.0,0,0.0,0.30943984382279854,0.2665606384489092,5,0.029206018089240122,0.5729166666666666,811.0362299116134,0.0,35.54746768754987,1.5781432034962717,848.1618408026596,s0627,96,0.18662381999999994,0.178786464419104,0.007837355580895492,0.00032655648253731217,0.0204044582396211,4.1995472929958755,0.007837355580895617
7.192790231885954,808.7828537734354,0.4015829526285867,0.34858888294727686,0.4834096620575494,-5.571048463104766,1.0,1.019175611474581,82.90660711971705,94.74669587010722,94.74669587010722,2,5,80.0,0,0.0,0.3039636289548312,0.3101693001849689,8,0.03282391414751618,0.53125,811.0362299116134,0.0,40.766977263023726,1.5502145076696392,853.3534216823068,s0628,96,0.18662381999999994,0.178786464419104,0.007837355580895492,0.00032655648253731217,0.0204044582396211,4.1995472929958755,0.007837355580895617
7.225095975997206,812.321222478444,0.39818943418825314,0.37140762345408457,0.4604310857546264,-5.658744440638455,1.0,1.0180926857789048,79.90275642518739,86.5893346081821,86.5893346081821,0,3,80.0,0,0.0,0.24702999494040734,0.30070735351188776,1,0.02787355153526179,0.4791666666666667,811.0362299116134,0.0,38.38849732728482,1.2598529741960773,850.6845802130943,s0629,96,0.18662381999999994,0.178786464419104,0.007837355580895492,0.00032655648253731217,0.0204044582396211,4.1995472929958755,0.007837355580895617
7.304905561123838,819.532187491314,0.39818943418597164,0.34176762740851613,0.4464656019002592,-4.458260352732439,1.0,1.019130557440089,77.37166272690145,93.72493127768008,93.72493127768008,0,4,80.0,0,0.0,0.25041915885958493,0.26585884841303054,4,0.026556924989783577,0.4270833333333333,811.0362299116134,0.0,35.076357773423396,1.277137710183884,847.3897253952207,s0630,96,0.18662381999999994,0.178786464419104,0.007837355580895492,0.00032655648253731217,0.0204044582396211,4.1995472929958755,0.007837355580895617
7.242460259709507,811.2730835259002,0.39818943418590386,0.43220604863723994,0.4329393040937393,-5.495034705579447,1.0,1.0196416954726224,83.69524249239579,95.19121881085645,95.19121881085645,2,8,80.0,0,0.0,0.27635825603202013,0.3046249262661811,5,0.03408217709498721,0.4895833333333333,811.0362299116134,0.0,41.156560687259955,1.4094271057633019,853.6022177046366,s0631,96,0.18662381999999994,0.178786464419104,0.007837355580895492,0.00032655648253731217,0.0204044582396211,4.1995472929958755,0.007837355580895617
7.165964960777343,806.0195299139989,0.3981894341859754,0.432569575779876,0.4467569436256654,-5.0565602414115025,1.0,1.0182369177876904,80.86772060010615,88.0385563913419,88.0385563913419,2,3,80.0,0,0.0,0.2816513180724947,0.30059064495692905,4,0.030093191220991456,0.5416666666666666,811.0362299116134,0.0,38.52602972483564,1.4364217221697229,850.9986813586188,s0632,96,0.18662381999999994,0.178786464419104,0.007837355580895492,0.00032655648253731217,0.0204044582396211,4.1995472929958755,0.007837355580895617
7.330654893067719,822.5942256148082,0.40021225992703824,0.3297088432952411,0.45796667927141155,-4.596768799479757,1.0,1.0184004766193633,79.44077187169401,92.30324746654016,92.30324746654016,0,4,80.0,0,0.0,0.2649313160431843,0.29568032640784914,5,0.027330520869883128,0.4166666666666667,811.0362299116134,0.0,39.07115651860919,1.3511497118202398,851.4585361420428,s0633,96,0.18662381999999994,0.178786464419104,0.007837355580895492,0.00032655648253731217,0.0204044582396211,4.1995472929958755,0.007837355580895617
7.130823029657901,802.7261878597717,0.3981894341874748,0.41675642196934326,0.4860169591980068,-4.372914566696682,1.0,1.0191788228887677,82.83977028624997,95.03876781978451,95.03876781978451,2,3,80.0,0,0.0,0.32223056860224814,0.25265793303806294,4,0.02787897160550719,0.5208333333333334,811.0362299116134,0.0,33.039365127289436,1.6433758998714652,845.7189709387743,s0634,96,0.18662381999999994,0.178786464419104,0.007837355580895492,0.00032655648253731217,0.0204044582396211,4.1995472929958755,0.007837355580895617
7.338768897524035,822.9712557074097,0.3981894341859916,0.3063460884639933,0.47482197448794083,-6.410186640488154,1.0,1.019282087678943,79.11614099808665,94.50409060087215,94.50409060087215,0,6,80.0,0,0.0,0.2635960958100565,0.3025364826474184,3,0.028385669734740795,0.4375,811.0362299116134,0.0,39.32662908598368,1.3443400886312882,851.7071990862283,s0635,96,0.18662381999999994,0.178786464419104,0.007837355580895492,0.00032655648253731217,0.0204044582396211,4.1995472929958755,0.007837355580895617
7.182664257310449,807.7106741957911,0.398189434185983,0.401265869664569,0.43915328069724074,-5.54350457056433,1.0,1.0187259148220214,82.91298715454046,91.56341315707567,91.56341315707567,2,9,80.0,0,0.0,0.2547760708670485,0.26082530081714694,1,0.025730387595907584,0.53125,811.0362299116134,0.0,33.35987260924869,1.299357961421948,845.695460482284,s0636,96,0.18662381999999994,0.178786464419104,0.007837355580895492,0.00032655648253731217,0.0204044582396211,4.1995472929958755,0.007837355580895617
7.223687548268352,810.8965258818986,0.3981894341859144,0.4567679438807554,0.48618146922306676,-5.763373554702348,1.0,1.0201343767486173,81.76267933539442,99.36030983297532,99.36030983297532,1,8,80.0,0,0.0,0.3199966885447937,0.2779899801270016,9,0.03313612279247298,0.4895833333333333,811.0362299116134,0.0,36.78327184793302,1.6319831115784473,849.4514848711249,s0637,96,0.18662381999999994,0.178786464419104,0.007837355580895492,0.00032655648253731217,0.0204044582396211,4.1995472929958755,0.007837355580895617
7.113293105599007,800.4141354743456,0.3981894341859599,0.45078780439492194,0.5203832530122943,-4.460033874321497,1.0,1.018801741620996,96.273868625825,93.09273782842116,93.09273782842116,3,9,80.0,0,0.0,0.32948225656992913,0.2498051055831184,6,0.029637990227035765,0.5208333333333334,811.0362299116134,0.0,32.25848007081488,1.680359508506638,844.975069490935,s0638,96,0.18662381999999994,0.178786464419104,0.007837355580895492,0.00032655648253731217,0.0204044582396211,4.1995472929958755,0.007837355580895617
7.220729321161317,810.9270593813591,0.39818943418601993,0.39122416240076163,0.4182577976557489,-5.203771091988606,1.0,1.0174990628916036,80.52474529381286,87.38974711891643,87.38974711891643,1,6,80.0,0,0.0,0.242057296526682,0.2620660831868613,2,0.025319140725877126,0.5208333333333334,811.0362299116134,0.0,33.36768384341174,1.2344922122860786,845.6384059673113,s0639,96,0.18662381999999994,0.178786464419104,0.007837355580895492,0.00032655648253731217,0.0204044582396211,4.1995472929958755,0.007837355580895617
7.221295682647314,811.211092544713,0.39818943418598113,0.3309070253374848,0.48835050199744606,-5.2596687185781015,1.0,1.0181843986764243,82.32384636356149,86.30059221516217,86.30059221516217,2,7,80.0,0,0.0,0.3222095626361618,0.2607912399938339,7,0.02933696791257682,0.5729166666666666,811.0362299116134,0.0,34.44413896419334,1.6432687694444257,847.1236376452512,s0640,96,0.18662381999999994,0.178786464419104,0.007837355580895492,0.00032655648253731217,0.0204044582396211,4.1995472929958755,0.007837355580895617
7.248274305512633,814.1481886249593,0.39909262455297784,0.3874671654761236,0.5353825174773125,-5.790087092519573,1.0,1.01954487915778,86.14825866807489,98.17144302093827,98.17144302093827,3,5,80.0,0,0.0,0.2921028976306408,0.3495147761015053,6,0.03546285289735107,0.4583333333333333,811.0362299116134,0.0,46.1358631304929,1.4897247779162677,858.6618178200226,s0641,96,0.18662381999999994,0.178786464419104,0.007837355580895492,0.00032655648253731217,0.0204044582396211,4.1995472929958755,0.007837355580895617
7.227102780677337,811.8673819470835,0.3981894341859776,0.3660239602925771,0.45174306527746855,-5.539712437318038,1.0,1.0195497531389506,82.33177165904645,96.87751087522358,96.87751087522358,1,7,80.0,0,0.0,0.30056091954369696,0.21973200644964244,2,0.025576609578085458,0.53125,811.0362299116134,0.0,28.83728980287464,1.5328606896728547,841.4063804041609,s0642,96,0.18662381999999994,0.178786464419104,0.007837355580895492,0.00032655648253731217,0.0204044582396211,4.1995472929958755,0.007837355580895617
7.250725065814638,813.570141036732,0.39818943418660396,0.3830545293222325,0.4363301276301712,-6.357512928204265,1.0,1.01845432691813,83.94678223501735,88.6829620328158,88.6829620328158,3,8,80.0,0,0.0,0.2798976857473842,0.22040240299484387,5,0.025120639328675018,0.5520833333333334,811.0362299116134,0.0,28.305000483743054,1.4274781973116584,840.7687085926681,s0643,96,0.18662381999999994,0.178786464419104,0.007837355580895492,0.00032655648253731217,0.0204044582396211,4.1995472929958755,0.007837355580895617
7.146294139179352,802.9941813209741,0.3981894341866185,0.44189389542819557,0.40843823072312857,-5.546643359700269,1.0,1.0184314184873509,87.26968052692578,89.74311186690691,89.74311186690691,1,9,80.0,0,0.0,0.2686488502482413,0.30816803516214575,4,0.03569606459342263,0.5729166666666666,811.0362299116134,0.0,41.05597759502423,1.3701091362660307,853.4623166429037,s0644,96,0.18662381999999994,0.178786464419104,0.007837355580895492,0.00032655648253731217,0.0204044582396211,4.1995472929958755,0.007837355580895617
7.287597449206401,817.6737117457785,0.4007417804247716,0.345153965183017,0.5358720145601392,-3.6980844421254666,1.0,1.0186165055552439,86.80521523990672,89.65493438708803,89.65493438708803,1,2,80.0,0,0.0,0.25697443722600866,0.3641425836245835,3,0.030961807336291263,0.46875,811.0362299116134,0.0,47.422540636144156,1.3105696298526437,859.7693401776103,s0645,96,0.18662381999999994,0.178786464419104,0.007837355580895492,0.00032655648253731217,0.0204044582396211,4.1995472929958755,0.007837355580895617
7.324266406257719,821.8123197696724,0.3981894341859267,0.2710232220286304,0.4434555850650392,-6.2776652434306035,1.0,1.0195196707656884,76.07317502770663,94.09275409002133,94.09275409002133,0,4,80.0,0,0.0,0.22020258953388874,0.2881732083083847,3,0.025314690046959434,0.4270833333333333,811.0362299116134,0.0,37.07863596309542,1.1230332066228326,849.2378990813316,s0646,96,0.18662381999999994,0.178786464419104,0.007837355580895492,0.00032655648253731217,0.0204044582396211,4.1995472929958755,0.007837355580895617
7.262493404496375,815.4835084147694,0.3981894341860231,0.393200130562544,0.47671411309986866,-5.241512667495548,1.0,1.0178510982101487,81.11607613517975,86.91380964138251,86.91380964138251,1,5,80.0,0,0.0,0.2802671153032572,0.2643112223129602,3,0.02603433550179919,0.4270833333333333,811.0362299116134,0.0,34.34475758364639,1.4293622880466115,846.8103497833064,s0647,96,0.18662381999999994,0.178786464419104,0.007837355580895492,0.00032655648253731217,0.0204044582396211,4.1995472929958755,0.007837355580895617
7.2652109765582455,815.8609056546024,0.39818943418608027,0.35255038554002216,0.5309863422011372,-5.055045664338713,1.0,1.0183667338627227,82.491447472881,88.39060895778098,88.39060895778098,3,10,80.0,0,0.0,0.32917594049739385,0.27503440957043246,7,0.0317859809570682,0.5520833333333334,811.0362299116134,0.0,36.33504391847582,1.6787972965367075,849.0500711266259,s0648,96,0.18662381999999994,0.178786464419104,0.007837355580895492,0.00032655648253731217,0.0204044582396211,4.1995472929958755,0.007837355580895617
7.196441384856879,808.9695973919227,0.3981894341868049,0.38330049743966654,0.5017835888723481,-5.254771445232611,1.0,1.0191783012041884,90.23351201515376,93.71563247320029,93.71563247320029,4,10,80.0,0,0.0,0.32135627525528604,0.2561836425780968,4,0.03003948165496671,0.4270833333333333,811.0362299116134,0.0,33.82629566909661,1.6389170038019591,846.5014425845119,s0649,96,0.18662381999999994,0.178786464419104,0.007837355580895492,0.00032655648253731217,0.0204044582396211,4.1995472929958755,0.007837355580895617
7.1908387260749045,807.2167353465957,0.40028875301474665,0.4194838677296093,0.5194250884558956,-5.176715899857744,1.0,1.0207319663398955,104.65715322018087,104.85343099102397,104.85343099102397,3,8,80.0,0,0.0,0.2913680701244323,0.3382277916816461,8,0.035836385606100155,0.4791666666666667,811.0362299116134,0.0,44.63685400896236,1.485977157634604,857.1590610782104,s0650,96,0.18662381999999994,0.178786464419104,0.007837355580895492,0.00032655648253731217,0.0204044582396211,4.1995472929958755,0.007837355580895617
7.247146148326832,814.2687972237337,0.3981894341858411,0.3623573516108576,0.46713459758107345,-4.894420153124308,1.0,1.021072666121542,81.39365737720406,104.36174311475203,104.36174311475203,2,6,80.0,0,0.0,0.2634098009370608,0.2775932511017714,5,0.027262674889351617,0.46875,811.0362299116134,0.0,36.29296898818634,1.3433899847790096,848.6725888845788,s0651,96,0.18662381999999994,0.178786464419104,0.007837355580895492,0.00032655648253731217,0.0204044582396211,4.1995472929958755,0.007837355580895617
7.181853283736093,807.3321964183342,0.39818943418628844,0.3452838828210766,0.5093639499060616,-4.989699841247105,1.0,1.0180599792462193,90.37821474022435,90.16032874757613,90.16032874757613,2,7,80.0,0,0.0,0.3074705289096107,0.27813175657959877,4,0.029695503194256394,0.53125,811.0362299116134,0.0,35.828533801612394,1.5680996974390142,848.4328634106648,s0652,96,0.18662381999999994,0.178786464419104,0.007837355580895492,0.00032655648253731217,0.0204044582396211,4.1995472929958755,0.007837355580895617
7.225196081382399,811.9782917537925,0.39818943418799724,0.336038606987912,0.46549792693710157,-2.6357970478105197,1.0,1.0176710250070917,81.11597337378497,89.56678688025805,89.56678688025805,2,3,80.0,0,0.0,0.26752011197840225,0.2984415366285893,3,0.027816655236692307,0.4895833333333333,811.0362299116134,0.0,38.34753070190278,1.3643525710898514,850.748113184606,s0653,96,0.18662381999999994,0.178786464419104,0.007837355580895492,0.00032655648253731217,0.0204044582396211,4.1995472929958755,0.007837355580895617
7.18413762741331,807.0381231155711,0.3981894341869556,0.47067721190521106,0.5179031517527664,-5.828353125009536,1.0,1.019639846494528,80.4208065185714,96.03791153735449,96.03791153735449,1,7,80.0,0,0.0,0.2840012847243174,0.3450418423055033,4,0.033541752521128135,0.4895833333333333,811.0362299116134,0.0,45.86150682102257,1.4484065520940173,858.34614328473,s0654,96,0.18662381999999994,0.178786464419104,0.007837355580895492,0.00032655648253731217,0.0204044582396211,4.1995472929958755,0.007837355580895617
7.284388116871977,817.1809681249734,0.40638029102808026,0.3646122444439338,0.4495453324550883,-4.5678545209440315,1.0,1.0181873639944707,79.6063279383991,88.98327996242617,88.98327996242617,0,5,80.0,0,0.0,0.27188770256930384,0.29166017393945504,5,0.0303789544007479,0.4270833333333333,811.0362299116134,0.0,38.95505154939269,1.3866272831034494,851.3779087441095,s0655,96,0.18662381999999994,0.178786464419104,0.007837355580895492,0.00032655648253731217,0.0204044582396211,4.1995472929958755,0.007837355580895617
7.242151049373039,813.4589510898754,0.39818943418604497,0.3996933864789848,0.5305139461675098,-4.8103134862273595,1.0,1.017756249043945,77.50352842456468,85.02677214257423,85.02677214257423,0,6,80.0,0,0.0,0.32878541041843157,0.22898618711368884,6,0.027140261744146812,0.4479166666666667,811.0362299116134,0.0,29.948503946762447,1.6768055931340005,842.6615394515098,s0656,96,0.18662381999999994,0.178786464419104,0.007837355580895492,0.00032655648253731217,0.0204044582396211,4.1995472929958755,0.007837355580895617
7.164078176807976,805.6609131019275,0.3981894341863077,0.38713407839080827,0.48394240928884535,-4.984698274209851,1.0,1.0185436665387355,81.45046217004092,89.5149210417039,89.5149210417039,2,4,80.0,0,0.0,0.28167915985358194,0.2552169121110942,2,0.025731245637952403,0.5729166666666666,811.0362299116134,0.0,32.30716316494425,1.4365637152532666,844.7799567918108,s0657,96,0.18662381999999994,0.178786464419104,0.007837355580895492,0.00032655648253731217,0.0204044582396211,4.1995472929958755,0.007837355580895617
7.290060513843354,817.9787911340418,0.401782332621368,0.3459849254965469,0.45840135776747737,-5.890360415721443,1.0,1.0196726709201582,82.73017989927736,98.8049143309175,98.8049143309175,2,8,80.0,0,0.0,0.29665185358559676,0.28182931482044193,6,0.030506042788262744,0.5208333333333334,811.0362299116134,0.0,37.57824140428276,1.5129244532865433,850.1273957691827,s0658,96,0.18662381999999994,0.178786464419104,0.007837355580895492,0.00032655648253731217,0.0204044582396211,4.1995472929958755,0.007837355580895617
7.244467740597402,813.7309188371721,0.39818943418589947,0.33940124610197986,0.474752298778262,-4.545083361742356,1.0,1.0193750061753195,81.20453312547859,93.96384452702651,93.96384452702651,3,4,80.0,0,0.0,0.2489045204845071,0.35547329647682746,3,0.03267598011564529,0.53125,811.0362299116134,0.0,46.54083091537492,1.2694130544709858,858.8464738814594,s0659,96,0.18662381999999994,0.178786464419104,0.007837355580895492,0.00032655648253731217,0.0204044582396211,4.1995472929958755,0.007837355580895617
7.280464222902368,817.4043810291028,0.39818943418620295,0.3404264102475248,0.43753298754249353,-4.787672792770153,1.0,1.0178416712382725,78.77129903867514,85.70204318724645,85.70204318724645,0,7,80.0,0,0.0,0.2630931796801788,0.28902525247424316,4,0.028998885338102017,0.5416666666666666,811.0362299116134,0.0,37.91987967902955,1.3417752163689114,850.2978848070119,s0660,96,0.18662381999999994,0.178786464419104,0.007837355580895492,0.00032655648253731217,0.0204044582396211,4.1995472929958755,0.007837355580895617
7.240694568935283,813.8149063388901,0.4056513938668641,0.3409707815258129,0.469797145233526,-4.900217227353956,1.0,1.0183125193073286,79.3087736496191,89.76317834034016,89.76317834034016,0,5,80.0,0,0.0,0.28447748538118134,0.27699366902475137,4,0.02918221587282472,0.53125,811.0362299116134,0.0,36.03072216292876,1.4508351754440243,848.5177872499862,s0661,96,0.18662381999999994,0.178786464419104,0.007837355580895492,0.00032655648253731217,0.0204044582396211,4.1995472929958755,0.007837355580895617
7.2003769766827705,809.4427512226529,0.3981894341860055,0.41867757331441924,0.4923999145597021,-5.201378149626305,1.0,1.020992128576378,81.34510895928666,104.24810530748361,104.24810530748361,2,7,80.0,0,0.0,0.3088928255713977,0.28680790059095124,7,0.029824433979268216,0.4895833333333333,811.0362299116134,0.0,37.40991448593509,1.5753534104141274,850.0214978079626,s0662,96,0.18662381999999994,0.178786464419104,0.007837355580895492,0.00032655648253731217,0.0204044582396211,4.1995472929958755,0.007837355580895617
7.18869124430844,807.7181314186175,0.39818943418596786,0.43283248200012814,0.46527840721545294,-4.677763847218784,1.0,1.0182096222959414,79.24921516785865,88.27001135274706,88.27001135274706,0,10,80.0,0,0.0,0.3427461127097602,0.23621822772377504,5,0.02891016671246057,0.53125,811.0362299116134,0.0,30.71876510975187,1.7480051748197771,843.5030001961851,s0663,96,0.18662381999999994,0.178786464419104,0.007837355580895492,0.00032655648253731217,0.0204044582396211,4.1995472929958755,0.007837355580895617
7.236215966893153,812.611255071998,0.3981894341877338,0.4403499812473213,0.44169209684549965,-4.300803260236657,1.0,1.0171610012654575,78.31594947318557,87.5082346518359,87.5082346518359,0,3,80.0,0,0.0,0.2805766798774116,0.2763486018566326,4,0.028899805766080495,0.5729166666666666,811.0362299116134,0.0,36.26676292027349,1.4309410673747986,848.7339338992617,s0664,96,0.18662381999999994,0.178786464419104,0.007837355580895492,0.00032655648253731217,0.0204044582396211,4.1995472929958755,0.007837355580895617
7.136083931740224,802.0672576839925,0.3981894341858878,0.4335828943317352,0.5119541411511641,-4.048609614336495,1.0,1.0194016022341141,81.82630508425021,94.34715361137957,94.34715361137957,1,5,80.0,0,0.0,0.32058302924203774,0.2878461105567512,7,0.031535865119841806,0.5,811.0362299116134,0.0,38.361498190772906,1.6349734491343924,851.0327015515206,s0665,96,0.18662381999999994,0.178786464419104,0.007837355580895492,0.00032655648253731217,0.0204044582396211,4.1995472929958755,0.007837355580895617
7.304942906445229,820.1019830007243,0.43072350041663277,0.3655004258409082,0.5193861884120196,-4.736929916324493,1.0,1.0185096008735977,77.63496534026199,89.4178523336936,89.4178523336936,0,5,80.0,0,0.0,0.30647102819989047,0.29834764296294863,4,0.028608551797853283,0.46875,811.0362299116134,0.0,39.210452180155514,1.5630022438194415,851.8096843355884,s0666,96,0.18662381999999994,0.178786464419104,0.007837355580895492,0.00032655648253731217,0.0204044582396211,4.1995472929958755,0.007837355580895617
7.280684679282816,817.2080479713395,0.4040256189910111,0.38962486708034477,0.5074949233371604,-4.555572905478442,1.0,1.0187528475281762,78.32622238633563,92.4827646860701,92.4827646860701,0,2,80.0,0,0.0,0.30139976884983594,0.307323297904895,7,0.031825326566190075,0.4895833333333333,811.0362299116134,0.0,40.42817182706878,1.5371388211341637,853.0015405598164,s0667,96,0.18662381999999994,0.178786464419104,0.007837355580895492,0.00032655648253731217,0.0204044582396211,4.1995472929958755,0.007837355580895617
7.081350686265422,798.1874626457436,0.40412258717453875,0.41036620842603355,0.50519172261734,-5.263277261409084,1.0,1.0185824295223185,95.02347076104397,90.90395080072636,90.90395080072636,3,4,80.0,0,0.0,0.28204013530002375,0.3126642093129958,3,0.0295820230088208,0.59375,811.0362299116134,0.0,39.6173250909543,1.4384046900301217,852.0919596925978,s0668,96,0.18662381999999994,0.178786464419104,0.007837355580895492,0.00032655648253731217,0.0204044582396211,4.1995472929958755,0.007837355580895617
7.229285436003621,811.5292500879807,0.3981894341877421,0.42110960208345394,0.506036736837115,-6.751669633152165,1.0,1.0192751199842252,87.13736930891885,93.5487305006122,93.5487305006122,4,14,80.0,0,0.0,0.30687753030853654,0.3250016067775455,8,0.03292594324164478,0.5208333333333334,811.0362299116134,0.0,42.225738466262065,1.5650754045735362,854.8270437824491,s0669,96,0.18662381999999994,0.178786464419104,0.007837355580895492,0.00032655648253731217,0.0204044582396211,4.1995472929958755,0.007837355580895617
7.248606912191931,814.3419255999773,0.3981894341862458,0.38499200242688236,0.46181418727923895,-6.208924383826667,1.0,1.0190128935628189,79.66021798833077,95.15557986107228,95.15557986107228,0,7,80.0,0,0.0,0.28646816188092195,0.32905494197662233,5,0.032505369121650356,0.5520833333333334,811.0362299116134,0.0,43.174818356197264,1.4609876255927026,855.6720358934034,s0670,96,0.18662381999999994,0.178786464419104,0.007837355580895492,0.00032655648253731217,0.0204044582396211,4.1995472929958755,0.007837355580895617
7.204132129315051,809.634407470937,0.40596965354273906,0.35586367678081143,0.5680314601368187,-3.8570451269396577,1.0,1.0193725950758468,83.5913006561551,95.14915343105775,95.14915343105775,3,8,80.0,0,0.0,0.28939847589797374,0.38021919896611556,4,0.03490604125424792,0.5208333333333334,811.0362299116134,0.0,48.35441431114863,1.4759322270796658,860.8665764498417,s0671,96,0.18662381999999994,0.178786464419104,0.007837355580895492,0.00032655648253731217,0.0204044582396211,4.1995472929958755,0.007837355580895617
7.269425584359332,816.6043984344253,0.39818943418598735,0.3356716612514996,0.5113256655059089,-5.049603729885681,1.0,1.01885590920268,81.96836984821981,94.18559289909028,94.18559289909028,3,7,80.0,0,0.0,0.26433253441632465,0.30473799219930187,3,0.02987099418416258,0.5104166666666666,811.0362299116134,0.0,39.62844087944253,1.3480959255232552,852.0127667165792,s0672,96,0.18662381999999994,0.178786464419104,0.007837355580895492,0.00032655648253731217,0.0204044582396211,4.1995472929958755,0.007837355580895617
7.259292933977462,815.0845249300569,0.3981894341859954,0.3294118861716657,0.4821480419339563,-5.010381121449467,1.0,1.0184859601143963,81.98268939806833,89.14696390471347,89.14696390471347,1,4,80.0,0,0.0,0.2655320707819953,0.2891564624631434,4,0.026792683852258983,0.3854166666666667,811.0362299116134,0.0,37.176467214256974,1.3542135609881756,849.5669106868586,s0673,96,0.18662381999999994,0.178786464419104,0.007837355580895492,0.00032655648253731217,0.0204044582396211,4.1995472929958755,0.007837355580895617
7.275526158962501,816.632635843818,0.40209287028489654,0.3751253028142226,0.4495828843937789,-4.713165417474916,1.0,1.0179598875708225,77.87200219301059,85.15581835876735,85.15581835876735,0,1,80.0,0,0.0,0.23071999580394914,0.27714478467917447,2,0.02551641656665002,0.40625,811.0362299116134,0.0,35.675545114269575,1.1766719786001405,847.888447004483,s0674,96,0.18662381999999994,0.178786464419104,0.007837355580895492,0.00032655648253731217,0.0204044582396211,4.1995472929958755,0.007837355580895617
7.2585326920934365,814.5648524954786,0.3981894341859898,0.4113169293663499,0.4037780349101542,-3.164982225193821,1.0,1.0194610952532872,84.92508897351357,96.37300511552029,96.37300511552029,1,6,80.0,0,0.0,0.29058763993019066,0.21395103050718156,4,0.0275270341709141,0.5416666666666666,811.0362299116134,0.0,28.185832989257108,1.4819969636439723,840.7040598645144,s0675,96,0.18662381999999994,0.178786464419104,0.007837355580895492,0.00032655648253731217,0.0204044582396211,4.1995472929958755,0.007837355580895617
7.246004565678101,814.6977068172583,0.39818943418668357,0.323682800894986,0.45933628377592195,-5.267967616495786,1.0,1.018537136846844,79.88071919452658,90.55467579481112,90.55467579481112,0,4,80.0,0,0.0,0.2566584120610528,0.30748996682909746,5,0.02850084975170321,0.4791666666666667,811.0362299116134,0.0,40.32440683806729,1.308957901511369,852.669594651192,s0676,96,0.18662381999999994,0.178786464419104,0.007837355580895492,0.00032655648253731217,0.0204044582396211,4.1995472929958755,0.007837355580895617
7.254846684992269,815.012403826453,0.5076136980601962,0.4418657475268667,0.497222885990727,-4.718228721969006,1.0,1.0186495000474736,82.90098501207252,94.38898739642738,94.38898739642738,2,6,80.0,0,0.0,0.28100099328951644,0.29723175468312457,4,0.035675937552306476,0.5833333333333334,811.0362299116134,0.0,40.246933653672116,1.4331050657765327,852.7162686310621,s0677,96,0.18662381999999994,0.178786464419104,0.007837355580895492,0.00032655648253731217,0.0204044582396211,4.1995472929958755,0.007837355580895617
7.216816675801619,811.2752520403767,0.39816203932676597,0.392612107536673,0.5278994384752633,-5.280377279432392,1.0,1.0219434246050838,81.28731609198599,108.05595779090275,108.05595779090275,2,7,80.0,0,0.0,0.299673157085148,0.3120337155471502,6,0.03058516244645158,0.5104166666666666,811.0362299116134,0.0,41.65637129805699,1.5283331011342545,854.2209343108048,s0678,96,0.18662381999999994,0.178786464419104,0.007837355580895492,0.00032655648253731217,0.0204044582396211,4.1995472929958755,0.007837355580895617
7.227630544859432,813.3135029354607,0.3981894341868381,0.3776867163341675,0.49616384242368217,-4.664604441951276,1.0,1.0180440667713464,84.01429667699149,91.75435471305383,91.75435471305383,2,4,80.0,0,0.0,0.2710516287631707,0.30747652527290953,5,0.031033459156888873,0.4479166666666667,811.0362299116134,0.0,39.96206817780358,1.3823633066921708,852.3806613961091,s0679,96,0.18662381999999994,0.178786464419104,0.007837355580895492,0.00032655648253731217,0.0204044582396211,4.1995472929958755,0.007837355580895617
7.3269623446286385,822.3694647181339,0.47711757538307054,0.3816060029806055,0.4944346626245546,-6.262448694391179,1.0,1.0195497655841146,94.67647048949114,99.77747326079559,99.77747326079559,1,5,80.0,0,0.0,0.26851393898934006,0.32494838191906933,7,0.03424458163798352,0.46875,811.0362299116134,0.0,43.29760844905142,1.3694210888456353,855.7032594495105,s0680,96,0.18662381999999994,0.178786464419104,0.007837355580895492,0.00032655648253731217,0.0204044582396211,4.1995472929958755,0.007837355580895617
7.280479660024355,817.8220785515065,0.40048799844873706,0.3576659026408544,0.5004857705348409,-5.27414160317348,1.0,1.018453920154171,81.0766223493552,93.41930516070924,93.41930516070924,2,6,80.0,0,0.0,0.291014196278876,0.29718206882823794,5,0.029974828976800063,0.4166666666666667,811.0362299116134,0.0,39.852747647676566,1.4841724010222679,852.3731499603123,s0681,96,0.18662381999999994,0.178786464419104,0.007837355580895492,0.00032655648253731217,0.0204044582396211,4.1995472929958755,0.007837355580895617
7.30420690802049,820.233698788473,0.3981894341859802,0.32255148590653815,0.44625683629589324,-4.5743495192028245,1.0,1.0179533346419882,78.07276596525173,85.1764516872458,85.1764516872458,0,6,80.0,0,0.0,0.23626971268683458,0.3165050890605173,2,0.028622749669573802,0.4895833333333333,811.0362299116134,0.0,41.85614594166892,1.2049755347028566,854.0973513879852,s0682,96,0.18662381999999994,0.178786464419104,0.007837355580895492,0.00032655648253731217,0.0204044582396211,4.1995472929958755,0.007837355580895617
7.182326270361857,807.5227390918212,0.39818943418674374,0.3893671013754702,0.42143961484037606,-4.261906994042425,1.0,1.0176504281133234,87.52282294742251,87.68577326697272,87.68577326697272,2,6,80.0,0,0.0,0.2863007860561701,0.22836369587387134,6,0.0273942990220722,0.5,811.0362299116134,0.0,30.09136606590735,1.4601340088864683,842.5877299864072,s0683,96,0.18662381999999994,0.178786464419104,0.007837355580895492,0.00032655648253731217,0.0204044582396211,4.1995472929958755,0.007837355580895617
7.140444284579373,805.0779523561952,0.4116875618894032,0.41345605230570964,0.5062476144733807,-4.965275244372912,1.0,1.022371982304044,97.93766649674517,112.18557831828673,112.18557831828673,2,7,80.0,0,0.0,0.2887667744131199,0.33983741737903794,8,0.03512850146592319,0.5416666666666666,811.0362299116134,0.0,45.88088699588387,1.4727105495069108,858.3898274570042,s0684,96,0.18662381999999994,0.178786464419104,0.007837355580895492,0.00032655648253731217,0.0204044582396211,4.1995472929958755,0.007837355580895617
7.233703662541232,812.4618851937266,0.398189434185969,0.4275928396652438,0.46582346716045864,-6.13407585189704,1.0,1.0187163724078137,78.9078336518543,89.19822524096816,89.19822524096816,0,6,80.0,0,0.0,0.29083098303585675,0.24265944985701027,3,0.026186707596074343,0.5104166666666666,811.0362299116134,0.0,31.306736404949635,1.4832380134828693,843.8262043300459,s0685,96,0.18662381999999994,0.178786464419104,0.007837355580895492,0.00032655648253731217,0.0204044582396211,4.1995472929958755,0.007837355580895617
7.190556290523924,808.6809748205267,0.3981894341867004,0.37849584102967204,0.46339298615577434,-5.542131303224948,1.0,1.0177441674077574,78.76416639753019,87.09317222299876,87.09317222299876,0,8,80.0,0,0.0,0.2885489815798996,0.3169582327781122,4,0.03126339921405692,0.4895833333333333,811.0362299116134,0.0,41.18812702193548,1.4715998060574877,853.6959567396063,s0686,96,0.18662381999999994,0.178786464419104,0.007837355580895492,0.00032655648253731217,0.0204044582396211,4.1995472929958755,0.007837355580895617
7.2610290683412115,814.6713904048208,0.3981894341880516,0.36853395496518393,0.45764679597858615,-4.669387054283853,1.0,1.0180364495356449,84.34802766533811,92.04798316215876,92.04798316215876,1,5,80.0,0,0.0,0.266762305028802,0.271327954623158,4,0.026117686958696706,0.40625,811.0362299116134,0.0,34.83606614298033,1.3604877556468902,847.2327838102407,s0687,96,0.18662381999999994,0.178786464419104,0.007837355580895492,0.00032655648253731217,0.0204044582396211,4.1995472929958755,0.007837355580895617
7.303571374645738,819.5261820823328,0.39818943418586294,0.3550965155359545,0.47158526165487435,-4.63094515347295,1.0,1.0200541319299725,82.5927705614722,98.11934235602895,98.11934235602895,1,8,80.0,0,0.0,0.27577194364352864,0.23061282044122944,5,0.026980473177790967,0.4166666666666667,811.0362299116134,0.0,30.809802449433707,1.4064369125819969,843.2524692736291,s0688,96,0.18662381999999994,0.178786464419104,0.007837355580895492,0.00032655648253731217,0.0204044582396211,4.1995472929958755,0.007837355580895617
7.3569657250013,824.8955735492364,0.3981894341858837,0.3257516617427937,0.5131654170035387,-4.769678763061453,1.0,1.0198606071992162,86.33439329113256,98.41844948681764,98.41844948681764,1,7,80.0,0,0.0,0.25386693123621273,0.3523755399932242,4,0.032093730708570974,0.4375,811.0362299116134,0.0,46.425791985667935,1.2947213493046839,858.7567432465861,s0689,96,0.18662381999999994,0.178786464419104,0.007837355580895492,0.00032655648253731217,0.0204044582396211,4.1995472929958755,0.007837355580895617
7.2384448600513025,813.4805752294874,0.3981894341860826,0.36647487508175375,0.41113598472592894,-4.900615480640127,1.0,1.0199141799198645,75.54424689950477,98.47594353171506,98.47594353171506,0,5,80.0,0,0.0,0.22731479062955726,0.2611028364183208,4,0.025953037239903,0.4895833333333333,811.0362299116134,0.0,34.5876754107394,1.159305432210742,846.7832107545636,s0690,96,0.18662381999999994,0.178786464419104,0.007837355580895492,0.00032655648253731217,0.0204044582396211,4.1995472929958755,0.007837355580895617
7.240402072734621,813.7457268965773,0.3981894341860621,0.39369261838786773,0.4800262106275337,-4.581752088296806,1.0,1.017994377822796,80.57471074900764,86.63499282913591,86.63499282913591,1,3,80.0,0,0.0,0.27832802785074406,0.32063726410831583,5,0.03260063586523906,0.5729166666666666,811.0362299116134,0.0,41.96441516765381,1.4194729420387944,854.420118021306,s0691,96,0.18662381999999994,0.178786464419104,0.007837355580895492,0.00032655648253731217,0.0204044582396211,4.1995472929958755,0.007837355580895617
7.216335456020015,809.9889943889498,0.39818943418609704,0.4046242331216733,0.43585616179913145,-4.776041143570722,1.0,1.0203121669897812,83.1972929395138,101.58595387076632,101.58595387076632,2,6,80.0,0,0.0,0.2659817389733409,0.27686991689533413,3,0.030246723762493818,0.59375,811.0362299116134,0.0,37.32927374982796,1.3565068687640387,849.7220105302055,s0692,96,0.18662381999999994,0.178786464419104,0.007837355580895492,0.00032655648253731217,0.0204044582396211,4.1995472929958755,0.007837355580895617
7.133815088896171,802.9009536622543,0.39818943418594455,0.3754203212813238,0.4419212807129541,-4.511732247242159,1.0,1.0185624644765485,81.38024327578208,88.96283024593092,88.96283024593092,1,5,80.0,0,0.0,0.28908152323595804,0.2393237784353235,0,0.024218341388578857,0.59375,811.0362299116134,0.0,29.922548085084628,1.4743157685033865,842.4330937652014,s0693,96,0.18662381999999994,0.178786464419104,0.007837355580895492,0.00032655648253731217,0.0204044582396211,4.1995472929958755,0.007837355580895617
7.30099375965145,819.4761903382143,0.4069100677971633,0.323491767305802,0.4899181720788145,-5.416187844553239,1.0,1.0211006516706376,80.06305333365636,103.87824964811163,103.87824964811163,1,5,80.0,0,0.0,0.270437401505437,0.2936738752422353,2,0.02864150120828429,0.5,811.0362299116134,0.0,37.9421161537974,1.3792307476777275,850.3575768130886,s0694,96,0.18662381999999994,0.178786464419104,0.007837355580895492,0.00032655648253731217,0.0204044582396211,4.1995472929958755,0.007837355580895617
7.299434887337304,818.5160451825426,0.39818943418651864,0.34553081543929653,0.48666585420454783,-6.277155092468818,1.0,1.0177507841122773,79.29989891224758,86.2944213252371,86.2944213252371,0,6,80.0,0,0.0,0.2821279496648317,0.27918133624611274,5,0.028738557780491326,0.4791666666666667,811.0362299116134,0.0,36.53278328625733,1.4388525432906416,849.0078657411614,s0695,96,0.18662381999999994,0.178786464419104,0.007837355580895492,0.00032655648253731217,0.0204044582396211,4.1995472929958755,0.007837355580895617
7.278061843272419,817.5656719501887,0.39818943418599095,0.3446392266062761,0.45581952597811826,-5.0409513649165145,1.0,1.0179309019940777,76.63501276876218,84.8328337999018,84.8328337999018,0,3,80.0,0,0.0,0.23231976484428943,0.2826174752560184,0,0.025982755243673054,0.4166666666666667,811.0362299116134,0.0,36.80864360399403,1.1848308007058763,849.0297043163133,s0696,96,0.18662381999999994,0.178786464419104,0.007837355580895492,0.00032655648253731217,0.0204044582396211,4.1995472929958755,0.007837355580895617
7.213352485737348,810.7116775090965,0.39818943418662817,0.3920587822215075,0.45901831381101826,-5.760412521483449,1.0,1.0193830170694698,84.56575612086486,95.49799352676582,95.49799352676582,2,10,80.0,0,0.0,0.2772449693213999,0.30983949585828247,3,0.03048078040611665,0.5625,811.0362299116134,0.0,40.34259315965113,1.4139493435391393,852.7927724148037,s0697,96,0.18662381999999994,0.178786464419104,0.007837355580895492,0.00032655648253731217,0.0204044582396211,4.1995472929958755,0.007837355580895617
7.237434747119709,813.542121765936,0.39818943418736064,0.344977751165173,0.44571486031546026,-4.647527381448065,1.0,1.0194675015664412,83.4982456292637,97.78787777610158,97.78787777610158,2,7,80.0,0,0.0,0.2851190671612013,0.2913400526870723,4,0.030223527087150474,0.5,811.0362299116134,0.0,37.87356820635186,1.4541072425221262,850.3639053604874,s0698,96,0.18662381999999994,0.178786464419104,0.007837355580895492,0.00032655648253731217,0.0204044582396211,4.1995472929958755,0.007837355580895617
7.2459112485124635,813.9366421586192,0.3981894341860202,0.40664564089181454,0.45506625675445833,-4.737269498884251,1.0,1.019941892934421,81.1112284084845,99.75047289488826,99.75047289488826,1,2,80.0,0,0.0,0.2820534507085632,0.24260412516259558,5,0.028775430027557607,0.4791666666666667,811.0362299116134,0.0,32.423283368488086,1.438472598613672,844.8979858787152,s0699,96,0.18662381999999994,0.178786464419104,0.007837355580895492,0.00032655648253731217,0.0204044582396211,4.1995472929958755,0.007837355580895617
7.156503396353894,804.622658163285,0.39818943418592195,0.3955005455689864,0.4320936226146931,-4.795998114536439,1.0,1.019066623218723,82.33836391613329,92.18992950162327,92.18992950162327,2,5,80.0,0,0.0,0.2714310153085057,0.2619563601188959,4,0.027146260845525443,0.6145833333333334,811.0362299116134,0.0,33.3412649146319,1.384298178073379,845.7617930043186,s0700,96,0.18662381999999994,0.178786464419104,0.007837355580895492,0.00032655648253731217,0.0204044582396211,4.1995472929958755,0.007837355580895617
7.218979045967117,811.216840723343,0.3981894341859023,0.3895555494197957,0.5028383268871848,-4.476692289578747,1.0,1.019300134348637,77.63191443351438,93.53177077091016,93.53177077091016,0,3,80.0,0,0.0,0.2987505806195937,0.3008604537933529,4,0.029293102075587097,0.46875,811.0362299116134,0.0,39.416077464557155,1.5236279611599268,851.9759353373305,s0701,96,0.18662381999999994,0.178786464419104,0.007837355580895492,0.00032655648253731217,0.0204044582396211,4.1995472929958755,0.007837355580895617
7.1982913037718,808.9084759167416,0.39818943418599256,0.42071635317690514,0.4198321445505536,-5.286325313883995,1.0,1.0182067618599675,81.28992866168043,87.99959875248355,87.99959875248355,2,6,80.0,0,0.0,0.26525068852474315,0.2624944512324445,5,0.02869639195128474,0.4583333333333333,811.0362299116134,0.0,34.40358128722937,1.3527785114761899,846.792589710319,s0702,96,0.18662381999999994,0.178786464419104,0.007837355580895492,0.00032655648253731217,0.0204044582396211,4.1995472929958755,0.007837355580895617
7.271306396316167,816.4493926794976,0.3981894341868147,0.4051944654412482,0.5025660988565126,-4.779188361133113,1.0,1.0209675185112599,86.88943810766656,104.83458965047352,104.83458965047352,1,4,80.0,0,0.0,0.2535443563288365,0.3015309877113804,4,0.027854595747305907,0.5,811.0362299116134,0.0,39.60533750265946,1.2930762172770653,851.93464363155,s0703,96,0.18662381999999994,0.178786464419104,0.007837355580895492,0.00032655648253731217,0.0204044582396211,4.1995472929958755,0.007837355580895617
7.264783666738557,816.7093107978467,0.4082576142669074,0.40699293846144086,0.48906677620172295,-4.670706411846475,1.0,1.0203333762448172,78.1276298041085,100.98259642832605,100.98259642832605,0,3,80.0,0,0.0,0.26555778592510965,0.3309154412251588,3,0.033619436240407745,0.5625,811.0362299116134,0.0,43.89935842268666,1.3543447082180586,856.2899330425181,s0704,96,0.18662381999999994,0.178786464419104,0.007837355580895492,0.00032655648253731217,0.0204044582396211,4.1995472929958755,0.007837355580895617
7.215745382103416,810.5641982716561,0.39818943418595326,0.373070185812651,0.42605967431081004,-3.194968524675454,1.0,1.018977175583459,78.81187092924036,95.35730399243582,95.35730399243582,0,4,80.0,0,0.0,0.21905124227690256,0.24962879321899906,1,0.02305927849386631,0.5520833333333334,811.0362299116134,0.0,32.29054765473157,1.1171613356122032,844.4439389019572,s0705,96,0.18662381999999994,0.178786464419104,0.007837355580895492,0.00032655648253731217,0.0204044582396211,4.1995472929958755,0.007837355580895617
7.225769587816405,811.4151229825595,0.40940048874823387,0.428721881989616,0.5120358974437398,-5.381896699892386,1.0,1.0211719475753924,82.35818030575123,105.13948817588967,105.13948817588967,4,8,80.0,0,0.0,0.3085120680658078,0.26177049594225643,8,0.030346638829115362,0.53125,811.0362299116134,0.0,34.65326276153007,1.5734115471356183,847.2629042202791,s0706,96,0.18662381999999994,0.178786464419104,0.007837355580895492,0.00032655648253731217,0.0204044582396211,4.1995472929958755,0.007837355580895617
7.246379674830006,814.2726533586757,0.39818943418593983,0.3629601235130822,0.4232571395594057,-4.403685528028659,1.0,1.0186073085553031,93.45401409337362,89.28720352049106,89.28720352049106,1,7,80.0,0,0.0,0.2736573138930728,0.2929100257990952,3,0.031088718555237697,0.4791666666666667,811.0362299116134,0.0,37.911600088415774,1.3956523008546713,850.3434823008838,s0707,96,0.18662381999999994,0.178786464419104,0.007837355580895492,0.00032655648253731217,0.0204044582396211,4.1995472929958755,0.007837355580895617
7.181159522182723,808.1514691342995,0.3981894341858713,0.37017567833890364,0.5214396379070512,-4.895555189586184,1.0,1.0205326623824558,83.14262007669959,101.9704800648183,101.9704800648183,2,10,80.0,0,0.0,0.317803972269679,0.2678984570196478,8,0.03001798807964705,0.6041666666666666,811.0362299116134,0.0,34.33524629234552,1.6208002585753631,846.9922764625344,s0708,96,0.18662381999999994,0.178786464419104,0.007837355580895492,0.00032655648253731217,0.0204044582396211,4.1995472929958755,0.007837355580895617
7.244316296339018,813.9176241586168,0.39818943418588426,0.35004953905057246,0.5087736678800804,-4.496945316906115,1.0,1.019627151902963,83.91908617003021,95.54190374098116,95.54190374098116,1,4,80.0,0,0.0,0.2940358856249132,0.29325310864207277,2,0.02886075509392991,0.5520833333333334,811.0362299116134,0.0,38.36261986912126,1.4995830166870567,850.8984327974218,s0709,96,0.18662381999999994,0.178786464419104,0.007837355580895492,0.00032655648253731217,0.0204044582396211,4.1995472929958755,0.007837355580895617
7.340701802855317,823.7902413640915,0.4129107505677651,0.3364440379924061,0.4315379028696059,-5.2048280993008005,1.0,1.0172571866952775,80.45325847082204,83.76238173864657,83.76238173864657,2,4,80.0,0,0.0,0.27153973924650987,0.27838496904613064,5,0.02857659269318691,0.3854166666666667,811.0362299116134,0.0,37.244434832615376,1.3848526701572001,849.665517414386,s0710,96,0.18662381999999994,0.178786464419104,0.007837355580895492,0.00032655648253731217,0.0204044582396211,4.1995472929958755,0.007837355580895617
7.249189693812401,814.5759802520846,0.39818943418598307,0.3960413811455036,0.48289583769484595,-4.754466722398213,1.0,1.0187547145586038,77.90949824238616,92.51235818178446,92.51235818178446,0,8,80.0,0,0.0,0.3112903051810688,0.2973815757106783,6,0.03173144348976907,0.4895833333333333,811.0362299116134,0.0,39.36730755141097,1.5875805564234506,851.9911180194478,s0711,96,0.18662381999999994,0.178786464419104,0.007837355580895492,0.00032655648253731217,0.0204044582396211,4.1995472929958755,0.007837355580895617
7.238372280929389,813.7831600305165,0.3981894341859729,0.33815658373606217,0.5190633124490198,-5.731410082731682,1.0,1.0185018155928838,81.76592704796202,89.12483474450886,89.12483474450886,1,7,80.0,0,0.0,0.30652255510048776,0.30487351086092024,6,0.030696777234709868,0.4791666666666667,811.0362299116134,0.0,40.68767532568804,1.563265031012488,853.287170268314,s0712,96,0.18662381999999994,0.178786464419104,0.007837355580895492,0.00032655648253731217,0.0204044582396211,4.1995472929958755,0.007837355580895617
7.233368324043279,812.6682169684311,0.39818943418651315,0.40567615555400544,0.4583091632565447,-4.529179901831479,1.0,1.0200064484904583,89.83775020636621,101.10671200825483,101.10671200825483,1,4,80.0,0,0.0,0.24656717671097808,0.28631784597483656,4,0.029744414072268237,0.5,811.0362299116134,0.0,37.9846207640272,1.2574926012259884,850.2783432768666,s0713,96,0.18662381999999994,0.178786464419104,0.007837355580895492,0.00032655648253731217,0.0204044582396211,4.1995472929958755,0.007837355580895617
7.23554294776085,812.8892513162998,0.4029668861654315,0.3934787323399469,0.4412225604343132,-4.248748414955528,1.0,1.0195029445124304,84.06468785522895,97.21703251986204,97.21703251986204,1,4,80.0,0,0.0,0.2741698083457793,0.23648894702592377,2,0.0266444200000944,0.4583333333333333,811.0362299116134,0.0,30.888848618088026,1.3982660225634738,843.3233445522649,s0714,96,0.18662381999999994,0.178786464419104,0.007837355580895492,0.00032655648253731217,0.0204044582396211,4.1995472929958755,0.007837355580895617
7.210564405009759,809.2405271937059,0.39818943418717573,0.46338919937941137,0.4559746470401905,-5.161136021131455,1.0,1.018559276573789,79.4475717048991,91.12329415444587,91.12329415444587,0,5,80.0,0,0.0,0.27941958854926113,0.30160034149240234,4,0.031082619300924187,0.46875,811.0362299116134,0.0,38.796577932152964,1.4250399016012318,851.2578477453677,s0715,96,0.18662381999999994,0.178786464419104,0.007837355580895492,0.00032655648253731217,0.0204044582396211,4.1995472929958755,0.007837355580895617
7.213271456032928,810.8357672076024,0.39818943418592745,0.4073154985191658,0.5206866171131261,-4.615050629278147,1.0,1.0201594244214762,88.22337378244723,99.16215594370657,99.16215594370657,3,9,80.0,0,0.0,0.2781805586610385,0.34331127457536537,5,0.033950924664755903,0.5416666666666666,811.0362299116134,0.0,44.57914762650294,1.4187208491712962,857.0340983872877,s0716,96,0.18662381999999994,0.178786464419104,0.007837355580895492,0.00032655648253731217,0.0204044582396211,4.1995472929958755,0.007837355580895617
7.232882201198544,812.1675372575324,0.39818943418595676,0.35518603432098833,0.4922620986267675,-6.293999972163204,1.0,1.0201623850374308,82.75911550001334,99.26179693313463,99.26179693313463,1,8,80.0,0,0.0,0.33087874868633804,0.27330225318666723,6,0.03259870990766424,0.4895833333333333,811.0362299116134,0.0,36.29263902613779,1.6874816183003254,849.0163505560515,s0717,96,0.18662381999999994,0.178786464419104,0.007837355580895492,0.00032655648253731217,0.0204044582396211,4.1995472929958755,0.007837355580895617
7.176251652488775,807.2272549679662,0.3981894341859743,0.37991192004790425,0.4852157571830757,-5.737008063932893,1.0,1.018690376700145,79.79319724782219,93.1210543668101,93.1210543668101,0,5,80.0,0,0.0,0.2623633858655891,0.3268840136740918,7,0.03189393226560137,0.4895833333333333,811.0362299116134,0.0,42.60168545596068,1.3380532679145043,854.9759686354886,s0718,96,0.18662381999999994,0.178786464419104,0.007837355580895492,0.00032655648253731217,0.0204044582396211,4.1995472929958755,0.007837355580895617
7.266015642961344,815.1769643105221,0.3981894341865771,0.4021723721393381,0.5457266730176049,-5.440396256515064,1.0,1.0184484900317259,84.03824841694936,89.11478881636779,89.11478881636779,1,5,80.0,0,0.0,0.33053569194510196,0.2861764656036856,9,0.03144338501825714,0.5208333333333334,811.0362299116134,0.0,36.38404300062002,1.6857320289200195,849.1060049411535,s0719,96,0.18662381999999994,0.178786464419104,0.007837355580895492,0.00032655648253731217,0.0204044582396211,4.1995472929958755,0.007837355580895617
7.280209135759959,817.0150213490318,0.3981894341863339,0.3837792750957617,0.44475023023964166,-4.606069510060517,1.0,1.0182559472382924,80.41750740743962,89.41380629382213,89.41380629382213,1,5,80.0,0,0.0,0.31492295527189673,0.21711058976471764,2,0.025758107520521385,0.46875,811.0362299116134,0.0,28.499078210200324,1.606107071886673,841.1414151937004,s0720,96,0.18662381999999994,0.178786464419104,0.007837355580895492,0.00032655648253731217,0.0204044582396211,4.1995472929958755,0.007837355580895617
7.318318815572196,820.9052333177303,0.4018803060028014,0.30337579150333127,0.45102662173655395,-4.932588668243497,1.0,1.0183129169050251,77.14105318722034,88.11435598421757,88.11435598421757,0,5,80.0,0,0.0,0.2562035132426313,0.2965888276738192,2,0.0275614463707428,0.4375,811.0362299116134,0.0,38.30498826132747,1.3066379175374188,850.6478560904783,s0721,96,0.18662381999999994,0.178786464419104,0.007837355580895492,0.00032655648253731217,0.0204044582396211,4.1995472929958755,0.007837355580895617
7.292812336521,818.0024906139779,0.398189434186596,0.3879710954279979,0.5197709095958097,-6.715515643206664,1.0,1.020460492548862,87.77704506641552,101.09365808016952,101.09365808016952,3,13,80.0,0,0.0,0.27522597692432776,0.33569949910306707,3,0.0305129832851847,0.4375,811.0362299116134,0.0,44.180493479051236,1.4036524823140721,856.6203758729788,s0722,96,0.18662381999999994,0.178786464419104,0.007837355580895492,0.00032655648253731217,0.0204044582396211,4.1995472929958755,0.007837355580895617
7.28406762477271,817.5316346433348,0.39818943418600256,0.36602149726396604,0.5428128713614853,-4.820012293226409,1.0,1.0204095161586835,80.05224804743224,101.36003048261996,101.36003048261996,1,7,80.0,0,0.0,0.3100511245500866,0.2899058057675257,7,0.03077096585839664,0.4791666666666667,811.0362299116134,0.0,38.15266357628077,1.5812607352054417,850.7701542230997,s0723,96,0.18662381999999994,0.178786464419104,0.007837355580895492,0.00032655648253731217,0.0204044582396211,4.1995472929958755,0.007837355580895617
7.208903585686048,810.2787744720015,0.3981894341878403,0.3800937740377299,0.5217594342583631,-3.9070036273928452,1.0,1.018075793459612,80.26090280882198,87.5466661961961,87.5466661961961,1,3,80.0,0,0.0,0.2679555337097343,0.3164322584381355,3,0.031091562616521067,0.5208333333333334,811.0362299116134,0.0,40.767356006195016,1.3665732219196447,853.1701591397281,s0724,96,0.18662381999999994,0.178786464419104,0.007837355580895492,0.00032655648253731217,0.0204044582396211,4.1995472929958755,0.007837355580895617
7.184038652853662,807.837192586929,0.39818943418597674,0.35259745432031286,0.47916261821408274,-5.77088872512473,1.0,1.019128918459437,90.90259872772741,94.36882406121234,94.36882406121234,3,8,80.0,0,0.0,0.25765124251272614,0.2860127968758122,3,0.029172736442202484,0.46875,811.0362299116134,0.0,37.04837753619836,1.314021336814904,849.3986287846267,s0725,96,0.18662381999999994,0.178786464419104,0.007837355580895492,0.00032655648253731217,0.0204044582396211,4.1995472929958755,0.007837355580895617
7.203141217099506,810.46882861065,0.3981894341864646,0.39553607820108005,0.5360733582820142,-4.470677326615462,1.0,1.0198464091172206,84.63310773481372,99.66614496989979,99.66614496989979,4,5,80.0,0,0.0,0.29657664052723154,0.33118888875275077,9,0.03459240572035547,0.5208333333333334,811.0362299116134,0.0,44.49377297559699,1.51254086668888,857.0425437538993,s0726,96,0.18662381999999994,0.178786464419104,0.007837355580895492,0.00032655648253731217,0.0204044582396211,4.1995472929958755,0.007837355580895617
7.117805549059794,801.8782607700136,0.3981894341859067,0.36151745386177103,0.540628532123251,-4.821615738264083,1.0,1.0203448260984533,86.95457484618217,102.19236522765802,102.19236522765802,6,5,80.0,0,0.0,0.2768986834910949,0.3286060234907714,7,0.0321545340767794,0.5416666666666666,811.0362299116134,0.0,43.19142222677217,1.4121832858045833,855.6398354241901,s0727,96,0.18662381999999994,0.178786464419104,0.007837355580895492,0.00032655648253731217,0.0204044582396211,4.1995472929958755,0.007837355580895617
7.181305204975054,808.0828051783282,0.39818943418733216,0.379725166879231,0.479348554139677,-5.171603422031566,1.0,1.0202447665273813,86.79161236872949,100.17325626696172,100.17325626696172,3,8,80.0,0,0.0,0.2676276234366569,0.2748809085870727,5,0.027792776930164825,0.5,811.0362299116134,0.0,35.58729790971569,1.364900879526951,847.9884287008562,s0728,96,0.18662381999999994,0.178786464419104,0.007837355580895492,0.00032655648253731217,0.0204044582396211,4.1995472929958755,0.007837355580895617
7.277857536375515,816.8091061521814,0.40842164780717166,0.3927300984427501,0.47350262436926577,-4.602556135116115,1.0,1.0181576625057536,81.23267120586529,89.21890688474085,89.21890688474085,1,4,80.0,0,0.0,0.27654906217066405,0.2708185128425321,5,0.028302314328929587,0.4375,811.0362299116134,0.0,34.68644119022308,1.410400217070386,847.1330713189068,s0729,96,0.18662381999999994,0.178786464419104,0.007837355580895492,0.00032655648253731217,0.0204044582396211,4.1995472929958755,0.007837355580895617
7.250838251581715,814.6197572112192,0.3981894341866933,0.33006031462118746,0.41198717319261907,-5.04978666329809,1.0,1.0183078227191384,83.4854026807462,88.44575375743196,88.44575375743196,4,5,80.0,0,0.0,0.2109478815675737,0.28485070636488785,1,0.02578195824927374,0.5,811.0362299116134,0.0,36.20854295824316,1.0758341959946263,848.3206070658512,s0730,96,0.18662381999999994,0.178786464419104,0.007837355580895492,0.00032655648253731217,0.0204044582396211,4.1995472929958755,0.007837355580895617
7.261986981655294,815.3562120783831,0.3981894341874273,0.3677787358017997,0.47880841711499167,-5.012470942177722,1.0,1.0190856063576206,81.56158891030744,93.11078739168622,93.11078739168622,1,6,80.0,0,0.0,0.2806270415744219,0.2883618344395686,3,0.029498295246436147,0.5104166666666666,811.0362299116134,0.0,37.131071270588656,1.4311979120295517,849.5984990942317,s0731,96,0.18662381999999994,0.178786464419104,0.007837355580895492,0.00032655648253731217,0.0204044582396211,4.1995472929958755,0.007837355580895617
7.198473387133059,809.6614952204718,0.3981894341858624,0.378762908612159,0.4658727209557042,-4.441415652581579,1.0,1.019995644378221,84.46250631670004,97.84187969986014,97.84187969986014,2,4,80.0,0,0.0,0.2552838694845119,0.30744230464198885,3,0.029277342813405785,0.4791666666666667,811.0362299116134,0.0,40.355399441238454,1.30194773437101,852.6935770872228,s0732,96,0.18662381999999994,0.178786464419104,0.007837355580895492,0.00032655648253731217,0.0204044582396211,4.1995472929958755,0.007837355580895617
7.195232578004214,808.252764048556,0.39816203932597466,0.39606615788505545,0.5132365234336371,-4.822646011045285,1.0,1.0211687884981198,90.10587281128075,104.21601055198104,104.21601055198104,3,9,80.0,0,0.0,0.31908721220192754,0.2638539341734367,8,0.029380759508670414,0.5104166666666666,811.0362299116134,0.0,34.08958306346238,1.627344782229829,846.7531577573055,s0733,96,0.18662381999999994,0.178786464419104,0.007837355580895492,0.00032655648253731217,0.0204044582396211,4.1995472929958755,0.007837355580895617
7.266861721856886,815.0988092866917,0.39818943418592334,0.37519695882241794,0.5123206186858887,-5.7770145786111735,1.0,1.0198508353761788,80.82037719349752,97.37208326637088,97.37208326637088,1,6,80.0,0,0.0,0.2795887608494344,0.2770483318620057,3,0.027922185953843583,0.5,811.0362299116134,0.0,35.42732366071317,1.4259026803321158,847.8894562526588,s0734,96,0.18662381999999994,0.178786464419104,0.007837355580895492,0.00032655648253731217,0.0204044582396211,4.1995472929958755,0.007837355580895617
7.220144645900225,811.4114062096014,0.39818943418693536,0.37554575546688884,0.5181034830432745,-5.259795994780458,1.0,1.019464818636053,80.65848366837575,96.89528945501877,96.89528945501877,1,8,80.0,0,0.0,0.2980781334198722,0.2907121452015278,2,0.02850620165392137,0.5,811.0362299116134,0.0,37.76592224985185,1.5201984804413484,850.3223506419066,s0735,96,0.18662381999999994,0.178786464419104,0.007837355580895492,0.00032655648253731217,0.0204044582396211,4.1995472929958755,0.007837355580895617
7.135216898069586,803.3616969427835,0.39818943418639285,0.3821667637559334,0.5763963518627274,-5.405928443223793,1.0,1.017757740448317,89.94351589423239,88.31425549223006,88.31425549223006,4,7,80.0,0,0.0,0.30353406636180746,0.3581312854739697,5,0.03333117163644049,0.5520833333333334,811.0362299116134,0.0,46.13639704227321,1.5480237384452176,858.7206506923318,s0736,96,0.18662381999999994,0.178786464419104,0.007837355580895492,0.00032655648253731217,0.0204044582396211,4.1995472929958755,0.007837355580895617
7.239262522834045,813.4612798164103,0.39818943418599645,0.31269026281371254,0.4576040580952292,-4.675398269277431,1.0,1.0184174013550005,77.94654900176647,89.18960611748315,89.18960611748315,0,4,80.0,0,0.0,0.25903337088276385,0.23822650640117823,3,0.025532605705185223,0.53125,811.0362299116134,0.0,31.35573424095721,1.3210701915020953,843.7130343440728,s0737,96,0.18662381999999994,0.178786464419104,0.007837355580895492,0.00032655648253731217,0.0204044582396211,4.1995472929958755,0.007837355580895617
7.192996485362286,808.2191304566884,0.3981894341858819,0.4531918216611231,0.5453492329951679,-4.313954221313668,1.0,1.020207207098396,93.30901641115553,100.35716188370782,100.35716188370782,1,5,80.0,0,0.0,0.2916492200000984,0.34631993906470737,5,0.034044393231561915,0.5416666666666666,811.0362299116134,0.0,44.92925461686845,1.487411022000501,857.4528955504824,s0738,96,0.18662381999999994,0.178786464419104,0.007837355580895492,0.00032655648253731217,0.0204044582396211,4.1995472929958755,0.007837355580895617
7.303239639640811,819.502224304304,0.4031466261355565,0.2993208645196854,0.5026534190480254,-3.3099691104949542,1.0,1.0186151452349421,79.71697787502242,93.0515160896127,93.0515160896127,0,6,80.0,0,0.0,0.26193744765080396,0.3689882523488259,4,0.033890990327752724,0.4895833333333333,811.0362299116134,0.0,49.38482310689588,1.3358809830190999,861.7569340015284,s0739,96,0.18662381999999994,0.178786464419104,0.007837355580895492,0.00032655648253731217,0.0204044582396211,4.1995472929958755,0.007837355580895617
7.2439960022942085,813.697619810453,0.39818943418804986,0.37035587610561277,0.47471554091897344,-4.854370742194429,1.0,1.0183866572588607,89.17236926552307,88.6052586980023,88.6052586980023,1,9,80.0,0,0.0,0.2889927214197304,0.2674932195470424,4,0.02796711811611264,0.5416666666666666,811.0362299116134,0.0,34.70627226767577,1.4738628792406256,847.2163650585298,s0740,96,0.18662381999999994,0.178786464419104,0.007837355580895492,0.00032655648253731217,0.0204044582396211,4.1995472929958755,0.007837355580895617
7.23090637768545,812.3948881328647,0.3981894341859912,0.3439462068246365,0.5282987898219994,-4.940024219033404,1.0,1.0196720132720585,82.43647447863563,97.27549662001506,97.27549662001506,1,6,80.0,0,0.0,0.2730396623588626,0.32573054573523735,3,0.029933455778873297,0.5104166666666666,811.0362299116134,0.0,42.188744393796576,1.3925022780301997,854.6174765834402,s0741,96,0.18662381999999994,0.178786464419104,0.007837355580895492,0.00032655648253731217,0.0204044582396211,4.1995472929958755,0.007837355580895617
7.2170321675543025,811.2406212341738,0.3981894341876338,0.35387018491264677,0.45452470787516513,-5.382633166842029,1.0,1.0203629190418964,85.97416098520378,100.7747661574313,100.7747661574313,3,5,80.0,0,0.0,0.244325588818214,0.2622306899482847,2,0.02487105825665698,0.53125,811.0362299116134,0.0,33.98857132415451,1.2460605029728904,846.2708617387408,s0742,96,0.18662381999999994,0.178786464419104,0.007837355580895492,0.00032655648253731217,0.0204044582396211,4.1995472929958755,0.007837355580895617
7.253943114065805,814.9367149381321,0.42633329080105703,0.3841000450132867,0.5023413640769121,-5.815295890896163,1.0,1.018393217899121,80.73429944283224,93.11860251597483,93.11860251597483,1,5,80.0,0,0.0,0.2970845399165042,0.288107833103146,7,0.030345243383775308,0.46875,811.0362299116134,0.0,37.56681947910726,1.5151311535741714,850.1181805442949,s0743,96,0.18662381999999994,0.178786464419104,0.007837355580895492,0.00032655648253731217,0.0204044582396211,4.1995472929958755,0.007837355580895617
7.2595455142729,813.8675467524927,0.3981894341859785,0.44768798071773186,0.49463741851748294,-4.850718089514402,1.0,1.0208471153482728,86.21110603412117,104.23774038984763,104.23774038984763,1,4,80.0,0,0.0,0.3081840014826182,0.27833481910957486,4,0.0320907786837027,0.4583333333333333,811.0362299116134,0.0,37.34715832807317,1.5717384075613516,849.955126647248,s0744,96,0.18662381999999994,0.178786464419104,0.007837355580895492,0.00032655648253731217,0.0204044582396211,4.1995472929958755,0.007837355580895617
7.290507913980433,818.5886668221386,0.39818943418624697,0.3920606233841387,0.4902007428447464,-4.867638237504943,1.0,1.0184121359529288,80.78020823565721,89.04051622235981,89.04051622235981,2,7,80.0,0,0.0,0.2943900073716897,0.28046567066880596,6,0.030309894286995077,0.5,811.0362299116134,0.0,37.191508948334345,1.5013890375956178,849.7291278975433,s0745,96,0.18662381999999994,0.178786464419104,0.007837355580895492,0.00032655648253731217,0.0204044582396211,4.1995472929958755,0.007837355580895617
7.296430246574248,818.8371496534285,0.3981894341859239,0.34573734294315206,0.5451949791475129,-3.6442035903040804,1.0,1.018615041995107,86.89441241210862,89.66965225067682,89.66965225067682,1,10,80.0,0,0.0,0.2991814183970899,0.2936962926719292,3,0.028918548941398566,0.4583333333333333,811.0362299116134,0.0,37.552560767293514,1.5258252338251581,850.114615912732,s0746,96,0.18662381999999994,0.178786464419104,0.007837355580895492,0.00032655648253731217,0.0204044582396211,4.1995472929958755,0.007837355580895617
7.2713300348887,816.3650202636627,0.41113969006158296,0.40077788877173304,0.5212499016378915,-4.737751174494247,1.0,1.0200867406605827,81.54876342479294,98.27353463066942,98.27353463066942,2,5,80.0,0,0.0,0.30733985251960905,0.2914121045191109,6,0.03240285244782974,0.4166666666666667,811.0362299116134,0.0,38.29281848047667,1.5674332478500053,850.89648163994,s0747,96,0.18662381999999994,0.178786464419104,0.007837355580895492,0.00032655648253731217,0.0204044582396211,4.1995472929958755,0.007837355580895617
7.343790074122405,824.0516126319245,0.39818943418586045,0.2891302878329218,0.4615569673502101,-6.923912919121186,1.0,1.0209305066217427,82.32801668657962,102.51844610931707,102.51844610931707,2,7,80.0,0,0.0,0.2595193316869645,0.32964651388161664,4,0.03158075826299643,0.5208333333333334,811.0362299116134,0.0,43.58497451013107,1.3235485916035183,855.944753013348,s0748,96,0.18662381999999994,0.178786464419104,0.007837355580895492,0.00032655648253731217,0.0204044582396211,4.1995472929958755,0.007837355580895617
7.16059200778129,805.9911696547174,0.39818943418645747,0.3672535551284041,0.4826054404905627,-4.9228278671973795,1.0,1.0203760297748505,82.750029782069,100.90843840488249,100.90843840488249,2,8,80.0,0,0.0,0.2554555280786642,0.3062019454859949,5,0.030365660648369645,0.59375,811.0362299116134,0.0,40.6518582414528,1.3028231932011871,852.9909113462675,s0749,96,0.18662381999999994,0.178786464419104,0.007837355580895492,0.00032655648253731217,0.0204044582396211,4.1995472929958755,0.007837355580895617
7.132517631698844,802.2903029606744,0.39818943418590524,0.4146005405187247,0.4400210889400967,-4.4390504720600665,1.0,1.0203810833459794,86.72126167435864,102.31655808649955,102.31655808649955,1,3,80.0,0,0.0,0.2873812830560674,0.27083551547989104,6,0.029367578079063053,0.5729166666666666,811.0362299116134,0.0,35.69254479162048,1.4656445435859435,848.1944192468198,s0750,96,0.18662381999999994,0.178786464419104,0.007837355580895492,0.00032655648253731217,0.0204044582396211,4.1995472929958755,0.007837355580895617
7.318810868549149,820.4831630939061,0.3981894341859902,0.3497835695607965,0.4586507051299457,-5.051375710241268,1.0,1.0184902395388211,84.77461571553373,91.25991807588763,91.25991807588763,2,5,80.0,0,0.0,0.2775791272571355,0.2579149560698926,3,0.027245444193662614,0.4479166666666667,811.0362299116134,0.0,34.05463991341838,1.4156535490113915,846.5065233740431,s0751,96,0.18662381999999994,0.178786464419104,0.007837355580895492,0.00032655648253731217,0.0204044582396211,4.1995472929958755,0.007837355580895617
7.203919984044369,810.8197527536825,0.42924302216542454,0.3419930459666898,0.5599221541088581,-4.577566474578368,1.0,1.019317151905205,83.95713240657838,95.96866964017727,95.96866964017727,3,9,80.0,0,0.0,0.33922092026293316,0.36175125425914545,12,0.037697776339746386,0.6458333333333334,811.0362299116134,0.0,47.70090102319044,1.7300266933409576,860.4671576281448,s0752,96,0.18662381999999994,0.178786464419104,0.007837355580895492,0.00032655648253731217,0.0204044582396211,4.1995472929958755,0.007837355580895617
7.296499621784696,818.7008253273449,0.39818943418599456,0.4165041577414148,0.4680319443879504,-8.607141670529863,1.0,1.0216738088698787,81.73950694692648,107.1986195625567,107.1986195625567,2,8,80.0,0,0.0,0.2730915670730298,0.32706228579854413,6,0.03197515084428074,0.5104166666666666,811.0362299116134,0.0,42.71927997463987,1.3927669920724508,855.1482768783258,s0753,96,0.18662381999999994,0.178786464419104,0.007837355580895492,0.00032655648253731217,0.0204044582396211,4.1995472929958755,0.007837355580895617
7.2700121604011105,816.3235992083535,0.3981894341859629,0.38110141551430055,0.44109774799133883,-6.145865370822141,1.0,1.0199674533619376,79.55428990903198,98.13360970599922,98.13360970599922,0,4,80.0,0,0.0,0.25187646148053305,0.2327597966833503,2,0.024841575930518247,0.4791666666666667,811.0362299116134,0.0,30.72391374770174,1.2845699535507176,843.044713612866,s0754,96,0.18662381999999994,0.178786464419104,0.007837355580895492,0.00032655648253731217,0.0204044582396211,4.1995472929958755,0.007837355580895617
7.16036318238319,805.2787558869085,0.3981894341859656,0.39645834344851444,0.5008954286262445,-4.825681320189719,1.0,1.018303198179076,87.4164555600054,90.30245026389592,90.30245026389592,3,7,80.0,0,0.0,0.28136800206039625,0.340211560047722,5,0.03123494140221654,0.5416666666666666,811.0362299116134,0.0,44.533138494403765,1.43497681050802,857.0043452165252,s0755,96,0.18662381999999994,0.178786464419104,0.007837355580895492,0.00032655648253731217,0.0204044582396211,4.1995472929958755,0.007837355580895617
7.202191752601097,808.5997037640376,0.39818943418674396,0.40101078876831237,0.5599585571799643,-4.603533583948501,1.0,1.0197182690093587,84.36376381161669,97.26650004414293,97.26650004414293,2,7,80.0,0,0.0,0.317142230992068,0.3378985109803969,5,0.034919583024395774,0.5104166666666666,811.0362299116134,0.0,43.99453337825985,1.617425378059547,856.6481886679328,s0756,96,0.18662381999999994,0.178786464419104,0.007837355580895492,0.00032655648253731217,0.0204044582396211,4.1995472929958755,0.007837355580895617
7.204330702100481,811.3661384397612,0.4387082410764745,0.35563200494469144,0.5064788531152631,-3.9378261141766857,1.0,1.0172256457314637,85.04192085058224,88.35357184152869,88.35357184152869,1,2,80.0,0,0.0,0.2944408907408515,0.29457496773831726,7,0.03052453981776269,0.5104166666666666,811.0362299116134,0.0,39.45381828184086,1.5016485427783421,851.9916967362326,s0757,96,0.18662381999999994,0.178786464419104,0.007837355580895492,0.00032655648253731217,0.0204044582396211,4.1995472929958755,0.007837355580895617
7.120785332238795,802.255054991713,0.3981894341861159,0.37873456606250766,0.4975029347105733,-4.665685384915234,1.0,1.0175566588449,86.39833076724098,87.742367336348,87.742367336348,3,7,80.0,0,0.0,0.27759985682635846,0.32505027293465305,5,0.030614160056337617,0.5416666666666666,811.0362299116134,0.0,40.461301634347855,1.4157592698144277,852.9132908157757,s0758,96,0.18662381999999994,0.178786464419104,0.007837355580895492,0.00032655648253731217,0.0204044582396211,4.1995472929958755,0.007837355580895617
7.231340958817858,813.8756122635286,0.398189434186528,0.3415921876341788,0.4624623777321608,-4.987002821092364,1.0,1.0181962653876915,83.44352260067464,87.63557426083834,87.63557426083834,2,5,80.0,0,0.0,0.24577923914545854,0.2876817883447639,1,0.025995779893774638,0.5104166666666666,811.0362299116134,0.0,37.874345130029866,1.2534741196418375,850.1640491612851,s0759,96,0.18662381999999994,0.178786464419104,0.007837355580895492,0.00032655648253731217,0.0204044582396211,4.1995472929958755,0.007837355580895617
7.173346795998807,806.2812126690983,0.3981894341864335,0.4146522558426606,0.4558116619849154,-2.6128235587138993,1.0,1.0179068791921064,82.47362440810704,89.09247256762848,89.09247256762848,2,3,80.0,0,0.0,0.2833200515804589,0.25247457298716575,3,0.029132842497484095,0.4791666666666667,811.0362299116134,0.0,32.10238228607381,1.4449322630603405,844.5835444607476,s0760,96,0.18662381999999994,0.178786464419104,0.007837355580895492,0.00032655648253731217,0.0204044582396211,4.1995472929958755,0.007837355580895617
7.199708687946211,810.0798741974036,0.39818943418736835,0.3671371054689674,0.4706333616135281,-5.058095793822271,1.0,1.0206606933329705,94.84293838211939,102.3195476723156,102.3195476723156,4,7,80.0,0,0.0,0.26137095341356154,0.28780929865702276,2,0.03047576869324428,0.4895833333333333,811.0362299116134,0.0,37.16086441838458,1.3329918624091648,849.5300861924071,s0761,96,0.18662381999999994,0.178786464419104,0.007837355580895492,0.00032655648253731217,0.0204044582396211,4.1995472929958755,0.007837355580895617
7.1647980643771145,806.5355996824512,0.39818943418599817,0.3799870786290669,0.4723538367362474,-6.82247271526897,1.0,1.0207923644432269,85.82276354090384,102.88265509921789,102.88265509921789,5,8,80.0,0,0.0,0.27346795675454283,0.3037137157338889,6,0.029959209531596434,0.5833333333333334,811.0362299116134,0.0,39.16157284040411,1.3946865794481693,851.5924893314657,s0762,96,0.18662381999999994,0.178786464419104,0.007837355580895492,0.00032655648253731217,0.0204044582396211,4.1995472929958755,0.007837355580895617
7.3992845241571965,829.5793702309454,0.4189080983881727,0.2853567337313635,0.4855922266583755,-4.97259987952125,1.0,1.0172011917220125,82.64352171268577,85.81100181663287,85.81100181663287,2,3,80.0,0,0.0,0.2833546281598257,0.3105021971973084,7,0.03145635284245268,0.4166666666666667,811.0362299116134,0.0,42.21332148183919,1.4451086036151113,854.6946599970678,s0763,96,0.18662381999999994,0.178786464419104,0.007837355580895492,0.00032655648253731217,0.0204044582396211,4.1995472929958755,0.007837355580895617
7.17942072175536,807.318432453295,0.398189434185992,0.3673317346006335,0.5051309061913343,-4.1631472012903865,1.0,1.01890268041506,81.49299070227157,92.49690788938005,92.49690788938005,2,8,80.0,0,0.0,0.2646907517238618,0.279884307888873,5,0.02807789187609015,0.5208333333333334,811.0362299116134,0.0,36.38607047082401,1.3499228337916958,848.7722232162291,s0764,96,0.18662381999999994,0.178786464419104,0.007837355580895492,0.00032655648253731217,0.0204044582396211,4.1995472929958755,0.007837355580895617
7.185516632397428,808.537740867499,0.39818943418591285,0.39047982753652444,0.5699013186094936,-4.735063837111228,1.0,1.0192065511918766,88.01898006868092,92.84005697951729,92.84005697951729,2,7,80.0,0,0.0,0.3217235823475068,0.43296709110235876,8,0.04136794728804379,0.6145833333333334,811.0362299116134,0.0,57.559907433133546,1.6407902699722838,870.2369276147192,s0765,96,0.18662381999999994,0.178786464419104,0.007837355580895492,0.00032655648253731217,0.0204044582396211,4.1995472929958755,0.007837355580895617
7.281275154545244,817.5138871699469,0.3981894341870205,0.33145581286114345,0.47930033819718143,-4.585267387869545,1.0,1.0201447705457063,79.57700674253782,99.91220872436244,99.91220872436244,0,4,80.0,0,0.0,0.24070111800644484,0.30032242567919615,3,0.0285993054865524,0.5520833333333334,811.0362299116134,0.0,39.33750699596964,1.2275757018328681,851.6013126094159,s0766,96,0.18662381999999994,0.178786464419104,0.007837355580895492,0.00032655648253731217,0.0204044582396211,4.1995472929958755,0.007837355580895617
7.248526802296316,814.1924260571628,0.3981894341860167,0.3598262295010963,0.41431026547208255,-4.72355997900265,1.0,1.0181708829763847,77.9567234748192,88.88848948833423,88.88848948833423,0,4,80.0,0,0.0,0.2469637524922814,0.2568980061334153,3,0.026457136332802028,0.4479166666666667,811.0362299116134,0.0,33.194621453540655,1.2595151377106355,845.4903665028647,s0767,96,0.18662381999999994,0.178786464419104,0.007837355580895492,0.00032655648253731217,0.0204044582396211,4.1995472929958755,0.007837355580895617
7.242284252000953,813.8994485243071,0.398189434187911,0.3338973257858789,0.48991941699773084,-4.681701599892828,1.0,1.0183268729226294,79.55026382666479,90.91708989808608,90.91708989808608,0,6,80.0,0,0.0,0.29699970691384814,0.31432399542725264,6,0.030936373131308332,0.53125,811.0362299116134,0.0,40.61678160342624,1.5146985052606252,853.1677100203003,s0768,96,0.18662381999999994,0.178786464419104,0.007837355580895492,0.00032655648253731217,0.0204044582396211,4.1995472929958755,0.007837355580895617
7.303456327576207,820.7164964234644,0.39818943418601954,0.30942307439032657,0.45096271645527836,-4.780638206842141,1.0,1.0173292134769059,81.72507452177538,82.3646143364111,82.3646143364111,1,3,80.0,0,0.0,0.21961233812523356,0.3325529844203014,4,0.028251560234390287,0.4270833333333333,811.0362299116134,0.0,43.64441829357638,1.120022924438691,855.8006711296284,s0769,96,0.18662381999999994,0.178786464419104,0.007837355580895492,0.00032655648253731217,0.0204044582396211,4.1995472929958755,0.007837355580895617
7.229075010962527,812.5225463487416,0.3981894341869691,0.3703078056553001,0.5288198105160209,-5.566284663768251,1.0,1.0191313288960235,81.48547942970438,94.05418593354997,94.05418593354997,1,7,80.0,0,0.0,0.3290747874130336,0.31100840681350617,4,0.03381016865166453,0.4791666666666667,811.0362299116134,0.0,40.56403748329303,1.6782814158064707,853.278548810713,s0770,96,0.18662381999999994,0.178786464419104,0.007837355580895492,0.00032655648253731217,0.0204044582396211,4.1995472929958755,0.007837355580895617
7.290399804567212,818.3275816028552,0.3981894341870968,0.36598029624308825,0.48545082315151866,-3.883373000340498,1.0,1.0191665481809462,81.35582850794194,94.34430946030211,94.34430946030211,2,3,80.0,0,0.0,0.27443728484765734,0.3106070982267707,3,0.03166216381369975,0.4791666666666667,811.0362299116134,0.0,40.575949615551885,1.3996301527230521,853.0118096798883,s0771,96,0.18662381999999994,0.178786464419104,0.007837355580895492,0.00032655648253731217,0.0204044582396211,4.1995472929958755,0.007837355580895617
7.196956603390589,809.1366243961688,0.3981894341879736,0.41601896377813746,0.4549079443376125,-4.676826016078807,1.0,1.0185283307173136,76.31711940539448,89.8735978861053,89.8735978861053,0,8,80.0,0,0.0,0.3097426522634054,0.2407464667550378,6,0.029113044246097775,0.4895833333333333,811.0362299116134,0.0,31.76514530726191,1.5796875265433663,844.3810627454187,s0772,96,0.18662381999999994,0.178786464419104,0.007837355580895492,0.00032655648253731217,0.0204044582396211,4.1995472929958755,0.007837355580895617
7.205552581582806,809.2117104827619,0.40774539508839447,0.44030414403983303,0.4298234601009785,-4.8111974426443584,1.0,1.0178663160510604,80.05384484694828,88.07213834291862,88.07213834291862,1,3,80.0,0,0.0,0.27441475987879327,0.22724285110650977,3,0.025337160995215727,0.5208333333333334,811.0362299116134,0.0,29.46982834662459,1.399515275381845,841.9055735336199,s0773,96,0.18662381999999994,0.178786464419104,0.007837355580895492,0.00032655648253731217,0.0204044582396211,4.1995472929958755,0.007837355580895617
7.218462616166514,812.090930250032,0.39818943418599295,0.38175041389589226,0.4238820827087053,-4.399878522390309,1.0,1.018039613426583,84.49039054687945,92.08515804695332,92.08515804695332,1,7,80.0,0,0.0,0.2319908839021231,0.2934317983444862,4,0.026978788597210146,0.5625,811.0362299116134,0.0,38.366218333117295,1.1831535079008275,850.5856017526315,s0774,96,0.18662381999999994,0.178786464419104,0.007837355580895492,0.00032655648253731217,0.0204044582396211,4.1995472929958755,0.007837355580895617
7.269070356754112,816.1824878166624,0.39818943418636465,0.33939962750075386,0.430368447855612,-5.329533000074586,1.0,1.019522813117176,78.73696237311175,95.61813189796695,95.61813189796695,0,4,80.0,0,0.0,0.2734833577660846,0.22890835024542944,5,0.02623804508966246,0.5104166666666666,811.0362299116134,0.0,30.079516008060722,1.39476512460703,842.5105110442812,s0775,96,0.18662381999999994,0.178786464419104,0.007837355580895492,0.00032655648253731217,0.0204044582396211,4.1995472929958755,0.007837355580895617
7.199872228915586,809.5001530447078,0.39818943418593017,0.42483792802615195,0.47643776399579507,-4.02681358949842,1.0,1.0197362673489312,83.34636701279261,99.12016561529467,99.12016561529467,2,5,80.0,0,0.0,0.2767180902984739,0.34203708161988255,5,0.03452142068686866,0.5520833333333334,811.0362299116134,0.0,44.764656906545795,1.4112622605222167,857.2121490786815,s0776,96,0.18662381999999994,0.178786464419104,0.007837355580895492,0.00032655648253731217,0.0204044582396211,4.1995472929958755,0.007837355580895617
7.258278750890946,816.2470168667049,0.5686856760543287,0.40908527616713575,0.507814519443349,-5.05762924774134,1.0,1.0171841816092817,79.50001137529263,81.54030184767932,81.54030184767932,0,2,80.0,0,0.0,0.2625643945189875,0.3836900954323673,3,0.04398510795223419,0.46875,811.0362299116134,0.0,51.83448572903283,1.3390784120468353,864.2097940526932,s0777,96,0.18662381999999994,0.178786464419104,0.007837355580895492,0.00032655648253731217,0.0204044582396211,4.1995472929958755,0.007837355580895617
7.23857098364209,812.7618808916752,0.3981894341870449,0.389800838814244,0.4925917576786982,-4.539807802316425,1.0,1.0207179653602827,79.40437942427334,102.66847052163952,102.66847052163952,0,2,80.0,0,0.0,0.28732822945345826,0.3595211488232465,4,0.03348131991948186,0.4895833333333333,811.0362299116134,0.0,46.87385109882871,1.4653739702126365,859.3754549806548,s0778,96,0.18662381999999994,0.178786464419104,0.007837355580895492,0.00032655648253731217,0.0204044582396211,4.1995472929958755,0.007837355580895617
7.303194498630596,819.4479877574316,0.3981894341876338,0.33400735510870094,0.4681980424173781,-4.603489703020091,1.0,1.0183194686442747,79.68111623682913,91.08842450645214,91.08842450645214,0,7,80.0,0,0.0,0.27110693874007874,0.3154708423124855,4,0.029869072236738743,0.4270833333333333,811.0362299116134,0.0,41.77691642042054,1.3826453875744011,854.1957917196083,s0779,96,0.18662381999999994,0.178786464419104,0.007837355580895492,0.00032655648253731217,0.0204044582396211,4.1995472929958755,0.007837355580895617
7.262723475220348,816.5668279230615,0.3981894341876684,0.3478720544944994,0.4901163285893036,-4.755111572299582,1.0,1.0191048945750216,81.32548528872513,93.38615824106526,93.38615824106526,2,4,80.0,0,0.0,0.2963147308575407,0.2862186390839158,6,0.030988179300243373,0.4791666666666667,811.0362299116134,0.0,38.185169692025795,1.5112051273734572,850.7326047310127,s0780,96,0.18662381999999994,0.178786464419104,0.007837355580895492,0.00032655648253731217,0.0204044582396211,4.1995472929958755,0.007837355580895617
7.215874868705117,810.7178513340994,0.3981894341859959,0.33440431692873807,0.48267975970010296,-3.745952568040701,1.0,1.0195784378856934,82.19928612507563,98.33779560770037,98.33779560770037,1,4,80.0,0,0.0,0.30899358250416603,0.28572579571248313,5,0.030459739139419278,0.4583333333333333,811.0362299116134,0.0,37.44486618653734,1.575867270771246,850.056963368922,s0781,96,0.18662381999999994,0.178786464419104,0.007837355580895492,0.00032655648253731217,0.0204044582396211,4.1995472929958755,0.007837355580895617
7.2993558633157365,819.136344152676,0.3981894341860003,0.31115103381182857,0.4641239977773167,-3.9942279522678596,1.0,1.0183562307876146,76.31556733475902,88.81049101268901,88.81049101268901,0,5,80.0,0,0.0,0.2753241622974343,0.34610277839253767,7,0.030860306999893988,0.4166666666666667,811.0362299116134,0.0,45.32938835784423,1.4041532277169155,857.7697714971746,s0782,96,0.18662381999999994,0.178786464419104,0.007837355580895492,0.00032655648253731217,0.0204044582396211,4.1995472929958755,0.007837355580895617
7.3120087326317265,820.5584142232653,0.39818943418590963,0.3193448398057855,0.5139793242794733,-5.193736532362037,1.0,1.0194299102731696,82.73129479236927,97.21794518736083,97.21794518736083,2,5,80.0,0,0.0,0.2601477261995054,0.32992088534705855,4,0.030543058694289638,0.46875,811.0362299116134,0.0,42.87838567330001,1.326753403617478,855.2413689885309,s0783,96,0.18662381999999994,0.178786464419104,0.007837355580895492,0.00032655648253731217,0.0204044582396211,4.1995472929958755,0.007837355580895617
7.145545639175394,803.4387970057571,0.3981894341859066,0.4193515188347345,0.4032503273578209,-5.547681709451645,1.0,1.0196127213501047,80.25934806496002,94.98911331752026,94.98911331752026,1,10,80.0,0,0.0,0.24455641776931636,0.24044956436310183,2,0.02646428109841004,0.6041666666666666,811.0362299116134,0.0,30.977769380123206,1.2472377306235134,843.2612370223601,s0784,96,0.18662381999999994,0.178786464419104,0.007837355580895492,0.00032655648253731217,0.0204044582396211,4.1995472929958755,0.007837355580895617
7.178695699042189,807.3364992465943,0.3981894341859027,0.36344194283137704,0.4521496191598193,-3.72966747693586,1.0,1.0190224665796732,84.7499692734239,92.14708611479165,92.14708611479165,1,4,80.0,0,0.0,0.26230116972974177,0.26703143101258026,4,0.02617356649487499,0.59375,811.0362299116134,0.0,34.1021511892559,1.337735965621682,846.476117066491,s0785,96,0.18662381999999994,0.178786464419104,0.007837355580895492,0.00032655648253731217,0.0204044582396211,4.1995472929958755,0.007837355580895617
7.1822476263458475,807.4318254623522,0.39818943418594466,0.43143289548460834,0.48588748344353344,-4.408798803477466,1.0,1.0191935132572811,85.24303489936372,97.08565171964752,97.08565171964752,1,6,80.0,0,0.0,0.3384014884608069,0.29391814822499984,6,0.03365071611138871,0.5520833333333334,811.0362299116134,0.0,38.41946899658286,1.7258475911501143,851.1815464993464,s0786,96,0.18662381999999994,0.178786464419104,0.007837355580895492,0.00032655648253731217,0.0204044582396211,4.1995472929958755,0.007837355580895617
7.262378417231722,815.5722372110638,0.3981894341863072,0.39713853870032967,0.4525581597436876,-4.8881693682794065,1.0,1.0201306887895496,77.73886318993415,99.69225555454967,99.69225555454967,0,5,80.0,0,0.0,0.2880448915607154,0.2523440493054902,5,0.026495032531810278,0.5104166666666666,811.0362299116134,0.0,32.8704435272465,1.4690289469596483,845.3757023858195,s0787,96,0.18662381999999994,0.178786464419104,0.007837355580895492,0.00032655648253731217,0.0204044582396211,4.1995472929958755,0.007837355580895617
7.259750847426066,815.1197750673447,0.3981894341859399,0.3919183163130281,0.5425008025659683,-5.986302815061156,1.0,1.019180185224861,81.87355110236287,92.12569937886441,92.12569937886441,5,8,80.0,0,0.0,0.3358073760733509,0.3398527789435971,8,0.03485883355990174,0.46875,811.0362299116134,0.0,44.95185044205531,1.7126176179740888,857.7006979716427,s0788,96,0.18662381999999994,0.178786464419104,0.007837355580895492,0.00032655648253731217,0.0204044582396211,4.1995472929958755,0.007837355580895617
7.284033755379512,818.1766901511012,0.4080351824090778,0.3797967036407147,0.5978784907566321,-5.829048841345682,1.0,1.0181114025158131,89.52149856915746,89.84731031314904,89.84731031314904,2,6,80.0,0,0.0,0.32313174490649776,0.38829094583885115,8,0.038078623334009555,0.4791666666666667,811.0362299116134,0.0,50.97091853139547,1.6479718990231382,863.655120342032,s0789,96,0.18662381999999994,0.178786464419104,0.007837355580895492,0.00032655648253731217,0.0204044582396211,4.1995472929958755,0.007837355580895617
7.337462003535954,822.7454121168591,0.402470630873898,0.3630495384335246,0.41646739521415077,-4.164478727056607,1.0,1.017815926997536,75.70521342453213,84.50898058002373,84.50898058002373,0,2,80.0,0,0.0,0.21979359491385003,0.28992015290902284,2,0.02999232650392528,0.5625,811.0362299116134,0.0,37.948840640037176,1.1209473340606355,850.1060178857111,s0790,96,0.18662381999999994,0.178786464419104,0.007837355580895492,0.00032655648253731217,0.0204044582396211,4.1995472929958755,0.007837355580895617
7.260566929253925,814.562760078553,0.3981894341858518,0.36548010319525415,0.435907823209829,-3.626829373637554,1.0,1.019888601571595,82.0828778684718,97.54072092312104,97.54072092312104,2,6,80.0,0,0.0,0.2719809671029325,0.26154716499374037,3,0.028115667866554683,0.5104166666666666,811.0362299116134,0.0,34.13901396876124,1.3871029322249557,846.5623468125996,s0791,96,0.18662381999999994,0.178786464419104,0.007837355580895492,0.00032655648253731217,0.0204044582396211,4.1995472929958755,0.007837355580895617
7.202202282010079,809.8371200121792,0.39818943418687885,0.3773147003905381,0.4971047093421058,-5.832657738506147,1.0,1.0220031721791938,84.74973803372984,108.97436630113924,108.97436630113924,3,6,80.0,0,0.0,0.3298071554872403,0.27944878958858826,10,0.031278555106404225,0.5,811.0362299116134,0.0,37.24766866892258,1.6820164929849246,849.9659150735208,s0792,96,0.18662381999999994,0.178786464419104,0.007837355580895492,0.00032655648253731217,0.0204044582396211,4.1995472929958755,0.007837355580895617
7.174342127727067,806.4425613302066,0.3981894341859902,0.42007790398767964,0.4951787330094177,-4.97914374782077,1.0,1.0206711353925442,80.50055665531664,102.65690624011512,102.65690624011512,2,5,80.0,0,0.0,0.27648940818758333,0.2714802749377852,2,0.029356695176989828,0.53125,811.0362299116134,0.0,35.04467045692805,1.4100959817566754,847.4909963502981,s0793,96,0.18662381999999994,0.178786464419104,0.007837355580895492,0.00032655648253731217,0.0204044582396211,4.1995472929958755,0.007837355580895617
7.20547447777164,808.9830615949338,0.3981894341870817,0.4340082393658916,0.4900783262816705,-5.004984990681624,1.0,1.0204480880580074,82.20842595489029,100.59308870343607,100.59308870343607,1,4,80.0,0,0.0,0.2818925876554549,0.328398480894654,6,0.032508726072785626,0.4479166666666667,811.0362299116134,0.0,43.679304662131656,1.4376521970428187,856.1531867707879,s0794,96,0.18662381999999994,0.178786464419104,0.007837355580895492,0.00032655648253731217,0.0204044582396211,4.1995472929958755,0.007837355580895617
7.280531591720927,818.2569172556514,0.3981894341860072,0.34714750248458537,0.4747040707493849,-5.476644526961117,1.0,1.0183289258957442,80.31246614769681,92.74232158089856,92.74232158089856,1,6,80.0,0,0.0,0.26105751460164145,0.3224291592595373,6,0.02991440831505653,0.5416666666666666,811.0362299116134,0.0,42.62530946803436,1.3313933244683718,854.9929327041162,s0795,96,0.18662381999999994,0.178786464419104,0.007837355580895492,0.00032655648253731217,0.0204044582396211,4.1995472929958755,0.007837355580895617
7.188100541920667,807.0212189621211,0.39818943418620956,0.3748187381456318,0.45729438008546175,-4.629735824602634,1.0,1.0184103177822956,81.32880119187124,88.85394765206347,88.85394765206347,1,4,80.0,0,0.0,0.2648743734663869,0.276266299000981,3,0.0285863949177509,0.53125,811.0362299116134,0.0,36.14495340655257,1.3508593046785733,848.5320426228445,s0796,96,0.18662381999999994,0.178786464419104,0.007837355580895492,0.00032655648253731217,0.0204044582396211,4.1995472929958755,0.007837355580895617
7.148391798433786,803.5791291985483,0.39818943418665537,0.3874869088975069,0.556392292614291,-5.337976885028461,1.0,1.0203666958963586,85.14559802478973,101.85625847258754,101.85625847258754,3,11,80.0,0,0.0,0.3599716023113534,0.3176864004703283,11,0.03327607515136603,0.6041666666666666,811.0362299116134,0.0,41.050078912181576,1.835855171787901,853.9221639955829,s0797,96,0.18662381999999994,0.178786464419104,0.007837355580895492,0.00032655648253731217,0.0204044582396211,4.1995472929958755,0.007837355580895617
7.177939252933502,806.5617991702413,0.3981894341872746,0.4609651305739658,0.5058733161609261,-7.221648293301404,1.0,1.0189676371730931,86.23805562604444,94.87594159147336,94.87594159147336,2,8,80.0,0,0.0,0.3129595690893782,0.2960701599215353,5,0.030709857721270075,0.4895833333333333,811.0362299116134,0.0,37.85462355213154,1.5960938023558282,850.4869472661009,s0798,96,0.18662381999999994,0.178786464419104,0.007837355580895492,0.00032655648253731217,0.0204044582396211,4.1995472929958755,0.007837355580895617
7.230970311689157,812.0768380236193,0.39969605232890776,0.3793435455807914,0.4938807054171119,-3.664493142076907,1.0,1.018785560844499,78.67863638208384,92.07650955477936,92.07650955477936,0,5,80.0,0,0.0,0.2792685177429743,0.2499082259978311,5,0.02606704289029552,0.5520833333333334,811.0362299116134,0.0,32.65453744064026,1.424269440489168,845.1150367927429,s0799,96,0.18662381999999994,0.178786464419104,0.007837355580895492,0.00032655648253731217,0.0204044582396211,4.1995472929958755,0.007837355580895617
7.350096697323847,824.9465428040762,0.39818943418684505,0.29945971766485424,0.5600073296660546,-4.420606171202164,1.0,1.0197509594800516,85.1969485532747,99.19299538718322,99.19299538718322,4,7,80.0,0,0.0,0.3305129222618426,0.3861220491353562,6,0.03623174173269396,0.4166666666666667,811.0362299116134,0.0,51.05364659871682,1.685615903535395,863.7754924138657,s0800,96,0.18662381999999994,0.178786464419104,0.007837355580895492,0.00032655648253731217,0.0204044582396211,4.1995472929958755,0.007837355580895617
7.226497080261193,811.6056916377358,0.4134276010304871,0.4447598341909667,0.4549045414125884,-5.072397278411095,1.0,1.017269784223502,77.62329904882967,82.632758769822,82.632758769822,0,3,80.0,0,0.0,0.2707500901463353,0.26236933037580734,6,0.03221693258911654,0.5416666666666666,811.0362299116134,0.0,35.22532538775519,1.3808254597463099,847.642380759115,s0801,96,0.18662381999999994,0.178786464419104,0.007837355580895492,0.00032655648253731217,0.0204044582396211,4.1995472929958755,0.007837355580895617
7.199069586979887,809.4826272597356,0.4056189609275609,0.4069953711207542,0.5189815138220527,-3.1884759087389143,1.0,1.0177091361870731,83.96163433962157,84.27950916765795,84.27950916765795,1,4,80.0,0,0.0,0.26179107184952216,0.28872042148789734,4,0.02871183713647925,0.5729166666666666,811.0362299116134,0.0,37.49782836581956,1.3351344664325628,849.8691927438656,s0802,96,0.18662381999999994,0.178786464419104,0.007837355580895492,0.00032655648253731217,0.0204044582396211,4.1995472929958755,0.007837355580895617
7.232776431897642,813.1500153395592,0.404673097087755,0.3995029208158951,0.49013657157329793,-2.0895326814172255,1.0,1.0196900322137643,78.07268719448336,96.88567294240288,96.88567294240288,0,3,80.0,0,0.0,0.2734299768174278,0.31443713280078567,6,0.03142513205841686,0.5729166666666666,811.0362299116134,0.0,41.704625968043985,1.3944928817688815,854.1353487614263,s0803,96,0.18662381999999994,0.178786464419104,0.007837355580895492,0.00032655648253731217,0.0204044582396211,4.1995472929958755,0.007837355580895617
7.278623578182808,816.6280017178093,0.3981620393262734,0.3810721801926688,0.48297884322865703,-5.3951959198318775,1.0,1.0209080761545932,77.44633683964803,102.92363405664662,102.92363405664662,0,5,80.0,0,0.0,0.25532931203174314,0.2624613290491027,2,0.025760364607323803,0.5104166666666666,811.0362299116134,0.0,33.8486420261672,1.3021794913618894,846.1870514291426,s0804,96,0.18662381999999994,0.178786464419104,0.007837355580895492,0.00032655648253731217,0.0204044582396211,4.1995472929958755,0.007837355580895617
7.244825641331822,813.7194574233179,0.3981894341859215,0.39130598534821603,0.48944708259730046,-5.787796096169935,1.0,1.0194341709239652,81.31491824260496,95.73384987095004,95.73384987095004,3,6,80.0,0,0.0,0.31215773286563386,0.27066333026494616,7,0.03043198860779818,0.4583333333333333,811.0362299116134,0.0,35.491744819000424,1.592004437614733,848.1199791682286,s0805,96,0.18662381999999994,0.178786464419104,0.007837355580895492,0.00032655648253731217,0.0204044582396211,4.1995472929958755,0.007837355580895617
7.2160294126177345,811.1488543498392,0.3981894341870382,0.3200706756990336,0.4029722006778448,-4.215847150211801,1.0,1.018805253336813,78.92738766512576,91.9429706505564,91.9429706505564,0,4,80.0,0,0.0,0.2383198008038788,0.2619965155135423,2,0.02609244821660412,0.5104166666666666,811.0362299116134,0.0,34.254421934078856,1.2154309840997821,846.506082829792,s0806,96,0.18662381999999994,0.178786464419104,0.007837355580895492,0.00032655648253731217,0.0204044582396211,4.1995472929958755,0.007837355580895617
7.278646239540397,817.0076683370886,0.39818943418630925,0.3455444409153796,0.4739743968824638,-4.264362104628369,1.0,1.0198581005116172,83.77486042155941,99.7240999172147,99.7240999172147,1,5,80.0,0,0.0,0.31277069671947316,0.29044262442252955,8,0.03159228938657255,0.5416666666666666,811.0362299116134,0.0,38.14128464850086,1.5951305532693136,850.7726451133836,s0807,96,0.18662381999999994,0.178786464419104,0.007837355580895492,0.00032655648253731217,0.0204044582396211,4.1995472929958755,0.007837355580895617
7.291950147961387,818.8135858819483,0.39818943418594466,0.3309999003504206,0.45574854101124684,-4.634173331718621,1.0,1.0196017215901847,80.63950096734376,96.92705296492312,96.92705296492312,1,5,80.0,0,0.0,0.237826900176476,0.2894988321401175,3,0.02681165501029366,0.375,811.0362299116134,0.0,37.63345278106892,1.212917190900028,849.8825998835824,s0808,96,0.18662381999999994,0.178786464419104,0.007837355580895492,0.00032655648253731217,0.0204044582396211,4.1995472929958755,0.007837355580895617
7.294232826695334,818.8092228232482,0.39818943418709585,0.34233745554158324,0.45648012544755656,-5.024009334061839,1.0,1.018544316054581,76.92845611358847,89.82825359885112,89.82825359885112,0,5,80.0,0,0.0,0.28022449403208466,0.2652407659877092,3,0.027016201802916102,0.4583333333333333,811.0362299116134,0.0,34.438210806637564,1.4291449195636312,846.9035856378147,s0809,96,0.18662381999999994,0.178786464419104,0.007837355580895492,0.00032655648253731217,0.0204044582396211,4.1995472929958755,0.007837355580895617
7.221982216975965,810.7017514838387,0.39818943418595526,0.3754853961396465,0.48100618021527863,-5.2100425722403045,1.0,1.0186257711499758,79.60372699724732,89.04595837215882,89.04595837215882,0,5,80.0,0,0.0,0.27187061755413405,0.3261860100077354,5,0.033366880666558386,0.53125,811.0362299116134,0.0,43.12363505153638,1.3865401495260834,855.546405112676,s0810,96,0.18662381999999994,0.178786464419104,0.007837355580895492,0.00032655648253731217,0.0204044582396211,4.1995472929958755,0.007837355580895617
7.260524365187781,815.7659898256702,0.4009233580868933,0.34885646949837823,0.43001183129700943,-5.419710878174048,1.0,1.0172835807315401,75.91231785893817,83.48867121473191,83.48867121473191,0,4,80.0,0,0.0,0.26673011786728096,0.272004367708791,4,0.027416425358002157,0.4583333333333333,811.0362299116134,0.0,36.401751310361526,1.3603236011231326,848.7983048230981,s0811,96,0.18662381999999994,0.178786464419104,0.007837355580895492,0.00032655648253731217,0.0204044582396211,4.1995472929958755,0.007837355580895617
7.22699800043919,812.4684750526168,0.3981894341859457,0.3199316905875132,0.41422104600743437,-4.0421059194261835,1.0,1.018371718608184,75.96672731724277,87.99247726122516,87.99247726122516,0,3,80.0,0,0.0,0.25056866414127127,0.29647803056425903,2,0.028647434159402217,0.5,811.0362299116134,0.0,38.61202152373794,1.2779001871204834,850.9261516224718,s0812,96,0.18662381999999994,0.178786464419104,0.007837355580895492,0.00032655648253731217,0.0204044582396211,4.1995472929958755,0.007837355580895617
7.230805386392439,811.415787317131,0.39818943418602276,0.40192599465885237,0.4364071970605554,-7.159777583183877,1.0,1.01971846483011,89.30760579894034,96.51066770812682,96.51066770812682,1,8,80.0,0,0.0,0.28561961595814217,0.24044768490167606,6,0.02730219706192233,0.46875,811.0362299116134,0.0,31.661746525402695,1.4566600413865238,844.1546364784026,s0813,96,0.18662381999999994,0.178786464419104,0.007837355580895492,0.00032655648253731217,0.0204044582396211,4.1995472929958755,0.007837355580895617
7.280410550197606,816.7809556949206,0.39818943418593,0.40123885309734586,0.4092883067769982,-5.0089582743843115,1.0,1.0190191885330464,82.51251644810382,93.67944399773347,93.67944399773347,2,6,80.0,0,0.0,0.2546209786802036,0.22783785103627083,3,0.025174706700779276,0.4479166666666667,811.0362299116134,0.0,30.167578482601435,1.298566991269039,842.5023753854839,s0814,96,0.18662381999999994,0.178786464419104,0.007837355580895492,0.00032655648253731217,0.0204044582396211,4.1995472929958755,0.007837355580895617
7.257215562286192,814.7527331392542,0.3981894341881281,0.38015919007783827,0.4655133768086226,-5.3905043919151465,1.0,1.018387227570334,85.00733060234221,88.76206542942451,88.76206542942451,2,7,80.0,0,0.0,0.3023809420673641,0.26871960003962975,5,0.03044035225787489,0.4375,811.0362299116134,0.0,35.73260361209477,1.5421428045435568,848.3109763282517,s0815,96,0.18662381999999994,0.178786464419104,0.007837355580895492,0.00032655648253731217,0.0204044582396211,4.1995472929958755,0.007837355580895617
7.21723171469466,810.7548509962219,0.40191135833812336,0.3893290138721942,0.4535994831479061,-4.449025549021569,1.0,1.0183078816839717,83.5213525339064,88.7527730209096,88.7527730209096,1,4,80.0,0,0.0,0.26814929304843504,0.2202205303910982,2,0.024243281202423816,0.4791666666666667,811.0362299116134,0.0,28.29369405450639,1.367561394547018,840.6974853606669,s0816,96,0.18662381999999994,0.178786464419104,0.007837355580895492,0.00032655648253731217,0.0204044582396211,4.1995472929958755,0.007837355580895617
7.303787054675121,819.2719214919732,0.39818943418703157,0.3498592063111057,0.46676655983404064,-5.048464394601115,1.0,1.022705425163545,90.99754663339537,112.74110802560638,112.74110802560638,3,5,80.0,0,0.0,0.2839339384821389,0.28785970737474675,9,0.03091774211537824,0.3958333333333333,811.0362299116134,0.0,39.76316691112032,1.4480630862589077,852.2474599089927,s0817,96,0.18662381999999994,0.178786464419104,0.007837355580895492,0.00032655648253731217,0.0204044582396211,4.1995472929958755,0.007837355580895617
7.151666621861644,804.956443594479,0.3981894341859299,0.38016204074843474,0.5067986803669824,-5.349104291415983,1.0,1.019126896810121,88.93106671234457,92.07761250109526,92.07761250109526,3,7,80.0,0,0.0,0.2656321031800018,0.3175071401109659,4,0.029264009932490724,0.5104166666666666,811.0362299116134,0.0,40.91799592896791,1.354723726218008,853.3089495667994,s0818,96,0.18662381999999994,0.178786464419104,0.007837355580895492,0.00032655648253731217,0.0204044582396211,4.1995472929958755,0.007837355580895617
7.243546912818807,814.1355003204362,0.39816203932565275,0.35112735093346215,0.4790119324331552,-4.7410954617551,1.0,1.021017707475833,81.12112011206625,103.46708718834196,103.46708718834196,1,5,80.0,0,0.0,0.2597211328657612,0.3149706568158299,6,0.02943939411277709,0.53125,811.0362299116134,0.0,40.88825990804157,1.3245777776153829,853.2490675972704,s0819,96,0.18662381999999994,0.178786464419104,0.007837355580895492,0.00032655648253731217,0.0204044582396211,4.1995472929958755,0.007837355580895617
7.190432348487428,807.3091790576343,0.39818943418709696,0.41238071729176407,0.4688444292037181,-3.1321068632103173,1.0,1.0189256024735935,79.48882482654713,93.5754556446181,93.5754556446181,0,5,80.0,0,0.0,0.29519140224359447,0.23013365491281218,6,0.025910899360747502,0.59375,811.0362299116134,0.0,29.43728710106659,1.5054761514423314,841.9789931641222,s0820,96,0.18662381999999994,0.178786464419104,0.007837355580895492,0.00032655648253731217,0.0204044582396211,4.1995472929958755,0.007837355580895617
7.215450302202201,810.998834294513,0.3981894341874151,0.45428517777768007,0.5019820094356421,-4.85249149785544,1.0,1.0182822515252918,83.17647995125202,91.19709161309224,91.19709161309224,1,6,80.0,0,0.0,0.30592290565852004,0.31100585109476736,9,0.03479751837858034,0.5104166666666666,811.0362299116134,0.0,41.46351739671666,1.5602068188584512,854.0599541271885,s0821,96,0.18662381999999994,0.178786464419104,0.007837355580895492,0.00032655648253731217,0.0204044582396211,4.1995472929958755,0.007837355580895617
7.313248795833357,820.6690922823855,0.3981894341865998,0.3823273024129853,0.5235728214851837,-4.786777431026742,1.0,1.0186615080025252,80.46510644756775,90.33285480841194,90.33285480841194,1,4,80.0,0,0.0,0.2732665204004638,0.31108802283205983,3,0.029181935596012672,0.4791666666666667,811.0362299116134,0.0,40.66577388919047,1.3936592540423651,853.0956630548463,s0822,96,0.18662381999999994,0.178786464419104,0.007837355580895492,0.00032655648253731217,0.0204044582396211,4.1995472929958755,0.007837355580895617
7.263166453032577,815.7651988912378,0.41663499468190407,0.3395028057437374,0.49102653786383477,-4.831610559299739,1.0,1.0189326883082985,85.17945993228058,94.71576804864539,94.71576804864539,1,5,80.0,0,0.0,0.2474206934018493,0.3038213029528588,1,0.02797219127544405,0.4270833333333333,811.0362299116134,0.0,39.35289053831335,1.2618455363494314,851.6509659862762,s0823,96,0.18662381999999994,0.178786464419104,0.007837355580895492,0.00032655648253731217,0.0204044582396211,4.1995472929958755,0.007837355580895617
7.171608181649846,806.4132825030049,0.3981894341861142,0.3695446879429348,0.45282335296687815,-4.165523459287105,1.0,1.0189997363145422,80.06125980984515,93.16974463701331,93.16974463701331,1,5,80.0,0,0.0,0.3066601030223057,0.26052537463141684,4,0.029848265729174907,0.5104166666666666,811.0362299116134,0.0,34.59447817385234,1.5639665254137585,847.1946746108796,s0824,96,0.18662381999999994,0.178786464419104,0.007837355580895492,0.00032655648253731217,0.0204044582396211,4.1995472929958755,0.007837355580895617
7.234344872607371,812.9480516364944,0.3981894341867414,0.3314293980473776,0.3885649602933,-3.470441389178242,1.0,1.0181690847914993,85.41323603693296,89.43810540890843,89.43810540890843,1,3,80.0,0,0.0,0.24744091934286375,0.2664517365784922,1,0.028926214926568394,0.46875,811.0362299116134,0.0,35.13572918522926,1.2619486886486049,847.4339077854913,s0825,96,0.18662381999999994,0.178786464419104,0.007837355580895492,0.00032655648253731217,0.0204044582396211,4.1995472929958755,0.007837355580895617
7.143531392191425,803.2689432311447,0.398189434186025,0.5122012536715803,0.4301695600576364,-5.0270221021831665,1.0,1.0177653305951138,80.4526097541362,85.10334182059471,85.10334182059471,1,6,80.0,0,0.0,0.27883813724179035,0.2757378734852335,7,0.028767982023382283,0.59375,811.0362299116134,0.0,36.05847806334302,1.422074499933131,848.5167824748896,s0826,96,0.18662381999999994,0.178786464419104,0.007837355580895492,0.00032655648253731217,0.0204044582396211,4.1995472929958755,0.007837355580895617
7.287711971525688,817.8657565762386,0.39818943418674274,0.4147196715071117,0.4897905152941444,-4.734386775018632,1.0,1.0188004892029796,76.07799672638639,91.21484983117301,91.21484983117301,0,4,80.0,0,0.0,0.2924717927538878,0.2664255241203922,4,0.02886003137990978,0.46875,811.0362299116134,0.0,34.500306545956576,1.4916061430448275,847.0281426006148,s0827,96,0.18662381999999994,0.178786464419104,0.007837355580895492,0.00032655648253731217,0.0204044582396211,4.1995472929958755,0.007837355580895617
7.117589175257693,801.7252724352179,0.39818943418601876,0.454225924675287,0.46068913563460734,-4.344368949899534,1.0,1.01718474732702,84.4023712061678,83.9220536178189,83.9220536178189,1,3,80.0,0,0.0,0.2552736525749279,0.3110510436301692,4,0.028631703475571462,0.5625,811.0362299116134,0.0,40.08881529859381,1.3018956281321323,852.4269408383393,s0828,96,0.18662381999999994,0.178786464419104,0.007837355580895492,0.00032655648253731217,0.0204044582396211,4.1995472929958755,0.007837355580895617
7.190623233250537,807.4994942728949,0.39818943418585795,0.41558014426261153,0.493021790248938,-4.6866540643956744,1.0,1.0205711316512898,84.6562582311991,102.8696646127607,102.8696646127607,1,9,80.0,0,0.0,0.2978007654285473,0.2974753767702458,8,0.03154472145228708,0.5729166666666666,811.0362299116134,0.0,39.03923531281222,1.51878390368559,851.5942491281113,s0829,96,0.18662381999999994,0.178786464419104,0.007837355580895492,0.00032655648253731217,0.0204044582396211,4.1995472929958755,0.007837355580895617
7.285356177597014,817.5832760193193,0.39818943418627417,0.36684451829308273,0.5797586747382709,-5.015879344160596,1.0,1.019167005662795,90.21285734012223,96.10786282070684,96.10786282070684,2,12,80.0,0,0.0,0.32203807173676025,0.30533911469197034,5,0.03194618336774384,0.4895833333333333,811.0362299116134,0.0,40.03852774305805,1.6423941658574766,852.7171518205289,s0830,96,0.18662381999999994,0.178786464419104,0.007837355580895492,0.00032655648253731217,0.0204044582396211,4.1995472929958755,0.007837355580895617
7.196993295014888,809.0384243690482,0.39818943418723385,0.41889125860702625,0.5130042946098772,-4.388703743347826,1.0,1.0176414875199222,82.97605007128949,89.05253168349134,89.05253168349134,4,4,80.0,0,0.0,0.28652966067230823,0.36610946032208935,5,0.03607880862167535,0.5104166666666666,811.0362299116134,0.0,47.90604981026008,1.4613012694287708,860.4035809913023,s0831,96,0.18662381999999994,0.178786464419104,0.007837355580895492,0.00032655648253731217,0.0204044582396211,4.1995472929958755,0.007837355580895617
7.228214623584003,812.3021685546355,0.3981894341859401,0.38784501342969396,0.4944154683142726,-4.826997283406218,1.0,1.018806575466767,79.80188189120798,91.63882100419961,91.63882100419961,0,6,80.0,0,0.0,0.2727106859962259,0.2828834677776286,3,0.02925644512943654,0.5,811.0362299116134,0.0,36.69580278385317,1.3908244985807516,849.1228571940474,s0832,96,0.18662381999999994,0.178786464419104,0.007837355580895492,0.00032655648253731217,0.0204044582396211,4.1995472929958755,0.007837355580895617
7.26631638618468,816.2157760339541,0.39818943418594505,0.33234994654001615,0.43548780208958837,-5.932786968693033,1.0,1.0190691868892112,86.26914356841883,91.46419295095997,91.46419295095997,3,5,80.0,0,0.0,0.264277226936192,0.24737859977918913,2,0.026984978020214694,0.5208333333333334,811.0362299116134,0.0,32.34283130481404,1.347813857374579,844.726875073802,s0833,96,0.18662381999999994,0.178786464419104,0.007837355580895492,0.00032655648253731217,0.0204044582396211,4.1995472929958755,0.007837355580895617
7.286527566052987,818.3458531538545,0.3981894341859937,0.29344893340110934,0.49216894691733604,-5.2499304776714055,1.0,1.017958484158182,84.75842567309367,91.33936301642628,91.33936301642628,3,2,80.0,0,0.0,0.2664311852085134,0.3161404397244763,4,0.03014589824367331,0.3645833333333333,811.0362299116134,0.0,41.44118208584939,1.3587990445634177,853.8362110420262,s0834,96,0.18662381999999994,0.178786464419104,0.007837355580895492,0.00032655648253731217,0.0204044582396211,4.1995472929958755,0.007837355580895617
7.205957391658153,810.4524459019294,0.3981894341861258,0.34684995223166853,0.4108084196780042,-4.421094122310474,1.0,1.018424459803218,79.77402982766853,90.45451131285317,90.45451131285317,0,5,80.0,0,0.0,0.275221864860674,0.22907455018755948,4,0.02646081147413835,0.5,811.0362299116134,0.0,30.21250552666648,1.4036315107894377,842.6523669490693,s0835,96,0.18662381999999994,0.178786464419104,0.007837355580895492,0.00032655648253731217,0.0204044582396211,4.1995472929958755,0.007837355580895617
7.280696472687854,817.1178782992429,0.3981894341872798,0.4124254367486077,0.48200404226706794,-4.0033406711101795,1.0,1.0194890180865097,75.94496017902121,96.27473527525493,96.27473527525493,0,3,80.0,0,0.0,0.2801265759816007,0.257570339648554,3,0.02634710625616963,0.5208333333333334,811.0362299116134,0.0,33.0815583747698,1.4286455375061637,845.5464338238894,s0836,96,0.18662381999999994,0.178786464419104,0.007837355580895492,0.00032655648253731217,0.0204044582396211,4.1995472929958755,0.007837355580895617
7.236874177608028,813.1166654143876,0.3981894341866,0.3573859355105681,0.4427241405868728,-4.5483114898756,1.0,1.0190198622096114,78.73660306098841,93.94642433784115,93.94642433784115,0,7,80.0,0,0.0,0.2729484129545676,0.26212936585057584,3,0.027108062874042393,0.53125,811.0362299116134,0.0,34.00454786106851,1.3920369060682942,846.4328146787502,s0837,96,0.18662381999999994,0.178786464419104,0.007837355580895492,0.00032655648253731217,0.0204044582396211,4.1995472929958755,0.007837355580895617
7.207822665943876,809.9510281818963,0.3981894341868353,0.41243347992235846,0.4622068463520857,-4.897488220184603,1.0,1.0196543063716246,81.18623842670269,96.83811992039797,96.83811992039797,3,6,80.0,0,0.0,0.2790725034326923,0.26052676715700307,4,0.02832264018089051,0.5625,811.0362299116134,0.0,34.335925424217294,1.4232697675067307,846.7954251033375,s0838,96,0.18662381999999994,0.178786464419104,0.007837355580895492,0.00032655648253731217,0.0204044582396211,4.1995472929958755,0.007837355580895617
7.209637073829644,810.0768720664873,0.41005644797726415,0.4305029351098642,0.5203597146993031,-5.556776756202651,1.0,1.017553396556059,82.86494289174834,83.53107756596191,83.53107756596191,4,2,80.0,0,0.0,0.2981329016896678,0.3084261718984811,6,0.031189358245707167,0.53125,811.0362299116134,0.0,39.56808184462755,1.5204777986173053,852.1247895548582,s0839,96,0.18662381999999994,0.178786464419104,0.007837355580895492,0.00032655648253731217,0.0204044582396211,4.1995472929958755,0.007837355580895617
7.257494165895888,814.3492915734524,0.3981894341859166,0.3857397018150813,0.4778015276507035,-4.597154178658618,1.0,1.021074216631216,81.25420745137433,103.69686736662807,103.69686736662807,1,6,80.0,0,0.0,0.27498413276073963,0.31028271690200543,3,0.030948422698714614,0.4791666666666667,811.0362299116134,0.0,40.4864159169521,1.4024190770797713,852.9250649056453,s0840,96,0.18662381999999994,0.178786464419104,0.007837355580895492,0.00032655648253731217,0.0204044582396211,4.1995472929958755,0.007837355580895617
7.264636090013679,815.398601820422,0.39818943418635366,0.3279412264318823,0.40438629310304,-4.363433869405724,1.0,1.019806094056018,83.48186440743618,99.46630078496553,99.46630078496553,1,4,80.0,0,0.0,0.24484124936901994,0.29071858852027743,5,0.030050135353171956,0.53125,811.0362299116134,0.0,38.40387036113142,1.2486903717820017,850.6887906445269,s0841,96,0.18662381999999994,0.178786464419104,0.007837355580895492,0.00032655648253731217,0.0204044582396211,4.1995472929958755,0.007837355580895617
7.1735065774718905,806.2590560729597,0.39818943418618535,0.3913702299731675,0.5002428955307746,-4.918249949735994,1.0,1.019568003061082,86.55823879921577,96.29444452975862,96.29444452975862,4,7,80.0,0,0.0,0.2928507530255518,0.2931118112586556,2,0.029770184404744,0.5208333333333334,811.0362299116134,0.0,37.54156397383897,1.4935388404303138,850.0713327258827,s0842,96,0.18662381999999994,0.178786464419104,0.007837355580895492,0.00032655648253731217,0.0204044582396211,4.1995472929958755,0.007837355580895617
7.079283304441702,797.7944606480253,0.3981894341861789,0.3667886063533967,0.456322930252805,-3.9626303990973852,1.0,1.01729215849352,87.93480524565072,82.67594453523276,82.67594453523276,2,5,80.0,0,0.0,0.2543462520852378,0.3122945202268026,3,0.030181571977245095,0.6041666666666666,811.0362299116134,0.0,40.89809158322036,1.2971658856347128,853.2314873804685,s0843,96,0.18662381999999994,0.178786464419104,0.007837355580895492,0.00032655648253731217,0.0204044582396211,4.1995472929958755,0.007837355580895617
7.298045678150352,818.078879308882,0.39818943418594266,0.36809207519352005,0.4622654844539459,-5.1343891545890985,1.0,1.0188219552454942,93.97449003190745,90.34130585155621,90.34130585155621,1,8,80.0,0,0.0,0.22894478376873276,0.287126806265894,3,0.027917304038587398,0.5104166666666666,811.0362299116134,0.0,37.69951168918537,1.167618397220537,849.9033599980193,s0844,96,0.18662381999999994,0.178786464419104,0.007837355580895492,0.00032655648253731217,0.0204044582396211,4.1995472929958755,0.007837355580895617
7.220135746089349,811.6262143734248,0.39818943418601455,0.38288276144585065,0.46891200030819236,-4.54929203291092,1.0,1.019538291883655,79.4767260553021,96.18781975679961,96.18781975679961,0,4,80.0,0,0.0,0.30089246242566986,0.28413226997579577,9,0.030178517932856756,0.5104166666666666,811.0362299116134,0.0,37.02371470284428,1.5345515583709148,849.5944961728286,s0845,96,0.18662381999999994,0.178786464419104,0.007837355580895492,0.00032655648253731217,0.0204044582396211,4.1995472929958755,0.007837355580895617
7.26343481675543,814.4999436732251,0.3981894341859943,0.37342420860227044,0.4895813820435937,-4.6265383316506545,1.0,1.0178178127614554,94.0763398555537,87.77255121308102,87.77255121308102,1,5,80.0,0,0.0,0.34077648638867925,0.2417679162786145,7,0.031466254766342766,0.3854166666666667,811.0362299116134,0.0,31.66904063288856,1.7379600805822641,844.4432306250843,s0846,96,0.18662381999999994,0.178786464419104,0.007837355580895492,0.00032655648253731217,0.0204044582396211,4.1995472929958755,0.007837355580895617
7.250456369968386,815.5657658666555,0.428677434192202,0.30870929256948954,0.4321632553284329,-4.207536672881832,1.0,1.0193737488873411,81.04610119914477,97.3231403080615,97.3231403080615,2,4,80.0,0,0.0,0.2829191055113421,0.26888180672604545,2,0.028225937897707276,0.4375,811.0362299116134,0.0,35.1510096764224,1.442887438107843,847.6301270261437,s0847,96,0.18662381999999994,0.178786464419104,0.007837355580895492,0.00032655648253731217,0.0204044582396211,4.1995472929958755,0.007837355580895617
7.165012772632996,806.0963595218204,0.39818943418806896,0.4411922404714059,0.49929381953223384,-4.73403664692686,1.0,1.0187444724694852,83.44022046256399,91.32877254638665,91.32877254638665,1,5,80.0,0,0.0,0.2863921010174988,0.3113329302185023,4,0.029914317616301426,0.5833333333333334,811.0362299116134,0.0,40.63349630323058,1.4605997151892438,853.1303259300332,s0848,96,0.18662381999999994,0.178786464419104,0.007837355580895492,0.00032655648253731217,0.0204044582396211,4.1995472929958755,0.007837355580895617
7.300939056551245,818.2229177173188,0.39818943418634045,0.3731120126379009,0.5020068827604334,-4.707833666883611,1.0,1.017743357524318,83.81468543490635,90.65822224843907,90.65822224843907,1,6,80.0,0,0.0,0.2882660481293547,0.3175546432286657,7,0.03280116036402659,0.4479166666666667,811.0362299116134,0.0,42.82584561000409,1.4701568454597091,855.3322323670772,s0849,96,0.18662381999999994,0.178786464419104,0.007837355580895492,0.00032655648253731217,0.0204044582396211,4.1995472929958755,0.007837355580895617
7.199425948711892,810.1155505584695,0.39818943418597486,0.38354597008629177,0.4565603662377958,-4.042488926558011,1.0,1.0178542958366465,89.70389209334036,84.79937868868421,84.79937868868421,2,6,80.0,0,0.0,0.2815930640004673,0.2734252255299937,3,0.02780782006096202,0.5,811.0362299116134,0.0,35.06817058718777,1.4361246264023828,847.5405251252035,s0850,96,0.18662381999999994,0.178786464419104,0.007837355580895492,0.00032655648253731217,0.0204044582396211,4.1995472929958755,0.007837355580895617
7.2428513694835885,812.9625977741284,0.39818943418595226,0.35029682956023067,0.47423976216833486,-4.4884934940413785,1.0,1.0184176547002826,80.90091875793294,89.67244641427196,89.67244641427196,1,5,80.0,0,0.0,0.312041491111924,0.2710895808827616,4,0.029288687879791615,0.3958333333333333,811.0362299116134,0.0,35.15245415379552,1.5914116046708118,847.7800956700797,s0851,96,0.18662381999999994,0.178786464419104,0.007837355580895492,0.00032655648253731217,0.0204044582396211,4.1995472929958755,0.007837355580895617
7.184939840692895,807.7470295273753,0.3981894341868163,0.4015409537704637,0.4615239854248945,-4.397591679798375,1.0,1.0180531833673145,80.91784367847083,86.9129338014543,86.9129338014543,1,5,80.0,0,0.0,0.2681436632743004,0.3634768715532244,5,0.03614749247665125,0.5104166666666666,811.0362299116134,0.0,48.720039917740344,1.3675326826989318,861.1238025120526,s0852,96,0.18662381999999994,0.178786464419104,0.007837355580895492,0.00032655648253731217,0.0204044582396211,4.1995472929958755,0.007837355580895617
7.249287519374589,814.5884849547914,0.39818943418593916,0.34719752533129405,0.4472328804759732,-4.244978643217183,1.0,1.0185619371473917,80.51189038054832,89.07709774514882,89.07709774514882,1,6,80.0,0,0.0,0.24753041321216612,0.26978859729150656,3,0.027100199140124546,0.5520833333333334,811.0362299116134,0.0,35.48416076346523,1.2624051073820473,847.7827957824607,s0853,96,0.18662381999999994,0.178786464419104,0.007837355580895492,0.00032655648253731217,0.0204044582396211,4.1995472929958755,0.007837355580895617
7.2602179208873325,815.7737629579026,0.3981894341859651,0.37770888886419973,0.47253121476614696,-4.651741376690229,1.0,1.0182486508392776,79.0481054097606,86.96456427313443,86.96456427313443,0,6,80.0,0,0.0,0.28752800682979296,0.2922431790010761,4,0.033766665569491275,0.4479166666666667,811.0362299116134,0.0,39.12567588277238,1.4663928348319442,851.6282986292177,s0854,96,0.18662381999999994,0.178786464419104,0.007837355580895492,0.00032655648253731217,0.0204044582396211,4.1995472929958755,0.007837355580895617
7.248635154879974,814.1812752793462,0.39818943418724434,0.3293284028911263,0.36173573182046614,-4.116285633889011,1.0,1.017218043927338,76.01675290908977,82.20351278656155,82.20351278656155,0,2,80.0,0,0.0,0.23685173556497813,0.19123956075095333,1,0.020676280159899404,0.4479166666666667,811.0362299116134,0.0,25.26415759929666,1.2079438513813892,837.5083313622915,s0855,96,0.18662381999999994,0.178786464419104,0.007837355580895492,0.00032655648253731217,0.0204044582396211,4.1995472929958755,0.007837355580895617
7.2857593739326685,818.1845337870132,0.40626795966816676,0.4111292331301608,0.5061263313034385,-5.055726730123012,1.0,1.0176825858720475,76.44520408889254,85.87334727887274,85.87334727887274,0,2,80.0,0,0.0,0.28973091600462275,0.28015523693153066,6,0.030149288703160367,0.4895833333333333,811.0362299116134,0.0,36.41473904094422,1.4776276716235757,848.9285966241813,s0856,96,0.18662381999999994,0.178786464419104,0.007837355580895492,0.00032655648253731217,0.0204044582396211,4.1995472929958755,0.007837355580895617
7.195000803325523,809.9570297650987,0.41768104836997383,0.33954613614491913,0.5497465455021668,-3.6721556927362276,1.0,1.0187585189282131,101.13803557519768,92.29468531952476,92.29468531952476,3,3,80.0,0,0.0,0.28176188427194115,0.3494462472708445,5,0.03333147588379121,0.46875,811.0362299116134,0.0,45.13715128883298,1.4369856097868994,857.6103668102334,s0857,96,0.18662381999999994,0.178786464419104,0.007837355580895492,0.00032655648253731217,0.0204044582396211,4.1995472929958755,0.007837355580895617
7.284484713514761,817.9864668490497,0.3981894341866464,0.40379456385055945,0.5058388894443229,-4.197546426018354,1.0,1.0183936992823373,83.41808299295825,93.45722269902271,93.45722269902271,1,5,80.0,0,0.0,0.28305001439422056,0.2644548904568673,4,0.026724792361036056,0.5,811.0362299116134,0.0,35.090628393338456,1.443555073410525,847.5704133783623,s0858,96,0.18662381999999994,0.178786464419104,0.007837355580895492,0.00032655648253731217,0.0204044582396211,4.1995472929958755,0.007837355580895617
7.21167116405006,811.0371520203475,0.4076093037731477,0.40453769011006424,0.5479120561851929,-4.03622658914502,1.0,1.018330846726634,80.93944996746858,89.22887437826857,89.22887437826857,2,5,80.0,0,0.0,0.31760611330776084,0.31693610444100473,7,0.03244913833751304,0.46875,811.0362299116134,0.0,41.21047082605743,1.6197911778695795,853.8664919155405,s0859,96,0.18662381999999994,0.178786464419104,0.007837355580895492,0.00032655648253731217,0.0204044582396211,4.1995472929958755,0.007837355580895617
7.250494667053827,814.3410759488863,0.3981894341867355,0.31670517237937373,0.4140639443553856,-4.877218815102558,1.0,1.0188641111602765,84.94684990154947,91.82520422718486,91.82520422718486,2,5,80.0,0,0.0,0.27609907976594944,0.23624446216191788,6,0.028497530793018363,0.4895833333333333,811.0362299116134,0.0,31.74881602481744,1.408105306806342,844.1931512432371,s0860,96,0.18662381999999994,0.178786464419104,0.007837355580895492,0.00032655648253731217,0.0204044582396211,4.1995472929958755,0.007837355580895617
7.232860063089941,812.574879558885,0.3981894341858747,0.3308724865730134,0.41738644861294494,-5.733171795824106,1.0,1.0202450657187931,85.57274095803882,98.8115759848355,98.8115759848355,2,5,80.0,0,0.0,0.2512813520562381,0.2506117028307182,2,0.025574811597427673,0.4791666666666667,811.0362299116134,0.0,32.368672133374005,1.2815348954868147,844.6864369404743,s0861,96,0.18662381999999994,0.178786464419104,0.007837355580895492,0.00032655648253731217,0.0204044582396211,4.1995472929958755,0.007837355580895617
7.284221242555768,817.2633013875336,0.3981894341862851,0.37774240591316866,0.49067981133023464,-3.768519166978283,1.0,1.0190524407974888,87.90961313209348,95.36148201273078,95.36148201273078,3,7,80.0,0,0.0,0.291551580762793,0.2874760095081602,6,0.030386293442474833,0.46875,811.0362299116134,0.0,37.45464801416399,1.4869130618902437,849.9777909876677,s0862,96,0.18662381999999994,0.178786464419104,0.007837355580895492,0.00032655648253731217,0.0204044582396211,4.1995472929958755,0.007837355580895617
7.1254236441252425,801.2889115084745,0.3981894341860198,0.48173010691514817,0.46323245714131644,-4.179066621962071,1.0,1.0198385848992289,83.53246205558526,98.24426372838278,98.24426372838278,2,6,80.0,0,0.0,0.28965400304042777,0.32549436407930127,7,0.03444951793440813,0.5625,811.0362299116134,0.0,43.10771469738905,1.477235415506182,855.6211800245086,s0863,96,0.18662381999999994,0.178786464419104,0.007837355580895492,0.00032655648253731217,0.0204044582396211,4.1995472929958755,0.007837355580895617
7.19791674085965,808.3572257680463,0.398189434187229,0.4304626877587674,0.48099230778472013,-6.365377874760441,1.0,1.0205949484347652,101.48577153449025,101.68041198197095,101.68041198197095,1,10,80.0,0,0.0,0.30791835947283025,0.27706424427757403,4,0.031402025975258756,0.53125,811.0362299116134,0.0,36.42192683913012,1.5703836333114338,849.028540384055,s0864,96,0.18662381999999994,0.178786464419104,0.007837355580895492,0.00032655648253731217,0.0204044582396211,4.1995472929958755,0.007837355580895617
7.302071836668911,819.2691738386868,0.3981894341859275,0.37403714898623114,0.4839900362080489,-4.018200731055895,1.0,1.0186861041656483,80.85135540468048,89.94343236305608,89.94343236305608,2,6,80.0,0,0.0,0.2651212606522439,0.2868492056239388,2,0.031448875138926136,0.4583333333333333,811.0362299116134,0.0,37.658445258269445,1.352118429326444,850.0467935992093,s0865,96,0.18662381999999994,0.178786464419104,0.007837355580895492,0.00032655648253731217,0.0204044582396211,4.1995472929958755,0.007837355580895617
7.217869746612132,811.2129498889688,0.4035793437042977,0.3626796892429998,0.548719646108349,-5.397845355158428,1.0,1.018641382257406,84.7182509721401,89.95120639394135,89.95120639394135,5,5,80.0,0,0.0,0.3285744413238374,0.36911444051991404,5,0.03699793363182399,0.4895833333333333,811.0362299116134,0.0,48.78127843655259,1.67572965075157,861.4932379989176,s0866,96,0.18662381999999994,0.178786464419104,0.007837355580895492,0.00032655648253731217,0.0204044582396211,4.1995472929958755,0.007837355580895617
7.144288570480509,803.5420374850805,0.39818943418706215,0.4078359005784205,0.46069197378791105,-4.6681331097970515,1.0,1.0181388084505152,85.61811559403745,87.99062744692456,87.99062744692456,2,8,80.0,0,0.0,0.29281812362890913,0.28126250596407787,4,0.02928495860462058,0.5104166666666666,811.0362299116134,0.0,36.746430037377316,1.493372430507436,849.2760323794981,s0867,96,0.18662381999999994,0.178786464419104,0.007837355580895492,0.00032655648253731217,0.0204044582396211,4.1995472929958755,0.007837355580895617
7.159716401094289,805.5420920994666,0.3981894341870612,0.3827514547147693,0.48101894819577035,-4.381689660382514,1.0,1.0189452411785875,83.22836853283582,93.58057166429134,93.58057166429134,1,4,80.0,0,0.0,0.2722668067299342,0.26812994627963976,3,0.029234857157272996,0.5104166666666666,811.0362299116134,0.0,33.97680527941692,1.3885607143226637,846.401595905353,s0868,96,0.18662381999999994,0.178786464419104,0.007837355580895492,0.00032655648253731217,0.0204044582396211,4.1995472929958755,0.007837355580895617
7.361421012498061,825.333562121267,0.39818943418810826,0.304846965922843,0.5615088667169013,-4.854331516196674,1.0,1.0239604530725541,118.69296206436483,121.54052579988488,121.54052579988488,2,5,80.0,0,0.0,0.24836181319700198,0.40183625625722486,3,0.038467398752229216,0.3854166666666667,811.0362299116134,0.0,53.0884121588132,1.26664524730471,865.3912873177313,s0869,96,0.18662381999999994,0.178786464419104,0.007837355580895492,0.00032655648253731217,0.0204044582396211,4.1995472929958755,0.007837355580895617
7.195464265590384,808.3768983016547,0.39818943418586916,0.3763980730372014,0.4010240537981167,-4.862943253404457,1.0,1.0200282309521098,78.30390813224028,97.85691913071813,97.85691913071813,0,8,80.0,0,0.0,0.25768420671561887,0.27750560962853354,1,0.026726421289895164,0.5729166666666666,811.0362299116134,0.0,35.63048752874613,1.3141894542496555,847.9809068946092,s0870,96,0.18662381999999994,0.178786464419104,0.007837355580895492,0.00032655648253731217,0.0204044582396211,4.1995472929958755,0.007837355580895617
7.248127993845507,813.727028017682,0.3981894341859979,0.36613412592590455,0.5613575169761293,-4.007049595149353,1.0,1.0186532711794642,104.936223098229,91.05152800111912,91.05152800111912,2,6,80.0,0,0.0,0.28882081538506077,0.3479448279258378,4,0.0348456180615751,0.5,811.0362299116134,0.0,45.69385376459349,1.4729861584638089,858.2030698346707,s0871,96,0.18662381999999994,0.178786464419104,0.007837355580895492,0.00032655648253731217,0.0204044582396211,4.1995472929958755,0.007837355580895617
7.229314470617318,812.1139036681882,0.3981894341881341,0.42123541278727106,0.5075885502517004,-4.3104561957379675,1.0,1.018080797083279,80.15217566613725,87.33290025475698,87.33290025475698,1,4,80.0,0,0.0,0.30144438470895796,0.29232229588647907,6,0.031643428360041914,0.4895833333333333,811.0362299116134,0.0,38.72821407131815,1.5373663620156859,851.3018103449472,s0872,96,0.18662381999999994,0.178786464419104,0.007837355580895492,0.00032655648253731217,0.0204044582396211,4.1995472929958755,0.007837355580895617
7.179704649268469,807.4399990081752,0.4096861802591185,0.41681933984000863,0.482126028384689,-4.91770794974558,1.0,1.0185965141569475,84.31451349817713,90.29547302782044,90.29547302782044,3,2,80.0,0,0.0,0.25835584935758066,0.27876830484021387,5,0.027279641456700678,0.4895833333333333,811.0362299116134,0.0,35.45060102986909,1.317614831723661,847.8044457732061,s0873,96,0.18662381999999994,0.178786464419104,0.007837355580895492,0.00032655648253731217,0.0204044582396211,4.1995472929958755,0.007837355580895617
7.149589758015107,804.9642027050571,0.3981894341875909,0.3866035577993601,0.4795669404451617,-3.925371126183902,1.0,1.0167031675171712,81.31714055223782,85.00991852345796,85.00991852345796,1,2,80.0,0,0.0,0.26419263588924974,0.305796998961544,5,0.027661786473057566,0.5,811.0362299116134,0.0,38.74442696058579,1.3473824430351735,851.1280393152343,s0874,96,0.18662381999999994,0.178786464419104,0.007837355580895492,0.00032655648253731217,0.0204044582396211,4.1995472929958755,0.007837355580895617
7.175885599114096,807.4581133109766,0.39818943418589686,0.33946583555360166,0.48806186970995646,-5.092901367056103,1.0,1.0196200753700977,79.65577310293634,95.23517427447334,95.23517427447334,0,5,80.0,0,0.0,0.2788594937872483,0.30326881223557084,5,0.030661985342306092,0.5416666666666666,811.0362299116134,0.0,39.4866700269919,1.4221834183149655,851.9450833569202,s0875,96,0.18662381999999994,0.178786464419104,0.007837355580895492,0.00032655648253731217,0.0204044582396211,4.1995472929958755,0.007837355580895617
7.330237948352323,822.1673317567702,0.40481411016779695,0.38224096772061295,0.4498827959193285,-5.7861455552155405,1.0,1.018949350249156,80.16271819026656,91.80001139093044,91.80001139093044,1,5,80.0,0,0.0,0.2179587701743737,0.292328877712106,3,0.025778399122673993,0.4583333333333333,811.0362299116134,0.0,37.910768596769636,1.1115897278893059,850.0585882362724,s0876,96,0.18662381999999994,0.178786464419104,0.007837355580895492,0.00032655648253731217,0.0204044582396211,4.1995472929958755,0.007837355580895617
7.227394749228626,811.8227764869795,0.398189434186595,0.3963021332112963,0.4425396384209191,-5.132754742898281,1.0,1.0173533638461774,81.71958837470862,88.81938460903767,88.81938460903767,2,4,80.0,0,0.0,0.2864044657231782,0.2772305156995918,5,0.029081802729549362,0.5,811.0362299116134,0.0,36.477961236547046,1.4606627751882086,848.9748539233486,s0877,96,0.18662381999999994,0.178786464419104,0.007837355580895492,0.00032655648253731217,0.0204044582396211,4.1995472929958755,0.007837355580895617
7.1909813163121115,808.5933897793403,0.3981894341863705,0.3423768161478385,0.4939873067979077,-4.916682456498548,1.0,1.0182285130434243,82.9470711359826,92.60946003335157,92.60946003335157,2,5,80.0,0,0.0,0.2917398398455469,0.27772993748937874,7,0.02912150632468205,0.5520833333333334,811.0362299116134,0.0,36.6606435302415,1.487873183212289,849.1847466250672,s0878,96,0.18662381999999994,0.178786464419104,0.007837355580895492,0.00032655648253731217,0.0204044582396211,4.1995472929958755,0.007837355580895617
7.303152449730246,819.0156027647231,0.3981894341866772,0.3777823190194074,0.4618645094178909,-5.312736216762918,1.0,1.0182071729996793,81.14165978691923,87.86914847235971,87.86914847235971,1,3,80.0,0,0.0,0.2924522119196763,0.31097892842979946,3,0.03286547675620171,0.5416666666666666,811.0362299116134,0.0,40.45536912302519,1.4915062807903485,852.9831053154289,s0879,96,0.18662381999999994,0.178786464419104,0.007837355580895492,0.00032655648253731217,0.0204044582396211,4.1995472929958755,0.007837355580895617
7.234024791780733,812.2571287125455,0.39818943418585173,0.38823765795642196,0.5344110130600566,-5.0632247611152446,1.0,1.0204109345316181,80.79113401776043,100.13184870742546,100.13184870742546,2,6,80.0,0,0.0,0.3642586282895585,0.25008644906806626,9,0.03003517362136399,0.4583333333333333,811.0362299116134,0.0,32.58499530566129,1.857719004276749,845.4789442215515,s0880,96,0.18662381999999994,0.178786464419104,0.007837355580895492,0.00032655648253731217,0.0204044582396211,4.1995472929958755,0.007837355580895617
7.2172351682921265,810.7274699414887,0.4313397558293311,0.3980446759182901,0.44320804432269756,-4.989774669495983,1.0,1.018187706668408,83.49309148273265,87.58106432253004,87.58106432253004,4,3,80.0,0,0.0,0.2481153551234611,0.26805698189425153,4,0.02904875916869817,0.53125,811.0362299116134,0.0,34.704655573724594,1.2653883111296518,847.0062737964677,s0881,96,0.18662381999999994,0.178786464419104,0.007837355580895492,0.00032655648253731217,0.0204044582396211,4.1995472929958755,0.007837355580895617
7.194468933799394,808.3256479050049,0.39818943418662384,0.37279095899065595,0.4526549134930996,-4.599136537508563,1.0,1.0193603019993027,79.37926154140314,95.05821611511377,95.05821611511377,0,10,80.0,0,0.0,0.28203866283127105,0.25215509888057214,3,0.026320199256191574,0.6145833333333334,811.0362299116134,0.0,32.78539045216026,1.4383971804394815,845.2600175442132,s0882,96,0.18662381999999994,0.178786464419104,0.007837355580895492,0.00032655648253731217,0.0204044582396211,4.1995472929958755,0.007837355580895617
7.245298713422638,813.3071061464851,0.3981894341861348,0.37509097262584323,0.5379005531275306,-4.514417439087654,1.0,1.0170168498605405,85.20999405165935,85.6837418111552,85.6837418111552,3,4,80.0,0,0.0,0.33644456806466777,0.3197174227256512,9,0.035017745663148823,0.4895833333333333,811.0362299116134,0.0,42.16668083458206,1.715867297129806,854.9187780433252,s0883,96,0.18662381999999994,0.178786464419104,0.007837355580895492,0.00032655648253731217,0.0204044582396211,4.1995472929958755,0.007837355580895617
7.279062713280709,817.4555727409827,0.39818943418594066,0.35087822268361624,0.5060963290948844,-4.0998371977323975,1.0,1.01848211918123,83.48789426912612,88.64841226683407,88.64841226683407,1,4,80.0,0,0.0,0.3105974884136387,0.31485736380493673,11,0.03312315268046459,0.4479166666666667,811.0362299116134,0.0,42.0371930445644,1.584047190909557,854.6574701470875,s0884,96,0.18662381999999994,0.178786464419104,0.007837355580895492,0.00032655648253731217,0.0204044582396211,4.1995472929958755,0.007837355580895617
7.1854802983625765,807.3401396985712,0.39818943418717845,0.4793866944753289,0.429749456886765,-4.668088809987736,1.0,1.017776714472755,83.33073716953604,88.5901691284757,88.5901691284757,1,3,80.0,0,0.0,0.26501971198637087,0.28106929095216865,6,0.028499927389383558,0.5729166666666666,811.0362299116134,0.0,36.803608939339526,1.351600531130491,849.1914393820834,s0885,96,0.18662381999999994,0.178786464419104,0.007837355580895492,0.00032655648253731217,0.0204044582396211,4.1995472929958755,0.007837355580895617
7.214966006513064,811.3628598630823,0.39818943418592584,0.40016226176799563,0.45180631614085875,-4.002363673404546,1.0,1.0187102213351396,79.73873957428064,90.09927918650955,90.09927918650955,0,4,80.0,0,0.0,0.27645636529445455,0.2621798819173149,4,0.02789408737040142,0.5208333333333334,811.0362299116134,0.0,34.05547651735635,1.4099274630017187,846.5016338919716,s0886,96,0.18662381999999994,0.178786464419104,0.007837355580895492,0.00032655648253731217,0.0204044582396211,4.1995472929958755,0.007837355580895617
7.261769252330574,814.862426640585,0.3981894341882538,0.379990920878909,0.5451174723630754,-4.566067709240088,1.0,1.0187179958370014,86.796689525413,92.36987607172777,92.36987607172777,1,6,80.0,0,0.0,0.29941571436750547,0.29251956525497347,4,0.029900644264850076,0.4270833333333333,811.0362299116134,0.0,38.41149751448148,1.5270201432742772,850.9747475693691,s0887,96,0.18662381999999994,0.178786464419104,0.007837355580895492,0.00032655648253731217,0.0204044582396211,4.1995472929958755,0.007837355580895617
7.2594328002781285,815.6470725182973,0.3981894341868724,0.34774824033312807,0.4405962405446614,-3.502068815126181,1.0,1.017107419433793,75.91527934641277,83.50772584668967,83.50772584668967,0,3,80.0,0,0.0,0.24558707261950413,0.2567453075846788,2,0.024594598209833823,0.4375,811.0362299116134,0.0,33.71425063680305,1.2524940703594705,846.002974618776,s0888,96,0.18662381999999994,0.178786464419104,0.007837355580895492,0.00032655648253731217,0.0204044582396211,4.1995472929958755,0.007837355580895617
7.3238986007216305,822.3998583849308,0.4136660108751259,0.26291459112359583,0.44736525112575676,-4.954672937507311,1.0,1.0192897302088864,83.10151617511907,95.2208218742785,95.2208218742785,1,6,80.0,0,0.0,0.2670282300593623,0.2868149730343922,5,0.02942766719750899,0.4375,811.0362299116134,0.0,38.384602260406,1.3618439733027476,850.7826761453222,s0889,96,0.18662381999999994,0.178786464419104,0.007837355580895492,0.00032655648253731217,0.0204044582396211,4.1995472929958755,0.007837355580895617
7.260394809150174,815.2602910455956,0.4288795875127523,0.41802106953071916,0.5437198095511109,-4.561347517102841,1.0,1.0185164213505074,81.15431549683615,93.48815683330845,93.48815683330845,1,2,80.0,0,0.0,0.2798825758471663,0.3697198373643622,5,0.03279394704911072,0.4583333333333333,811.0362299116134,0.0,48.5988449341048,1.427401136820548,861.0624759825388,s0890,96,0.18662381999999994,0.178786464419104,0.007837355580895492,0.00032655648253731217,0.0204044582396211,4.1995472929958755,0.007837355580895617
7.098809760537996,798.2382375941157,0.39818943418586633,0.4820648771780974,0.4144294259960463,-5.182786051416233,1.0,1.0213190296430408,86.24808075816794,104.91042884357348,104.91042884357348,1,7,80.0,0,0.0,0.27390336467214016,0.23795285489995996,6,0.028047237753832773,0.6041666666666666,811.0362299116134,0.0,31.785253802432308,1.396907159827914,844.2183908738737,s0891,96,0.18662381999999994,0.178786464419104,0.007837355580895492,0.00032655648253731217,0.0204044582396211,4.1995472929958755,0.007837355580895617
7.127279446845426,802.5736509775531,0.39818943418601466,0.38562487529939876,0.47081208556592175,-4.526756649186717,1.0,1.018307111154355,79.81689915017543,92.63418628748533,92.63418628748533,0,7,80.0,0,0.0,0.2998757473851735,0.2936455661452002,9,0.03238599782552402,0.59375,811.0362299116134,0.0,39.258109654554005,1.5293663116643843,851.8237058778318,s0892,96,0.18662381999999994,0.178786464419104,0.007837355580895492,0.00032655648253731217,0.0204044582396211,4.1995472929958755,0.007837355580895617
7.316746164172503,821.5840449140117,0.398189434186025,0.3061498067308368,0.48620726726084523,-4.916624784792821,1.0,1.0182497546397227,80.3658158937935,89.3755631347903,89.3755631347903,1,6,80.0,0,0.0,0.26415035472783527,0.30724088525070015,5,0.028908507947076934,0.4270833333333333,811.0362299116134,0.0,40.74696988064553,1.3471668091119597,853.130366601371,s0893,96,0.18662381999999994,0.178786464419104,0.007837355580895492,0.00032655648253731217,0.0204044582396211,4.1995472929958755,0.007837355580895617
7.206464444445229,809.4575983792358,0.41273012957260413,0.41127126721268636,0.5469192181998618,-4.645472012059997,1.0,1.0183214649298553,80.24686331736392,89.57757902746118,89.57757902746118,1,5,80.0,0,0.0,0.2841019362191803,0.38298476878420273,4,0.036771224288635815,0.5520833333333334,811.0362299116134,0.0,49.44221296146019,1.4489198747178194,861.9273627477914,s0894,96,0.18662381999999994,0.178786464419104,0.007837355580895492,0.00032655648253731217,0.0204044582396211,4.1995472929958755,0.007837355580895617
7.14443969986063,803.8137951767956,0.39818943418597125,0.4495934853750936,0.5218605871340332,-4.405648843521977,1.0,1.0192971273010978,78.67863081791431,95.85248261035898,95.85248261035898,0,9,80.0,0,0.0,0.3270606259352035,0.2966055217773133,6,0.03102158894516596,0.6875,811.0362299116134,0.0,38.79096109396575,1.668009192269538,851.4952001978487,s0895,96,0.18662381999999994,0.178786464419104,0.007837355580895492,0.00032655648253731217,0.0204044582396211,4.1995472929958755,0.007837355580895617
7.248938268814144,814.2181022140041,0.3981894341866832,0.3634246174694983,0.42039912252071926,-4.910310243624856,1.0,1.0203045900353456,85.6487887668687,101.5483942395611,101.5483942395611,3,5,80.0,0,0.0,0.2633333371381721,0.2891772552243691,5,0.03078320609241817,0.5208333333333334,811.0362299116134,0.0,37.50161895581088,1.3430000194046772,849.880848886829,s0896,96,0.18662381999999994,0.178786464419104,0.007837355580895492,0.00032655648253731217,0.0204044582396211,4.1995472929958755,0.007837355580895617
7.15583930394294,804.6420659398759,0.39818943418768016,0.3795462294640328,0.4651224189725578,-4.768712605266694,1.0,1.020680315055361,88.3650778054621,101.74425985268793,101.74425985268793,1,6,80.0,0,0.0,0.288678563238108,0.28077569171035377,3,0.03008737514933603,0.5104166666666666,811.0362299116134,0.0,36.737659694201234,1.4722606725143514,849.2461502783291,s0897,96,0.18662381999999994,0.178786464419104,0.007837355580895492,0.00032655648253731217,0.0204044582396211,4.1995472929958755,0.007837355580895617
7.221217160146542,812.5438579881006,0.3998465912372586,0.3662039184924757,0.4808134502265696,-4.768939102287365,1.0,1.0173736261991237,81.01542861128821,85.22849947893903,85.22849947893903,1,6,80.0,0,0.0,0.25933742335357984,0.2726116456603529,2,0.02589427768078374,0.5729166666666666,811.0362299116134,0.0,35.51195481916001,1.3226208591032578,847.8708055898767,s0898,96,0.18662381999999994,0.178786464419104,0.007837355580895492,0.00032655648253731217,0.0204044582396211,4.1995472929958755,0.007837355580895617
7.215581069669959,809.920762188278,0.39818943418755726,0.425247878808289,0.4734137994242459,-4.6899769872367605,1.0,1.0193621926100402,83.84413443484281,95.73968127894526,95.73968127894526,1,3,80.0,0,0.0,0.34527440374856805,0.3072304097965347,8,0.032149823317223776,0.5208333333333334,811.0362299116134,0.0,40.4381375695212,1.7608994591176976,853.2352669402524,s0899,96,0.18662381999999994,0.178786464419104,0.007837355580895492,0.00032655648253731217,0.0204044582396211,4.1995472929958755,0.007837355580895617
7.258695892396922,814.6226802336489,0.39818943418665115,0.3715190302908846,0.4479499060127978,-5.400375109508583,1.0,1.0172835643406342,89.1631945700079,84.2209544198295,84.2209544198295,1,6,80.0,0,0.0,0.25987366966588005,0.28254549395200795,6,0.028892676324772815,0.46875,811.0362299116134,0.0,37.78825651250121,1.3253557152959876,850.1498421394107,s0900,96,0.18662381999999994,0.178786464419104,0.007837355580895492,0.00032655648253731217,0.0204044582396211,4.1995472929958755,0.007837355580895617
7.183444839697951,807.3536451758091,0.39818943418594294,0.4150872032707564,0.40259446960303896,-5.217596242502631,1.0,1.0188471189115575,96.36211060989432,91.83117203637603,91.83117203637603,1,8,80.0,0,0.0,0.21949730803563444,0.24683507885523132,2,0.026797846993514715,0.5729166666666666,811.0362299116134,0.0,31.98562076112321,1.1194362709817356,844.1412869437183,s0901,96,0.18662381999999994,0.178786464419104,0.007837355580895492,0.00032655648253731217,0.0204044582396211,4.1995472929958755,0.007837355580895617
7.303360079581372,820.7430304376991,0.3981894341859657,0.3257404028662214,0.5015476459600434,-4.848850986783901,1.0,1.0206432547165623,80.32738767840286,102.51869861547702,102.51869861547702,1,7,80.0,0,0.0,0.2568711568079095,0.3465455489905743,8,0.03279973383094664,0.4791666666666667,811.0362299116134,0.0,46.769615163130226,1.3100428997203373,859.1158879744639,s0902,96,0.18662381999999994,0.178786464419104,0.007837355580895492,0.00032655648253731217,0.0204044582396211,4.1995472929958755,0.007837355580895617
7.277286863242189,816.9677725691937,0.3981894341860043,0.35804248907084674,0.4125419403826258,-4.889245341170028,1.0,1.0186098210326857,80.22806215679236,90.39216738642605,90.39216738642605,1,3,80.0,0,0.0,0.23533822707545793,0.22294460296303276,0,0.02218701797197512,0.46875,811.0362299116134,0.0,28.973282258007863,1.200224958084835,841.2097371277061,s0903,96,0.18662381999999994,0.178786464419104,0.007837355580895492,0.00032655648253731217,0.0204044582396211,4.1995472929958755,0.007837355580895617
7.243572017700126,813.1867190482373,0.39818943418584235,0.3917607696050935,0.47164203159278584,-5.207647507166253,1.0,1.020629222050504,81.85227734965622,101.41617953400387,101.41617953400387,1,7,80.0,0,0.0,0.2815973799007399,0.2684639119145737,2,0.02849983657384478,0.5208333333333334,811.0362299116134,0.0,35.13441043251079,1.4361466374937728,847.6067869816179,s0904,96,0.18662381999999994,0.178786464419104,0.007837355580895492,0.00032655648253731217,0.0204044582396211,4.1995472929958755,0.007837355580895617
7.165746984961255,805.8766657243706,0.39818943418598235,0.4232499589050469,0.4538268629813439,-5.515229322645465,1.0,1.0182556552507744,82.49966350461776,87.39327252352413,87.39327252352413,1,5,80.0,0,0.0,0.2794325674772411,0.261628814272525,3,0.02657706089253034,0.5416666666666666,811.0362299116134,0.0,33.18811683313994,1.4251060941339289,845.6494528388873,s0905,96,0.18662381999999994,0.178786464419104,0.007837355580895492,0.00032655648253731217,0.0204044582396211,4.1995472929958755,0.007837355580895617
7.2357385284841484,812.8908892084814,0.39818943418595254,0.3652141567191205,0.4180497206040846,-4.062104422762175,1.0,1.0192210208725345,78.40527704568316,95.24794798116714,95.24794798116714,0,6,80.0,0,0.0,0.2748189409675653,0.27401775435649545,4,0.028252556266420287,0.5729166666666666,811.0362299116134,0.0,35.49199990162645,1.4015765989345834,847.9298064121745,s0906,96,0.18662381999999994,0.178786464419104,0.007837355580895492,0.00032655648253731217,0.0204044582396211,4.1995472929958755,0.007837355580895617
7.19270951089975,808.9494799067595,0.39818943418596703,0.4149428175809897,0.5454259440942497,-4.463647835254062,1.0,1.0186836326973099,81.89461831068432,91.03438052177147,91.03438052177147,2,7,80.0,0,0.0,0.3065299286131104,0.323530155235483,6,0.03239507674362732,0.5,811.0362299116134,0.0,42.00310867318734,1.563302635926863,854.6026412207277,s0907,96,0.18662381999999994,0.178786464419104,0.007837355580895492,0.00032655648253731217,0.0204044582396211,4.1995472929958755,0.007837355580895617
7.29565939509774,818.4751293276947,0.39818943418597963,0.31507590014869225,0.45447931498748667,-5.723661378789347,1.0,1.0218144588107596,85.97798536490686,108.32448817878273,108.32448817878273,1,6,80.0,0,0.0,0.2858701599518403,0.2766351025550873,6,0.030377735375962757,0.4166666666666667,811.0362299116134,0.0,36.934428237408675,1.457937815754386,849.4285959647765,s0908,96,0.18662381999999994,0.178786464419104,0.007837355580895492,0.00032655648253731217,0.0204044582396211,4.1995472929958755,0.007837355580895617
7.136468803893639,804.2643899499967,0.3981894341859619,0.3849403488136186,0.5378623677417846,-5.3617767987550335,1.0,1.0201776833052816,83.10831935043977,99.64322158948998,99.64322158948998,2,6,80.0,0,0.0,0.2528572063612709,0.3502789520017059,2,0.029189606172127628,0.5729166666666666,811.0362299116134,0.0,44.72379945909611,1.2895717524424826,857.049601123152,s0909,96,0.18662381999999994,0.178786464419104,0.007837355580895492,0.00032655648253731217,0.0204044582396211,4.1995472929958755,0.007837355580895617
7.318139373684948,820.2961404623572,0.39818943418640107,0.34688877875015633,0.4939510036059446,-4.5258997640502505,1.0,1.0186315796137055,81.04814278883251,91.7337377715199,91.7337377715199,1,3,80.0,0,0.0,0.24934813461622996,0.2980526117401709,4,0.02766580570941825,0.46875,811.0362299116134,0.0,38.08210999936852,1.2716754865427724,850.3900153975247,s0910,96,0.18662381999999994,0.178786464419104,0.007837355580895492,0.00032655648253731217,0.0204044582396211,4.1995472929958755,0.007837355580895617
7.2988207232323195,819.1167019067697,0.39818943418805886,0.34838833498014843,0.4414363962428185,-6.060868284868888,1.0,1.0181443265397654,85.60040130626969,88.15873562134321,88.15873562134321,1,6,80.0,0,0.0,0.248329665983401,0.2979113128652342,3,0.031848982043912226,0.4583333333333333,811.0362299116134,0.0,39.50117017727673,1.2664812965153447,851.8038813854056,s0911,96,0.18662381999999994,0.178786464419104,0.007837355580895492,0.00032655648253731217,0.0204044582396211,4.1995472929958755,0.007837355580895617
7.261579956378895,815.8326632480405,0.39818943418683606,0.30125602719511746,0.4717439243755348,-5.282638258859319,1.0,1.0202788675682595,83.00968934931832,101.420885703268,101.420885703268,1,3,80.0,0,0.0,0.24427351716120016,0.2983797994949929,3,0.02654205470481199,0.5,811.0362299116134,0.0,38.31523990847526,1.2457949375221202,850.5972647576108,s0912,96,0.18662381999999994,0.178786464419104,0.007837355580895492,0.00032655648253731217,0.0204044582396211,4.1995472929958755,0.007837355580895617
7.261395912990644,816.7214420773948,0.3981894341860072,0.350158235409074,0.49445820931674606,-4.106407815631427,1.0,1.0186993565135545,80.4032798915646,92.46050577386626,92.46050577386626,1,4,80.0,0,0.0,0.249325260100896,0.39131066327105657,4,0.03461505621332015,0.5625,811.0362299116134,0.0,51.66992508652956,1.2715588265145692,863.9777138246576,s0913,96,0.18662381999999994,0.178786464419104,0.007837355580895492,0.00032655648253731217,0.0204044582396211,4.1995472929958755,0.007837355580895617
7.295205631636117,818.7950503854831,0.3981894341859761,0.36869077647706017,0.448457082669692,-4.391008488564496,1.0,1.0191572642291034,79.23759132543397,94.99711527639995,94.99711527639995,0,7,80.0,0,0.0,0.24064802466547935,0.374659246310405,3,0.03311953730643995,0.4895833333333333,811.0362299116134,0.0,49.61781313907844,1.2273049257939437,861.8813479764858,s0914,96,0.18662381999999994,0.178786464419104,0.007837355580895492,0.00032655648253731217,0.0204044582396211,4.1995472929958755,0.007837355580895617
7.219527221457499,811.859871528857,0.3981894341866006,0.4073243964114424,0.4814143991590213,-4.948296502916787,1.0,1.0180091023463094,85.52700610918589,90.06628498512441,90.06628498512441,2,5,80.0,0,0.0,0.33005129137611744,0.2572384611177255,5,0.029044182956895814,0.5416666666666666,811.0362299116134,0.0,33.24120824191656,1.6832615860181976,845.9606997395481,s0915,96,0.18662381999999994,0.178786464419104,0.007837355580895492,0.00032655648253731217,0.0204044582396211,4.1995472929958755,0.007837355580895617
7.243140889922323,813.0612994059798,0.39818943418602004,0.4197339143390272,0.43518955506546475,-4.4235658003371015,1.0,1.0178769426183418,77.23103357734196,86.00597914419227,86.00597914419227,0,7,80.0,0,0.0,0.2630952001153731,0.2591700611213246,5,0.02880852225011554,0.5208333333333334,811.0362299116134,0.0,35.04332605807873,1.341785520588402,847.4213414902805,s0916,96,0.18662381999999994,0.178786464419104,0.007837355580895492,0.00032655648253731217,0.0204044582396211,4.1995472929958755,0.007837355580895617
7.1608198401838195,804.9924646812915,0.3981894341862085,0.4545460075485246,0.49790215889958883,-5.162057912203697,1.0,1.0196374533561006,90.12703056626087,97.94756203113623,97.94756203113623,1,3,80.0,0,0.0,0.29212039476991514,0.35717943747256364,5,0.03557529631703751,0.5729166666666666,811.0362299116134,0.0,46.73447725064281,1.4898140133265665,859.2605211755829,s0917,96,0.18662381999999994,0.178786464419104,0.007837355580895492,0.00032655648253731217,0.0204044582396211,4.1995472929958755,0.007837355580895617
7.187843490647522,807.8264558067245,0.39818943418737085,0.4461645967981859,0.4820341246663736,-4.640692622434595,1.0,1.0175269942862146,83.83696914250447,87.2934333897787,87.2934333897787,2,6,80.0,0,0.0,0.33227220617084574,0.28717619886414314,7,0.03393105812717412,0.5625,811.0362299116134,0.0,37.730930159097085,1.6945882514713126,850.4617483221817,s0918,96,0.18662381999999994,0.178786464419104,0.007837355580895492,0.00032655648253731217,0.0204044582396211,4.1995472929958755,0.007837355580895617
7.204168558378202,810.2779847468303,0.3981894341859218,0.42400902541621854,0.5677950505499069,-4.776075673553984,1.0,1.019062657994629,82.69960332121796,91.93369993553719,91.93369993553719,1,6,80.0,0,0.0,0.3191828456527779,0.3336345104825664,9,0.03869634562458859,0.5520833333333334,811.0362299116134,0.0,44.81229015799642,1.6278325128291664,857.4763525824391,s0919,96,0.18662381999999994,0.178786464419104,0.007837355580895492,0.00032655648253731217,0.0204044582396211,4.1995472929958755,0.007837355580895617
7.246505328156102,814.5724088573086,0.41119999368764737,0.34694089588034427,0.5583734133263815,-5.249765287849265,1.0,1.0195402461464027,86.19256240006025,95.7742474396228,95.7742474396228,4,9,80.0,0,0.0,0.3128358346052537,0.3348530583883055,7,0.03376485411404182,0.5,811.0362299116134,0.0,43.95522167016925,1.5954627564867931,856.5869143382695,s0920,96,0.18662381999999994,0.178786464419104,0.007837355580895492,0.00032655648253731217,0.0204044582396211,4.1995472929958755,0.007837355580895617
7.277250828354046,817.0825454723368,0.41216384993961896,0.33719802135847293,0.475501049983526,-4.926304431439758,1.0,1.0178569106067952,83.69698094105361,90.71573720644633,90.71573720644633,5,3,80.0,0,0.0,0.24290771374393044,0.2909589605248366,6,0.03097443934526582,0.5208333333333334,811.0362299116134,0.0,37.40913741455192,1.2388293400940449,849.6841966662594,s0921,96,0.18662381999999994,0.178786464419104,0.007837355580895492,0.00032655648253731217,0.0204044582396211,4.1995472929958755,0.007837355580895617
7.20224308059441,809.3453501507101,0.39818943418623204,0.328046846081644,0.47890514261797823,-4.349562192451256,1.0,1.0218479378038985,86.16660063273847,108.49044729050499,108.49044729050499,2,5,80.0,0,0.0,0.2922799777979383,0.2647408467954565,5,0.0280054121005331,0.4895833333333333,811.0362299116134,0.0,34.49542837548275,1.4906278867694847,847.0222861738657,s0922,96,0.18662381999999994,0.178786464419104,0.007837355580895492,0.00032655648253731217,0.0204044582396211,4.1995472929958755,0.007837355580895617
7.144765520161598,804.9796894954522,0.39818943418606206,0.37012590996344424,0.5042241032361827,-4.947831205345788,1.0,1.0173205211124285,85.1021915835404,83.56979238362096,83.56979238362096,3,5,80.0,0,0.0,0.2464447658368194,0.35149589673949877,2,0.029864125958084194,0.53125,811.0362299116134,0.0,45.231363187481314,1.2568683057677787,857.5244614048624,s0923,96,0.18662381999999994,0.178786464419104,0.007837355580895492,0.00032655648253731217,0.0204044582396211,4.1995472929958755,0.007837355580895617
7.172192334682782,807.9611424866247,0.39818943418607883,0.37209865567701833,0.5017478786214848,-4.9325005663392005,1.0,1.017960801961984,82.99172270118409,91.1579168355565,91.1579168355565,2,5,80.0,0,0.0,0.2813906347494566,0.37136810750623994,7,0.03436855746266793,0.5520833333333334,811.0362299116134,0.0,48.92184687716869,1.435092237222229,861.3931690260043,s0924,96,0.18662381999999994,0.178786464419104,0.007837355580895492,0.00032655648253731217,0.0204044582396211,4.1995472929958755,0.007837355580895617
7.2352974233523355,813.1949451832068,0.3981894341863662,0.36406426217471344,0.41866763159957,-5.734017962427994,1.0,1.0183097126055862,87.51335842226138,89.62804815137707,89.62804815137707,2,8,80.0,0,0.0,0.24835246731687702,0.3203440738730649,3,0.03188032646978493,0.5520833333333334,811.0362299116134,0.0,41.970338187553736,1.2665975833160732,854.2731656824832,s0925,96,0.18662381999999994,0.178786464419104,0.007837355580895492,0.00032655648253731217,0.0204044582396211,4.1995472929958755,0.007837355580895617
7.2504020313695134,814.2614538908022,0.40534421905975776,0.3888833609453894,0.5048400062683568,-0.9952294830834267,1.0,1.017425129874063,95.2194229899922,86.30808484745204,86.30808484745204,1,2,80.0,0,0.0,0.2806449176046917,0.3183822336513593,6,0.03369294397212312,0.5104166666666666,811.0362299116134,0.0,42.37179205987482,1.4312890797839268,854.8393110512721,s0926,96,0.18662381999999994,0.178786464419104,0.007837355580895492,0.00032655648253731217,0.0204044582396211,4.1995472929958755,0.007837355580895617
7.180650041156253,806.9008644928663,0.3981894341870696,0.37303390017186966,0.43274357912093997,-5.938908963861436,1.0,1.0224526751004763,87.2821652645475,111.20260284710093,111.20260284710093,2,6,80.0,0,0.0,0.2610756228064702,0.2721467933469626,5,0.02709388913288575,0.5416666666666666,811.0362299116134,0.0,36.2436066560922,1.331485676312998,848.6113222440187,s0927,96,0.18662381999999994,0.178786464419104,0.007837355580895492,0.00032655648253731217,0.0204044582396211,4.1995472929958755,0.007837355580895617
7.156181437581346,805.0750783174441,0.3981894341859908,0.3951291282949728,0.43062062781708466,-5.150651049564202,1.0,1.0179738835712653,85.12862484733729,91.81875118304424,91.81875118304424,1,5,80.0,0,0.0,0.23974079736744103,0.2682146085726335,3,0.027855866942509976,0.5833333333333334,811.0362299116134,0.0,35.14003779514049,1.2226780665739492,847.3989457733279,s0928,96,0.18662381999999994,0.178786464419104,0.007837355580895492,0.00032655648253731217,0.0204044582396211,4.1995472929958755,0.007837355580895617
7.192289970252692,809.0909875372715,0.39816203932586225,0.3325169825661354,0.4787474142761223,-5.595684123403434,1.0,1.0212245294388371,80.90159966046805,104.49232384030083,104.49232384030083,1,5,80.0,0,0.0,0.28129522213677355,0.3076562298406625,5,0.030546141052148604,0.5208333333333334,811.0362299116134,0.0,40.601012400079,1.4346056328975443,853.0718479445899,s0929,96,0.18662381999999994,0.178786464419104,0.007837355580895492,0.00032655648253731217,0.0204044582396211,4.1995472929958755,0.007837355580895617
7.188898563926576,808.3520573777406,0.3981894341862474,0.3951461306077364,0.4635717376418249,-4.521551277098656,1.0,1.0189813187136398,86.72863645079998,96.37001188591393,96.37001188591393,1,5,80.0,0,0.0,0.27985079208683655,0.28580476158772905,4,0.03210875135455249,0.5520833333333334,811.0362299116134,0.0,38.94045019191405,1.427239039642866,851.4039191431702,s0930,96,0.18662381999999994,0.178786464419104,0.007837355580895492,0.00032655648253731217,0.0204044582396211,4.1995472929958755,0.007837355580895617
7.268417140308532,815.7337408561789,0.39818943418597935,0.377693211232034,0.45096286641851646,-4.699999781087089,1.0,1.0184895865921233,77.5729238834461,90.85674101551182,90.85674101551182,0,5,80.0,0,0.0,0.274649486600991,0.25494102828823545,5,0.02712754488125702,0.4270833333333333,811.0362299116134,0.0,33.38509741988597,1.400712381665054,845.8220397131644,s0931,96,0.18662381999999994,0.178786464419104,0.007837355580895492,0.00032655648253731217,0.0204044582396211,4.1995472929958755,0.007837355580895617
7.258076467190292,813.1650927476411,0.3981894341859393,0.402548841292657,0.48540000752817447,-4.825048423989159,1.0,1.0187698992847651,78.79059076379617,91.73118017526758,91.73118017526758,0,9,80.0,0,0.0,0.2981350214006775,0.27062460772980623,8,0.03068745565510117,0.46875,811.0362299116134,0.0,35.804765102916136,1.5204886091434557,848.3614836236729,s0932,96,0.18662381999999994,0.178786464419104,0.007837355580895492,0.00032655648253731217,0.0204044582396211,4.1995472929958755,0.007837355580895617
7.314288993124395,820.3818585508079,0.39818943418604696,0.38377735765985577,0.5221940357786006,-2.9915486973107517,1.0,1.0173658511912307,80.18649750305174,87.68064812642801,87.68064812642801,1,4,80.0,0,0.0,0.2732474958280218,0.36597051706142303,5,0.032497622811998805,0.4583333333333333,811.0362299116134,0.0,48.31667135095663,1.3935622287229115,860.746463491293,s0933,96,0.18662381999999994,0.178786464419104,0.007837355580895492,0.00032655648253731217,0.0204044582396211,4.1995472929958755,0.007837355580895617
7.261211153209531,815.1694815084684,0.3981894341876028,0.36875378429409034,0.4837835136005421,-3.8529155904896815,1.0,1.020545905934562,83.37713905598785,102.03612983152819,102.03612983152819,1,4,80.0,0,0.0,0.29384382025512384,0.32174771751439274,5,0.033415185530373336,0.4270833333333333,811.0362299116134,0.0,42.709682292112994,1.4986034833011312,855.2445156870276,s0934,96,0.18662381999999994,0.178786464419104,0.007837355580895492,0.00032655648253731217,0.0204044582396211,4.1995472929958755,0.007837355580895617
7.271515099230804,814.7169051843922,0.4047955793705531,0.4317255918455586,0.6287291928278939,-4.879965914635588,1.0,1.0192100134157303,86.06105273437107,96.56703601211265,96.56703601211265,4,11,80.0,0,0.0,0.3706820061800576,0.3690305353083928,13,0.03725881948261552,0.4583333333333333,811.0362299116134,0.0,48.600531965308456,1.8904782315182942,861.5272401084402,s0935,96,0.18662381999999994,0.178786464419104,0.007837355580895492,0.00032655648253731217,0.0204044582396211,4.1995472929958755,0.007837355580895617
7.139289638918143,803.6989968283559,0.3981894341882193,0.44424918219426573,0.4822385901323491,-4.159328857389935,1.0,1.0179894725888319,95.93466761447617,91.81512532733763,91.81512532733763,2,8,80.0,0,0.0,0.2718703059680464,0.2904183370443328,4,0.03169667902562912,0.4583333333333333,811.0362299116134,0.0,37.92470117448834,1.3865385604370366,850.3474696465388,s0936,96,0.18662381999999994,0.178786464419104,0.007837355580895492,0.00032655648253731217,0.0204044582396211,4.1995472929958755,0.007837355580895617
7.295023338600736,818.7689853338798,0.39818943418818736,0.3617863130506853,0.46403461423359305,-4.333420803944212,1.0,1.0172382206661348,79.08985136462691,84.6162685632406,84.6162685632406,0,5,80.0,0,0.0,0.3007445092451001,0.24818757543401532,2,0.027243865988812985,0.4895833333333333,811.0362299116134,0.0,32.31231553841528,1.5337969971500105,844.8823424471788,s0937,96,0.18662381999999994,0.178786464419104,0.007837355580895492,0.00032655648253731217,0.0204044582396211,4.1995472929958755,0.007837355580895617
7.209872215095594,809.9874665344923,0.3981894341858462,0.3933640205275487,0.4738308234914711,-5.523046540584203,1.0,1.020675459436171,86.60321481949977,101.56234295401339,101.56234295401339,3,12,80.0,0,0.0,0.31311403177238195,0.2826591562258186,8,0.03205189408824921,0.5416666666666666,811.0362299116134,0.0,37.49116872288237,1.5968815620391474,850.1242801965349,s0938,96,0.18662381999999994,0.178786464419104,0.007837355580895492,0.00032655648253731217,0.0204044582396211,4.1995472929958755,0.007837355580895617
7.193213101649713,808.2916790644923,0.3981894341862969,0.3854794742929952,0.4753442083753203,-5.091012847764386,1.0,1.0188168079450604,80.09401389157652,91.15254419386069,91.15254419386069,1,5,80.0,0,0.0,0.28523218653247023,0.25175086167955063,2,0.02550476762894721,0.5208333333333334,811.0362299116134,0.0,32.061733241727126,1.4546841513155981,844.5526473046561,s0939,96,0.18662381999999994,0.178786464419104,0.007837355580895492,0.00032655648253731217,0.0204044582396211,4.1995472929958755,0.007837355580895617
7.205150664163828,809.7745637703051,0.39818943418667263,0.3837854281903592,0.5225628922805376,-4.882737954477949,1.0,1.0175515694327,79.68038872880129,86.2621128902143,86.2621128902143,0,7,80.0,0,0.0,0.2809295504600661,0.3463362347645454,4,0.03156425301875224,0.5104166666666666,811.0362299116134,0.0,44.945624756799354,1.4327407073463367,857.4145953757591,s0940,96,0.18662381999999994,0.178786464419104,0.007837355580895492,0.00032655648253731217,0.0204044582396211,4.1995472929958755,0.007837355580895617
7.171774294111401,807.1871380199696,0.398189434185895,0.3250675745407013,0.4680803110354815,-4.685204717980837,1.0,1.0195053147214164,83.4775819600117,94.7065431050626,94.7065431050626,3,8,80.0,0,0.0,0.28930231448487187,0.29420628290821726,2,0.028264116640939706,0.5208333333333334,811.0362299116134,0.0,37.34601209790913,1.475441803872846,849.8576838133954,s0941,96,0.18662381999999994,0.178786464419104,0.007837355580895492,0.00032655648253731217,0.0204044582396211,4.1995472929958755,0.007837355580895617
7.289718806490981,818.1510087311756,0.39818943418653857,0.4246419346637915,0.4164121945843378,-5.1499643004072,1.0,1.017504309259705,81.35003485777436,89.41024558131757,89.41024558131757,1,3,80.0,0,0.0,0.250657252005155,0.23494735181626908,5,0.02512017367153861,0.3541666666666667,811.0362299116134,0.0,31.387309036220564,1.2783519852262908,843.7018909330603,s0942,96,0.18662381999999994,0.178786464419104,0.007837355580895492,0.00032655648253731217,0.0204044582396211,4.1995472929958755,0.007837355580895617
7.27928157414979,817.5714255637985,0.39818943418751246,0.30438779023729456,0.4597655538849861,-4.273896925897101,1.0,1.019081853616167,83.46048787791193,94.3500098497266,94.3500098497266,3,5,80.0,0,0.0,0.2452081436480618,0.2914929397945769,3,0.027034890018731033,0.3645833333333333,811.0362299116134,0.0,37.899296674558094,1.250561532605115,850.1860881187766,s0943,96,0.18662381999999994,0.178786464419104,0.007837355580895492,0.00032655648253731217,0.0204044582396211,4.1995472929958755,0.007837355580895617
7.135533466257054,801.7919987648152,0.39818943418597574,0.5063220508454818,0.47904140150937646,-6.148476001515746,1.0,1.0194124862307503,96.19930948979409,94.70502321931352,94.70502321931352,3,8,80.0,0,0.0,0.2771759335487913,0.3397189175895897,5,0.03731098608434433,0.4895833333333333,811.0362299116134,0.0,45.53426852730678,1.4135972610988345,857.984095700019,s0944,96,0.18662381999999994,0.178786464419104,0.007837355580895492,0.00032655648253731217,0.0204044582396211,4.1995472929958755,0.007837355580895617
7.277804146191447,816.921574494728,0.39818943418597985,0.3338771290119113,0.4554372165731373,-3.968260322980265,1.0,1.017742634089282,76.81809406603064,85.03483417271617,85.03483417271617,0,5,80.0,0,0.0,0.28623104761379026,0.23878576300566556,7,0.027180934112812433,0.5208333333333334,811.0362299116134,0.0,30.85741596447037,1.4597783428303295,843.3534242189141,s0945,96,0.18662381999999994,0.178786464419104,0.007837355580895492,0.00032655648253731217,0.0204044582396211,4.1995472929958755,0.007837355580895617
7.214172113623052,810.1857586898227,0.3981894341860848,0.38758920281755876,0.4290634808760908,-6.353106884880698,1.0,1.0196367194157827,79.77636501963859,96.0058550746314,96.0058550746314,0,5,80.0,0,0.0,0.24453265646022618,0.26764411884314676,3,0.02982571831495984,0.5208333333333334,811.0362299116134,0.0,35.60522675594852,1.247116547947153,847.888573215509,s0946,96,0.18662381999999994,0.178786464419104,0.007837355580895492,0.00032655648253731217,0.0204044582396211,4.1995472929958755,0.007837355580895617
7.267078475212169,815.9797615998543,0.3981894341859172,0.3819710057436606,0.43067553931883595,-5.874422702655558,1.0,1.0195424935492856,86.10734402069984,95.29356454120294,95.29356454120294,1,5,80.0,0,0.0,0.26636584477702324,0.32936814780225043,4,0.03400237254255098,0.4270833333333333,811.0362299116134,0.0,44.08051787500289,1.3584658083628185,856.4752135949791,s0947,96,0.18662381999999994,0.178786464419104,0.007837355580895492,0.00032655648253731217,0.0204044582396211,4.1995472929958755,0.007837355580895617
7.211528052807875,809.8386595678705,0.39884929963566984,0.35452577640995386,0.4840109339823051,-5.8386623726536415,1.0,1.0184300774916406,87.78562004719784,94.15645867212186,94.15645867212186,2,3,80.0,0,0.0,0.23891057042519595,0.2757944065265736,1,0.025426280623663044,0.5520833333333334,811.0362299116134,0.0,35.10446483683174,1.2184439091684989,847.3591386576137,s0948,96,0.18662381999999994,0.178786464419104,0.007837355580895492,0.00032655648253731217,0.0204044582396211,4.1995472929958755,0.007837355580895617
7.189280360154476,808.3349528901042,0.3981894341866005,0.32499277947555505,0.4221973607949372,-4.62952990978141,1.0,1.0179261459705269,81.60990829151581,90.13345995189447,90.13345995189447,1,5,80.0,0,0.0,0.2254016698811158,0.2563397163382048,2,0.025271835014444053,0.53125,811.0362299116134,0.0,33.19683497143807,1.1495485163936907,845.3826133994452,s0949,96,0.18662381999999994,0.178786464419104,0.007837355580895492,0.00032655648253731217,0.0204044582396211,4.1995472929958755,0.007837355580895617
7.286741793756002,817.6585992203622,0.398189434185999,0.3418128340011271,0.4946426095841669,-4.552691502160439,1.0,1.0186594741887212,78.80120469305469,90.75862335641106,90.75862335641106,0,5,80.0,0,0.0,0.24828072067585644,0.3321220486134161,4,0.029507917368693282,0.5,811.0362299116134,0.0,43.48156979221463,1.2662316754468688,855.7840313792749,s0950,96,0.18662381999999994,0.178786464419104,0.007837355580895492,0.00032655648253731217,0.0204044582396211,4.1995472929958755,0.007837355580895617
7.259677102263867,815.7652013103914,0.39818943418599795,0.3239151167559473,0.452948861902558,-4.689193125164842,1.0,1.0176795320943102,79.99446217439404,85.48008064843388,85.48008064843388,0,6,80.0,0,0.0,0.28655113882563027,0.2528619676063655,4,0.02686965554075744,0.5104166666666666,811.0362299116134,0.0,33.42088288001839,1.4614108080107149,845.9185235996425,s0951,96,0.18662381999999994,0.178786464419104,0.007837355580895492,0.00032655648253731217,0.0204044582396211,4.1995472929958755,0.007837355580895617
7.235787258946397,813.1130286277154,0.41121490055635374,0.3607751540400828,0.5247285463531812,-5.1020694137501374,1.0,1.0192056484335954,90.93510638422948,97.8435492908273,97.8435492908273,2,8,80.0,0,0.0,0.27316813219583536,0.3155268475995147,4,0.030993847974782694,0.4583333333333333,811.0362299116134,0.0,41.06655596190705,1.3931574741987605,853.4959433477193,s0952,96,0.18662381999999994,0.178786464419104,0.007837355580895492,0.00032655648253731217,0.0204044582396211,4.1995472929958755,0.007837355580895617
7.28360093994471,818.2182751623736,0.3981894341859813,0.40372669460672195,0.5451519308757582,-4.57471460676517,1.0,1.0195304125130544,87.03725764756834,95.79516494170043,95.79516494170043,2,7,80.0,0,0.0,0.302331412829772,0.3333893748180377,5,0.035002116148523436,0.46875,811.0362299116134,0.0,44.0792619046622,1.5418902054318369,856.6573820217075,s0953,96,0.18662381999999994,0.178786464419104,0.007837355580895492,0.00032655648253731217,0.0204044582396211,4.1995472929958755,0.007837355580895617
7.21006271567394,810.1663055830068,0.39818943418601005,0.37830173700677633,0.46252553441947686,-5.353342686669517,1.0,1.0179306219940758,85.80731179889523,90.70279401507267,90.70279401507267,1,6,80.0,0,0.0,0.2738862865470502,0.2993766689384387,5,0.029755351911576175,0.5,811.0362299116134,0.0,39.517892395845934,1.3968200613899564,851.9509423688493,s0954,96,0.18662381999999994,0.178786464419104,0.007837355580895492,0.00032655648253731217,0.0204044582396211,4.1995472929958755,0.007837355580895617
7.160619117675083,804.4253658337892,0.39818943418598884,0.44340310195120775,0.5125182403209975,-5.303884419848129,1.0,1.0220884295952795,107.17623223456482,112.13324444770467,112.13324444770467,2,11,80.0,0,0.0,0.27636711658623353,0.3155790654677303,5,0.03462903864985261,0.5520833333333334,811.0362299116134,0.0,42.361505779060614,1.4094722945897913,854.8072079852639,s0955,96,0.18662381999999994,0.178786464419104,0.007837355580895492,0.00032655648253731217,0.0204044582396211,4.1995472929958755,0.007837355580895617
7.173927043458534,806.6915315029687,0.3981894341862152,0.3924022448060808,0.4490276434948494,-5.189492952949505,1.0,1.0172941134056628,81.12489944395074,83.24887991645194,83.24887991645194,1,5,80.0,0,0.0,0.2647558352537023,0.23954102784222103,5,0.026413007882162505,0.4895833333333333,811.0362299116134,0.0,30.879614273751525,1.3502547597938817,843.2660989451588,s0956,96,0.18662381999999994,0.178786464419104,0.007837355580895492,0.00032655648253731217,0.0204044582396211,4.1995472929958755,0.007837355580895617
7.282537463643996,816.7400784999943,0.39818943418641106,0.3461856101705051,0.479086592774965,-5.372368574902485,1.0,1.0183289993093676,84.38919050359908,92.21064351906236,92.21064351906236,3,4,80.0,0,0.0,0.26949490347519733,0.2938108760722671,5,0.029317093329032137,0.46875,811.0362299116134,0.0,38.70705838799857,1.3744240077235068,851.1177123073355,s0957,96,0.18662381999999994,0.178786464419104,0.007837355580895492,0.00032655648253731217,0.0204044582396211,4.1995472929958755,0.007837355580895617
7.185710119246051,807.1887018398618,0.398189434185983,0.43300956245660993,0.5385623701013014,-5.063736962237443,1.0,1.0199759155654642,88.38723739740803,98.78197397071132,98.78197397071132,2,11,80.0,0,0.0,0.33115976408690245,0.3594263109647693,7,0.03952662701043938,0.4895833333333333,811.0362299116134,0.0,47.14593110601407,1.688914796843203,859.8710758144706,s0958,96,0.18662381999999994,0.178786464419104,0.007837355580895492,0.00032655648253731217,0.0204044582396211,4.1995472929958755,0.007837355580895617
7.238722335995057,813.3123902691141,0.3981894341865962,0.3867419151211956,0.4921878527702136,-4.807398118636781,1.0,1.0178593706900492,77.08601757477722,89.66714471656972,89.66714471656972,0,5,80.0,0,0.0,0.2771218176710861,0.23550859045194256,4,0.025177615405281847,0.5,811.0362299116134,0.0,30.955015850121374,1.413321270122539,843.4045670318574,s0959,96,0.18662381999999994,0.178786464419104,0.007837355580895492,0.00032655648253731217,0.0204044582396211,4.1995472929958755,0.007837355580895617
7.15998198323207,805.5381541068914,0.39818943418730335,0.41870042179648026,0.4570099442276196,-4.97217273977894,1.0,1.0171226025500641,81.10339965164897,81.77116717086477,81.77116717086477,1,3,80.0,0,0.0,0.3192871328771152,0.2555940538047301,4,0.02746968296803116,0.5833333333333334,811.0362299116134,0.0,33.117442021778174,1.6283643776732875,845.7820363110649,s0960,96,0.18662381999999994,0.178786464419104,0.007837355580895492,0.00032655648253731217,0.0204044582396211,4.1995472929958755,0.007837355580895617
7.184636440260913,808.2449757203544,0.3981894341858886,0.40734988321334054,0.43992678138079977,-5.940389881228046,1.0,1.020073887317343,80.17635177654485,97.6630991309039,97.6630991309039,1,5,80.0,0,0.0,0.27420829618200954,0.2523788534170729,5,0.026631843468703138,0.53125,811.0362299116134,0.0,32.90413809860987,1.398462310528248,845.3388303207515,s0961,96,0.18662381999999994,0.178786464419104,0.007837355580895492,0.00032655648253731217,0.0204044582396211,4.1995472929958755,0.007837355580895617
7.128237203049755,803.5128044383432,0.398189434186019,0.4410771849759835,0.459418318483989,-4.363133487934203,1.0,1.0177910594152377,84.48613519600198,87.8645812734505,87.8645812734505,2,7,80.0,0,0.0,0.274537105622093,0.3477824696395413,6,0.03290853800531565,0.6145833333333334,811.0362299116134,0.0,45.65941332875292,1.400139238672674,858.0957824790389,s0962,96,0.18662381999999994,0.178786464419104,0.007837355580895492,0.00032655648253731217,0.0204044582396211,4.1995472929958755,0.007837355580895617
7.195358631699918,809.2570519953792,0.398189434187011,0.3544198875238289,0.46027477150762675,-4.05736182555616,1.0,1.0191566956272136,84.17360750547812,96.0980693901189,96.0980693901189,1,6,80.0,0,0.0,0.2909595146274472,0.28883484796881675,4,0.029760808760705755,0.5625,811.0362299116134,0.0,38.079887481733316,1.483893524599979,850.6000109179467,s0963,96,0.18662381999999994,0.178786464419104,0.007837355580895492,0.00032655648253731217,0.0204044582396211,4.1995472929958755,0.007837355580895617
7.221105696023146,810.5356723732004,0.39818943418600605,0.3953956373737324,0.452806387517382,-5.861885765335862,1.0,1.0186335857051054,85.54399830043441,93.01215969163535,93.01215969163535,1,5,80.0,0,0.0,0.30029938497654146,0.2770479892518328,6,0.029669031000108842,0.4375,811.0362299116134,0.0,36.62055123249951,1.5315268633803611,849.1883080074933,s0964,96,0.18662381999999994,0.178786464419104,0.007837355580895492,0.00032655648253731217,0.0204044582396211,4.1995472929958755,0.007837355580895617
7.238507902421539,814.0852347713515,0.39818943418591557,0.35378494758706036,0.46593836103219843,-4.455905126823347,1.0,1.0193444261686986,75.8486147771912,94.70096526389086,94.70096526389086,0,6,80.0,0,0.0,0.27606647050350924,0.3033642074091458,2,0.029994112058260334,0.5416666666666666,811.0362299116134,0.0,39.432554186778866,1.407938999567896,851.8767230979602,s0965,96,0.18662381999999994,0.178786464419104,0.007837355580895492,0.00032655648253731217,0.0204044582396211,4.1995472929958755,0.007837355580895617
7.2462081168666295,813.9402600518389,0.3981894341867536,0.3838851952870369,0.4370656496569644,-5.743570540299057,1.0,1.0183162329473014,77.042079981037,89.36196180677413,89.36196180677413,0,6,80.0,0,0.0,0.27096572572860245,0.28488601933174895,4,0.030699762518242264,0.4375,811.0362299116134,0.0,38.07743074282934,1.3819252012158716,850.4955858556586,s0966,96,0.18662381999999994,0.178786464419104,0.007837355580895492,0.00032655648253731217,0.0204044582396211,4.1995472929958755,0.007837355580895617
7.223058338929398,811.6093447188916,0.3981894341864383,0.3995833273021127,0.481343161983646,-4.513423219232016,1.0,1.018534998301177,88.54509900346262,93.76381923134718,93.76381923134718,2,6,80.0,0,0.0,0.30113500961884293,0.24292443022588012,4,0.02666503421278895,0.5625,811.0362299116134,0.0,31.2377042544721,1.535788549056098,843.8097227151416,s0967,96,0.18662381999999994,0.178786464419104,0.007837355580895492,0.00032655648253731217,0.0204044582396211,4.1995472929958755,0.007837355580895617
7.145200295793683,804.6164360989698,0.3981894341862164,0.416362856608668,0.46216920242817416,-5.084882677001906,1.0,1.0186702040547484,84.49124754647843,90.25028144435706,90.25028144435706,2,5,80.0,0,0.0,0.24502454634925433,0.2860505546870802,3,0.02645229982122891,0.5833333333333334,811.0362299116134,0.0,36.96195243887473,1.2496251863811971,849.2478075368693,s0968,96,0.18662381999999994,0.178786464419104,0.007837355580895492,0.00032655648253731217,0.0204044582396211,4.1995472929958755,0.007837355580895617
7.297184303013677,818.035960909704,0.3981894341874724,0.40872470919637366,0.5295576718077958,-5.06640795802578,1.0,1.0195560480041455,88.00589785188497,95.98323253004976,95.98323253004976,2,9,80.0,0,0.0,0.3109556783975242,0.3276405222488763,8,0.03545061983671794,0.4583333333333333,811.0362299116134,0.0,43.53913809869771,1.5858739598273734,856.1612419701385,s0969,96,0.18662381999999994,0.178786464419104,0.007837355580895492,0.00032655648253731217,0.0204044582396211,4.1995472929958755,0.007837355580895617
7.203055391678356,809.8323630788885,0.3981894341859868,0.3919223897282982,0.42835042403719875,-4.814302766888006,1.0,1.0188615373807874,81.27213297124626,92.81674668648864,92.81674668648864,1,5,80.0,0,0.0,0.2865169431326592,0.2816904183678598,6,0.03200003664414782,0.6666666666666666,811.0362299116134,0.0,36.935349808705055,1.4612364099765611,849.432816130295,s0970,96,0.18662381999999994,0.178786464419104,0.007837355580895492,0.00032655648253731217,0.0204044582396211,4.1995472929958755,0.007837355580895617
7.274090146249872,816.6244596879113,0.41612270223452297,0.3380214178530807,0.5099097961680439,-4.758402941572457,1.0,1.0191013724127225,94.00110479998945,93.49429096210226,93.49429096210226,1,5,80.0,0,0.0,0.27111128601688433,0.3468097052124671,3,0.032695734208550174,0.4375,811.0362299116134,0.0,44.38432131606316,1.3826675586861092,856.8032187863627,s0971,96,0.18662381999999994,0.178786464419104,0.007837355580895492,0.00032655648253731217,0.0204044582396211,4.1995472929958755,0.007837355580895617
7.229150087918304,812.2613939167807,0.39818943418683506,0.3834470497560769,0.49034652510670895,-4.56502134492639,1.0,1.0197241330712878,80.17851392015754,97.74193185329463,97.74193185329463,1,4,80.0,0,0.0,0.28060549637272614,0.2852589144411438,1,0.02796045517899585,0.5208333333333334,811.0362299116134,0.0,36.84489678821712,1.4310880315009025,849.3122147313314,s0972,96,0.18662381999999994,0.178786464419104,0.007837355580895492,0.00032655648253731217,0.0204044582396211,4.1995472929958755,0.007837355580895617
7.204514534184592,810.0771265060425,0.3981894341858633,0.3540223827580793,0.44462896489813486,-4.3248148622820075,1.0,1.0199378307461813,84.40365451180986,97.53636256826303,97.53636256826303,2,4,80.0,0,0.0,0.2446657026897996,0.2920841929407299,0,0.027344180207498816,0.5416666666666666,811.0362299116134,0.0,37.43057996541933,1.2477950837179772,849.7146049607508,s0973,96,0.18662381999999994,0.178786464419104,0.007837355580895492,0.00032655648253731217,0.0204044582396211,4.1995472929958755,0.007837355580895617
7.218570545258217,810.6806299920909,0.3981894341872023,0.3897283024875609,0.5742742497679996,-7.007314211211696,1.0,1.0236003509430298,93.74798654951024,116.89176112157665,116.89176112157665,3,9,80.0,0,0.0,0.34031480090211047,0.37411195909046036,8,0.037858682305223976,0.4583333333333333,811.0362299116134,0.0,50.957967020797746,1.735605484600762,863.7298024170119,s0974,96,0.18662381999999994,0.178786464419104,0.007837355580895492,0.00032655648253731217,0.0204044582396211,4.1995472929958755,0.007837355580895617
7.182578971336474,807.6366576455443,0.3981894341864505,0.35595802925814524,0.4978101923920383,-4.769839810417031,1.0,1.019098605765351,92.7606688316651,93.471358833231,93.471358833231,3,8,80.0,0,0.0,0.2862374840741153,0.32097365621563456,5,0.03189456305167866,0.5520833333333334,811.0362299116134,0.0,41.58655937177265,1.459811168777988,854.082600452164,s0975,96,0.18662381999999994,0.178786464419104,0.007837355580895492,0.00032655648253731217,0.0204044582396211,4.1995472929958755,0.007837355580895617
7.281248573318582,820.1397347218684,0.48602115388295847,0.3012207733477842,0.5275960491285606,-5.577313142827148,1.0,1.0184099140586151,81.17040376704647,90.01477289249088,90.01477289249088,3,9,80.0,0,0.0,0.2671763716269618,0.34065853883510816,3,0.036325585434364684,0.53125,811.0362299116134,0.0,46.42599752867216,1.3625994952975045,858.8248269355831,s0976,96,0.18662381999999994,0.178786464419104,0.007837355580895492,0.00032655648253731217,0.0204044582396211,4.1995472929958755,0.007837355580895617
7.265429611300512,814.0649845913655,0.40691038751345365,0.4275919773187741,0.5128708993855746,-5.252807758443054,1.0,1.0187522449915412,80.52110531087318,90.9066260518996,90.9066260518996,2,8,80.0,0,0.0,0.2924418740634956,0.2898978948935229,8,0.030804311481616647,0.5416666666666666,811.0362299116134,0.0,37.64136684321395,1.4914535577238273,850.1690503125512,s0977,96,0.18662381999999994,0.178786464419104,0.007837355580895492,0.00032655648253731217,0.0204044582396211,4.1995472929958755,0.007837355580895617
7.240261971535594,812.5838386470666,0.3981894341859216,0.38179342104212755,0.4400393066759866,-3.663553215026676,1.0,1.019910168648655,83.42875680148356,98.88470913321976,98.88470913321976,2,3,80.0,0,0.0,0.2864979145725776,0.2976573362995669,6,0.032544691481682764,0.46875,811.0362299116134,0.0,38.89070898605426,1.4611393643201458,851.3880782619879,s0978,96,0.18662381999999994,0.178786464419104,0.007837355580895492,0.00032655648253731217,0.0204044582396211,4.1995472929958755,0.007837355580895617
7.238064475279515,812.922191325686,0.39818943418599917,0.3491291830694796,0.3847062620764879,-4.843154043424229,1.0,1.019214305758859,81.33698860464496,94.00834563012762,94.00834563012762,1,6,80.0,0,0.0,0.22313444234896623,0.23657547563654435,2,0.0243498426728548,0.53125,811.0362299116134,0.0,30.338341924072637,1.137985655979728,842.5125574916658,s0979,96,0.18662381999999994,0.178786464419104,0.007837355580895492,0.00032655648253731217,0.0204044582396211,4.1995472929958755,0.007837355580895617
7.244991247524992,814.3016139696376,0.3981894341859513,0.34414377663019213,0.5144902284598445,-4.854737450142476,1.0,1.0185672360635762,79.83195608293299,89.49630763537537,89.49630763537537,0,7,80.0,0,0.0,0.31603212076996623,0.32454584316084933,7,0.03319741868075446,0.4375,811.0362299116134,0.0,43.19451569424236,1.6117638159268277,855.8425094217826,s0980,96,0.18662381999999994,0.178786464419104,0.007837355580895492,0.00032655648253731217,0.0204044582396211,4.1995472929958755,0.007837355580895617
7.2545238528533424,815.3076469931501,0.4292827950420172,0.3304084135803972,0.5101393458576878,-4.5507640547758825,1.0,1.0196031014359468,82.30523186033795,97.14196439603735,97.14196439603735,1,7,80.0,0,0.0,0.2873779144019155,0.3483497651278358,7,0.034043058636783995,0.5208333333333334,811.0362299116134,0.0,45.658962458563344,1.4656273634497685,858.1608197336266,s0981,96,0.18662381999999994,0.178786464419104,0.007837355580895492,0.00032655648253731217,0.0204044582396211,4.1995472929958755,0.007837355580895617
7.318530620160976,820.9567753665998,0.4047762052051348,0.343151179142978,0.5059371781528659,-5.028130779688859,1.0,1.0203656390755738,106.53843531038368,99.78727813053081,99.78727813053081,2,10,80.0,0,0.0,0.2782987481479434,0.31444822362213365,2,0.03308167394450655,0.4791666666666667,811.0362299116134,0.0,40.5330093527198,1.419323615554511,852.9885628798877,s0982,96,0.18662381999999994,0.178786464419104,0.007837355580895492,0.00032655648253731217,0.0204044582396211,4.1995472929958755,0.007837355580895617
7.243177762664191,814.0859245618122,0.39818943418597114,0.3736237876699682,0.4661090388821954,-4.500203150651795,1.0,1.0180869664927257,82.83491272115093,88.7403617919069,88.7403617919069,2,3,80.0,0,0.0,0.2536610133963461,0.2662366177357621,3,0.02753709930397865,0.5,811.0362299116134,0.0,34.71882736985657,1.293671168321364,847.0487284497914,s0983,96,0.18662381999999994,0.178786464419104,0.007837355580895492,0.00032655648253731217,0.0204044582396211,4.1995472929958755,0.007837355580895617
7.221339778701759,812.0828732054581,0.401524557351273,0.3718253697476627,0.5330495169126154,-4.078951777604374,1.0,1.0182557292181615,85.70795219134213,93.15641225407386,93.15641225407386,4,3,80.0,0,0.0,0.2772280402797947,0.32069018924749726,5,0.02899304618083367,0.5,811.0362299116134,0.0,41.344025059468855,1.4138630054269532,853.7941179765093,s0984,96,0.18662381999999994,0.178786464419104,0.007837355580895492,0.00032655648253731217,0.0204044582396211,4.1995472929958755,0.007837355580895617
7.3083178675255525,819.7341472649246,0.405963422349614,0.3990431798813873,0.4772280793712565,-4.755037391941836,1.0,1.0177507943961155,81.97133270989335,89.95688419963804,89.95688419963804,1,5,80.0,0,0.0,0.23896990082744765,0.3654301895564118,4,0.032889473359189986,0.40625,811.0362299116134,0.0,47.8056565068548,1.2187464942199824,860.0606329126882,s0985,96,0.18662381999999994,0.178786464419104,0.007837355580895492,0.00032655648253731217,0.0204044582396211,4.1995472929958755,0.007837355580895617
7.259372427694248,814.5962153951762,0.3981894341865942,0.4174036020454356,0.49161838674044855,-3.8589328889433037,1.0,1.0176603772937323,80.1385590217382,87.97361762785918,87.97361762785918,1,4,80.0,0,0.0,0.28920210864980445,0.27590989639875446,2,0.02993589380404781,0.5,811.0362299116134,0.0,36.41689764336102,1.4749307541140033,848.9280583090884,s0986,96,0.18662381999999994,0.178786464419104,0.007837355580895492,0.00032655648253731217,0.0204044582396211,4.1995472929958755,0.007837355580895617
7.252706552122413,814.6653280225596,0.3981894341859292,0.41950309039661227,0.5455401273509581,-5.253336847055814,1.0,1.0191038552149838,81.60673633959892,91.97759985241649,91.97759985241649,2,5,80.0,0,0.0,0.3068306731759869,0.31649882092693293,6,0.03117690947875379,0.5208333333333334,811.0362299116134,0.0,41.15337505676861,1.5648364331975333,853.7544414015796,s0987,96,0.18662381999999994,0.178786464419104,0.007837355580895492,0.00032655648253731217,0.0204044582396211,4.1995472929958755,0.007837355580895617
7.236827538257684,812.1014862100158,0.39818943418597263,0.42671988903741265,0.458701399787126,-3.8651665416790357,1.0,1.0192932675773396,84.73082723660403,95.09026773912916,95.09026773912916,2,4,80.0,0,0.0,0.30094418217163954,0.22555879812747331,5,0.02664217565604452,0.4895833333333333,811.0362299116134,0.0,28.88564186154188,1.534815329075361,841.4566871022307,s0988,96,0.18662381999999994,0.178786464419104,0.007837355580895492,0.00032655648253731217,0.0204044582396211,4.1995472929958755,0.007837355580895617
7.22506985309545,811.8168084641509,0.3981894341864312,0.3915706435365469,0.3607706642652879,-4.287085498379156,1.0,1.0195188212530357,79.34454825312089,97.29240232014311,97.29240232014311,0,4,80.0,0,0.0,0.2125569190224435,0.2440502648858079,4,0.025322740139464086,0.5625,811.0362299116134,0.0,31.789939197248774,1.0840402870144614,843.9102093958767,s0989,96,0.18662381999999994,0.178786464419104,0.007837355580895492,0.00032655648253731217,0.0204044582396211,4.1995472929958755,0.007837355580895617
7.208623188197931,810.3717732907389,0.3981894341859239,0.3220690103519343,0.44604465337819965,-5.852701664889047,1.0,1.0194158091292735,89.06283812844181,93.63898955888243,93.63898955888243,1,7,80.0,0,0.0,0.266330556774134,0.2638077076316989,2,0.027226668838300296,0.4166666666666667,811.0362299116134,0.0,35.150946155938755,1.358285839548083,847.5454619071003,s0990,96,0.18662381999999994,0.178786464419104,0.007837355580895492,0.00032655648253731217,0.0204044582396211,4.1995472929958755,0.007837355580895617
7.202495325278363,810.5458523709476,0.41811146825220113,0.47054216650555547,0.5036858474444378,-5.580465903756519,1.0,1.0177850872004142,90.35104619874485,84.94871510739372,84.94871510739372,2,3,80.0,0,0.0,0.27896265592011993,0.28677273772070616,4,0.029661896432145486,0.5,811.0362299116134,0.0,37.176355233353476,1.4227095451926113,849.6352946901594,s0991,96,0.18662381999999994,0.178786464419104,0.007837355580895492,0.00032655648253731217,0.0204044582396211,4.1995472929958755,0.007837355580895617
7.267380499046057,815.5642381197301,0.39818943418597325,0.3219449663054339,0.4354303960371138,-4.641579221553671,1.0,1.0194655812336382,83.10172450580143,95.36416500715175,95.36416500715175,1,7,80.0,0,0.0,0.27582919464262146,0.2939336567545032,6,0.03064614501457091,0.46875,811.0362299116134,0.0,38.3455905013553,1.4067288926773693,850.7885493056461,s0992,96,0.18662381999999994,0.178786464419104,0.007837355580895492,0.00032655648253731217,0.0204044582396211,4.1995472929958755,0.007837355580895617
7.146665371719951,803.5328728165016,0.3981894341859185,0.4151076150169909,0.44199997617739983,-5.062463597838135,1.0,1.0192248304525673,86.27784044024698,92.8085158185467,92.8085158185467,1,3,80.0,0,0.0,0.28374098087213423,0.2946245101368002,7,0.03175831244360451,0.5416666666666666,811.0362299116134,0.0,38.75357659193928,1.4470790024478843,851.2368855060006,s0993,96,0.18662381999999994,0.178786464419104,0.007837355580895492,0.00032655648253731217,0.0204044582396211,4.1995472929958755,0.007837355580895617
7.202876658746925,809.8699240458984,0.4178197395491949,0.3828979641651675,0.44504866651480934,-5.286210254305391,1.0,1.0179229176388664,79.53061983157512,89.77710789675638,89.77710789675638,0,4,80.0,0,0.0,0.28076957355230353,0.3210326254983364,5,0.03364294118103491,0.6458333333333334,811.0362299116134,0.0,42.34195234314662,1.4319248251167473,854.8101070798768,s0994,96,0.18662381999999994,0.178786464419104,0.007837355580895492,0.00032655648253731217,0.0204044582396211,4.1995472929958755,0.007837355580895617
7.351058443265769,823.6391207731249,0.5643350484567833,0.30662775264747116,0.5654159258588356,-4.7064239139438255,1.0,1.0187992698366473,79.10745281460368,93.83563645765128,93.83563645765128,0,6,80.0,0,0.0,0.3023994493850453,0.3399767648285296,4,0.03799686720536665,0.46875,811.0362299116134,0.0,43.19523414461242,1.5422371918637305,855.7737012480895,s0995,96,0.18662381999999994,0.178786464419104,0.007837355580895492,0.00032655648253731217,0.0204044582396211,4.1995472929958755,0.007837355580895617
7.27367034031187,816.6815625827046,0.3981894341859471,0.3721971927228725,0.44044242219864616,-5.3107833648840055,1.0,1.0199160790399011,81.1858074710604,98.05836204658888,98.05836204658888,1,7,80.0,0,0.0,0.2693887341726887,0.26314172160599403,1,0.02672675644242412,0.5833333333333334,811.0362299116134,0.0,34.36529966012179,1.3738825442807119,846.7754121160159,s0996,96,0.18662381999999994,0.178786464419104,0.007837355580895492,0.00032655648253731217,0.0204044582396211,4.1995472929958755,0.007837355580895617
7.22503885710063,811.2622233954639,0.3981894341860088,0.41688427307617315,0.4576559931597422,-5.06345326828794,1.0,1.017622540944922,82.91735441537313,85.36250278209346,85.36250278209346,2,3,80.0,0,0.0,0.29999329747507897,0.26684898898474185,4,0.028833088526873718,0.4583333333333333,811.0362299116134,0.0,35.036631307526214,1.529965817122903,847.6028270362626,s0997,96,0.18662381999999994,0.178786464419104,0.007837355580895492,0.00032655648253731217,0.0204044582396211,4.1995472929958755,0.007837355580895617
7.2648806971958075,815.1949586209057,0.40635274164679197,0.4224469510148118,0.45535580854575286,-5.263352300825429,1.0,1.01882150635125,77.00507172578503,92.90685890460308,92.90685890460308,0,4,80.0,0,0.0,0.24871473404832312,0.3621255078039318,5,0.03479727317720759,0.4791666666666667,811.0362299116134,0.0,47.596285964993385,1.268445143646448,859.9009610202532,s0998,96,0.18662381999999994,0.178786464419104,0.007837355580895492,0.00032655648253731217,0.0204044582396211,4.1995472929958755,0.007837355580895617
7.166638836718487,807.1162483053888,0.39818943418590896,0.36541096922198857,0.4843801962096077,-4.151183477284085,1.0,1.0190641634692672,85.6186816026201,92.21856559102366,92.21856559102366,3,5,80.0,0,0.0,0.2664698472923677,0.28140755034650383,2,0.02762880997079555,0.5,811.0362299116134,0.0,36.04348959933352,1.3589962211910755,848.438715732138,s0999,96,0.18662381999999994,0.178786464419104,0.007837355580895492,0.00032655648253731217,0.0204044582396211,4.1995472929958755,0.007837355580895617
7.151499631901718,804.8952324952988,0.3981894341876371,0.45817036619149465,0.4705000027173296,-4.316686823921475,1.0,1.0185845273797354,87.13180466289849,90.43909172389844,90.43909172389844,2,5,80.0,0,0.0,0.24361730913821436,0.29661968565634383,2,0.02869905086970038,0.46875,811.0362299116134,0.0,37.7200565656707,1.2424482766048925,849.998734753889,s1000,96,0.18662381999999994,0.178786464419104,0.007837355580895492,0.00032655648253731217,0.0204044582396211,4.1995472929958755,0.007837355580895617
