import_mwh,energy_cost_eur,peak_import_mw,pv_energy_mwh,hp_resid_energy_mwh_abs,avg_temp_c,v_min_pu,v_max_pu,max_line_loading_pct,max_trafo_loading_pct,max_trafo_loading_pct_optionA,steps_line_over_80pct,steps_trafo_over_80pct,loading_violation_threshold_pct,steps_voltage_violation,pv_curtail_mwh,bess_rt_energy_throughput_mwh,imbalance_mwh,bess_soc_clip_steps,residual_policy_std,residual_policy_frac_negative,da_energy_cost_eur,rt_pv_curtail_cost_eur,rt_imbalance_cost_eur,rt_bess_cycle_cost_eur,total_cost_eur,sample_id,n_steps,flex_baseline_energy_mwh,flex_realized_energy_mwh,flex_curtail_energy_mwh,flex_avg_curtailment_mw,flex_peak_curtailment_mw,flex_energy_curtailed_pct,flex_ycap_energy_mwh
7.18170652157618,807.9794864816542,0.38848587407203117,0.35040415006626185,0.5093810231706406,-4.5143630933157315,1.0,1.020133322024803,89.40002185653496,99.56225550860974,99.56225550860974,1,7,80.0,0,0.0,0.1910289411758427,0.45884837023496794,1,0.0336599214783245,0.59375,807.5641339088979,0.0,63.20567919052319,0.974247599996798,871.7440606994179,s0001,96,0.18662381999999994,0.15242721399400655,0.034196606005993356,0.0014248585835830564,0.0462195999659187,18.32381633062348,0.034196606005993606
7.27456177088928,818.2307574904429,0.3812997464344359,0.3223056177507464,0.5397661492892073,-4.315140154057467,1.0,1.0182951817042944,91.0117721553376,89.00864756894457,89.00864756894457,3,8,80.0,0,0.0,0.20750696417297484,0.44837249068749946,4,0.03424506813598309,0.5,807.5641339088979,0.0,60.66114900929919,1.0582855172821715,869.2835684354792,s0002,96,0.18662381999999994,0.15242721399400655,0.034196606005993356,0.0014248585835830564,0.0462195999659187,18.32381633062348,0.034196606005993606
7.089933239023902,797.1666674147169,0.37103794991523353,0.39049394894223477,0.4776725267188177,-4.8461097679364284,1.0,1.018616870963163,85.51980011319309,91.64138687467799,91.64138687467799,2,4,80.0,0,0.0,0.18232649521900127,0.3519127622399672,0,0.024928481130099867,0.5833333333333334,807.5641339088979,0.0,47.61921145883529,0.9298651256169058,856.11321049335,s0003,96,0.18662381999999994,0.15242721399400655,0.034196606005993356,0.0014248585835830564,0.0462195999659187,18.32381633062348,0.034196606005993606
7.2235997326430255,810.2191707611235,0.39797579460525245,0.3926331366921066,0.4195824135190579,-4.392348163210667,1.0,1.0173848336379225,77.27768013003914,84.23375390224786,84.23375390224786,0,2,80.0,0,0.0,0.13841524329311028,0.37578884568379334,0,0.02591384833338145,0.4791666666666667,807.5641339088979,0.0,50.961229136259284,0.7059177407948628,859.2312807859521,s0004,96,0.18662381999999994,0.15242721399400655,0.034196606005993356,0.0014248585835830564,0.0462195999659187,18.32381633062348,0.034196606005993606
6.990906513404595,785.7304686372383,0.37103795362949027,0.4738848988719113,0.4027155762822143,-4.399555390674556,1.0,1.0177472044134448,77.8472686342559,87.9943882511266,87.9943882511266,0,2,80.0,0,0.0,0.17390770383049514,0.3785710930759553,1,0.028743204165659817,0.5833333333333334,807.5641339088979,0.0,51.70465131142559,0.8869292895355251,860.155714509859,s0005,96,0.18662381999999994,0.15242721399400655,0.034196606005993356,0.0014248585835830564,0.0462195999659187,18.32381633062348,0.034196606005993606
7.2705099380210765,816.3391184762643,0.4052434362714151,0.39492422490750645,0.46981086456334736,-5.219342680301043,1.0,1.0182878313093207,81.52578825806039,90.29770109528596,90.29770109528596,2,2,80.0,0,0.0,0.14241186360180486,0.4227076759904116,1,0.028863466151654086,0.40625,807.5641339088979,0.0,57.74354394350695,0.7263005043692042,866.033978356774,s0006,96,0.18662381999999994,0.15242721399400655,0.034196606005993356,0.0014248585835830564,0.0462195999659187,18.32381633062348,0.034196606005993606
7.003554732226141,788.3670438763191,0.38065550903663553,0.40252276712625923,0.5267009822268149,-4.983645175933665,1.0,1.019136704993061,87.71634331556778,96.30130239363997,96.30130239363997,6,6,80.0,0,0.0,0.17286143369978074,0.4718637744088003,1,0.02980007341083045,0.5729166666666666,807.5641339088979,0.0,64.47982882804763,0.8815933118688818,872.9255560488144,s0007,96,0.18662381999999994,0.15242721399400655,0.034196606005993356,0.0014248585835830564,0.0462195999659187,18.32381633062348,0.034196606005993606
7.150925121288899,804.1327773925401,0.4054186279176619,0.3891635661983397,0.4655797365273864,-4.94170917131128,1.0,1.0174375641689255,81.09854139893393,89.10089571907605,89.10089571907605,1,3,80.0,0,0.0,0.15758900795809966,0.43273019555373504,1,0.02983476257539686,0.5208333333333334,807.5641339088979,0.0,58.4040036636143,0.803703940586308,866.7718415130985,s0008,96,0.18662381999999994,0.15242721399400655,0.034196606005993356,0.0014248585835830564,0.0462195999659187,18.32381633062348,0.034196606005993606
7.223199290061038,811.5567111139645,0.38637920881408877,0.4034759928406402,0.46967348205949455,-4.567269126793782,1.0,1.018943473738717,80.27881006118054,93.441782744061,93.441782744061,1,5,80.0,0,0.0,0.18222156363798275,0.36166343992137595,1,0.029497181563931295,0.4895833333333333,807.5641339088979,0.0,49.07426665073114,0.9293299745537119,857.5677305341828,s0009,96,0.18662381999999994,0.15242721399400655,0.034196606005993356,0.0014248585835830564,0.0462195999659187,18.32381633062348,0.034196606005993606
7.124755346816022,801.0528620066807,0.3859393547011707,0.39138518384818843,0.4515271266098651,-4.506733167149961,1.0,1.0182940876509763,82.76881145974215,89.79781354619966,89.79781354619966,1,3,80.0,0,0.0,0.17774760885069663,0.3624555129257724,1,0.026728759275362862,0.53125,807.5641339088979,0.0,48.2651096434496,0.9065128051385528,856.735756357486,s0010,96,0.18662381999999994,0.15242721399400655,0.034196606005993356,0.0014248585835830564,0.0462195999659187,18.32381633062348,0.034196606005993606
7.147388131926993,802.9111682142415,0.4223418104879505,0.4603149532781912,0.45410277749459205,-4.602163492998584,1.0,1.0173369303710227,78.83139788310832,87.72290719147182,87.72290719147182,0,3,80.0,0,0.0,0.13419770303040293,0.43822285153706003,1,0.030339796458681755,0.53125,807.5641339088979,0.0,60.02364289763203,0.6844082854550554,868.2721850919851,s0011,96,0.18662381999999994,0.15242721399400655,0.034196606005993356,0.0014248585835830564,0.0462195999659187,18.32381633062348,0.034196606005993606
7.280761341435616,817.8427247478858,0.38452786836034775,0.31776400406464883,0.5388216806753565,-5.5887564279459,1.0,1.0179025944144253,82.35647939550492,86.00295760192903,86.00295760192903,3,3,80.0,0,0.0,0.18788132010247874,0.5010375296856433,4,0.03644826448919754,0.3958333333333333,807.5641339088979,0.0,70.58503472765626,0.9581947325226415,879.1073633690769,s0012,96,0.18662381999999994,0.15242721399400655,0.034196606005993356,0.0014248585835830564,0.0462195999659187,18.32381633062348,0.034196606005993606
7.216989261905243,810.6654696597492,0.3756305673124996,0.35741328049515275,0.4495346725419006,-4.488490881342304,1.0,1.0170583597781648,79.26021919383878,86.0498312421369,86.0498312421369,0,3,80.0,0,0.0,0.17847633644568678,0.4063825469942812,1,0.029657044411518823,0.4895833333333333,807.5641339088979,0.0,55.04659901200019,0.9102293158730029,863.5209622367712,s0013,96,0.18662381999999994,0.15242721399400655,0.034196606005993356,0.0014248585835830564,0.0462195999659187,18.32381633062348,0.034196606005993606
7.178730543553857,807.0997212115354,0.384622642843301,0.35036778441849015,0.4145479483725611,-4.702791395143204,1.0,1.0183456205888477,78.19497418724968,89.14276686381103,89.14276686381103,0,4,80.0,0,0.0,0.14139001244499788,0.34524690451468054,0,0.024442724072341576,0.46875,807.5641339088979,0.0,46.400024753222304,0.7210890634694894,854.6852477255896,s0014,96,0.18662381999999994,0.15242721399400655,0.034196606005993356,0.0014248585835830564,0.0462195999659187,18.32381633062348,0.034196606005993606
7.146487098315727,804.0519939794181,0.37924380487128784,0.38412673843254297,0.5018357306969616,-4.372702400529206,1.0,1.016825409773851,83.44874165104756,81.78051954863189,81.78051954863189,2,2,80.0,0,0.0,0.1947993362440917,0.3925071985656922,2,0.029162726668115434,0.4479166666666667,807.5641339088979,0.0,52.77772157821892,0.9934766148448677,861.3353321019617,s0015,96,0.18662381999999994,0.15242721399400655,0.034196606005993356,0.0014248585835830564,0.0462195999659187,18.32381633062348,0.034196606005993606
7.0833133259154355,796.2568267611142,0.3768795756096153,0.4226447034705935,0.4522722392093673,-4.796145673902958,1.0,1.0182392225937078,79.0895032555784,88.96191822094418,88.96191822094418,0,5,80.0,0,0.0,0.18426865481297688,0.37626777262055655,1,0.027976037963713653,0.6145833333333334,807.5641339088979,0.0,51.67515851021812,0.9397701395461819,860.1790625586623,s0016,96,0.18662381999999994,0.15242721399400655,0.034196606005993356,0.0014248585835830564,0.0462195999659187,18.32381633062348,0.034196606005993606
7.152230438916443,802.852244363912,0.38217135054728735,0.38622406779413954,0.5247758017592536,-5.819789712340917,1.0,1.0185384786288991,83.4506112065484,91.48083534701826,91.48083534701826,2,3,80.0,0,0.0,0.15688028501833706,0.46846216038613653,1,0.03289713776190263,0.59375,807.5641339088979,0.0,64.59499720085871,0.8000894535935188,872.9592205633502,s0017,96,0.18662381999999994,0.15242721399400655,0.034196606005993356,0.0014248585835830564,0.0462195999659187,18.32381633062348,0.034196606005993606
6.995904689717818,788.0865718732668,0.37964621558126926,0.46656914274567607,0.4359771757229621,-5.254613431408752,1.0,1.0166981072815773,83.2824044214691,80.45977413282796,80.45977413282796,1,1,80.0,0,0.0,0.10236853964633305,0.43885767978683954,1,0.029616977647924387,0.6145833333333334,807.5641339088979,0.0,59.16412117929983,0.5220795521962982,867.250334640394,s0018,96,0.18662381999999994,0.15242721399400655,0.034196606005993356,0.0014248585835830564,0.0462195999659187,18.32381633062348,0.034196606005993606
7.245878365318701,812.6048100862268,0.4013349558287267,0.3851517619452648,0.5485987748601888,-5.170450313139638,1.0,1.0179471113126806,86.52196957388854,87.69768190253686,87.69768190253686,1,4,80.0,0,0.0,0.16707798865139428,0.5088204913072536,2,0.03348408784203109,0.4270833333333333,807.5641339088979,0.0,70.14941488873086,0.852097742122111,878.5656465397509,s0019,96,0.18662381999999994,0.15242721399400655,0.034196606005993356,0.0014248585835830564,0.0462195999659187,18.32381633062348,0.034196606005993606
7.233008947613997,811.4122221689165,0.3954106132390518,0.3702564006126495,0.44719189838829126,-5.011414957536009,1.0,1.020119894710296,79.70471393207065,99.23439762268906,99.23439762268906,0,3,80.0,0,0.0,0.1563194939992628,0.3919606296408633,2,0.029834003591554508,0.4166666666666667,807.5641339088979,0.0,53.11478214632907,0.7972294193962399,861.4761454746232,s0020,96,0.18662381999999994,0.15242721399400655,0.034196606005993356,0.0014248585835830564,0.0462195999659187,18.32381633062348,0.034196606005993606
7.184595279891656,808.0158858799828,0.383315666568068,0.3975216109653098,0.5006400927258241,-4.533223140205919,1.0,1.0189331377293342,79.49217515717513,94.70193198311276,94.70193198311276,0,5,80.0,0,0.0,0.19399205528856395,0.48328843558134105,3,0.03676757516547577,0.6145833333333334,807.5641339088979,0.0,66.23010436199817,0.9893594819716767,874.7835977528678,s0021,96,0.18662381999999994,0.15242721399400655,0.034196606005993356,0.0014248585835830564,0.0462195999659187,18.32381633062348,0.034196606005993606
7.284064803126236,819.007571539049,0.41926258964221363,0.3443714090971094,0.5428547234391708,-5.019489070328862,1.0,1.017304087350496,77.70801586162843,83.80445458117859,83.80445458117859,0,1,80.0,0,0.0,0.17284818994078588,0.4516629598465668,3,0.03229866720474095,0.5,807.5641339088979,0.0,62.276863189649404,0.8815257686980077,870.7225228672453,s0022,96,0.18662381999999994,0.15242721399400655,0.034196606005993356,0.0014248585835830564,0.0462195999659187,18.32381633062348,0.034196606005993606
7.240235651771323,812.319025714997,0.3731133472564667,0.332843033500713,0.445389911112426,-6.243837217144957,1.0,1.0173108391243961,81.60447607458417,86.41010454238646,86.41010454238646,1,2,80.0,0,0.0,0.1698556674964138,0.4173341106155684,1,0.031703541592307045,0.4166666666666667,807.5641339088979,0.0,56.984592976362855,0.8662639042317104,865.4149907894924,s0023,96,0.18662381999999994,0.15242721399400655,0.034196606005993356,0.0014248585835830564,0.0462195999659187,18.32381633062348,0.034196606005993606
7.135722080876205,802.5442164132882,0.3981715087699315,0.4058141114635059,0.4229508675927327,-4.559936671832191,1.0,1.0171418104269019,82.1332889589419,87.7065851368329,87.7065851368329,2,1,80.0,0,0.0,0.1802156435377533,0.3573268320907558,1,0.026689697511984793,0.5729166666666666,807.5641339088979,0.0,48.09500875524386,0.9190997820425422,856.5782424461843,s0024,96,0.18662381999999994,0.15242721399400655,0.034196606005993356,0.0014248585835830564,0.0462195999659187,18.32381633062348,0.034196606005993606
7.132959490725743,802.1447172854823,0.3858808642109502,0.38067583266977645,0.4283704773566547,-5.061694775211908,1.0,1.0181440386831095,82.37534240315235,90.47020588004486,90.47020588004486,1,4,80.0,0,0.0,0.18862077334044522,0.327211080418365,0,0.025115451632327545,0.5625,807.5641339088979,0.0,43.56064219541062,0.9619659440362703,852.0867420483448,s0025,96,0.18662381999999994,0.15242721399400655,0.034196606005993356,0.0014248585835830564,0.0462195999659187,18.32381633062348,0.034196606005993606
7.196693200097905,808.8480825999081,0.40240426496823806,0.3834112479943098,0.4513069854940318,-4.978117115812817,1.0,1.0173291612796758,79.83675675570433,85.97632739360434,85.97632739360434,0,3,80.0,0,0.0,0.17116026685601146,0.36278534549580554,1,0.026127690201095267,0.5520833333333334,807.5641339088979,0.0,49.26108615652082,0.8729173609656586,857.6981374263844,s0026,96,0.18662381999999994,0.15242721399400655,0.034196606005993356,0.0014248585835830564,0.0462195999659187,18.32381633062348,0.034196606005993606
7.211900429351642,810.0405916506646,0.42070245795529637,0.3831273908910486,0.5234956128021843,-5.085186318971032,1.0,1.0181637745249748,84.92999771493037,90.59214352572383,90.59214352572383,2,4,80.0,0,0.0,0.1942441701248623,0.4333118383482113,4,0.03292381102104068,0.5,807.5641339088979,0.0,59.119805661893736,0.990645267636798,867.6745848384284,s0027,96,0.18662381999999994,0.15242721399400655,0.034196606005993356,0.0014248585835830564,0.0462195999659187,18.32381633062348,0.034196606005993606
7.148011153736223,804.8599186233563,0.40733524280473477,0.3526898930335537,0.485938065806643,-4.472970332765019,1.0,1.0175588919662661,84.51644183163877,86.24906286859513,86.24906286859513,2,5,80.0,0,0.0,0.15777470339036867,0.40103708399210825,0,0.02921875129673397,0.53125,807.5641339088979,0.0,53.34433657524924,0.8046509872908794,861.7131214714381,s0028,96,0.18662381999999994,0.15242721399400655,0.034196606005993356,0.0014248585835830564,0.0462195999659187,18.32381633062348,0.034196606005993606
7.060554394307566,794.1017050777286,0.37921650507367555,0.4564547640863335,0.4811090014333457,-4.600589092404363,1.0,1.0188103200136285,83.10760930995555,93.1977038460227,93.1977038460227,1,4,80.0,0,0.0,0.17584207466074533,0.44221435769003026,0,0.03248070237229784,0.5,807.5641339088979,0.0,61.38132470042134,0.8967945807698013,869.8422531900891,s0029,96,0.18662381999999994,0.15242721399400655,0.034196606005993356,0.0014248585835830564,0.0462195999659187,18.32381633062348,0.034196606005993606
7.174306269997402,805.7517147893913,0.3882967096012401,0.44065590531577914,0.4469382666771887,-4.90125117237141,1.0,1.0171563437625781,80.32810233032433,87.16786464853232,87.16786464853232,2,3,80.0,0,0.0,0.18060824387887883,0.4095761231853488,1,0.029399900729200134,0.5104166666666666,807.5641339088979,0.0,55.718631087314165,0.921102043782282,864.2038670399944,s0030,96,0.18662381999999994,0.15242721399400655,0.034196606005993356,0.0014248585835830564,0.0462195999659187,18.32381633062348,0.034196606005993606
7.26560503040813,814.4069424788476,0.4000927424306398,0.42974868452926973,0.4636945586595075,-7.211390026394528,1.0,1.0178993236520577,86.91241910176385,85.24223680569398,85.24223680569398,1,6,80.0,0,0.0,0.13320479026421628,0.4664673182502305,0,0.03317670398962464,0.46875,807.5641339088979,0.0,63.603687712096054,0.6793444303475027,871.8471660513416,s0031,96,0.18662381999999994,0.15242721399400655,0.034196606005993356,0.0014248585835830564,0.0462195999659187,18.32381633062348,0.034196606005993606
7.254898577511893,814.4046632043809,0.4026007169307315,0.35480042481164425,0.49848269766623204,-5.317190362255744,1.0,1.01884387674794,78.6460981190393,91.93823778625485,91.93823778625485,0,8,80.0,0,0.0,0.22977646617901445,0.4084894253899005,3,0.031964392940511566,0.5208333333333334,807.5641339088979,0.0,54.43875019735101,1.1718599775129726,863.174744083762,s0032,96,0.18662381999999994,0.15242721399400655,0.034196606005993356,0.0014248585835830564,0.0462195999659187,18.32381633062348,0.034196606005993606
7.081019448209636,796.0541853166379,0.41449519112854905,0.5217448536682484,0.4960483372704021,-4.963148542463075,1.0,1.018743488921116,79.0278996145164,92.35653434658128,92.35653434658128,0,7,80.0,0,0.0,0.1857071300673689,0.4434756840992934,0,0.03375211303647896,0.6041666666666666,807.5641339088979,0.0,59.26128555468391,0.9471063633435816,867.7725258269254,s0033,96,0.18662381999999994,0.15242721399400655,0.034196606005993356,0.0014248585835830564,0.0462195999659187,18.32381633062348,0.034196606005993606
7.266706140903359,816.4851360622652,0.4578482565995592,0.3771066162046294,0.523672690633583,-4.117430616414846,1.0,1.017418998287983,77.70157438211226,85.6011073371229,85.6011073371229,0,1,80.0,0,0.0,0.17138699978665814,0.47818134569315707,3,0.034179254674480374,0.4270833333333333,807.5641339088979,0.0,66.9453646670637,0.8740736989119566,875.3835722748736,s0034,96,0.18662381999999994,0.15242721399400655,0.034196606005993356,0.0014248585835830564,0.0462195999659187,18.32381633062348,0.034196606005993606
7.144441947502452,802.5068690183732,0.3804189562203805,0.36531640390938735,0.5518210726548499,-5.4820149777395395,1.0,1.0181542453858128,82.22484986602714,91.77799459780309,91.77799459780309,2,5,80.0,0,0.0,0.2201082763109079,0.4036040293571188,5,0.030421963248881887,0.53125,807.5641339088979,0.0,54.17526692736211,1.1225522091856301,862.8619530454457,s0035,96,0.18662381999999994,0.15242721399400655,0.034196606005993356,0.0014248585835830564,0.0462195999659187,18.32381633062348,0.034196606005993606
7.27512001437357,816.9793302360624,0.44075007242564057,0.3327922719080384,0.41049532172231473,-5.661471168101525,1.0,1.0198326409871898,79.46730536363457,98.50394620886081,98.50394620886081,0,1,80.0,0,0.0,0.13407694602261308,0.4452062066046051,2,0.030195333457799085,0.5,807.5641339088979,0.0,61.347522658768796,0.6837924247153262,869.595448992382,s0036,96,0.18662381999999994,0.15242721399400655,0.034196606005993356,0.0014248585835830564,0.0462195999659187,18.32381633062348,0.034196606005993606
7.094354517530347,797.137423753014,0.42609493213978616,0.4063663411821155,0.5726444239724725,-5.668242875047823,1.0,1.0201136559111867,101.6498054023522,99.6728406160472,99.6728406160472,5,6,80.0,0,0.0,0.16114703365637584,0.5088433202293602,3,0.03704042297778433,0.46875,807.5641339088979,0.0,70.58782463283505,0.8218498716475159,878.9738084133804,s0037,96,0.18662381999999994,0.15242721399400655,0.034196606005993356,0.0014248585835830564,0.0462195999659187,18.32381633062348,0.034196606005993606
7.122141967639703,800.2757829160075,0.4072239010869077,0.4042387267269136,0.4362386864566732,-5.107858468231691,1.0,1.0181374723845737,78.62417767151668,90.4296362593106,90.4296362593106,0,3,80.0,0,0.0,0.17473486017165774,0.4001696034307325,0,0.03008753654912526,0.5729166666666666,807.5641339088979,0.0,54.939243834798596,0.8911477868754545,863.394525530572,s0038,96,0.18662381999999994,0.15242721399400655,0.034196606005993356,0.0014248585835830564,0.0462195999659187,18.32381633062348,0.034196606005993606
7.279137642679535,817.9254777725207,0.4056814044840007,0.30499965646521937,0.4518389529559516,-3.7867495272313803,1.0,1.018661755617871,78.4523655532734,92.819875096702,92.819875096702,0,5,80.0,0,0.0,0.16230112448129816,0.37121071744936207,0,0.027188397923881225,0.4479166666666667,807.5641339088979,0.0,50.256711914024486,0.8277357348546205,858.648581557777,s0039,96,0.18662381999999994,0.15242721399400655,0.034196606005993356,0.0014248585835830564,0.0462195999659187,18.32381633062348,0.034196606005993606
7.177877059440258,807.9102596207781,0.3831718161907162,0.36296585387031866,0.5047680600261976,-4.736312721994894,1.0,1.017855903999565,87.96408367292601,87.70015130279415,87.70015130279415,2,4,80.0,0,0.0,0.18569322712986344,0.40862914487530116,2,0.029850607740633386,0.5208333333333334,807.5641339088979,0.0,56.34157356548616,0.9470354583623041,864.8527429327464,s0040,96,0.18662381999999994,0.15242721399400655,0.034196606005993356,0.0014248585835830564,0.0462195999659187,18.32381633062348,0.034196606005993606
7.120518345934267,801.5297693139603,0.4290881379015272,0.39551824486111176,0.4485443041769942,-4.415952346291088,1.0,1.0180649466950988,76.95880945754364,88.41057312335879,88.41057312335879,0,1,80.0,0,0.0,0.14180978591286933,0.4332685091627503,0,0.02928862602094402,0.5416666666666666,807.5641339088979,0.0,57.87857860325508,0.7232299081556336,866.1659424203086,s0041,96,0.18662381999999994,0.15242721399400655,0.034196606005993356,0.0014248585835830564,0.0462195999659187,18.32381633062348,0.034196606005993606
7.249077369977176,812.3963157417593,0.4087415377254624,0.328882778629296,0.44833326198382345,-5.7910728404467084,1.0,1.0188183852290646,83.39943723540219,93.22733079562747,93.22733079562747,1,5,80.0,0,0.0,0.17155546459111665,0.3755074877862442,1,0.02778677203108552,0.5104166666666666,807.5641339088979,0.0,50.68575555836837,0.8749328694146946,859.124822336681,s0042,96,0.18662381999999994,0.15242721399400655,0.034196606005993356,0.0014248585835830564,0.0462195999659187,18.32381633062348,0.034196606005993606
7.056879027102612,795.2569580231013,0.38139835945796435,0.41974188135092005,0.5228704337471278,-5.349792893041844,1.0,1.0177239927991404,87.5275043873725,87.91985074592759,87.91985074592759,1,4,80.0,0,0.0,0.20146783297543158,0.4406891134926692,2,0.030805515197829828,0.53125,807.5641339088979,0.0,59.765708085870706,1.027485948174701,868.3573279429434,s0043,96,0.18662381999999994,0.15242721399400655,0.034196606005993356,0.0014248585835830564,0.0462195999659187,18.32381633062348,0.034196606005993606
7.180045347403626,806.714871616167,0.376481248151032,0.3836546552197784,0.42410081810752753,-5.150536371832859,1.0,1.0179757147967943,79.99278862857821,88.5492876083579,88.5492876083579,0,8,80.0,0,0.0,0.19228553017916247,0.38329171514299903,4,0.031697216205922724,0.4791666666666667,807.5641339088979,0.0,52.979853433759295,0.9806562039137285,861.524643546571,s0044,96,0.18662381999999994,0.15242721399400655,0.034196606005993356,0.0014248585835830564,0.0462195999659187,18.32381633062348,0.034196606005993606
7.234565143363861,812.439939891839,0.39808239600882367,0.33312838711410103,0.42882815364012417,-4.70171070484754,1.0,1.017169168264105,78.3621662909489,82.75221634062781,82.75221634062781,0,6,80.0,0,0.0,0.17359259852445702,0.35142857842335695,0,0.025662536772051516,0.4375,807.5641339088979,0.0,47.685125032820466,0.8853222524747306,856.1345811941931,s0045,96,0.18662381999999994,0.15242721399400655,0.034196606005993356,0.0014248585835830564,0.0462195999659187,18.32381633062348,0.034196606005993606
7.296275963264,818.0033869590873,0.3739158455698246,0.32551210608791875,0.5475244328854025,-3.417660649388644,1.0,1.0186582122724799,79.18201178996945,93.38215453103089,93.38215453103089,0,7,80.0,0,0.0,0.21226851758420687,0.43236107907130206,4,0.032660054140963804,0.4479166666666667,807.5641339088979,0.0,57.67007797171022,1.0825694396794543,866.3167813202876,s0046,96,0.18662381999999994,0.15242721399400655,0.034196606005993356,0.0014248585835830564,0.0462195999659187,18.32381633062348,0.034196606005993606
7.165975271676782,805.9199978136471,0.4274119279067054,0.39929616965784975,0.5216067463505847,-5.930093057181833,1.0,1.0178530589019672,81.31781462173572,88.64832773644656,88.64832773644656,1,3,80.0,0,0.0,0.17820004894576633,0.42278978737487094,1,0.03038694581174893,0.5416666666666666,807.5641339088979,0.0,58.147464643550514,0.9088202496234081,866.6204188020719,s0047,96,0.18662381999999994,0.15242721399400655,0.034196606005993356,0.0014248585835830564,0.0462195999659187,18.32381633062348,0.034196606005993606
7.231103325962165,812.9654603905556,0.3893252472874726,0.38048763874148345,0.531111175691545,-5.160959872632794,1.0,1.0177769772999936,80.23508167806405,85.90025031832269,85.90025031832269,1,4,80.0,0,0.0,0.19328286175480378,0.4505693603850691,2,0.03266185057730015,0.4479166666666667,807.5641339088979,0.0,61.79184061901192,0.9857425949494993,870.3417171228593,s0048,96,0.18662381999999994,0.15242721399400655,0.034196606005993356,0.0014248585835830564,0.0462195999659187,18.32381633062348,0.034196606005993606
7.305523847581203,819.4966708355182,0.40859496697348957,0.38303494781702785,0.4805362723451947,-4.253916617400127,1.0,1.0174921815292681,80.36702996564942,86.54052896795676,86.54052896795676,1,4,80.0,0,0.0,0.16080309287741842,0.425343874969054,1,0.03091155590972086,0.5208333333333334,807.5641339088979,0.0,57.665316703674975,0.8200957736748336,866.0495463862477,s0049,96,0.18662381999999994,0.15242721399400655,0.034196606005993356,0.0014248585835830564,0.0462195999659187,18.32381633062348,0.034196606005993606
7.2727728178262225,815.3884789313325,0.38208971234345646,0.32836078554854076,0.4633950894212426,-6.621806558859061,1.0,1.018179051738043,80.23178619294303,88.38832444321612,88.38832444321612,1,6,80.0,0,0.0,0.15598734020433055,0.41288093494056677,1,0.030463130872048303,0.4895833333333333,807.5641339088979,0.0,55.85808230007017,0.7955354350420853,864.2177516440101,s0050,96,0.18662381999999994,0.15242721399400655,0.034196606005993356,0.0014248585835830564,0.0462195999659187,18.32381633062348,0.034196606005993606
7.266735272803942,815.0809069358129,0.37751886144073615,0.2861900583492692,0.37964625901847954,-4.846935409923556,1.0,1.0169975491498824,78.47755035998226,82.00015566963977,82.00015566963977,0,2,80.0,0,0.0,0.12604362815098158,0.3365904237683437,0,0.02404361618409763,0.4479166666666667,807.5641339088979,0.0,45.15009763020267,0.6428225035700061,853.3570540426706,s0051,96,0.18662381999999994,0.15242721399400655,0.034196606005993356,0.0014248585835830564,0.0462195999659187,18.32381633062348,0.034196606005993606
7.205281448815599,810.5696042302916,0.3847049641590235,0.3879287912539068,0.4804581037251195,-4.096962615541461,1.0,1.0170488873093269,80.35941638035146,87.02941883853445,87.02941883853445,1,1,80.0,0,0.0,0.15672777633386936,0.4021892315388299,2,0.027754296141276644,0.375,807.5641339088979,0.0,54.455527761094885,0.7993116593027342,862.8189733292955,s0052,96,0.18662381999999994,0.15242721399400655,0.034196606005993356,0.0014248585835830564,0.0462195999659187,18.32381633062348,0.034196606005993606
7.2199358418189,809.7742013494787,0.37715891237212396,0.43630257311228327,0.42392900360148844,-5.650472501856238,1.0,1.0194425132601432,79.47999741742629,96.34591085341363,96.34591085341363,0,4,80.0,0,0.0,0.1924470391662409,0.30387310902719966,3,0.025610647637172784,0.4375,807.5641339088979,0.0,41.79408786646248,0.9814798997478279,850.3397016751082,s0053,96,0.18662381999999994,0.15242721399400655,0.034196606005993356,0.0014248585835830564,0.0462195999659187,18.32381633062348,0.034196606005993606
7.198884123771414,808.8653632167834,0.373669688960498,0.3451412162695092,0.46519646610460297,-5.168515872957543,1.0,1.0172467936023137,88.55842880350005,84.9033258436649,84.9033258436649,1,3,80.0,0,0.0,0.16026715819687254,0.4198860545810009,1,0.03193079745769841,0.5625,807.5641339088979,0.0,57.983121991981385,0.8173625068040503,866.3646184076835,s0054,96,0.18662381999999994,0.15242721399400655,0.034196606005993356,0.0014248585835830564,0.0462195999659187,18.32381633062348,0.034196606005993606
7.065732170005385,795.4992897603224,0.438518671212965,0.39025397995146127,0.4640295623228843,-4.373412961944646,1.0,1.0177078598958578,87.27204641033649,87.75133492292018,87.75133492292018,1,2,80.0,0,0.0,0.16657230008561177,0.4014292666017088,1,0.030775496580113564,0.5208333333333334,807.5641339088979,0.0,55.38278477006325,0.8495187304366201,863.7964374093979,s0055,96,0.18662381999999994,0.15242721399400655,0.034196606005993356,0.0014248585835830564,0.0462195999659187,18.32381633062348,0.034196606005993606
7.2739747434541275,816.7144564179956,0.4196245038612827,0.3888502474535519,0.49178566652411737,-4.863896609718784,1.0,1.0183602243580572,84.41026764345048,91.80594759649628,91.80594759649628,1,4,80.0,0,0.0,0.19153431811357857,0.378274566005623,2,0.02854458836221266,0.4270833333333333,807.5641339088979,0.0,51.99444324186357,0.9768250223792506,860.5354021731407,s0056,96,0.18662381999999994,0.15242721399400655,0.034196606005993356,0.0014248585835830564,0.0462195999659187,18.32381633062348,0.034196606005993606
7.177034967460593,805.7748700973757,0.40135634836378165,0.4408781355330367,0.44290118191466576,-5.075171612679147,1.0,1.0189782626812847,80.42055253295092,93.75655310718851,93.75655310718851,1,4,80.0,0,0.0,0.16312008002068604,0.3452633280209383,0,0.02624124890040663,0.5,807.5641339088979,0.0,46.696631067823304,0.8319124081054985,855.0926773848267,s0057,96,0.18662381999999994,0.15242721399400655,0.034196606005993356,0.0014248585835830564,0.0462195999659187,18.32381633062348,0.034196606005993606
7.152212683046747,804.2261737486373,0.41636165983276285,0.36066297575448164,0.5150716489938543,-4.732395131310884,1.0,1.0194767856692297,81.9984579414004,97.4398925974454,97.4398925974454,4,6,80.0,0,0.0,0.18748991522221586,0.4209507231792088,2,0.03259284507599435,0.5520833333333334,807.5641339088979,0.0,57.283858900435305,0.9561985676333004,865.8041913769666,s0058,96,0.18662381999999994,0.15242721399400655,0.034196606005993356,0.0014248585835830564,0.0462195999659187,18.32381633062348,0.034196606005993606
7.1888214661857734,808.0575285338323,0.41615115634833766,0.37818975606083993,0.5192904040097224,-4.1430608409414065,1.0,1.0178021282795844,80.43283104074622,86.90958390178605,86.90958390178605,1,2,80.0,0,0.0,0.16767157977786687,0.47734043459952225,0,0.03306594174143946,0.59375,807.5641339088979,0.0,63.092122675479274,0.8551250568671209,871.5113816412443,s0059,96,0.18662381999999994,0.15242721399400655,0.034196606005993356,0.0014248585835830564,0.0462195999659187,18.32381633062348,0.034196606005993606
7.201645606029965,809.6338581105707,0.3988052286731102,0.42068058839543776,0.4895413322660027,-4.297349082164701,1.0,1.017950142808508,75.44744245853163,87.46104710070128,87.46104710070128,0,4,80.0,0,0.0,0.17606581389705606,0.46706116887022797,1,0.033192366744817646,0.4479166666666667,807.5641339088979,0.0,62.99363995945525,0.8979356508749861,871.4557095192281,s0060,96,0.18662381999999994,0.15242721399400655,0.034196606005993356,0.0014248585835830564,0.0462195999659187,18.32381633062348,0.034196606005993606
7.178217490114678,805.9277256904774,0.426247450708341,0.428198323716369,0.4617141360258452,-4.613770277007513,1.0,1.017496450014324,82.00832936377074,84.58258173661486,84.58258173661486,1,4,80.0,0,0.0,0.1668972780839396,0.35998641170591184,2,0.02713215740150216,0.4583333333333333,807.5641339088979,0.0,49.41818298238219,0.8511761182280914,857.8334930095082,s0061,96,0.18662381999999994,0.15242721399400655,0.034196606005993356,0.0014248585835830564,0.0462195999659187,18.32381633062348,0.034196606005993606
7.142695446711626,803.8248516523809,0.39886190059410936,0.3999940947048687,0.45877080863329206,-4.324915652647745,1.0,1.0179492100949996,83.87610710677144,86.86813808719891,86.86813808719891,2,5,80.0,0,0.0,0.174340431560531,0.4195095577896868,2,0.030119462685781178,0.5416666666666666,807.5641339088979,0.0,55.24192911528123,0.8891362009587086,863.6951992251378,s0062,96,0.18662381999999994,0.15242721399400655,0.034196606005993356,0.0014248585835830564,0.0462195999659187,18.32381633062348,0.034196606005993606
7.167173850920852,805.2606309064965,0.3885505366098968,0.4105900791135919,0.3790303831995628,-4.958022365209648,1.0,1.017435447008744,76.29205303892105,84.64684013517764,84.64684013517764,0,1,80.0,0,0.0,0.14284597184676603,0.36376787139398536,1,0.02854377918581995,0.5416666666666666,807.5641339088979,0.0,49.13590006131765,0.7285144564185068,857.428548426634,s0063,96,0.18662381999999994,0.15242721399400655,0.034196606005993356,0.0014248585835830564,0.0462195999659187,18.32381633062348,0.034196606005993606
7.150067625633608,802.6661072300202,0.38651844357696846,0.41935134998028145,0.4764034890659784,-3.5052026543713404,1.0,1.0184592241106647,81.07846548297422,91.26061254522936,91.26061254522936,1,2,80.0,0,0.0,0.1767180578044624,0.43629645467866074,2,0.03219048522243055,0.46875,807.5641339088979,0.0,59.37789063982687,0.901262094802758,867.8432866435276,s0064,96,0.18662381999999994,0.15242721399400655,0.034196606005993356,0.0014248585835830564,0.0462195999659187,18.32381633062348,0.034196606005993606
7.242229319592683,814.1056869923386,0.3980342233158421,0.36850059977035143,0.48128557091403085,-5.060435399719802,1.0,1.0182436545940698,77.62562576803687,88.34969717049316,88.34969717049316,0,4,80.0,0,0.0,0.19134017385440047,0.4190166650014992,0,0.030381305789803578,0.5,807.5641339088979,0.0,56.833921496509376,0.9758348866574424,865.3738902920647,s0065,96,0.18662381999999994,0.15242721399400655,0.034196606005993356,0.0014248585835830564,0.0462195999659187,18.32381633062348,0.034196606005993606
7.258902395955854,814.2313038832563,0.37542847127166457,0.36000470132391627,0.5102204819883804,-4.716530947250458,1.0,1.019122462452752,86.70542622543292,94.75938293030394,94.75938293030394,2,5,80.0,0,0.0,0.19151764587298092,0.3928019229746029,1,0.0300581515769189,0.4479166666666667,807.5641339088979,0.0,53.887987057449216,0.9767399939522026,862.4288609602993,s0066,96,0.18662381999999994,0.15242721399400655,0.034196606005993356,0.0014248585835830564,0.0462195999659187,18.32381633062348,0.034196606005993606
7.0594976812048875,793.8699639969346,0.37103795254154665,0.3468674752079173,0.4935747967918934,-3.150381779114209,1.0,1.017608530678317,81.57914732724599,87.586360318756,87.586360318756,2,5,80.0,0,0.0,0.20976477158981097,0.35553737411542574,2,0.026576123774608964,0.6041666666666666,807.5641339088979,0.0,48.132669786174525,1.069800335108036,856.7666040301806,s0067,96,0.18662381999999994,0.15242721399400655,0.034196606005993356,0.0014248585835830564,0.0462195999659187,18.32381633062348,0.034196606005993606
7.17289675366659,806.2869138847593,0.4023247438884774,0.3774655513237735,0.5177344736903581,-5.82467870489002,1.0,1.0200955638171314,87.2690272962156,101.17025272553524,101.17025272553524,1,7,80.0,0,0.0,0.18796900427881066,0.4011229575305461,3,0.03125861967937566,0.5208333333333334,807.5641339088979,0.0,55.46611164474305,0.958641921821934,863.9888874754629,s0068,96,0.18662381999999994,0.15242721399400655,0.034196606005993356,0.0014248585835830564,0.0462195999659187,18.32381633062348,0.034196606005993606
7.327785696616753,822.0162351551159,0.396111093687587,0.36013572661152404,0.48282617904304315,-4.96428150991026,1.0,1.017860560040817,80.68899028574702,86.91856450075134,86.91856450075134,1,1,80.0,0,0.0,0.16907241044200014,0.3937977760459235,1,0.02928748394116115,0.3958333333333333,807.5641339088979,0.0,53.82658077608392,0.8622692932542003,862.252983978236,s0069,96,0.18662381999999994,0.15242721399400655,0.034196606005993356,0.0014248585835830564,0.0462195999659187,18.32381633062348,0.034196606005993606
7.157686843736822,804.9762302794766,0.4281781903952938,0.40304930670354633,0.4953519909325109,-4.807995580082694,1.0,1.01806145721106,83.33272343624708,87.85752117699627,87.85752117699627,1,4,80.0,0,0.0,0.16833338901911027,0.39326643600907984,2,0.028919454035556933,0.53125,807.5641339088979,0.0,53.12318787186365,0.8585002839974624,861.545822064759,s0070,96,0.18662381999999994,0.15242721399400655,0.034196606005993356,0.0014248585835830564,0.0462195999659187,18.32381633062348,0.034196606005993606
7.119991670505978,799.7234302400948,0.40185050667455635,0.38400234598907046,0.4888723175422808,-4.368094417186526,1.0,1.01919143745568,82.15212378798947,96.68764999545483,96.68764999545483,4,4,80.0,0,0.0,0.18753898853486492,0.3906405879213156,2,0.029421914759049463,0.5104166666666666,807.5641339088979,0.0,52.495562458679544,0.9564488415278111,861.0161452091053,s0071,96,0.18662381999999994,0.15242721399400655,0.034196606005993356,0.0014248585835830564,0.0462195999659187,18.32381633062348,0.034196606005993606
7.186945429126064,807.2225894342108,0.3760039940182696,0.4068265795818437,0.4185295274344227,-4.959659125868263,1.0,1.0186107582647737,78.78709103658869,91.90426156687687,91.90426156687687,0,5,80.0,0,0.0,0.15415855560625108,0.38386546145075773,1,0.028383553310513288,0.53125,807.5641339088979,0.0,53.08060942957897,0.7862086335918808,861.4309519720688,s0072,96,0.18662381999999994,0.15242721399400655,0.034196606005993356,0.0014248585835830564,0.0462195999659187,18.32381633062348,0.034196606005993606
7.075933948275779,796.8848418218795,0.3729965373179182,0.41024873707577353,0.44388491403501257,-4.70059447258464,1.0,1.0178838388773939,82.29235832763759,88.83848228403741,88.83848228403741,1,3,80.0,0,0.0,0.1309815839795579,0.3690942550177546,0,0.026590372188138197,0.5625,807.5641339088979,0.0,50.234395264386,0.6680060782957455,858.4665352515797,s0073,96,0.18662381999999994,0.15242721399400655,0.034196606005993356,0.0014248585835830564,0.0462195999659187,18.32381633062348,0.034196606005993606
7.17879460135122,806.095720067967,0.40006308735047535,0.4025361983535534,0.4769119613505891,-4.783215913028433,1.0,1.017953181355656,84.65187073323803,90.76608138733874,90.76608138733874,3,4,80.0,0,0.0,0.19731791594766576,0.4385908738093643,2,0.03478341333526978,0.4479166666666667,807.5641339088979,0.0,59.34747882646089,1.0063213713330952,867.917934106692,s0074,96,0.18662381999999994,0.15242721399400655,0.034196606005993356,0.0014248585835830564,0.0462195999659187,18.32381633062348,0.034196606005993606
7.120263509803165,800.6193936642683,0.37749216263172275,0.4150705939156239,0.45003757456089577,-3.1064875077090406,1.0,1.0183313315831968,77.92083384508328,92.07869342420341,92.07869342420341,0,3,80.0,0,0.0,0.16927035812666305,0.35491212582948395,2,0.025996701435538883,0.5104166666666666,807.5641339088979,0.0,47.872616949910636,0.8632788264459814,856.3000296852545,s0075,96,0.18662381999999994,0.15242721399400655,0.034196606005993356,0.0014248585835830564,0.0462195999659187,18.32381633062348,0.034196606005993606
7.231790443351178,810.5075994983987,0.3856936113909213,0.3717429576181047,0.4396765396867621,-5.98031070225461,1.0,1.0182688918140759,82.79356925662516,89.27083242798025,89.27083242798025,1,4,80.0,0,0.0,0.142058555590207,0.4048589674936768,1,0.030150574191361898,0.4479166666666667,807.5641339088979,0.0,54.95538192528033,0.7244986335100557,863.2440144676883,s0076,96,0.18662381999999994,0.15242721399400655,0.034196606005993356,0.0014248585835830564,0.0462195999659187,18.32381633062348,0.034196606005993606
7.169426153347158,806.5260372099331,0.41590518505001295,0.3957207589012963,0.4789839447347034,-3.8040323580299997,1.0,1.0169959988528279,77.91984321992754,85.59206834675045,85.59206834675045,0,2,80.0,0,0.0,0.16400416690977795,0.4158121180990081,2,0.028829208510940885,0.5208333333333334,807.5641339088979,0.0,56.984279929678124,0.8364212512398673,865.3848350898159,s0077,96,0.18662381999999994,0.15242721399400655,0.034196606005993356,0.0014248585835830564,0.0462195999659187,18.32381633062348,0.034196606005993606
7.181157106073531,806.7293540714307,0.374264461582981,0.4528251609125165,0.4334724560983647,-6.178150250059556,1.0,1.0181137906583264,80.24149859180723,88.8398462573605,88.8398462573605,1,6,80.0,0,0.0,0.18796586597463383,0.3495443449558953,2,0.028026910041631412,0.4791666666666667,807.5641339088979,0.0,48.08151391755867,0.9586259164706326,856.6042737429273,s0078,96,0.18662381999999994,0.15242721399400655,0.034196606005993356,0.0014248585835830564,0.0462195999659187,18.32381633062348,0.034196606005993606
7.1832244331460995,806.8282551591453,0.3947985726459885,0.4378557105223171,0.4711437352791368,-5.324362406782662,1.0,1.0164861237848433,79.2039757886575,81.50900639053924,81.50900639053924,0,2,80.0,0,0.0,0.17745296122797682,0.3819654983938551,3,0.029908684821885193,0.4583333333333333,807.5641339088979,0.0,51.835199543933925,0.9050101022626819,860.3043435550945,s0079,96,0.18662381999999994,0.15242721399400655,0.034196606005993356,0.0014248585835830564,0.0462195999659187,18.32381633062348,0.034196606005993606
7.143477729247469,803.8166925580533,0.3770714715628476,0.33265528360982366,0.4490113165813333,-7.352642975731638,1.0,1.0200888478286012,84.87878517942126,100.4739380563612,100.4739380563612,3,6,80.0,0,0.0,0.16481534925241223,0.37838279925450746,1,0.02748523398733003,0.5416666666666666,807.5641339088979,0.0,51.510846397163704,0.8405582811873024,859.915538587249,s0080,96,0.18662381999999994,0.15242721399400655,0.034196606005993356,0.0014248585835830564,0.0462195999659187,18.32381633062348,0.034196606005993606
7.213447183728932,809.2930732688442,0.40390711447861755,0.3720512768133612,0.4659118810951677,-6.220566065858367,1.0,1.0196582468474207,84.44248729203395,97.415326559714,97.415326559714,2,5,80.0,0,0.0,0.15963594743683399,0.40719957784612726,1,0.03291992699491294,0.4479166666666667,807.5641339088979,0.0,54.782855840189484,0.8141433319278532,863.1611330810154,s0081,96,0.18662381999999994,0.15242721399400655,0.034196606005993356,0.0014248585835830564,0.0462195999659187,18.32381633062348,0.034196606005993606
7.108907183943792,798.5560843823322,0.4019182171071517,0.41120148657720423,0.4709875000518534,-1.5228162496796172,1.0,1.0158833361672848,84.3329065037516,77.96936152341704,77.96936152341704,1,0,80.0,0,0.0,0.1692183339149905,0.4031887888119363,2,0.030019701593305387,0.53125,807.5641339088979,0.0,54.98914977420245,0.8630135029664521,863.4162971860668,s0082,96,0.18662381999999994,0.15242721399400655,0.034196606005993356,0.0014248585835830564,0.0462195999659187,18.32381633062348,0.034196606005993606
7.137442610745193,801.8877112348266,0.41242537466800117,0.31928720758503903,0.5668943144488665,-4.7262005092496056,1.0,1.0183901051231483,86.46714043841078,93.43940695664288,93.43940695664288,4,4,80.0,0,0.0,0.17969730896975744,0.4633589430161127,4,0.033003764859617764,0.5520833333333334,807.5641339088979,0.0,62.2666120915793,0.9164562757457627,870.747202276223,s0083,96,0.18662381999999994,0.15242721399400655,0.034196606005993356,0.0014248585835830564,0.0462195999659187,18.32381633062348,0.034196606005993606
7.1704047375714595,806.7342164883871,0.3885280167035393,0.34202618190858874,0.5204143202288043,-4.933872584679041,1.0,1.0184371108560666,83.33373064637237,91.06748913019874,91.06748913019874,3,8,80.0,0,0.0,0.19677244258030918,0.44477200292589303,3,0.03408724216992414,0.5625,807.5641339088979,0.0,60.57374930410975,1.003539457159577,869.1414226701672,s0084,96,0.18662381999999994,0.15242721399400655,0.034196606005993356,0.0014248585835830564,0.0462195999659187,18.32381633062348,0.034196606005993606
7.227474718214564,811.6487625939624,0.40475318541443783,0.38375546101862634,0.4441457992333078,-5.063443910408758,1.0,1.0199123444003977,82.38416002211335,99.17981802763724,99.17981802763724,2,6,80.0,0,0.0,0.18080083027462618,0.3243983829328322,1,0.026594756873592456,0.46875,807.5641339088979,0.0,44.13835050321688,0.9220842344005938,852.6245686465154,s0085,96,0.18662381999999994,0.15242721399400655,0.034196606005993356,0.0014248585835830564,0.0462195999659187,18.32381633062348,0.034196606005993606
7.167652941798869,804.2801545607747,0.3872593815799362,0.4153215647962411,0.4900957486534821,-4.988023253407229,1.0,1.0162855559435622,100.18431848452198,80.5839178761223,80.5839178761223,1,1,80.0,0,0.0,0.14945551524289818,0.46445787247481424,0,0.03638145788751868,0.4583333333333333,807.5641339088979,0.0,64.01125012431626,0.7622231277387809,872.337607160953,s0086,96,0.18662381999999994,0.15242721399400655,0.034196606005993356,0.0014248585835830564,0.0462195999659187,18.32381633062348,0.034196606005993606
7.364043894070887,827.7286990405682,0.4026209266725598,0.32440811442863815,0.5218536727575125,-5.0937783787485555,1.0,1.019017987787524,82.47195158115863,93.99360834592572,93.99360834592572,1,4,80.0,0,0.0,0.18127574085106335,0.4405641102996277,6,0.03173585166295168,0.40625,807.5641339088979,0.0,61.581670972356584,0.9245062783404226,870.070311159595,s0087,96,0.18662381999999994,0.15242721399400655,0.034196606005993356,0.0014248585835830564,0.0462195999659187,18.32381633062348,0.034196606005993606
7.139664040588839,801.9195325430921,0.39750475560626897,0.4303601135886804,0.5126295317067797,-4.753324384194601,1.0,1.0172823648944398,81.32862339418251,85.62412437627142,85.62412437627142,1,4,80.0,0,0.0,0.15874485753478643,0.4678118983546532,1,0.03170502336430012,0.5104166666666666,807.5641339088979,0.0,63.07061358645045,0.8095987734274108,871.4443462687758,s0088,96,0.18662381999999994,0.15242721399400655,0.034196606005993356,0.0014248585835830564,0.0462195999659187,18.32381633062348,0.034196606005993606
7.056715871459181,794.1007775512835,0.4214714619534088,0.368048449798022,0.5437805706953489,-4.830605554166211,1.0,1.023211395289137,121.80388688626647,113.59845912488969,113.59845912488969,4,5,80.0,0,0.0,0.13970239950263277,0.48486414045691706,0,0.04219804158200606,0.4791666666666667,807.5641339088979,0.0,66.32058193231674,0.7124822374634273,874.597198078678,s0089,96,0.18662381999999994,0.15242721399400655,0.034196606005993356,0.0014248585835830564,0.0462195999659187,18.32381633062348,0.034196606005993606
7.272606985946411,816.112448145575,0.43951507927180694,0.327085425127187,0.4884522662412079,-4.857437928925303,1.0,1.0168804738309005,84.32142789856141,81.6116322205938,81.6116322205938,1,2,80.0,0,0.0,0.1272726967882229,0.4452915374601124,1,0.0289899223088634,0.4791666666666667,807.5641339088979,0.0,60.8330656349414,0.6490907536199364,869.0462902974592,s0090,96,0.18662381999999994,0.15242721399400655,0.034196606005993356,0.0014248585835830564,0.0462195999659187,18.32381633062348,0.034196606005993606
7.198085567040115,807.8949530462238,0.37900675053224864,0.3669764183016334,0.4413301386423236,-4.495392758790541,1.0,1.018931617003563,86.44862462116387,96.12364390805362,96.12364390805362,1,2,80.0,0,0.0,0.16019434057224008,0.3400915987485529,2,0.0247142534249455,0.5416666666666666,807.5641339088979,0.0,45.91386798403111,0.816991136918424,854.2949930298474,s0091,96,0.18662381999999994,0.15242721399400655,0.034196606005993356,0.0014248585835830564,0.0462195999659187,18.32381633062348,0.034196606005993606
7.205154495373071,810.0761540323559,0.40617645797474927,0.3792852032981913,0.4366767618577071,-4.545622517829822,1.0,1.0172988955063786,79.49955392361365,83.83922682308317,83.83922682308317,0,2,80.0,0,0.0,0.1495806012047807,0.4106785230482162,0,0.028385366751904593,0.5208333333333334,807.5641339088979,0.0,56.8801942985873,0.762861066144382,865.2071892736296,s0092,96,0.18662381999999994,0.15242721399400655,0.034196606005993356,0.0014248585835830564,0.0462195999659187,18.32381633062348,0.034196606005993606
7.208133961726726,810.2642700203447,0.389952538490852,0.4020141088241821,0.5479839426219791,-4.706624144568814,1.0,1.0196026714986133,81.63200930921293,97.504625317952,97.504625317952,3,4,80.0,0,0.0,0.19921888847223346,0.4509628465037,5,0.03374464140403197,0.5208333333333334,807.5641339088979,0.0,61.38825749021525,1.01601633120839,869.9684077303215,s0093,96,0.18662381999999994,0.15242721399400655,0.034196606005993356,0.0014248585835830564,0.0462195999659187,18.32381633062348,0.034196606005993606
7.217927105212887,809.8964359975614,0.39177322267795706,0.38931222608953486,0.4881869232938131,-4.3882208318253255,1.0,1.0161388918136245,79.00830547546673,80.3785160404687,80.3785160404687,0,1,80.0,0,0.0,0.1557736662648191,0.38731565137251045,3,0.027275278985696174,0.4479166666666667,807.5641339088979,0.0,51.00748396231288,0.794445697950577,859.3660635691614,s0094,96,0.18662381999999994,0.15242721399400655,0.034196606005993356,0.0014248585835830564,0.0462195999659187,18.32381633062348,0.034196606005993606
7.141880180466497,803.4541255749514,0.39633032548423125,0.3483441450159056,0.48206406338151897,-5.074240527852363,1.0,1.018231631772851,82.76358593654429,89.50396440008927,89.50396440008927,1,3,80.0,0,0.0,0.1575559999517612,0.3771264321886741,0,0.02678439027098839,0.5104166666666666,807.5641339088979,0.0,51.259689774257254,0.8035355997539824,859.6273592829092,s0095,96,0.18662381999999994,0.15242721399400655,0.034196606005993356,0.0014248585835830564,0.0462195999659187,18.32381633062348,0.034196606005993606
7.2676180670325365,816.5738724415447,0.3950114818955449,0.36777808197566086,0.45499669664134457,-5.008857544007431,1.0,1.018053224967905,81.69464862527292,88.4355854850787,88.4355854850787,1,6,80.0,0,0.0,0.16128223279485335,0.34093615835666247,1,0.025398609592707205,0.5,807.5641339088979,0.0,45.80707132954103,0.8225393872537523,854.1937446256927,s0096,96,0.18662381999999994,0.15242721399400655,0.034196606005993356,0.0014248585835830564,0.0462195999659187,18.32381633062348,0.034196606005993606
7.1970838580100835,809.1966814447685,0.3879649505520548,0.36097197549209215,0.49533804912111057,-4.780137817665728,1.0,1.0195447202982617,83.89211885410387,96.383198010454,96.383198010454,1,5,80.0,0,0.0,0.17432134314254025,0.3966832174739292,3,0.028916982044781214,0.5104166666666666,807.5641339088979,0.0,52.68350228372364,0.8890388500269549,861.1366750426486,s0097,96,0.18662381999999994,0.15242721399400655,0.034196606005993356,0.0014248585835830564,0.0462195999659187,18.32381633062348,0.034196606005993606
7.226818940531614,810.8748818683207,0.39547372714591444,0.3292395109845263,0.4765836489995473,-4.957734125253019,1.0,1.0179715755067873,82.64425175192372,89.40467745720521,89.40467745720521,2,2,80.0,0,0.0,0.15947570086905807,0.37363852925038826,2,0.02780176490331038,0.5104166666666666,807.5641339088979,0.0,49.721455603619354,0.8133260744321958,858.0989155869495,s0098,96,0.18662381999999994,0.15242721399400655,0.034196606005993356,0.0014248585835830564,0.0462195999659187,18.32381633062348,0.034196606005993606
7.167413428475309,803.8095498674719,0.3899831571217816,0.4134097321289162,0.5109325633209536,-5.527972206813568,1.0,1.0210854988365683,82.65329147646156,104.71450241257428,104.71450241257428,3,6,80.0,0,0.0,0.17830928787891615,0.41379978444181703,2,0.03021745294157849,0.5208333333333334,807.5641339088979,0.0,56.76225199844812,0.909377368182472,865.2357632755286,s0099,96,0.18662381999999994,0.15242721399400655,0.034196606005993356,0.0014248585835830564,0.0462195999659187,18.32381633062348,0.034196606005993606
7.126312860701108,799.6742543402368,0.3811371062269884,0.3888571999017223,0.5124965004122479,-2.205325152580325,1.0,1.0167022375109165,80.2380553325995,85.68256369915404,85.68256369915404,2,2,80.0,0,0.0,0.19446206732296523,0.4465671016904932,5,0.03363859574902196,0.6041666666666666,807.5641339088979,0.0,60.99249823352048,0.9917565433471224,869.5483886857655,s0100,96,0.18662381999999994,0.15242721399400655,0.034196606005993356,0.0014248585835830564,0.0462195999659187,18.32381633062348,0.034196606005993606
7.163514288948197,805.9391104289089,0.443055842103514,0.4319802707341407,0.49496642587989476,-5.027055378053991,1.0,1.0180805070558003,79.98297938298914,87.35776819735511,87.35776819735511,0,3,80.0,0,0.0,0.16581057054565673,0.4454185887698764,0,0.031527771256312564,0.4895833333333333,807.5641339088979,0.0,60.72619479426927,0.8456339097828494,869.13596261295,s0101,96,0.18662381999999994,0.15242721399400655,0.034196606005993356,0.0014248585835830564,0.0462195999659187,18.32381633062348,0.034196606005993606
7.2734228532349405,816.64356943032,0.40076691625220084,0.35909321546130624,0.4543860020621478,-4.947806473725116,1.0,1.017695064870381,78.53507983858668,85.51586612886413,85.51586612886413,0,3,80.0,0,0.0,0.16968843481539247,0.43121164214167096,1,0.030300825504134286,0.46875,807.5641339088979,0.0,59.25307654955705,0.8654110175585014,867.6826214760134,s0102,96,0.18662381999999994,0.15242721399400655,0.034196606005993356,0.0014248585835830564,0.0462195999659187,18.32381633062348,0.034196606005993606
7.245716815601742,814.4234295358692,0.3914157531585822,0.34672908521166035,0.42512547239533,-4.198571622747926,1.0,1.0188806660017726,80.40128735250181,95.14714656370968,95.14714656370968,1,3,80.0,0,0.0,0.18441351479625348,0.33240619219535494,3,0.025598243227267264,0.4479166666666667,807.5641339088979,0.0,45.69936508214796,0.9405089254608928,854.2040079165068,s0103,96,0.18662381999999994,0.15242721399400655,0.034196606005993356,0.0014248585835830564,0.0462195999659187,18.32381633062348,0.034196606005993606
7.18843410012873,807.4751450727581,0.3833925473332496,0.3780604920751322,0.4822117059137925,-3.993454151752342,1.0,1.0167998298043242,79.35718467756003,85.71795731378394,85.71795731378394,0,3,80.0,0,0.0,0.1592875329725929,0.343112431406034,3,0.02579305577857725,0.4791666666666667,807.5641339088979,0.0,48.139031025949976,0.8123664181602238,856.5155313530081,s0104,96,0.18662381999999994,0.15242721399400655,0.034196606005993356,0.0014248585835830564,0.0462195999659187,18.32381633062348,0.034196606005993606
7.21707926269994,810.8128407128033,0.37951297471750955,0.3207881412171777,0.5242066816592921,-4.99777222399945,1.0,1.0196169673744153,83.48446128936162,97.43482805484417,97.43482805484417,2,8,80.0,0,0.0,0.21469120367552477,0.45118538594220986,3,0.03489210085496603,0.5104166666666666,807.5641339088979,0.0,62.17173847675547,1.0949251387451757,870.8307975243986,s0105,96,0.18662381999999994,0.15242721399400655,0.034196606005993356,0.0014248585835830564,0.0462195999659187,18.32381633062348,0.034196606005993606
7.13829614340148,803.3385163635626,0.4050511719941414,0.39052226780603383,0.46742274509250453,-3.6983587244655443,1.0,1.0182991821931342,83.56380089479846,90.62525024966604,90.62525024966604,2,2,80.0,0,0.0,0.1543297119979411,0.3956133761141536,0,0.027045603148037212,0.5416666666666666,807.5641339088979,0.0,53.55420110071423,0.7870815311894995,861.9054165408016,s0106,96,0.18662381999999994,0.15242721399400655,0.034196606005993356,0.0014248585835830564,0.0462195999659187,18.32381633062348,0.034196606005993606
7.142302945143907,801.4302088918396,0.3965880061180398,0.4556110248125767,0.49324275460883776,-4.90038986868296,1.0,1.0176102890112404,78.97534047894084,85.40153020169198,85.40153020169198,0,3,80.0,0,0.0,0.1667139916674687,0.46869024963400113,1,0.03371039221783861,0.5,807.5641339088979,0.0,63.60007835053443,0.8502413575040906,872.0144536169364,s0107,96,0.18662381999999994,0.15242721399400655,0.034196606005993356,0.0014248585835830564,0.0462195999659187,18.32381633062348,0.034196606005993606
7.321507772009638,822.3552737239046,0.4469047213059071,0.35036567424471654,0.54919593688903,-4.051166691449684,1.0,1.016546686541482,79.17753616646979,79.25826513817408,79.25826513817408,0,0,80.0,0,0.0,0.15991090364135402,0.4851382183406895,3,0.03207913205313809,0.4583333333333333,807.5641339088979,0.0,66.71662460798666,0.8155456085709052,875.0963041254555,s0108,96,0.18662381999999994,0.15242721399400655,0.034196606005993356,0.0014248585835830564,0.0462195999659187,18.32381633062348,0.034196606005993606
7.177741454447846,806.8367348110219,0.38589191206115553,0.34649071687176924,0.4907877724649427,-4.9069378132241175,1.0,1.018443111454366,82.86711059132966,90.5264583271215,90.5264583271215,1,8,80.0,0,0.0,0.2208498835110342,0.3626160983011596,2,0.027553653861932797,0.5104166666666666,807.5641339088979,0.0,48.49877832334774,1.126334405906275,857.189246638152,s0109,96,0.18662381999999994,0.15242721399400655,0.034196606005993356,0.0014248585835830564,0.0462195999659187,18.32381633062348,0.034196606005993606
7.2523200384712965,815.1985831412715,0.38712604792128635,0.34325598760497933,0.5455809013694877,-4.160168266287434,1.0,1.0187706798359266,81.58539679729782,92.89480727697399,92.89480727697399,2,5,80.0,0,0.0,0.20638561060613522,0.44836749281634747,3,0.0322306144099531,0.5,807.5641339088979,0.0,61.85447399255749,1.0525666140912886,870.4711745155466,s0110,96,0.18662381999999994,0.15242721399400655,0.034196606005993356,0.0014248585835830564,0.0462195999659187,18.32381633062348,0.034196606005993606
7.168170081143238,806.4195434262144,0.44944490560040923,0.38899199671854423,0.5116842129032007,-5.410689809268324,1.0,1.01800325190836,80.97425212147338,87.15503084564867,87.15503084564867,2,2,80.0,0,0.0,0.2034563128453872,0.4126029708742987,4,0.029985030710016024,0.5208333333333334,807.5641339088979,0.0,56.81071343860001,1.037627195511474,865.4124745430095,s0111,96,0.18662381999999994,0.15242721399400655,0.034196606005993356,0.0014248585835830564,0.0462195999659187,18.32381633062348,0.034196606005993606
7.1794316745235465,806.84556680977,0.39121642364077003,0.3887216546700051,0.5282652939171506,-5.1703056371562575,1.0,1.0183852829528728,85.26780528031843,93.65375599306842,93.65375599306842,3,8,80.0,0,0.0,0.17686289933345278,0.3914988871122326,2,0.02881583544247899,0.5,807.5641339088979,0.0,53.23920892859528,0.9020007866006092,861.7053436240939,s0112,96,0.18662381999999994,0.15242721399400655,0.034196606005993356,0.0014248585835830564,0.0462195999659187,18.32381633062348,0.034196606005993606
7.116991489119475,800.2280378818896,0.3848838536490003,0.4403342943696369,0.5244259188689506,-2.5998683622509984,1.0,1.0175970817206592,81.63729832226821,88.69519880012051,88.69519880012051,1,3,80.0,0,0.0,0.1800131267364913,0.39470459008427516,1,0.026833636807007465,0.53125,807.5641339088979,0.0,52.4819888733276,0.9180669463561058,860.9641897285817,s0113,96,0.18662381999999994,0.15242721399400655,0.034196606005993356,0.0014248585835830564,0.0462195999659187,18.32381633062348,0.034196606005993606
7.179623420365225,807.0059397259763,0.40129412526309055,0.43082304833809604,0.4885969502759063,-4.795738470065099,1.0,1.0166820265994934,78.11554260550976,83.86130762572836,83.86130762572836,0,2,80.0,0,0.0,0.14977463103843353,0.47599563198494943,3,0.03249006598496781,0.4895833333333333,807.5641339088979,0.0,65.22800980693786,0.7638506182960112,873.5559943341318,s0114,96,0.18662381999999994,0.15242721399400655,0.034196606005993356,0.0014248585835830564,0.0462195999659187,18.32381633062348,0.034196606005993606
7.183932430347612,807.206572058194,0.3723438015024353,0.3672144248247984,0.47602365851272377,-6.4518554300513316,1.0,1.0172380676954507,78.95806122001791,82.77550655336279,82.77550655336279,0,2,80.0,0,0.0,0.17404777184934203,0.40841986526508156,0,0.03070376863533319,0.53125,807.5641339088979,0.0,55.304467962582265,0.8876436364316443,863.7562455079119,s0115,96,0.18662381999999994,0.15242721399400655,0.034196606005993356,0.0014248585835830564,0.0462195999659187,18.32381633062348,0.034196606005993606
7.09002786582186,795.9647517530714,0.39174513508192554,0.4139796551124714,0.4582596524763811,-5.353868113836138,1.0,1.018259344483428,81.90023212690602,91.15846124076906,91.15846124076906,1,3,80.0,0,0.0,0.165074620335644,0.40496853496280766,2,0.030218283978238707,0.5,807.5641339088979,0.0,54.82915606768796,0.8418805637117839,863.2351705402978,s0116,96,0.18662381999999994,0.15242721399400655,0.034196606005993356,0.0014248585835830564,0.0462195999659187,18.32381633062348,0.034196606005993606
7.151634496001317,802.2755900830614,0.4441734555235216,0.4093647413732312,0.5756958462022859,-4.172999504603485,1.0,1.0180367013737845,80.15861145648536,88.35570955878084,88.35570955878084,1,6,80.0,0,0.0,0.22480083332073134,0.48290379334585937,4,0.03732285183238245,0.5520833333333334,807.5641339088979,0.0,67.04549212367729,1.1464842499357288,875.7561102825109,s0117,96,0.18662381999999994,0.15242721399400655,0.034196606005993356,0.0014248585835830564,0.0462195999659187,18.32381633062348,0.034196606005993606
7.153996227050078,804.5749788844776,0.4076493123142202,0.418995464505188,0.4726715263060127,-4.271397212489392,1.0,1.0193563575187927,82.0007242188391,95.7107563517398,95.7107563517398,2,1,80.0,0,0.0,0.155968230416001,0.3702171930109285,3,0.026759935000676468,0.4791666666666667,807.5641339088979,0.0,50.722071250418836,0.7954379751216051,859.0816431344383,s0118,96,0.18662381999999994,0.15242721399400655,0.034196606005993356,0.0014248585835830564,0.0462195999659187,18.32381633062348,0.034196606005993606
7.215151749781365,811.1048679669908,0.4097137674674884,0.33856099329223444,0.4360963367827157,-4.580737609978762,1.0,1.0191411731633642,78.17856479406332,95.35704100012644,95.35704100012644,0,4,80.0,0,0.0,0.16866647968391404,0.36527031342219807,1,0.027384897710885727,0.4895833333333333,807.5641339088979,0.0,49.81497406902392,0.8601990463879615,858.2393070243098,s0119,96,0.18662381999999994,0.15242721399400655,0.034196606005993356,0.0014248585835830564,0.0462195999659187,18.32381633062348,0.034196606005993606
7.203234949380069,809.6538354473967,0.38679714157190437,0.39111000485664216,0.49175867047078203,-4.905591274387541,1.0,1.0170131579891515,86.48251052503147,82.84602919965873,82.84602919965873,3,1,80.0,0,0.0,0.1597230979156933,0.41247715730606943,1,0.030012921335086765,0.40625,807.5641339088979,0.0,56.88362260448148,0.8145877993700353,865.2623443127495,s0120,96,0.18662381999999994,0.15242721399400655,0.034196606005993356,0.0014248585835830564,0.0462195999659187,18.32381633062348,0.034196606005993606
7.17479285232011,806.405344374688,0.4498966823535238,0.3985912229554409,0.5180633288281742,-5.4829254732053565,1.0,1.0183081898732644,80.69102861372136,89.73733929708055,89.73733929708055,1,4,80.0,0,0.0,0.16575949658339265,0.4390881045842575,2,0.030557535951809964,0.4583333333333333,807.5641339088979,0.0,59.78632391793102,0.8453734325753027,868.1958312594043,s0121,96,0.18662381999999994,0.15242721399400655,0.034196606005993356,0.0014248585835830564,0.0462195999659187,18.32381633062348,0.034196606005993606
7.0897638861099965,798.3861665685263,0.4533922358519836,0.4563149175842607,0.5072903937054267,-5.500693783307078,1.0,1.0182785012117315,80.21228134960663,89.26243761369065,89.26243761369065,1,2,80.0,0,0.0,0.18134001443977577,0.4483762001957957,2,0.03493082438031014,0.5416666666666666,807.5641339088979,0.0,61.91715335161342,0.9248340736428562,870.4061213341542,s0122,96,0.18662381999999994,0.15242721399400655,0.034196606005993356,0.0014248585835830564,0.0462195999659187,18.32381633062348,0.034196606005993606
7.270864327335914,815.5509191842531,0.42954506992144104,0.3694460276196593,0.4501623085706517,-4.342782976714316,1.0,1.0182525485390899,76.73381405854485,89.30254651243548,89.30254651243548,0,5,80.0,0,0.0,0.17533494358411236,0.31291175422054995,3,0.02522555163062443,0.4166666666666667,807.5641339088979,0.0,42.4768098329403,0.894208212278973,850.9351519541171,s0123,96,0.18662381999999994,0.15242721399400655,0.034196606005993356,0.0014248585835830564,0.0462195999659187,18.32381633062348,0.034196606005993606
7.347482157217232,824.2525256596992,0.45048791683669304,0.29234421370617514,0.42671815636596433,-4.478706389808525,1.0,1.0180267769237037,80.75870492943626,91.30045240770677,91.30045240770677,1,2,80.0,0,0.0,0.14332554278465431,0.38831672102127596,1,0.030505827512123957,0.46875,807.5641339088979,0.0,52.99644487648506,0.7309602682017371,861.2915390535848,s0124,96,0.18662381999999994,0.15242721399400655,0.034196606005993356,0.0014248585835830564,0.0462195999659187,18.32381633062348,0.034196606005993606
7.200618892252329,808.1291868971163,0.4385483892677616,0.40693659916159886,0.4658108239547767,-3.339238371719924,1.0,1.018798402374999,80.97163171494945,92.5630649077401,92.5630649077401,1,4,80.0,0,0.0,0.16029521985821046,0.4053474416921388,1,0.028763182765199055,0.5104166666666666,807.5641339088979,0.0,55.957937386633304,0.8175056212768737,864.339576916808,s0125,96,0.18662381999999994,0.15242721399400655,0.034196606005993356,0.0014248585835830564,0.0462195999659187,18.32381633062348,0.034196606005993606
7.102722649280803,798.2726339395222,0.37893114662873284,0.4080560166599714,0.4413503890101732,-3.6596944903253856,1.0,1.017078669396941,81.1092692831069,84.33804858484567,84.33804858484567,1,2,80.0,0,0.0,0.17003950923313169,0.3961353271278484,1,0.027949368714148288,0.6041666666666666,807.5641339088979,0.0,53.53437549393457,0.8672014970889718,861.9657108999215,s0126,96,0.18662381999999994,0.15242721399400655,0.034196606005993356,0.0014248585835830564,0.0462195999659187,18.32381633062348,0.034196606005993606
7.21914016552982,811.1397434402007,0.37353283233610624,0.3195384088362607,0.5291278457472874,-2.71437634861651,1.0,1.0174697110744926,81.10937696851984,88.31193803074352,88.31193803074352,1,6,80.0,0,0.0,0.19787886993762324,0.4130971679839822,0,0.028937492716008224,0.5625,807.5641339088979,0.0,55.724814187007894,1.0091822366818781,864.2981303325878,s0127,96,0.18662381999999994,0.15242721399400655,0.034196606005993356,0.0014248585835830564,0.0462195999659187,18.32381633062348,0.034196606005993606
7.179210554294253,807.1264204336717,0.39341345707469116,0.37893210433035285,0.5052772921263393,-6.24872103326409,1.0,1.0177177368611794,80.23298279943151,87.31053004183968,87.31053004183968,1,3,80.0,0,0.0,0.1922312331362171,0.4202330834859599,2,0.03156687213520566,0.53125,807.5641339088979,0.0,57.92851339784891,0.9803792889947072,866.4730265957415,s0128,96,0.18662381999999994,0.15242721399400655,0.034196606005993356,0.0014248585835830564,0.0462195999659187,18.32381633062348,0.034196606005993606
7.21393781271774,810.73672883483,0.3910421222805334,0.4418218813093222,0.5321264802729975,-4.56135980164251,1.0,1.018065070433439,79.41457817797682,89.95814622900089,89.95814622900089,0,4,80.0,0,0.0,0.1898972224844615,0.41518265829377327,3,0.030836285871470664,0.4479166666666667,807.5641339088979,0.0,57.07677208718718,0.9684758346707535,865.6093818307559,s0129,96,0.18662381999999994,0.15242721399400655,0.034196606005993356,0.0014248585835830564,0.0462195999659187,18.32381633062348,0.034196606005993606
7.242428896651232,813.0509378891595,0.3954838508749609,0.3157991436107531,0.4371272131175157,-6.139475811388375,1.0,1.0182882464473486,81.89057324927434,89.30900457841193,89.30900457841193,1,4,80.0,0,0.0,0.16755515099774718,0.3803635376636313,0,0.026637915546977874,0.4791666666666667,807.5641339088979,0.0,51.1095520061619,0.8545312700885104,859.5282171851484,s0130,96,0.18662381999999994,0.15242721399400655,0.034196606005993356,0.0014248585835830564,0.0462195999659187,18.32381633062348,0.034196606005993606
7.3258739310238425,820.9275769524854,0.40404057953664285,0.3329620744213311,0.465716870848615,-4.454645503228021,1.0,1.01772662112438,76.58904367876019,87.86723322061647,87.86723322061647,0,2,80.0,0,0.0,0.15702542210769144,0.4491162035938566,1,0.03251365233560121,0.4583333333333333,807.5641339088979,0.0,61.50716227325876,0.8008296527492261,869.8721258349059,s0131,96,0.18662381999999994,0.15242721399400655,0.034196606005993356,0.0014248585835830564,0.0462195999659187,18.32381633062348,0.034196606005993606
7.252354825870922,813.6883098249816,0.3710379537126467,0.3551636695895476,0.45016979746350183,-4.4321627574119455,1.0,1.0177966710537298,80.2529439664812,88.29997637867663,88.29997637867663,1,5,80.0,0,0.0,0.1758393253022779,0.34328290661902294,1,0.025800116033221188,0.4166666666666667,807.5641339088979,0.0,46.41045695134602,0.8967805590416172,854.8713714192857,s0132,96,0.18662381999999994,0.15242721399400655,0.034196606005993356,0.0014248585835830564,0.0462195999659187,18.32381633062348,0.034196606005993606
7.178462474988276,807.1139566251342,0.39201438301344654,0.3913620336001903,0.47113948023783875,-5.276553075640487,1.0,1.0187562944487367,82.19501701765064,91.41602128076453,91.41602128076453,4,2,80.0,0,0.0,0.14897651180231386,0.3814279055492247,0,0.02546955682337357,0.5,807.5641339088979,0.0,50.98405213288118,0.7597802101918009,859.3079662519709,s0133,96,0.18662381999999994,0.15242721399400655,0.034196606005993356,0.0014248585835830564,0.0462195999659187,18.32381633062348,0.034196606005993606
7.168953735711495,805.6174089722276,0.40101349237722644,0.4255064467764992,0.3813091454014652,-4.251825404729384,1.0,1.017344140355823,78.7314356841762,87.53586974099142,87.53586974099142,0,2,80.0,0,0.0,0.1527077252972279,0.3482150274140392,0,0.028788806498990852,0.4895833333333333,807.5641339088979,0.0,48.10195047642514,0.7788093990158621,856.4448937843389,s0134,96,0.18662381999999994,0.15242721399400655,0.034196606005993356,0.0014248585835830564,0.0462195999659187,18.32381633062348,0.034196606005993606
7.269503555282886,817.0770477452329,0.37733869807945675,0.3078883558068605,0.49828252577243093,-4.993894388859555,1.0,1.018157805393774,82.31907846882905,87.85011668557456,87.85011668557456,2,5,80.0,0,0.0,0.18157351770128663,0.40895863660581655,0,0.028608462522588734,0.4375,807.5641339088979,0.0,55.386981550071106,0.9260249402765613,863.8771403992456,s0135,96,0.18662381999999994,0.15242721399400655,0.034196606005993356,0.0014248585835830564,0.0462195999659187,18.32381633062348,0.034196606005993606
7.157946473310757,805.0400186691002,0.388223337612331,0.33300200016112796,0.5916080675759361,-7.3222879817019875,1.0,1.0194910918144973,87.638152153605,97.96035675315949,97.96035675315949,4,11,80.0,0,0.0,0.18654410791848217,0.4895500531944791,2,0.032597100648385155,0.5208333333333334,807.5641339088979,0.0,64.98923024700156,0.9513749503842582,873.5047391062838,s0136,96,0.18662381999999994,0.15242721399400655,0.034196606005993356,0.0014248585835830564,0.0462195999659187,18.32381633062348,0.034196606005993606
7.218132796685616,811.424727546681,0.40331670935359654,0.29967749840063745,0.46983692507322855,-6.758662671996638,1.0,1.0180751400858268,85.31655005909903,87.67686549049554,87.67686549049554,3,7,80.0,0,0.0,0.14672197953609648,0.459356734376532,1,0.03136271972141979,0.4479166666666667,807.5641339088979,0.0,62.43429872615172,0.7482820956340922,870.7467147306837,s0137,96,0.18662381999999994,0.15242721399400655,0.034196606005993356,0.0014248585835830564,0.0462195999659187,18.32381633062348,0.034196606005993606
7.014228142670044,788.5880391524604,0.37103795310716026,0.4898849861924741,0.40408756306298665,-4.982085123287219,1.0,1.017715619163843,80.05951210751,86.90767526382955,86.90767526382955,1,4,80.0,0,0.0,0.19158650017315385,0.36260339132498154,1,0.02831085525638636,0.6354166666666666,807.5641339088979,0.0,48.95957899273834,0.9770911508830846,857.5008040525194,s0138,96,0.18662381999999994,0.15242721399400655,0.034196606005993356,0.0014248585835830564,0.0462195999659187,18.32381633062348,0.034196606005993606
7.203518347913455,809.3572878424072,0.3969749351018913,0.36331358066575936,0.4471417774656425,-4.034108276823338,1.0,1.0164358729500367,81.96978375239794,80.78868394405218,80.78868394405218,1,1,80.0,0,0.0,0.15580557302630021,0.37466505727179034,1,0.028372328206870502,0.4479166666666667,807.5641339088979,0.0,50.723669935740055,0.7946084224341312,859.0824122670722,s0139,96,0.18662381999999994,0.15242721399400655,0.034196606005993356,0.0014248585835830564,0.0462195999659187,18.32381633062348,0.034196606005993606
7.160072464224511,804.5297680679869,0.384264461355236,0.4060493022037993,0.47811438223697095,-4.86442834073726,1.0,1.0172317579176327,81.78209208569473,84.8345856360448,84.8345856360448,1,3,80.0,0,0.0,0.16850265398439823,0.40911986474511647,1,0.02914082779158906,0.4791666666666667,807.5641339088979,0.0,56.12370959079947,0.8593635353204306,864.5472070350178,s0140,96,0.18662381999999994,0.15242721399400655,0.034196606005993356,0.0014248585835830564,0.0462195999659187,18.32381633062348,0.034196606005993606
7.42500490734624,831.9780229061233,0.41962053086657536,0.302246304846023,0.478547537370859,-5.48988838850934,1.0,1.0198405182412542,94.63639853801811,101.01201505334862,101.01201505334862,1,3,80.0,0,0.0,0.13490656286601288,0.41956662651800625,1,0.029252070091820185,0.34375,807.5641339088979,0.0,58.14098558332747,0.6880234706166662,866.3931429628421,s0141,96,0.18662381999999994,0.15242721399400655,0.034196606005993356,0.0014248585835830564,0.0462195999659187,18.32381633062348,0.034196606005993606
7.068297800018967,795.0249378961988,0.4020898554491804,0.45578413041876004,0.46183169274087665,-5.445609670708509,1.0,1.0186938077234442,78.1479848745083,91.39897734473172,91.39897734473172,0,3,80.0,0,0.0,0.17669385113979685,0.41557724744637237,2,0.0325313887043281,0.5208333333333334,807.5641339088979,0.0,56.70746748516187,0.9011386408129644,865.1727400348727,s0142,96,0.18662381999999994,0.15242721399400655,0.034196606005993356,0.0014248585835830564,0.0462195999659187,18.32381633062348,0.034196606005993606
7.176909976827639,807.1015059236303,0.4206915549780348,0.38852379831778566,0.43814828160694447,-2.5289278950144225,1.0,1.0180926738354317,77.42587352789766,90.94965796171068,90.94965796171068,0,1,80.0,0,0.0,0.18075321552300214,0.3890787923399248,2,0.029869229032503032,0.5416666666666666,807.5641339088979,0.0,53.714495130347075,0.9218413991673114,862.2004704384124,s0143,96,0.18662381999999994,0.15242721399400655,0.034196606005993356,0.0014248585835830564,0.0462195999659187,18.32381633062348,0.034196606005993606
7.158220839026689,804.2481091225346,0.40063627456341044,0.4168697480739266,0.4885097404974556,-5.323034354228908,1.0,1.0176566148661361,79.93122130332242,86.33618888584186,86.33618888584186,0,3,80.0,0,0.0,0.1771599872210315,0.41168715577028947,2,0.030445233653808985,0.4895833333333333,807.5641339088979,0.0,55.52239856236351,0.903515934827261,863.9900484060887,s0144,96,0.18662381999999994,0.15242721399400655,0.034196606005993356,0.0014248585835830564,0.0462195999659187,18.32381633062348,0.034196606005993606
7.183150260871459,806.6933257132418,0.44093134023690106,0.4526589995975253,0.46623444164956196,-5.559530394565377,1.0,1.018454259194209,79.70785115973901,90.62706050564495,90.62706050564495,0,4,80.0,0,0.0,0.17705223777569257,0.3691095901537388,1,0.030087204661120893,0.4479166666666667,807.5641339088979,0.0,50.160616784858036,0.9029664126560321,858.627717106412,s0145,96,0.18662381999999994,0.15242721399400655,0.034196606005993356,0.0014248585835830564,0.0462195999659187,18.32381633062348,0.034196606005993606
7.113577200924874,800.8768264501241,0.3905935741805341,0.3676862390189449,0.43271263224995204,-5.396336495131853,1.0,1.0191874030074985,78.93619627712822,94.02340495910794,94.02340495910794,0,2,80.0,0,0.0,0.1346082906891789,0.4066218338284864,1,0.02776679920013912,0.5520833333333334,807.5641339088979,0.0,54.891036714136604,0.6865022825148119,863.1416729055493,s0146,96,0.18662381999999994,0.15242721399400655,0.034196606005993356,0.0014248585835830564,0.0462195999659187,18.32381633062348,0.034196606005993606
7.217784190777373,811.2548172662464,0.38042149722356694,0.34203598869913243,0.4478551010876672,-4.558649869936327,1.0,1.01773255059955,86.04613533203931,85.42385827187005,85.42385827187005,1,3,80.0,0,0.0,0.1625720111651899,0.4274449632636867,1,0.03120944072064101,0.5416666666666666,807.5641339088979,0.0,57.96638905013829,0.8291172569424683,866.3596402159787,s0147,96,0.18662381999999994,0.15242721399400655,0.034196606005993356,0.0014248585835830564,0.0462195999659187,18.32381633062348,0.034196606005993606
7.241101698236652,813.5753865397685,0.41802678679091887,0.36318674315320415,0.45422928622394365,-4.704787408229357,1.0,1.0189620247399909,80.9694624164518,95.50053531030542,95.50053531030542,1,2,80.0,0,0.0,0.13530201835174163,0.3563788912102934,0,0.024501032725814442,0.4479166666666667,807.5641339088979,0.0,47.43230914026063,0.6900402935938824,855.6864833427525,s0148,96,0.18662381999999994,0.15242721399400655,0.034196606005993356,0.0014248585835830564,0.0462195999659187,18.32381633062348,0.034196606005993606
7.237470331739861,813.630317613907,0.4994915438494321,0.36970782571255345,0.4799878720810477,-5.390378894124524,1.0,1.018207722318166,81.79455280068734,88.87408909763214,88.87408909763214,2,2,80.0,0,0.0,0.14028915481256837,0.4437419445543678,0,0.03454969542606815,0.5416666666666666,807.5641339088979,0.0,61.19723554043174,0.715474689544099,869.4768441388737,s0149,96,0.18662381999999994,0.15242721399400655,0.034196606005993356,0.0014248585835830564,0.0462195999659187,18.32381633062348,0.034196606005993606
7.190284689506598,807.5166311459025,0.39256288262619693,0.379247950216512,0.5307850403355281,-4.283221117501282,1.0,1.0188583979875063,80.67025296108213,94.37449199621997,94.37449199621997,1,6,80.0,0,0.0,0.1986526688349585,0.44055766099374255,2,0.031196232087612356,0.5416666666666666,807.5641339088979,0.0,58.047221554719165,1.0131286110582878,866.6244840746754,s0150,96,0.18662381999999994,0.15242721399400655,0.034196606005993356,0.0014248585835830564,0.0462195999659187,18.32381633062348,0.034196606005993606
7.1586299571108185,803.8965531360244,0.3907633597790445,0.3935495760280978,0.4770668258477574,-4.73077101909058,1.0,1.019397459455836,84.58437335319461,97.7097244886343,97.7097244886343,3,4,80.0,0,0.0,0.19679915922966218,0.3663869333367452,3,0.027683085362946624,0.5416666666666666,807.5641339088979,0.0,49.60973753622662,1.003675712071277,858.1775471571958,s0151,96,0.18662381999999994,0.15242721399400655,0.034196606005993356,0.0014248585835830564,0.0462195999659187,18.32381633062348,0.034196606005993606
7.123647049614513,800.5248306447634,0.4030223497048718,0.41220311969837986,0.47658589283884745,-4.793189664213574,1.0,1.0179864344242933,81.16159681530294,90.29700771232027,90.29700771232027,1,3,80.0,0,0.0,0.16872374776644883,0.43627451603480505,2,0.0319288542539045,0.5625,807.5641339088979,0.0,57.874527860764886,0.8604911136088892,866.2991528832716,s0152,96,0.18662381999999994,0.15242721399400655,0.034196606005993356,0.0014248585835830564,0.0462195999659187,18.32381633062348,0.034196606005993606
7.211966278121798,810.0066753359879,0.43146138689099034,0.396879137483358,0.5264017995595183,-5.254843646448472,1.0,1.019943706004001,81.4410414816877,99.0545078871907,99.0545078871907,2,3,80.0,0,0.0,0.16168890464953517,0.4470667564420838,3,0.030839271104483482,0.4791666666666667,807.5641339088979,0.0,61.40830589578195,0.8246134137126293,869.7970532183925,s0153,96,0.18662381999999994,0.15242721399400655,0.034196606005993356,0.0014248585835830564,0.0462195999659187,18.32381633062348,0.034196606005993606
7.203476415579029,809.4838788777793,0.3774254632122854,0.3860114932369334,0.45303817017071,-4.545865198605256,1.0,1.018184216655903,78.10442637346691,89.10197467870954,89.10197467870954,0,2,80.0,0,0.0,0.15910445811858262,0.42172705918408715,1,0.03088182931512304,0.4375,807.5641339088979,0.0,58.09444391809882,0.8114327364047711,866.4700105634015,s0154,96,0.18662381999999994,0.15242721399400655,0.034196606005993356,0.0014248585835830564,0.0462195999659187,18.32381633062348,0.034196606005993606
7.171512349146594,805.86808880882,0.3923812399480457,0.34993133814361377,0.5551881509572179,-7.101300165778291,1.0,1.0217918613847587,99.96715738711003,109.97473982461996,109.97473982461996,3,4,80.0,0,0.0,0.20214488495039493,0.4482510978802205,3,0.03425789717709941,0.4895833333333333,807.5641339088979,0.0,62.11277391101263,1.0309389132470141,870.7078467331576,s0155,96,0.18662381999999994,0.15242721399400655,0.034196606005993356,0.0014248585835830564,0.0462195999659187,18.32381633062348,0.034196606005993606
7.205375195788502,809.0416129416725,0.5274785137429161,0.36735658413181965,0.5594482162791352,-4.914996686608148,1.0,1.0180394798886039,80.98324561212085,88.03022516908065,88.03022516908065,2,3,80.0,0,0.0,0.18005255266042758,0.44034556720828066,2,0.03553754485327909,0.6041666666666666,807.5641339088979,0.0,58.94526470637232,0.9182680185681804,867.4276666338384,s0156,96,0.18662381999999994,0.15242721399400655,0.034196606005993356,0.0014248585835830564,0.0462195999659187,18.32381633062348,0.034196606005993606
7.2185667549869175,812.0198361436092,0.39767830821224714,0.38426128172399365,0.5127474329326845,-5.310292605597002,1.0,1.0185314015745182,83.85241112652983,92.99844489246235,92.99844489246235,2,6,80.0,0,0.0,0.15772119904219092,0.4104779795146105,1,0.02861514327202635,0.4479166666666667,807.5641339088979,0.0,56.45838349915506,0.8043781151151733,864.8268955231681,s0157,96,0.18662381999999994,0.15242721399400655,0.034196606005993356,0.0014248585835830564,0.0462195999659187,18.32381633062348,0.034196606005993606
7.136095887944161,803.4212002900599,0.38635820514472347,0.3737894922096596,0.4909675766056976,-4.982634226809356,1.0,1.0188760917051887,80.48447802858635,92.78866400558886,92.78866400558886,2,3,80.0,0,0.0,0.15741546514508276,0.4614695031574228,2,0.03194087730577471,0.4895833333333333,807.5641339088979,0.0,62.33825632995715,0.8028188722399219,870.705209111095,s0158,96,0.18662381999999994,0.15242721399400655,0.034196606005993356,0.0014248585835830564,0.0462195999659187,18.32381633062348,0.034196606005993606
7.161840069382791,804.1830560564306,0.41503434238179165,0.3900178727983434,0.5030780627782725,-4.959400845635781,1.0,1.0177169235329038,80.060587244556,87.80732583616057,87.80732583616057,1,4,80.0,0,0.0,0.1747520254738141,0.4051808823986929,1,0.02942219967203124,0.5520833333333334,807.5641339088979,0.0,54.05502890001585,0.8912353299164517,862.5103981388302,s0159,96,0.18662381999999994,0.15242721399400655,0.034196606005993356,0.0014248585835830564,0.0462195999659187,18.32381633062348,0.034196606005993606
7.151574055709629,803.6930796419189,0.3811486279149975,0.3420062520391207,0.42853623569327726,-4.829154454833598,1.0,1.0175883385223201,85.23020605228847,90.0747651646946,90.0747651646946,2,3,80.0,0,0.0,0.19379059605255253,0.3303744224237104,3,0.02789648788031173,0.4895833333333333,807.5641339088979,0.0,45.22772948676144,0.9883320398680182,853.7801954355274,s0160,96,0.18662381999999994,0.15242721399400655,0.034196606005993356,0.0014248585835830564,0.0462195999659187,18.32381633062348,0.034196606005993606
7.254582316626294,815.5590480343873,0.39140296840110966,0.2880921032760031,0.5586410114146299,-4.032231920828203,1.0,1.0185579360527417,99.0113530282143,91.12775045121725,91.12775045121725,4,6,80.0,0,0.0,0.1835000053945657,0.4911661704278028,2,0.03545760012834843,0.4479166666666667,807.5641339088979,0.0,66.05631963404441,0.9358500275122847,874.5563035704546,s0161,96,0.18662381999999994,0.15242721399400655,0.034196606005993356,0.0014248585835830564,0.0462195999659187,18.32381633062348,0.034196606005993606
7.155980172029989,805.2679101547774,0.3940159787906495,0.4358906622482505,0.5085302087602336,-4.866444711511775,1.0,1.0189659047145425,81.38075726097395,94.14586170546302,94.14586170546302,1,4,80.0,0,0.0,0.16829399784411192,0.438687372162482,0,0.03159162700795105,0.5208333333333334,807.5641339088979,0.0,59.78771155252274,0.8582993890049708,868.2101448504256,s0162,96,0.18662381999999994,0.15242721399400655,0.034196606005993356,0.0014248585835830564,0.0462195999659187,18.32381633062348,0.034196606005993606
7.183383807654614,805.8917224948909,0.3896533882145189,0.4457143880984705,0.5045217167215037,-4.435798142127319,1.0,1.0191153769989352,77.33145267323506,94.90223200600717,94.90223200600717,0,3,80.0,0,0.0,0.16494528243060683,0.4610493759319278,2,0.03389337139409797,0.5,807.5641339088979,0.0,62.483509868829884,0.8412209403960945,870.8888647181238,s0163,96,0.18662381999999994,0.15242721399400655,0.034196606005993356,0.0014248585835830564,0.0462195999659187,18.32381633062348,0.034196606005993606
7.168041014819902,805.1558132759326,0.42561230377510073,0.40603146400379053,0.5428976042697445,-4.561848690184316,1.0,1.018320050359858,82.2003868125313,90.31218471405752,90.31218471405752,2,2,80.0,0,0.0,0.19119291543982697,0.4649882599011179,1,0.0327354923258576,0.46875,807.5641339088979,0.0,63.38592397109437,0.9750838687431175,871.9251417487354,s0164,96,0.18662381999999994,0.15242721399400655,0.034196606005993356,0.0014248585835830564,0.0462195999659187,18.32381633062348,0.034196606005993606
7.245038257858167,813.8556723725466,0.3836783212527692,0.3991274431589464,0.4599360432821439,-4.586087125048217,1.0,1.0178500471893432,78.14820320093678,88.62972188791919,88.62972188791919,0,2,80.0,0,0.0,0.17700840950269192,0.3931329725091938,1,0.02730024971824173,0.5,807.5641339088979,0.0,53.814588934978154,0.9027428884637291,862.2814657323398,s0165,96,0.18662381999999994,0.15242721399400655,0.034196606005993356,0.0014248585835830564,0.0462195999659187,18.32381633062348,0.034196606005993606
7.276834886623545,817.1141697560854,0.40872149384005685,0.32451415355410096,0.45668659864801725,-4.953234851650522,1.0,1.0201345750516206,82.85139711091665,99.77653915290473,99.77653915290473,1,1,80.0,0,0.0,0.1543500537482434,0.42844131728215606,1,0.0316324639106116,0.4479166666666667,807.5641339088979,0.0,59.442653459625035,0.7871852741160407,867.793972642639,s0166,96,0.18662381999999994,0.15242721399400655,0.034196606005993356,0.0014248585835830564,0.0462195999659187,18.32381633062348,0.034196606005993606
7.201732217253847,810.2137584636398,0.39960724040208967,0.3646285131379871,0.4743033385688862,-4.945774503962433,1.0,1.019209621486559,87.43732801536828,95.25875757791859,95.25875757791859,1,5,80.0,0,0.0,0.17933491178276867,0.40492868259387504,1,0.028245260193803842,0.4583333333333333,807.5641339088979,0.0,54.75532964921525,0.9146080500921203,863.2340716082053,s0167,96,0.18662381999999994,0.15242721399400655,0.034196606005993356,0.0014248585835830564,0.0462195999659187,18.32381633062348,0.034196606005993606
7.176927285051027,806.2207167213726,0.3991321232594356,0.3522706324982806,0.46441491021771664,-5.894732106705059,1.0,1.0201777437025368,84.00066602939236,100.91460272818114,100.91460272818114,3,3,80.0,0,0.0,0.14965389938615362,0.4563449621821835,2,0.03422386988506901,0.4895833333333333,807.5641339088979,0.0,61.630684630159784,0.7632348868693833,869.958053425927,s0168,96,0.18662381999999994,0.15242721399400655,0.034196606005993356,0.0014248585835830564,0.0462195999659187,18.32381633062348,0.034196606005993606
7.237285282488321,812.2470811492019,0.4165152806349331,0.37513726245123735,0.47710456359059933,-4.967403021185664,1.0,1.0175750687809821,84.5183363122982,84.76396678559576,84.76396678559576,3,6,80.0,0,0.0,0.13083999892479095,0.40794154468279425,0,0.02793449544874639,0.4375,807.5641339088979,0.0,54.825181387075496,0.6672839945164338,863.0565992904899,s0169,96,0.18662381999999994,0.15242721399400655,0.034196606005993356,0.0014248585835830564,0.0462195999659187,18.32381633062348,0.034196606005993606
7.088600313912097,798.4924141904867,0.3973522781789915,0.3527158440984597,0.532432502681174,-5.0964830019565355,1.0,1.0174735936946808,87.55741825313706,83.6401974306894,83.6401974306894,6,5,80.0,0,0.0,0.16064448003107,0.4430537656932202,1,0.03064372501804708,0.5416666666666666,807.5641339088979,0.0,59.38203109419061,0.8192868481584565,867.7654518512469,s0170,96,0.18662381999999994,0.15242721399400655,0.034196606005993356,0.0014248585835830564,0.0462195999659187,18.32381633062348,0.034196606005993606
7.214180989958633,809.9247316762528,0.391532456591694,0.41645066332709335,0.4360757613327606,-4.995724602917359,1.0,1.0173691942553789,80.96707002805897,82.98168661410892,82.98168661410892,1,1,80.0,0,0.0,0.15028384685330265,0.35126337740131663,0,0.024509113757125663,0.5208333333333334,807.5641339088979,0.0,47.42918719072757,0.7664476189518432,855.7597687185773,s0171,96,0.18662381999999994,0.15242721399400655,0.034196606005993356,0.0014248585835830564,0.0462195999659187,18.32381633062348,0.034196606005993606
7.125819798300535,801.1205773237562,0.39353017481516284,0.41733716036053053,0.47486538738432554,-4.435944082090919,1.0,1.017948614347228,79.4191110285422,86.8137098990029,86.8137098990029,0,3,80.0,0,0.0,0.14217181894421801,0.4519714470372077,0,0.03275916949959966,0.4583333333333333,807.5641339088979,0.0,61.35134662191037,0.7250762766155121,869.6405568074238,s0172,96,0.18662381999999994,0.15242721399400655,0.034196606005993356,0.0014248585835830564,0.0462195999659187,18.32381633062348,0.034196606005993606
7.189178986348941,808.8912949754622,0.3869319494958075,0.32432008295372944,0.4261375272143854,-5.107739990392477,1.0,1.0170618541320844,83.3933258913865,85.79135269400255,85.79135269400255,1,2,80.0,0,0.0,0.15542836776424976,0.4288552278832849,2,0.03164831947882546,0.4479166666666667,807.5641339088979,0.0,59.241287330047875,0.7926846755976741,867.5981059145435,s0173,96,0.18662381999999994,0.15242721399400655,0.034196606005993356,0.0014248585835830564,0.0462195999659187,18.32381633062348,0.034196606005993606
7.243903270104103,815.1091822564119,0.4104383494590139,0.35052376559726833,0.4943108537869283,-5.741566876737056,1.0,1.0176710006012775,80.74332339097798,84.50385346992518,84.50385346992518,1,2,80.0,0,0.0,0.1494136061078504,0.4057971231586318,1,0.027576860741320208,0.46875,807.5641339088979,0.0,55.525088905906415,0.7620093911500372,863.8512322059544,s0174,96,0.18662381999999994,0.15242721399400655,0.034196606005993356,0.0014248585835830564,0.0462195999659187,18.32381633062348,0.034196606005993606
7.211047123872066,810.0870648912103,0.3710379555808152,0.3347017301664696,0.40270174727630803,-4.895453898259697,1.0,1.0170259860669224,80.0387218806492,83.56369118375694,83.56369118375694,1,2,80.0,0,0.0,0.1359250571921767,0.37131840221381823,2,0.0274517829754608,0.4479166666666667,807.5641339088979,0.0,50.20443395081435,0.693217791680101,858.4617856513923,s0175,96,0.18662381999999994,0.15242721399400655,0.034196606005993356,0.0014248585835830564,0.0462195999659187,18.32381633062348,0.034196606005993606
7.183808948033574,806.4000578754298,0.41949638131991174,0.3480134615121122,0.4328782122148129,-4.034438862905441,1.0,1.0173246623180205,80.98496356880585,85.06890698241367,85.06890698241367,1,1,80.0,0,0.0,0.13757031046648094,0.38744309064083216,1,0.027957069686905003,0.4895833333333333,807.5641339088979,0.0,52.147683562534624,0.701608583379053,860.4134260548117,s0176,96,0.18662381999999994,0.15242721399400655,0.034196606005993356,0.0014248585835830564,0.0462195999659187,18.32381633062348,0.034196606005993606
7.259609051691919,814.9257331188875,0.3928999766390093,0.3540873561994239,0.5043999209529633,-3.7451663641458133,1.0,1.0190071431755756,83.06507169921704,95.11183450973954,95.11183450973954,1,2,80.0,0,0.0,0.17863990005608907,0.4111420695440828,4,0.029687747018574143,0.4791666666666667,807.5641339088979,0.0,55.75544660727234,0.911063490286054,864.2306440064564,s0177,96,0.18662381999999994,0.15242721399400655,0.034196606005993356,0.0014248585835830564,0.0462195999659187,18.32381633062348,0.034196606005993606
7.219376609657166,811.3321545497588,0.38565847861698677,0.37065626141302094,0.4726227198956079,-5.044856535540659,1.0,1.018666521281327,78.93578417484393,93.66824219693224,93.66824219693224,0,5,80.0,0,0.0,0.17605355386996663,0.3847233600944814,3,0.028230537317658864,0.5,807.5641339088979,0.0,53.50556076469314,0.8978731247368297,861.967567798328,s0178,96,0.18662381999999994,0.15242721399400655,0.034196606005993356,0.0014248585835830564,0.0462195999659187,18.32381633062348,0.034196606005993606
7.105578396892634,797.976753482201,0.3814694903091645,0.4175856394070127,0.4219857829607056,-4.344270983498439,1.0,1.0176813166751324,77.55854575666234,86.07367512441202,86.07367512441202,0,2,80.0,0,0.0,0.16343519228484576,0.3599307863467456,1,0.027182636887278618,0.5729166666666666,807.5641339088979,0.0,49.26848302666638,0.8335194806527135,857.666136416217,s0179,96,0.18662381999999994,0.15242721399400655,0.034196606005993356,0.0014248585835830564,0.0462195999659187,18.32381633062348,0.034196606005993606
7.164269207884349,805.3675400115852,0.4111586513472555,0.42489201562047424,0.427720298118389,-6.9411578181529565,1.0,1.0190022990760497,78.57940626452218,92.17356497310514,92.17356497310514,0,5,80.0,0,0.0,0.15556242872731355,0.3795225848671816,0,0.026130498871120504,0.5625,807.5641339088979,0.0,51.901393785601805,0.7933683865092993,860.2588960810091,s0180,96,0.18662381999999994,0.15242721399400655,0.034196606005993356,0.0014248585835830564,0.0462195999659187,18.32381633062348,0.034196606005993606
7.169910131996201,806.742218089337,0.4078823904308622,0.3964711146626335,0.4566663086620162,-5.260410552205332,1.0,1.0187791350657618,80.90563604222464,91.5644443995961,91.5644443995961,1,4,80.0,0,0.0,0.1475508453465089,0.41709535203978587,1,0.032132182428283564,0.5,807.5641339088979,0.0,57.42745187944068,0.7525093112671951,865.7440950996058,s0181,96,0.18662381999999994,0.15242721399400655,0.034196606005993356,0.0014248585835830564,0.0462195999659187,18.32381633062348,0.034196606005993606
7.187720326143025,808.6250310006877,0.388485983427837,0.35022670821678287,0.5960424053603776,-4.989407949408638,1.0,1.017921264887414,100.37815975729762,86.8886566025534,86.8886566025534,2,5,80.0,0,0.0,0.1903656764880316,0.44826645675917665,3,0.03358274707578174,0.5416666666666666,807.5641339088979,0.0,59.65255661311296,0.9708649500889607,868.1875554720999,s0182,96,0.18662381999999994,0.15242721399400655,0.034196606005993356,0.0014248585835830564,0.0462195999659187,18.32381633062348,0.034196606005993606
7.175244379681242,806.7396967829626,0.38560848426060823,0.39249091862170477,0.451087997750905,-5.266414054383919,1.0,1.0180878501662083,80.5462210502062,88.18862390061912,88.18862390061912,1,4,80.0,0,0.0,0.16434715609603812,0.36567120782265794,2,0.025844467423200367,0.5208333333333334,807.5641339088979,0.0,48.49025922700992,0.8381704960897947,856.8925636319976,s0183,96,0.18662381999999994,0.15242721399400655,0.034196606005993356,0.0014248585835830564,0.0462195999659187,18.32381633062348,0.034196606005993606
7.154856973528291,804.3012214388928,0.39878048330938065,0.41673987326912665,0.4414378401521908,-4.654345901819921,1.0,1.0173020202793037,78.74806916535968,86.0066587168404,86.0066587168404,0,3,80.0,0,0.0,0.15496500081665057,0.34788223877233443,3,0.026404281634108125,0.5,807.5641339088979,0.0,48.00058612652021,0.7903215041649175,856.3550415395831,s0184,96,0.18662381999999994,0.15242721399400655,0.034196606005993356,0.0014248585835830564,0.0462195999659187,18.32381633062348,0.034196606005993606
7.254920658867219,814.4819256663927,0.3881521638644827,0.3623591467765209,0.5144463012359259,-3.599254747885528,1.0,1.0181488819631104,82.11060986041456,88.43280455009845,88.43280455009845,1,6,80.0,0,0.0,0.18867381746375173,0.3713736142656479,0,0.028034461567007583,0.4375,807.5641339088979,0.0,49.688379113978755,0.9622364690651338,858.2147494919418,s0185,96,0.18662381999999994,0.15242721399400655,0.034196606005993356,0.0014248585835830564,0.0462195999659187,18.32381633062348,0.034196606005993606
7.180410522391086,806.3165723513692,0.4060893978697092,0.43883429244939837,0.4838174799302485,-5.608783085150435,1.0,1.0174515863394076,83.59876258375225,84.89668205384801,84.89668205384801,3,4,80.0,0,0.0,0.20014168774513752,0.383511080571344,3,0.03084735142355836,0.46875,807.5641339088979,0.0,52.8016984677751,1.0207226075002016,861.3865549841731,s0186,96,0.18662381999999994,0.15242721399400655,0.034196606005993356,0.0014248585835830564,0.0462195999659187,18.32381633062348,0.034196606005993606
7.2898713156737305,817.5455256447785,0.39610723945160353,0.4000295355608613,0.46785664049175757,-5.364316056179097,1.0,1.0186316098736103,92.92615077219087,93.0124162987732,93.0124162987732,2,6,80.0,0,0.0,0.13666007875403668,0.38213996626509117,1,0.02687148293486114,0.4375,807.5641339088979,0.0,51.92019693426198,0.6969664016455874,860.1812972448055,s0187,96,0.18662381999999994,0.15242721399400655,0.034196606005993356,0.0014248585835830564,0.0462195999659187,18.32381633062348,0.034196606005993606
7.340482863579265,822.7332893310745,0.410798471936351,0.35638061097439444,0.4544082795925626,-4.786170034657946,1.0,1.0173856331320106,77.74185645725584,85.76088705182539,85.76088705182539,0,2,80.0,0,0.0,0.15398329728520072,0.41485280626672777,2,0.028420304914811095,0.40625,807.5641339088979,0.0,56.59996186863218,0.7853148161545235,864.9494105936845,s0188,96,0.18662381999999994,0.15242721399400655,0.034196606005993356,0.0014248585835830564,0.0462195999659187,18.32381633062348,0.034196606005993606
7.177314027038298,805.4703887850935,0.3812197451702736,0.4206430941356766,0.4472179492023939,-4.367360228045473,1.0,1.0198672971134528,78.61255586529575,98.24354052986921,98.24354052986921,0,6,80.0,0,0.0,0.17121674472727777,0.42298677977546606,2,0.03099966651635574,0.5104166666666666,807.5641339088979,0.0,57.958972334464825,0.8732053981091163,866.3963116414719,s0189,96,0.18662381999999994,0.15242721399400655,0.034196606005993356,0.0014248585835830564,0.0462195999659187,18.32381633062348,0.034196606005993606
7.218389874374816,812.1041426385327,0.3812998375394818,0.379644808809973,0.5051493774688468,-4.537949960284514,1.0,1.0170168681512604,81.22603589095203,84.77257680665396,84.77257680665396,1,4,80.0,0,0.0,0.17813847690257817,0.3805580498680546,1,0.026943311796846548,0.4791666666666667,807.5641339088979,0.0,51.503073182396186,0.9085062322031491,859.9757133234973,s0190,96,0.18662381999999994,0.15242721399400655,0.034196606005993356,0.0014248585835830564,0.0462195999659187,18.32381633062348,0.034196606005993606
7.132216482212328,801.2782874788281,0.4342898163233936,0.3918946416108905,0.4788856382706115,-4.865817185322968,1.0,1.0193535004102112,81.36960474104603,97.27830883545158,97.27830883545158,1,3,80.0,0,0.0,0.14164963755736398,0.41575480749721105,2,0.028396959423855693,0.53125,807.5641339088979,0.0,57.03004956508059,0.7224131515425563,865.3165966255211,s0191,96,0.18662381999999994,0.15242721399400655,0.034196606005993356,0.0014248585835830564,0.0462195999659187,18.32381633062348,0.034196606005993606
7.139137905166502,802.2783450557329,0.4009442779480812,0.426218446050625,0.4385360826824356,-4.561084322361263,1.0,1.0176269721382345,82.42727028935153,85.32316105013213,85.32316105013213,1,4,80.0,0,0.0,0.17444268852371508,0.3719779006926321,3,0.02851107503461795,0.5208333333333334,807.5641339088979,0.0,51.03316359436603,0.8896577114709467,859.4869552147348,s0192,96,0.18662381999999994,0.15242721399400655,0.034196606005993356,0.0014248585835830564,0.0462195999659187,18.32381633062348,0.034196606005993606
7.155164123754888,805.1842498545161,0.3843350562470138,0.39304062626214165,0.48790841848209665,-4.011970427287239,1.0,1.0182550063560072,91.27695228618684,90.82943142424928,90.82943142424928,2,3,80.0,0,0.0,0.1571684578068489,0.3479685653737422,0,0.024113762161262937,0.5,807.5641339088979,0.0,47.469441992334374,0.8015591348149294,855.8351350360473,s0193,96,0.18662381999999994,0.15242721399400655,0.034196606005993356,0.0014248585835830564,0.0462195999659187,18.32381633062348,0.034196606005993606
7.201924821838853,808.6451750600784,0.37337356332663346,0.38111832817750246,0.47073381001209585,-7.544736182352753,1.0,1.0181442319481502,83.25673963416182,86.60144126492882,86.60144126492882,3,5,80.0,0,0.0,0.16091950964459065,0.4046139507306118,1,0.028365723263107892,0.5520833333333334,807.5641339088979,0.0,54.84421852513806,0.8206894991874125,863.2290419332235,s0194,96,0.18662381999999994,0.15242721399400655,0.034196606005993356,0.0014248585835830564,0.0462195999659187,18.32381633062348,0.034196606005993606
7.145678202166832,803.4789030576039,0.3710379515459446,0.4228659110997467,0.44709949640897917,-5.292565777575015,1.0,1.0178105282771712,81.56782941785409,88.40973507988575,88.40973507988575,2,8,80.0,0,0.0,0.1560978663171481,0.4213850593594556,2,0.03061057850069678,0.5625,807.5641339088979,0.0,57.249757318107626,0.7960991182174554,865.6099903452231,s0195,96,0.18662381999999994,0.15242721399400655,0.034196606005993356,0.0014248585835830564,0.0462195999659187,18.32381633062348,0.034196606005993606
7.131576963142347,802.2084138035443,0.5003153297375433,0.37997473602365406,0.4797132551176094,-5.900960588951996,1.0,1.018330570710798,81.47561801986771,91.59854830619815,91.59854830619815,2,3,80.0,0,0.0,0.16024369501020738,0.4270741609883537,2,0.033085460650839324,0.5,807.5641339088979,0.0,58.9687682972251,0.8172428445520576,867.3501450506751,s0196,96,0.18662381999999994,0.15242721399400655,0.034196606005993356,0.0014248585835830564,0.0462195999659187,18.32381633062348,0.034196606005993606
7.251704551052594,813.6269087418516,0.47762706153357665,0.3462786368684847,0.5619844246812915,-2.926460374531494,1.0,1.0183052238156867,84.15584137645284,91.7427017117588,91.7427017117588,1,3,80.0,0,0.0,0.18206739192469507,0.5219200268766091,3,0.03862100171798698,0.46875,807.5641339088979,0.0,71.66453239569914,0.9285436988159448,880.157210003413,s0197,96,0.18662381999999994,0.15242721399400655,0.034196606005993356,0.0014248585835830564,0.0462195999659187,18.32381633062348,0.034196606005993606
7.225528183937719,811.3240711307478,0.4042225054529642,0.3886155727208699,0.4920288960582898,-1.7487329115475678,1.0,1.0186851860186787,75.59183586866108,93.51586565780185,93.51586565780185,0,1,80.0,0,0.0,0.15462027100720227,0.4555389248231755,2,0.030820774375720277,0.5208333333333334,807.5641339088979,0.0,62.47830299561118,0.7885633821367314,870.8310002866459,s0198,96,0.18662381999999994,0.15242721399400655,0.034196606005993356,0.0014248585835830564,0.0462195999659187,18.32381633062348,0.034196606005993606
7.05944735984718,795.2282558098287,0.38435809743752797,0.41811018251629517,0.48887389642660517,-5.150663528278298,1.0,1.0170520373254244,84.17306259858177,84.66678361823328,84.66678361823328,2,2,80.0,0,0.0,0.17370800460457833,0.4385156486228816,3,0.0321902846488293,0.4895833333333333,807.5641339088979,0.0,59.80606808739731,0.8859108234833492,868.2561128197785,s0199,96,0.18662381999999994,0.15242721399400655,0.034196606005993356,0.0014248585835830564,0.0462195999659187,18.32381633062348,0.034196606005993606
7.194957794512962,807.3968886795956,0.43969871108761466,0.3807371828355962,0.5036897298638582,-4.369108451986681,1.0,1.0195684845452433,80.39289235970713,97.47526846106784,97.47526846106784,1,7,80.0,0,0.0,0.19473336865393798,0.46927317930853274,2,0.03488927279478337,0.5208333333333334,807.5641339088979,0.0,64.71010412917067,0.9931401801350837,873.2673782182037,s0200,96,0.18662381999999994,0.15242721399400655,0.034196606005993356,0.0014248585835830564,0.0462195999659187,18.32381633062348,0.034196606005993606
7.280852143745029,817.001295221582,0.38764535957424817,0.31930384826861397,0.42218993059224,-5.034658642480867,1.0,1.018311213896845,79.81978913420048,91.90696023921696,91.90696023921696,0,4,80.0,0,0.0,0.15522717712048256,0.35667522088422227,2,0.024944202309322015,0.3854166666666667,807.5641339088979,0.0,48.19272565200302,0.791658603314461,856.5485181642154,s0201,96,0.18662381999999994,0.15242721399400655,0.034196606005993356,0.0014248585835830564,0.0462195999659187,18.32381633062348,0.034196606005993606
7.249718740127419,814.6916230400672,0.4174425652764186,0.3581844143663202,0.5360344834647689,-5.124003076650632,1.0,1.01882571134583,81.54882254596455,92.39689613130096,92.39689613130096,2,6,80.0,0,0.0,0.17855988342678017,0.42934236496703526,1,0.029768526895388416,0.5104166666666666,807.5641339088979,0.0,58.38700272947637,0.9106554054765791,866.861792043851,s0202,96,0.18662381999999994,0.15242721399400655,0.034196606005993356,0.0014248585835830564,0.0462195999659187,18.32381633062348,0.034196606005993606
7.225537576776794,812.1669360171895,0.391855341628006,0.37502976045195424,0.481433728066348,-4.047529137216126,1.0,1.0179335370676452,80.46718421845128,90.83997754643836,90.83997754643836,1,4,80.0,0,0.0,0.1948386259589156,0.4030661105535146,3,0.03261577234045615,0.5,807.5641339088979,0.0,56.14921678173507,0.9936769923904692,864.7070276830234,s0203,96,0.18662381999999994,0.15242721399400655,0.034196606005993356,0.0014248585835830564,0.0462195999659187,18.32381633062348,0.034196606005993606
7.174890666073619,807.4938744635906,0.3714093517402023,0.3493813217905297,0.48514916849920986,-5.371514212472029,1.0,1.0172886868794957,82.888282024791,83.19113425117658,83.19113425117658,1,1,80.0,0,0.0,0.16832332332356512,0.4238063154942344,0,0.030008000732665383,0.5,807.5641339088979,0.0,56.914829866603924,0.858448948950182,865.337412724452,s0204,96,0.18662381999999994,0.15242721399400655,0.034196606005993356,0.0014248585835830564,0.0462195999659187,18.32381633062348,0.034196606005993606
7.07995690421107,797.9122693136493,0.3965085505355886,0.4448143234083729,0.4506441587747275,-4.432387695091179,1.0,1.017476016538138,81.93369577094101,84.7667343793342,84.7667343793342,1,2,80.0,0,0.0,0.16366165753469253,0.4090097973608905,0,0.029126313295822527,0.5729166666666666,807.5641339088979,0.0,56.1235734798756,0.8346744534269323,864.5223818422005,s0205,96,0.18662381999999994,0.15242721399400655,0.034196606005993356,0.0014248585835830564,0.0462195999659187,18.32381633062348,0.034196606005993606
7.198850015882497,809.7336043406319,0.40870495957459985,0.4276989529683232,0.488425459992603,-4.4584458193684435,1.0,1.0193999074157287,80.6834898618301,97.0588004649461,97.0588004649461,1,6,80.0,0,0.0,0.1691867861507177,0.38313696503052325,3,0.032627195530572015,0.5104166666666666,807.5641339088979,0.0,52.52968524582437,0.8628526093686609,860.956671764091,s0206,96,0.18662381999999994,0.15242721399400655,0.034196606005993356,0.0014248585835830564,0.0462195999659187,18.32381633062348,0.034196606005993606
7.120797806683646,800.5617234088045,0.3909452075694094,0.40998345664964064,0.5088165661404853,-3.7810875121205973,1.0,1.0183023167218932,89.21553548083222,89.93012916426915,89.93012916426915,1,4,80.0,0,0.0,0.20112129618124958,0.4076778010763572,3,0.03216888754469989,0.4791666666666667,807.5641339088979,0.0,56.291133575673804,1.0257186105243727,864.8809860950961,s0207,96,0.18662381999999994,0.15242721399400655,0.034196606005993356,0.0014248585835830564,0.0462195999659187,18.32381633062348,0.034196606005993606
7.186610379442872,808.3438401619183,0.3779507608112513,0.32511137240519794,0.4760809866794851,-4.6159160699624,1.0,1.0191348833301168,85.59883758251945,94.82095461927157,94.82095461927157,2,4,80.0,0,0.0,0.19141341927268177,0.46262512977605064,4,0.03397725012139896,0.4583333333333333,807.5641339088979,0.0,62.96529190495757,0.9762084382906759,871.5056342521461,s0208,96,0.18662381999999994,0.15242721399400655,0.034196606005993356,0.0014248585835830564,0.0462195999659187,18.32381633062348,0.034196606005993606
7.1909473839615545,807.6557273643364,0.40624494598219013,0.39918878199125973,0.4876888151923141,-5.210584614824746,1.0,1.018422979461065,78.99223664188368,92.19370790968415,92.19370790968415,0,3,80.0,0,0.0,0.15445974012670166,0.3902094841019872,1,0.026862100421309543,0.5729166666666666,807.5641339088979,0.0,52.50811482112516,0.7877446746461781,860.8599934046694,s0209,96,0.18662381999999994,0.15242721399400655,0.034196606005993356,0.0014248585835830564,0.0462195999659187,18.32381633062348,0.034196606005993606
7.157548536613792,803.867202035966,0.3710625973923712,0.37842929730492353,0.45404504560781833,-9.513687448356505,1.0,1.0194683648217548,89.46161831906367,94.96105608256867,94.96105608256867,2,9,80.0,0,0.0,0.1923314346745981,0.32761308559818125,3,0.026019431557320928,0.59375,807.5641339088979,0.0,43.95678430332148,0.9808903168404502,852.5018085290599,s0210,96,0.18662381999999994,0.15242721399400655,0.034196606005993356,0.0014248585835830564,0.0462195999659187,18.32381633062348,0.034196606005993606
7.1975533514669445,808.2679893956004,0.4111779493450693,0.38240493471763437,0.4486143793417935,-3.021242568245333,1.0,1.0173580663627348,77.17551184843178,84.82407459447107,84.82407459447107,0,4,80.0,0,0.0,0.17304932426831426,0.3573272918965178,2,0.027375540372133387,0.4479166666666667,807.5641339088979,0.0,48.28703940055807,0.8825515537684026,856.7337248632244,s0211,96,0.18662381999999994,0.15242721399400655,0.034196606005993356,0.0014248585835830564,0.0462195999659187,18.32381633062348,0.034196606005993606
7.152875245516277,804.5513571180907,0.38641020566190143,0.38891930803357355,0.44699501692806193,-5.037863335504007,1.0,1.0183405772660163,79.10977182996362,90.19543547583537,90.19543547583537,0,3,80.0,0,0.0,0.15889536921738218,0.4077171726347514,0,0.02928442985167142,0.5625,807.5641339088979,0.0,56.16943165445934,0.8103663830086486,864.5439319463659,s0212,96,0.18662381999999994,0.15242721399400655,0.034196606005993356,0.0014248585835830564,0.0462195999659187,18.32381633062348,0.034196606005993606
7.150127697209859,803.5538624004696,0.3842445489791812,0.4222979660248118,0.47692865731389006,-5.335958325146929,1.0,1.017944204973028,79.00613188793008,86.83303165630396,86.83303165630396,0,5,80.0,0,0.0,0.20266307088856586,0.4240914551302989,2,0.035419998579791605,0.5208333333333334,807.5641339088979,0.0,57.0877541709383,1.0335816615316857,865.6854697413679,s0213,96,0.18662381999999994,0.15242721399400655,0.034196606005993356,0.0014248585835830564,0.0462195999659187,18.32381633062348,0.034196606005993606
7.0168843328455655,790.4022726300877,0.41873299953502185,0.430724052585445,0.5092166622007782,-5.633947568474153,1.0,1.0173726780993695,83.71808298029369,86.88323452585126,86.88323452585126,3,2,80.0,0,0.0,0.1613624651624511,0.43185206261754894,0,0.028473624962875692,0.59375,807.5641339088979,0.0,57.31597979613668,0.8229485723285004,865.7030622773632,s0214,96,0.18662381999999994,0.15242721399400655,0.034196606005993356,0.0014248585835830564,0.0462195999659187,18.32381633062348,0.034196606005993606
7.105159208749239,799.0782193846763,0.3824037162476927,0.3520485319376914,0.4244095361154935,-4.894228556270094,1.0,1.0181858646889774,79.6710744537802,88.95825002873062,88.95825002873062,0,2,80.0,0,0.0,0.1594504452259975,0.3383687241582401,1,0.02614275364939642,0.5729166666666666,807.5641339088979,0.0,45.3617450168693,0.8131972706525868,853.7390761964199,s0215,96,0.18662381999999994,0.15242721399400655,0.034196606005993356,0.0014248585835830564,0.0462195999659187,18.32381633062348,0.034196606005993606
7.208213620557484,808.7240894330015,0.3859488747474354,0.3823915949926209,0.4212141134126003,-7.151840026428413,1.0,1.0191716833931546,89.10323755231929,97.47497130255375,97.47497130255375,1,3,80.0,0,0.0,0.1468291006814623,0.3586562425700837,3,0.02695762601042387,0.5104166666666666,807.5641339088979,0.0,49.277920597114,0.7488284134754575,857.5908829194874,s0216,96,0.18662381999999994,0.15242721399400655,0.034196606005993356,0.0014248585835830564,0.0462195999659187,18.32381633062348,0.034196606005993606
7.344084874533626,826.2292038340375,0.45615907207569184,0.3058719691710877,0.4967258052279836,-4.945944155082169,1.0,1.0173310123836417,76.55498494780086,84.55450740923511,84.55450740923511,0,1,80.0,0,0.0,0.1508765327809963,0.48875592009540186,2,0.03367031470226028,0.4270833333333333,807.5641339088979,0.0,69.07084451419193,0.7694703171830807,877.4044487402729,s0217,96,0.18662381999999994,0.15242721399400655,0.034196606005993356,0.0014248585835830564,0.0462195999659187,18.32381633062348,0.034196606005993606
7.209962110713868,809.6471500864254,0.3965488955442405,0.35583740191735025,0.42788203100374655,-3.021242483822047,1.0,1.0170957237125124,80.39790281128636,84.49562122608243,84.49562122608243,1,1,80.0,0,0.0,0.13273611337379584,0.4056932999904044,1,0.029075174402012145,0.4270833333333333,807.5641339088979,0.0,55.10183368085406,0.6769541782063586,863.3429217679584,s0218,96,0.18662381999999994,0.15242721399400655,0.034196606005993356,0.0014248585835830564,0.0462195999659187,18.32381633062348,0.034196606005993606
7.147540002486796,804.0728065265911,0.39714890103331424,0.39201999549123195,0.4785381215375392,-4.534317376473015,1.0,1.0171307994393275,83.04163782513955,84.18690750614728,84.18690750614728,3,5,80.0,0,0.0,0.19144618411053185,0.4127918222794186,3,0.031149923113768872,0.53125,807.5641339088979,0.0,56.44119514809809,0.976375538963712,864.9817045959597,s0219,96,0.18662381999999994,0.15242721399400655,0.034196606005993356,0.0014248585835830564,0.0462195999659187,18.32381633062348,0.034196606005993606
7.2681713521637885,815.9052421288145,0.384361051606715,0.3527958191277563,0.4284562545148299,-4.0058784337897295,1.0,1.016475643658336,79.21534435513206,78.52501198319176,78.52501198319176,0,0,80.0,0,0.0,0.12025532524065354,0.40996934258648554,0,0.028099946983940124,0.40625,807.5641339088979,0.0,54.61717850993256,0.613302158727333,862.7946145775578,s0220,96,0.18662381999999994,0.15242721399400655,0.034196606005993356,0.0014248585835830564,0.0462195999659187,18.32381633062348,0.034196606005993606
7.243396439664118,814.439245459017,0.3967703471119889,0.34724153742910135,0.47103640313023454,-4.847323176896938,1.0,1.0171323609779532,86.83667214211454,84.11217088047253,84.11217088047253,1,3,80.0,0,0.0,0.14601298751521385,0.3835693624270572,1,0.02649144006202111,0.46875,807.5641339088979,0.0,52.88654967790217,0.7446662363275903,861.1953498231277,s0221,96,0.18662381999999994,0.15242721399400655,0.034196606005993356,0.0014248585835830564,0.0462195999659187,18.32381633062348,0.034196606005993606
7.117811032930978,800.6297196591324,0.40560211430587984,0.36602038540347415,0.5519725490477514,-4.976072966194051,1.0,1.019027864345958,80.78424802114665,93.23056434339341,93.23056434339341,2,6,80.0,0,0.0,0.20602247055611708,0.4391144739573769,3,0.03139854694453429,0.5625,807.5641339088979,0.0,60.080468800082215,1.0507145998361977,868.6953173088164,s0222,96,0.18662381999999994,0.15242721399400655,0.034196606005993356,0.0014248585835830564,0.0462195999659187,18.32381633062348,0.034196606005993606
7.133936771050174,801.8892681950132,0.4078231445969666,0.3535810597039707,0.4370951762872233,-4.466102358715046,1.0,1.0167686635711206,80.17307639370956,80.05163687188424,80.05163687188424,1,1,80.0,0,0.0,0.15704077412876258,0.353789797612851,1,0.025791339545217118,0.5520833333333334,807.5641339088979,0.0,47.38652601887663,0.8009079480566889,855.7515678758313,s0223,96,0.18662381999999994,0.15242721399400655,0.034196606005993356,0.0014248585835830564,0.0462195999659187,18.32381633062348,0.034196606005993606
7.25205266026653,814.1843262231166,0.4192573686125059,0.35569291560245203,0.4871652297271099,-4.426767350238147,1.0,1.0173702956191355,78.00070772729856,85.69028391518954,85.69028391518954,0,4,80.0,0,0.0,0.12567481495891464,0.5067057375833668,0,0.032599919669945986,0.4375,807.5641339088979,0.0,68.07701151936043,0.6409415562904646,876.2820869845489,s0224,96,0.18662381999999994,0.15242721399400655,0.034196606005993356,0.0014248585835830564,0.0462195999659187,18.32381633062348,0.034196606005993606
7.159226788536701,806.4230010857111,0.40720161779169095,0.41202380121471593,0.5064419558398171,-5.372827774507389,1.0,1.0187791698576623,78.8290704015464,92.39360284198759,92.39360284198759,0,6,80.0,0,0.0,0.18930473635564476,0.41766849866522693,1,0.030352769781920034,0.5520833333333334,807.5641339088979,0.0,56.91304028751242,0.9654541554137881,865.4426283518242,s0225,96,0.18662381999999994,0.15242721399400655,0.034196606005993356,0.0014248585835830564,0.0462195999659187,18.32381633062348,0.034196606005993606
7.242115205393602,812.1809357491774,0.39352140043174166,0.3047291870289416,0.48353618408588994,-3.6780191850716566,1.0,1.0168941335859423,80.40085383012627,81.29409697919952,81.29409697919952,1,1,80.0,0,0.0,0.1752119807456156,0.44995956421675326,3,0.03147489351095603,0.4166666666666667,807.5641339088979,0.0,61.37184743244957,0.8935811018026392,869.8295624431502,s0226,96,0.18662381999999994,0.15242721399400655,0.034196606005993356,0.0014248585835830564,0.0462195999659187,18.32381633062348,0.034196606005993606
7.220055391642143,810.2092858625351,0.39985682080956136,0.4138458921241069,0.5070301094796876,-4.899886948494232,1.0,1.0175038974974528,83.13787889204335,89.07495625044199,89.07495625044199,3,3,80.0,0,0.0,0.17013192816324368,0.4482124452564722,3,0.03211332303355417,0.4479166666666667,807.5641339088979,0.0,60.814345702134894,0.8676728336325434,869.2461524446654,s0227,96,0.18662381999999994,0.15242721399400655,0.034196606005993356,0.0014248585835830564,0.0462195999659187,18.32381633062348,0.034196606005993606
7.2349005117204825,811.7777406362009,0.4125129410495107,0.40131705787344973,0.5097879134182723,-3.8847585417412396,1.0,1.0179405981910357,84.15368664883324,87.88016379150072,87.88016379150072,4,3,80.0,0,0.0,0.15877858478663073,0.47240180396090015,0,0.034118567519459075,0.4375,807.5641339088979,0.0,64.34323428381535,0.8097707824118165,872.7171389751251,s0228,96,0.18662381999999994,0.15242721399400655,0.034196606005993356,0.0014248585835830564,0.0462195999659187,18.32381633062348,0.034196606005993606
7.409284725902765,830.4913950442981,0.40654541800306937,0.3025546992203807,0.510056410546611,-5.191906095740833,1.0,1.0174355441240952,84.66975811582347,87.42431576204903,87.42431576204903,1,4,80.0,0,0.0,0.15753724604843478,0.4277286392184794,1,0.02955266424630102,0.3854166666666667,807.5641339088979,0.0,58.322297068652084,0.8034399548470178,866.6898709323971,s0229,96,0.18662381999999994,0.15242721399400655,0.034196606005993356,0.0014248585835830564,0.0462195999659187,18.32381633062348,0.034196606005993606
7.037898183914409,791.6751856493676,0.3920017484043806,0.454478408638215,0.45471863898811005,-4.5709348260848905,1.0,1.0177648767958707,82.92620085816218,86.16135404017619,86.16135404017619,2,4,80.0,0,0.0,0.14798786371766695,0.46267132036517444,0,0.030152564645092517,0.5416666666666666,807.5641339088979,0.0,63.663323170293054,0.7547381049601013,871.9821951841511,s0230,96,0.18662381999999994,0.15242721399400655,0.034196606005993356,0.0014248585835830564,0.0462195999659187,18.32381633062348,0.034196606005993606
7.132007300492654,800.6417279430127,0.4095557610861019,0.443133192029345,0.4779837408612314,-5.045445028927081,1.0,1.0172003144093704,86.26232622185796,82.18039435298688,82.18039435298688,1,3,80.0,0,0.0,0.17788913532550296,0.4281930136127985,2,0.03156141689796266,0.5,807.5641339088979,0.0,58.29651468380501,0.9072345901600658,866.767883182863,s0231,96,0.18662381999999994,0.15242721399400655,0.034196606005993356,0.0014248585835830564,0.0462195999659187,18.32381633062348,0.034196606005993606
7.02673230844713,790.8193928951721,0.3710379568709093,0.46897347809586964,0.5218018407465008,-1.5489302634894073,1.0,1.017511884491914,78.99600147608034,88.76610285891883,88.76610285891883,0,2,80.0,0,0.0,0.20114661632603467,0.4929941761738366,4,0.03545502320261529,0.5833333333333334,807.5641339088979,0.0,67.10816713089285,1.025847743262777,875.6981487830536,s0232,96,0.18662381999999994,0.15242721399400655,0.034196606005993356,0.0014248585835830564,0.0462195999659187,18.32381633062348,0.034196606005993606
7.244308999848706,814.2454002485424,0.4079739720253182,0.3345298215753909,0.5379729633912966,-7.834788252643864,1.0,1.0201571510539866,83.36014696584392,98.89581668049794,98.89581668049794,2,6,80.0,0,0.0,0.15932977806047033,0.4739926180059294,1,0.030997939955482955,0.40625,807.5641339088979,0.0,64.20446458481163,0.8125818681083986,872.5811803618179,s0233,96,0.18662381999999994,0.15242721399400655,0.034196606005993356,0.0014248585835830564,0.0462195999659187,18.32381633062348,0.034196606005993606
7.159915341809937,803.8147388190156,0.37419865735587887,0.423742676977621,0.3828587349093924,-5.415887662694003,1.0,1.0193053515831416,77.62310121803532,95.96151012809756,95.96151012809756,0,1,80.0,0,0.0,0.15507403308795753,0.31664658827374914,1,0.023555915340695552,0.4791666666666667,807.5641339088979,0.0,43.03968268889701,0.7908775687485835,851.3946941665434,s0234,96,0.18662381999999994,0.15242721399400655,0.034196606005993356,0.0014248585835830564,0.0462195999659187,18.32381633062348,0.034196606005993606
7.120891158245708,800.6474274883218,0.40450188178814395,0.4225629736880616,0.4904611966864684,-5.083482201752491,1.0,1.0185199116704289,80.17378095650209,91.27975322345193,91.27975322345193,1,7,80.0,0,0.0,0.17859361535166893,0.37159804860668877,3,0.02772106839537663,0.5729166666666666,807.5641339088979,0.0,50.885221994366695,0.9108274382935106,859.3601833415581,s0235,96,0.18662381999999994,0.15242721399400655,0.034196606005993356,0.0014248585835830564,0.0462195999659187,18.32381633062348,0.034196606005993606
7.192806128272542,808.3747634270685,0.3994850233765995,0.4023247110747465,0.4663471437527938,-3.787436892198349,1.0,1.0175588102077668,89.96652211892683,86.66524965321165,86.66524965321165,1,5,80.0,0,0.0,0.18255890466032504,0.4445462673235329,2,0.033049514254866685,0.4583333333333333,807.5641339088979,0.0,60.48873412802151,0.9310504137676573,868.9839184506872,s0236,96,0.18662381999999994,0.15242721399400655,0.034196606005993356,0.0014248585835830564,0.0462195999659187,18.32381633062348,0.034196606005993606
7.14975794953681,803.3849224015845,0.37103795271724727,0.3671457664477668,0.3845621013237137,-4.46987226226142,1.0,1.0174287342135957,78.9906781720818,87.52921317933462,87.52921317933462,0,4,80.0,0,0.0,0.13684032190797124,0.3264967626231794,1,0.022671634267826028,0.5625,807.5641339088979,0.0,44.46183813256184,0.6978856417306533,852.7238576831904,s0237,96,0.18662381999999994,0.15242721399400655,0.034196606005993356,0.0014248585835830564,0.0462195999659187,18.32381633062348,0.034196606005993606
7.098521247720796,797.7208645175125,0.37105348783978026,0.3832212718876633,0.4227096435675497,-4.836584804672088,1.0,1.017556390538968,86.00162294414861,85.45561193637742,85.45561193637742,1,3,80.0,0,0.0,0.13640735409573143,0.34430797250478357,0,0.02357405061489178,0.5416666666666666,807.5641339088979,0.0,45.92700879100227,0.6956775058882303,854.1868202057885,s0238,96,0.18662381999999994,0.15242721399400655,0.034196606005993356,0.0014248585835830564,0.0462195999659187,18.32381633062348,0.034196606005993606
7.172591736059405,806.1593982860883,0.43568346692689,0.39683564413640515,0.44515177425315666,-4.838441500791422,1.0,1.0172146652413185,78.83892304212317,82.98651153258513,82.98651153258513,0,4,80.0,0,0.0,0.15444475680100048,0.3953719058328938,3,0.02867989084727416,0.5520833333333334,807.5641339088979,0.0,54.56302610608223,0.7876682596851021,862.9148282746653,s0239,96,0.18662381999999994,0.15242721399400655,0.034196606005993356,0.0014248585835830564,0.0462195999659187,18.32381633062348,0.034196606005993606
7.251645957827126,812.8685913282147,0.39409657435600676,0.4284633148105914,0.49704085177159896,-5.5116290717403045,1.0,1.0181864237307934,82.6410391451057,88.22844072620597,88.22844072620597,2,6,80.0,0,0.0,0.1645858303069545,0.3861607898916847,1,0.02768581607640492,0.4583333333333333,807.5641339088979,0.0,52.80715717648177,0.8393877345654673,861.2106788199451,s0240,96,0.18662381999999994,0.15242721399400655,0.034196606005993356,0.0014248585835830564,0.0462195999659187,18.32381633062348,0.034196606005993606
7.1863990356432845,807.5074487036912,0.3857258332861403,0.39744827853995135,0.42780221059292667,-5.451941532486335,1.0,1.0189374025477125,79.54518827501572,93.6699988161167,93.6699988161167,0,6,80.0,0,0.0,0.1953490074877581,0.3535530519021424,1,0.029461898977548646,0.53125,807.5641339088979,0.0,47.88556162502663,0.9962799381875656,856.4459754721121,s0241,96,0.18662381999999994,0.15242721399400655,0.034196606005993356,0.0014248585835830564,0.0462195999659187,18.32381633062348,0.034196606005993606
7.178081256624115,806.3882568838219,0.4038837313038135,0.40566208725703756,0.4221230495195844,-8.186707392357633,1.0,1.0183090811467592,83.81870439119432,90.77337968602139,90.77337968602139,1,8,80.0,0,0.0,0.16690989215527152,0.34322291317038434,1,0.0277583397599515,0.5208333333333334,807.5641339088979,0.0,46.30686338566238,0.8512404499918843,854.7222377445522,s0242,96,0.18662381999999994,0.15242721399400655,0.034196606005993356,0.0014248585835830564,0.0462195999659187,18.32381633062348,0.034196606005993606
7.1767237630879706,806.9972026174778,0.4062120956197674,0.3901583588945851,0.4562970704531975,-4.081969396955092,1.0,1.018008978998875,78.61284038270665,90.40876258579712,90.40876258579712,0,2,80.0,0,0.0,0.15853923831256256,0.39236391313257274,4,0.030125955858226784,0.4583333333333333,807.5641339088979,0.0,53.75006204919824,0.8085501153940688,862.1227460734902,s0243,96,0.18662381999999994,0.15242721399400655,0.034196606005993356,0.0014248585835830564,0.0462195999659187,18.32381633062348,0.034196606005993606
7.263161395834478,815.9139802317727,0.49973089348741295,0.3497147594473479,0.5573007384449968,-6.08144281457674,1.0,1.0179461925240638,80.89690144072968,91.23896721744764,91.23896721744764,2,6,80.0,0,0.0,0.18242641820597597,0.531705962027847,1,0.040227411323889115,0.4791666666666667,807.5641339088979,0.0,74.67615138763465,0.930374732850477,883.170660029383,s0244,96,0.18662381999999994,0.15242721399400655,0.034196606005993356,0.0014248585835830564,0.0462195999659187,18.32381633062348,0.034196606005993606
7.0642167300880345,793.2775656635488,0.3967636959686594,0.4431829677099073,0.47840460402293794,-4.803907500495644,1.0,1.0185230600430084,87.9447910377109,93.76222721361535,93.76222721361535,3,5,80.0,0,0.0,0.1804870965244769,0.4380681648361277,4,0.03379987755525324,0.5,807.5641339088979,0.0,60.924629300830325,0.9204841922748319,869.4092474020031,s0245,96,0.18662381999999994,0.15242721399400655,0.034196606005993356,0.0014248585835830564,0.0462195999659187,18.32381633062348,0.034196606005993606
7.096474738847289,799.343936757558,0.40073460812239714,0.3797730454551338,0.5084892956430265,-4.680255426776561,1.0,1.0176857112657116,80.55895485362406,86.334019134633,86.334019134633,1,5,80.0,0,0.0,0.1735325574071459,0.4497992592736737,1,0.030774826567760774,0.6145833333333334,807.5641339088979,0.0,61.46110726649626,0.8850160427764439,869.9102572181706,s0246,96,0.18662381999999994,0.15242721399400655,0.034196606005993356,0.0014248585835830564,0.0462195999659187,18.32381633062348,0.034196606005993606
7.179411099686382,807.3076561967281,0.4139558214904243,0.42083886844447715,0.45054587347569186,-3.505191268386431,1.0,1.016320870659393,81.27201114764773,82.63206004952572,82.63206004952572,1,1,80.0,0,0.0,0.18389070341229283,0.37717955976558226,1,0.02767738960526625,0.5208333333333334,807.5641339088979,0.0,51.74573746199086,0.937842587402693,860.2477139582915,s0247,96,0.18662381999999994,0.15242721399400655,0.034196606005993356,0.0014248585835830564,0.0462195999659187,18.32381633062348,0.034196606005993606
7.213699270798596,810.7020129505689,0.426302771275588,0.3097346164777036,0.5007069541547005,-4.466425137341287,1.0,1.0193626745127509,82.54053698825894,95.48077810461434,95.48077810461434,2,3,80.0,0,0.0,0.1698613036926541,0.46717298137949126,2,0.03286737334835149,0.53125,807.5641339088979,0.0,63.465137946118126,0.866292648832535,871.8955645038486,s0248,96,0.18662381999999994,0.15242721399400655,0.034196606005993356,0.0014248585835830564,0.0462195999659187,18.32381633062348,0.034196606005993606
7.29598325656694,820.4312977903968,0.4048517396567646,0.3368878898374954,0.5245563438469731,-5.863297774141555,1.0,1.0190539871223498,79.67170322232579,94.6473540050124,94.6473540050124,0,2,80.0,0,0.0,0.14955034991100183,0.4091446351549054,1,0.02843923031792694,0.4270833333333333,807.5641339088979,0.0,54.85080188631376,0.7627067845461093,863.1776425797578,s0249,96,0.18662381999999994,0.15242721399400655,0.034196606005993356,0.0014248585835830564,0.0462195999659187,18.32381633062348,0.034196606005993606
7.191213318717445,808.1847264703993,0.37795439011395804,0.34506774482422187,0.4506597467002585,-3.9941933288832527,1.0,1.0171939960629022,84.49464936556942,83.22126480025427,83.22126480025427,2,1,80.0,0,0.0,0.12144570707517696,0.3875682593310888,0,0.026219767318586478,0.5,807.5641339088979,0.0,52.11121918613158,0.6193731060834025,860.294726201113,s0250,96,0.18662381999999994,0.15242721399400655,0.034196606005993356,0.0014248585835830564,0.0462195999659187,18.32381633062348,0.034196606005993606
7.171232386824975,805.0864261738919,0.40438985246536224,0.33122124269725906,0.48111391292657685,-5.346730774312841,1.0,1.0194483619078376,80.73644825711492,95.65781215309703,95.65781215309703,1,2,80.0,0,0.0,0.1666364654681335,0.41624246073320814,2,0.03064208211713379,0.4895833333333333,807.5641339088979,0.0,56.56782518628299,0.8498459738874806,864.9818050690684,s0251,96,0.18662381999999994,0.15242721399400655,0.034196606005993356,0.0014248585835830564,0.0462195999659187,18.32381633062348,0.034196606005993606
7.115045729779953,800.990175722081,0.37545489937094495,0.3764804609231951,0.5100093388984007,-5.206329972836119,1.0,1.017996309693097,82.7414500673175,89.55748887220253,89.55748887220253,2,2,80.0,0,0.0,0.20287013851767072,0.3964806726473898,3,0.028950259254411508,0.5208333333333334,807.5641339088979,0.0,53.85797357592817,1.0346377064401207,862.4567451912662,s0252,96,0.18662381999999994,0.15242721399400655,0.034196606005993356,0.0014248585835830564,0.0462195999659187,18.32381633062348,0.034196606005993606
7.252868034723704,813.3905298879978,0.4047036671282921,0.38959518646529284,0.4527780533983121,-4.4516250152196895,1.0,1.0193150570218406,80.32173768751859,96.21900155703015,96.21900155703015,1,4,80.0,0,0.0,0.18970170453756882,0.33023172520031974,4,0.026289042249853393,0.4375,807.5641339088979,0.0,45.50839931585354,0.9674786931416012,854.0400119178931,s0253,96,0.18662381999999994,0.15242721399400655,0.034196606005993356,0.0014248585835830564,0.0462195999659187,18.32381633062348,0.034196606005993606
7.074391311484123,796.3299460530654,0.39606850362412205,0.4018389964047096,0.4457873014938786,-4.275755674596169,1.0,1.017843539806306,83.97698744984342,87.10599404300582,87.10599404300582,4,3,80.0,0,0.0,0.13852471606386618,0.3955890289869375,1,0.02588617162248525,0.5625,807.5641339088979,0.0,53.016788599804485,0.7064760519257175,861.2873985606282,s0254,96,0.18662381999999994,0.15242721399400655,0.034196606005993356,0.0014248585835830564,0.0462195999659187,18.32381633062348,0.034196606005993606
7.216343056697532,811.2874403666287,0.3891689873351356,0.3738903246996434,0.42727933580393074,-4.512250284646992,1.0,1.0166186647635695,78.47544302644229,81.05563847463925,81.05563847463925,0,2,80.0,0,0.0,0.1483519052326107,0.3599044577516057,0,0.0245449053133893,0.4270833333333333,807.5641339088979,0.0,48.87388748136599,0.7565947166863141,857.1946161069502,s0255,96,0.18662381999999994,0.15242721399400655,0.034196606005993356,0.0014248585835830564,0.0462195999659187,18.32381633062348,0.034196606005993606
7.256939247426008,814.6573499194409,0.3895819778634941,0.329919293595449,0.40401469477090474,-4.7662499690170925,1.0,1.0174249604629517,80.21797857755526,87.81150634255428,87.81150634255428,1,3,80.0,0,0.0,0.15115442875494475,0.34185085179649144,1,0.026730121276964613,0.5104166666666666,807.5641339088979,0.0,47.11878445352032,0.7708875866502181,855.4538059490685,s0256,96,0.18662381999999994,0.15242721399400655,0.034196606005993356,0.0014248585835830564,0.0462195999659187,18.32381633062348,0.034196606005993606
7.253338118099284,815.0506927924816,0.4061424926543085,0.3400622730326988,0.5221859304511911,-4.316281550536466,1.0,1.0187864807293965,79.66427526239877,92.04194444862894,92.04194444862894,0,4,80.0,0,0.0,0.18288618469945445,0.450490043711626,1,0.03282403857611771,0.3854166666666667,807.5641339088979,0.0,61.429700466707786,0.9327195419672177,869.926553917573,s0257,96,0.18662381999999994,0.15242721399400655,0.034196606005993356,0.0014248585835830564,0.0462195999659187,18.32381633062348,0.034196606005993606
7.141523001493738,802.9519360443111,0.3873959561391417,0.4130298279536134,0.4609472603725808,-4.742772161928658,1.0,1.0174777849136711,83.27078397010817,88.76363184069722,88.76363184069722,1,3,80.0,0,0.0,0.1359381799723687,0.44096908332589124,2,0.03415763175433052,0.4479166666666667,807.5641339088979,0.0,59.96801430972114,0.6932847178590801,868.2254329364782,s0258,96,0.18662381999999994,0.15242721399400655,0.034196606005993356,0.0014248585835830564,0.0462195999659187,18.32381633062348,0.034196606005993606
7.241874959884629,813.1104916521922,0.3898433723956018,0.35555752030509985,0.4573557611357762,-4.612245874434117,1.0,1.018451762072831,82.65261222583251,93.40497490269975,93.40497490269975,3,4,80.0,0,0.0,0.18469074041621833,0.3844005094252849,3,0.029376593989285937,0.4479166666666667,807.5641339088979,0.0,51.60131220946909,0.9419227761227139,860.1073688944898,s0259,96,0.18662381999999994,0.15242721399400655,0.034196606005993356,0.0014248585835830564,0.0462195999659187,18.32381633062348,0.034196606005993606
7.257166481930037,815.0663387218226,0.43683023808175,0.3373896067760558,0.47353732622475253,-4.754824601734189,1.0,1.0190077874400476,80.72984330938795,93.73202648283453,93.73202648283453,2,5,80.0,0,0.0,0.1722372149778705,0.37731373433468607,2,0.027211447033820228,0.53125,807.5641339088979,0.0,50.15537045666257,0.87840979638714,858.5979141619476,s0260,96,0.18662381999999994,0.15242721399400655,0.034196606005993356,0.0014248585835830564,0.0462195999659187,18.32381633062348,0.034196606005993606
6.998899265066337,787.6717060716708,0.39229300645330256,0.46859146130874596,0.45679168254299607,-4.854566799142865,1.0,1.0192641412890266,87.53575417059555,95.96660691714082,95.96660691714082,3,2,80.0,0,0.0,0.19252038647304867,0.3996083134771023,2,0.028879666237282244,0.6041666666666666,807.5641339088979,0.0,54.94582319619035,0.9818539710125481,863.4918110761008,s0261,96,0.18662381999999994,0.15242721399400655,0.034196606005993356,0.0014248585835830564,0.0462195999659187,18.32381633062348,0.034196606005993606
7.12629857928397,801.0750915448307,0.41064149722435567,0.4055331414999934,0.47000777799646387,-4.824727020493701,1.0,1.019492495420294,85.04014570584899,98.18082093369142,98.18082093369142,2,3,80.0,0,0.0,0.15981836429589535,0.4230599971335885,2,0.028946706633034995,0.4895833333333333,807.5641339088979,0.0,57.067905796987446,0.815073657909066,865.4471133637944,s0262,96,0.18662381999999994,0.15242721399400655,0.034196606005993356,0.0014248585835830564,0.0462195999659187,18.32381633062348,0.034196606005993606
7.156642126046125,803.326656805483,0.38034446020054485,0.3870937052961704,0.44119512104712477,-5.047558311810981,1.0,1.0200160232751585,81.81705663390485,98.71949605340087,98.71949605340087,1,5,80.0,0,0.0,0.18044613629640371,0.33308688014066484,3,0.026557541135214836,0.5104166666666666,807.5641339088979,0.0,45.17468121750406,0.9202752951116587,853.6590904215136,s0263,96,0.18662381999999994,0.15242721399400655,0.034196606005993356,0.0014248585835830564,0.0462195999659187,18.32381633062348,0.034196606005993606
7.201399288577515,809.7494722846657,0.396050315112302,0.35883224511236617,0.4770356565801694,-5.731145433235844,1.0,1.0181041167747082,83.03151414970827,89.92875170864274,89.92875170864274,1,6,80.0,0,0.0,0.13951400561324379,0.4492531734196613,0,0.0314101250985107,0.5,807.5641339088979,0.0,61.82782457981316,0.7115214286275433,870.1034799173386,s0264,96,0.18662381999999994,0.15242721399400655,0.034196606005993356,0.0014248585835830564,0.0462195999659187,18.32381633062348,0.034196606005993606
7.288656975616304,817.9363151994903,0.414702476021613,0.36557002193508326,0.46351258433690323,-4.074288308122068,1.0,1.0190626777335219,81.4499130716177,96.0502009164938,96.0502009164938,1,2,80.0,0,0.0,0.1505964186829824,0.3934975780807607,2,0.028380893840498817,0.4791666666666667,807.5641339088979,0.0,54.097260152510025,0.7680417352832098,862.4294357966911,s0265,96,0.18662381999999994,0.15242721399400655,0.034196606005993356,0.0014248585835830564,0.0462195999659187,18.32381633062348,0.034196606005993606
7.192300554981761,807.6363944208435,0.39542861884303937,0.4136487468840703,0.395138832127703,-4.452271173581519,1.0,1.019089650415991,78.66347421360133,94.59672996606776,94.59672996606776,0,1,80.0,0,0.0,0.14624169474837856,0.3748337209549445,2,0.029892436300795064,0.5,807.5641339088979,0.0,51.102448867798074,0.745832643216731,859.4124154199128,s0266,96,0.18662381999999994,0.15242721399400655,0.034196606005993356,0.0014248585835830564,0.0462195999659187,18.32381633062348,0.034196606005993606
7.2194399450975295,811.5496868493888,0.385311699889566,0.3745449992042851,0.4661191692064448,-4.795112286596773,1.0,1.0172862111494554,79.16306647669924,85.19030614181285,85.19030614181285,0,3,80.0,0,0.0,0.15662222731954775,0.40539302724155185,1,0.028351029508840515,0.5104166666666666,807.5641339088979,0.0,54.31382845765811,0.7987733593296933,862.6767357258858,s0267,96,0.18662381999999994,0.15242721399400655,0.034196606005993356,0.0014248585835830564,0.0462195999659187,18.32381633062348,0.034196606005993606
7.154086637051802,803.5309684603621,0.40789366724992066,0.4200203921320061,0.4992302466802577,-4.661129539887576,1.0,1.019190996236522,84.86886223757655,94.38230321888624,94.38230321888624,1,7,80.0,0,0.0,0.17213397594379073,0.4727007353828888,0,0.034931758866766305,0.5,807.5641339088979,0.0,64.09667575165348,0.8778832773133324,872.5386929378648,s0268,96,0.18662381999999994,0.15242721399400655,0.034196606005993356,0.0014248585835830564,0.0462195999659187,18.32381633062348,0.034196606005993606
7.187489012920883,806.7514957703788,0.38872073084705205,0.31588045756786765,0.4540956219395422,-4.15052908918846,1.0,1.0183269753914297,78.27457987919638,91.18973305554753,91.18973305554753,0,6,80.0,0,0.0,0.14305281363836572,0.3980347580835281,1,0.0275173586938464,0.5208333333333334,807.5641339088979,0.0,54.27172028107382,0.7295693495556649,862.5654235395274,s0269,96,0.18662381999999994,0.15242721399400655,0.034196606005993356,0.0014248585835830564,0.0462195999659187,18.32381633062348,0.034196606005993606
7.15891648164741,804.5057280004017,0.39642772216060396,0.40059529171357366,0.4626540891861552,-4.998845080449885,1.0,1.0178296391298198,81.82874986799983,86.69705413315593,86.69705413315593,1,5,80.0,0,0.0,0.16762048709055716,0.40293528321483685,2,0.029165407856924334,0.5104166666666666,807.5641339088979,0.0,54.42995734018465,0.8548644841618415,862.8489557332443,s0270,96,0.18662381999999994,0.15242721399400655,0.034196606005993356,0.0014248585835830564,0.0462195999659187,18.32381633062348,0.034196606005993606
7.263957455808414,815.0099571226826,0.3910808298932083,0.32887992428715523,0.4875853715100257,-5.130574542549861,1.0,1.0177591395515833,83.56726761158048,90.18822272010661,90.18822272010661,1,4,80.0,0,0.0,0.1898510756730128,0.4353116690321226,4,0.031873942232802537,0.4895833333333333,807.5641339088979,0.0,59.02381553548968,0.9682404859323654,867.55618993032,s0271,96,0.18662381999999994,0.15242721399400655,0.034196606005993356,0.0014248585835830564,0.0462195999659187,18.32381633062348,0.034196606005993606
7.083355894498045,796.1282254174946,0.3877737114591112,0.4442463882306938,0.4444838400335147,-5.148582786788381,1.0,1.0182081178418303,80.76261100664395,89.84834286056534,89.84834286056534,2,7,80.0,0,0.0,0.17519038222081185,0.4207748546266353,2,0.029652650675474224,0.59375,807.5641339088979,0.0,57.846837764428116,0.8934709493261401,866.3044426226521,s0272,96,0.18662381999999994,0.15242721399400655,0.034196606005993356,0.0014248585835830564,0.0462195999659187,18.32381633062348,0.034196606005993606
7.087111585705005,798.0491980959705,0.40472119558960684,0.41494614595267854,0.49637058803109274,-4.705096687869148,1.0,1.0176374490212834,82.13587178915607,86.93652799259971,86.93652799259971,3,4,80.0,0,0.0,0.1616377717377148,0.4406211937326746,2,0.030220483721112395,0.5729166666666666,807.5641339088979,0.0,59.95438182944339,0.8243526358623453,868.3428683742037,s0273,96,0.18662381999999994,0.15242721399400655,0.034196606005993356,0.0014248585835830564,0.0462195999659187,18.32381633062348,0.034196606005993606
7.080716866191603,796.554987559019,0.3869291298840784,0.44835793861799517,0.452206355967328,-4.991823955317563,1.0,1.0182737339370804,84.3188683597086,88.56676692450793,88.56676692450793,1,5,80.0,0,0.0,0.15535992827180778,0.387156599735722,0,0.026842497649917224,0.625,807.5641339088979,0.0,51.531378964322414,0.79233563418622,859.8878485074065,s0274,96,0.18662381999999994,0.15242721399400655,0.034196606005993356,0.0014248585835830564,0.0462195999659187,18.32381633062348,0.034196606005993606
7.098083640844122,798.2305754685956,0.3881814395314213,0.37058833119246926,0.5085671119160475,-4.4708479460283295,1.0,1.017727416327879,83.31159574061338,87.54822761922941,87.54822761922941,5,3,80.0,0,0.0,0.18448064647248258,0.45582116128356676,3,0.03186997104112758,0.5208333333333334,807.5641339088979,0.0,61.48103234441625,0.9408512970096615,869.9860175503238,s0275,96,0.18662381999999994,0.15242721399400655,0.034196606005993356,0.0014248585835830564,0.0462195999659187,18.32381633062348,0.034196606005993606
7.104282609475772,799.2320087603093,0.387148727989169,0.3715364317908255,0.43984893970759376,-5.897753339504363,1.0,1.0170555664904641,82.0009617624995,83.9845446280536,83.9845446280536,1,3,80.0,0,0.0,0.15213950252155323,0.3746346435228841,1,0.025599073796518386,0.53125,807.5641339088979,0.0,50.936876698221724,0.7759114628599213,859.2769220699795,s0276,96,0.18662381999999994,0.15242721399400655,0.034196606005993356,0.0014248585835830564,0.0462195999659187,18.32381633062348,0.034196606005993606
7.179100800945092,807.1893965053248,0.3979837420928435,0.4625649850084259,0.4803738107088614,-4.873061884250768,1.0,1.0191745171771733,82.29650110855214,94.6944298945363,94.6944298945363,1,3,80.0,0,0.0,0.1386429813467135,0.49287917874170584,1,0.0343459509462771,0.4479166666666667,807.5641339088979,0.0,68.98474197167275,0.7070792048682388,877.2559550854389,s0277,96,0.18662381999999994,0.15242721399400655,0.034196606005993356,0.0014248585835830564,0.0462195999659187,18.32381633062348,0.034196606005993606
7.26003301556428,814.6956824176402,0.40860661860391717,0.37579108017086293,0.5067849847489632,-4.703184364389771,1.0,1.017401962940696,86.1728354511023,85.14005056662587,85.14005056662587,1,6,80.0,0,0.0,0.18592204756047462,0.41080698094588364,2,0.03364197405408772,0.5208333333333334,807.5641339088979,0.0,55.81231647297132,0.9482024425584206,864.3246528244277,s0278,96,0.18662381999999994,0.15242721399400655,0.034196606005993356,0.0014248585835830564,0.0462195999659187,18.32381633062348,0.034196606005993606
7.100983110743435,798.5619730771136,0.3969281200855323,0.4384911567467502,0.5712461068179169,-5.1586918573406315,1.0,1.0188662023825839,82.97650210844031,94.85093355031877,94.85093355031877,4,6,80.0,0,0.0,0.1943292846052572,0.49670241096991763,2,0.037711684196498174,0.5,807.5641339088979,0.0,67.39348238087891,0.9910793514868114,875.9486956412637,s0279,96,0.18662381999999994,0.15242721399400655,0.034196606005993356,0.0014248585835830564,0.0462195999659187,18.32381633062348,0.034196606005993606
7.306670386091346,820.4794462645356,0.39897115807421185,0.3251349497613146,0.4322095882056281,-4.940289653606684,1.0,1.0183797074488081,80.6581834263288,93.05163175216096,93.05163175216096,1,7,80.0,0,0.0,0.15999544740899968,0.3544856287806604,2,0.025703974118154217,0.4375,807.5641339088979,0.0,47.70121127898073,0.815976781785898,856.0813219696646,s0280,96,0.18662381999999994,0.15242721399400655,0.034196606005993356,0.0014248585835830564,0.0462195999659187,18.32381633062348,0.034196606005993606
7.2497902149403295,812.8969981649195,0.39131525609702755,0.38693399489626523,0.515220529105133,-4.928198076965056,1.0,1.0191318844865196,87.02507432837277,96.39244407488732,96.39244407488732,2,5,80.0,0,0.0,0.18950895145864619,0.4061473303514006,3,0.03014731167257266,0.4791666666666667,807.5641339088979,0.0,54.52787317061493,0.966495652439096,863.058502731952,s0281,96,0.18662381999999994,0.15242721399400655,0.034196606005993356,0.0014248585835830564,0.0462195999659187,18.32381633062348,0.034196606005993606
7.243184198991381,813.5097670436401,0.47344955397556276,0.4225113237063252,0.538093265182165,-3.766379422007187,1.0,1.0187529203400651,94.7557463444797,93.85163039100466,93.85163039100466,2,3,80.0,0,0.0,0.1632700710330809,0.5245978621923149,1,0.04089821799192157,0.4166666666666667,807.5641339088979,0.0,73.02194790652494,0.8326773622687127,881.4187591776915,s0282,96,0.18662381999999994,0.15242721399400655,0.034196606005993356,0.0014248585835830564,0.0462195999659187,18.32381633062348,0.034196606005993606
7.09390762127121,798.3843780848755,0.4043262977156431,0.43861069875485414,0.4972834903222112,-4.754538773215008,1.0,1.0189613683959755,101.57291724530853,93.21650847752704,93.21650847752704,1,6,80.0,0,0.0,0.15580694526250283,0.4534695562016663,1,0.03364636816650018,0.53125,807.5641339088979,0.0,61.72552700944678,0.7946154208387645,870.0842763391835,s0283,96,0.18662381999999994,0.15242721399400655,0.034196606005993356,0.0014248585835830564,0.0462195999659187,18.32381633062348,0.034196606005993606
7.094687509607964,798.5936415539379,0.4429858585091121,0.379785403017289,0.47448905419383,-5.108153761016122,1.0,1.01749630562008,78.83940906828248,84.19772843688891,84.19772843688891,0,2,80.0,0,0.0,0.18448908913306397,0.3425381696557327,0,0.02481243075415463,0.5833333333333334,807.5641339088979,0.0,46.27953531718472,0.9408943545786267,854.7845635806613,s0284,96,0.18662381999999994,0.15242721399400655,0.034196606005993356,0.0014248585835830564,0.0462195999659187,18.32381633062348,0.034196606005993606
7.147342691110776,802.6767427750749,0.40749745472329935,0.3279883136146076,0.5133336581299263,-5.027028428544813,1.0,1.0177089196859028,83.71012101970626,90.03387654851083,90.03387654851083,2,3,80.0,0,0.0,0.19638645824422646,0.430708935369862,6,0.03272430425752596,0.5208333333333334,807.5641339088979,0.0,60.19112516096573,1.0015709370455546,868.7568300069092,s0285,96,0.18662381999999994,0.15242721399400655,0.034196606005993356,0.0014248585835830564,0.0462195999659187,18.32381633062348,0.034196606005993606
7.012403561985344,787.5858777887295,0.37274247816670913,0.49297015988195036,0.4193442827767424,-4.669902998590328,1.0,1.0181774391494365,79.89177344558746,90.65240309392146,90.65240309392146,0,3,80.0,0,0.0,0.16677100021764044,0.4009939123385191,1,0.030942915317524185,0.5416666666666666,807.5641339088979,0.0,55.07318015223406,0.8505321011099661,863.4878461622419,s0286,96,0.18662381999999994,0.15242721399400655,0.034196606005993356,0.0014248585835830564,0.0462195999659187,18.32381633062348,0.034196606005993606
7.175931812683025,806.7238406466787,0.3766275626197739,0.3593806796987127,0.42252862694601845,-4.4064123609824835,1.0,1.0182535390683944,90.50427370110977,89.59172114469423,89.59172114469423,3,3,80.0,0,0.0,0.16166062891075253,0.33896629886363716,2,0.02587783156741731,0.53125,807.5641339088979,0.0,46.267350795977805,0.8244692074448375,854.6559539123206,s0287,96,0.18662381999999994,0.15242721399400655,0.034196606005993356,0.0014248585835830564,0.0462195999659187,18.32381633062348,0.034196606005993606
7.2996441388074285,818.6163022299615,0.4285279966543547,0.3709977967528702,0.4535159734743919,-4.863328803165822,1.0,1.0185314475174865,81.15696699722893,92.83976197696376,92.83976197696376,1,5,80.0,0,0.0,0.1542250360257769,0.38271630936449874,0,0.02728800892133711,0.40625,807.5641339088979,0.0,51.37891791231334,0.7865476837314624,859.7295995049427,s0288,96,0.18662381999999994,0.15242721399400655,0.034196606005993356,0.0014248585835830564,0.0462195999659187,18.32381633062348,0.034196606005993606
7.124009766387964,801.9073292003698,0.37146150284199175,0.36506190419949236,0.5134263819293468,-3.7540225911262475,1.0,1.0185554000104025,82.5452105647407,91.50872708844562,91.50872708844562,1,4,80.0,0,0.0,0.15528184832803305,0.4540647983078362,0,0.028797347619033544,0.5729166666666666,807.5641339088979,0.0,61.02595162457069,0.7919374264729689,869.3820229599415,s0289,96,0.18662381999999994,0.15242721399400655,0.034196606005993356,0.0014248585835830564,0.0462195999659187,18.32381633062348,0.034196606005993606
7.234773158347195,812.0637873866674,0.4207011625180463,0.38122616729114217,0.48454254080701936,-5.177872734543846,1.0,1.0174345655784984,81.56221633710688,83.30198798974376,83.30198798974376,2,2,80.0,0,0.0,0.13349642116594207,0.47019100715077217,1,0.03235937158270167,0.5208333333333334,807.5641339088979,0.0,63.377933091522195,0.6808317479463045,871.6228987483664,s0290,96,0.18662381999999994,0.15242721399400655,0.034196606005993356,0.0014248585835830564,0.0462195999659187,18.32381633062348,0.034196606005993606
7.200299586431104,808.4289431648161,0.39508082724730553,0.3608530233314954,0.43515143368952147,-5.26326722063324,1.0,1.0179646187103915,78.70308610340986,89.36169757860947,89.36169757860947,0,5,80.0,0,0.0,0.16638304767436285,0.3752354341193641,1,0.028203522703283093,0.5208333333333334,807.5641339088979,0.0,50.651847445159156,0.8485535431392505,859.0645348971964,s0291,96,0.18662381999999994,0.15242721399400655,0.034196606005993356,0.0014248585835830564,0.0462195999659187,18.32381633062348,0.034196606005993606
7.184965075752415,807.2616518061542,0.40374623316816877,0.4178309190194943,0.46832418979496,-9.247999481249257,1.0,1.0198793265352526,81.89680960861513,98.05681180745802,98.05681180745802,2,5,80.0,0,0.0,0.16645321305657243,0.45639572514897425,2,0.03164747108961577,0.4583333333333333,807.5641339088979,0.0,61.846963472439626,0.8489113865885194,870.260008767926,s0292,96,0.18662381999999994,0.15242721399400655,0.034196606005993356,0.0014248585835830564,0.0462195999659187,18.32381633062348,0.034196606005993606
7.256220092441146,814.6314173030507,0.39412207576305497,0.3984739425307377,0.46147924852951727,-4.965429506844428,1.0,1.016916231406873,77.55051571200174,86.15698627558713,86.15698627558713,0,2,80.0,0,0.0,0.154363286818506,0.4072646050139227,3,0.030033080425538688,0.4895833333333333,807.5641339088979,0.0,56.226423596793836,0.7872527627743808,864.5778102684662,s0293,96,0.18662381999999994,0.15242721399400655,0.034196606005993356,0.0014248585835830564,0.0462195999659187,18.32381633062348,0.034196606005993606
7.092892843263405,797.12238340202,0.39523600515016616,0.408207412764826,0.45368862245209673,-4.741507107870404,1.0,1.018244317629129,80.55442018838505,89.02450890054881,89.02450890054881,1,4,80.0,0,0.0,0.1620377523094915,0.3539883125508699,0,0.025386099675754906,0.5104166666666666,807.5641339088979,0.0,48.06225204794461,0.8263925367784064,856.4527784936209,s0294,96,0.18662381999999994,0.15242721399400655,0.034196606005993356,0.0014248585835830564,0.0462195999659187,18.32381633062348,0.034196606005993606
7.301956291374648,819.0984592728187,0.44656771379692195,0.31331665278544657,0.47682996208950656,-6.0928675526763465,1.0,1.0200010329950744,81.64270879718,98.90648412019746,98.90648412019746,1,5,80.0,0,0.0,0.1621778115300485,0.4082716772212164,2,0.030994355383754876,0.4479166666666667,807.5641339088979,0.0,55.65740938104953,0.8271068388032474,864.0486501287508,s0295,96,0.18662381999999994,0.15242721399400655,0.034196606005993356,0.0014248585835830564,0.0462195999659187,18.32381633062348,0.034196606005993606
7.156593652798499,803.9598242634804,0.4197315270476438,0.36117618438758026,0.48804822731253705,-3.934722073850845,1.0,1.0164050035208032,85.10027245497176,81.73264863788602,81.73264863788602,1,1,80.0,0,0.0,0.1470804781959526,0.42846753973705054,0,0.029511571457537345,0.5104166666666666,807.5641339088979,0.0,57.91224043263389,0.7501104387993585,866.2264847803311,s0296,96,0.18662381999999994,0.15242721399400655,0.034196606005993356,0.0014248585835830564,0.0462195999659187,18.32381633062348,0.034196606005993606
7.158987633206136,805.6089060177686,0.3845309674933275,0.37825616238531967,0.4595812394655583,-6.376406002762323,1.0,1.0188616825159682,84.63551912287217,92.4770080458561,92.4770080458561,2,4,80.0,0,0.0,0.17465467216794098,0.3902308908170069,1,0.03199513109576622,0.53125,807.5641339088979,0.0,52.43757585545492,0.8907388280564994,860.8924485924094,s0297,96,0.18662381999999994,0.15242721399400655,0.034196606005993356,0.0014248585835830564,0.0462195999659187,18.32381633062348,0.034196606005993606
7.257472760994624,814.7564706954397,0.4158251057558862,0.2970018746145831,0.5074523192088936,-5.0637228079427175,1.0,1.0188649800080332,79.81627224814784,94.65201536542544,94.65201536542544,0,6,80.0,0,0.0,0.18392050027754708,0.41730743459453135,3,0.030125701996976954,0.4375,807.5641339088979,0.0,56.68471996600592,0.9379945514154898,865.1868484263193,s0298,96,0.18662381999999994,0.15242721399400655,0.034196606005993356,0.0014248585835830564,0.0462195999659187,18.32381633062348,0.034196606005993606
7.076997901028891,795.5212266125509,0.3854382110310612,0.4205044102373415,0.5052386767673067,-3.9648736023329647,1.0,1.0177355172259366,82.94722284062847,86.57789798787981,86.57789798787981,1,3,80.0,0,0.0,0.19756571931204223,0.3642787472908037,4,0.02942213862153837,0.5416666666666666,807.5641339088979,0.0,50.089084347946276,1.0075851684914148,858.6608034253356,s0299,96,0.18662381999999994,0.15242721399400655,0.034196606005993356,0.0014248585835830564,0.0462195999659187,18.32381633062348,0.034196606005993606
7.207655893370395,810.2225014316932,0.4113752386433688,0.35396307843233676,0.5190571296263268,-4.101706691280658,1.0,1.019435209225594,83.52549476964361,97.89603454727043,97.89603454727043,3,2,80.0,0,0.0,0.15860151134311729,0.44282441692286156,1,0.028518166131385234,0.4270833333333333,807.5641339088979,0.0,60.32621490901418,0.8088677078498979,868.699216525762,s0300,96,0.18662381999999994,0.15242721399400655,0.034196606005993356,0.0014248585835830564,0.0462195999659187,18.32381633062348,0.034196606005993606
7.2312563235113405,811.6798525614333,0.373529714937636,0.3272770288040304,0.44884561458531225,-4.766797151196399,1.0,1.0183977079411508,78.96854235396145,92.01337946158701,92.01337946158701,0,3,80.0,0,0.0,0.15664763366775736,0.38495848393673365,2,0.027908788501196363,0.5104166666666666,807.5641339088979,0.0,52.672733065391554,0.7989029317055628,861.035769905995,s0301,96,0.18662381999999994,0.15242721399400655,0.034196606005993356,0.0014248585835830564,0.0462195999659187,18.32381633062348,0.034196606005993606
7.208329664878152,809.1295980155265,0.40618977222113245,0.34562877302202366,0.4572221698858574,-5.003423568066881,1.0,1.0190143694337415,90.56208182634464,92.18921040808188,92.18921040808188,1,6,80.0,0,0.0,0.1422852506906365,0.3964217875716184,0,0.02837478989597693,0.5104166666666666,807.5641339088979,0.0,53.97298363868546,0.7256547785222458,862.2627723261056,s0302,96,0.18662381999999994,0.15242721399400655,0.034196606005993356,0.0014248585835830564,0.0462195999659187,18.32381633062348,0.034196606005993606
7.133007414128509,801.1754048496691,0.3881571465610564,0.41426112335693344,0.45168381724824713,-5.549078905087495,1.0,1.0189455861100387,79.2181731761297,93.3609077515234,93.3609077515234,0,6,80.0,0,0.0,0.1602773192108871,0.3919275989960172,1,0.026755493105325743,0.5625,807.5641339088979,0.0,52.419721256580466,0.817414327975524,860.8012694934539,s0303,96,0.18662381999999994,0.15242721399400655,0.034196606005993356,0.0014248585835830564,0.0462195999659187,18.32381633062348,0.034196606005993606
7.121785300095819,800.0574497916436,0.38057506057138885,0.393833308110058,0.4410327683176749,-5.19784062651344,1.0,1.0171954508815924,91.45275176089991,84.23394840537875,84.23394840537875,1,2,80.0,0,0.0,0.16302679874353668,0.4218789588322194,2,0.03310446428734998,0.4895833333333333,807.5641339088979,0.0,58.02253184366455,0.8314366735920367,866.4181024261545,s0304,96,0.18662381999999994,0.15242721399400655,0.034196606005993356,0.0014248585835830564,0.0462195999659187,18.32381633062348,0.034196606005993606
7.2004917731595235,808.326984814182,0.3951308096989995,0.42677135592067006,0.4889539165934792,-5.073175869870042,1.0,1.018556106748998,80.00960785169859,92.41487274778734,92.41487274778734,1,5,80.0,0,0.0,0.15498449214041604,0.4538261389840377,1,0.030592046505810416,0.4895833333333333,807.5641339088979,0.0,63.183963544158885,0.7904209099161215,871.5385183629729,s0305,96,0.18662381999999994,0.15242721399400655,0.034196606005993356,0.0014248585835830564,0.0462195999659187,18.32381633062348,0.034196606005993606
7.129900551978551,801.2289939101644,0.4003439946340136,0.417884707774114,0.48170726972134936,-4.165800530228597,1.0,1.0190609437604254,78.17508992584338,94.24635764682208,94.24635764682208,0,4,80.0,0,0.0,0.16249153908372216,0.4013466487178869,2,0.02770332505941857,0.5833333333333334,807.5641339088979,0.0,53.947004948921744,0.8287068493269829,862.3398457071467,s0306,96,0.18662381999999994,0.15242721399400655,0.034196606005993356,0.0014248585835830564,0.0462195999659187,18.32381633062348,0.034196606005993606
7.076139569485827,797.2242630068936,0.3736338425346448,0.36636440956418037,0.43171651568076896,-6.106200766754036,1.0,1.017703355786239,85.96026527821537,85.69458435186378,85.69458435186378,3,7,80.0,0,0.0,0.13456355370595832,0.36526937554991706,0,0.02536827319137631,0.5729166666666666,807.5641339088979,0.0,48.328016746837385,0.6862741239003873,856.5784247796357,s0307,96,0.18662381999999994,0.15242721399400655,0.034196606005993356,0.0014248585835830564,0.0462195999659187,18.32381633062348,0.034196606005993606
7.227264354954615,810.6012570306264,0.3998161371502233,0.35142836046656767,0.5092272627231937,-4.738028914037648,1.0,1.0176743080197113,79.65175923214888,87.54406866895359,87.54406866895359,0,3,80.0,0,0.0,0.19569982317245863,0.46732904049526824,1,0.033356821516530605,0.5520833333333334,807.5641339088979,0.0,63.51897090985592,0.998069098179538,872.0811739169334,s0308,96,0.18662381999999994,0.15242721399400655,0.034196606005993356,0.0014248585835830564,0.0462195999659187,18.32381633062348,0.034196606005993606
7.071852914437199,795.3906914532121,0.3751368754258679,0.40592920009515954,0.4973408631518356,-3.645496947148356,1.0,1.020351142160137,81.9051305484661,101.35498492193098,101.35498492193098,3,5,80.0,0,0.0,0.1943016943393691,0.41672789965697155,3,0.03148559020695855,0.5416666666666666,807.5641339088979,0.0,56.504871331800224,0.9909386411307823,865.059943881829,s0309,96,0.18662381999999994,0.15242721399400655,0.034196606005993356,0.0014248585835830564,0.0462195999659187,18.32381633062348,0.034196606005993606
7.300923443819673,819.0506814734575,0.38051317112996286,0.3558513452893851,0.4980825753602274,-4.961000854289186,1.0,1.018133178173597,85.27182248419452,90.40310468954195,90.40310468954195,1,5,80.0,0,0.0,0.1816713249429862,0.4389944389274374,3,0.03388793216437741,0.4375,807.5641339088979,0.0,60.05449112226138,0.9265237572092296,868.5451487883686,s0310,96,0.18662381999999994,0.15242721399400655,0.034196606005993356,0.0014248585835830564,0.0462195999659187,18.32381633062348,0.034196606005993606
7.2261889625599505,812.8717435814975,0.3832577773518577,0.3124740977367628,0.48479436332730574,-4.666412882531799,1.0,1.0194448433293648,80.9698235232477,96.1493903144,96.1493903144,1,7,80.0,0,0.0,0.1787598198677254,0.41425725842565686,4,0.03213349516637336,0.5104166666666666,807.5641339088979,0.0,56.108039398149955,0.9116750813253991,864.5838483883732,s0311,96,0.18662381999999994,0.15242721399400655,0.034196606005993356,0.0014248585835830564,0.0462195999659187,18.32381633062348,0.034196606005993606
7.2170412840389115,811.3085071460772,0.38343986229246213,0.351515730846337,0.3918771011685287,-4.690713509853482,1.0,1.0185829810368308,79.7678682433385,93.18238186854934,93.18238186854934,0,2,80.0,0,0.0,0.12180823033630347,0.4252507237932452,0,0.0290444906931421,0.4791666666666667,807.5641339088979,0.0,57.806175112503134,0.6212219747151473,865.9915309961162,s0312,96,0.18662381999999994,0.15242721399400655,0.034196606005993356,0.0014248585835830564,0.0462195999659187,18.32381633062348,0.034196606005993606
7.083169323127329,796.8707620967589,0.3747148398781891,0.4141894473687164,0.41873764226206756,-4.865508945154393,1.0,1.0173322160576106,78.72502953524321,84.47277626871467,84.47277626871467,0,3,80.0,0,0.0,0.1649513292244946,0.39023882057835224,1,0.02785037859322115,0.53125,807.5641339088979,0.0,53.38043132700461,0.8412517790449228,861.7858170149475,s0313,96,0.18662381999999994,0.15242721399400655,0.034196606005993356,0.0014248585835830564,0.0462195999659187,18.32381633062348,0.034196606005993606
7.181118179716308,807.0244156735687,0.3906747302253472,0.3788993938379936,0.45598489321094265,-4.745152468996974,1.0,1.017597337642509,80.06154982732807,88.31681727937345,88.31681727937345,1,4,80.0,0,0.0,0.13839218397479497,0.45199950974745395,2,0.030850184419852277,0.4791666666666667,807.5641339088979,0.0,61.73744317751025,0.7058001382714542,870.0073772246797,s0314,96,0.18662381999999994,0.15242721399400655,0.034196606005993356,0.0014248585835830564,0.0462195999659187,18.32381633062348,0.034196606005993606
7.097693577742937,798.3484194434503,0.3816320816663399,0.4052600738966231,0.5433022049127542,-4.217409630168446,1.0,1.0199156617842222,102.86725747454088,97.55489198502,97.55489198502,5,6,80.0,0,0.0,0.209381208986573,0.421141180361163,3,0.03356410988286415,0.5208333333333334,807.5641339088979,0.0,56.974280704263705,1.0678441658315216,865.6062587789932,s0315,96,0.18662381999999994,0.15242721399400655,0.034196606005993356,0.0014248585835830564,0.0462195999659187,18.32381633062348,0.034196606005993606
7.144552189959729,803.2491184899944,0.39378408681279015,0.3942924340455636,0.48896370902916964,-4.221609307393335,1.0,1.0178835953187544,79.26020938869408,88.40743881046433,88.40743881046433,0,1,80.0,0,0.0,0.12636575667949307,0.40728343600309536,0,0.02610425363527446,0.5208333333333334,807.5641339088979,0.0,54.18782478673304,0.6444653590654147,862.3964240546964,s0316,96,0.18662381999999994,0.15242721399400655,0.034196606005993356,0.0014248585835830564,0.0462195999659187,18.32381633062348,0.034196606005993606
7.159376848742282,803.3384047368136,0.37443017808837226,0.4051182209091675,0.47555663806428544,-4.290520037513178,1.0,1.019063148758702,80.89832531935559,94.4653582640765,94.4653582640765,1,7,80.0,0,0.0,0.17253407002129345,0.43733919713594493,2,0.03128918970389517,0.5104166666666666,807.5641339088979,0.0,59.88019444770717,0.8799237571085972,868.3242521137137,s0317,96,0.18662381999999994,0.15242721399400655,0.034196606005993356,0.0014248585835830564,0.0462195999659187,18.32381633062348,0.034196606005993606
7.188525921881807,807.1622473834254,0.3875742650384323,0.3625087020112575,0.534349734156863,-3.815918391437286,1.0,1.019619174470787,84.56192540095086,98.80795653805177,98.80795653805177,1,4,80.0,0,0.0,0.1859478789835933,0.39349108795846705,3,0.028357875294753827,0.53125,807.5641339088979,0.0,52.745559602266574,0.9483341828163259,861.2580276939808,s0318,96,0.18662381999999994,0.15242721399400655,0.034196606005993356,0.0014248585835830564,0.0462195999659187,18.32381633062348,0.034196606005993606
7.187032054850841,806.4965220409154,0.40947450772949917,0.41702451051916545,0.4107475916618273,-4.83161051636461,1.0,1.0180746880142535,77.82319801262344,90.01756633109345,90.01756633109345,0,3,80.0,0,0.0,0.11750292128115986,0.39853492056144035,2,0.030044691494062945,0.4791666666666667,807.5641339088979,0.0,55.6739920553459,0.5992648985339151,863.8373908627777,s0319,96,0.18662381999999994,0.15242721399400655,0.034196606005993356,0.0014248585835830564,0.0462195999659187,18.32381633062348,0.034196606005993606
7.203950920359513,809.5229254955178,0.37103795268748013,0.34465660022223876,0.43123383608770066,-4.698080184070938,1.0,1.017880674190712,80.9686742440404,86.80390415209189,86.80390415209189,1,4,80.0,0,0.0,0.18309738857244529,0.37451969818033753,0,0.028380460116673254,0.5625,807.5641339088979,0.0,50.51457209183494,0.9337966817194711,859.0125026824524,s0320,96,0.18662381999999994,0.15242721399400655,0.034196606005993356,0.0014248585835830564,0.0462195999659187,18.32381633062348,0.034196606005993606
7.163326101691891,805.7511516795382,0.3766110083350982,0.3650177432692857,0.42745644103593194,-4.877648172768167,1.0,1.0165285687468726,81.06692631727311,81.99078135652515,81.99078135652515,2,1,80.0,0,0.0,0.1403297661229924,0.36538769711149516,0,0.024077867621702387,0.53125,807.5641339088979,0.0,49.530647044319494,0.7156818072272612,857.8104627604447,s0321,96,0.18662381999999994,0.15242721399400655,0.034196606005993356,0.0014248585835830564,0.0462195999659187,18.32381633062348,0.034196606005993606
7.196797073805748,807.1835670442435,0.3954899953930761,0.4314976669288403,0.4321852334329407,-5.126550759283405,1.0,1.0183506384627439,81.74381131512042,91.7467175325336,91.7467175325336,1,7,80.0,0,0.0,0.19381445342434384,0.38050608148011406,3,0.0302743065267115,0.5416666666666666,807.5641339088979,0.0,51.26210294984601,0.988453712464154,859.8146905712082,s0322,96,0.18662381999999994,0.15242721399400655,0.034196606005993356,0.0014248585835830564,0.0462195999659187,18.32381633062348,0.034196606005993606
7.06764716182728,794.7389551641636,0.3884453846788162,0.462813686879917,0.4510605277497555,-5.003362319629517,1.0,1.0172472179208818,79.99243957676518,86.58265295784201,86.58265295784201,0,6,80.0,0,0.0,0.15951521069130062,0.3720677303876885,1,0.026896390635453165,0.5625,807.5641339088979,0.0,50.67667902272826,0.8135275745256326,859.0543405061519,s0323,96,0.18662381999999994,0.15242721399400655,0.034196606005993356,0.0014248585835830564,0.0462195999659187,18.32381633062348,0.034196606005993606
7.238444001555041,812.942660824109,0.41023923675580726,0.3595583025667784,0.42286292417510457,-4.207572491132427,1.0,1.0189405049421376,80.73841032738625,95.443769924,95.443769924,1,4,80.0,0,0.0,0.15581758766479795,0.3929985169321636,2,0.0314010380900168,0.5416666666666666,807.5641339088979,0.0,52.985417334832334,0.7946696970904698,861.3442209408208,s0324,96,0.18662381999999994,0.15242721399400655,0.034196606005993356,0.0014248585835830564,0.0462195999659187,18.32381633062348,0.034196606005993606
7.274228488299207,817.2822541469368,0.3909795335521232,0.34957255073068244,0.4341555281500184,-4.043668719207244,1.0,1.0179156994998053,78.18787652155935,88.71398090785671,88.71398090785671,0,6,80.0,0,0.0,0.14841677390536065,0.3767831800210042,1,0.028081450018669817,0.4270833333333333,807.5641339088979,0.0,50.81451144828448,0.7569255469173392,859.1355709040998,s0325,96,0.18662381999999994,0.15242721399400655,0.034196606005993356,0.0014248585835830564,0.0462195999659187,18.32381633062348,0.034196606005993606
7.254288801479962,814.026455556326,0.37872007020232423,0.3693419725013636,0.5004898772477109,-4.619712790546369,1.0,1.0190606333198209,85.09486720638077,94.8574761094548,94.8574761094548,1,3,80.0,0,0.0,0.18366044251287475,0.39811857276280804,3,0.03151202021794198,0.5104166666666666,807.5641339088979,0.0,53.98820136354828,0.9366682568156612,862.4890035292618,s0326,96,0.18662381999999994,0.15242721399400655,0.034196606005993356,0.0014248585835830564,0.0462195999659187,18.32381633062348,0.034196606005993606
7.116306210236632,798.4483587745183,0.38961604641526254,0.4942672101615586,0.4571985191775947,-4.732602575625163,1.0,1.0192173082442124,78.65462379848807,95.02147370146086,95.02147370146086,0,3,80.0,0,0.0,0.2021987074704134,0.3955231212371796,3,0.032001830377194986,0.4895833333333333,807.5641339088979,0.0,53.59095396991564,1.031213408099108,862.1863012869127,s0327,96,0.18662381999999994,0.15242721399400655,0.034196606005993356,0.0014248585835830564,0.0462195999659187,18.32381633062348,0.034196606005993606
7.312244597295706,821.1913622817967,0.39612426390885763,0.350380725119925,0.4598649340676503,-3.970021483628224,1.0,1.0184594101515874,74.82390126896243,90.79262831160598,90.79262831160598,0,1,80.0,0,0.0,0.17360398291986393,0.3942094242110623,1,0.027427178732174772,0.3958333333333333,807.5641339088979,0.0,54.3772160953099,0.8853803128913064,862.8267303170992,s0328,96,0.18662381999999994,0.15242721399400655,0.034196606005993356,0.0014248585835830564,0.0462195999659187,18.32381633062348,0.034196606005993606
7.174948896714119,805.9861918782408,0.4012419810957586,0.32307011826650356,0.49755257451396934,-5.054587882609271,1.0,1.0181897719162147,85.29979396327074,88.91154535398626,88.91154535398626,3,5,80.0,0,0.0,0.15090210493524212,0.4112596092021995,1,0.02816298238585917,0.5104166666666666,807.5641339088979,0.0,55.870664537121506,0.7696007351697343,864.2043991811892,s0329,96,0.18662381999999994,0.15242721399400655,0.034196606005993356,0.0014248585835830564,0.0462195999659187,18.32381633062348,0.034196606005993606
7.077865487224914,796.7604138558297,0.3923658040999371,0.458583974684604,0.5092177126576973,-4.387014162397112,1.0,1.019207313545071,82.26476799285074,96.76716508856919,96.76716508856919,3,2,80.0,0,0.0,0.14385692148520635,0.5013886247779967,2,0.03592886106070294,0.53125,807.5641339088979,0.0,68.1073530706161,0.733670299574552,876.4051572790886,s0330,96,0.18662381999999994,0.15242721399400655,0.034196606005993356,0.0014248585835830564,0.0462195999659187,18.32381633062348,0.034196606005993606
7.173239475799022,806.6798219414143,0.3951161308067549,0.3929566145943624,0.5174440939324851,-4.885266653816667,1.0,1.0177965664594224,80.14823777526244,87.46643870408333,87.46643870408333,1,3,80.0,0,0.0,0.1577655931617256,0.4356743046153186,2,0.03186586369782882,0.5208333333333334,807.5641339088979,0.0,59.67464223962615,0.8046045251248002,868.0433806736488,s0331,96,0.18662381999999994,0.15242721399400655,0.034196606005993356,0.0014248585835830564,0.0462195999659187,18.32381633062348,0.034196606005993606
7.197975652531627,809.0820198644603,0.40491653356809076,0.32996515795677794,0.46892404532186055,-4.764344111392858,1.0,1.0193507225460667,83.7878742504826,95.68282316792727,95.68282316792727,2,4,80.0,0,0.0,0.21602410614491768,0.35114680779482155,3,0.027751148274990166,0.53125,807.5641339088979,0.0,47.43737825101551,1.1017229413390803,856.1032351012525,s0332,96,0.18662381999999994,0.15242721399400655,0.034196606005993356,0.0014248585835830564,0.0462195999659187,18.32381633062348,0.034196606005993606
7.155158512089071,805.0216225675966,0.38473985407138417,0.43744736039118715,0.4901684749307863,-4.881155515228847,1.0,1.0174520205736062,87.03527995835556,88.31495042456756,88.31495042456756,1,4,80.0,0,0.0,0.17482393190974171,0.40354758305512983,1,0.02853282235359028,0.5520833333333334,807.5641339088979,0.0,53.968359410603,0.8916020527396826,862.4240953722406,s0333,96,0.18662381999999994,0.15242721399400655,0.034196606005993356,0.0014248585835830564,0.0462195999659187,18.32381633062348,0.034196606005993606
7.236388372230733,812.3244346757139,0.39505973700029307,0.4060908694695553,0.5499769401944092,-4.4629679811959795,1.0,1.0175900695964224,79.60343623255652,89.05581912452584,89.05581912452584,0,3,80.0,0,0.0,0.22263876035405497,0.4224522731572855,4,0.03151934188175651,0.3958333333333333,807.5641339088979,0.0,58.297196004635,1.1354576778056795,866.9967875913386,s0334,96,0.18662381999999994,0.15242721399400655,0.034196606005993356,0.0014248585835830564,0.0462195999659187,18.32381633062348,0.034196606005993606
7.1698391016889325,805.2294931932959,0.4061197076093585,0.3747391273840694,0.4493619890220849,-4.362630625661054,1.0,1.0172604371864284,86.95828669969686,88.3561998766721,88.3561998766721,3,2,80.0,0,0.0,0.16978933487268516,0.4000293780077134,2,0.029691452736381838,0.5104166666666666,807.5641339088979,0.0,54.231101101240114,0.8659256078506946,862.6611606179888,s0335,96,0.18662381999999994,0.15242721399400655,0.034196606005993356,0.0014248585835830564,0.0462195999659187,18.32381633062348,0.034196606005993606
7.144463162080449,802.7106438706697,0.3900886973403814,0.3796433714869315,0.5221708146323791,-4.37874185358158,1.0,1.0197582106374177,81.49909277848431,97.91085833316592,97.91085833316592,3,5,80.0,0,0.0,0.1808027028721525,0.3998079747294001,2,0.02739318252643168,0.5520833333333334,807.5641339088979,0.0,53.80412188560705,0.9220937846479774,862.2903495791529,s0336,96,0.18662381999999994,0.15242721399400655,0.034196606005993356,0.0014248585835830564,0.0462195999659187,18.32381633062348,0.034196606005993606
7.175303812865817,804.9203981379704,0.41283659371766185,0.4536057103775109,0.4679686862526442,-5.680697710951256,1.0,1.0181824255353273,82.69301726432339,91.26854806286751,91.26854806286751,2,3,80.0,0,0.0,0.18102772768845965,0.4540549056756269,2,0.03446015220784801,0.5208333333333334,807.5641339088979,0.0,61.52662170462971,0.9232414112111439,870.0139970247388,s0337,96,0.18662381999999994,0.15242721399400655,0.034196606005993356,0.0014248585835830564,0.0462195999659187,18.32381633062348,0.034196606005993606
7.196990385018715,809.4505499763048,0.39557761109476913,0.3146937607973017,0.4699163995910258,-5.4097291557624585,1.0,1.0192217315819019,83.89061340805056,94.22927740084404,94.22927740084404,3,4,80.0,0,0.0,0.16833992951531238,0.38885440072728084,0,0.029294314838079302,0.53125,807.5641339088979,0.0,51.42932822791015,0.8585336405280936,859.8519957773361,s0338,96,0.18662381999999994,0.15242721399400655,0.034196606005993356,0.0014248585835830564,0.0462195999659187,18.32381633062348,0.034196606005993606
7.223446744759448,811.2487183446017,0.3882699493375783,0.4152676755744882,0.586223327715519,-4.981161013600352,1.0,1.0185374518835215,80.8910100912329,91.4404525126974,91.4404525126974,1,6,80.0,0,0.0,0.19496717612098138,0.47965136332951425,0,0.03337430794249249,0.4479166666666667,807.5641339088979,0.0,63.89294493633609,0.9943325982170051,872.4514114434511,s0339,96,0.18662381999999994,0.15242721399400655,0.034196606005993356,0.0014248585835830564,0.0462195999659187,18.32381633062348,0.034196606005993606
7.252584110508373,815.1465123419765,0.4123519260588987,0.3514418442952951,0.43389465930302895,-4.677127700628838,1.0,1.016329088182312,76.18344426125367,77.57863555100545,77.57863555100545,0,0,80.0,0,0.0,0.14752204456898158,0.3941881197201632,1,0.02682630079223606,0.4583333333333333,807.5641339088979,0.0,53.752268085869424,0.7523624273018056,862.0687644220692,s0340,96,0.18662381999999994,0.15242721399400655,0.034196606005993356,0.0014248585835830564,0.0462195999659187,18.32381633062348,0.034196606005993606
7.3107240309167185,820.4493932719002,0.41382749395145213,0.3462251837538683,0.5649954793584868,-6.29508826551982,1.0,1.0183420334006243,78.78242122628232,91.66937398925762,91.66937398925762,0,6,80.0,0,0.0,0.17860349117018087,0.5218345255975367,1,0.03592668203055328,0.53125,807.5641339088979,0.0,71.27144036332909,0.9108778049679224,879.7464520771949,s0341,96,0.18662381999999994,0.15242721399400655,0.034196606005993356,0.0014248585835830564,0.0462195999659187,18.32381633062348,0.034196606005993606
7.221331437122586,810.9481135928511,0.41033615021416214,0.3417391795011103,0.501681839735817,-4.809685996426114,1.0,1.0185596682760818,84.35312525489283,94.27991917912294,94.27991917912294,1,4,80.0,0,0.0,0.20744452054789772,0.3786631394278049,3,0.0303932968467548,0.4479166666666667,807.5641339088979,0.0,51.07109261735283,1.057967054794278,859.6931935810451,s0342,96,0.18662381999999994,0.15242721399400655,0.034196606005993356,0.0014248585835830564,0.0462195999659187,18.32381633062348,0.034196606005993606
7.17223231961343,806.5298275240871,0.4157428933451156,0.4047351049275869,0.4442290298816626,-4.200852357306683,1.0,1.016092160466154,85.84619172074444,82.34638010813659,82.34638010813659,1,1,80.0,0,0.0,0.15509477991467752,0.3531488874630789,2,0.025294089389637054,0.53125,807.5641339088979,0.0,48.005095319509884,0.7909833775648558,856.3602126059727,s0343,96,0.18662381999999994,0.15242721399400655,0.034196606005993356,0.0014248585835830564,0.0462195999659187,18.32381633062348,0.034196606005993606
7.153271089335918,804.6442125799824,0.39222879529216714,0.3755800336506801,0.5254291473680268,-4.46270683634053,1.0,1.0181754680048996,86.61955007219478,90.88958659531498,90.88958659531498,1,4,80.0,0,0.0,0.1887588302539094,0.42118838758442684,3,0.03083378212864017,0.4375,807.5641339088979,0.0,58.3481813900649,0.9626700342949379,866.8749853332578,s0344,96,0.18662381999999994,0.15242721399400655,0.034196606005993356,0.0014248585835830564,0.0462195999659187,18.32381633062348,0.034196606005993606
7.188303803071024,807.3079253422422,0.3961709380628692,0.4114559913833801,0.4981892585934277,-4.070222469621154,1.0,1.0189558207440241,85.4964643755428,93.72525122108097,93.72525122108097,1,6,80.0,0,0.0,0.20081845596876097,0.3877109291607843,4,0.029439994560909472,0.53125,807.5641339088979,0.0,52.71534492207197,1.0241741254406802,861.3036529564106,s0345,96,0.18662381999999994,0.15242721399400655,0.034196606005993356,0.0014248585835830564,0.0462195999659187,18.32381633062348,0.034196606005993606
7.154651159835244,803.8607613742436,0.420993084313319,0.39444717338909896,0.4108304847474189,-4.166441966915205,1.0,1.0170106306669615,77.68560748111659,82.01242843504666,82.01242843504666,0,2,80.0,0,0.0,0.14986060932665696,0.3379966633058911,2,0.02436193429800243,0.5416666666666666,807.5641339088979,0.0,46.523816634176264,0.7642891075659504,854.8522396506401,s0346,96,0.18662381999999994,0.15242721399400655,0.034196606005993356,0.0014248585835830564,0.0462195999659187,18.32381633062348,0.034196606005993606
7.176874385258101,806.3263649517389,0.3898892647197855,0.34465656014991497,0.47939207735674066,-4.443321131529967,1.0,1.018118773559983,80.72557286119697,91.76726557720207,91.76726557720207,1,3,80.0,0,0.0,0.17441128312339654,0.4243584570613129,2,0.03171775029386897,0.4895833333333333,807.5641339088979,0.0,58.15060211434581,0.8894975439293223,866.6042335671731,s0347,96,0.18662381999999994,0.15242721399400655,0.034196606005993356,0.0014248585835830564,0.0462195999659187,18.32381633062348,0.034196606005993606
7.119946725420924,800.4240569704486,0.3977611912350355,0.41062340855269985,0.42729383419289313,-5.485869193539149,1.0,1.019573126518788,82.99783076912165,96.78530429435511,96.78530429435511,1,6,80.0,0,0.0,0.17564599813544,0.2935560399402517,1,0.022927212922862195,0.5729166666666666,807.5641339088979,0.0,39.51309665633471,0.8957945904907435,847.9730251557233,s0348,96,0.18662381999999994,0.15242721399400655,0.034196606005993356,0.0014248585835830564,0.0462195999659187,18.32381633062348,0.034196606005993606
7.241296350959715,812.9925358716634,0.4029615910250875,0.3565428510337312,0.44631146355371376,-5.289727906243307,1.0,1.017927129497409,86.30098745956099,87.51333199765202,87.51333199765202,2,7,80.0,0,0.0,0.1627964395398483,0.3876528923993172,0,0.027959996368151743,0.4375,807.5641339088979,0.0,52.351329058396836,0.8302618416532263,860.745724808948,s0349,96,0.18662381999999994,0.15242721399400655,0.034196606005993356,0.0014248585835830564,0.0462195999659187,18.32381633062348,0.034196606005993606
7.11349192584903,799.1478351705045,0.38896707721303136,0.41061140079765135,0.5233018766254063,-4.9434423640223555,1.0,1.0183488152287252,83.47378032380362,90.84220022560862,90.84220022560862,1,8,80.0,0,0.0,0.1912236984282333,0.45371268956080874,1,0.034736831525765045,0.5833333333333334,807.5641339088979,0.0,62.167249249191194,0.97524086198399,870.706624020073,s0350,96,0.18662381999999994,0.15242721399400655,0.034196606005993356,0.0014248585835830564,0.0462195999659187,18.32381633062348,0.034196606005993606
7.308072718228677,821.6925793688853,0.43634439607305553,0.2838771996764846,0.47833691566237996,-5.28686348212899,1.0,1.0168592554151445,77.10629031519375,82.47971160054382,82.47971160054382,0,2,80.0,0,0.0,0.13583555518268134,0.46846701949882186,0,0.030834068601027963,0.4791666666666667,807.5641339088979,0.0,64.35305072367052,0.6927613314316747,872.6099459640002,s0351,96,0.18662381999999994,0.15242721399400655,0.034196606005993356,0.0014248585835830564,0.0462195999659187,18.32381633062348,0.034196606005993606
7.150713653411616,803.0290248256609,0.39419911221486587,0.4235845717321577,0.45205923335136466,-4.604351803189153,1.0,1.0170703157980743,79.47746144515682,83.83747302628667,83.83747302628667,0,1,80.0,0,0.0,0.16998423242217855,0.40735389953409706,1,0.03216318526921542,0.4479166666666667,807.5641339088979,0.0,55.87512919004485,0.8669195853531112,864.3061826842959,s0352,96,0.18662381999999994,0.15242721399400655,0.034196606005993356,0.0014248585835830564,0.0462195999659187,18.32381633062348,0.034196606005993606
7.1380258354388095,802.362604849451,0.38241873670282206,0.38666095951094714,0.460635890643353,-4.8818722278683735,1.0,1.019185653090746,80.87516381810454,95.49556404398025,95.49556404398025,1,3,80.0,0,0.0,0.18176788347169825,0.3603310139693815,1,0.02740995837935442,0.4895833333333333,807.5641339088979,0.0,49.902507803155,0.9270162057056606,858.3936579177586,s0353,96,0.18662381999999994,0.15242721399400655,0.034196606005993356,0.0014248585835830564,0.0462195999659187,18.32381633062348,0.034196606005993606
7.386225465313814,827.5773017183288,0.3872424356154191,0.3666598264548525,0.5208109108876156,-3.9135098017988414,1.0,1.0176602363632221,78.44345072437534,85.27223013867686,85.27223013867686,0,3,80.0,0,0.0,0.1568770443140398,0.4477454096516007,1,0.028702872574726975,0.3854166666666667,807.5641339088979,0.0,60.56509991265129,0.8000729260016028,868.9293067475508,s0354,96,0.18662381999999994,0.15242721399400655,0.034196606005993356,0.0014248585835830564,0.0462195999659187,18.32381633062348,0.034196606005993606
7.143021548899409,802.6200401156115,0.40300235269588425,0.42820074869583724,0.4942435361127024,-5.34195668026176,1.0,1.0191184702871667,82.20308809504678,94.08073907774815,94.08073907774815,2,4,80.0,0,0.0,0.16520530701625308,0.4157282213186705,2,0.03128173760647522,0.5208333333333334,807.5641339088979,0.0,57.1008193520266,0.8425470657828912,865.5075003267075,s0355,96,0.18662381999999994,0.15242721399400655,0.034196606005993356,0.0014248585835830564,0.0462195999659187,18.32381633062348,0.034196606005993606
7.120541233852068,800.586153415451,0.4015838708479921,0.4490812237215608,0.4769440450409752,-4.880040853882517,1.0,1.0212704927915244,90.15703881043797,106.33145763542599,106.33145763542599,2,6,80.0,0,0.0,0.15828314614664116,0.4339892062119296,1,0.02985788075001406,0.5208333333333334,807.5641339088979,0.0,59.82974046836413,0.8072440453478698,868.2011184226099,s0356,96,0.18662381999999994,0.15242721399400655,0.034196606005993356,0.0014248585835830564,0.0462195999659187,18.32381633062348,0.034196606005993606
7.236099020344474,813.9866891276945,0.4278200929892039,0.355145128966593,0.5241143515981916,-5.198037114950433,1.0,1.0179343771820661,79.15845108934867,90.54051962965794,90.54051962965794,0,2,80.0,0,0.0,0.17124055771192018,0.4399269512070738,2,0.032258916771258556,0.4895833333333333,807.5641339088979,0.0,61.283311647773715,0.873326844330793,869.7207724010025,s0357,96,0.18662381999999994,0.15242721399400655,0.034196606005993356,0.0014248585835830564,0.0462195999659187,18.32381633062348,0.034196606005993606
7.154477877544606,804.3749539491312,0.392496006325481,0.323249142552241,0.6016260462095699,-4.751749805906985,1.0,1.0179547257589159,90.25300855403464,87.23055311738447,87.23055311738447,1,5,80.0,0,0.0,0.195002563944031,0.4794037929837347,0,0.03365594756933354,0.5208333333333334,807.5641339088979,0.0,64.7993427689382,0.9945130761145581,873.3579897539507,s0358,96,0.18662381999999994,0.15242721399400655,0.034196606005993356,0.0014248585835830564,0.0462195999659187,18.32381633062348,0.034196606005993606
7.383084642584173,827.4220945767477,0.3950485082948508,0.34057759856201664,0.5124793839878199,-5.027255191942557,1.0,1.0183386139514168,74.78927488759977,89.44398726066358,89.44398726066358,0,2,80.0,0,0.0,0.18467721145006927,0.40282561162728736,1,0.02811086438618572,0.3645833333333333,807.5641339088979,0.0,54.201114549829605,0.941853778395353,862.707102237123,s0359,96,0.18662381999999994,0.15242721399400655,0.034196606005993356,0.0014248585835830564,0.0462195999659187,18.32381633062348,0.034196606005993606
7.141251245651432,802.7006187608497,0.38498497010358335,0.4011764692966669,0.4378064826912987,-4.903477432278728,1.0,1.0191197637992149,84.75666027221746,94.72237273585229,94.72237273585229,1,4,80.0,0,0.0,0.17090680088742505,0.37439525372843285,2,0.028245991694265817,0.4895833333333333,807.5641339088979,0.0,51.35367513509683,0.8716246845258676,859.7894337285206,s0360,96,0.18662381999999994,0.15242721399400655,0.034196606005993356,0.0014248585835830564,0.0462195999659187,18.32381633062348,0.034196606005993606
7.2157139812516276,811.4646495281338,0.41516315389272007,0.3581570832246753,0.43885410350475973,-4.752194405042272,1.0,1.0196398590695654,83.26327660479716,96.85481081340286,96.85481081340286,1,2,80.0,0,0.0,0.1830619258682034,0.3254837353762473,2,0.02520149193069039,0.4270833333333333,807.5641339088979,0.0,44.49685899487333,0.9336158219278372,852.9946087256991,s0361,96,0.18662381999999994,0.15242721399400655,0.034196606005993356,0.0014248585835830564,0.0462195999659187,18.32381633062348,0.034196606005993606
7.1869991387935315,807.9558440780797,0.3947833329276269,0.4172817200780293,0.5612383772359535,-5.511418691927538,1.0,1.017224224045706,80.67236812531613,87.1218309444851,87.1218309444851,1,4,80.0,0,0.0,0.19638191437425298,0.5113749542609849,2,0.03729026618572697,0.5104166666666666,807.5641339088979,0.0,69.72822433659648,1.0015477633086904,878.2939060088031,s0362,96,0.18662381999999994,0.15242721399400655,0.034196606005993356,0.0014248585835830564,0.0462195999659187,18.32381633062348,0.034196606005993606
7.076103139028538,797.0065189459542,0.4184564345107524,0.36040901668825087,0.4989651542637593,-5.175567653124685,1.0,1.017615020595126,85.01084242752653,86.87061261020162,86.87061261020162,3,6,80.0,0,0.0,0.1858604266100078,0.4480699816079017,1,0.032458578537386124,0.5625,807.5641339088979,0.0,61.06821453825469,0.9478881757110396,869.5802366228636,s0363,96,0.18662381999999994,0.15242721399400655,0.034196606005993356,0.0014248585835830564,0.0462195999659187,18.32381633062348,0.034196606005993606
7.131171123325247,801.2188409715103,0.3727611895148935,0.39573417589804927,0.38255153351587035,-4.722569871517702,1.0,1.0165890671314326,76.86316291295068,81.91095831900621,81.91095831900621,0,2,80.0,0,0.0,0.13760761312184178,0.3559766721955266,0,0.02524794605291418,0.5416666666666666,807.5641339088979,0.0,48.490912669962675,0.7017988269213933,856.756845405782,s0364,96,0.18662381999999994,0.15242721399400655,0.034196606005993356,0.0014248585835830564,0.0462195999659187,18.32381633062348,0.034196606005993606
7.252954426041084,815.528249665048,0.39066844329020345,0.32166524912758077,0.42013676100583575,-4.6369728984348555,1.0,1.0188910643126274,76.92975524903697,93.42752247107265,93.42752247107265,0,4,80.0,0,0.0,0.18154079878218762,0.3433759050239352,1,0.025902433820691132,0.46875,807.5641339088979,0.0,46.92902759582489,0.9258580737891569,855.419019578512,s0365,96,0.18662381999999994,0.15242721399400655,0.034196606005993356,0.0014248585835830564,0.0462195999659187,18.32381633062348,0.034196606005993606
7.10329082983115,798.1617826756533,0.38310858090738986,0.41524464825371316,0.4857473812502875,-4.324689718724147,1.0,1.017186555037005,85.18950236802704,87.95070156561611,87.95070156561611,3,4,80.0,0,0.0,0.16669862215332037,0.39820594632555506,2,0.029350280816280338,0.6041666666666666,807.5641339088979,0.0,54.063296402562756,0.8501629729819337,862.4775932844426,s0366,96,0.18662381999999994,0.15242721399400655,0.034196606005993356,0.0014248585835830564,0.0462195999659187,18.32381633062348,0.034196606005993606
7.19905954726491,808.1872293100429,0.39563155468364186,0.3598073023655401,0.4473930243964058,-4.269439735879874,1.0,1.0176322307803665,80.62067999911932,89.35548927939931,89.35548927939931,1,1,80.0,0,0.0,0.1667149066415143,0.37477417040983374,1,0.02636357827704425,0.5,807.5641339088979,0.0,50.574269270992055,0.850246023871723,858.9886492037617,s0367,96,0.18662381999999994,0.15242721399400655,0.034196606005993356,0.0014248585835830564,0.0462195999659187,18.32381633062348,0.034196606005993606
7.272225737690777,816.3143650440036,0.38561749384674376,0.337059965403242,0.3903058842833149,-6.031686549988592,1.0,1.016953450226275,75.04822660970602,80.32309682849615,80.32309682849615,0,2,80.0,0,0.0,0.14263488652889483,0.31735771205677804,0,0.02210168886275422,0.375,807.5641339088979,0.0,43.29068411988732,0.7274379212973633,851.5822559500826,s0368,96,0.18662381999999994,0.15242721399400655,0.034196606005993356,0.0014248585835830564,0.0462195999659187,18.32381633062348,0.034196606005993606
7.19260590723377,807.4448133517411,0.37982883937569,0.36887652559127027,0.47119204119740743,-4.553741500926306,1.0,1.0197376155406455,80.47649505869808,98.31366863153302,98.31366863153302,1,3,80.0,0,0.0,0.16785657364191411,0.38246278439283765,2,0.028328944380873026,0.4479166666666667,807.5641339088979,0.0,51.6848560653495,0.8560685255737621,860.1050584998212,s0369,96,0.18662381999999994,0.15242721399400655,0.034196606005993356,0.0014248585835830564,0.0462195999659187,18.32381633062348,0.034196606005993606
7.238227001470523,812.7984554071121,0.3824517684714248,0.3771388801198824,0.5084111436316954,-5.582038514849984,1.0,1.0188295191515508,84.54006122197157,92.93700736533597,92.93700736533597,2,4,80.0,0,0.0,0.19108176018276207,0.4059532551639279,3,0.028854638082130638,0.46875,807.5641339088979,0.0,54.373415170678676,0.9745169769320866,862.9120660565087,s0370,96,0.18662381999999994,0.15242721399400655,0.034196606005993356,0.0014248585835830564,0.0462195999659187,18.32381633062348,0.034196606005993606
7.149841597035692,802.3329221235726,0.4162642859068321,0.37190071119531126,0.4460147080683436,-4.801421463600575,1.0,1.0171099019983745,82.46917029192227,84.05784148655864,84.05784148655864,1,2,80.0,0,0.0,0.1642594694024831,0.35972878595558,0,0.025269904535730695,0.46875,807.5641339088979,0.0,48.99930205288394,0.8377232939526637,857.4011592557346,s0371,96,0.18662381999999994,0.15242721399400655,0.034196606005993356,0.0014248585835830564,0.0462195999659187,18.32381633062348,0.034196606005993606
7.167451862229624,806.7535273203978,0.3938556761344719,0.36623166863373513,0.4461250571302856,-4.477675310110146,1.0,1.0191182977705253,86.45039205158554,94.90174196877545,94.90174196877545,1,1,80.0,0,0.0,0.16927014620607236,0.40125381514925296,1,0.02760278353119422,0.46875,807.5641339088979,0.0,55.20430097821203,0.8632777456509692,863.6317126327609,s0372,96,0.18662381999999994,0.15242721399400655,0.034196606005993356,0.0014248585835830564,0.0462195999659187,18.32381633062348,0.034196606005993606
7.1027344406419815,799.8971822680464,0.3921543931757107,0.39707303430057783,0.4957749747952578,-4.827997402090997,1.0,1.0183051512370194,90.51940600707172,89.35087994974303,89.35087994974303,4,7,80.0,0,0.0,0.16587380888502753,0.4736838677861529,2,0.03274229330645242,0.5729166666666666,807.5641339088979,0.0,64.07806942629743,0.84595642531364,872.488159760509,s0373,96,0.18662381999999994,0.15242721399400655,0.034196606005993356,0.0014248585835830564,0.0462195999659187,18.32381633062348,0.034196606005993606
7.198391535234849,808.1719523797897,0.3907834894774094,0.41707592134489835,0.45016530760354445,-4.952581809839791,1.0,1.019752705730719,85.33741992978544,99.47069248563999,99.47069248563999,2,3,80.0,0,0.0,0.1903454322109916,0.37178601895952257,4,0.029786844969424648,0.4791666666666667,807.5641339088979,0.0,50.812405998168124,0.9707617042760567,859.3473016113421,s0374,96,0.18662381999999994,0.15242721399400655,0.034196606005993356,0.0014248585835830564,0.0462195999659187,18.32381633062348,0.034196606005993606
7.21297030551495,809.8583266715877,0.4154388379603889,0.4082938750519654,0.46735292737794865,-4.8949831944781685,1.0,1.017488052524807,75.84286927849195,86.32580240955666,86.32580240955666,0,4,80.0,0,0.0,0.15621355523482103,0.410690953146385,3,0.029173285770842484,0.5416666666666666,807.5641339088979,0.0,56.47034445821488,0.7966891316975876,864.8311674988104,s0375,96,0.18662381999999994,0.15242721399400655,0.034196606005993356,0.0014248585835830564,0.0462195999659187,18.32381633062348,0.034196606005993606
7.242238861341194,813.0894990097961,0.39647714879041107,0.41303855786584426,0.46431106978174747,-5.420436653913416,1.0,1.0177939172542012,76.76174626176356,88.30711603745907,88.30711603745907,0,3,80.0,0,0.0,0.1746912923704391,0.4343170907832227,1,0.031497610085251156,0.4583333333333333,807.5641339088979,0.0,59.629477574306286,0.8909255910892391,868.0845370742935,s0376,96,0.18662381999999994,0.15242721399400655,0.034196606005993356,0.0014248585835830564,0.0462195999659187,18.32381633062348,0.034196606005993606
7.134765094592636,802.2281138812523,0.44213682210724914,0.35467709538131487,0.5145994276894257,-3.9626629156258733,1.0,1.0185724680627781,85.68473700681564,91.49512314182495,91.49512314182495,6,5,80.0,0,0.0,0.16888006168604194,0.4729179720642105,2,0.033408141259577764,0.5208333333333334,807.5641339088979,0.0,64.5084226848043,0.8612883145988132,872.933844908301,s0377,96,0.18662381999999994,0.15242721399400655,0.034196606005993356,0.0014248585835830564,0.0462195999659187,18.32381633062348,0.034196606005993606
7.178277777768098,806.712034850216,0.3748842783100389,0.34267038386554305,0.48988464535814247,-4.795443712116007,1.0,1.0192449495841154,88.41996417851952,95.54254229432469,95.54254229432469,2,6,80.0,0,0.0,0.18156833500437133,0.3867362608684989,2,0.02969412151498139,0.5,807.5641339088979,0.0,52.17181307914508,0.9259985085222938,860.6619454965653,s0378,96,0.18662381999999994,0.15242721399400655,0.034196606005993356,0.0014248585835830564,0.0462195999659187,18.32381633062348,0.034196606005993606
7.274545354326815,816.3204868634662,0.3844662572035182,0.3389808299426319,0.5072371725193334,-4.829512388654994,1.0,1.0181068498338837,85.13703221892311,91.93329005346314,91.93329005346314,2,5,80.0,0,0.0,0.20513609160999915,0.4365252634778035,3,0.03373947580399451,0.4270833333333333,807.5641339088979,0.0,59.00438634399727,1.0461940672109955,867.6147143201061,s0379,96,0.18662381999999994,0.15242721399400655,0.034196606005993356,0.0014248585835830564,0.0462195999659187,18.32381633062348,0.034196606005993606
7.259306796259013,816.369291726407,0.39586767083782126,0.3808008837449453,0.49612132306601264,-6.361644311793417,1.0,1.018695590602711,82.45014645282691,94.61023339635656,94.61023339635656,3,3,80.0,0,0.0,0.15728574525686764,0.42119702521881724,2,0.02813578971789969,0.4166666666666667,807.5641339088979,0.0,57.788941114961,0.8021573008100239,866.1552323246689,s0380,96,0.18662381999999994,0.15242721399400655,0.034196606005993356,0.0014248585835830564,0.0462195999659187,18.32381633062348,0.034196606005993606
7.263126741449978,814.7526416617345,0.4061251012669472,0.3206826463986262,0.4916919296936335,-4.503925950978535,1.0,1.0171669927660716,83.72283789193176,84.1434185425518,84.1434185425518,1,5,80.0,0,0.0,0.15870742221544173,0.3576512314245489,0,0.025041323977397553,0.46875,807.5641339088979,0.0,47.413995499128234,0.8094078532987525,855.7875372613249,s0381,96,0.18662381999999994,0.15242721399400655,0.034196606005993356,0.0014248585835830564,0.0462195999659187,18.32381633062348,0.034196606005993606
7.109978229466308,799.1781368986474,0.371037960464007,0.5033233549961735,0.4940903114706436,-4.4394448124397705,1.0,1.0186719271335658,83.10955359259702,91.27813593052373,91.27813593052373,1,4,80.0,0,0.0,0.21398421921469474,0.38907115722299496,3,0.03213975824935193,0.5520833333333334,807.5641339088979,0.0,52.67925534201393,1.0913195179949426,861.3347087689068,s0382,96,0.18662381999999994,0.15242721399400655,0.034196606005993356,0.0014248585835830564,0.0462195999659187,18.32381633062348,0.034196606005993606
7.135330612903652,800.9514648616157,0.38780205569866255,0.428120283719719,0.4550337973521471,-4.335316215014742,1.0,1.0185848105852162,82.7373012041962,92.67023333588939,92.67023333588939,1,3,80.0,0,0.0,0.18770319771697358,0.3896451331910159,3,0.030207096471736146,0.4791666666666667,807.5641339088979,0.0,52.99612564765208,0.9572863083565645,861.5175458649065,s0383,96,0.18662381999999994,0.15242721399400655,0.034196606005993356,0.0014248585835830564,0.0462195999659187,18.32381633062348,0.034196606005993606
7.201205444347197,808.0361050135152,0.39198232686920326,0.41898268700149416,0.45108160080467696,-4.445240439642009,1.0,1.0164423666508202,83.92455812580505,79.70827408848878,79.70827408848878,2,0,80.0,0,0.0,0.141129743811967,0.3843202610760613,0,0.026828400545489153,0.4583333333333333,807.5641339088979,0.0,53.147069100014015,0.719761693441032,861.430964702353,s0384,96,0.18662381999999994,0.15242721399400655,0.034196606005993356,0.0014248585835830564,0.0462195999659187,18.32381633062348,0.034196606005993606
7.137355971536149,802.2842118280917,0.3767772682317577,0.3904583200158354,0.48505531589041734,2.2836251151599822,1.0,1.016908751258291,75.3133057642331,83.78576705855527,83.78576705855527,0,1,80.0,0,0.0,0.1760576209579521,0.3859717438179359,2,0.028203358815749438,0.53125,807.5641339088979,0.0,52.50878296453499,0.8978938668855554,860.9708107403184,s0385,96,0.18662381999999994,0.15242721399400655,0.034196606005993356,0.0014248585835830564,0.0462195999659187,18.32381633062348,0.034196606005993606
7.127100334142568,800.0659978624922,0.3839374204332822,0.39021267229431,0.44959425068284886,-5.654837662330448,1.0,1.018170586807927,87.94615625103528,88.00662501017096,88.00662501017096,4,2,80.0,0,0.0,0.1522614091442398,0.46061579023662225,2,0.034308954661507504,0.4895833333333333,807.5641339088979,0.0,62.604105528746814,0.7765331866356229,870.9447726242804,s0386,96,0.18662381999999994,0.15242721399400655,0.034196606005993356,0.0014248585835830564,0.0462195999659187,18.32381633062348,0.034196606005993606
7.221529349816434,811.0632453971175,0.3791108261169154,0.3372738981434975,0.5063573474749518,-6.338658262076659,1.0,1.0199570993145417,81.24915975626489,99.12090002174692,99.12090002174692,2,9,80.0,0,0.0,0.22130766392639104,0.37295464035375236,6,0.033224731505535836,0.4895833333333333,807.5641339088979,0.0,50.85097571606963,1.1286690860245936,859.5437787109921,s0387,96,0.18662381999999994,0.15242721399400655,0.034196606005993356,0.0014248585835830564,0.0462195999659187,18.32381633062348,0.034196606005993606
7.244626007415674,812.6691439539762,0.3878058196559986,0.37403474899256217,0.5281702011817695,-4.095264045397743,1.0,1.0179226265142163,77.88335071689268,89.84848052285341,89.84848052285341,0,3,80.0,0,0.0,0.1832429214461597,0.46410309948380446,4,0.03389856828928455,0.4479166666666667,807.5641339088979,0.0,63.40893024104188,0.9345388993754148,871.9076030493152,s0388,96,0.18662381999999994,0.15242721399400655,0.034196606005993356,0.0014248585835830564,0.0462195999659187,18.32381633062348,0.034196606005993606
7.092371825187273,797.1657706225803,0.41321841717160046,0.40290580280207644,0.45811696129514334,-5.238048943836543,1.0,1.0183037409426532,82.2340917544834,88.66883568295707,88.66883568295707,1,4,80.0,0,0.0,0.15548352775843557,0.3997898748710248,1,0.028133753241401032,0.5,807.5641339088979,0.0,54.200442896062285,0.7929659915680211,862.5575427965283,s0389,96,0.18662381999999994,0.15242721399400655,0.034196606005993356,0.0014248585835830564,0.0462195999659187,18.32381633062348,0.034196606005993606
7.231242581752303,812.5255186714288,0.4036853505722614,0.37297065167571763,0.4363472646709695,-4.948602350026799,1.0,1.017182049039774,78.37721070060715,85.56702115181223,85.56702115181223,0,3,80.0,0,0.0,0.16373387741008127,0.34110554806313875,2,0.02596015624382056,0.46875,807.5641339088979,0.0,46.39782257876114,0.8350427747914144,854.7969992624505,s0390,96,0.18662381999999994,0.15242721399400655,0.034196606005993356,0.0014248585835830564,0.0462195999659187,18.32381633062348,0.034196606005993606
7.105815266346743,798.582286912393,0.39048177662272393,0.43728586274069725,0.4795893293002156,-6.220277121292146,1.0,1.0204458216478531,82.37800579320674,101.54355116570864,101.54355116570864,3,6,80.0,0,0.0,0.1406985488424667,0.4385746087096463,1,0.029409286786279482,0.5208333333333334,807.5641339088979,0.0,59.95475152472034,0.7175625990965804,868.2364480327149,s0391,96,0.18662381999999994,0.15242721399400655,0.034196606005993356,0.0014248585835830564,0.0462195999659187,18.32381633062348,0.034196606005993606
7.226083778006519,810.5079559771452,0.38290532279966333,0.33046948459880365,0.4838595193472638,-4.653314404983146,1.0,1.0181764762188243,78.63499453311323,88.58774905834268,88.58774905834268,0,7,80.0,0,0.0,0.17552929802090347,0.390463653347749,1,0.0285578609947353,0.5729166666666666,807.5641339088979,0.0,52.579812799686714,0.8951994199066078,861.0391461284912,s0392,96,0.18662381999999994,0.15242721399400655,0.034196606005993356,0.0014248585835830564,0.0462195999659187,18.32381633062348,0.034196606005993606
7.203210548827608,808.3792217703182,0.38258759649216817,0.40971875661249535,0.47801823364089724,-4.070964462068547,1.0,1.0181492953451432,80.62404996997127,88.21957245133125,88.21957245133125,1,4,80.0,0,0.0,0.17159634915749594,0.37476696562772427,3,0.028064334270625414,0.4791666666666667,807.5641339088979,0.0,50.084747633014835,0.875141380703229,858.5240229226159,s0393,96,0.18662381999999994,0.15242721399400655,0.034196606005993356,0.0014248585835830564,0.0462195999659187,18.32381633062348,0.034196606005993606
7.234018042263685,812.957616153163,0.3797766289980871,0.29883879604983776,0.5122868590156628,-4.844841370528006,1.0,1.0180366714532054,81.62499262640165,89.91520711262847,89.91520711262847,3,4,80.0,0,0.0,0.1699564856933358,0.39597690844515954,1,0.02967735265260238,0.4583333333333333,807.5641339088979,0.0,53.121345370676025,0.8667780770360124,861.55225735661,s0394,96,0.18662381999999994,0.15242721399400655,0.034196606005993356,0.0014248585835830564,0.0462195999659187,18.32381633062348,0.034196606005993606
7.2312049059716355,811.1654361765659,0.40390595760077125,0.3715885077051091,0.431732317779871,-4.667017983974442,1.0,1.0185016197476173,84.5930085959266,92.67963226561962,92.67963226561962,1,2,80.0,0,0.0,0.17932514294857466,0.33812707485398136,2,0.02688261241950555,0.5208333333333334,807.5641339088979,0.0,45.82821709587201,0.9145582290377307,854.3069092338077,s0395,96,0.18662381999999994,0.15242721399400655,0.034196606005993356,0.0014248585835830564,0.0462195999659187,18.32381633062348,0.034196606005993606
7.181776668250992,807.2169057731853,0.4029707915233118,0.4138130460000965,0.46837890879547156,-4.237877986560293,1.0,1.0180357633491892,79.2790086701433,89.77708002274892,89.77708002274892,0,4,80.0,0,0.0,0.173260358885493,0.3826889321804239,1,0.028068892926330528,0.4375,807.5641339088979,0.0,52.80354156089894,0.8836278303160147,861.2513033001128,s0396,96,0.18662381999999994,0.15242721399400655,0.034196606005993356,0.0014248585835830564,0.0462195999659187,18.32381633062348,0.034196606005993606
7.119727636758715,799.5113051076905,0.3968411412770358,0.3879351805753152,0.49831618160132507,-4.614732898027782,1.0,1.0178814783970258,86.47648916285813,87.2020544456687,87.2020544456687,2,2,80.0,0,0.0,0.16671567502770568,0.44551030955612814,1,0.03237508512047021,0.6145833333333334,807.5641339088979,0.0,60.084469598775634,0.8502499426412995,868.4988534503149,s0397,96,0.18662381999999994,0.15242721399400655,0.034196606005993356,0.0014248585835830564,0.0462195999659187,18.32381633062348,0.034196606005993606
7.259240895116946,815.0378542287244,0.45507848168443343,0.399479747589745,0.5879330354072663,-6.012817592282829,1.0,1.0173931354100472,85.12422184678894,84.51883667194909,84.51883667194909,1,5,80.0,0,0.0,0.20424983750885015,0.48206830270294876,4,0.037259664121898885,0.4270833333333333,807.5641339088979,0.0,66.93053778489899,1.0416741712951356,875.536345865092,s0398,96,0.18662381999999994,0.15242721399400655,0.034196606005993356,0.0014248585835830564,0.0462195999659187,18.32381633062348,0.034196606005993606
7.145376607604215,803.6058365728195,0.42370938368152566,0.38609819365226594,0.49212089198003484,-6.1807465296348,1.0,1.0177778276904343,77.89287097653211,85.96428544975977,85.96428544975977,0,6,80.0,0,0.0,0.19361872272456843,0.34007475287066247,1,0.02745210097861852,0.5208333333333334,807.5641339088979,0.0,46.34067265179703,0.9874554858952985,854.8922620465903,s0399,96,0.18662381999999994,0.15242721399400655,0.034196606005993356,0.0014248585835830564,0.0462195999659187,18.32381633062348,0.034196606005993606
7.1297689211887025,800.9907092416721,0.37777470202063224,0.4294427089137902,0.46619288136065107,-4.574535730001893,1.0,1.0194577396954962,83.2338523134327,96.64551869442256,96.64551869442256,1,2,80.0,0,0.0,0.17714206200842744,0.4394409624749296,1,0.03134091293704444,0.4895833333333333,807.5641339088979,0.0,60.327458538030236,0.9034245162429794,868.7950169631712,s0400,96,0.18662381999999994,0.15242721399400655,0.034196606005993356,0.0014248585835830564,0.0462195999659187,18.32381633062348,0.034196606005993606
7.192668362928086,809.5247800964842,0.40337033288444385,0.31168469285449407,0.55237422428355,-5.398996610330497,1.0,1.0180082536035029,85.48730095787998,89.2905571245371,89.2905571245371,2,5,80.0,0,0.0,0.18181292980635447,0.4103330131661949,0,0.028211682840693655,0.4791666666666667,807.5641339088979,0.0,56.59147532297102,0.9272459420124075,865.0828551738814,s0401,96,0.18662381999999994,0.15242721399400655,0.034196606005993356,0.0014248585835830564,0.0462195999659187,18.32381633062348,0.034196606005993606
7.134819175955072,802.7626100092518,0.3969755368572618,0.34465620192701024,0.4663501586564972,-3.6689587535538934,1.0,1.0167159856551278,85.72397327430969,81.94875727148698,81.94875727148698,2,2,80.0,0,0.0,0.12721174768037047,0.47382659202735244,1,0.03356728413751813,0.5208333333333334,807.5641339088979,0.0,65.03582722698684,0.6487799131698889,873.2487410490546,s0402,96,0.18662381999999994,0.15242721399400655,0.034196606005993356,0.0014248585835830564,0.0462195999659187,18.32381633062348,0.034196606005993606
7.206579303210542,809.4603011839704,0.4081431914526581,0.32933276381699206,0.46192630189954054,-5.1411014881299115,1.0,1.0198506054221737,78.9895721502686,98.36886969460336,98.36886969460336,0,3,80.0,0,0.0,0.15613756028875128,0.42966404798593694,1,0.031494492957958774,0.5833333333333334,807.5641339088979,0.0,58.009133313237726,0.7963015574726316,866.3695687796082,s0403,96,0.18662381999999994,0.15242721399400655,0.034196606005993356,0.0014248585835830564,0.0462195999659187,18.32381633062348,0.034196606005993606
7.169267207400448,805.2479462264821,0.40039927989974233,0.39311359038642657,0.4651843578605083,-8.365762485167744,1.0,1.0196610718376942,87.18376086885677,96.65960846649814,96.65960846649814,3,9,80.0,0,0.0,0.20274790047384794,0.36915704821119155,5,0.030427670687173232,0.5208333333333334,807.5641339088979,0.0,49.584972239082866,1.034014292416625,858.1831204403974,s0404,96,0.18662381999999994,0.15242721399400655,0.034196606005993356,0.0014248585835830564,0.0462195999659187,18.32381633062348,0.034196606005993606
7.0805628229356135,795.5052671312351,0.40489536336932724,0.40078874470087833,0.5226683391143876,-7.437233764168624,1.0,1.0183978604472679,93.87157662754684,89.32285399755024,89.32285399755024,5,7,80.0,0,0.0,0.14931213223181072,0.4722993047726052,0,0.033366021321129334,0.5416666666666666,807.5641339088979,0.0,64.16317820957484,0.7614918743822343,872.4888039928551,s0405,96,0.18662381999999994,0.15242721399400655,0.034196606005993356,0.0014248585835830564,0.0462195999659187,18.32381633062348,0.034196606005993606
7.033899568656287,790.2869545599023,0.38873191707854404,0.43960722040258965,0.44355830625721143,-4.846287876203269,1.0,1.017768754311983,80.13188035930095,90.03223147831267,90.03223147831267,1,6,80.0,0,0.0,0.1922091653543132,0.37890743841858543,3,0.028806986839128433,0.5729166666666666,807.5641339088979,0.0,51.56215913263118,0.9802667433069973,860.1065597848361,s0406,96,0.18662381999999994,0.15242721399400655,0.034196606005993356,0.0014248585835830564,0.0462195999659187,18.32381633062348,0.034196606005993606
7.14733525411767,803.0927406214794,0.39427636403457117,0.4216220992731313,0.44152284349300397,-4.089691388773016,1.0,1.0168693413161662,83.98427973512553,82.22354198285208,82.22354198285208,1,5,80.0,0,0.0,0.13513340105442767,0.44595577988132323,1,0.030241336237781646,0.5625,807.5641339088979,0.0,61.3948016319683,0.6891803453775809,869.6481158862439,s0407,96,0.18662381999999994,0.15242721399400655,0.034196606005993356,0.0014248585835830564,0.0462195999659187,18.32381633062348,0.034196606005993606
7.0719303588167755,794.3917019573171,0.39056882174921825,0.4522761635504176,0.4965279357861324,-4.262748623842011,1.0,1.016889825083878,85.06416449437204,82.14105658236338,82.14105658236338,2,3,80.0,0,0.0,0.18528608065094235,0.44299813290883927,1,0.0329081967353965,0.5104166666666666,807.5641339088979,0.0,60.37994135427524,0.9449590113198059,868.889034274493,s0408,96,0.18662381999999994,0.15242721399400655,0.034196606005993356,0.0014248585835830564,0.0462195999659187,18.32381633062348,0.034196606005993606
7.0605387749690625,793.5022521086019,0.41050453008617765,0.406998887268467,0.4977984904069592,-4.396062755776878,1.0,1.0169188580695665,85.53819334917452,86.11761430606184,86.11761430606184,2,2,80.0,0,0.0,0.16274503417205,0.42565701970291936,2,0.03139562490255853,0.5729166666666666,807.5641339088979,0.0,57.88484675948085,0.8299996742774545,866.2789803426563,s0409,96,0.18662381999999994,0.15242721399400655,0.034196606005993356,0.0014248585835830564,0.0462195999659187,18.32381633062348,0.034196606005993606
7.174111403567927,806.7363398931172,0.3822663388867951,0.41944923395581535,0.48317610995403265,-5.491848175345935,1.0,1.01682426296574,82.37185540300419,84.32316669410991,84.32316669410991,2,1,80.0,0,0.0,0.1694240197971366,0.41038178563787914,2,0.028436301495679554,0.4791666666666667,807.5641339088979,0.0,55.9017623665484,0.8640625009653964,864.3299587764117,s0410,96,0.18662381999999994,0.15242721399400655,0.034196606005993356,0.0014248585835830564,0.0462195999659187,18.32381633062348,0.034196606005993606
7.123932908676945,800.9754705900268,0.39464365379784305,0.4692288323418245,0.5035034283123592,-5.285422723431698,1.0,1.0177121224062349,89.14705050469509,86.70181532497251,86.70181532497251,2,6,80.0,0,0.0,0.17778540775906057,0.4358214920712566,3,0.03228685354551562,0.5625,807.5641339088979,0.0,59.05095113694994,0.9067055795712089,867.521790625419,s0411,96,0.18662381999999994,0.15242721399400655,0.034196606005993356,0.0014248585835830564,0.0462195999659187,18.32381633062348,0.034196606005993606
7.1256952950589465,802.1487434501349,0.3844834741525413,0.37165459197727624,0.4825011204336867,-4.631020700356146,1.0,1.0192242604303985,83.09300305909632,96.18810327164428,96.18810327164428,2,2,80.0,0,0.0,0.16279651298549747,0.4241638432479348,3,0.03009750318632309,0.4583333333333333,807.5641339088979,0.0,56.2972058938096,0.8302622162260361,864.6916020189336,s0412,96,0.18662381999999994,0.15242721399400655,0.034196606005993356,0.0014248585835830564,0.0462195999659187,18.32381633062348,0.034196606005993606
7.155865421649313,803.605309055082,0.37899949748541156,0.39302734164729225,0.49157083204812413,-5.141175339567553,1.0,1.0172764280999549,79.65923129063252,83.62477884329844,83.62477884329844,0,4,80.0,0,0.0,0.18535748798117058,0.40275355439786503,2,0.02965152110864988,0.5208333333333334,807.5641339088979,0.0,54.47731973966163,0.94532318870397,862.9867768372635,s0413,96,0.18662381999999994,0.15242721399400655,0.034196606005993356,0.0014248585835830564,0.0462195999659187,18.32381633062348,0.034196606005993606
7.07502252078743,796.5530014299177,0.389703597139432,0.45160115450941096,0.5215105655411632,-4.242355383970708,1.0,1.0183344965851655,86.55073280178176,89.86587002470377,89.86587002470377,2,3,80.0,0,0.0,0.1505812427553032,0.46977279476037515,1,0.03183625250998676,0.6041666666666666,807.5641339088979,0.0,63.044812712801615,0.7679643380520466,871.3769109597515,s0414,96,0.18662381999999994,0.15242721399400655,0.034196606005993356,0.0014248585835830564,0.0462195999659187,18.32381633062348,0.034196606005993606
7.189239090737326,807.9362379172617,0.3842055424644146,0.36787782143963194,0.5280999057952241,-5.969985931449695,1.0,1.0196034493930755,84.18489996028858,98.04215907540085,98.04215907540085,2,8,80.0,0,0.0,0.18980659655521687,0.47528714165215336,3,0.035361183743359864,0.5208333333333334,807.5641339088979,0.0,65.07861139663382,0.9680136424316059,873.6107589479634,s0415,96,0.18662381999999994,0.15242721399400655,0.034196606005993356,0.0014248585835830564,0.0462195999659187,18.32381633062348,0.034196606005993606
7.2354915490325205,813.1400735881043,0.38524397338816235,0.3478513533222557,0.4660866184232749,-4.514806793006598,1.0,1.0174109437888665,81.95848142091087,85.94136178253623,85.94136178253623,2,6,80.0,0,0.0,0.1566410524916952,0.37483997862837143,2,0.027354025439724445,0.4583333333333333,807.5641339088979,0.0,51.26769491816753,0.798869367707645,859.6306981947731,s0416,96,0.18662381999999994,0.15242721399400655,0.034196606005993356,0.0014248585835830564,0.0462195999659187,18.32381633062348,0.034196606005993606
7.150933693384153,803.6854177174957,0.388960113143744,0.38445654985169286,0.45926517564094493,-4.574149924357232,1.0,1.0177248908253866,84.95495218325827,87.21282536209122,87.21282536209122,4,6,80.0,0,0.0,0.17308474288873388,0.3753425300327202,2,0.02780360155812272,0.4791666666666667,807.5641339088979,0.0,50.78058537595914,0.8827321887325424,859.2274514735897,s0417,96,0.18662381999999994,0.15242721399400655,0.034196606005993356,0.0014248585835830564,0.0462195999659187,18.32381633062348,0.034196606005993606
7.32238345438204,822.4351149445044,0.4028906231201733,0.31083412700661456,0.4882738670749861,-4.372650581138585,1.0,1.0174373461814408,82.17263443494073,83.95550016989775,83.95550016989775,2,3,80.0,0,0.0,0.16082025735717043,0.4449140884982522,1,0.03035643151622097,0.4166666666666667,807.5641339088979,0.0,61.32766218324526,0.8201833125215687,869.7119794046647,s0418,96,0.18662381999999994,0.15242721399400655,0.034196606005993356,0.0014248585835830564,0.0462195999659187,18.32381633062348,0.034196606005993606
7.148767503169465,803.9900027976312,0.38549613308887976,0.3969998977625986,0.46257380463479,-5.01784125825275,1.0,1.0182854057068136,81.83554474800341,91.31948516577904,91.31948516577904,2,4,80.0,0,0.0,0.12992678074687378,0.45260514801290275,0,0.030710228447776735,0.5625,807.5641339088979,0.0,61.28150473686736,0.6626265818090559,869.5082652275744,s0419,96,0.18662381999999994,0.15242721399400655,0.034196606005993356,0.0014248585835830564,0.0462195999659187,18.32381633062348,0.034196606005993606
7.062606367018789,794.9267616500139,0.39491025939311075,0.48047186693572674,0.47473690818599296,-4.253105379780351,1.0,1.0188397696933749,80.90808306857771,92.98047120396186,92.98047120396186,2,5,80.0,0,0.0,0.19720544304364565,0.4413024438208297,1,0.032009824461663686,0.5520833333333334,807.5641339088979,0.0,59.75378820153042,1.005747759522593,868.3236698699509,s0420,96,0.18662381999999994,0.15242721399400655,0.034196606005993356,0.0014248585835830564,0.0462195999659187,18.32381633062348,0.034196606005993606
7.113405065198695,800.2314363249649,0.4079948429426181,0.4094723600824016,0.4929533369577343,-4.935646113365163,1.0,1.0194637065877985,79.97789565907452,97.37505846174001,97.37505846174001,0,5,80.0,0,0.0,0.19387014012353337,0.41676136871616776,3,0.03158088052937793,0.6041666666666666,807.5641339088979,0.0,56.70771792815542,0.9887377146300202,865.2605895516833,s0421,96,0.18662381999999994,0.15242721399400655,0.034196606005993356,0.0014248585835830564,0.0462195999659187,18.32381633062348,0.034196606005993606
7.122652494268053,801.3358726215095,0.38400102781349676,0.4102868766937942,0.46453643724143107,-4.5371932018250885,1.0,1.019442559672601,86.64612207625862,98.32017210839793,98.32017210839793,1,5,80.0,0,0.0,0.2096634009873913,0.3727195609405335,4,0.029294748569123726,0.5416666666666666,807.5641339088979,0.0,51.43792620197711,1.0692833450356962,860.0713434559108,s0422,96,0.18662381999999994,0.15242721399400655,0.034196606005993356,0.0014248585835830564,0.0462195999659187,18.32381633062348,0.034196606005993606
7.20785022576386,810.1429471436194,0.4095319172198484,0.3926263591675888,0.508501327426087,-3.81826345419519,1.0,1.0189142465616114,79.6730401890723,93.93299763991058,93.93299763991058,0,3,80.0,0,0.0,0.16438017255915213,0.4196515549485129,4,0.029885654864664254,0.46875,807.5641339088979,0.0,57.72439827369425,0.8383388800516759,866.1268710626439,s0423,96,0.18662381999999994,0.15242721399400655,0.034196606005993356,0.0014248585835830564,0.0462195999659187,18.32381633062348,0.034196606005993606
7.302027247479619,819.3061360422485,0.4080426082335245,0.3097546559901835,0.5660292735492395,-5.189026004094905,1.0,1.0183762906750382,92.95380716653735,90.00399691628417,90.00399691628417,2,5,80.0,0,0.0,0.1746027682771292,0.5002784650320437,1,0.034322358621738436,0.4479166666666667,807.5641339088979,0.0,67.25342815742007,0.8904741182133588,875.7080361845314,s0424,96,0.18662381999999994,0.15242721399400655,0.034196606005993356,0.0014248585835830564,0.0462195999659187,18.32381633062348,0.034196606005993606
7.24846184516397,814.4353817775747,0.3970184728516512,0.34459655794597255,0.4635776870505418,-4.028418647988288,1.0,1.0176809272891383,81.84249365973186,86.21240675402228,86.21240675402228,1,3,80.0,0,0.0,0.15192266341142557,0.3843003227739955,0,0.02788913256244828,0.5,807.5641339088979,0.0,52.54118152849548,0.7748055833982704,860.8801210207916,s0425,96,0.18662381999999994,0.15242721399400655,0.034196606005993356,0.0014248585835830564,0.0462195999659187,18.32381633062348,0.034196606005993606
7.186330180265189,806.9758184760167,0.40616551143690793,0.4743843690979675,0.5554392371184002,-1.1754942852566066,1.0,1.0161805045452563,74.31998296827449,77.38929789348938,77.38929789348938,0,0,80.0,0,0.0,0.1568797192344356,0.515843529719122,0,0.035779825352639516,0.46875,807.5641339088979,0.0,70.68435392615702,0.8000865680956215,879.0485744031505,s0426,96,0.18662381999999994,0.15242721399400655,0.034196606005993356,0.0014248585835830564,0.0462195999659187,18.32381633062348,0.034196606005993606
7.174590974810376,804.8297372791485,0.4089195779808866,0.45801204689757424,0.4973463962798502,-4.381043707293926,1.0,1.0177544716775533,77.63565121473452,86.91157155435822,86.91157155435822,0,3,80.0,0,0.0,0.17192488901431244,0.44763943147886,1,0.03385480933202586,0.3958333333333333,807.5641339088979,0.0,60.211639694694,0.8768169339729935,868.652590537565,s0427,96,0.18662381999999994,0.15242721399400655,0.034196606005993356,0.0014248585835830564,0.0462195999659187,18.32381633062348,0.034196606005993606
7.150601238734077,804.568023084435,0.37119412341057345,0.41902286953821505,0.46360491477706023,-5.609500429770976,1.0,1.0186929661882849,80.68031530862721,93.83783632204086,93.83783632204086,2,3,80.0,0,0.0,0.15766875928909777,0.4228793165419417,1,0.030735677785400508,0.4895833333333333,807.5641339088979,0.0,56.672762405984514,0.8041106723743988,865.0410069872568,s0428,96,0.18662381999999994,0.15242721399400655,0.034196606005993356,0.0014248585835830564,0.0462195999659187,18.32381633062348,0.034196606005993606
7.266303818108717,816.3367387772377,0.4181964773064891,0.3654576491786381,0.5362020141333091,-4.387215364376716,1.0,1.016964822018787,82.95889617442667,84.73044353156934,84.73044353156934,3,2,80.0,0,0.0,0.17488055593314972,0.5090597455356263,2,0.03641464560683517,0.4166666666666667,807.5641339088979,0.0,70.81306134925116,0.8918908352590635,879.2690860934082,s0429,96,0.18662381999999994,0.15242721399400655,0.034196606005993356,0.0014248585835830564,0.0462195999659187,18.32381633062348,0.034196606005993606
7.078120456216007,795.809115114556,0.3753701416883716,0.44042511631473,0.504308561297288,-5.972043215650163,1.0,1.018972340103597,83.84297656764743,93.61960464544055,93.61960464544055,2,8,80.0,0,0.0,0.18547038987098446,0.37358207426127077,2,0.026695594069200013,0.6145833333333334,807.5641339088979,0.0,50.70449564012675,0.9458989883420202,859.2145285373667,s0430,96,0.18662381999999994,0.15242721399400655,0.034196606005993356,0.0014248585835830564,0.0462195999659187,18.32381633062348,0.034196606005993606
7.1485717625981575,802.9984393390702,0.4030516869229803,0.37843716956327883,0.42539543661613777,-3.496999091636493,1.0,1.0177496600271598,90.48023588588295,86.87439021015899,86.87439021015899,1,2,80.0,0,0.0,0.14080107411436366,0.4187751443743988,2,0.02966242088387487,0.5729166666666666,807.5641339088979,0.0,57.08993058589011,0.7180854779832547,865.3721499727712,s0431,96,0.18662381999999994,0.15242721399400655,0.034196606005993356,0.0014248585835830564,0.0462195999659187,18.32381633062348,0.034196606005993606
7.26189707438099,814.6656162472445,0.40495545671644606,0.3703235268709939,0.4548238812237994,-5.973555753781208,1.0,1.018627398501553,84.96037157279989,94.64405423067839,94.64405423067839,2,2,80.0,0,0.0,0.1647315991103648,0.37812884506331007,4,0.027363244391567974,0.40625,807.5641339088979,0.0,52.606372455068424,0.8401311554628607,861.0106375194291,s0432,96,0.18662381999999994,0.15242721399400655,0.034196606005993356,0.0014248585835830564,0.0462195999659187,18.32381633062348,0.034196606005993606
7.1875771874229,807.1053325446576,0.39864054218934675,0.33655445813456353,0.45401922404682055,-5.763879014896131,1.0,1.0199942100935417,82.93983020054458,99.58563491499845,99.58563491499845,1,5,80.0,0,0.0,0.16305316419461696,0.39542469313304807,2,0.02840946932846309,0.46875,807.5641339088979,0.0,54.065842749886976,0.8315711373925464,862.4615477961775,s0433,96,0.18662381999999994,0.15242721399400655,0.034196606005993356,0.0014248585835830564,0.0462195999659187,18.32381633062348,0.034196606005993606
7.0575930570352,793.7578760062531,0.37741708380464006,0.45678090469505994,0.49906116513486054,-4.920602647720543,1.0,1.0170073871775114,77.58912781845837,85.4547664063571,85.4547664063571,0,3,80.0,0,0.0,0.20529040735494283,0.4142984197124434,1,0.030598603917434374,0.5,807.5641339088979,0.0,55.75081070758713,1.0469810775102077,864.3619256939952,s0434,96,0.18662381999999994,0.15242721399400655,0.034196606005993356,0.0014248585835830564,0.0462195999659187,18.32381633062348,0.034196606005993606
7.11628089836872,799.5635277880431,0.3800144414500154,0.4419870843009895,0.4721882473099967,-5.228817586767037,1.0,1.0188431525969277,79.4956560901219,93.7224527860202,93.7224527860202,0,6,80.0,0,0.0,0.17027465252584542,0.4150755929289905,2,0.031399155082653035,0.5416666666666666,807.5641339088979,0.0,56.51684251388927,0.8684007278818119,864.9493771506691,s0435,96,0.18662381999999994,0.15242721399400655,0.034196606005993356,0.0014248585835830564,0.0462195999659187,18.32381633062348,0.034196606005993606
7.1413595649513475,801.7473070128351,0.4108617138474228,0.44385681177665576,0.4677930288105149,-5.159469301315089,1.0,1.018043506382086,80.27883616776576,88.82497518522702,88.82497518522702,1,5,80.0,0,0.0,0.17322791472076995,0.3672521563834755,1,0.02662468788517132,0.4895833333333333,807.5641339088979,0.0,49.661630506613406,0.8834623650759265,858.1092267805873,s0436,96,0.18662381999999994,0.15242721399400655,0.034196606005993356,0.0014248585835830564,0.0462195999659187,18.32381633062348,0.034196606005993606
7.193140773735182,808.9250721345966,0.3971319550099825,0.3700690395921614,0.41303763508618285,-3.6554088333009793,1.0,1.0166785228762456,77.78849118520725,80.61058030067392,80.61058030067392,0,1,80.0,0,0.0,0.17033205672292082,0.36581646052819117,3,0.028652271083863496,0.53125,807.5641339088979,0.0,50.561059535300735,0.868693489286896,858.9938869334856,s0437,96,0.18662381999999994,0.15242721399400655,0.034196606005993356,0.0014248585835830564,0.0462195999659187,18.32381633062348,0.034196606005993606
7.107787998414548,798.9020833492884,0.37852914483262406,0.39118217634861396,0.46137207189707174,-5.370177528690597,1.0,1.0166894202979673,84.44667106695626,82.08051992178932,82.08051992178932,2,3,80.0,0,0.0,0.18761103869752627,0.398714967448399,3,0.03180339928778654,0.4895833333333333,807.5641339088979,0.0,53.79024927333296,0.956816297357384,862.3111994795883,s0438,96,0.18662381999999994,0.15242721399400655,0.034196606005993356,0.0014248585835830564,0.0462195999659187,18.32381633062348,0.034196606005993606
7.22139858138661,811.864698632116,0.3743219051999388,0.38139972932673405,0.44406340450691084,-5.159785222494189,1.0,1.017966723416374,82.43801888112456,89.37470068085102,89.37470068085102,1,5,80.0,0,0.0,0.15741442886030033,0.43384362878710314,1,0.030941927848181595,0.4895833333333333,807.5641339088979,0.0,59.306994072470054,0.8028135871875322,867.6739415685555,s0439,96,0.18662381999999994,0.15242721399400655,0.034196606005993356,0.0014248585835830564,0.0462195999659187,18.32381633062348,0.034196606005993606
7.258990523808523,815.396646039421,0.4056042749999241,0.3589215998197376,0.4838768079357638,-4.740876158822552,1.0,1.0165799022046142,83.0777124801948,80.7848504423904,80.7848504423904,1,1,80.0,0,0.0,0.16901418198321394,0.4041543726408084,2,0.028433363064999703,0.4583333333333333,807.5641339088979,0.0,55.756662013996824,0.8619723281143915,864.1827682510091,s0440,96,0.18662381999999994,0.15242721399400655,0.034196606005993356,0.0014248585835830564,0.0462195999659187,18.32381633062348,0.034196606005993606
7.196866824834375,808.6497259318361,0.3921253897798972,0.3675580545355617,0.5115005618156856,-5.809158145487646,1.0,1.018722168662382,84.16444921951887,91.86605147222873,91.86605147222873,1,9,80.0,0,0.0,0.18376432728674816,0.4366944477824841,1,0.03256446246273536,0.4791666666666667,807.5641339088979,0.0,59.723762947689664,0.9371980691624151,868.22509492575,s0441,96,0.18662381999999994,0.15242721399400655,0.034196606005993356,0.0014248585835830564,0.0462195999659187,18.32381633062348,0.034196606005993606
7.236692756547015,813.2709340572258,0.40124928689673006,0.3819279999662807,0.47218723218007697,-6.827291975562922,1.0,1.0189880555531612,84.23390908313554,94.24004014741617,94.24004014741617,4,6,80.0,0,0.0,0.13959569848829012,0.4147317324243337,2,0.028833604690994608,0.4583333333333333,807.5641339088979,0.0,57.37226490434057,0.7119380622902798,865.6483368755288,s0442,96,0.18662381999999994,0.15242721399400655,0.034196606005993356,0.0014248585835830564,0.0462195999659187,18.32381633062348,0.034196606005993606
7.227049963993753,810.6263846492182,0.42138651228081964,0.40156478234705734,0.5272096339124951,-4.699568814441131,1.0,1.0178721314052515,81.7625963663929,86.22108845933958,86.22108845933958,2,2,80.0,0,0.0,0.1706676643392066,0.4456272995207763,0,0.03036563805172889,0.4895833333333333,807.5641339088979,0.0,58.941338574770164,0.8704050881299537,867.375877571798,s0443,96,0.18662381999999994,0.15242721399400655,0.034196606005993356,0.0014248585835830564,0.0462195999659187,18.32381633062348,0.034196606005993606
7.12764736203447,799.5592042501698,0.4035326184468032,0.4119312330375089,0.4726834913042397,-4.6244134927338925,1.0,1.0182908654331182,83.42322404948652,90.67828682040722,90.67828682040722,2,2,80.0,0,0.0,0.18118890619590294,0.41542683322417195,2,0.030952097714713963,0.5104166666666666,807.5641339088979,0.0,56.225609977438815,0.9240634215991048,864.7138073079359,s0444,96,0.18662381999999994,0.15242721399400655,0.034196606005993356,0.0014248585835830564,0.0462195999659187,18.32381633062348,0.034196606005993606
7.314287407324101,822.5872384404191,0.43648639774490616,0.34937907983736116,0.4865381876669511,-5.020451819583818,1.0,1.0173611580371387,80.91323303311724,84.45771119493732,84.45771119493732,1,2,80.0,0,0.0,0.1706962775076169,0.4327431930852683,1,0.02955918656295197,0.46875,807.5641339088979,0.0,60.217552553994736,0.8705510152888458,868.6522374781815,s0445,96,0.18662381999999994,0.15242721399400655,0.034196606005993356,0.0014248585835830564,0.0462195999659187,18.32381633062348,0.034196606005993606
7.274874241125499,816.5296760724134,0.3821673196081342,0.3751287098654662,0.5672812206335149,-4.4979457571728,1.0,1.0193949966624858,89.50699506158965,96.33449448398002,96.33449448398002,2,4,80.0,0,0.0,0.18533081412531974,0.45740924706154007,3,0.03149154723361226,0.4270833333333333,807.5641339088979,0.0,62.459637332618456,0.9451871520391312,870.9689583935556,s0446,96,0.18662381999999994,0.15242721399400655,0.034196606005993356,0.0014248585835830564,0.0462195999659187,18.32381633062348,0.034196606005993606
7.160565908687629,804.545875686556,0.3807310606338215,0.38827783632581625,0.4640865299531336,-3.66907067065114,1.0,1.0182383825660128,82.54305318824618,92.68732975402415,92.68732975402415,1,3,80.0,0,0.0,0.14352959101319468,0.3951651158475158,1,0.029105790524275785,0.53125,807.5641339088979,0.0,52.74192592202506,0.732000914167293,861.0380607450903,s0447,96,0.18662381999999994,0.15242721399400655,0.034196606005993356,0.0014248585835830564,0.0462195999659187,18.32381633062348,0.034196606005993606
7.037420979522196,791.7935340084537,0.3993553521453657,0.3960983206237158,0.4583318534923395,-4.270583036215558,1.0,1.01703069065526,84.5427189431674,85.64252949953581,85.64252949953581,3,4,80.0,0,0.0,0.16588321014509566,0.40793920953869567,4,0.03218389898261792,0.5625,807.5641339088979,0.0,55.25704058747536,0.8460043717399874,863.6671788681133,s0448,96,0.18662381999999994,0.15242721399400655,0.034196606005993356,0.0014248585835830564,0.0462195999659187,18.32381633062348,0.034196606005993606
7.260266173806045,815.1219148668558,0.3880782397661807,0.3397530220073015,0.4944598168975841,-4.130237816798884,1.0,1.0170126163225353,81.24479551163104,84.4963578680805,84.4963578680805,1,2,80.0,0,0.0,0.17472783558305544,0.4015040445176153,2,0.029182898628516026,0.4479166666666667,807.5641339088979,0.0,53.10937368361031,0.8911119614735828,861.5646195539819,s0449,96,0.18662381999999994,0.15242721399400655,0.034196606005993356,0.0014248585835830564,0.0462195999659187,18.32381633062348,0.034196606005993606
7.189606083983338,807.5448200972775,0.41251814845177587,0.3653161852494379,0.43948766962889263,-4.621605629182912,1.0,1.0168776836631084,79.70000131657497,80.98878629457508,80.98878629457508,0,1,80.0,0,0.0,0.14079356541185753,0.40817750275991116,1,0.027471141188903116,0.5104166666666666,807.5641339088979,0.0,55.9337369463382,0.7180471836004736,864.2159180388365,s0450,96,0.18662381999999994,0.15242721399400655,0.034196606005993356,0.0014248585835830564,0.0462195999659187,18.32381633062348,0.034196606005993606
7.204705435222459,809.6270974905168,0.4007908882606336,0.3304455467108759,0.5174491431778634,-5.1127621668916525,1.0,1.0182843483666753,93.79683840460126,88.57700680323681,88.57700680323681,2,5,80.0,0,0.0,0.15464373623662375,0.3886649217860795,1,0.02835274915245814,0.5,807.5641339088979,0.0,52.2850369016662,0.7886830548067814,860.637853865371,s0451,96,0.18662381999999994,0.15242721399400655,0.034196606005993356,0.0014248585835830564,0.0462195999659187,18.32381633062348,0.034196606005993606
7.081551064207338,795.1854591774762,0.37103795825665414,0.44862040041969087,0.4655306069244516,-5.008344225388824,1.0,1.01941458572925,79.42694579677148,96.71237582809898,96.71237582809898,0,3,80.0,0,0.0,0.2036066862035724,0.35582245550829616,1,0.026833979185287613,0.5104166666666666,807.5641339088979,0.0,48.090821285498286,1.0383940996382188,856.6933492940344,s0452,96,0.18662381999999994,0.15242721399400655,0.034196606005993356,0.0014248585835830564,0.0462195999659187,18.32381633062348,0.034196606005993606
7.109476784031376,798.5159966136725,0.3937867477467485,0.36794135157243935,0.5056757865393859,-5.537431678563223,1.0,1.0206751115517692,83.44779304719555,102.45603950669229,102.45603950669229,2,6,80.0,0,0.0,0.18982228670681892,0.4000111406317637,1,0.032082559344807325,0.5520833333333334,807.5641339088979,0.0,54.58569658903415,0.9680936622047768,863.1179241601368,s0453,96,0.18662381999999994,0.15242721399400655,0.034196606005993356,0.0014248585835830564,0.0462195999659187,18.32381633062348,0.034196606005993606
7.2297733682589715,810.8129268271271,0.42181295577211503,0.38034316378752164,0.5175943625036983,-4.414973240429546,1.0,1.0199181684038185,81.11083443575117,98.23441922831636,98.23441922831636,1,3,80.0,0,0.0,0.17785467120015322,0.4086766428468931,3,0.03202550921000501,0.46875,807.5641339088979,0.0,56.21467988192991,0.9070588231207815,864.6858726139486,s0454,96,0.18662381999999994,0.15242721399400655,0.034196606005993356,0.0014248585835830564,0.0462195999659187,18.32381633062348,0.034196606005993606
7.0661054116210735,794.4496772980744,0.3809237465535632,0.4197842526314322,0.448300624927104,-4.3403420700201005,1.0,1.0170782453415057,87.15749669320796,85.69994166284582,85.69994166284582,2,5,80.0,0,0.0,0.16286553940926957,0.3394017200800308,0,0.024685035469682308,0.6041666666666666,807.5641339088979,0.0,46.2584282816003,0.8306142509872749,854.6531764414856,s0455,96,0.18662381999999994,0.15242721399400655,0.034196606005993356,0.0014248585835830564,0.0462195999659187,18.32381633062348,0.034196606005993606
7.191366841594666,806.7536768704874,0.3730901599572885,0.4018595360061279,0.3574514474810039,-4.427030437100041,1.0,1.016247285623184,78.87413068611829,78.73118452733334,78.73118452733334,0,0,80.0,0,0.0,0.12178023693046493,0.3334020523996932,1,0.0243371814251794,0.53125,807.5641339088979,0.0,44.96890968764047,0.621079208345371,853.1541228048837,s0456,96,0.18662381999999994,0.15242721399400655,0.034196606005993356,0.0014248585835830564,0.0462195999659187,18.32381633062348,0.034196606005993606
7.249458521361089,814.599304073641,0.3913234002215001,0.3221294471063644,0.4477294825272603,-4.842704955133985,1.0,1.0195088733960083,80.40131070079053,96.46679444697334,96.46679444697334,2,5,80.0,0,0.0,0.17462706874690337,0.41541546053416045,2,0.03259197245593932,0.46875,807.5641339088979,0.0,57.03668433212691,0.8905980506092067,865.4914162916341,s0457,96,0.18662381999999994,0.15242721399400655,0.034196606005993356,0.0014248585835830564,0.0462195999659187,18.32381633062348,0.034196606005993606
7.073776864291476,795.3957330575679,0.4064209540186554,0.4169986475620424,0.46347696184052956,-4.740181686168109,1.0,1.0199097736175922,83.93938522716799,98.19280539593429,98.19280539593429,2,5,80.0,0,0.0,0.15338010678229194,0.4708477991310691,2,0.0320276511976921,0.6354166666666666,807.5641339088979,0.0,64.50157554913423,0.7822385445896893,872.8479480026219,s0458,96,0.18662381999999994,0.15242721399400655,0.034196606005993356,0.0014248585835830564,0.0462195999659187,18.32381633062348,0.034196606005993606
7.12822077347521,801.0234321623263,0.3719458566535285,0.34706358873991,0.4718586905499923,-4.0605676997710125,1.0,1.0194008082313961,88.47554244975528,95.66981091437772,95.66981091437772,2,3,80.0,0,0.0,0.17636986826122536,0.39088368089183223,4,0.02919680156245403,0.5416666666666666,807.5641339088979,0.0,52.6973792723932,0.8994863281322485,861.1609995094234,s0459,96,0.18662381999999994,0.15242721399400655,0.034196606005993356,0.0014248585835830564,0.0462195999659187,18.32381633062348,0.034196606005993606
7.2442218950576835,813.1541825053007,0.4017777969849548,0.38340363498648017,0.5200729230643322,-4.797126523451694,1.0,1.0171285323596364,86.24550578756491,85.576122731452,85.576122731452,3,3,80.0,0,0.0,0.17411912927619985,0.4179823370650547,4,0.032483998167831124,0.4270833333333333,807.5641339088979,0.0,58.051754745326214,0.8880075593086197,866.5038962135328,s0460,96,0.18662381999999994,0.15242721399400655,0.034196606005993356,0.0014248585835830564,0.0462195999659187,18.32381633062348,0.034196606005993606
7.243004907978531,813.6070797334285,0.3799451092940909,0.3324545580670557,0.47325344392604013,-4.509074356947611,1.0,1.0168530200463337,79.77482075040518,84.54811645677849,84.54811645677849,0,3,80.0,0,0.0,0.1646550620572144,0.41885986767066286,2,0.029910013913013445,0.46875,807.5641339088979,0.0,56.89836523701177,0.8397408164917928,865.3022399624015,s0461,96,0.18662381999999994,0.15242721399400655,0.034196606005993356,0.0014248585835830564,0.0462195999659187,18.32381633062348,0.034196606005993606
7.255207646798519,816.6745454095474,0.5245926345254566,0.3658331956681093,0.5397868460745934,-3.7010149876279463,1.0,1.0169962379056552,80.3740218302028,81.9112733385646,81.9112733385646,1,4,80.0,0,0.0,0.1763264278731036,0.46591464364666463,2,0.039635234637006383,0.46875,807.5641339088979,0.0,64.24497398970443,0.8992647821528282,872.7083726807552,s0462,96,0.18662381999999994,0.15242721399400655,0.034196606005993356,0.0014248585835830564,0.0462195999659187,18.32381633062348,0.034196606005993606
7.292651146717002,818.217948210721,0.4052568832455061,0.3643286503176573,0.5446537803574315,-5.380719127459005,1.0,1.0175300317605787,80.46098658037084,85.51949231217627,85.51949231217627,1,3,80.0,0,0.0,0.20792301733084462,0.40946731160958777,5,0.03200353203277891,0.5,807.5641339088979,0.0,55.19420492790807,1.0604073883873082,863.8187462251933,s0463,96,0.18662381999999994,0.15242721399400655,0.034196606005993356,0.0014248585835830564,0.0462195999659187,18.32381633062348,0.034196606005993606
7.062678387719691,796.4879335635032,0.4913747378600976,0.40351519938521785,0.660800358530145,-4.913630470334668,1.0,1.0326810103460504,185.0801678653973,157.4918441695489,157.4918441695489,3,7,80.0,0,0.0,0.15052078415135042,0.5999203779936957,1,0.061925079572727845,0.5520833333333334,807.5641339088979,0.0,83.71531401189092,0.7676559991718873,892.0471039199607,s0464,96,0.18662381999999994,0.15242721399400655,0.034196606005993356,0.0014248585835830564,0.0462195999659187,18.32381633062348,0.034196606005993606
7.244808285575122,814.3241154013534,0.42796996365694967,0.3923632979001819,0.517219528982312,-4.026197526976488,1.0,1.0184036064567006,90.41255261539483,90.41593470368157,90.41593470368157,1,2,80.0,0,0.0,0.15400025572864615,0.4678828784706677,1,0.032817134252091616,0.46875,807.5641339088979,0.0,66.06866448225867,0.7854013042160954,874.4181996953727,s0465,96,0.18662381999999994,0.15242721399400655,0.034196606005993356,0.0014248585835830564,0.0462195999659187,18.32381633062348,0.034196606005993606
7.082700568530869,795.5081302953622,0.3722320299869677,0.367827969179698,0.4452933880720446,-5.21471788471658,1.0,1.0231301971052587,104.3656636231651,116.21307547942146,116.21307547942146,3,5,80.0,0,0.0,0.18255705859027166,0.373242967763989,2,0.03150373671294947,0.53125,807.5641339088979,0.0,51.68408346715228,0.9310409988103846,860.1792583748606,s0466,96,0.18662381999999994,0.15242721399400655,0.034196606005993356,0.0014248585835830564,0.0462195999659187,18.32381633062348,0.034196606005993606
7.219498969475687,810.4296996511856,0.39440740175905703,0.34968180891785894,0.4130205688947291,-4.7177565773345185,1.0,1.0168417505869634,80.86882670979026,81.1043418826926,81.1043418826926,2,1,80.0,0,0.0,0.16323202560100575,0.32556997423025197,2,0.024929817703548126,0.46875,807.5641339088979,0.0,43.85600791583085,0.8324833305651286,852.2526251552939,s0467,96,0.18662381999999994,0.15242721399400655,0.034196606005993356,0.0014248585835830564,0.0462195999659187,18.32381633062348,0.034196606005993606
7.254456789005255,813.6991588618079,0.4014901392530335,0.36134904474367824,0.43971964222840254,-4.463790861893023,1.0,1.0180957142273113,81.02864900801835,90.14747279879788,90.14747279879788,1,4,80.0,0,0.0,0.1862527637706696,0.36848321508089726,1,0.028544894489796253,0.4479166666666667,807.5641339088979,0.0,51.00131747263894,0.9498890952304149,859.5153404767673,s0468,96,0.18662381999999994,0.15242721399400655,0.034196606005993356,0.0014248585835830564,0.0462195999659187,18.32381633062348,0.034196606005993606
7.1132375821164775,799.2474233531191,0.3826166174566874,0.3813768117008808,0.48104474621914417,-5.386951031584798,1.0,1.0192799377649095,82.42094891482641,95.48047921990212,95.48047921990212,2,4,80.0,0,0.0,0.17335348855969912,0.3883396846358349,2,0.028138272399652105,0.5625,807.5641339088979,0.0,53.240830763000716,0.8841027916544655,861.6890674635531,s0469,96,0.18662381999999994,0.15242721399400655,0.034196606005993356,0.0014248585835830564,0.0462195999659187,18.32381633062348,0.034196606005993606
7.053486966797709,793.9354284062367,0.3710379539202623,0.3742047395603453,0.48555029836592,-5.056387672586913,1.0,1.020210331464897,101.2047360426885,100.90414812589015,100.90414812589015,5,6,80.0,0,0.0,0.17005782503268638,0.4293246670191547,2,0.03442115370394107,0.5729166666666666,807.5641339088979,0.0,58.89094288740801,0.8672949076667004,867.3223717039726,s0470,96,0.18662381999999994,0.15242721399400655,0.034196606005993356,0.0014248585835830564,0.0462195999659187,18.32381633062348,0.034196606005993606
7.0876547649208455,799.494738447185,0.38992091732784023,0.40996947794426847,0.5294282215610498,-4.273811897289717,1.0,1.0182846814703623,85.66449702631068,90.85340967534293,90.85340967534293,2,3,80.0,0,0.0,0.15957480338500266,0.482688277455563,1,0.033392699267289785,0.5208333333333334,807.5641339088979,0.0,64.97487993166703,0.813831497263513,873.3528453378285,s0471,96,0.18662381999999994,0.15242721399400655,0.034196606005993356,0.0014248585835830564,0.0462195999659187,18.32381633062348,0.034196606005993606
7.310286460799844,820.5603276243721,0.4069000762800941,0.3405464624847161,0.47440198002828327,-4.933228902067188,1.0,1.018824679519253,78.7068441449946,93.78824287933637,93.78824287933637,0,4,80.0,0,0.0,0.16321389162188654,0.38990223117807576,2,0.029630274354483763,0.4270833333333333,807.5641339088979,0.0,52.78595432730628,0.8323908472716214,861.1824790834759,s0472,96,0.18662381999999994,0.15242721399400655,0.034196606005993356,0.0014248585835830564,0.0462195999659187,18.32381633062348,0.034196606005993606
7.210038186978522,809.5724853024722,0.40888852520877983,0.39518759886910676,0.5167094278066118,-4.657827591085017,1.0,1.0182821144496839,80.40478995273286,91.77585825702886,91.77585825702886,2,3,80.0,0,0.0,0.1594797264078683,0.46565660487987215,3,0.03282608393353513,0.5208333333333334,807.5641339088979,0.0,63.60122789870552,0.8133466046801275,871.9787084122835,s0473,96,0.18662381999999994,0.15242721399400655,0.034196606005993356,0.0014248585835830564,0.0462195999659187,18.32381633062348,0.034196606005993606
7.103161866633931,798.6715009615991,0.40885032750742734,0.3751073446377533,0.49135814416814905,-4.42466916595665,1.0,1.0228719797404562,88.48980874828601,113.1380861056223,113.1380861056223,1,3,80.0,0,0.0,0.16536405580259692,0.47677317252651596,2,0.03398129460109656,0.5416666666666666,807.5641339088979,0.0,66.15564514074511,0.8433566845932438,874.5631357342363,s0474,96,0.18662381999999994,0.15242721399400655,0.034196606005993356,0.0014248585835830564,0.0462195999659187,18.32381633062348,0.034196606005993606
7.21837391243197,810.0290219388922,0.4145862116228112,0.3772394428191693,0.49304785895876835,-5.0919032781442555,1.0,1.018318051691429,83.09485721080179,89.68724492175863,89.68724492175863,1,5,80.0,0,0.0,0.161272472707195,0.43560363598860513,0,0.03145506325175546,0.46875,807.5641339088979,0.0,59.02472567581433,0.8224896108066942,867.4113491955189,s0475,96,0.18662381999999994,0.15242721399400655,0.034196606005993356,0.0014248585835830564,0.0462195999659187,18.32381633062348,0.034196606005993606
7.236491795857528,812.9534617155052,0.3908653051379515,0.4109516085682941,0.4619476327549832,-5.685239877555651,1.0,1.0177054336314575,84.00866085174476,87.76049469462536,87.76049469462536,1,6,80.0,0,0.0,0.15873497569805922,0.4240141652341311,1,0.030502877599210092,0.4375,807.5641339088979,0.0,57.60587589925161,0.8095483760601022,865.9795581842096,s0476,96,0.18662381999999994,0.15242721399400655,0.034196606005993356,0.0014248585835830564,0.0462195999659187,18.32381633062348,0.034196606005993606
7.0206470542722474,790.6460143626136,0.3771747268721526,0.487291076810345,0.4774561713702627,-4.99435868886727,1.0,1.0184080662292738,79.4770457661173,92.10155920498862,92.10155920498862,0,4,80.0,0,0.0,0.17941829670482698,0.4602327152950416,3,0.03556352668839652,0.5,807.5641339088979,0.0,62.556023233619214,0.9150333131946168,871.0351904557118,s0477,96,0.18662381999999994,0.15242721399400655,0.034196606005993356,0.0014248585835830564,0.0462195999659187,18.32381633062348,0.034196606005993606
7.213923231832791,810.3384751505953,0.3865734393592296,0.3430980020836656,0.4745127683142115,-4.345009574740739,1.0,1.019170190605773,81.94073737552647,95.92007452393571,95.92007452393571,1,5,80.0,0,0.0,0.17625235960090804,0.4013407755159474,2,0.030051771761817368,0.53125,807.5641339088979,0.0,55.28592632636762,0.8988870339646305,863.7489472692303,s0478,96,0.18662381999999994,0.15242721399400655,0.034196606005993356,0.0014248585835830564,0.0462195999659187,18.32381633062348,0.034196606005993606
7.176573236508779,806.5905113846254,0.3955628682029112,0.3750696827933534,0.4402149332590633,-4.904243234436531,1.0,1.0177851244500744,78.35593106622399,86.47929166517463,86.47929166517463,0,2,80.0,0,0.0,0.16554575709760236,0.3970388468805476,1,0.0290292727441295,0.5,807.5641339088979,0.0,53.91377805061704,0.8442833611977717,862.3221953207127,s0479,96,0.18662381999999994,0.15242721399400655,0.034196606005993356,0.0014248585835830564,0.0462195999659187,18.32381633062348,0.034196606005993606
7.272442738205856,816.3379140010125,0.45603626353878185,0.33619672070725365,0.5096454569537877,-3.808212111768435,1.0,1.0168222016121584,78.60568961825294,81.81228717265647,81.81228717265647,0,3,80.0,0,0.0,0.1942823197158037,0.42474259984468793,0,0.03232146262754167,0.53125,807.5641339088979,0.0,58.16078091146724,0.9908398305505993,866.7157546509158,s0480,96,0.18662381999999994,0.15242721399400655,0.034196606005993356,0.0014248585835830564,0.0462195999659187,18.32381633062348,0.034196606005993606
7.288989959507928,816.982138988848,0.38995205931278154,0.4290982049246568,0.49366890194295454,-4.982552495331217,1.0,1.0164182019861427,79.3776037209234,83.23363960225889,83.23363960225889,0,3,80.0,0,0.0,0.16128683652509537,0.41543643832700006,1,0.028632913756346703,0.3645833333333333,807.5641339088979,0.0,56.842566272471345,0.8225628662779866,865.2292630476472,s0481,96,0.18662381999999994,0.15242721399400655,0.034196606005993356,0.0014248585835830564,0.0462195999659187,18.32381633062348,0.034196606005993606
7.168570049598708,805.7968537349702,0.39889115270781694,0.3573836494140926,0.4396832880391425,-4.961789190120158,1.0,1.0181242314748702,84.36287679566308,92.00937293085674,92.00937293085674,3,4,80.0,0,0.0,0.15466422745711264,0.4179074106716224,2,0.03058540593954239,0.46875,807.5641339088979,0.0,56.81432446590913,0.7887875600312745,865.1672459348384,s0482,96,0.18662381999999994,0.15242721399400655,0.034196606005993356,0.0014248585835830564,0.0462195999659187,18.32381633062348,0.034196606005993606
7.095127498570477,798.5108675524764,0.39458308132630243,0.3817740796504233,0.5012664049448418,-3.5491251991162813,1.0,1.018349432679194,81.19861913615637,91.92560386766874,91.92560386766874,1,5,80.0,0,0.0,0.18483447285976903,0.4349661277356874,4,0.03106635628321287,0.5104166666666666,807.5641339088979,0.0,59.120493390124956,0.9426558115848216,867.6272831106077,s0483,96,0.18662381999999994,0.15242721399400655,0.034196606005993356,0.0014248585835830564,0.0462195999659187,18.32381633062348,0.034196606005993606
7.2340884675858455,812.646460889219,0.3906968450374934,0.33210875779869126,0.5172412012327046,-4.690190052495003,1.0,1.0197555286906301,82.3590181118537,97.68949207061094,97.68949207061094,1,5,80.0,0,0.0,0.20944011057261866,0.40460146704013245,6,0.03230959282962652,0.4791666666666667,807.5641339088979,0.0,54.87545724641701,1.0681445639203542,863.5077357192353,s0484,96,0.18662381999999994,0.15242721399400655,0.034196606005993356,0.0014248585835830564,0.0462195999659187,18.32381633062348,0.034196606005993606
7.238288755522994,812.9875496622653,0.39784938154283317,0.39199981755704616,0.5216609259302333,-5.237110466162373,1.0,1.0180049637358828,83.22299327035584,91.53029124384457,91.53029124384457,3,7,80.0,0,0.0,0.21017522969451194,0.3489539391747719,4,0.02929472988168751,0.4895833333333333,807.5641339088979,0.0,47.460715115436926,1.0718936714420104,856.0967426957768,s0485,96,0.18662381999999994,0.15242721399400655,0.034196606005993356,0.0014248585835830564,0.0462195999659187,18.32381633062348,0.034196606005993606
7.103678840135098,798.3011410711711,0.38276061238232983,0.43741247094485947,0.43842882478670864,-4.780739577924795,1.0,1.0180564007945851,80.3862592753706,89.90458293695588,89.90458293695588,1,4,80.0,0,0.0,0.18950082847057248,0.3773621997808825,3,0.030488648206416297,0.5104166666666666,807.5641339088979,0.0,51.134818830852915,0.9664542251999192,859.6654069649508,s0486,96,0.18662381999999994,0.15242721399400655,0.034196606005993356,0.0014248585835830564,0.0462195999659187,18.32381633062348,0.034196606005993606
7.224284798959965,812.0938694801318,0.39866488532281963,0.3298131882232592,0.45518126451126983,-7.536146950856785,1.0,1.019590627292,85.88724047097345,96.63823836329384,96.63823836329384,1,7,80.0,0,0.0,0.15479058204413929,0.4076148154639305,0,0.028143091544850563,0.4270833333333333,807.5641339088979,0.0,56.15702341367519,0.7894319684251105,864.5105892909983,s0487,96,0.18662381999999994,0.15242721399400655,0.034196606005993356,0.0014248585835830564,0.0462195999659187,18.32381633062348,0.034196606005993606
7.282695340113078,819.0959230163666,0.4080136623200544,0.3315604015531431,0.5676169471798425,-4.173094674799956,1.0,1.0181699323602733,83.32758554402335,90.20579180628168,90.20579180628168,5,3,80.0,0,0.0,0.14912370213696763,0.47831567995696755,1,0.03161589167988725,0.4270833333333333,807.5641339088979,0.0,64.45136110763427,0.7605308808985346,872.7760258974307,s0488,96,0.18662381999999994,0.15242721399400655,0.034196606005993356,0.0014248585835830564,0.0462195999659187,18.32381633062348,0.034196606005993606
7.05620653282422,793.0082495085604,0.39722559646728184,0.4375313638695135,0.489517780742312,-4.950391416310583,1.0,1.017748295985835,83.62794147684886,85.84301095015758,85.84301095015758,2,3,80.0,0,0.0,0.17819923548454797,0.4351379072721905,1,0.03331390787209798,0.5520833333333334,807.5641339088979,0.0,59.21153693023203,0.9088161009711945,867.6844869401011,s0489,96,0.18662381999999994,0.15242721399400655,0.034196606005993356,0.0014248585835830564,0.0462195999659187,18.32381633062348,0.034196606005993606
7.059801543680096,794.3384150774381,0.39686464575709296,0.43132837655622375,0.449145118337303,-5.856975330190146,1.0,1.017482303128944,83.46385841634009,86.38214730182321,86.38214730182321,2,4,80.0,0,0.0,0.1440932916674845,0.42818970683824664,1,0.029290015679862797,0.5,807.5641339088979,0.0,58.549974197534524,0.7348757875041717,866.8489838939366,s0490,96,0.18662381999999994,0.15242721399400655,0.034196606005993356,0.0014248585835830564,0.0462195999659187,18.32381633062348,0.034196606005993606
7.285760585142427,817.3927349487874,0.4041266111079903,0.3616221200563223,0.4725482481533678,-4.625156630027242,1.0,1.0180397407609543,77.24197166322865,88.17473604941097,88.17473604941097,0,4,80.0,0,0.0,0.15318176141139303,0.3948093079521434,1,0.02730805756059155,0.4791666666666667,807.5641339088979,0.0,54.36094620959076,0.7812269831981047,862.7063071016868,s0491,96,0.18662381999999994,0.15242721399400655,0.034196606005993356,0.0014248585835830564,0.0462195999659187,18.32381633062348,0.034196606005993606
7.2111135202504135,810.0515424633845,0.4684121613325084,0.3662243528742656,0.45973020093022654,-4.6918743636178055,1.0,1.0176607149891523,81.58556939238773,89.06556700430971,89.06556700430971,2,5,80.0,0,0.0,0.15198920401321214,0.4516531061942369,0,0.032277050800644434,0.5520833333333334,807.5641339088979,0.0,62.396513968323944,0.7751449404673816,870.7357928176892,s0492,96,0.18662381999999994,0.15242721399400655,0.034196606005993356,0.0014248585835830564,0.0462195999659187,18.32381633062348,0.034196606005993606
7.245842100050387,813.2773698904844,0.3859993110061103,0.37502083250777896,0.445707752340689,-3.664810540818942,1.0,1.017482374240257,84.83198161025588,84.90239710927496,84.90239710927496,1,4,80.0,0,0.0,0.15213603315967303,0.3849891390037598,0,0.030052521374312656,0.4479166666666667,807.5641339088979,0.0,52.74780146493899,0.7758937691143319,861.0878291429513,s0493,96,0.18662381999999994,0.15242721399400655,0.034196606005993356,0.0014248585835830564,0.0462195999659187,18.32381633062348,0.034196606005993606
7.14865643312635,802.064687513692,0.44557365803571053,0.3654245861223282,0.5536708914630273,-4.688205204457276,1.0,1.020273359845524,90.12422461065061,100.96940975390316,100.96940975390316,5,6,80.0,0,0.0,0.18643001802063913,0.5002345432882045,4,0.035384732736384816,0.59375,807.5641339088979,0.0,68.60187695883361,0.9507930919052594,877.1168039596367,s0494,96,0.18662381999999994,0.15242721399400655,0.034196606005993356,0.0014248585835830564,0.0462195999659187,18.32381633062348,0.034196606005993606
7.217460062122665,810.9377692715212,0.4256111384649514,0.3900737775887154,0.46542561662192417,-5.491138479461422,1.0,1.0183904247292899,80.71856286251108,93.10475705090711,93.10475705090711,2,3,80.0,0,0.0,0.16447829376373144,0.3789083212513909,1,0.02763871080750559,0.4375,807.5641339088979,0.0,51.16983266356509,0.8388392981950302,859.572805870658,s0495,96,0.18662381999999994,0.15242721399400655,0.034196606005993356,0.0014248585835830564,0.0462195999659187,18.32381633062348,0.034196606005993606
7.219318714842956,811.28168458649,0.40572416759734903,0.3089550747040282,0.45497944668383716,-5.386812011771391,1.0,1.0170936098120915,82.96788371759628,81.27569918394832,81.27569918394832,1,2,80.0,0,0.0,0.15863889127152525,0.3954418985495027,1,0.027118955961853465,0.46875,807.5641339088979,0.0,54.30253129654086,0.809058345484779,862.6757235509236,s0496,96,0.18662381999999994,0.15242721399400655,0.034196606005993356,0.0014248585835830564,0.0462195999659187,18.32381633062348,0.034196606005993606
7.291527673606054,819.1508772395257,0.4053176299536794,0.3157587439022975,0.5096375493513214,-4.014121334323164,1.0,1.0187483551300254,80.09297591117617,92.55217590118761,92.55217590118761,1,3,80.0,0,0.0,0.1899133260369973,0.41523357502516334,0,0.03021222725085072,0.4583333333333333,807.5641339088979,0.0,56.61021459980604,0.9685579627886863,865.1429064714927,s0497,96,0.18662381999999994,0.15242721399400655,0.034196606005993356,0.0014248585835830564,0.0462195999659187,18.32381633062348,0.034196606005993606
7.150251336812899,803.3379576569992,0.3871879938075372,0.3682168611508032,0.48659659883752426,-5.047616953807698,1.0,1.019243450270968,85.4910074151166,95.11093353508464,95.11093353508464,4,5,80.0,0,0.0,0.16994087315734435,0.35298503237641543,2,0.027798753501243004,0.46875,807.5641339088979,0.0,48.239673691824734,0.8666984531024559,856.6705060538251,s0498,96,0.18662381999999994,0.15242721399400655,0.034196606005993356,0.0014248585835830564,0.0462195999659187,18.32381633062348,0.034196606005993606
7.140266856993504,803.5389311410125,0.3992460082267635,0.41503680497225826,0.5205855935370594,-4.929899851690262,1.0,1.0178887422666696,84.82368979658358,90.37309393974562,90.37309393974562,1,2,80.0,0,0.0,0.1656346382910352,0.42423059247860023,3,0.031133430430354114,0.53125,807.5641339088979,0.0,58.15403490400274,0.8447366552842794,866.5629054681849,s0499,96,0.18662381999999994,0.15242721399400655,0.034196606005993356,0.0014248585835830564,0.0462195999659187,18.32381633062348,0.034196606005993606
7.19354570532537,807.4261767473214,0.37866248420587034,0.3971132650842586,0.5132894228592915,-4.842868430730842,1.0,1.0178184004685338,80.14873563887922,88.17775408646106,88.17775408646106,1,5,80.0,0,0.0,0.17706304218283145,0.42639187436586246,1,0.03188169789567322,0.5208333333333334,807.5641339088979,0.0,57.7690185865476,0.9030215151324406,866.236174010578,s0500,96,0.18662381999999994,0.15242721399400655,0.034196606005993356,0.0014248585835830564,0.0462195999659187,18.32381633062348,0.034196606005993606
7.1428670401536305,803.842031593288,0.4061105836701455,0.429228233657371,0.529185627909206,-4.7994721497292305,1.0,1.0176128025089903,85.86036203467108,87.16412562424544,87.16412562424544,1,4,80.0,0,0.0,0.13401534310715787,0.4704514997873381,1,0.032246173913587764,0.5625,807.5641339088979,0.0,64.72493130695379,0.683478249846505,872.9725434656982,s0501,96,0.18662381999999994,0.15242721399400655,0.034196606005993356,0.0014248585835830564,0.0462195999659187,18.32381633062348,0.034196606005993606
7.153969764892482,805.2021683912283,0.40467720952615044,0.3700893479861911,0.5244468439952188,-8.310683212006643,1.0,1.019388353684499,83.30719492807714,94.05563596728834,94.05563596728834,2,10,80.0,0,0.0,0.15321992172548188,0.48586763000576483,1,0.034179847660087505,0.59375,807.5641339088979,0.0,65.43147887728465,0.7814216007999569,873.7770343869826,s0502,96,0.18662381999999994,0.15242721399400655,0.034196606005993356,0.0014248585835830564,0.0462195999659187,18.32381633062348,0.034196606005993606
7.277209266817654,817.0144756795481,0.39829047633791265,0.3727670871613403,0.5733356996906157,-5.080045270883439,1.0,1.0201320897307418,104.96975235712813,98.5611501833293,98.5611501833293,3,7,80.0,0,0.0,0.17392277065745626,0.5214178681803752,1,0.03685883827839844,0.4791666666666667,807.5641339088979,0.0,71.19089005315146,0.8870061303530261,879.6420300924024,s0503,96,0.18662381999999994,0.15242721399400655,0.034196606005993356,0.0014248585835830564,0.0462195999659187,18.32381633062348,0.034196606005993606
7.132362576764282,802.5414001374891,0.3930053858233252,0.415736608898869,0.5138227147913845,-7.196964625775493,1.0,1.0176288934094766,89.24357624941554,84.5038471346662,84.5038471346662,2,7,80.0,0,0.0,0.17454478906208232,0.39907823195277276,1,0.02831544366548439,0.5104166666666666,807.5641339088979,0.0,53.651970970276224,0.89017842421662,862.1062833033908,s0504,96,0.18662381999999994,0.15242721399400655,0.034196606005993356,0.0014248585835830564,0.0462195999659187,18.32381633062348,0.034196606005993606
7.174404639717257,805.8059265418974,0.3963592873087099,0.37037881414983076,0.5031280954544681,-4.979457208025354,1.0,1.0179094817784877,80.23054159630347,87.21393702982579,87.21393702982579,1,3,80.0,0,0.0,0.19499263095578617,0.39086989163527114,2,0.029543181358735817,0.5,807.5641339088979,0.0,53.46980222178716,0.994462417874509,862.0283985485596,s0505,96,0.18662381999999994,0.15242721399400655,0.034196606005993356,0.0014248585835830564,0.0462195999659187,18.32381633062348,0.034196606005993606
7.176903958100063,804.9596656889969,0.3816576605609789,0.41343082079837745,0.4886016975451861,-4.43980816387018,1.0,1.0173615804225506,81.27985371276316,87.52127461289425,87.52127461289425,1,3,80.0,0,0.0,0.16955819078909262,0.38251094329861063,2,0.026716203894690652,0.53125,807.5641339088979,0.0,51.674650307073584,0.8647467730243721,860.1035309889959,s0506,96,0.18662381999999994,0.15242721399400655,0.034196606005993356,0.0014248585835830564,0.0462195999659187,18.32381633062348,0.034196606005993606
7.209681082290816,811.1269388977648,0.3969642606825292,0.3442882226260342,0.4973065168015052,-5.785276109839749,1.0,1.016772803864423,89.60417522680434,83.06831795556955,83.06831795556955,2,4,80.0,0,0.0,0.1979093267428146,0.3874418922493971,2,0.030811981429692797,0.4375,807.5641339088979,0.0,53.00373111449553,1.0093375663883546,861.5772025897818,s0507,96,0.18662381999999994,0.15242721399400655,0.034196606005993356,0.0014248585835830564,0.0462195999659187,18.32381633062348,0.034196606005993606
7.079859583609586,796.9886882599606,0.3792392460457827,0.4119670385953233,0.4726955606013433,-4.709833318472447,1.0,1.018371108005986,85.94380037843187,89.2969131090852,89.2969131090852,4,3,80.0,0,0.0,0.16164951529855054,0.37726029694014523,0,0.026020697522291546,0.5520833333333334,807.5641339088979,0.0,50.59994155631054,0.8244125280226074,858.9884879932312,s0508,96,0.18662381999999994,0.15242721399400655,0.034196606005993356,0.0014248585835830564,0.0462195999659187,18.32381633062348,0.034196606005993606
7.0695621370132145,794.960412154927,0.39902402994416036,0.4319722018403296,0.5631773935077735,-2.854956587492559,1.0,1.0184545692909015,90.23300059739555,91.51954898205939,91.51954898205939,1,4,80.0,0,0.0,0.15768782552107877,0.5013851098230353,1,0.03285733879290291,0.5833333333333334,807.5641339088979,0.0,68.06520481332723,0.8042079101575021,876.4335466323827,s0509,96,0.18662381999999994,0.15242721399400655,0.034196606005993356,0.0014248585835830564,0.0462195999659187,18.32381633062348,0.034196606005993606
7.259334715426627,815.5728109568695,0.41534209099313774,0.3675211523222616,0.4737520713964175,-6.458948502962788,1.0,1.0187057055635569,80.6431091771486,91.47729113097903,91.47729113097903,1,6,80.0,0,0.0,0.17485750382179566,0.420912321274538,1,0.029687742274979993,0.4270833333333333,807.5641339088979,0.0,58.11709918580502,0.8917732694911579,866.5730063641942,s0510,96,0.18662381999999994,0.15242721399400655,0.034196606005993356,0.0014248585835830564,0.0462195999659187,18.32381633062348,0.034196606005993606
7.138204351531486,803.3602503186071,0.40406779120147235,0.3794109977269662,0.4979550318664555,-4.937929417018435,1.0,1.0195093258882566,85.30649836071197,97.18201276817254,97.18201276817254,3,3,80.0,0,0.0,0.1586340391121994,0.45011075327177985,2,0.031630310364939046,0.4583333333333333,807.5641339088979,0.0,61.50709664160231,0.8090335994722166,869.8802641499724,s0511,96,0.18662381999999994,0.15242721399400655,0.034196606005993356,0.0014248585835830564,0.0462195999659187,18.32381633062348,0.034196606005993606
7.267507783014412,815.755358894496,0.3788736996347787,0.3348289253654237,0.444411107495179,-4.8666728957937275,1.0,1.017828557581919,86.84751166329512,87.12084542615999,87.12084542615999,1,7,80.0,0,0.0,0.21338698671727932,0.3595619061743573,2,0.028016923137251838,0.4166666666666667,807.5641339088979,0.0,49.153200216796726,1.0882736322581248,857.8056077579528,s0512,96,0.18662381999999994,0.15242721399400655,0.034196606005993356,0.0014248585835830564,0.0462195999659187,18.32381633062348,0.034196606005993606
7.0955626443874635,799.517486293192,0.3735314474260329,0.36152549454217614,0.5043529883697312,-6.416489904255755,1.0,1.0191108492952867,81.69810304150982,96.28817198475576,96.28817198475576,1,6,80.0,0,0.0,0.17174356640209998,0.473445714504352,1,0.03323581564090771,0.6041666666666666,807.5641339088979,0.0,63.04477533880526,0.8758921886507097,871.4848014363539,s0513,96,0.18662381999999994,0.15242721399400655,0.034196606005993356,0.0014248585835830564,0.0462195999659187,18.32381633062348,0.034196606005993606
7.211774211888328,808.9092783174763,0.5031780563969914,0.35916413331128505,0.5439809685693064,-4.211576740093539,1.0,1.0173873807678864,84.74379657345104,87.9305682407418,87.9305682407418,2,4,80.0,0,0.0,0.14158606286562742,0.4692172975473978,1,0.03471435367008648,0.4583333333333333,807.5641339088979,0.0,62.86848975172141,0.7220889206146996,871.1547125812341,s0514,96,0.18662381999999994,0.15242721399400655,0.034196606005993356,0.0014248585835830564,0.0462195999659187,18.32381633062348,0.034196606005993606
7.209492858813183,811.4471313577944,0.39914703862687395,0.34781634878288903,0.46185417264322104,-5.235020802725521,1.0,1.0179160696229732,82.19511387742443,86.24768912523282,86.24768912523282,1,4,80.0,0,0.0,0.18327806051419993,0.4075555698054365,1,0.030410907895152352,0.4375,807.5641339088979,0.0,55.63738758616726,0.9347181086224193,864.1362396036876,s0515,96,0.18662381999999994,0.15242721399400655,0.034196606005993356,0.0014248585835830564,0.0462195999659187,18.32381633062348,0.034196606005993606
7.27341451094226,815.9091532323323,0.3848469265671513,0.35892093675900916,0.46100286410514135,-5.365511095662112,1.0,1.018248871714872,78.06682716875996,88.59425156577733,88.59425156577733,0,5,80.0,0,0.0,0.1708990612623681,0.36669821126291124,1,0.0272818750398432,0.5520833333333334,807.5641339088979,0.0,49.07490094819121,0.8715852124380773,857.5106200695271,s0516,96,0.18662381999999994,0.15242721399400655,0.034196606005993356,0.0014248585835830564,0.0462195999659187,18.32381633062348,0.034196606005993606
7.305609198711255,820.5241772617696,0.4047270001671173,0.36775205184272,0.5034722371499311,-4.327077588423916,1.0,1.0180350438988153,77.07196672803039,87.39705999495786,87.39705999495786,0,5,80.0,0,0.0,0.1779098480856067,0.4081554757728172,0,0.028604226762516935,0.5208333333333334,807.5641339088979,0.0,55.84496448234597,0.9073402252365939,864.3164386164805,s0517,96,0.18662381999999994,0.15242721399400655,0.034196606005993356,0.0014248585835830564,0.0462195999659187,18.32381633062348,0.034196606005993606
7.13530884921961,801.325017379305,0.38168030702107,0.4439079084019787,0.4390333697613329,-4.705039587434045,1.0,1.017873394641702,79.31222585908453,88.65418169970731,88.65418169970731,0,5,80.0,0,0.0,0.17382142704062187,0.42171637276414164,2,0.0309279623200589,0.5208333333333334,807.5641339088979,0.0,57.09572618889663,0.8864892779071715,865.5463493757017,s0518,96,0.18662381999999994,0.15242721399400655,0.034196606005993356,0.0014248585835830564,0.0462195999659187,18.32381633062348,0.034196606005993606
7.1296713615623055,800.2853469430156,0.3907274634807799,0.46486064531938,0.49996099142508,-5.588118614178863,1.0,1.0180764126806359,78.7943319938663,91.34560425102939,91.34560425102939,0,5,80.0,0,0.0,0.2128127228135524,0.43825650443181874,2,0.0343729277945349,0.4895833333333333,807.5641339088979,0.0,58.852648718700856,1.085344886349117,867.5021275139479,s0519,96,0.18662381999999994,0.15242721399400655,0.034196606005993356,0.0014248585835830564,0.0462195999659187,18.32381633062348,0.034196606005993606
7.313754075509057,820.1495309226292,0.3882051600370872,0.3578901965470554,0.45866619579695206,-4.76126345250728,1.0,1.0183085058510621,78.77621628117154,90.60644565665538,90.60644565665538,0,4,80.0,0,0.0,0.1572451657074804,0.40567914283710854,1,0.02862020414283415,0.4270833333333333,807.5641339088979,0.0,55.01548377957636,0.8019503451081501,863.3815680335824,s0520,96,0.18662381999999994,0.15242721399400655,0.034196606005993356,0.0014248585835830564,0.0462195999659187,18.32381633062348,0.034196606005993606
7.083170655544146,796.189812753236,0.37103795367616704,0.4479569411709131,0.4745628018338508,-4.814457635890971,1.0,1.0185328852821607,79.9471130086787,90.76493165634297,90.76493165634297,0,6,80.0,0,0.0,0.21327052394882726,0.39312347913365553,2,0.031793108771655657,0.5520833333333334,807.5641339088979,0.0,54.62131147526921,1.0876796721390185,863.2731250563062,s0521,96,0.18662381999999994,0.15242721399400655,0.034196606005993356,0.0014248585835830564,0.0462195999659187,18.32381633062348,0.034196606005993606
7.160327429109152,804.4853984424852,0.3925414036842271,0.42056117414270466,0.49017499096809813,-4.849032301284554,1.0,1.0176959591585992,78.73456351563117,85.9385954461864,85.9385954461864,0,3,80.0,0,0.0,0.1667016062446135,0.3736100364385363,0,0.0264117018809119,0.5208333333333334,807.5641339088979,0.0,50.04380458841081,0.8501781918475286,858.4581166891562,s0522,96,0.18662381999999994,0.15242721399400655,0.034196606005993356,0.0014248585835830564,0.0462195999659187,18.32381633062348,0.034196606005993606
7.097265853527465,797.431760223823,0.4073180526030772,0.4020798139957341,0.5069988537578248,-4.815996869015769,1.0,1.018459712679752,91.44293154631649,92.46151692358582,92.46151692358582,3,3,80.0,0,0.0,0.17106831596798605,0.4814289909959531,2,0.03419597993526943,0.4479166666666667,807.5641339088979,0.0,66.59284936261662,0.8724484114367288,875.0294316829512,s0523,96,0.18662381999999994,0.15242721399400655,0.034196606005993356,0.0014248585835830564,0.0462195999659187,18.32381633062348,0.034196606005993606
7.2670961103109555,817.5229999831024,0.43140210427730274,0.33733403894921854,0.5372732682208761,-4.9009321400300765,1.0,1.0178593250824113,79.07467540431009,86.93890447474952,86.93890447474952,0,1,80.0,0,0.0,0.1523712938296775,0.47704075394438483,1,0.031774642435762696,0.5,807.5641339088979,0.0,65.50665341525614,0.7770935985313552,873.8478809226854,s0524,96,0.18662381999999994,0.15242721399400655,0.034196606005993356,0.0014248585835830564,0.0462195999659187,18.32381633062348,0.034196606005993606
7.058289749640909,793.6683000821854,0.3953021697929244,0.4317474101979333,0.38159358147085076,-5.026921489623597,1.0,1.018286270179014,96.71544119522495,89.50418820319615,89.50418820319615,1,6,80.0,0,0.0,0.14618590912940232,0.3583895868226424,1,0.028744114184238372,0.5520833333333334,807.5641339088979,0.0,49.21425441174319,0.7455481365599519,857.5239364572011,s0525,96,0.18662381999999994,0.15242721399400655,0.034196606005993356,0.0014248585835830564,0.0462195999659187,18.32381633062348,0.034196606005993606
7.125751086356035,801.8802393100091,0.37953865605902987,0.38863170839932487,0.4838395729372874,-3.887603587609209,1.0,1.0203050048448778,109.24387637811029,99.88796683858672,99.88796683858672,2,4,80.0,0,0.0,0.1705797442458681,0.41225601951804636,1,0.03166411781562001,0.5,807.5641339088979,0.0,55.43943761792805,0.8699566956539273,863.87352822248,s0526,96,0.18662381999999994,0.15242721399400655,0.034196606005993356,0.0014248585835830564,0.0462195999659187,18.32381633062348,0.034196606005993606
7.1296195081229605,802.869778650766,0.4102801460965566,0.37762236700050317,0.5039951376232359,-6.727612430656632,1.0,1.0194602046691974,82.7769113485151,95.40118048439317,95.40118048439317,2,4,80.0,0,0.0,0.1791707174193829,0.3831044500396913,4,0.02948524726285331,0.5104166666666666,807.5641339088979,0.0,51.96019167231881,0.9137706588388523,860.4380962400556,s0527,96,0.18662381999999994,0.15242721399400655,0.034196606005993356,0.0014248585835830564,0.0462195999659187,18.32381633062348,0.034196606005993606
7.186224411956747,808.2034791365301,0.37103794952832836,0.3473985831408706,0.5200883067298213,-5.189827960823216,1.0,1.019082351174454,82.63850053429373,94.36457719968219,94.36457719968219,1,7,80.0,0,0.0,0.18498882139537795,0.4170088103106563,2,0.03021891966122706,0.4791666666666667,807.5641339088979,0.0,56.92875372706854,0.9434429891164272,865.4363306250829,s0528,96,0.18662381999999994,0.15242721399400655,0.034196606005993356,0.0014248585835830564,0.0462195999659187,18.32381633062348,0.034196606005993606
7.139113234150251,802.4020800394451,0.38814692094748515,0.4205879362421997,0.4572120620759116,-4.663146033443007,1.0,1.016436570824965,78.75263206521318,79.20385665323727,79.20385665323727,0,0,80.0,0,0.0,0.15454622852938815,0.386032406652703,0,0.029244172393534374,0.53125,807.5641339088979,0.0,52.22489039376331,0.7881857654998792,860.5772100681611,s0529,96,0.18662381999999994,0.15242721399400655,0.034196606005993356,0.0014248585835830564,0.0462195999659187,18.32381633062348,0.034196606005993606
7.152280859632199,803.3370594275791,0.38382018401767415,0.40040043748398263,0.4634778125903556,-5.466919757204873,1.0,1.0167204920580486,80.93060380644987,83.7995063762151,83.7995063762151,2,2,80.0,0,0.0,0.18216749548484867,0.3977407619134802,2,0.030507037826619468,0.5,807.5641339088979,0.0,55.06596032552105,0.9290542269727284,863.5591484613917,s0530,96,0.18662381999999994,0.15242721399400655,0.034196606005993356,0.0014248585835830564,0.0462195999659187,18.32381633062348,0.034196606005993606
7.265773631491885,816.3224209685084,0.3882455553688505,0.32445871714706626,0.42753949431117944,-3.0836714302149466,1.0,1.0170812934388422,76.71462809409782,85.81016936467556,85.81016936467556,0,3,80.0,0,0.0,0.1562557478774518,0.3602950623463571,1,0.0257812197750304,0.4270833333333333,807.5641339088979,0.0,49.736252763169006,0.7969043141750041,858.0972909862419,s0531,96,0.18662381999999994,0.15242721399400655,0.034196606005993356,0.0014248585835830564,0.0462195999659187,18.32381633062348,0.034196606005993606
7.230128389000542,811.5623184218521,0.38899822724208577,0.3587053336015705,0.4934559098529938,-4.196616156714432,1.0,1.0165419652259007,79.44896013321532,80.55060113920212,80.55060113920212,0,2,80.0,0,0.0,0.18543495968379495,0.41262128028098644,1,0.029552438321415547,0.4791666666666667,807.5641339088979,0.0,55.38882067278473,0.9457182943873538,863.89867287607,s0532,96,0.18662381999999994,0.15242721399400655,0.034196606005993356,0.0014248585835830564,0.0462195999659187,18.32381633062348,0.034196606005993606
7.192747597198583,807.1764658051883,0.39045723612935457,0.40726522775619234,0.45439527530054635,-4.983444488536851,1.0,1.0191879536941428,82.13249683527134,96.67038088033233,96.67038088033233,1,3,80.0,0,0.0,0.1625914532344347,0.3912183988930358,2,0.02978278538987777,0.5208333333333334,807.5641339088979,0.0,52.97313440416225,0.8292164114956172,861.3664847245558,s0533,96,0.18662381999999994,0.15242721399400655,0.034196606005993356,0.0014248585835830564,0.0462195999659187,18.32381633062348,0.034196606005993606
7.144348797497524,802.4789893721147,0.3986940466050107,0.4035866800927557,0.5180255057979859,-4.980210944794623,1.0,1.0185788351033653,83.56826603636267,92.24080144763231,92.24080144763231,2,6,80.0,0,0.0,0.16642420933915889,0.43410319141465115,1,0.031006088035603722,0.5208333333333334,807.5641339088979,0.0,58.98524365292557,0.8487634676297104,867.3981410294532,s0534,96,0.18662381999999994,0.15242721399400655,0.034196606005993356,0.0014248585835830564,0.0462195999659187,18.32381633062348,0.034196606005993606
7.24998751216841,813.7871103737907,0.3866062336237885,0.37104569341246074,0.4927113217109217,-5.1442233749872655,1.0,1.0175218695694137,82.13561860615776,83.85612608389678,83.85612608389678,1,6,80.0,0,0.0,0.16282348069624916,0.38947437985669525,3,0.028469511773643298,0.5,807.5641339088979,0.0,52.86996283531227,0.8303997515508705,861.2644964957611,s0535,96,0.18662381999999994,0.15242721399400655,0.034196606005993356,0.0014248585835830564,0.0462195999659187,18.32381633062348,0.034196606005993606
7.196140811657292,807.4730124190551,0.3900205865355428,0.44641064170101574,0.49437295887403243,-5.725377468816578,1.0,1.0185026478881254,80.70978973857801,91.31691746409801,91.31691746409801,2,2,80.0,0,0.0,0.16447647824238176,0.43734746558686854,3,0.03115658130719849,0.4479166666666667,807.5641339088979,0.0,59.669351772995896,0.8388300390361465,868.07231572093,s0536,96,0.18662381999999994,0.15242721399400655,0.034196606005993356,0.0014248585835830564,0.0462195999659187,18.32381633062348,0.034196606005993606
7.223645205860431,812.0415649454862,0.37738834905715807,0.356874056249032,0.4911808244843909,-4.502382701003664,1.0,1.0182474337393577,80.98295750948931,91.31468339197932,91.31468339197932,2,6,80.0,0,0.0,0.17619476898400702,0.4230185036276732,1,0.030411079318592917,0.4791666666666667,807.5641339088979,0.0,57.315122740487354,0.8985933218184355,865.7778499712038,s0537,96,0.18662381999999994,0.15242721399400655,0.034196606005993356,0.0014248585835830564,0.0462195999659187,18.32381633062348,0.034196606005993606
7.189859860550463,806.5527625043618,0.3903364162586177,0.41356435105051603,0.4915571503580069,-4.204461436911271,1.0,1.0188099766255412,77.53716284724118,92.82419864615638,92.82419864615638,0,3,80.0,0,0.0,0.18574042551679584,0.40416305996650903,1,0.030988056821650484,0.5104166666666666,807.5641339088979,0.0,53.103806810965864,0.9472761701356581,861.6152168899994,s0538,96,0.18662381999999994,0.15242721399400655,0.034196606005993356,0.0014248585835830564,0.0462195999659187,18.32381633062348,0.034196606005993606
7.14858541625787,803.5672515058277,0.37103795383376803,0.3953989033089713,0.4133073127988963,-5.578762418494553,1.0,1.0181639456781724,78.2674341770331,88.54904685460325,88.54904685460325,0,4,80.0,0,0.0,0.14350372421491348,0.32483862976432337,0,0.02312758403836068,0.46875,807.5641339088979,0.0,43.325507767358815,0.7318689934960579,851.6215106697528,s0539,96,0.18662381999999994,0.15242721399400655,0.034196606005993356,0.0014248585835830564,0.0462195999659187,18.32381633062348,0.034196606005993606
7.22080508716892,811.7868451411036,0.3779277523420197,0.34947506574085785,0.4717869193014694,-3.5591105451978025,1.0,1.017005521063406,79.82758077741902,83.94576185966514,83.94576185966514,0,2,80.0,0,0.0,0.17981219761729608,0.3704055773702039,1,0.02744280584438627,0.5,807.5641339088979,0.0,50.45851981961309,0.9170422078482106,858.9396959363593,s0540,96,0.18662381999999994,0.15242721399400655,0.034196606005993356,0.0014248585835830564,0.0462195999659187,18.32381633062348,0.034196606005993606
7.313236506798827,819.6937679790858,0.45355170722817517,0.415185953420246,0.5229308100971721,-4.7452330782139684,1.0,1.018304948010059,78.9584661864672,89.74549685008519,89.74549685008519,0,6,80.0,0,0.0,0.16432863787711152,0.47796925301950505,0,0.0337961366311422,0.3854166666666667,807.5641339088979,0.0,65.50370722547058,0.8380760531732684,873.9059171875418,s0541,96,0.18662381999999994,0.15242721399400655,0.034196606005993356,0.0014248585835830564,0.0462195999659187,18.32381633062348,0.034196606005993606
7.08493347569579,799.075564889766,0.39033164417343413,0.4310994078380398,0.4877975001509307,-2.7797447986964063,1.0,1.0173938462891143,80.80516154369187,85.31722399691795,85.31722399691795,1,2,80.0,0,0.0,0.14208213676868675,0.4528055914595114,0,0.030373393659536518,0.53125,807.5641339088979,0.0,60.493169193564775,0.7246188975203023,868.781921999983,s0542,96,0.18662381999999994,0.15242721399400655,0.034196606005993356,0.0014248585835830564,0.0462195999659187,18.32381633062348,0.034196606005993606
7.190608845001245,808.4194192162422,0.3899330120195278,0.3513672366391136,0.4977772277279865,-4.8253740839458565,1.0,1.0179756809312566,84.42804569255628,88.60913304354281,88.60913304354281,3,5,80.0,0,0.0,0.17722217107303848,0.38259797388963324,2,0.026449705179188487,0.5208333333333334,807.5641339088979,0.0,51.12873896053065,0.9038330724724962,859.5967059419011,s0543,96,0.18662381999999994,0.15242721399400655,0.034196606005993356,0.0014248585835830564,0.0462195999659187,18.32381633062348,0.034196606005993606
7.100672416319092,797.9785174925239,0.3943932554078971,0.4323107768829491,0.46388246397376903,-2.561319540441028,1.0,1.01667404961829,79.09824770009071,81.16982886829658,81.16982886829658,0,1,80.0,0,0.0,0.16088989719531774,0.4440391190446113,2,0.03219113633033829,0.5520833333333334,807.5641339088979,0.0,61.24275032699008,0.8205384756961207,869.6274227115841,s0544,96,0.18662381999999994,0.15242721399400655,0.034196606005993356,0.0014248585835830564,0.0462195999659187,18.32381633062348,0.034196606005993606
7.132839466093186,800.7131157452578,0.3787947273071046,0.4119546414996494,0.44450331200248655,-5.676380696065313,1.0,1.0186222229771424,81.10172475477057,93.42667847482676,93.42667847482676,1,6,80.0,0,0.0,0.1794438294926747,0.3841742656422434,3,0.03095837909827979,0.59375,807.5641339088979,0.0,53.95820645934555,0.9151635304126406,862.4375038986561,s0545,96,0.18662381999999994,0.15242721399400655,0.034196606005993356,0.0014248585835830564,0.0462195999659187,18.32381633062348,0.034196606005993606
7.150588618695343,802.4524068463923,0.37103794988924343,0.4176791103658817,0.4578285622913003,-4.091008462172719,1.0,1.0183659940035175,82.4603235436724,90.42568548810644,90.42568548810644,1,3,80.0,0,0.0,0.1692842973814132,0.395247564690814,1,0.02873451825741378,0.5416666666666666,807.5641339088979,0.0,53.750422664098416,0.8633499166452071,862.1779064896416,s0546,96,0.18662381999999994,0.15242721399400655,0.034196606005993356,0.0014248585835830564,0.0462195999659187,18.32381633062348,0.034196606005993606
7.206043233804126,806.5322120088732,0.3834140325475026,0.35971646235068955,0.5006987462687044,-5.009697657092077,1.0,1.0250145822195058,120.94473835471464,126.3051492957692,126.3051492957692,1,3,80.0,0,0.0,0.17523004700399386,0.4425151780262266,2,0.040366321725746925,0.4375,807.5641339088979,0.0,62.04899529336746,0.8936732397203685,870.5068024419858,s0547,96,0.18662381999999994,0.15242721399400655,0.034196606005993356,0.0014248585835830564,0.0462195999659187,18.32381633062348,0.034196606005993606
7.126258683757979,800.5024711178216,0.3744022219210156,0.414329522829177,0.48178408153250807,-5.081638744395987,1.0,1.0177350682572652,81.56958869795436,85.20052854466775,85.20052854466775,2,3,80.0,0,0.0,0.16436736166939422,0.45514045954666105,1,0.03235397863666993,0.53125,807.5641339088979,0.0,61.66449933750319,0.8382735445139099,870.066906790915,s0548,96,0.18662381999999994,0.15242721399400655,0.034196606005993356,0.0014248585835830564,0.0462195999659187,18.32381633062348,0.034196606005993606
7.250968217816583,814.8530441434909,0.40008957631775277,0.385342917049771,0.4940531574386779,-4.1000504387046455,1.0,1.0163768959271433,88.62159475992833,80.89693422151618,80.89693422151618,2,1,80.0,0,0.0,0.1377114486288374,0.45337962877403304,0,0.03166250034878027,0.46875,807.5641339088979,0.0,61.626666202413226,0.7023283880070706,869.8931284993183,s0549,96,0.18662381999999994,0.15242721399400655,0.034196606005993356,0.0014248585835830564,0.0462195999659187,18.32381633062348,0.034196606005993606
7.189186420273801,807.5744082622388,0.40625956026138976,0.3711284052088468,0.4231905162918531,-4.7980309913712125,1.0,1.0190417931611442,86.95059338335135,93.91742108213444,93.91742108213444,1,4,80.0,0,0.0,0.17136620744774364,0.32988830777928924,1,0.024658866038767407,0.5104166666666666,807.5641339088979,0.0,45.01844682032473,0.873967657983493,853.4565483872061,s0550,96,0.18662381999999994,0.15242721399400655,0.034196606005993356,0.0014248585835830564,0.0462195999659187,18.32381633062348,0.034196606005993606
7.199144821572066,808.5380577201015,0.40361914773129526,0.4163315867704503,0.4924660339739247,-4.916393477978858,1.0,1.0180274966709353,86.85773665445714,87.58610840196322,87.58610840196322,2,6,80.0,0,0.0,0.16431013473721734,0.47043245204231354,1,0.031467845071821356,0.4791666666666667,807.5641339088979,0.0,64.15680209116998,0.8379816871598086,872.5589176872277,s0551,96,0.18662381999999994,0.15242721399400655,0.034196606005993356,0.0014248585835830564,0.0462195999659187,18.32381633062348,0.034196606005993606
7.119560891860155,800.5902224384625,0.4042326536652351,0.40347632791565846,0.5045468414302575,-4.829652338252994,1.0,1.0195983993040036,87.40566132572727,98.04274190518919,98.04274190518919,2,1,80.0,0,0.0,0.16036823807637862,0.4427642927114112,2,0.03222738881589959,0.4270833333333333,807.5641339088979,0.0,59.70053961658573,0.8178780141895308,868.0825515396732,s0552,96,0.18662381999999994,0.15242721399400655,0.034196606005993356,0.0014248585835830564,0.0462195999659187,18.32381633062348,0.034196606005993606
7.145731560182242,801.8263298791894,0.38991378313518366,0.45516055571192604,0.4887254691825811,-4.974469104366109,1.0,1.0198447643360173,79.26626237120519,98.56404300136252,98.56404300136252,0,6,80.0,0,0.0,0.19442619819065604,0.3538065502205944,4,0.030186556373633752,0.5416666666666666,807.5641339088979,0.0,48.78093164143397,0.991573610772346,857.3366391611042,s0553,96,0.18662381999999994,0.15242721399400655,0.034196606005993356,0.0014248585835830564,0.0462195999659187,18.32381633062348,0.034196606005993606
7.05744421647488,794.7329860634843,0.37103795250450455,0.40579388775316444,0.500816940499064,-4.539126200945481,1.0,1.0191481761499903,91.97549399852709,96.86037470202605,96.86037470202605,4,7,80.0,0,0.0,0.16799798863974472,0.45252534614153356,1,0.03307227322720307,0.6354166666666666,807.5641339088979,0.0,60.10108217787204,0.8567897420626981,868.5220058288327,s0554,96,0.18662381999999994,0.15242721399400655,0.034196606005993356,0.0014248585835830564,0.0462195999659187,18.32381633062348,0.034196606005993606
7.201786845956061,807.8563266125957,0.4476755298919035,0.4067223918738949,0.4810222995317646,-4.341324756859463,1.0,1.017878749389685,80.62701902173004,90.84011670967496,90.84011670967496,1,3,80.0,0,0.0,0.17040049517149058,0.4296849460126818,1,0.03137925745156147,0.4583333333333333,807.5641339088979,0.0,58.8796167134525,0.8690425253746018,867.3127931477251,s0555,96,0.18662381999999994,0.15242721399400655,0.034196606005993356,0.0014248585835830564,0.0462195999659187,18.32381633062348,0.034196606005993606
7.169424966569448,804.4773382007558,0.3712767951051884,0.3847467872967716,0.40706280146616297,-5.2450071434853776,1.0,1.017996156935127,84.16006378281712,87.96244472542722,87.96244472542722,2,3,80.0,0,0.0,0.13323444879910343,0.41281994357707835,0,0.02987935708943415,0.46875,807.5641339088979,0.0,56.72011215476364,0.6794956888754271,864.9637417525371,s0556,96,0.18662381999999994,0.15242721399400655,0.034196606005993356,0.0014248585835830564,0.0462195999659187,18.32381633062348,0.034196606005993606
7.133556025934157,802.5760205647773,0.41068578400526634,0.39836515189640054,0.46705876530258084,-5.023569367403547,1.0,1.0179225023710154,80.88359165355385,88.16020353531484,88.16020353531484,2,5,80.0,0,0.0,0.15277600504001176,0.4020327019021017,0,0.028719410409221904,0.53125,807.5641339088979,0.0,54.589729480010085,0.7791576257040602,862.9330210146121,s0557,96,0.18662381999999994,0.15242721399400655,0.034196606005993356,0.0014248585835830564,0.0462195999659187,18.32381633062348,0.034196606005993606
7.137179056606427,802.3813059553618,0.38165054986905866,0.3933783160845208,0.4547936113267089,-4.342301605882224,1.0,1.0190409037830268,94.0632122490064,94.14701726094724,94.14701726094724,3,4,80.0,0,0.0,0.1467918160493301,0.35800686867054443,1,0.028044910908077706,0.4895833333333333,807.5641339088979,0.0,47.60204472585724,0.748638261851583,855.9148168966068,s0558,96,0.18662381999999994,0.15242721399400655,0.034196606005993356,0.0014248585835830564,0.0462195999659187,18.32381633062348,0.034196606005993606
7.144789564674087,803.0661415915513,0.3774864927473638,0.3698021348315724,0.43135876059703243,-4.888101936761365,1.0,1.0172804292348179,78.75636913212884,83.37057222297346,83.37057222297346,0,3,80.0,0,0.0,0.14998137950148907,0.36138183494033016,1,0.02663531662307629,0.5520833333333334,807.5641339088979,0.0,48.13717554405486,0.7649050354575945,856.4662144884104,s0559,96,0.18662381999999994,0.15242721399400655,0.034196606005993356,0.0014248585835830564,0.0462195999659187,18.32381633062348,0.034196606005993606
7.162689836400604,804.3884841105967,0.3908676882197446,0.43768753823394246,0.5465432335877433,-6.9337395501362415,1.0,1.0184030046377763,85.94955599852331,91.68989452332403,91.68989452332403,3,5,80.0,0,0.0,0.17495426468000336,0.46671043102051857,2,0.03381323316971199,0.5208333333333334,807.5641339088979,0.0,63.710201038709776,0.892266749868017,872.1666016974757,s0560,96,0.18662381999999994,0.15242721399400655,0.034196606005993356,0.0014248585835830564,0.0462195999659187,18.32381633062348,0.034196606005993606
7.111930200183415,798.5037303486994,0.42094209082325723,0.40532683658609214,0.5610702482120402,-4.615538782277288,1.0,1.0180630755658864,91.27480414774138,88.05048821542634,88.05048821542634,5,3,80.0,0,0.0,0.14399190249149557,0.4737509167753192,1,0.033804023353554424,0.5208333333333334,807.5641339088979,0.0,63.1973256423356,0.734358702706627,871.4958182539401,s0561,96,0.18662381999999994,0.15242721399400655,0.034196606005993356,0.0014248585835830564,0.0462195999659187,18.32381633062348,0.034196606005993606
7.181753817759008,806.5264532797291,0.3945037473095226,0.3983790931671014,0.5099923907029975,-4.949286132629948,1.0,1.0187582483308109,85.52135492027739,93.36803844443445,93.36803844443445,2,5,80.0,0,0.0,0.18798880630982348,0.40184118168786187,2,0.03067866877513887,0.5,807.5641339088979,0.0,53.361831058447656,0.9587429121801,861.8847078795258,s0562,96,0.18662381999999994,0.15242721399400655,0.034196606005993356,0.0014248585835830564,0.0462195999659187,18.32381633062348,0.034196606005993606
7.267528075561927,815.9772584815715,0.3849671013396089,0.36351238608905334,0.5015272016135175,-4.605953348681624,1.0,1.0158375224135145,78.98101792038571,76.20165445700154,76.20165445700154,0,0,80.0,0,0.0,0.15486039120865402,0.4441349898469122,3,0.029958514154484528,0.4375,807.5641339088979,0.0,60.35572101437933,0.7897879951641353,868.7096429184414,s0563,96,0.18662381999999994,0.15242721399400655,0.034196606005993356,0.0014248585835830564,0.0462195999659187,18.32381633062348,0.034196606005993606
7.1576500758750115,803.8479754113744,0.40602869511999523,0.3834985808454854,0.4279634073543945,-4.283222256739254,1.0,1.0162776789490615,86.71183765213077,80.51936531478573,80.51936531478573,1,1,80.0,0,0.0,0.1341122795855635,0.42813582430524577,0,0.031181897691589053,0.4479166666666667,807.5641339088979,0.0,57.78295860988236,0.6839726258863731,866.0310651446666,s0564,96,0.18662381999999994,0.15242721399400655,0.034196606005993356,0.0014248585835830564,0.0462195999659187,18.32381633062348,0.034196606005993606
7.225344659731318,812.473008340648,0.38911073942446783,0.41053064145329116,0.5187919480919134,-3.4448849765929843,1.0,1.01627708314263,80.4616439578219,77.17078685008742,77.17078685008742,1,0,80.0,0,0.0,0.1598970563782354,0.473005350160228,1,0.03304646499330623,0.40625,807.5641339088979,0.0,64.13359350848228,0.8154749875290008,872.5132024049092,s0565,96,0.18662381999999994,0.15242721399400655,0.034196606005993356,0.0014248585835830564,0.0462195999659187,18.32381633062348,0.034196606005993606
7.1490556425035585,803.1315190102559,0.3896613743064532,0.4161731371243167,0.4934147490432455,-4.18711137108377,1.0,1.017365266519414,80.05101583857409,84.60728468090805,84.60728468090805,1,6,80.0,0,0.0,0.19028664197617345,0.3925754314798757,2,0.029578098228490998,0.53125,807.5641339088979,0.0,52.95520209184385,0.9704618740784848,861.4897978748203,s0566,96,0.18662381999999994,0.15242721399400655,0.034196606005993356,0.0014248585835830564,0.0462195999659187,18.32381633062348,0.034196606005993606
7.240089537450578,814.1348860668204,0.40974875849569276,0.3661521516373555,0.4461841126568695,-5.839037694834791,1.0,1.018027708757912,80.10148077540394,87.56450238994051,87.56450238994051,1,2,80.0,0,0.0,0.17282773662070264,0.36707551421681806,0,0.026351377460797815,0.4583333333333333,807.5641339088979,0.0,50.10576165479528,0.8814214567655835,858.5513170204588,s0567,96,0.18662381999999994,0.15242721399400655,0.034196606005993356,0.0014248585835830564,0.0462195999659187,18.32381633062348,0.034196606005993606
7.049987177972958,792.4292211162539,0.38724347900175954,0.45895068041872866,0.5134459157581729,-5.386051113307211,1.0,1.0172511479633044,78.9151346533749,87.82210241810209,87.82210241810209,0,6,80.0,0,0.0,0.16326716533977784,0.4889688636513905,4,0.032465120336543724,0.5520833333333334,807.5641339088979,0.0,66.1953182908887,0.8326625432328669,874.5921147430196,s0568,96,0.18662381999999994,0.15242721399400655,0.034196606005993356,0.0014248585835830564,0.0462195999659187,18.32381633062348,0.034196606005993606
7.1169143043730605,801.3574328695327,0.40362675153238603,0.4207944018177953,0.4043265326811837,-5.067993790082894,1.0,1.0187613456164364,81.5186636083974,94.26038821683368,94.26038821683368,3,4,80.0,0,0.0,0.1562183151951107,0.3722289812553592,2,0.03151069220557553,0.5520833333333334,807.5641339088979,0.0,52.328497612759584,0.7967134074950646,860.6893449291526,s0569,96,0.18662381999999994,0.15242721399400655,0.034196606005993356,0.0014248585835830564,0.0462195999659187,18.32381633062348,0.034196606005993606
7.212255540618333,809.8880685647209,0.4497347354808535,0.40654313636058215,0.4623442717338232,-3.41204079903369,1.0,1.0179643975812618,78.48685090794291,89.95688827249329,89.95688827249329,0,3,80.0,0,0.0,0.15982856809860188,0.399967570782224,1,0.03046334942013602,0.4791666666666667,807.5641339088979,0.0,54.86951060519989,0.81512569730287,863.2487702114007,s0570,96,0.18662381999999994,0.15242721399400655,0.034196606005993356,0.0014248585835830564,0.0462195999659187,18.32381633062348,0.034196606005993606
7.21409924498216,809.9588229670394,0.3904680969202258,0.36091440363246463,0.43479392453162563,-4.116913854722988,1.0,1.0162676024886177,80.1791891880367,78.856617144694,78.856617144694,1,0,80.0,0,0.0,0.1669617338377123,0.38503061187849025,2,0.028367580933259185,0.46875,807.5641339088979,0.0,51.862696170919236,0.8515048425723327,860.2783349223895,s0571,96,0.18662381999999994,0.15242721399400655,0.034196606005993356,0.0014248585835830564,0.0462195999659187,18.32381633062348,0.034196606005993606
7.248445603990611,813.0740011944047,0.4217627629039929,0.4127728532439441,0.5974664073136531,-5.544556568026086,1.0,1.019210622035023,83.50618550651009,94.09893504313376,94.09893504313376,1,6,80.0,0,0.0,0.2198850793589818,0.45066366159794,1,0.033235542963625235,0.4270833333333333,807.5641339088979,0.0,60.86593291475899,1.1214139047308067,869.5514807283878,s0572,96,0.18662381999999994,0.15242721399400655,0.034196606005993356,0.0014248585835830564,0.0462195999659187,18.32381633062348,0.034196606005993606
7.266583946188776,817.3127511792852,0.40031716113684024,0.3764022996428228,0.5336072820888706,-4.80793093181117,1.0,1.0198619956902664,91.69022864975443,100.73547898851696,100.73547898851696,2,6,80.0,0,0.0,0.17631479652576107,0.4479418559552246,3,0.033327926314500524,0.46875,807.5641339088979,0.0,61.366270794180195,0.8992054622813813,869.8296101653596,s0573,96,0.18662381999999994,0.15242721399400655,0.034196606005993356,0.0014248585835830564,0.0462195999659187,18.32381633062348,0.034196606005993606
7.076790561834829,794.862360559497,0.3737069337127542,0.4256520527173308,0.3805314897601631,-5.13185140510974,1.0,1.018173001644646,77.32869669230307,88.77385946033476,88.77385946033476,0,2,80.0,0,0.0,0.13832964544418228,0.3664077766330005,0,0.02457796737758654,0.5625,807.5641339088979,0.0,48.95440011522191,0.7054811917653294,857.2240152158852,s0574,96,0.18662381999999994,0.15242721399400655,0.034196606005993356,0.0014248585835830564,0.0462195999659187,18.32381633062348,0.034196606005993606
7.074285953652736,796.0205025372243,0.3874096333884603,0.44999330262020687,0.4663087878688488,-3.6207998876800196,1.0,1.0165688265541515,83.30676012709056,82.45885838091735,82.45885838091735,1,2,80.0,0,0.0,0.17813183191838966,0.4017730150749771,3,0.029182003115330594,0.5520833333333334,807.5641339088979,0.0,53.46505509461659,0.9084723427837865,861.9376613462982,s0575,96,0.18662381999999994,0.15242721399400655,0.034196606005993356,0.0014248585835830564,0.0462195999659187,18.32381633062348,0.034196606005993606
7.232527955531959,813.8887496057541,0.3932125796227499,0.37054959895178075,0.435879703948245,-5.283315846584767,1.0,1.0190453149327858,83.85049329128063,94.0775611477531,94.0775611477531,1,4,80.0,0,0.0,0.14272286153073674,0.4268176589253536,1,0.029981317077467273,0.3854166666666667,807.5641339088979,0.0,58.98646574495843,0.7278865938067571,867.2784862476631,s0576,96,0.18662381999999994,0.15242721399400655,0.034196606005993356,0.0014248585835830564,0.0462195999659187,18.32381633062348,0.034196606005993606
7.228809614302958,812.3668601731913,0.4711981310065251,0.3943745535110236,0.5374195084358628,-4.140518710729185,1.0,1.0169867952399623,80.53960260681585,86.64471890965962,86.64471890965962,1,2,80.0,0,0.0,0.17686170978813073,0.48285261200398366,4,0.03789375842342634,0.4791666666666667,807.5641339088979,0.0,65.94774679044677,0.9019947199194663,874.4138754192642,s0577,96,0.18662381999999994,0.15242721399400655,0.034196606005993356,0.0014248585835830564,0.0462195999659187,18.32381633062348,0.034196606005993606
7.247539073199855,813.7610419669932,0.3995398217769674,0.34062876320014246,0.46359551439846425,-4.243289424171893,1.0,1.017665422921604,79.91162353215462,88.70395740007491,88.70395740007491,0,4,80.0,0,0.0,0.1704053685138012,0.3718660992843702,2,0.028625690628486446,0.4583333333333333,807.5641339088979,0.0,50.2283624629277,0.8690673794203857,858.661563751246,s0578,96,0.18662381999999994,0.15242721399400655,0.034196606005993356,0.0014248585835830564,0.0462195999659187,18.32381633062348,0.034196606005993606
7.067314225482817,794.9666297294832,0.3816817762413304,0.4089854733574532,0.49794549302021573,-4.597343904005244,1.0,1.0205295189335286,84.05984223995904,102.23921748687384,102.23921748687384,4,6,80.0,0,0.0,0.21132843886098968,0.39081040627477764,5,0.030572810529758132,0.5208333333333334,807.5641339088979,0.0,52.617603515218676,1.0777750381910467,861.2595124623076,s0579,96,0.18662381999999994,0.15242721399400655,0.034196606005993356,0.0014248585835830564,0.0462195999659187,18.32381633062348,0.034196606005993606
7.208748777207464,809.0238924436727,0.42444171370366673,0.34482307320926076,0.47063764992413165,-5.448965616393186,1.0,1.0182724834065011,83.3864926790397,92.44512237239772,92.44512237239772,1,6,80.0,0,0.0,0.18295683811329191,0.3581846907448248,1,0.027742473323141673,0.5208333333333334,807.5641339088979,0.0,48.384650961305965,0.9330798743777883,856.8818647445817,s0580,96,0.18662381999999994,0.15242721399400655,0.034196606005993356,0.0014248585835830564,0.0462195999659187,18.32381633062348,0.034196606005993606
7.2206930509006,811.3772436138458,0.3958688750593832,0.4001717127761152,0.576096351412833,-5.042679252647068,1.0,1.0192090667584255,81.0365972183265,94.31914693264328,94.31914693264328,2,4,80.0,0,0.0,0.18599303130133232,0.5203180892398843,3,0.03415576227728745,0.4270833333333333,807.5641339088979,0.0,69.93105046907591,0.9485644596367944,878.4437488376107,s0581,96,0.18662381999999994,0.15242721399400655,0.034196606005993356,0.0014248585835830564,0.0462195999659187,18.32381633062348,0.034196606005993606
7.245300849216614,813.6750416420393,0.4227405732469078,0.3541190732910538,0.5151107423219424,-4.3824900973889696,1.0,1.0179393144239284,80.14641705010902,88.50719955217838,88.50719955217838,1,4,80.0,0,0.0,0.18396313457461783,0.4028922508663938,3,0.02907429193481532,0.4791666666666667,807.5641339088979,0.0,55.22195899917575,0.9382119863305504,863.7243048944042,s0582,96,0.18662381999999994,0.15242721399400655,0.034196606005993356,0.0014248585835830564,0.0462195999659187,18.32381633062348,0.034196606005993606
7.196185470361882,809.9853508345595,0.39947657504022205,0.3681458472484732,0.5392825233595299,-4.750224050552084,1.0,1.0188949056166101,78.40061473277768,94.33355399934193,94.33355399934193,0,5,80.0,0,0.0,0.21564613675550828,0.4250576831842173,3,0.0319829989370853,0.5416666666666666,807.5641339088979,0.0,59.2625716518735,1.0997952974530927,867.9265008582245,s0583,96,0.18662381999999994,0.15242721399400655,0.034196606005993356,0.0014248585835830564,0.0462195999659187,18.32381633062348,0.034196606005993606
7.163175387754429,803.9498013119321,0.38455527537330403,0.4020383029102504,0.46391382419246346,-5.49247059887287,1.0,1.0176246554694741,85.20401264903829,88.50067035347628,88.50067035347628,4,2,80.0,0,0.0,0.15388242578209158,0.3798425583345424,0,0.02740380114356657,0.4583333333333333,807.5641339088979,0.0,51.647916977854855,0.7848003714886673,859.9968512582415,s0584,96,0.18662381999999994,0.15242721399400655,0.034196606005993356,0.0014248585835830564,0.0462195999659187,18.32381633062348,0.034196606005993606
7.248452831310996,812.811144227089,0.39629007752138556,0.3899920523971547,0.4551040035673358,-5.000495807573319,1.0,1.0180686041542906,78.6406090237159,89.9799785223518,89.9799785223518,0,6,80.0,0,0.0,0.1849254483298801,0.3952655157536764,0,0.03061476385196514,0.4791666666666667,807.5641339088979,0.0,54.162680660664655,0.9431197864823887,862.669934356045,s0585,96,0.18662381999999994,0.15242721399400655,0.034196606005993356,0.0014248585835830564,0.0462195999659187,18.32381633062348,0.034196606005993606
7.172161446722011,806.9822571274791,0.3999455054348211,0.3519304108412231,0.4630683322083855,-5.039640145298083,1.0,1.0196382951386436,83.0123213002669,96.84705824479589,96.84705824479589,3,3,80.0,0,0.0,0.16127820021753925,0.4007232777827141,3,0.030430852663202803,0.40625,807.5641339088979,0.0,54.16346243992128,0.8225188211094498,862.5501151699287,s0586,96,0.18662381999999994,0.15242721399400655,0.034196606005993356,0.0014248585835830564,0.0462195999659187,18.32381633062348,0.034196606005993606
7.207750777482564,810.5752483201966,0.3903619916108086,0.38196656438926024,0.4656508332403626,-5.05690458263809,1.0,1.0173716489015914,78.35495229608095,83.45744202222146,83.45744202222146,0,4,80.0,0,0.0,0.1711288130990912,0.4264439357972147,1,0.030139671979093167,0.5416666666666666,807.5641339088979,0.0,59.18769000108328,0.8727569468053653,867.6245808567866,s0587,96,0.18662381999999994,0.15242721399400655,0.034196606005993356,0.0014248585835830564,0.0462195999659187,18.32381633062348,0.034196606005993606
7.19333650962524,809.6392102999316,0.4072834918447849,0.36187991997462193,0.5003565718794349,-5.229621258473382,1.0,1.0193110639358576,82.93569718876503,97.28064226792753,97.28064226792753,2,5,80.0,0,0.0,0.1753692978536672,0.382910984163379,1,0.02718671292631132,0.4479166666666667,807.5641339088979,0.0,52.09249030084256,0.8943834190537022,860.5510076287942,s0588,96,0.18662381999999994,0.15242721399400655,0.034196606005993356,0.0014248585835830564,0.0462195999659187,18.32381633062348,0.034196606005993606
7.26351351733423,816.2632841310808,0.3836004450668355,0.3451814180764424,0.4393269266272792,-4.444592814417029,1.0,1.0176206473190565,77.8947711917476,87.21258555014431,87.21258555014431,0,5,80.0,0,0.0,0.17145030282925197,0.41809919940053825,2,0.03253378151611564,0.5104166666666666,807.5641339088979,0.0,58.023866707637296,0.874396544429185,866.4623971609644,s0589,96,0.18662381999999994,0.15242721399400655,0.034196606005993356,0.0014248585835830564,0.0462195999659187,18.32381633062348,0.034196606005993606
7.252633500097195,813.2420865100423,0.38894767018188314,0.44610731814506893,0.5147848526137582,-5.203255848930656,1.0,1.0170741412848117,78.72256864662184,83.86109958459149,83.86109958459149,0,2,80.0,0,0.0,0.16029793500387818,0.44746143585234077,2,0.03188534208366047,0.3958333333333333,807.5641339088979,0.0,60.244021480212844,0.8175194685197786,868.6256748576305,s0590,96,0.18662381999999994,0.15242721399400655,0.034196606005993356,0.0014248585835830564,0.0462195999659187,18.32381633062348,0.034196606005993606
7.243593943701402,813.0390762694178,0.4054366764589481,0.3775749839227711,0.44985738221832017,-4.789141815445375,1.0,1.0179279699985184,80.73726517870574,89.13527931441088,89.13527931441088,1,3,80.0,0,0.0,0.15623674673187704,0.39391583335218316,1,0.030221629488353392,0.5208333333333334,807.5641339088979,0.0,53.57697392716826,0.7968074083325729,861.9379152443988,s0591,96,0.18662381999999994,0.15242721399400655,0.034196606005993356,0.0014248585835830564,0.0462195999659187,18.32381633062348,0.034196606005993606
7.108512979657622,798.803991595599,0.3885606844502276,0.4690519579342902,0.4586678990904152,-3.054889672087869,1.0,1.0181848901991892,82.24168578866444,92.42217226187422,92.42217226187422,1,3,80.0,0,0.0,0.1619220554160266,0.4184005465896622,2,0.02863776863753088,0.5520833333333334,807.5641339088979,0.0,57.068749460002635,0.8258024826217361,865.4586858515223,s0592,96,0.18662381999999994,0.15242721399400655,0.034196606005993356,0.0014248585835830564,0.0462195999659187,18.32381633062348,0.034196606005993606
7.089166296451441,797.3394660709127,0.37103795245525056,0.4190493005116695,0.4752723603221023,-3.1015282431809257,1.0,1.017995036732263,84.30830940734553,90.0036155162243,90.0036155162243,1,3,80.0,0,0.0,0.17260483431513315,0.43437763762125636,0,0.03101028140742963,0.53125,807.5641339088979,0.0,59.716904619779676,0.8802846550071789,868.1613231836848,s0593,96,0.18662381999999994,0.15242721399400655,0.034196606005993356,0.0014248585835830564,0.0462195999659187,18.32381633062348,0.034196606005993606
7.233831530083877,811.8588298878676,0.38703704146691253,0.3785564558393645,0.44767804356289775,-4.646584183600019,1.0,1.0203343763942625,79.92302078983829,101.27187524522392,101.27187524522392,0,3,80.0,0,0.0,0.1503063580662925,0.37810149163412926,2,0.028733289977027936,0.4479166666666667,807.5641339088979,0.0,50.90080351080497,0.7665624261380917,859.231499845841,s0594,96,0.18662381999999994,0.15242721399400655,0.034196606005993356,0.0014248585835830564,0.0462195999659187,18.32381633062348,0.034196606005993606
7.221161260133253,810.5389898269632,0.3778916274651717,0.29628480277590846,0.5142088890458664,-5.052629551103753,1.0,1.0203366509773595,97.62853596687347,102.81661771971629,102.81661771971629,5,8,80.0,0,0.0,0.1824345681376587,0.41270961682760654,4,0.033180605645986565,0.5208333333333334,807.5641339088979,0.0,57.65087238100613,0.9304162975020597,866.1454225874061,s0595,96,0.18662381999999994,0.15242721399400655,0.034196606005993356,0.0014248585835830564,0.0462195999659187,18.32381633062348,0.034196606005993606
7.192189046551581,809.0386684647852,0.40558614168085727,0.3682748803284426,0.4821333193844337,-5.238733076549657,1.0,1.0180307486586113,87.15377348194188,91.33092880469755,91.33092880469755,2,6,80.0,0,0.0,0.14626574513613727,0.4955858126876508,1,0.033790221164793514,0.53125,807.5641339088979,0.0,67.36408689296337,0.7459553001943003,875.6741761020555,s0596,96,0.18662381999999994,0.15242721399400655,0.034196606005993356,0.0014248585835830564,0.0462195999659187,18.32381633062348,0.034196606005993606
7.0772920383880145,796.2962509586641,0.372479157877825,0.4759661024590841,0.4029399216359871,-4.532676479410418,1.0,1.0168333768787345,77.0362138802201,82.35008052933097,82.35008052933097,0,1,80.0,0,0.0,0.15660871923957015,0.3660343695956924,0,0.025744434683033984,0.6041666666666666,807.5641339088979,0.0,49.82062579040091,0.7987044681218078,858.1834641674207,s0597,96,0.18662381999999994,0.15242721399400655,0.034196606005993356,0.0014248585835830564,0.0462195999659187,18.32381633062348,0.034196606005993606
7.125743742601872,799.7172390191454,0.40463909528789677,0.44902662145712574,0.49866410728811933,-4.777017522420108,1.0,1.0166697400315587,86.74212391406998,83.31391232341807,83.31391232341807,3,3,80.0,0,0.0,0.15173285288230512,0.4618683634313629,1,0.03386671094046843,0.4583333333333333,807.5641339088979,0.0,62.27427884629297,0.7738375496997562,870.6122503048907,s0598,96,0.18662381999999994,0.15242721399400655,0.034196606005993356,0.0014248585835830564,0.0462195999659187,18.32381633062348,0.034196606005993606
7.178657457311016,806.1141667678236,0.40306510116207006,0.43149628084572345,0.43701211338801216,-2.6026283240805284,1.0,1.017414808151381,79.66851909052559,87.04097508700642,87.04097508700642,0,1,80.0,0,0.0,0.18523056660670845,0.36294376825389735,4,0.029455972219158397,0.4791666666666667,807.5641339088979,0.0,48.82786363475838,0.9446758896942132,857.3366734333505,s0599,96,0.18662381999999994,0.15242721399400655,0.034196606005993356,0.0014248585835830564,0.0462195999659187,18.32381633062348,0.034196606005993606
7.2023427572934065,810.2883835389878,0.48053545476790993,0.24776219651884163,0.5383610043928205,-4.671107579699786,1.0,1.02229262064751,90.95545425498788,110.97910052399975,110.97910052399975,2,6,80.0,0,0.0,0.18808452531469175,0.43288548115715964,2,0.03433398790214068,0.46875,807.5641339088979,0.0,59.445027611864425,0.9592310791049276,867.9683925998673,s0600,96,0.18662381999999994,0.15242721399400655,0.034196606005993356,0.0014248585835830564,0.0462195999659187,18.32381633062348,0.034196606005993606
7.155704058584193,804.7948166250807,0.3767239914777387,0.37165305417063343,0.4855628647001074,-5.0336069086499124,1.0,1.017277647731496,77.28592484818812,84.59352436962632,84.59352436962632,0,6,80.0,0,0.0,0.16819994787036013,0.4021371228030849,2,0.02773947673947151,0.53125,807.5641339088979,0.0,54.745106130831886,0.8578197341388374,863.1670597738687,s0601,96,0.18662381999999994,0.15242721399400655,0.034196606005993356,0.0014248585835830564,0.0462195999659187,18.32381633062348,0.034196606005993606
7.052849721727826,794.200097821922,0.3791596438080737,0.43078945904503885,0.4553647634377412,-4.511835311126781,1.0,1.018181110455305,79.68365264175952,91.45489961765817,91.45489961765817,0,4,80.0,0,0.0,0.19668292892107941,0.38342225090081083,3,0.031064093918953182,0.5625,807.5641339088979,0.0,52.790939355997246,1.003082937497505,861.3581562023927,s0602,96,0.18662381999999994,0.15242721399400655,0.034196606005993356,0.0014248585835830564,0.0462195999659187,18.32381633062348,0.034196606005993606
7.330140186780316,822.123422856365,0.37841109526253475,0.30034069215064707,0.5278558206442123,-4.554160680918972,1.0,1.0172086952622938,80.3892050963739,84.76191266487648,84.76191266487648,1,5,80.0,0,0.0,0.19024955095699508,0.44533139641770175,1,0.03307305612400201,0.4791666666666667,807.5641339088979,0.0,60.639413071160746,0.9702727098806747,869.1738196899394,s0603,96,0.18662381999999994,0.15242721399400655,0.034196606005993356,0.0014248585835830564,0.0462195999659187,18.32381633062348,0.034196606005993606
7.2397468297385235,812.3707829791634,0.3923746675921904,0.36991693897196415,0.4840519897703432,-5.215550133441581,1.0,1.0173459810487893,84.47898270774137,83.9630062924236,83.9630062924236,1,1,80.0,0,0.0,0.13645509053980454,0.44121568052216975,1,0.0296148105049324,0.4270833333333333,807.5641339088979,0.0,59.563398928593465,0.6959209617530026,867.8234537992444,s0604,96,0.18662381999999994,0.15242721399400655,0.034196606005993356,0.0014248585835830564,0.0462195999659187,18.32381633062348,0.034196606005993606
7.307771050981186,820.3353814990926,0.381363931241926,0.2786691971583233,0.4351735109498869,-3.377823197902808,1.0,1.01893363874795,77.62095269973511,93.35400328566809,93.35400328566809,0,2,80.0,0,0.0,0.17131941948954119,0.37619182586595057,2,0.02656519719016267,0.4166666666666667,807.5641339088979,0.0,51.301156263296036,0.8737290393966602,859.7390192115905,s0605,96,0.18662381999999994,0.15242721399400655,0.034196606005993356,0.0014248585835830564,0.0462195999659187,18.32381633062348,0.034196606005993606
7.086989284592847,796.5489255665719,0.4048694162617408,0.4291954779806279,0.46796625174840156,-4.407895441498298,1.0,1.0186485620744394,77.77733302776949,91.14829043072615,91.14829043072615,0,3,80.0,0,0.0,0.14168598755860504,0.40488830913652274,2,0.028511667176534163,0.6458333333333334,807.5641339088979,0.0,54.47880832027259,0.7225985365488857,862.7655407657194,s0606,96,0.18662381999999994,0.15242721399400655,0.034196606005993356,0.0014248585835830564,0.0462195999659187,18.32381633062348,0.034196606005993606
7.198115019027056,808.1771325348866,0.391725913500684,0.3375160755415136,0.45515320023159656,-4.642448143044579,1.0,1.0177538421477967,84.82613734605063,89.71925573831327,89.71925573831327,1,4,80.0,0,0.0,0.17398530268409151,0.4087627321738193,2,0.029293614605895513,0.4895833333333333,807.5641339088979,0.0,55.23113561334415,0.8873250436888664,863.6825945659309,s0607,96,0.18662381999999994,0.15242721399400655,0.034196606005993356,0.0014248585835830564,0.0462195999659187,18.32381633062348,0.034196606005993606
7.197969394233189,809.0699895093206,0.3893099180963775,0.35050639575459797,0.4949724515190598,-4.686171589082003,1.0,1.0190962659474396,80.46969227759269,95.55362367978904,95.55362367978904,1,4,80.0,0,0.0,0.19135178178223403,0.3908983758522798,3,0.028939758018790524,0.4895833333333333,807.5641339088979,0.0,53.07113367631386,0.9758940870893928,861.6111616723011,s0608,96,0.18662381999999994,0.15242721399400655,0.034196606005993356,0.0014248585835830564,0.0462195999659187,18.32381633062348,0.034196606005993606
7.038167091109332,791.5742339636913,0.37944325639157545,0.43109817335579437,0.5341474982641685,-5.536878082198192,1.0,1.0193336900851684,86.04749845317714,97.168294545278,97.168294545278,3,7,80.0,0,0.0,0.22097846804448415,0.3716461529221429,4,0.029042284778602285,0.6354166666666666,807.5641339088979,0.0,50.247672518840524,1.1269901870268686,858.9387966147654,s0609,96,0.18662381999999994,0.15242721399400655,0.034196606005993356,0.0014248585835830564,0.0462195999659187,18.32381633062348,0.034196606005993606
7.249703855976183,813.5210559189052,0.39124756219566303,0.3585119396538111,0.4218750106267386,-3.536507708232827,1.0,1.0165018012897793,75.98627946384818,81.61461580139733,81.61461580139733,0,1,80.0,0,0.0,0.1337046329290535,0.3529819306489064,1,0.024538830614120117,0.4479166666666667,807.5641339088979,0.0,47.3935566882334,0.6818936279381729,855.6395842250695,s0610,96,0.18662381999999994,0.15242721399400655,0.034196606005993356,0.0014248585835830564,0.0462195999659187,18.32381633062348,0.034196606005993606
7.166778128582989,806.376447278872,0.45233010933934004,0.4073981754628802,0.5654408231186903,-5.996638679686235,1.0,1.021917910915155,93.80448849013413,109.54076833326454,109.54076833326454,5,6,80.0,0,0.0,0.17142131404287486,0.45008397505882614,4,0.032541812260660184,0.6145833333333334,807.5641339088979,0.0,62.023202055990026,0.8742487016186612,870.4615846665066,s0611,96,0.18662381999999994,0.15242721399400655,0.034196606005993356,0.0014248585835830564,0.0462195999659187,18.32381633062348,0.034196606005993606
7.086311059209467,796.1634139582582,0.3795121750533281,0.4321230743308222,0.5065562372144148,-4.999734414873681,1.0,1.0183505662066246,81.958352326576,91.72209666470947,91.72209666470947,1,4,80.0,0,0.0,0.16961492754530125,0.4437305848724691,2,0.030657219148473278,0.5,807.5641339088979,0.0,60.47178649987845,0.8650361304810362,868.9009565392574,s0612,96,0.18662381999999994,0.15242721399400655,0.034196606005993356,0.0014248585835830564,0.0462195999659187,18.32381633062348,0.034196606005993606
7.08930828291526,797.768347439403,0.4141709808868739,0.40941614529090986,0.5111671547381802,-4.675308881771674,1.0,1.0184074554676117,86.33847376322063,90.40985242700049,90.40985242700049,2,4,80.0,0,0.0,0.181486232574956,0.4653991453533962,2,0.03256231376748818,0.5833333333333334,807.5641339088979,0.0,62.65831074327382,0.9255797861322752,871.148024438304,s0613,96,0.18662381999999994,0.15242721399400655,0.034196606005993356,0.0014248585835830564,0.0462195999659187,18.32381633062348,0.034196606005993606
7.235010845527271,813.2529485108716,0.4143425543582449,0.3006124922278636,0.4544179503906476,-4.43497356965923,1.0,1.017368155941261,81.28758075146587,84.02903150022638,84.02903150022638,1,2,80.0,0,0.0,0.12817680054447375,0.4183595193041143,1,0.02810035124913299,0.4166666666666667,807.5641339088979,0.0,56.75983992326966,0.6537016827768158,864.9776755149444,s0614,96,0.18662381999999994,0.15242721399400655,0.034196606005993356,0.0014248585835830564,0.0462195999659187,18.32381633062348,0.034196606005993606
7.171019184737677,804.4653708334631,0.3982877679824566,0.43071346261276816,0.5055886983375976,-4.32013486978683,1.0,1.017426793668355,79.4848204888271,84.2168973727512,84.2168973727512,0,2,80.0,0,0.0,0.18554399716512496,0.40537898805615846,3,0.030850435991361808,0.5416666666666666,807.5641339088979,0.0,56.31812215439028,0.9462743855421372,864.8285304488303,s0615,96,0.18662381999999994,0.15242721399400655,0.034196606005993356,0.0014248585835830564,0.0462195999659187,18.32381633062348,0.034196606005993606
7.1614522705963495,805.3757128999104,0.37167243626664587,0.3622431993328459,0.4488954736167471,-4.128865774547651,1.0,1.0185112131128207,85.38225411707998,94.20108037438791,94.20108037438791,1,1,80.0,0,0.0,0.13205263747989315,0.3981778376545137,1,0.028314585328792295,0.5520833333333334,807.5641339088979,0.0,55.67923338220135,0.6734684511474549,863.9168357422467,s0616,96,0.18662381999999994,0.15242721399400655,0.034196606005993356,0.0014248585835830564,0.0462195999659187,18.32381633062348,0.034196606005993606
7.157936274954482,804.0384176203293,0.37277198852732857,0.3437367583267308,0.5106685251636047,-4.307555557578947,1.0,1.0207705393159028,85.73157615019366,103.15321289685777,103.15321289685777,2,8,80.0,0,0.0,0.2080666042827586,0.4172973936972748,4,0.035586479380104154,0.5,807.5641339088979,0.0,57.2641055601187,1.061139681842069,865.8893791508586,s0617,96,0.18662381999999994,0.15242721399400655,0.034196606005993356,0.0014248585835830564,0.0462195999659187,18.32381633062348,0.034196606005993606
7.2351309805036035,812.0197077147735,0.38197245624079934,0.35097034203109545,0.442209400696608,-4.9219701860120155,1.0,1.0167142425033102,86.6230184136997,80.76102848885992,80.76102848885992,2,1,80.0,0,0.0,0.1683177526792334,0.4160259561932172,1,0.03286425654198735,0.4270833333333333,807.5641339088979,0.0,56.517209917112815,0.8584205386640902,864.9397643646748,s0618,96,0.18662381999999994,0.15242721399400655,0.034196606005993356,0.0014248585835830564,0.0462195999659187,18.32381633062348,0.034196606005993606
7.284442390181463,818.6525927360412,0.40079943916692484,0.3190781037652037,0.6004061082177303,-4.7349660960386295,1.0,1.0197118866513284,80.83865934865358,97.68122511316419,97.68122511316419,1,7,80.0,0,0.0,0.1793585664792161,0.4788569170635014,3,0.03362964447660051,0.4583333333333333,807.5641339088979,0.0,65.08560118918457,0.914728689044002,873.5644637871264,s0619,96,0.18662381999999994,0.15242721399400655,0.034196606005993356,0.0014248585835830564,0.0462195999659187,18.32381633062348,0.034196606005993606
7.2472103252505615,814.9147783848938,0.4089172492497249,0.31588712383691653,0.5321246172572154,-5.544066344185983,1.0,1.019038310538458,80.11811387136608,93.47039440718868,93.47039440718868,1,3,80.0,0,0.0,0.18107734114167853,0.4288941569613727,2,0.031265187426243436,0.4583333333333333,807.5641339088979,0.0,59.16032124530325,0.9234944398225597,867.6479495940238,s0620,96,0.18662381999999994,0.15242721399400655,0.034196606005993356,0.0014248585835830564,0.0462195999659187,18.32381633062348,0.034196606005993606
7.1419843115355715,802.1915953380736,0.39269660465516276,0.3649315905154234,0.46512383988452866,-5.61378505909498,1.0,1.0182815421746565,82.78620748849904,92.90126861184955,92.90126861184955,4,6,80.0,0,0.0,0.1538146679461711,0.3895699573572158,2,0.028086575530335386,0.5729166666666666,807.5641339088979,0.0,51.887185849309134,0.7844548065254722,860.2357745647325,s0621,96,0.18662381999999994,0.15242721399400655,0.034196606005993356,0.0014248585835830564,0.0462195999659187,18.32381633062348,0.034196606005993606
7.20869622627984,809.5804084225626,0.3750871259194831,0.3887875217923722,0.5264816237564423,-2.476091804906247,1.0,1.0167107165768539,81.25527730244275,81.43977756016132,81.43977756016132,2,1,80.0,0,0.0,0.17012233638103905,0.443202217554732,1,0.029646673019521844,0.5208333333333334,807.5641339088979,0.0,60.298246755557294,0.8676239155432991,868.7300045799985,s0622,96,0.18662381999999994,0.15242721399400655,0.034196606005993356,0.0014248585835830564,0.0462195999659187,18.32381633062348,0.034196606005993606
7.2399507055676455,814.3555061211148,0.4275743034997312,0.320569920154193,0.4819855309781105,-3.7931460558311443,1.0,1.0155886351592767,83.57274550140687,76.27886506660072,76.27886506660072,1,0,80.0,0,0.0,0.17608439658299732,0.4627440724033063,1,0.03360856937756283,0.46875,807.5641339088979,0.0,63.18911076669269,0.8980304225732865,871.6512750981639,s0623,96,0.18662381999999994,0.15242721399400655,0.034196606005993356,0.0014248585835830564,0.0462195999659187,18.32381633062348,0.034196606005993606
7.116195193857488,801.413692821448,0.3840935593567167,0.35979963854149044,0.46914218028699073,-5.8665038429618015,1.0,1.018021263596553,86.97897064159625,91.07272142836523,91.07272142836523,2,4,80.0,0,0.0,0.13238918126633256,0.4564885813390979,1,0.029800326043030245,0.5416666666666666,807.5641339088979,0.0,62.50014548146773,0.6751848244582963,870.7394642148239,s0624,96,0.18662381999999994,0.15242721399400655,0.034196606005993356,0.0014248585835830564,0.0462195999659187,18.32381633062348,0.034196606005993606
7.21008183123601,810.3987008210497,0.3947189612163116,0.38216971577708814,0.3931203756122825,-4.519816465513014,1.0,1.0185268510047738,79.42644994675025,92.8113593808898,92.8113593808898,0,2,80.0,0,0.0,0.1518251390965714,0.3684906716556181,0,0.02840128381027251,0.5208333333333334,807.5641339088979,0.0,50.02746981076301,0.774308209392514,858.3659119290535,s0625,96,0.18662381999999994,0.15242721399400655,0.034196606005993356,0.0014248585835830564,0.0462195999659187,18.32381633062348,0.034196606005993606
7.277273952963932,816.5902828111138,0.37660983289682554,0.4072734930820249,0.46683975061608046,-3.929460691683891,1.0,1.0181003083948208,73.82506837891464,87.98183142214636,87.98183142214636,0,4,80.0,0,0.0,0.18251097011219186,0.36198378676695875,3,0.027887970918197395,0.4479166666666667,807.5641339088979,0.0,49.21392144825015,0.9308059475721783,857.7088613047202,s0626,96,0.18662381999999994,0.15242721399400655,0.034196606005993356,0.0014248585835830564,0.0462195999659187,18.32381633062348,0.034196606005993606
7.137510502168242,801.1713209785096,0.3865056361201164,0.3877462509479516,0.4995704687378593,-6.2550424184468385,1.0,1.0195291843778134,89.81522319116955,99.08575026026345,99.08575026026345,2,10,80.0,0,0.0,0.2025153100797522,0.38312033981294813,1,0.029206018089240122,0.5729166666666666,807.5641339088979,0.0,52.99182345964718,1.0328280814067363,861.5887854499518,s0627,96,0.18662381999999994,0.15242721399400655,0.034196606005993356,0.0014248585835830564,0.0462195999659187,18.32381633062348,0.034196606005993606
7.112800745074483,799.88041412478,0.4172111846384983,0.34858888294727686,0.4834096620575494,-5.571048463104766,1.0,1.0191789460689575,82.90660711971705,94.77420183035348,94.77420183035348,2,5,80.0,0,0.0,0.17123604108927137,0.4512675382283462,3,0.03282391414751618,0.53125,807.5641339088979,0.0,61.8970131815389,0.8733038095552841,870.3344508999921,s0628,96,0.18662381999999994,0.15242721399400655,0.034196606005993356,0.0014248585835830564,0.0462195999659187,18.32381633062348,0.034196606005993606
7.179858602920966,807.1625122771891,0.39230408398437877,0.37140762345408457,0.4604310857546264,-5.658744440638455,1.0,1.0173553091495706,79.90275642518739,83.01452210428405,83.01452210428405,0,2,80.0,0,0.0,0.17014202656890368,0.3802099343322213,0,0.02787355153526179,0.4791666666666667,807.5641339088979,0.0,50.246205232063495,0.8677243355014086,858.6780634764629,s0629,96,0.18662381999999994,0.15242721399400655,0.034196606005993356,0.0014248585835830564,0.0462195999659187,18.32381633062348,0.034196606005993606
7.260499450528917,814.700022342171,0.404536830227987,0.34176762740851613,0.4464656019002592,-4.458260352732439,1.0,1.0178304908251465,77.37166272690145,87.93551791939606,87.93551791939606,0,4,80.0,0,0.0,0.15015676218551288,0.37274404644308756,0,0.026556924989783577,0.4270833333333333,807.5641339088979,0.0,51.2290255802493,0.7657994871461152,859.5589589762933,s0630,96,0.18662381999999994,0.15242721399400655,0.034196606005993356,0.0014248585835830564,0.0462195999659187,18.32381633062348,0.034196606005993606
7.209531769320343,807.9201718283167,0.41014688462005056,0.43220604863723994,0.4329393040937393,-5.495034705579447,1.0,1.0188052225573514,83.69524249239579,94.62026403216417,94.62026403216417,2,7,80.0,0,0.0,0.1677610911870964,0.4154661369456516,2,0.03408217709498721,0.4895833333333333,807.5641339088979,0.0,57.95435124903609,0.8555815650541915,866.3740667229882,s0631,96,0.18662381999999994,0.15242721399400655,0.034196606005993356,0.0014248585835830564,0.0462195999659187,18.32381633062348,0.034196606005993606
7.082725865431641,796.630564569282,0.40300315489391736,0.432569575779876,0.4467569436256654,-5.0565602414115025,1.0,1.0171983663001394,80.86772060010615,88.03855691946677,88.03855691946677,2,3,80.0,0,0.0,0.14924874820041717,0.43936439734674654,2,0.030093191220991456,0.5416666666666666,807.5641339088979,0.0,59.228811999855,0.7611686158221276,867.5541145245751,s0632,96,0.18662381999999994,0.15242721399400655,0.034196606005993356,0.0014248585835830564,0.0462195999659187,18.32381633062348,0.034196606005993606
7.3244294049312435,822.3745260605258,0.39656965645919895,0.3297088432952411,0.45796667927141155,-4.596768799479757,1.0,1.0175806231059419,79.44077187169401,85.72776362494317,85.72776362494317,0,3,80.0,0,0.0,0.14633853549798792,0.4145860811055997,1,0.027330520869883128,0.4166666666666667,807.5641339088979,0.0,57.20398991505343,0.7463265310397388,865.514450354991,s0633,96,0.18662381999999994,0.15242721399400655,0.034196606005993356,0.0014248585835830564,0.0462195999659187,18.32381633062348,0.034196606005993606
7.055097714683948,794.4359921166024,0.37900500024120337,0.41675642196934326,0.4860169591980068,-4.372914566696682,1.0,1.0191788229149883,82.83977028624997,95.038768093606,95.038768093606,2,2,80.0,0,0.0,0.20713608038326023,0.3729783754570649,2,0.02787897160550719,0.5208333333333334,807.5641339088979,0.0,50.61327160777238,1.0563940099546276,859.2337995266249,s0634,96,0.18662381999999994,0.15242721399400655,0.034196606005993356,0.0014248585835830564,0.0462195999659187,18.32381633062348,0.034196606005993606
7.3082581812360115,819.7820540841958,0.3824808576174972,0.3063460884639933,0.47482197448794083,-6.410186640488154,1.0,1.0192714758223416,79.11614099808665,94.41659534547998,94.41659534547998,0,5,80.0,0,0.0,0.16274212318699702,0.40836784822174244,2,0.028385669734740795,0.4375,807.5641339088979,0.0,55.411680109928675,0.8299848282536846,863.8057988470803,s0635,96,0.18662381999999994,0.15242721399400655,0.034196606005993356,0.0014248585835830564,0.0462195999659187,18.32381633062348,0.034196606005993606
7.1066856544611525,799.4393213450797,0.3893920954123994,0.401265869664569,0.43915328069724074,-5.54350457056433,1.0,1.0187153029724207,82.91298715454046,91.47592891642317,91.47592891642317,2,3,80.0,0,0.0,0.14378162908280953,0.37587501482035807,0,0.025730387595907584,0.53125,807.5641339088979,0.0,50.24695939008819,0.7332863083223288,858.5443796073085,s0636,96,0.18662381999999994,0.15242721399400655,0.034196606005993356,0.0014248585835830564,0.0462195999659187,18.32381633062348,0.034196606005993606
7.171211419359615,804.8773153162854,0.37103795070668494,0.4567679438807554,0.48618146922306676,-5.763373554702348,1.0,1.0193145231769296,81.76267933539442,96.32539369317034,96.32539369317034,1,7,80.0,0,0.0,0.22943822974477457,0.36811969855127447,5,0.03313612279247298,0.4895833333333333,807.5641339088979,0.0,50.4113493301772,1.170134971698351,859.1456182107735,s0637,96,0.18662381999999994,0.15242721399400655,0.034196606005993356,0.0014248585835830564,0.0462195999659187,18.32381633062348,0.034196606005993606
7.015383638676944,789.5927677383738,0.3908777676790869,0.45078780439492194,0.5203832530122943,-4.460033874321497,1.0,1.017981888086101,96.273868625825,88.27565635728925,88.27565635728925,3,6,80.0,0,0.0,0.18361268069018885,0.40607326026251955,2,0.029637990227035765,0.5208333333333334,807.5641339088979,0.0,55.53798036766588,0.9364246715199629,864.0385389480838,s0638,96,0.18662381999999994,0.15242721399400655,0.034196606005993356,0.0014248585835830564,0.0462195999659187,18.32381633062348,0.034196606005993606
7.149649239382923,803.1288525619779,0.37477141267252423,0.39122416240076163,0.4182577976557489,-5.203771091988606,1.0,1.017505514185401,80.52474529381286,87.44299043937302,87.44299043937302,1,2,80.0,0,0.0,0.13196424327755868,0.37753499066877716,0,0.025319140725877126,0.5208333333333334,807.5641339088979,0.0,50.61738309993457,0.6730176407155491,858.8545346495481,s0639,96,0.18662381999999994,0.15242721399400655,0.034196606005993356,0.0014248585835830564,0.0462195999659187,18.32381633062348,0.034196606005993606
7.177789135861705,806.7666834082909,0.3924314880153445,0.3309070253374848,0.48835050199744606,-5.2596687185781015,1.0,1.0168848087442632,82.32384636356149,80.76498384315141,80.76498384315141,2,3,80.0,0,0.0,0.1926641407827349,0.39544721474918265,4,0.02933696791257682,0.5729166666666666,807.5641339088979,0.0,54.61174144889333,0.9825871179919484,863.1584624757832,s0640,96,0.18662381999999994,0.15242721399400655,0.034196606005993356,0.0014248585835830564,0.0462195999659187,18.32381633062348,0.034196606005993606
7.185400470567876,807.2414970266163,0.39879104613907584,0.3874671654761236,0.5353825174773125,-5.790087092519573,1.0,1.0191621318609225,86.14825866807489,96.5431980699168,96.5431980699168,3,5,80.0,0,0.0,0.19967932068023814,0.4426162959519715,4,0.03546285289735107,0.4583333333333333,807.5641339088979,0.0,59.82106268643846,1.0183645354692146,868.4035611308057,s0641,96,0.18662381999999994,0.15242721399400655,0.034196606005993356,0.0014248585835830564,0.0462195999659187,18.32381633062348,0.034196606005993606
7.182876219786169,807.0111126054499,0.4039865062601613,0.3660239602925771,0.45174306527746855,-5.539712437318038,1.0,1.0195497531651712,82.33177165904645,96.87751114904518,96.87751114904518,1,7,80.0,0,0.0,0.19479131054368456,0.3334686553499583,2,0.025576609578085458,0.53125,807.5641339088979,0.0,45.88705813369486,0.9934356837727913,854.4446277263655,s0642,96,0.18662381999999994,0.15242721399400655,0.034196606005993356,0.0014248585835830564,0.0462195999659187,18.32381633062348,0.034196606005993606
7.171840235538336,804.7553545189583,0.4012297218243264,0.3830545293222325,0.4363301276301712,-6.357512928204265,1.0,1.0176344734367757,83.94678223501735,86.03743843700748,86.03743843700748,3,3,80.0,0,0.0,0.14997294602058217,0.3556626582862369,1,0.025120639328675018,0.5520833333333334,807.5641339088979,0.0,48.53401535601267,0.7648620247049691,856.8630112896155,s0643,96,0.18662381999999994,0.15242721399400655,0.034196606005993356,0.0014248585835830564,0.0462195999659187,18.32381633062348,0.034196606005993606
7.042496757204904,791.5035445044248,0.38605485134356315,0.44189389542819557,0.40843823072312857,-5.546643359700269,1.0,1.0184208066514946,87.26968052692578,89.65564771657758,89.65564771657758,1,5,80.0,0,0.0,0.15402945767347886,0.42871817842919,0,0.03569606459342263,0.5729166666666666,807.5641339088979,0.0,58.66597286358373,0.785550234134742,867.0156570066164,s0644,96,0.18662381999999994,0.15242721399400655,0.034196606005993356,0.0014248585835830564,0.0462195999659187,18.32381633062348,0.034196606005993606
7.250770911918599,813.5045602989007,0.4004402018832118,0.345153965183017,0.5358720145601392,-3.6980844421254666,1.0,1.0176665694700153,86.80521523990672,87.61749534114381,87.61749534114381,1,2,80.0,0,0.0,0.18721058207333924,0.43690668885886863,1,0.030961807336291263,0.46875,807.5641339088979,0.0,58.549066644592735,0.9547739685740303,867.0679745220647,s0645,96,0.18662381999999994,0.15242721399400655,0.034196606005993356,0.0014248585835830564,0.0462195999659187,18.32381633062348,0.034196606005993606
7.334777887965222,823.2881645731287,0.3840079064930985,0.2710232220286304,0.4434555850650392,-6.2776652434306035,1.0,1.0183565948864433,76.07317502770663,88.84300295927946,88.84300295927946,0,3,80.0,0,0.0,0.14412350936856957,0.3699410597662119,0,0.025314690046959434,0.4270833333333333,807.5641339088979,0.0,49.76652285396252,0.7350298977797053,858.0656866606402,s0646,96,0.18662381999999994,0.15242721399400655,0.034196606005993356,0.0014248585835830564,0.0462195999659187,18.32381633062348,0.034196606005993606
7.227516331476692,811.7360432875209,0.3922676401738524,0.393200130562544,0.47671411309986866,-5.241512667495548,1.0,1.0168921343898984,81.11607613517975,83.94555361843264,83.94555361843264,1,3,80.0,0,0.0,0.1871968842914772,0.3645254246539559,1,0.02603433550179919,0.4270833333333333,807.5641339088979,0.0,49.58077546340118,0.9547041098865335,858.0996134821856,s0647,96,0.18662381999999994,0.15242721399400655,0.034196606005993356,0.0014248585835830564,0.0462195999659187,18.32381633062348,0.034196606005993606
7.180315092760759,806.5649493478294,0.39500682845018914,0.35255038554002216,0.5309863422011372,-5.055045664338713,1.0,1.0179786614054047,82.491447472881,87.00414635253307,87.00414635253307,3,3,80.0,0,0.0,0.17461435822074553,0.4376933321658286,2,0.0317859809570682,0.5520833333333334,807.5641339088979,0.0,60.660820149415564,0.8905332269258024,869.1154872852393,s0648,96,0.18662381999999994,0.15242721399400655,0.034196606005993356,0.0014248585835830564,0.0462195999659187,18.32381633062348,0.034196606005993606
7.142206529707267,803.1619471069068,0.3888329329294015,0.38330049743966654,0.5017835888723481,-5.254771445232611,1.0,1.0183584476672742,90.23351201515376,91.81715659903716,91.81715659903716,4,8,80.0,0,0.0,0.20384536050235805,0.3743054098229938,3,0.03003948165496671,0.4270833333333333,807.5641339088979,0.0,51.46045637543408,1.0396113385620265,860.0642016228941,s0649,96,0.18662381999999994,0.15242721399400655,0.034196606005993356,0.0014248585835830564,0.0462195999659187,18.32381633062348,0.034196606005993606
7.110303240718941,798.3800226194545,0.3999871745082548,0.4194838677296093,0.5194250884558956,-5.176715899857744,1.0,1.019487064642112,104.65715322018087,94.58310935199616,94.58310935199616,3,7,80.0,0,0.0,0.1610861070364352,0.4732671485361212,1,0.035836385606100155,0.4791666666666667,807.5641339088979,0.0,64.87368577418123,0.8215391458858194,873.259358828965,s0650,96,0.18662381999999994,0.15242721399400655,0.034196606005993356,0.0014248585835830564,0.0462195999659187,18.32381633062348,0.034196606005993606
7.216359063742414,811.0326515033081,0.3909539945625592,0.3623573516108576,0.46713459758107345,-4.894420153124308,1.0,1.020260607096944,81.39365737720406,100.90619302950077,100.90619302950077,2,4,80.0,0,0.0,0.15689403754939205,0.382964788311971,2,0.027262674889351617,0.46875,807.5641339088979,0.0,52.435927114769704,0.8001595915018993,860.8002206151696,s0651,96,0.18662381999999994,0.15242721399400655,0.034196606005993356,0.0014248585835830564,0.0462195999659187,18.32381633062348,0.034196606005993606
7.071868187751967,795.0317619969057,0.39892120994824704,0.3452838828210766,0.5093639499060616,-4.989699841247105,1.0,1.0174269570931462,90.37821474022435,87.06045000840082,87.06045000840082,2,5,80.0,0,0.0,0.1808731333428288,0.4122845569865863,1,0.029695503194256394,0.53125,807.5641339088979,0.0,55.317403454941264,0.9224529800484269,863.8039903438877,s0652,96,0.18662381999999994,0.15242721399400655,0.034196606005993356,0.0014248585835830564,0.0462195999659187,18.32381633062348,0.034196606005993606
7.178771955654414,806.9503635227941,0.3955611877687493,0.336038606987912,0.46549792693710157,-2.6357970478105197,1.0,1.017665921716294,81.11597337378497,89.52463918894253,89.52463918894253,2,2,80.0,0,0.0,0.17932403340397565,0.39035811471376436,2,0.027816655236692307,0.4895833333333333,807.5641339088979,0.0,52.01128918991029,0.9145525703602763,860.4899756691684,s0653,96,0.18662381999999994,0.15242721399400655,0.034196606005993356,0.0014248585835830564,0.0462195999659187,18.32381633062348,0.034196606005993606
7.135970901903551,801.6322392148726,0.38702412809551484,0.47067721190521106,0.5179031517527664,-5.828353125009536,1.0,1.0183397798876035,80.4208065185714,90.2483401600413,90.2483401600413,1,6,80.0,0,0.0,0.18131718345719156,0.45245400042113854,1,0.033541752521128135,0.4895833333333333,807.5641339088979,0.0,62.20192141809371,0.9247176356316766,870.6907729626232,s0654,96,0.18662381999999994,0.15242721399400655,0.034196606005993356,0.0014248585835830564,0.0462195999659187,18.32381633062348,0.034196606005993606
7.232219476627388,811.2622749288951,0.40638030830896826,0.3646122444439338,0.4495453324550883,-4.5678545209440315,1.0,1.017227268554417,79.6063279383991,84.80685719272087,84.80685719272087,0,4,80.0,0,0.0,0.18895113634694707,0.3782120624119938,3,0.0303789544007479,0.4270833333333333,807.5641339088979,0.0,51.92106109794786,0.9636507953694299,860.4488458022151,s0655,96,0.18662381999999994,0.15242721399400655,0.034196606005993356,0.0014248585835830564,0.0462195999659187,18.32381633062348,0.034196606005993606
7.253649899432811,815.5310348915236,0.4266690420933569,0.3996933864789848,0.5305139461675098,-4.8103134862273595,1.0,1.0172106826457292,77.50352842456468,83.04717248371941,83.04717248371941,0,2,80.0,0,0.0,0.17185677536868604,0.38820932671958497,1,0.027140261744146812,0.4479166666666667,807.5641339088979,0.0,54.24681828778522,0.8764695543802988,862.6874217510634,s0656,96,0.18662381999999994,0.15242721399400655,0.034196606005993356,0.0014248585835830564,0.0462195999659187,18.32381633062348,0.034196606005993606
7.084281361982111,796.7423773117434,0.3750514557068853,0.38713407839080827,0.48394240928884535,-4.984698274209851,1.0,1.018155594071836,81.45046217004092,87.84066855166931,87.84066855166931,2,3,80.0,0,0.0,0.17255855306331977,0.3759288148249311,0,0.025731245637952403,0.5729166666666666,807.5641339088979,0.0,50.168337047296376,0.8800486206229307,858.6125195768172,s0657,96,0.18662381999999994,0.15242721399400655,0.034196606005993356,0.0014248585835830564,0.0462195999659187,18.32381633062348,0.034196606005993606
7.238685688586495,812.4941860054405,0.3848201668594995,0.3459849254965469,0.45840135776747737,-5.890360415721443,1.0,1.0192899236233008,82.73017989927736,97.17666586889938,97.17666586889938,2,5,80.0,0,0.0,0.18204682571018138,0.4012501662974126,4,0.030506042788262744,0.5208333333333334,807.5641339088979,0.0,55.25867022274079,0.9284388111219252,863.7512429427607,s0658,96,0.18662381999999994,0.15242721399400655,0.034196606005993356,0.0014248585835830564,0.0462195999659187,18.32381633062348,0.034196606005993606
7.200944657401177,809.0242674961818,0.37896371814067437,0.33940124610197986,0.474752298778262,-4.545083361742356,1.0,1.0180754162036678,81.20453312547859,88.43041478150607,88.43041478150607,3,3,80.0,0,0.0,0.1404075979426846,0.4689425011007454,2,0.03267598011564529,0.53125,807.5641339088979,0.0,63.570408722711925,0.7160787495076911,871.8506213811175,s0659,96,0.18662381999999994,0.15242721399400655,0.034196606005993356,0.0014248585835830564,0.0462195999659187,18.32381633062348,0.034196606005993606
7.19531187907051,807.6453588469618,0.38750433216764935,0.3404264102475248,0.43753298754249353,-4.787672792770153,1.0,1.017333319488737,78.77129903867514,83.72716288397055,83.72716288397055,0,5,80.0,0,0.0,0.16942678389134333,0.38828915443896217,1,0.028998885338102017,0.5416666666666666,807.5641339088979,0.0,52.55454461953434,0.8640765978458512,860.9827551262781,s0660,96,0.18662381999999994,0.15242721399400655,0.034196606005993356,0.0014248585835830564,0.0462195999659187,18.32381633062348,0.034196606005993606
7.236582664997561,813.8795667733505,0.40830247212409926,0.3409707815258129,0.469797145233526,-4.900217227353956,1.0,1.017353555238439,79.3087736496191,85.5868821192655,85.5868821192655,0,4,80.0,0,0.0,0.17174990960197997,0.39761452930740215,1,0.02918221587282472,0.53125,807.5641339088979,0.0,54.45626836852784,0.8759245389700983,862.8963268163959,s0661,96,0.18662381999999994,0.15242721399400655,0.034196606005993356,0.0014248585835830564,0.0462195999659187,18.32381633062348,0.034196606005993606
7.164079338533028,805.762807327822,0.38927345859811807,0.41867757331441924,0.4923999145597021,-5.201378149626305,1.0,1.0197063853763637,81.34510895928666,98.57803823990852,98.57803823990852,2,4,80.0,0,0.0,0.1733239448044746,0.42345089591305396,3,0.029824433979268216,0.4895833333333333,807.5641339088979,0.0,57.8620231345408,0.8839521185028201,866.3101091619416,s0662,96,0.18662381999999994,0.15242721399400655,0.034196606005993356,0.0014248585835830564,0.0462195999659187,18.32381633062348,0.034196606005993606
7.075999614130569,795.3728335926589,0.40274584868573343,0.43283248200012814,0.46527840721545294,-4.677763847218784,1.0,1.0179926169728084,79.24921516785865,88.22606258403066,88.22606258403066,0,6,80.0,0,0.0,0.18862174293566922,0.39906887431996685,1,0.02891016671246057,0.53125,807.5641339088979,0.0,54.69400967152625,0.9619708889719134,863.2201144693961,s0663,96,0.18662381999999994,0.15242721399400655,0.034196606005993356,0.0014248585835830564,0.0462195999659187,18.32381633062348,0.034196606005993606
7.1557149101280775,803.6003027107442,0.3780446893911357,0.4403499812473213,0.44169209684549965,-4.300803260236657,1.0,1.0171610013064385,78.31594947318557,87.50823499039112,87.50823499039112,0,1,80.0,0,0.0,0.18359030593465334,0.3822961728515746,4,0.028899805766080495,0.5729166666666666,807.5641339088979,0.0,51.93637596564983,0.9363105602667318,860.4368204348145,s0664,96,0.18662381999999994,0.15242721399400655,0.034196606005993356,0.0014248585835830564,0.0462195999659187,18.32381633062348,0.034196606005993606
7.128022398606099,801.8043935126616,0.38780484937594717,0.4335828943317352,0.5119541411511641,-4.048609614336495,1.0,1.0185869834605077,81.82630508425021,94.0788821141091,94.0788821141091,1,4,80.0,0,0.0,0.1940556354798999,0.41623371153716376,4,0.031535865119841806,0.5,807.5641339088979,0.0,57.72748219204538,0.989683740947489,866.2812998418908,s0665,96,0.18662381999999994,0.15242721399400655,0.034196606005993356,0.0014248585835830564,0.0462195999659187,18.32381633062348,0.034196606005993606
7.238533511214252,812.9066026578065,0.40283125926297336,0.3655004258409082,0.5193861884120196,-4.736929916324493,1.0,1.0181215284039171,77.63496534026199,87.7436206035248,87.7436206035248,0,2,80.0,0,0.0,0.19049458652347806,0.4224018191885859,2,0.028608551797853283,0.46875,807.5641339088979,0.0,57.608881026806216,0.971522391269738,866.1445373269739,s0666,96,0.18662381999999994,0.15242721399400655,0.034196606005993356,0.0014248585835830564,0.0462195999659187,18.32381633062348,0.034196606005993606
7.248805905561543,813.8120386066059,0.3960350479747062,0.38962486708034477,0.5074949233371604,-4.555572905478442,1.0,1.0177938832220135,78.32622238633563,88.30690579510659,88.30690579510659,0,1,80.0,0,0.0,0.18524098148317758,0.42910884083465173,4,0.031825326566190075,0.4895833333333333,807.5641339088979,0.0,58.55372400258561,0.944729005564206,867.0625869170477,s0667,96,0.18662381999999994,0.15242721399400655,0.034196606005993356,0.0014248585835830564,0.0462195999659187,18.32381633062348,0.034196606005993606
6.9888648916436935,787.8472618172757,0.3906408010491249,0.41036620842603355,0.50519172261734,-5.263277261409084,1.0,1.01858243072897,95.02347076104397,90.90396074873367,90.90396074873367,3,3,80.0,0,0.0,0.1822703540809902,0.4203779735036806,1,0.0295820230088208,0.59375,807.5641339088979,0.0,55.23564175177641,0.9295788058130499,863.7293544664874,s0668,96,0.18662381999999994,0.15242721399400655,0.034196606005993356,0.0014248585835830564,0.0462195999659187,18.32381633062348,0.034196606005993606
7.161377542323734,803.8224432193242,0.38082621556312257,0.42110960208345394,0.506036736837115,-6.751669633152165,1.0,1.0184552664721829,87.13736930891885,90.84923859332442,90.84923859332442,4,11,80.0,0,0.0,0.2142427481777359,0.42243444356777726,4,0.03292594324164478,0.5208333333333334,807.5641339088979,0.0,56.88307416491629,1.0926380157064532,865.5398460895207,s0669,96,0.18662381999999994,0.15242721399400655,0.034196606005993356,0.0014248585835830564,0.0462195999659187,18.32381633062348,0.034196606005993606
7.144486422375978,802.6032127451743,0.39678325153224775,0.38499200242688236,0.46181418727923895,-6.208924383826667,1.0,1.0185927802916908,79.66021798833077,93.21875080816568,93.21875080816568,0,5,80.0,0,0.0,0.17033309532776333,0.45518588062880244,0,0.032505369121650356,0.5520833333333334,807.5641339088979,0.0,61.94314857386684,0.868698786171593,870.3759812689365,s0670,96,0.18662381999999994,0.15242721399400655,0.034196606005993356,0.0014248585835830564,0.0462195999659187,18.32381633062348,0.034196606005993606
7.128119264547367,801.3745098907045,0.4055709798451106,0.35586367678081143,0.5680314601368187,-3.8570451269396577,1.0,1.0189845225499294,83.5913006561551,93.47540249275697,93.47540249275697,3,4,80.0,0,0.0,0.15557100414661898,0.5195304582823239,0,0.03490604125424792,0.5208333333333334,807.5641339088979,0.0,69.08047754695266,0.7934121211477568,877.4380235769984,s0671,96,0.18662381999999994,0.15242721399400655,0.034196606005993356,0.0014248585835830564,0.0462195999659187,18.32381633062348,0.034196606005993606
7.213832123932575,810.3518836669587,0.37617827892349515,0.3356716612514996,0.5113256655059089,-5.049603729885681,1.0,1.0187364516451738,81.96836984821981,94.01489166122136,94.01489166122136,3,4,80.0,0,0.0,0.1905255386372126,0.3864619624197364,2,0.02987099418416258,0.5104166666666666,807.5641339088979,0.0,51.76072219489698,0.971680247049784,860.2965363508447,s0672,96,0.18662381999999994,0.15242721399400655,0.034196606005993356,0.0014248585835830564,0.0462195999659187,18.32381633062348,0.034196606005993606
7.245813367386383,813.7476522444335,0.39688971613915847,0.3294118861716657,0.4821480419339563,-5.010381121449467,1.0,1.0180978876506703,81.98268939806833,87.4726841539506,87.4726841539506,1,1,80.0,0,0.0,0.18238079740219912,0.37320491768827757,2,0.026792683852258983,0.3854166666666667,807.5641339088979,0.0,49.956089222803854,0.9301420667512157,858.4503651984529,s0673,96,0.18662381999999994,0.15242721399400655,0.034196606005993356,0.0014248585835830564,0.0462195999659187,18.32381633062348,0.034196606005993606
7.252190357549564,814.1316311633685,0.4127472603064682,0.3751253028142226,0.4495828843937789,-4.713165417474916,1.0,1.0166602976393795,77.87200219301059,79.62012685987683,79.62012685987683,0,0,80.0,0,0.0,0.13934003804471057,0.3705756593278319,2,0.02551641656665002,0.40625,807.5641339088979,0.0,49.8901550631063,0.7106341940280239,858.1649231660322,s0674,96,0.18662381999999994,0.15242721399400655,0.034196606005993356,0.0014248585835830564,0.0462195999659187,18.32381633062348,0.034196606005993606
7.136231409580027,800.8915054364963,0.3719281687707222,0.4113169293663499,0.4037780349101542,-3.164982225193821,1.0,1.0186611911783223,84.92508897351357,94.78316109209615,94.78316109209615,1,3,80.0,0,0.0,0.1587309080498626,0.35496100053898966,2,0.0275270341709141,0.5416666666666666,807.5641339088979,0.0,49.051186477319014,0.809527631054299,857.4248480172712,s0675,96,0.18662381999999994,0.15242721399400655,0.034196606005993356,0.0014248585835830564,0.0462195999659187,18.32381633062348,0.034196606005993606
7.216084166197604,811.5071716844018,0.42123658232575734,0.323682800894986,0.45933628377592195,-5.267967616495786,1.0,1.0185265250000248,79.88071919452658,90.46719602425088,90.46719602425088,0,3,80.0,0,0.0,0.15984029220561466,0.40754257103087277,2,0.02850084975170321,0.4791666666666667,807.5641339088979,0.0,55.54126560922507,0.8151854902486347,863.9205850083716,s0676,96,0.18662381999999994,0.15242721399400655,0.034196606005993356,0.0014248585835830564,0.0462195999659187,18.32381633062348,0.034196606005993606
7.164869985378522,804.8099875262194,0.5080104803796088,0.4418657475268667,0.497222885990727,-4.718228721969006,1.0,1.0186495001025513,82.90098501207252,94.38898787958078,94.38898787958078,2,4,80.0,0,0.0,0.18971385079463435,0.3970200846487313,3,0.035675937552306476,0.5833333333333334,807.5641339088979,0.0,54.846771931210796,0.9675406390526351,863.3784464791614,s0677,96,0.18662381999999994,0.15242721399400655,0.034196606005993356,0.0014248585835830564,0.0462195999659187,18.32381633062348,0.034196606005993606
7.160329954664782,805.1159242982043,0.39682651572186833,0.392612107536673,0.5278994384752633,-5.280377279432392,1.0,1.0206441159539612,81.28731609198599,102.5265181768049,102.5265181768049,2,6,80.0,0,0.0,0.17491723716483093,0.4395582987411969,2,0.03058516244645158,0.5104166666666666,807.5641339088979,0.0,61.16511598924817,0.8920779095406378,869.6213278076867,s0678,96,0.18662381999999994,0.15242721399400655,0.034196606005993356,0.0014248585835830564,0.0462195999659187,18.32381633062348,0.034196606005993606
7.197694387702773,809.9962299143895,0.3813953352750112,0.3776867163341675,0.49616384242368217,-4.664604441951276,1.0,1.0167440002113166,84.01429667699149,82.46718666131724,82.46718666131724,2,4,80.0,0,0.0,0.18166546285548604,0.4026135951901092,2,0.031033459156888873,0.4479166666666667,807.5641339088979,0.0,54.18004843721222,0.9264938605629793,862.6706762066732,s0679,96,0.18662381999999994,0.15242721399400655,0.034196606005993356,0.0014248585835830564,0.0462195999659187,18.32381633062348,0.034196606005993606
7.27239978257567,816.5062054310345,0.47690510078661746,0.3816060029806055,0.4944346626245546,-6.262448694391179,1.0,1.0183050438113834,94.67647048949114,89.50437692665976,89.50437692665976,1,2,80.0,0,0.0,0.1448919510438643,0.4530086430208482,1,0.03424458163798352,0.46875,807.5641339088979,0.0,62.00201029139715,0.7389489503237082,870.3050931506187,s0680,96,0.18662381999999994,0.15242721399400655,0.034196606005993356,0.0014248585835830564,0.0462195999659187,18.32381633062348,0.034196606005993606
7.263692798913402,816.3969992499024,0.3794208665262645,0.3576659026408544,0.5004857705348409,-5.27414160317348,1.0,1.0184539202092484,81.0766223493552,93.41930564386801,93.41930564386801,2,5,80.0,0,0.0,0.17207371270151808,0.41699199963846706,3,0.029974828976800063,0.4166666666666667,807.5641339088979,0.0,58.03319667422942,0.8775759347777423,866.4749065179051,s0681,96,0.18662381999999994,0.15242721399400655,0.034196606005993356,0.0014248585835830564,0.0462195999659187,18.32381633062348,0.034196606005993606
7.266166164213053,815.8734347643963,0.3710379520317101,0.32255148590653815,0.44625683629589324,-4.5743495192028245,1.0,1.0166537447093529,78.07276596525173,83.25890877592323,83.25890877592323,0,3,80.0,0,0.0,0.16649283041678073,0.39237577809016183,1,0.028622749669573802,0.4895833333333333,807.5641339088979,0.0,53.184102831538375,0.8491134351255815,861.5973501755618,s0682,96,0.18662381999999994,0.15242721399400655,0.034196606005993356,0.0014248585835830564,0.0462195999659187,18.32381633062348,0.034196606005993606
7.096222132256475,798.3566950660722,0.4047487544600808,0.3893671013754702,0.42143961484037606,-4.261906994042425,1.0,1.0172303155761566,87.52282294742251,84.80155011702792,84.80155011702792,2,3,80.0,0,0.0,0.12941156306189855,0.3901276534242819,0,0.0273942990220722,0.5,807.5641339088979,0.0,54.290832634982245,0.6599989716156827,862.5149655154959,s0683,96,0.18662381999999994,0.15242721399400655,0.034196606005993356,0.0014248585835830564,0.0462195999659187,18.32381633062348,0.034196606005993606
7.111796218216954,802.2337511790718,0.41168756368047,0.41345605230570964,0.5062476144733807,-4.965275244372912,1.0,1.0219892350071866,97.93766649674517,110.55726536180404,110.55726536180404,2,4,80.0,0,0.0,0.19326699959417085,0.44306940741645395,4,0.03512850146592319,0.5416666666666666,807.5641339088979,0.0,61.627991190158,0.9856616979302711,870.1777867969862,s0684,96,0.18662381999999994,0.15242721399400655,0.034196606005993356,0.0014248585835830564,0.0462195999659187,18.32381633062348,0.034196606005993606
7.187635671824223,807.7243443648406,0.40142542740295284,0.4275928396652438,0.46582346716045864,-6.13407585189704,1.0,1.017819236684227,78.9078336518543,88.93447063188843,88.93447063188843,0,5,80.0,0,0.0,0.1712285295997996,0.3722097736875899,1,0.026186707596074343,0.5104166666666666,807.5641339088979,0.0,50.75825626779345,0.8732655009589783,859.1956556776503,s0685,96,0.18662381999999994,0.15242721399400655,0.034196606005993356,0.0014248585835830564,0.0462195999659187,18.32381633062348,0.034196606005993606
7.125759761709992,801.691473377045,0.3869476522692985,0.37849584102967204,0.46339298615577434,-5.542131303224948,1.0,1.0172877051683915,78.76416639753019,85.27436436675843,85.27436436675843,0,6,80.0,0,0.0,0.15105012400101958,0.4587232290982538,0,0.03126339921405692,0.4895833333333333,807.5641339088979,0.0,62.15150365174305,0.7703556324051989,870.4859931930462,s0686,96,0.18662381999999994,0.15242721399400655,0.034196606005993356,0.0014248585835830564,0.0462195999659187,18.32381633062348,0.034196606005993606
7.223606703637618,810.7678417904802,0.3967054434584606,0.36853395496518393,0.45764679597858615,-4.669387054283853,1.0,1.017191008467058,84.34802766533811,86.17253471591825,86.17253471591825,1,4,80.0,0,0.0,0.16200934590699545,0.3759400191323917,2,0.026117686958696706,0.40625,807.5641339088979,0.0,50.71813410520018,0.826247664125677,859.1085156782239,s0687,96,0.18662381999999994,0.15242721399400655,0.034196606005993356,0.0014248585835830564,0.0462195999659187,18.32381633062348,0.034196606005993606
7.236996537375925,812.1954423356369,0.4148149312694368,0.3550965155359545,0.47158526165487435,-4.63094515347295,1.0,1.0187545419406687,82.5927705614722,92.58688053605124,92.58688053605124,1,6,80.0,0,0.0,0.15465234808825168,0.3543921631680139,3,0.026980473177790967,0.4166666666666667,807.5641339088979,0.0,49.33675246646085,0.7887269752500834,857.6896133506089,s0688,96,0.18662381999999994,0.15242721399400655,0.034196606005993356,0.0014248585835830564,0.0462195999659187,18.32381633062348,0.034196606005993606
7.319548207364903,820.7285661224047,0.3770671693714879,0.3257516617427937,0.5131654170035387,-4.769678763061453,1.0,1.0198606072254368,86.33439329113256,98.41844976063933,98.41844976063933,1,6,80.0,0,0.0,0.17826642690841038,0.43268632999898793,3,0.032093730708570974,0.4375,807.5641339088979,0.0,58.679323994995016,0.9091587772328931,867.1526166811258,s0689,96,0.18662381999999994,0.15242721399400655,0.034196606005993356,0.0014248585835830564,0.0462195999659187,18.32381633062348,0.034196606005993606
7.231930129740408,813.2612196924526,0.40193710603021293,0.36647487508175375,0.41113598472592894,-4.900615480640127,1.0,1.0199141799834412,75.54424689950477,98.47594411315951,98.47594411315951,0,3,80.0,0,0.0,0.12730788028978468,0.3626638087154045,1,0.025953037239903,0.4895833333333333,807.5641339088979,0.0,50.21332053104503,0.6492701894779018,858.4267246294208,s0690,96,0.18662381999999994,0.15242721399400655,0.034196606005993356,0.0014248585835830564,0.0462195999659187,18.32381633062348,0.034196606005993606
7.15197242889454,803.7991318398231,0.40916063523484136,0.39369261838786773,0.4800262106275337,-4.581752088296806,1.0,1.0167808534076221,80.57471074900764,80.84429640678353,80.84429640678353,1,3,80.0,0,0.0,0.1507810825421379,0.45595012347024005,2,0.03260063586523906,0.5729166666666666,807.5641339088979,0.0,62.14678729479525,0.7689835209649035,870.479904724658,s0691,96,0.18662381999999994,0.15242721399400655,0.034196606005993356,0.0014248585835830564,0.0462195999659187,18.32381633062348,0.034196606005993606
7.124699608541489,799.8808879832555,0.3801464849810329,0.4046242331216733,0.43585616179913145,-4.776041143570722,1.0,1.0193769537781676,83.1972929395138,97.60726036513714,97.60726036513714,2,4,80.0,0,0.0,0.15591688228569905,0.39800465207957,2,0.030246723762493818,0.59375,807.5641339088979,0.0,55.26377237918342,0.7951760996570651,863.6230823877384,s0692,96,0.18662381999999994,0.15242721399400655,0.034196606005993356,0.0014248585835830564,0.0462195999659187,18.32381633062348,0.034196606005993606
7.074378779556379,796.5778091127788,0.3759094068822972,0.3754203212813238,0.4419212807129541,-4.511732247242159,1.0,1.0172628745267016,81.38024327578208,83.42817408561038,83.42817408561038,1,2,80.0,0,0.0,0.15843995948459952,0.3754063463750664,0,0.024218341388578857,0.59375,807.5641339088979,0.0,50.28477247918351,0.8080437933714576,858.6569501814529,s0693,96,0.18662381999999994,0.15242721399400655,0.034196606005993356,0.0014248585835830564,0.0462195999659187,18.32381633062348,0.034196606005993606
7.277734431587612,817.185276966364,0.4110573964597032,0.323491767305802,0.4899181720788145,-5.416187844553239,1.0,1.0198013430195152,80.06305333365636,98.34879869187873,98.34879869187873,1,4,80.0,0,0.0,0.1702299968151417,0.4020915785867673,1,0.02864150120828429,0.5,807.5641339088979,0.0,54.37381005493986,0.8681729837572222,862.806116947595,s0694,96,0.18662381999999994,0.15242721399400655,0.034196606005993356,0.0014248585835830564,0.0462195999659187,18.32381633062348,0.034196606005993606
7.2344596196730535,811.3533613862359,0.410746770857119,0.34553081543929653,0.48666585420454783,-6.277155092468818,1.0,1.017165853890837,79.29989891224758,84.17451644730531,84.17451644730531,0,4,80.0,0,0.0,0.17146335820280603,0.3955402383140321,3,0.028738557780491326,0.4791666666666667,807.5641339088979,0.0,53.989001350989746,0.8744631268343105,862.4275983867219,s0695,96,0.18662381999999994,0.15242721399400655,0.034196606005993356,0.0014248585835830564,0.0462195999659187,18.32381633062348,0.034196606005993606
7.2637003098318065,816.3580741833832,0.4026593087225445,0.3446392266062761,0.45581952597811826,-5.0409513649165145,1.0,1.0168916323814112,76.63501276876218,80.8879039133381,80.8879039133381,0,1,80.0,0,0.0,0.12430357703360366,0.3890750064286207,0,0.025982755243673054,0.4166666666666667,807.5641339088979,0.0,52.75755255198155,0.6339482428713787,860.9556347037509,s0696,96,0.18662381999999994,0.15242721399400655,0.034196606005993356,0.0014248585835830564,0.0462195999659187,18.32381633062348,0.034196606005993606
7.166138653834247,805.5743774155605,0.40043141284566364,0.3920587822215075,0.45901831381101826,-5.760412521483449,1.0,1.019372405194066,84.56575612086486,95.41047399235393,95.41047399235393,2,9,80.0,0,0.0,0.19064732343210553,0.4035724649358631,1,0.03048078040611665,0.5625,807.5641339088979,0.0,54.29894895430681,0.9723013495037386,862.8353842127084,s0697,96,0.18662381999999994,0.15242721399400655,0.034196606005993356,0.0014248585835830564,0.0462195999659187,18.32381633062348,0.034196606005993606
7.18991759165543,808.2579259779626,0.3799287488244846,0.344977751165173,0.44571486031546026,-4.647527381448065,1.0,1.019084754269584,83.4982456292637,96.15963497419624,96.15963497419624,2,6,80.0,0,0.0,0.19706701623082667,0.3838555560141225,1,0.030223527087150474,0.5,807.5641339088979,0.0,51.84732332592205,1.005041782777216,860.4164990175972,s0698,96,0.18662381999999994,0.15242721399400655,0.034196606005993356,0.0014248585835830564,0.0462195999659187,18.32381633062348,0.034196606005993606
7.193569511767975,808.2438585046757,0.3798587973332991,0.40664564089181454,0.45506625675445833,-4.737269498884251,1.0,1.0190066797228072,81.1112284084845,95.77180026432384,95.77180026432384,1,1,80.0,0,0.0,0.19729715465793987,0.338214863312538,3,0.028775430027557607,0.4791666666666667,807.5641339088979,0.0,46.36661603358602,1.0062154887554935,854.9369654312395,s0699,96,0.18662381999999994,0.15242721399400655,0.034196606005993356,0.0014248585835830564,0.0462195999659187,18.32381633062348,0.034196606005993606
7.062484558317005,794.0639217262233,0.3754696563475184,0.3955005455689864,0.4320936226146931,-4.795998114536439,1.0,1.018574908816269,82.33836391613329,90.76903099207767,90.76903099207767,2,4,80.0,0,0.0,0.1611727201808106,0.387175844269579,1,0.027146260845525443,0.6145833333333334,807.5641339088979,0.0,51.754894591647364,0.8219808729221336,860.1410093734675,s0700,96,0.18662381999999994,0.15242721399400655,0.034196606005993356,0.0014248585835830564,0.0462195999659187,18.32381633062348,0.034196606005993606
7.21032136728588,810.5926823677067,0.39273052971755806,0.3895555494197957,0.5028383268871848,-4.476692289578747,1.0,1.0180005443783493,77.63191443351438,87.99826275648778,87.99826275648778,0,3,80.0,0,0.0,0.19148888929848684,0.4054866626127246,2,0.029293102075587097,0.46875,807.5641339088979,0.0,55.4077179537624,0.9765933354222827,863.9484451980826,s0701,96,0.18662381999999994,0.15242721399400655,0.034196606005993356,0.0014248585835830564,0.0462195999659187,18.32381633062348,0.034196606005993606
7.12307515463443,800.5862221996933,0.3833312946144605,0.42071635317690514,0.4198321445505536,-5.286325313883995,1.0,1.017416828659221,81.28992866168043,87.8871279487542,87.8871279487542,2,3,80.0,0,0.0,0.1446656416661385,0.3855812085345745,1,0.02869639195128474,0.4583333333333333,807.5641339088979,0.0,52.68195892481682,0.7377947724973063,860.9838876062121,s0702,96,0.18662381999999994,0.15242721399400655,0.034196606005993356,0.0014248585835830564,0.0462195999659187,18.32381633062348,0.034196606005993606
7.249885523738999,814.1995574141116,0.3881978240598859,0.4051944654412482,0.5025660988565126,-4.779188361133113,1.0,1.020032305299646,86.88943810766656,100.85586109170856,100.85586109170856,1,3,80.0,0,0.0,0.16811375192082195,0.390484478949935,3,0.027854595747305907,0.5,807.5641339088979,0.0,53.10395841947701,0.8573801347961917,861.5254724631712,s0703,96,0.18662381999999994,0.15242721399400655,0.034196606005993356,0.0014248585835830564,0.0462195999659187,18.32381633062348,0.034196606005993606
7.220808873658702,811.8217608015647,0.40825761595290105,0.40699293846144086,0.48906677620172295,-4.670706411846475,1.0,1.019047633044803,78.1276298041085,95.31254623689416,95.31254623689416,0,3,80.0,0,0.0,0.1923781805505114,0.4101918727888522,2,0.033619436240407745,0.5625,807.5641339088979,0.0,55.61924002350092,0.9811287208076079,864.1645026532065,s0704,96,0.18662381999999994,0.15242721399400655,0.034196606005993356,0.0014248585835830564,0.0462195999659187,18.32381633062348,0.034196606005993606
7.167747339066312,805.3164025137517,0.37103795149020746,0.373070185812651,0.42605967431081004,-3.194968524675454,1.0,1.0185571128211084,78.81187092924036,93.42097804960788,93.42097804960788,0,3,80.0,0,0.0,0.1542431337685988,0.3212565095657377,0,0.02305927849386631,0.5520833333333334,807.5641339088979,0.0,42.90004013518863,0.7866399822198541,851.2508140263064,s0705,96,0.18662381999999994,0.15242721399400655,0.034196606005993356,0.0014248585835830564,0.0462195999659187,18.32381633062348,0.034196606005993606
7.1390553294479915,801.73296907182,0.40911479701072306,0.428721881989616,0.5120358974437398,-5.381896699892386,1.0,1.019886204375378,82.35818030575123,99.4694166945934,99.4694166945934,4,7,80.0,0,0.0,0.20160278586259486,0.3721202142998117,4,0.030346638829115362,0.53125,807.5641339088979,0.0,50.763023050552896,1.0281742078992333,859.3553311673501,s0706,96,0.18662381999999994,0.15242721399400655,0.034196606005993356,0.0014248585835830564,0.0462195999659187,18.32381633062348,0.034196606005993606
7.164318627832802,805.3096876196084,0.37765560313418695,0.3629601235130822,0.4232571395594057,-4.403685528028659,1.0,1.0175252435465303,93.45401409337362,86.09664851990422,86.09664851990422,1,3,80.0,0,0.0,0.14197320194602278,0.43080082915571044,0,0.031088718555237697,0.4791666666666667,807.5641339088979,0.0,58.30462743386536,0.7240633299247159,866.5928246726879,s0707,96,0.18662381999999994,0.15242721399400655,0.034196606005993356,0.0014248585835830564,0.0462195999659187,18.32381633062348,0.034196606005993606
7.091597143620824,798.3391470778002,0.3760716963695867,0.37017567833890364,0.5214396379070512,-4.895555189586184,1.0,1.0192469191824414,83.14262007669959,96.3004246469803,96.3004246469803,2,5,80.0,0,0.0,0.18559032943447398,0.4092514410547178,3,0.03001798807964705,0.6041666666666666,807.5641339088979,0.0,55.06478857726525,0.9465106801158173,863.575433166279,s0708,96,0.18662381999999994,0.15242721399400655,0.034196606005993356,0.0014248585835830564,0.0462195999659187,18.32381633062348,0.034196606005993606
7.202205896450751,809.3851345827165,0.3828422001215527,0.35004953905057246,0.5087736678800804,-4.496945316906115,1.0,1.0183275619239671,83.91908617003021,90.00887773900902,90.00887773900902,1,3,80.0,0,0.0,0.1892571147378682,0.40283810510549445,2,0.02886075509392991,0.5520833333333334,807.5641339088979,0.0,54.564337519074435,0.9652112851631279,863.0936827131355,s0709,96,0.18662381999999994,0.15242721399400655,0.034196606005993356,0.0014248585835830564,0.0462195999659187,18.32381633062348,0.034196606005993606
7.281875612433337,817.4361302238126,0.41544133625559937,0.3364440379924061,0.4315379028696059,-5.2048280993008005,1.0,1.0165343285362511,80.45325847082204,82.50569782916564,82.50569782916564,2,2,80.0,0,0.0,0.14601569927027022,0.40760709055447686,1,0.02857659269318691,0.3854166666666667,807.5641339088979,0.0,56.72617950421645,0.7446800662783783,865.0349934793928,s0710,96,0.18662381999999994,0.15242721399400655,0.034196606005993356,0.0014248585835830564,0.0462195999659187,18.32381633062348,0.034196606005993606
7.202099801953098,809.5554816443362,0.38210336575783216,0.3960413811455036,0.48289583769484595,-4.754466722398213,1.0,1.0187580491562815,77.90949824238616,92.53986179899304,92.53986179899304,0,5,80.0,0,0.0,0.20739119443005435,0.407471555963524,2,0.03173144348976907,0.4895833333333333,807.5641339088979,0.0,55.73096245023347,1.0576950915932775,864.3527914507247,s0711,96,0.18662381999999994,0.15242721399400655,0.034196606005993356,0.0014248585835830564,0.0462195999659187,18.32381633062348,0.034196606005993606
7.201995399312425,809.849547554777,0.41416845200711705,0.33815658373606217,0.5190633124490198,-5.731410082731682,1.0,1.0172520043934767,81.76592704796202,84.94843497788014,84.94843497788014,1,7,80.0,0,0.0,0.20453375387062947,0.4100861131543728,3,0.030696777234709868,0.4791666666666667,807.5641339088979,0.0,56.516938430180026,1.0431221447402108,865.1241944838182,s0712,96,0.18662381999999994,0.15242721399400655,0.034196606005993356,0.0014248585835830564,0.0462195999659187,18.32381633062348,0.034196606005993606
7.180699791437305,806.6952548867796,0.374487896749002,0.40567615555400544,0.4583091632565447,-4.529179901831479,1.0,1.0200064485455358,89.83775020636621,101.10671249137127,101.10671249137127,1,3,80.0,0,0.0,0.1663398359712787,0.3694655970385884,1,0.029744414072268237,0.5,807.5641339088979,0.0,50.494497673546455,0.8483331634535213,858.9069647458979,s0713,96,0.18662381999999994,0.15242721399400655,0.034196606005993356,0.0014248585835830564,0.0462195999659187,18.32381633062348,0.034196606005993606
7.180594085525369,806.9356307761029,0.4029669038142956,0.3934787323399469,0.4412225604343132,-4.248748414955528,1.0,1.0185439797577216,84.06468785522895,93.041983361923,93.041983361923,1,2,80.0,0,0.0,0.1683748385061678,0.34657607828789494,0,0.0266444200000944,0.4583333333333333,807.5641339088979,0.0,47.34100498594665,0.8587116763814557,855.7638505712259,s0714,96,0.18662381999999994,0.15242721399400655,0.034196606005993356,0.0014248585835830564,0.0462195999659187,18.32381633062348,0.034196606005993606
7.1499247031975965,802.5431189768849,0.3775347848826059,0.46338919937941137,0.4559746470401905,-5.161136021131455,1.0,1.018562611180851,79.4475717048991,91.15079116682682,91.15079116682682,0,3,80.0,0,0.0,0.1779688562139287,0.4068805673647442,1,0.031082619300924187,0.46875,807.5641339088979,0.0,54.5821683604956,0.9076411666910369,863.0539434360846,s0715,96,0.18662381999999994,0.15242721399400655,0.034196606005993356,0.0014248585835830564,0.0462195999659187,18.32381633062348,0.034196606005993606
7.134677164621517,801.8518086333197,0.39046903508471975,0.4073154985191658,0.5206866171131261,-4.615050629278147,1.0,1.019776878029086,88.22337378244723,97.53402808712491,97.53402808712491,3,8,80.0,0,0.0,0.18995078104080362,0.4360735766233683,2,0.033950924664755903,0.5416666666666666,807.5641339088979,0.0,58.327411414152444,0.9687489833080979,866.8602943063585,s0716,96,0.18662381999999994,0.15242721399400655,0.034196606005993356,0.0014248585835830564,0.0462195999659187,18.32381633062348,0.034196606005993606
7.2219285435891205,811.6201981835422,0.3710379515604508,0.35518603432098833,0.4922620986267675,-6.293999972163204,1.0,1.0193425314748557,82.75911550001334,95.74151857473291,95.74151857473291,1,6,80.0,0,0.0,0.18409415396498935,0.42526481521714865,2,0.03259870990766424,0.4895833333333333,807.5641339088979,0.0,59.36799438479529,0.9388801852214453,867.8710084789147,s0717,96,0.18662381999999994,0.15242721399400655,0.034196606005993356,0.0014248585835830564,0.0462195999659187,18.32381633062348,0.034196606005993606
7.107827493852652,799.5994287355059,0.3890381349659628,0.37991192004790425,0.4852157571830757,-5.737008063932893,1.0,1.0173903101349555,79.79319724782219,84.44053714843317,84.44053714843317,0,3,80.0,0,0.0,0.15876031059894732,0.43174045616588813,2,0.03189393226560137,0.4895833333333333,807.5641339088979,0.0,58.17221473566248,0.8096775840546311,866.546026228615,s0718,96,0.18662381999999994,0.15242721399400655,0.034196606005993356,0.0014248585835830564,0.0462195999659187,18.32381633062348,0.034196606005993606
7.178686595860201,805.8443107385679,0.39150151724672555,0.4021723721393381,0.5457266730176049,-5.440396256515064,1.0,1.0176286365326288,84.03824841694936,85.5932848601691,85.5932848601691,1,2,80.0,0,0.0,0.17028532822547068,0.45492655912271945,2,0.03144338501825714,0.5208333333333334,807.5641339088979,0.0,61.396489262326284,0.8684551739499006,869.8290783451741,s0719,96,0.18662381999999994,0.15242721399400655,0.034196606005993356,0.0014248585835830564,0.0462195999659187,18.32381633062348,0.034196606005993606
7.2412416978121374,812.7527775809576,0.371037954106204,0.3837792750957617,0.44475023023964166,-4.606069510060517,1.0,1.017296983199887,80.41750740743962,85.23745343971709,85.23745343971709,1,3,80.0,0,0.0,0.2078075129637374,0.32995658681921475,1,0.025758107520521385,0.46875,807.5641339088979,0.0,45.6033437445568,1.059818316115061,854.2272959695698,s0720,96,0.18662381999999994,0.15242721399400655,0.034196606005993356,0.0014248585835830564,0.0462195999659187,18.32381633062348,0.034196606005993606
7.323195671914311,821.8663519069147,0.40923819719772236,0.30337579150333127,0.45102662173655395,-4.932588668243497,1.0,1.017924844448075,77.14105318722034,86.4400159343663,86.4400159343663,0,3,80.0,0,0.0,0.14419713262597178,0.4141785092814425,0,0.0275614463707428,0.4375,807.5641339088979,0.0,56.31625659525779,0.735405376392456,864.6157958805481,s0721,96,0.18662381999999994,0.15242721399400655,0.034196606005993356,0.0014248585835830564,0.0462195999659187,18.32381633062348,0.034196606005993606
7.2350858335134305,811.427704890722,0.3811170799900719,0.3879710954279979,0.5197709095958097,-6.715515643206664,1.0,1.0201869799684482,87.77704506641552,99.82824388570909,99.82824388570909,3,10,80.0,0,0.0,0.1990085367467678,0.41318991875621314,3,0.0305129832851847,0.4375,807.5641339088979,0.0,55.93787647005913,1.0149435374085152,864.5169539163655,s0722,96,0.18662381999999994,0.15242721399400655,0.034196606005993356,0.0014248585835830564,0.0462195999659187,18.32381633062348,0.034196606005993606
7.241767391218624,813.3073114772492,0.4133224058030168,0.36602149726396604,0.5428128713614853,-4.820012293226409,1.0,1.019123772958669,80.05224804743224,95.68997828160232,95.68997828160232,1,5,80.0,0,0.0,0.1795405397422713,0.42834555890426307,2,0.03077096585839664,0.4791666666666667,807.5641339088979,0.0,59.37610497709543,0.9156567526855827,867.8558956386789,s0723,96,0.18662381999999994,0.15242721399400655,0.034196606005993356,0.0014248585835830564,0.0462195999659187,18.32381633062348,0.034196606005993606
7.201145672944473,809.6616661838266,0.3824294148332593,0.3800937740377299,0.5217594342583631,-3.9070036273928452,1.0,1.0167757268806816,80.26090280882198,84.47603658290824,84.47603658290824,1,3,80.0,0,0.0,0.16606584231636043,0.42020574348251843,1,0.031091562616521067,0.5208333333333334,807.5641339088979,0.0,56.33224850192807,0.8469357958134384,864.7433182066395,s0724,96,0.18662381999999994,0.15242721399400655,0.034196606005993356,0.0014248585835830564,0.0462195999659187,18.32381633062348,0.034196606005993606
7.133325577376097,802.3832338450808,0.4100837126821698,0.35259745432031286,0.47916261821408274,-5.77088872512473,1.0,1.0191322530570814,90.90259872772741,94.39632783659083,94.39632783659083,3,8,80.0,0,0.0,0.1369020158056004,0.40883712487363555,0,0.029172736442202484,0.46875,807.5641339088979,0.0,55.626295966418255,0.6982002806085614,863.8886301559248,s0725,96,0.18662381999999994,0.15242721399400655,0.034196606005993356,0.0014248585835830564,0.0462195999659187,18.32381633062348,0.034196606005993606
7.139286269930781,803.4964831682969,0.39665227451426255,0.39553607820108005,0.5360733582820142,-4.470677326615462,1.0,1.0194636618203632,84.63310773481372,98.03789180963548,98.03789180963548,4,4,80.0,0,0.0,0.16857291868808796,0.4654341812587704,5,0.03459240572035547,0.5208333333333334,807.5641339088979,0.0,64.57045848710159,0.8597218853092483,872.9943142813088,s0726,96,0.18662381999999994,0.15242721399400655,0.034196606005993356,0.0014248585835830564,0.0462195999659187,18.32381633062348,0.034196606005993606
7.117342272116488,802.2710494576596,0.41079650321543304,0.36151745386177103,0.540628532123251,-4.821615738264083,1.0,1.0203448261815973,86.95457484618217,102.1923659140443,102.1923659140443,6,4,80.0,0,0.0,0.16854713367223442,0.4421284560563511,3,0.0321545340767794,0.5416666666666666,807.5641339088979,0.0,60.37445837069375,0.8595903817283959,868.7981826613201,s0727,96,0.18662381999999994,0.15242721399400655,0.034196606005993356,0.0014248585835830564,0.0462195999659187,18.32381633062348,0.034196606005993606
7.180801618859459,808.289624799206,0.3764065284547122,0.379725166879231,0.479348554139677,-5.171603422031566,1.0,1.0189446998774125,86.79161236872949,94.38465958709511,94.38465958709511,3,6,80.0,0,0.0,0.16746749691720864,0.37779085671831614,1,0.027792776930164825,0.5,807.5641339088979,0.0,51.113547756192794,0.8540842342777646,859.5317658993686,s0728,96,0.18662381999999994,0.15242721399400655,0.034196606005993356,0.0014248585835830564,0.0462195999659187,18.32381633062348,0.034196606005993606
7.20751417300291,808.9169237484904,0.40842166889531795,0.3927300984427501,0.47350262436926577,-4.602556135116115,1.0,1.0177695900502761,81.23267120586529,89.21890742303133,89.21890742303133,1,3,80.0,0,0.0,0.17256388136901343,0.3796923907597609,1,0.028302314328929587,0.4375,807.5641339088979,0.0,51.005227945985695,0.8800757949819682,859.4494376498656,s0729,96,0.18662381999999994,0.15242721399400655,0.034196606005993356,0.0014248585835830564,0.0462195999659187,18.32381633062348,0.034196606005993606
7.202965648200635,809.2203414468585,0.37213984870179934,0.33006031462118746,0.41198717319261907,-5.04978666329809,1.0,1.0174879692189542,83.4854026807462,85.85673452124742,85.85673452124742,4,3,80.0,0,0.0,0.12209149496691672,0.37683154486693377,0,0.02578195824927374,0.5,807.5641339088979,0.0,50.06041123160034,0.6226666243312751,858.2472117648296,s0730,96,0.18662381999999994,0.15242721399400655,0.034196606005993356,0.0014248585835830564,0.0462195999659187,18.32381633062348,0.034196606005993606
7.236088581837713,812.876699294452,0.3821362202752143,0.3677787358017997,0.47880841711499167,-5.012470942177722,1.0,1.0177855397575084,81.56158891030744,87.32104082655397,87.32104082655397,1,4,80.0,0,0.0,0.173908793189897,0.3999429386371042,1,0.029498295246436147,0.5104166666666666,807.5641339088979,0.0,54.010231494475576,0.8869348452684744,862.4613002486419,s0731,96,0.18662381999999994,0.15242721399400655,0.034196606005993356,0.0014248585835830564,0.0462195999659187,18.32381633062348,0.034196606005993606
7.138756422945837,802.8394362212429,0.37970948072747324,0.378762908612159,0.4658727209557042,-4.441415652581579,1.0,1.0186960543886387,84.46250631670004,92.30942954797695,92.30942954797695,2,3,80.0,0,0.0,0.17268452135821263,0.39480935452047544,1,0.029277342813405785,0.4791666666666667,807.5641339088979,0.0,53.290356057056705,0.8806910589268845,861.7351810248815,s0732,96,0.18662381999999994,0.15242721399400655,0.034196606005993356,0.0014248585835830564,0.0462195999659187,18.32381633062348,0.034196606005993606
7.1127625288295455,799.1594251561513,0.4051765627573082,0.39606615788505545,0.5132365234336371,-4.822646011045285,1.0,1.0198694798469972,90.10587281128075,98.68656054636776,98.68656054636776,3,7,80.0,0,0.0,0.19164596135963277,0.3963181450219767,3,0.029380759508670414,0.5104166666666666,807.5641339088979,0.0,53.84003963592105,0.977394402934127,862.3815679477531,s0733,96,0.18662381999999994,0.15242721399400655,0.034196606005993356,0.0014248585835830564,0.0462195999659187,18.32381633062348,0.034196606005993606
7.234433783141309,811.6791693509022,0.42064508420352054,0.37519695882241794,0.5123206186858887,-5.7770145786111735,1.0,1.0185507687583313,80.82037719349752,91.58275854711796,91.58275854711796,1,4,80.0,0,0.0,0.15850952537782234,0.4021854775613564,1,0.027922185953843583,0.5,807.5641339088979,0.0,54.405372937819,0.8083985794268939,862.7779054261439,s0734,96,0.18662381999999994,0.15242721399400655,0.034196606005993356,0.0014248585835830564,0.0462195999659187,18.32381633062348,0.034196606005993606
7.175820481022075,806.659149274449,0.3964370027409976,0.37554575546688884,0.5181034830432745,-5.259795994780458,1.0,1.0188743198211858,80.65848366837575,94.95853221598558,94.95853221598558,1,7,80.0,0,0.0,0.19864050300649153,0.3965920835887312,1,0.02850620165392137,0.5,807.5641339088979,0.0,53.64060769824346,1.0130665653331068,862.2178081724745,s0735,96,0.18662381999999994,0.15242721399400655,0.034196606005993356,0.0014248585835830564,0.0462195999659187,18.32381633062348,0.034196606005993606
7.040082238806438,792.75809541137,0.3763363022622548,0.3821667637559334,0.5763963518627274,-5.405928443223793,1.0,1.0175026367140592,89.94351589423239,85.41927849444177,85.41927849444177,4,4,80.0,0,0.0,0.167581738025715,0.5002540648630358,3,0.03333117163644049,0.5520833333333334,807.5641339088979,0.0,67.26725911141168,0.8546668639311463,875.6860598842408,s0736,96,0.18662381999999994,0.15242721399400655,0.034196606005993356,0.0014248585835830564,0.0462195999659187,18.32381633062348,0.034196606005993606
7.227742831906281,812.4339365486003,0.3984344995366547,0.31269026281371254,0.4576040580952292,-4.675398269277431,1.0,1.017117334777982,77.94654900176647,83.39931397083016,83.39931397083016,0,3,80.0,0,0.0,0.1554718233511516,0.34900160267822944,1,0.025532605705185223,0.53125,807.5641339088979,0.0,48.19041336121562,0.7929062990908728,856.5474535692044,s0737,96,0.18662381999999994,0.15242721399400655,0.034196606005993356,0.0014248585835830564,0.0462195999659187,18.32381633062348,0.034196606005993606
7.133985150959334,801.7537210173716,0.40223161030120785,0.4531918216611231,0.5453492329951679,-4.313954221313668,1.0,1.018921463898382,93.30901641115553,94.68711505765131,94.68711505765131,1,4,80.0,0,0.0,0.1800531039598217,0.4651297164442346,2,0.034044393231561915,0.5416666666666666,807.5641339088979,0.0,62.64822534023802,0.9182708301950907,871.130630079331,s0738,96,0.18662381999999994,0.15242721399400655,0.034196606005993356,0.0014248585835830564,0.0462195999659187,18.32381633062348,0.034196606005993606
7.289769015846172,818.0575583279983,0.40314663713044646,0.2993208645196854,0.5026534190480254,-3.3099691104949542,1.0,1.0181950320221838,79.71697787502242,91.11466239256907,91.11466239256907,0,5,80.0,0,0.0,0.19158298059621334,0.4416127835124807,3,0.033890990327752724,0.4895833333333333,807.5641339088979,0.0,60.300448118344384,0.9770732010406881,868.841655228283,s0739,96,0.18662381999999994,0.15242721399400655,0.034196606005993356,0.0014248585835830564,0.0462195999659187,18.32381633062348,0.034196606005993606
7.197976258585213,808.8232709762854,0.400960036159421,0.37035587610561277,0.47471554091897344,-4.854370742194429,1.0,1.0179985847970519,89.17236926552307,86.93095988209603,86.93095988209603,1,5,80.0,0,0.0,0.16826129165748216,0.3934833933203331,1,0.02796711811611264,0.5416666666666666,807.5641339088979,0.0,53.456970248232984,0.858132587453159,861.8792367445841,s0740,96,0.18662381999999994,0.15242721399400655,0.034196606005993356,0.0014248585835830564,0.0462195999659187,18.32381633062348,0.034196606005993606
7.178186618357271,806.3695378441846,0.39961400499765204,0.3439462068246365,0.5282987898219994,-4.940024219033404,1.0,1.0196720133356352,82.43647447863563,97.2754972014585,97.2754972014585,1,5,80.0,0,0.0,0.1928868407511682,0.4107739609434332,1,0.029933455778873297,0.5104166666666666,807.5641339088979,0.0,54.892822215043054,0.9837228878309574,863.4406790117719,s0741,96,0.18662381999999994,0.15242721399400655,0.034196606005993356,0.0014248585835830564,0.0462195999659187,18.32381633062348,0.034196606005993606
7.126696481477048,800.9035413524275,0.3732960110958024,0.35387018491264677,0.45452470787516513,-5.382633166842029,1.0,1.0190628523913292,85.97416098520378,94.98618234759014,94.98618234759014,3,4,80.0,0,0.0,0.16236493633365637,0.35165620648268103,0,0.02487105825665698,0.53125,807.5641339088979,0.0,47.143779437240646,0.8280611753016475,855.5359745214402,s0742,96,0.18662381999999994,0.15242721399400655,0.034196606005993356,0.0014248585835830564,0.0462195999659187,18.32381633062348,0.034196606005993606
7.241546134224608,814.0907896047988,0.39919352870982183,0.3841000450132867,0.5023413640769121,-5.815295890896163,1.0,1.018390274813908,80.73429944283224,93.0942971035112,93.0942971035112,1,5,80.0,0,0.0,0.1727454045687771,0.4168138959306984,2,0.030345243383775308,0.46875,807.5641339088979,0.0,57.21012613220669,0.8810015633007634,865.6552616044054,s0743,96,0.18662381999999994,0.15242721399400655,0.034196606005993356,0.0014248585835830564,0.0462195999659187,18.32381633062348,0.034196606005993606
7.181692843186978,805.2280565772438,0.3901546477117195,0.44768798071773186,0.49463741851748294,-4.850718089514402,1.0,1.019911902136659,86.21110603412117,100.25901809792306,100.25901809792306,1,4,80.0,0,0.0,0.18168897385316007,0.40904746997261165,3,0.0320907786837027,0.4583333333333333,807.5641339088979,0.0,56.99050400348872,0.9266137666511158,865.4812516790378,s0744,96,0.18662381999999994,0.15242721399400655,0.034196606005993356,0.0014248585835830564,0.0462195999659187,18.32381633062348,0.034196606005993606
7.196970034934116,808.0755154968125,0.3758610534501668,0.3920606233841387,0.4902007428447464,-4.867638237504943,1.0,1.01718456772427,80.78020823565721,84.5189941666534,84.5189941666534,2,5,80.0,0,0.0,0.18652030171701847,0.39372419022095073,3,0.030309894286995077,0.5,807.5641339088979,0.0,53.95636231151915,0.9512535387567945,862.4717497591738,s0745,96,0.18662381999999994,0.15242721399400655,0.034196606005993356,0.0014248585835830564,0.0462195999659187,18.32381633062348,0.034196606005993606
7.265330579671022,815.4604975919292,0.375373670478226,0.34573734294315206,0.5451949791475129,-3.6442035903040804,1.0,1.017576782466493,86.89441241210862,88.97369621417029,88.97369621417029,1,6,80.0,0,0.0,0.2044165271165467,0.39099850568196515,1,0.028918548941398566,0.4583333333333333,807.5641339088979,0.0,52.29042253016762,1.0425242882943875,860.8970807273599,s0746,96,0.18662381999999994,0.15242721399400655,0.034196606005993356,0.0014248585835830564,0.0462195999659187,18.32381633062348,0.034196606005993606
7.243937370542264,813.4139904001568,0.3939782374516664,0.40077788877173304,0.5212499016378915,-4.737751174494247,1.0,1.0187871506714457,81.54876342479294,93.50156650462047,93.50156650462047,2,5,80.0,0,0.0,0.21063694584655246,0.3915327659067943,3,0.03240285244782974,0.4166666666666667,807.5641339088979,0.0,53.5448225307319,1.0742484238174173,862.1832048634473,s0747,96,0.18662381999999994,0.15242721399400655,0.034196606005993356,0.0014248585835830564,0.0462195999659187,18.32381633062348,0.034196606005993606
7.297485098119196,819.0253441169249,0.3918801403706619,0.2891302878329218,0.4615569673502101,-6.923912919121186,1.0,1.0196309166312125,82.32801668657962,96.9860871123268,96.9860871123268,2,4,80.0,0,0.0,0.14591279553570394,0.44728450328521835,0,0.03158075826299643,0.5208333333333334,807.5641339088979,0.0,61.443382400087366,0.7441552572320895,869.7516715662174,s0748,96,0.18662381999999994,0.15242721399400655,0.034196606005993356,0.0014248585835830564,0.0462195999659187,18.32381633062348,0.034196606005993606
7.10168938732051,799.3544277874,0.38307229731473186,0.3672535551284041,0.4826054404905627,-4.9228278671973795,1.0,1.0195639707502524,82.750029782069,97.45289310384058,97.45289310384058,2,5,80.0,0,0.0,0.16980370127695274,0.3989007999680823,2,0.030365660648369645,0.59375,807.5641339088979,0.0,54.160928620912834,0.8659988765124588,862.5910614063232,s0749,96,0.18662381999999994,0.15242721399400655,0.034196606005993356,0.0014248585835830564,0.0462195999659187,18.32381633062348,0.034196606005993606
7.104204851956444,799.5878917492985,0.3861405487781651,0.4146005405187247,0.4400210889400967,-4.4390504720600665,1.0,1.019998336049122,86.72126167435864,100.68829098748529,100.68829098748529,1,3,80.0,0,0.0,0.1696761377160728,0.39464421708717945,3,0.029367578079063053,0.5729166666666666,807.5641339088979,0.0,54.17913097019624,0.8653483023519712,862.6086131814461,s0750,96,0.18662381999999994,0.15242721399400655,0.034196606005993356,0.0014248585835830564,0.0462195999659187,18.32381633062348,0.034196606005993606
7.292833634591489,817.8921625774525,0.3832368491270869,0.3497835695607965,0.4586507051299457,-5.051375710241268,1.0,1.0178457236950251,84.77461571553373,91.25991860398833,91.25991860398833,2,4,80.0,0,0.0,0.17892586507139466,0.35771185806622224,2,0.027245444193662614,0.4479166666666667,807.5641339088979,0.0,48.893521142891665,0.9125219118641125,857.3701769636538,s0751,96,0.18662381999999994,0.15242721399400655,0.034196606005993356,0.0014248585835830564,0.0462195999659187,18.32381633062348,0.034196606005993606
7.135477812991115,803.4395143847833,0.41228085640355605,0.3419930459666898,0.5599221541088581,-4.577566474578368,1.0,1.0188154746527502,83.95713240657838,92.10137582159965,92.10137582159965,3,9,80.0,0,0.0,0.20562610301401138,0.5056528706112124,4,0.037697776339746386,0.6458333333333334,807.5641339088979,0.0,69.21380800272317,1.0486931253714575,877.8266350369926,s0752,96,0.18662381999999994,0.15242721399400655,0.034196606005993356,0.0014248585835830564,0.0462195999659187,18.32381633062348,0.034196606005993606
7.228943994334646,811.1450794920174,0.37861913865429675,0.4165041577414148,0.4680319443879504,-8.607141670529863,1.0,1.0216738089334554,81.73950694692648,107.19862014400796,107.19862014400796,2,8,80.0,0,0.0,0.1697096046991784,0.434962889040557,3,0.03197515084428074,0.5104166666666666,807.5641339088979,0.0,58.65056411839188,0.8655189839658092,867.0802170112556,s0753,96,0.18662381999999994,0.15242721399400655,0.034196606005993356,0.0014248585835830564,0.0462195999659187,18.32381633062348,0.034196606005993606
7.236711099289348,812.7162357239145,0.4220773094635691,0.38110141551430055,0.44109774799133883,-6.145865370822141,1.0,1.0191475998055792,79.55428990903198,94.6132153133147,94.6132153133147,0,4,80.0,0,0.0,0.1642863896195518,0.3252694046914124,0,0.024841575930518247,0.4791666666666667,807.5641339088979,0.0,44.930947904706166,0.8378605870597139,853.3329424006638,s0754,96,0.18662381999999994,0.15242721399400655,0.034196606005993356,0.0014248585835830564,0.0462195999659187,18.32381633062348,0.034196606005993606
7.0848341255057905,796.9863465317037,0.39946038460733,0.39645834344851444,0.5008954286262445,-4.825681320189719,1.0,1.017823267330029,87.4164555600054,90.3024506184998,90.3024506184998,3,6,80.0,0,0.0,0.16551204934773037,0.46188933842943636,2,0.03123494140221654,0.5416666666666666,807.5641339088979,0.0,62.63239952604133,0.8441114516734254,871.0406448866127,s0755,96,0.18662381999999994,0.15242721399400655,0.034196606005993356,0.0014248585835830564,0.0462195999659187,18.32381633062348,0.034196606005993606
7.14325981031334,802.4583086114114,0.3913749447710773,0.40101078876831237,0.5599585571799643,-4.603533583948501,1.0,1.0191695876289135,84.36376381161669,94.7849173285145,94.7849173285145,2,5,80.0,0,0.0,0.1774970322709151,0.48310794949705793,1,0.034919583024395774,0.5104166666666666,807.5641339088979,0.0,66.0050891676175,0.9052348645816671,874.4744579410971,s0756,96,0.18662381999999994,0.15242721399400655,0.034196606005993356,0.0014248585835830564,0.0462195999659187,18.32381633062348,0.034196606005993606
7.170127014245888,807.6997611281049,0.4115684789852393,0.35563200494469144,0.5064788531152631,-3.9378261141766857,1.0,1.0166391229723195,85.04192085058224,83.1791791420649,83.1791791420649,1,1,80.0,0,0.0,0.178246320876857,0.41732686032903166,5,0.03052453981776269,0.5104166666666666,807.5641339088979,0.0,57.976178261425424,0.9090562364719699,866.4493684067953,s0757,96,0.18662381999999994,0.15242721399400655,0.034196606005993356,0.0014248585835830564,0.0462195999659187,18.32381633062348,0.034196606005993606
7.046672513154016,794.1959407881619,0.3984142709623975,0.37873456606250766,0.4975029347105733,-4.665685384915234,1.0,1.0173353747716354,86.39833076724098,87.68613527661381,87.68613527661381,3,5,80.0,0,0.0,0.15078397877543048,0.4609530708188885,0,0.030614160056337617,0.5416666666666666,807.5641339088979,0.0,60.479659254202815,0.7689982917546954,868.8127914548554,s0758,96,0.18662381999999994,0.15242721399400655,0.034196606005993356,0.0014248585835830564,0.0462195999659187,18.32381633062348,0.034196606005993606
7.170282579024945,806.7805120363943,0.3879735245887879,0.3415921876341788,0.4624623777321608,-4.987002821092364,1.0,1.0171694015469666,83.44352260067464,83.00752373933005,83.00752373933005,2,4,80.0,0,0.0,0.19090678121785776,0.3500759162028734,1,0.025995779893774638,0.5104166666666666,807.5641339088979,0.0,47.15952871238655,0.9736245842110747,855.6972872054955,s0759,96,0.18662381999999994,0.15242721399400655,0.034196606005993356,0.0014248585835830564,0.0462195999659187,18.32381633062348,0.034196606005993606
7.166687000519751,806.0283846444456,0.4001599836212728,0.4146522558426606,0.4558116619849154,-2.6128235587138993,1.0,1.0176114946683694,82.47362440810704,87.15552602467652,87.15552602467652,2,3,80.0,0,0.0,0.1798936236882356,0.3596301630935605,1,0.029132842497484095,0.4791666666666667,807.5641339088979,0.0,48.36129035964617,0.9174574808100014,856.8428817493541,s0760,96,0.18662381999999994,0.15242721399400655,0.034196606005993356,0.0014248585835830564,0.0462195999659187,18.32381633062348,0.034196606005993606
7.166376181501954,806.5261389652744,0.3882893789435974,0.3671371054689674,0.4706333616135281,-5.058095793822271,1.0,1.0198486343083724,94.84293838211939,98.86400037588282,98.86400037588282,4,6,80.0,0,0.0,0.1752751339205781,0.3803755745303,1,0.03047576869324428,0.4895833333333333,807.5641339088979,0.0,51.05135764529918,0.8939031829949483,859.509394737192,s0761,96,0.18662381999999994,0.15242721399400655,0.034196606005993356,0.0014248585835830564,0.0462195999659187,18.32381633062348,0.034196606005993606
7.085267278001821,797.8706540507928,0.37103795239453835,0.3799870786290669,0.4723538367362474,-6.82247271526897,1.0,1.0199725108615365,85.82276354090384,99.36272491986837,99.36272491986837,5,4,80.0,0,0.0,0.14027406454433622,0.4473694960169532,2,0.029959209531596434,0.5833333333333334,807.5641339088979,0.0,60.48531805811011,0.715397729176115,868.7648496961841,s0762,96,0.18662381999999994,0.15242721399400655,0.034196606005993356,0.0014248585835830564,0.0462195999659187,18.32381633062348,0.034196606005993606
7.37072297052025,826.5063140605532,0.41860651844039515,0.2853567337313635,0.4855922266583755,-4.97259987952125,1.0,1.0171463419178428,82.64352171268577,85.76706747051631,85.76706747051631,2,1,80.0,0,0.0,0.2001861185356925,0.3960932975490964,4,0.03145635284245268,0.4166666666666667,807.5641339088979,0.0,54.88121887542768,1.0209492045320314,863.4663019888576,s0763,96,0.18662381999999994,0.15242721399400655,0.034196606005993356,0.0014248585835830564,0.0462195999659187,18.32381633062348,0.034196606005993606
7.165138030709085,805.8767268335026,0.4180605364725224,0.3673317346006335,0.5051309061913343,-4.1631472012903865,1.0,1.0176026138038468,81.49299070227157,87.70798764836948,87.70798764836948,2,5,80.0,0,0.0,0.18435790368371366,0.36563256748924455,2,0.02807789187609015,0.5208333333333334,807.5641339088979,0.0,49.296065412992206,0.9402253087869397,857.8004246306771,s0764,96,0.18662381999999994,0.15242721399400655,0.034196606005993356,0.0014248585835830564,0.0462195999659187,18.32381633062348,0.034196606005993606
7.116147392723989,800.8926611054499,0.39684188856294567,0.39047982753652444,0.5699013186094936,-4.735063837111228,1.0,1.01790696122669,88.01898006868092,87.30627544782362,87.30627544782362,2,5,80.0,0,0.0,0.19827766441336497,0.5661644996247077,3,0.04136794728804379,0.6145833333333334,807.5641339088979,0.0,77.40820355097547,1.011216088508161,885.9835535483816,s0765,96,0.18662381999999994,0.15242721399400655,0.034196606005993356,0.0014248585835830564,0.0462195999659187,18.32381633062348,0.034196606005993606
7.26588064663389,815.9050164048319,0.3956133504520013,0.33145581286114345,0.47930033819718143,-4.585267387869545,1.0,1.0188447038868602,79.57700674253782,94.12381953375557,94.12381953375557,0,4,80.0,0,0.0,0.1771911467059502,0.36852982492283026,2,0.0285993054865524,0.5520833333333334,807.5641339088979,0.0,49.54812226673439,0.9036748482003457,858.0159310238326,s0766,96,0.18662381999999994,0.15242721399400655,0.034196606005993356,0.0014248585835830564,0.0462195999659187,18.32381633062348,0.034196606005993606
7.23255313438583,812.5567797147746,0.39039950734890383,0.3598262295010963,0.41431026547208255,-4.72355997900265,1.0,1.0172119189838167,77.9567234748192,86.19992674723201,86.19992674723201,0,3,80.0,0,0.0,0.1610449717607469,0.3468264718352192,0,0.026457136332802028,0.4479166666666667,807.5641339088979,0.0,46.76154641255866,0.8213293559798093,855.1470096774365,s0767,96,0.18662381999999994,0.15242721399400655,0.034196606005993356,0.0014248585835830564,0.0462195999659187,18.32381633062348,0.034196606005993606
7.169397789237312,805.8373781970495,0.38579731399644535,0.3338973257858789,0.48991941699773084,-4.681701599892828,1.0,1.0179067600210612,79.55026382666479,88.98008731429431,88.98008731429431,0,1,80.0,0,0.0,0.1721488359706507,0.4489885707828718,2,0.030936373131308332,0.53125,807.5641339088979,0.0,60.67896618370755,0.8779590634503185,869.1210591560558,s0768,96,0.18662381999999994,0.15242721399400655,0.034196606005993356,0.0014248585835830564,0.0462195999659187,18.32381633062348,0.034196606005993606
7.265259378997406,816.2602539167859,0.41505859946305124,0.30942307439032657,0.45096271645527836,-4.780638206842141,1.0,1.0164804425848333,81.72507452177538,80.2465773668983,80.2465773668983,1,1,80.0,0,0.0,0.1544396580247064,0.40315506386425004,2,0.028251560234390287,0.4270833333333333,807.5641339088979,0.0,54.1662816085313,0.7876422559260027,862.5180577733553,s0769,96,0.18662381999999994,0.15242721399400655,0.034196606005993356,0.0014248585835830564,0.0462195999659187,18.32381633062348,0.034196606005993606
7.198789218040603,809.6446609706304,0.39675305880996514,0.3703078056553001,0.5288198105160209,-5.566284663768251,1.0,1.0191207170280907,81.48547942970438,93.96667637551995,93.96667637551995,1,4,80.0,0,0.0,0.19991766030591718,0.4449980534975655,2,0.03381016865166453,0.4791666666666667,807.5641339088979,0.0,60.836306510329386,1.0195800675601776,869.4200204867874,s0770,96,0.18662381999999994,0.15242721399400655,0.034196606005993356,0.0014248585835830564,0.0462195999659187,18.32381633062348,0.034196606005993606
7.252015946585177,814.365368805612,0.3998864703468912,0.36598029624308825,0.48545082315151866,-3.883373000340498,1.0,1.0183466946176423,81.35582850794194,91.64275288114145,91.64275288114145,2,3,80.0,0,0.0,0.1589034232664567,0.4321800714285414,1,0.03166216381369975,0.4791666666666667,807.5641339088979,0.0,58.68677340776942,0.8104074586589294,867.0613147753263,s0771,96,0.18662381999999994,0.15242721399400655,0.034196606005993356,0.0014248585835830564,0.0462195999659187,18.32381633062348,0.034196606005993606
7.156060099581637,804.8718841381029,0.3771528659254392,0.41601896377813746,0.4549079443376125,-4.676826016078807,1.0,1.0174728802759119,76.31711940539448,85.01518785978915,85.01518785978915,0,7,80.0,0,0.0,0.1796773011817758,0.3740438593340946,2,0.029113044246097775,0.4895833333333333,807.5641339088979,0.0,51.82048274510495,0.9163542360270569,860.3009708900299,s0772,96,0.18662381999999994,0.15242721399400655,0.034196606005993356,0.0014248585835830564,0.0462195999659187,18.32381633062348,0.034196606005993606
7.154190156067857,803.5933804228016,0.43577000582903846,0.44030414403983303,0.4298234601009785,-4.8111974426443584,1.0,1.0174462033975946,80.05384484694828,86.13502164422002,86.13502164422002,1,3,80.0,0,0.0,0.1635661345427719,0.3466522638267861,1,0.025337160995215727,0.5208333333333334,807.5641339088979,0.0,47.418244965402835,0.8341872861681369,855.8165661604689,s0773,96,0.18662381999999994,0.15242721399400655,0.034196606005993356,0.0014248585835830564,0.0462195999659187,18.32381633062348,0.034196606005993606
7.1659063717132465,806.2317196456672,0.3860122148019626,0.38175041389589226,0.4238820827087053,-4.399878522390309,1.0,1.0180396134917353,84.49039054687945,92.08515858522033,92.08515858522033,1,5,80.0,0,0.0,0.15677117966418438,0.3742004481512736,2,0.026978788597210146,0.5625,807.5641339088979,0.0,50.12070793717469,0.7995330162873405,858.4843748623599,s0774,96,0.18662381999999994,0.15242721399400655,0.034196606005993356,0.0014248585835830564,0.0462195999659187,18.32381633062348,0.034196606005993606
7.2036683113412305,809.0121547863407,0.40339475430276356,0.33939962750075386,0.430368447855612,-5.329533000074586,1.0,1.0182227465041749,78.73696237311175,89.82868921129491,89.82868921129491,0,3,80.0,0,0.0,0.15042300258047614,0.3595069496803274,2,0.02623804508966246,0.5104166666666666,807.5641339088979,0.0,49.72502063220015,0.7671573131604282,858.0563118542585,s0775,96,0.18662381999999994,0.15242721399400655,0.034196606005993356,0.0014248585835830564,0.0462195999659187,18.32381633062348,0.034196606005993606
7.125119194597597,801.2568370351645,0.3948384593692097,0.42483792802615195,0.47643776399579507,-4.02681358949842,1.0,1.0193535200520738,83.34636701279261,97.49191542355469,97.49191542355469,2,4,80.0,0,0.0,0.15523472681708447,0.47185638138670083,1,0.03452142068686866,0.5520833333333334,807.5641339088979,0.0,64.27056349712821,0.7916971067671306,872.6263945127934,s0776,96,0.18662381999999994,0.15242721399400655,0.034196606005993356,0.0014248585835830564,0.0462195999659187,18.32381633062348,0.034196606005993606
7.179908405356165,807.5489321629957,0.568478831502698,0.40908527616713575,0.507814519443349,-5.05762924774134,1.0,1.0163643281618617,79.50001137529263,79.72922940198166,79.72922940198166,0,0,80.0,0,0.0,0.15590999874231934,0.4980600176187967,1,0.04398510795223419,0.46875,807.5641339088979,0.0,68.57406210649046,0.7951409935858287,876.9333370089743,s0777,96,0.18662381999999994,0.15242721399400655,0.034196606005993356,0.0014248585835830564,0.0462195999659187,18.32381633062348,0.034196606005993606
7.184828072714842,806.725169910397,0.39448740103505375,0.389800838814244,0.4925917576786982,-4.539807802316425,1.0,1.0207179653865033,79.40437942427334,102.66847079546142,102.66847079546142,0,2,80.0,0,0.0,0.1921179279656853,0.4590339258274937,3,0.03348131991948186,0.4895833333333333,807.5641339088979,0.0,61.9801053802318,0.9798014326249946,870.5240407217547,s0778,96,0.18662381999999994,0.15242721399400655,0.034196606005993356,0.0014248585835830564,0.0462195999659187,18.32381633062348,0.034196606005993606
7.2925487044657,818.5507532433344,0.38207717469829816,0.33400735510870094,0.4681980424173781,-4.603489703020091,1.0,1.0179467828077704,79.68111623682913,91.08842484066278,91.08842484066278,0,4,80.0,0,0.0,0.1694334122343157,0.41726351570562653,1,0.029869072236738743,0.4270833333333333,807.5641339088979,0.0,57.33819749543128,0.8641104023950097,865.7664418067242,s0779,96,0.18662381999999994,0.15242721399400655,0.034196606005993356,0.0014248585835830564,0.0462195999659187,18.32381633062348,0.034196606005993606
7.214887608103377,811.4151578502701,0.3921248381058475,0.3478720544944994,0.4901163285893036,-4.755111572299582,1.0,1.017995682060486,81.32548528872513,89.52945101397925,89.52945101397925,2,3,80.0,0,0.0,0.19962340465200915,0.38673017088164857,2,0.030988179300243373,0.4791666666666667,807.5641339088979,0.0,53.17753853150437,1.0180793637252465,861.7597518041276,s0780,96,0.18662381999999994,0.15242721399400655,0.034196606005993356,0.0014248585835830564,0.0462195999659187,18.32381633062348,0.034196606005993606
7.168456151234164,805.7369210458403,0.37533958338930573,0.33440431692873807,0.48267975970010296,-3.745952568040701,1.0,1.019195690588836,82.19928612507563,96.70954973007686,96.70954973007686,1,3,80.0,0,0.0,0.1889985105673498,0.4089887808420819,3,0.030459739139419278,0.4583333333333333,807.5641339088979,0.0,55.96925886828177,0.9638924038934836,864.4972851810732,s0781,96,0.18662381999999994,0.15242721399400655,0.034196606005993356,0.0014248585835830564,0.0462195999659187,18.32381633062348,0.034196606005993606
7.295982735209674,819.0609240457406,0.3710379524372038,0.31115103381182857,0.4641239977773167,-3.9942279522678596,1.0,1.0179681583120126,76.31556733475902,87.13630121934347,87.13630121934347,0,2,80.0,0,0.0,0.15043639402217898,0.4752409091897568,0,0.030860306999893988,0.4166666666666667,807.5641339088979,0.0,64.89539263927487,0.7672256095131127,873.226752157686,s0782,96,0.18662381999999994,0.15242721399400655,0.034196606005993356,0.0014248585835830564,0.0462195999659187,18.32381633062348,0.034196606005993606
7.284878538247412,817.5843554346698,0.38832603074202404,0.3193448398057855,0.5139793242794733,-5.193736532362037,1.0,1.018949920489633,82.73129479236927,95.42573210373938,95.42573210373938,2,5,80.0,0,0.0,0.1856786735553923,0.40772684339124776,1,0.030543058694289638,0.46875,807.5641339088979,0.0,54.95838051427613,0.9469612351325003,863.4694756583065,s0783,96,0.18662381999999994,0.15242721399400655,0.034196606005993356,0.0014248585835830564,0.0462195999659187,18.32381633062348,0.034196606005993606
7.073566241254831,795.4749258272041,0.37317324333298,0.4193515188347345,0.4032503273578209,-5.547681709451645,1.0,1.0183131313818796,80.25934806496002,90.75799811521796,90.75799811521796,1,8,80.0,0,0.0,0.16026522950027747,0.3347584050249957,1,0.02646428109841004,0.6041666666666666,807.5641339088979,0.0,44.8524614175664,0.8173526704514151,853.2339479969157,s0784,96,0.18662381999999994,0.15242721399400655,0.034196606005993356,0.0014248585835830564,0.0462195999659187,18.32381633062348,0.034196606005993606
7.108565011519444,799.3529398871897,0.4017896546947172,0.36344194283137704,0.4521496191598193,-3.72966747693586,1.0,1.0177228766095714,84.7499692734239,86.61353906416718,86.61353906416718,1,2,80.0,0,0.0,0.15186209571213322,0.38705576005218867,0,0.02617356649487499,0.59375,807.5641339088979,0.0,51.98201141107045,0.7744966881318789,860.3206420081002,s0785,96,0.18662381999999994,0.15242721399400655,0.034196606005993356,0.0014248585835830564,0.0462195999659187,18.32381633062348,0.034196606005993606
7.081389185579578,796.3127467858724,0.4109686682023842,0.43143289548460834,0.48588748344353344,-4.408798803477466,1.0,1.0191935133123586,85.24303489936372,97.08565220278638,97.08565220278638,1,4,80.0,0,0.0,0.20356251465865297,0.4392191622200392,3,0.03365071611138871,0.5520833333333334,807.5641339088979,0.0,59.752745134416294,1.0381688247591296,868.3550478680734,s0786,96,0.18662381999999994,0.15242721399400655,0.034196606005993356,0.0014248585835830564,0.0462195999659187,18.32381633062348,0.034196606005993606
7.219197726248524,811.0521101488225,0.3796071631337832,0.39713853870032967,0.4525581597436876,-4.8881693682794065,1.0,1.0193186297649515,77.73886318993415,96.2367120202791,96.2367120202791,0,5,80.0,0,0.0,0.16611011313778412,0.3795442601125786,2,0.026495032531810278,0.5104166666666666,807.5641339088979,0.0,52.20220264280303,0.8471615770026989,860.6134981287037,s0787,96,0.18662381999999994,0.15242721399400655,0.034196606005993356,0.0014248585835830564,0.0462195999659187,18.32381633062348,0.034196606005993606
7.16998429491797,805.699557531027,0.39933001870054086,0.3919183163130281,0.5425008025659683,-5.986302815061156,1.0,1.0178805952727508,81.87355110236287,88.36328638727718,88.36328638727718,5,5,80.0,0,0.0,0.1755007091416144,0.5062862397997533,2,0.03485883355990174,0.46875,807.5641339088979,0.0,69.55950817734013,0.8950536166222336,878.0186957028603,s0788,96,0.18662381999999994,0.15242721399400655,0.034196606005993356,0.0014248585835830564,0.0462195999659187,18.32381633062348,0.034196606005993606
7.212330727938632,810.5365873395253,0.4105657684340981,0.3797967036407147,0.5978784907566321,-5.829048841345682,1.0,1.0175881471967545,89.52149856915746,89.84731085143426,89.84731085143426,2,4,80.0,0,0.0,0.1872654100125773,0.5289704574253895,1,0.038078623334009555,0.4791666666666667,807.5641339088979,0.0,71.95394110929804,0.9550535910641439,880.4731286092601,s0789,96,0.18662381999999994,0.15242721399400655,0.034196606005993356,0.0014248585835830564,0.0462195999659187,18.32381633062348,0.034196606005993606
7.226020262760196,810.0978014318266,0.40280292439408444,0.3630495384335246,0.41646739521415077,-4.164478727056607,1.0,1.0165163370645955,75.70521342453213,79.4870589599044,79.4870589599044,0,0,80.0,0,0.0,0.12822950927572277,0.3899384415997278,0,0.02999232650392528,0.5625,807.5641339088979,0.0,52.59426504675796,0.6539704973061863,860.8123694529621,s0790,96,0.18662381999999994,0.15242721399400655,0.034196606005993356,0.0014248585835830564,0.0462195999659187,18.32381633062348,0.034196606005993606
7.197859317153936,807.9096861259219,0.3941405815538225,0.36548010319525415,0.435907823209829,-3.626829373637554,1.0,1.0185890115768834,82.0828778684718,92.00853662913362,92.00853662913362,2,4,80.0,0,0.0,0.14843929161600164,0.3881458837885209,1,0.028115667866554683,0.5104166666666666,807.5641339088979,0.0,52.94000102819299,0.7570403872416087,861.2611753243326,s0791,96,0.18662381999999994,0.15242721399400655,0.034196606005993356,0.0014248585835830564,0.0462195999659187,18.32381633062348,0.034196606005993606
7.170056173838019,806.8906876944509,0.3872067265783284,0.3773147003905381,0.4971047093421058,-5.832657738506147,1.0,1.0211911131545957,84.74973803372984,105.51881031468689,105.51881031468689,3,4,80.0,0,0.0,0.1615219818987561,0.4548053019303274,3,0.031278555106404225,0.5,807.5641339088979,0.0,63.91486675493536,0.8237621076836563,872.302762771517,s0792,96,0.18662381999999994,0.15242721399400655,0.034196606005993356,0.0014248585835830564,0.0462195999659187,18.32381633062348,0.034196606005993606
7.114996419667305,799.9165467742002,0.38484757524659063,0.42007790398767964,0.4951787330094177,-4.97914374782077,1.0,1.0193853921925298,80.50055665531664,96.98684725356897,96.98684725356897,2,4,80.0,0,0.0,0.17469519004155415,0.3800296940588692,1,0.029356695176989828,0.53125,807.5641339088979,0.0,51.21548007837257,0.8909454692119261,859.6705594564825,s0793,96,0.18662381999999994,0.15242721399400655,0.034196606005993356,0.0014248585835830564,0.0462195999659187,18.32381633062348,0.034196606005993606
7.139520465664351,801.6798742223608,0.3874087249039716,0.4340082393658916,0.4900783262816705,-5.004984990681624,1.0,1.0200655416656172,82.20842595489029,98.96496389360217,98.96496389360217,1,3,80.0,0,0.0,0.1703430909922586,0.4425027362148485,3,0.032508726072785626,0.4479166666666667,807.5641339088979,0.0,60.78799913177306,0.8687497640605187,869.2208828047316,s0794,96,0.18662381999999994,0.15242721399400655,0.034196606005993356,0.0014248585835830564,0.0462195999659187,18.32381633062348,0.034196606005993606
7.239231305416068,813.7761991056788,0.3932802761166796,0.34714750248458537,0.4747040707493849,-5.476644526961117,1.0,1.0175018091330275,80.31246614769681,86.1875683761434,86.1875683761434,1,4,80.0,0,0.0,0.16104788044593538,0.4255038261481171,3,0.02991440831505653,0.5416666666666666,807.5641339088979,0.0,58.1549495830899,0.8213441902742697,866.5404276822621,s0795,96,0.18662381999999994,0.15242721399400655,0.034196606005993356,0.0014248585835830564,0.0462195999659187,18.32381633062348,0.034196606005993606
7.141686427767018,802.0479582396467,0.41706278404624003,0.3748187381456318,0.45729438008546175,-4.629735824602634,1.0,1.0180222453153953,81.32880119187124,87.17969006277066,87.17969006277066,1,3,80.0,0,0.0,0.14149427789447974,0.40710198822623456,1,0.0285863949177509,0.53125,807.5641339088979,0.0,55.60550935027842,0.7216208172618463,863.8912640764382,s0796,96,0.18662381999999994,0.15242721399400655,0.034196606005993356,0.0014248585835830564,0.0462195999659187,18.32381633062348,0.034196606005993606
7.047952587854844,792.615790295767,0.3881501162848442,0.3874869088975069,0.556392292614291,-5.337976885028461,1.0,1.0194314826847448,85.14559802478973,97.87756196004945,97.87756196004945,3,8,80.0,0,0.0,0.21189897154073628,0.4757810833706426,5,0.03327607515136603,0.6041666666666666,807.5641339088979,0.0,64.60318845277257,1.0806847548577545,873.2480071165282,s0797,96,0.18662381999999994,0.15242721399400655,0.034196606005993356,0.0014248585835830564,0.0462195999659187,18.32381633062348,0.034196606005993606
7.086083102371734,796.3740743019015,0.3740609488175765,0.4609651305739658,0.5058733161609261,-7.221648293301404,1.0,1.0185475239263446,86.23805562604444,92.93910101386358,92.93910101386358,2,5,80.0,0,0.0,0.18790391436756923,0.4265907939207515,2,0.030709857721270075,0.4895833333333333,807.5641339088979,0.0,57.37573559768998,0.9583099632746029,865.8981794698625,s0798,96,0.18662381999999994,0.15242721399400655,0.034196606005993356,0.0014248585835830564,0.0462195999659187,18.32381633062348,0.034196606005993606
7.161970937941344,804.3655237483495,0.39568435159527127,0.3793435455807914,0.4938807054171119,-3.664493142076907,1.0,1.017485494227217,78.67863638208384,86.7155568646948,86.7155568646948,0,4,80.0,0,0.0,0.2013189429641511,0.3346815135703993,4,0.02606704289029552,0.5520833333333334,807.5641339088979,0.0,45.126651397106144,1.0267266091171698,853.7175119151212,s0799,96,0.18662381999999994,0.15242721399400655,0.034196606005993356,0.0014248585835830564,0.0462195999659187,18.32381633062348,0.034196606005993606
7.331752405616935,823.6524990251993,0.40726571777146264,0.29945971766485424,0.5600073296660546,-4.420606171202164,1.0,1.0193682121831944,85.1969485532747,97.56474479748111,97.56474479748111,4,5,80.0,0,0.0,0.1903506541170126,0.5269874360019312,2,0.03623174173269396,0.4166666666666667,807.5641339088979,0.0,72.45295830928556,0.9707883359967643,880.9878805541803,s0800,96,0.18662381999999994,0.15242721399400655,0.034196606005993356,0.0014248585835830564,0.0462195999659187,18.32381633062348,0.034196606005993606
7.1419255440610065,801.9548899750071,0.41307446103881545,0.4447598341909667,0.4549045414125884,-5.072397278411095,1.0,1.0170787600133504,77.62329904882967,82.6327592414648,82.6327592414648,0,2,80.0,0,0.0,0.1631959319687602,0.3768846068502349,3,0.03221693258911654,0.5416666666666666,807.5641339088979,0.0,52.42408743884271,0.8322992530406771,860.8205206007813,s0801,96,0.18662381999999994,0.15242721399400655,0.034196606005993356,0.0014248585835830564,0.0462195999659187,18.32381633062348,0.034196606005993606
7.1350733475193024,802.1975778318977,0.40531738200846845,0.4069953711207542,0.5189815138220527,-3.1884759087389143,1.0,1.016560080973582,83.96163433962157,81.19208851953664,81.19208851953664,1,3,80.0,0,0.0,0.17441904686289095,0.3874045186365318,2,0.02871183713647925,0.5729166666666666,807.5641339088979,0.0,52.01104884071971,0.8895371390007433,860.4647198886183,s0802,96,0.18662381999999994,0.15242721399400655,0.034196606005993356,0.0014248585835830564,0.0462195999659187,18.32381633062348,0.034196606005993606
7.2140691827219925,811.2083103874945,0.4044449033597618,0.3995029208158951,0.49013657157329793,-2.0895326814172255,1.0,1.0183907235626417,78.07268719448336,91.35620082440816,91.35620082440816,0,3,80.0,0,0.0,0.18540889035213398,0.4072015881527509,3,0.03142513205841686,0.5729166666666666,807.5641339088979,0.0,55.79204372690835,0.9455853407958831,864.3017629766022,s0803,96,0.18662381999999994,0.15242721399400655,0.034196606005993356,0.0014248585835830564,0.0462195999659187,18.32381633062348,0.034196606005993606
7.21132693493581,809.0488302130099,0.3957925948032563,0.3810721801926688,0.48297884322865703,-5.3951959198318775,1.0,1.0196087675034706,77.44633683964803,97.3941803800988,97.3941803800988,0,4,80.0,0,0.0,0.17265389077550597,0.354455982847809,2,0.025760364607323803,0.5104166666666666,807.5641339088979,0.0,47.66138022120867,0.8805348429550802,856.1060489730617,s0804,96,0.18662381999999994,0.15242721399400655,0.034196606005993356,0.0014248585835830564,0.0462195999659187,18.32381633062348,0.034196606005993606
7.174029539427728,806.0706748310134,0.3776877844163996,0.39130598534821603,0.48944708259730046,-5.787796096169935,1.0,1.018320177539384,81.31491824260496,91.55850440422475,91.55850440422475,3,4,80.0,0,0.0,0.1820093492418614,0.41077040353238814,0,0.03043198860779818,0.4583333333333333,807.5641339088979,0.0,56.60405064619423,0.9282476811334932,865.0964322362256,s0805,96,0.18662381999999994,0.15242721399400655,0.034196606005993356,0.0014248585835830564,0.0462195999659187,18.32381633062348,0.034196606005993606
7.165716860501147,805.6824363895084,0.39589883385303065,0.3200706756990336,0.4029722006778448,-4.215847150211801,1.0,1.018045353731724,78.92738766512576,88.42223719311065,88.42223719311065,0,3,80.0,0,0.0,0.1479502876491619,0.3594699522314043,0,0.02609244821660412,0.5104166666666666,807.5641339088979,0.0,48.946096601422006,0.7545464670107259,857.2647769773307,s0806,96,0.18662381999999994,0.15242721399400655,0.034196606005993356,0.0014248585835830564,0.0462195999659187,18.32381633062348,0.034196606005993606
7.167993936105255,804.7317397457605,0.3958824455711332,0.3455444409153796,0.4739743968824638,-4.264362104628369,1.0,1.01947535321476,83.77486042155941,98.0958464438476,98.0958464438476,1,4,80.0,0,0.0,0.1570120239859657,0.45626228242025446,1,0.03159228938657255,0.5416666666666666,807.5641339088979,0.0,62.96015187854767,0.8007613223284251,871.325047109774,s0807,96,0.18662381999999994,0.15242721399400655,0.034196606005993356,0.0014248585835830564,0.0462195999659187,18.32381633062348,0.034196606005993606
7.289000710717883,818.539151795621,0.3740540817572263,0.3309999003504206,0.45574854101124684,-4.634173331718621,1.0,1.0196017216537614,80.63950096734376,96.92705354636625,96.92705354636625,1,4,80.0,0,0.0,0.17002672820157042,0.35473257743807807,2,0.02681165501029366,0.375,807.5641339088979,0.0,47.72032598473233,0.8671363138280087,856.1515962074583,s0808,96,0.18662381999999994,0.15242721399400655,0.034196606005993356,0.0014248585835830564,0.0462195999659187,18.32381633062348,0.034196606005993606
7.291848611834693,818.8276819275576,0.39316901947650396,0.34233745554158324,0.45648012544755656,-5.024009334061839,1.0,1.0180185619998874,76.92845611358847,89.82825385817635,89.82825385817635,0,5,80.0,0,0.0,0.18040090295754133,0.36482156546252115,1,0.027016201802916102,0.4583333333333333,807.5641339088979,0.0,49.41027968973103,0.9200446050834611,857.8944582037125,s0809,96,0.18662381999999994,0.15242721399400655,0.034196606005993356,0.0014248585835830564,0.0462195999659187,18.32381633062348,0.034196606005993606
7.160368491296046,803.5490729668395,0.3940287930575693,0.3754853961396465,0.48100618021527863,-5.2100425722403045,1.0,1.0175935031426184,79.60372699724732,88.49165913618236,88.49165913618236,0,4,80.0,0,0.0,0.18363594580271567,0.42401579060303723,2,0.033366880666558386,0.53125,807.5641339088979,0.0,57.8748188752521,0.9365433235938502,866.3754961077439,s0810,96,0.18662381999999994,0.15242721399400655,0.034196606005993356,0.0014248585835830564,0.0462195999659187,18.32381633062348,0.034196606005993606
7.271121041285407,817.23201586945,0.42894797005175805,0.34885646949837823,0.43001183129700943,-5.419710878174048,1.0,1.0172869153759185,75.91231785893817,83.48867150156607,83.48867150156607,0,2,80.0,0,0.0,0.18055845684193245,0.36051591154705476,2,0.027416425358002157,0.4583333333333333,807.5641339088979,0.0,50.022474813591515,0.9208481298938554,858.5074568523834,s0811,96,0.18662381999999994,0.15242721399400655,0.034196606005993356,0.0014248585835830564,0.0462195999659187,18.32381633062348,0.034196606005993606
7.2062546477707885,810.272902035189,0.3876046605150112,0.3199316905875132,0.41422104600743437,-4.0421059194261835,1.0,1.0170721286588946,75.96672731724277,82.45776094092854,82.45776094092854,0,1,80.0,0,0.0,0.16959270785706074,0.37923418611321746,0,0.028647434159402217,0.5,807.5641339088979,0.0,51.331264200789875,0.8649228100710096,859.7603209197588,s0812,96,0.18662381999999994,0.15242721399400655,0.034196606005993356,0.0014248585835830564,0.0462195999659187,18.32381633062348,0.034196606005993606
7.1888370295101165,806.9607767208167,0.41497825034423186,0.40192599465885237,0.4364071970605554,-7.159777583183877,1.0,1.0186985667316861,89.30760579894034,95.48182547489616,95.48182547489616,1,5,80.0,0,0.0,0.1697031550672061,0.3595244756173379,2,0.02730219706192233,0.46875,807.5641339088979,0.0,49.595131052352265,0.8654860908427509,858.0247510520929,s0813,96,0.18662381999999994,0.15242721399400655,0.034196606005993356,0.0014248585835830564,0.0462195999659187,18.32381633062348,0.034196606005993606
7.195124599234523,807.0953771933266,0.3839429879256846,0.40123885309734586,0.4092883067769982,-5.0089582743843115,1.0,1.0190085766582144,82.51251644810382,93.59192575005959,93.59192575005959,2,4,80.0,0,0.0,0.15222581710062552,0.3383015503926483,0,0.025174706700779276,0.4479166666666667,807.5641339088979,0.0,46.634574799123044,0.7763516672131904,854.9750603752341,s0814,96,0.18662381999999994,0.15242721399400655,0.034196606005993356,0.0014248585835830564,0.0462195999659187,18.32381633062348,0.034196606005993606
7.207768214613359,809.7804709448402,0.3738825740837436,0.38015919007783827,0.4655133768086226,-5.3905043919151465,1.0,1.017567374073125,85.00733060234221,86.63961113087346,86.63961113087346,2,6,80.0,0,0.0,0.1449481468967007,0.4300573239887018,0,0.03044035225787489,0.4375,807.5641339088979,0.0,59.768228172685674,0.7392355491731735,868.0715976307567,s0815,96,0.18662381999999994,0.15242721399400655,0.034196606005993356,0.0014248585835830564,0.0462195999659187,18.32381633062348,0.034196606005993606
7.155164803849916,803.8616604720437,0.40224365192009126,0.3893290138721942,0.4535994831479061,-4.449025549021569,1.0,1.0174880281719831,83.5213525339064,85.23149329570774,85.23149329570774,1,4,80.0,0,0.0,0.1689736485246851,0.3253854301908321,0,0.024243281202423816,0.4791666666666667,807.5641339088979,0.0,43.79798324591909,0.8617656074758935,852.223882762293,s0816,96,0.18662381999999994,0.15242721399400655,0.034196606005993356,0.0014248585835830564,0.0462195999659187,18.32381633062348,0.034196606005993606
7.269064711307273,815.6742397575804,0.408213678033638,0.3498592063111057,0.46676655983404064,-5.048464394601115,1.0,1.0214196819635306,90.99754663339537,107.07100189639593,107.07100189639593,3,4,80.0,0,0.0,0.1670255569147895,0.4075699466057472,3,0.03091774211537824,0.3958333333333333,807.5641339088979,0.0,58.15191943630798,0.8518303402654259,866.5678836854713,s0817,96,0.18662381999999994,0.15242721399400655,0.034196606005993356,0.0014248585835830564,0.0462195999659187,18.32381633062348,0.034196606005993606
7.143079585377536,804.2756029861987,0.4090841574849131,0.38016204074843474,0.5067986803669824,-5.349104291415983,1.0,1.017827306853169,88.93106671234457,89.10197130827635,89.10197130827635,3,5,80.0,0,0.0,0.14907999651768103,0.4325448081601504,2,0.029264009932490724,0.5104166666666666,807.5641339088979,0.0,58.51654499347606,0.760307982240173,866.8409868846142,s0818,96,0.18662381999999994,0.15242721399400655,0.034196606005993356,0.0014248585835830564,0.0462195999659187,18.32381633062348,0.034196606005993606
7.182447254087053,807.0184609212697,0.38350293380918643,0.35112735093346215,0.4790119324331552,-4.7410954617551,1.0,1.0197183988247107,81.12112011206625,97.93763506656671,97.93763506656671,1,4,80.0,0,0.0,0.200548425388569,0.38185059129368426,5,0.02943939411277709,0.53125,807.5641339088979,0.0,50.92942087578156,1.0227969694817023,859.5163517541612,s0819,96,0.18662381999999994,0.15242721399400655,0.034196606005993356,0.0014248585835830564,0.0462195999659187,18.32381633062348,0.034196606005993606
7.080392775559279,795.1757560370456,0.39383014402306105,0.41238071729176407,0.4688444292037181,-3.1321068632103173,1.0,1.0189256025371705,79.48882482654713,93.57545622605818,93.57545622605818,0,4,80.0,0,0.0,0.16861962255174426,0.3678236902463598,4,0.025910899360747502,0.59375,807.5641339088979,0.0,49.52415912444114,0.8599600750138956,857.9482531083529,s0820,96,0.18662381999999994,0.15242721399400655,0.034196606005993356,0.0014248585835830564,0.0462195999659187,18.32381633062348,0.034196606005993606
7.1439532364295,803.402328308113,0.4194188834848183,0.45428517777768007,0.5019820094356421,-4.85249149785544,1.0,1.017896968981842,83.17647995125202,87.17817322204507,87.17817322204507,1,4,80.0,0,0.0,0.16502719761242912,0.4560684738161902,3,0.03479751837858034,0.5104166666666666,807.5641339088979,0.0,62.96280336630764,0.8416387078233883,871.3685759830289,s0821,96,0.18662381999999994,0.15242721399400655,0.034196606005993356,0.0014248585835830564,0.0462195999659187,18.32381633062348,0.034196606005993606
7.255265253220032,814.2329284572586,0.3828128670711474,0.3823273024129853,0.5235728214851837,-4.786777431026742,1.0,1.01827343552657,80.46510644756775,88.65867850657929,88.65867850657929,1,3,80.0,0,0.0,0.16739137579582108,0.42236546514889894,1,0.029181935596012672,0.4791666666666667,807.5641339088979,0.0,57.491416873825685,0.8536960165586873,865.9092467992823,s0822,96,0.18662381999999994,0.15242721399400655,0.034196606005993356,0.0014248585835830564,0.0462195999659187,18.32381633062348,0.034196606005993606
7.287256453476042,818.8699381308459,0.41696728663738813,0.3395028057437374,0.49102653786383477,-4.831610559299739,1.0,1.0188778410281423,85.17945993228058,94.71576830796012,94.71576830796012,1,5,80.0,0,0.0,0.16135160049144892,0.3849864496771033,1,0.02797219127544405,0.4270833333333333,807.5641339088979,0.0,52.019970687271865,0.8228931625063899,860.4069977586762,s0823,96,0.18662381999999994,0.15242721399400655,0.034196606005993356,0.0014248585835830564,0.0462195999659187,18.32381633062348,0.034196606005993606
7.103526569173388,799.0161237622349,0.4112756888651309,0.3695446879429348,0.45282335296687815,-4.165523459287105,1.0,1.0181798827645914,80.06125980984515,89.64920802804481,89.64920802804481,1,3,80.0,0,0.0,0.18043966699594288,0.3921619075201949,1,0.029848265729174907,0.5104166666666666,807.5641339088979,0.0,54.07636039613296,0.9202423016793088,862.5607366067102,s0824,96,0.18662381999999994,0.15242721399400655,0.034196606005993356,0.0014248585835830564,0.0462195999659187,18.32381633062348,0.034196606005993606
7.17776060175224,806.7295395261865,0.3772651975672612,0.3314293980473776,0.3885649602933,-3.470441389178242,1.0,1.0172101205520085,85.41323603693296,85.26211734593589,85.26211734593589,1,1,80.0,0,0.0,0.14173688664612724,0.3743933620571016,0,0.028926214926568394,0.46875,807.5641339088979,0.0,51.36900981067832,0.7228581218952487,859.6560018414715,s0825,96,0.18662381999999994,0.15242721399400655,0.034196606005993356,0.0014248585835830564,0.0462195999659187,18.32381633062348,0.034196606005993606
7.035042300906149,791.2823684178234,0.39405284995354667,0.5122012536715803,0.4301695600576364,-5.0270221021831665,1.0,1.0174880249529505,80.4526097541362,85.05941153032653,85.05941153032653,1,3,80.0,0,0.0,0.1254003706367735,0.43490753839131924,0,0.028767982023382283,0.59375,807.5641339088979,0.0,59.55282983166509,0.6395418902475445,867.7565056308106,s0826,96,0.18662381999999994,0.15242721399400655,0.034196606005993356,0.0014248585835830564,0.0462195999659187,18.32381633062348,0.034196606005993606
7.209831499614472,809.0399284629034,0.4168641499094525,0.4147196715071117,0.4897905152941444,-4.734386775018632,1.0,1.0184124167195485,76.07799672638639,89.54073795734627,89.54073795734627,0,3,80.0,0,0.0,0.1833272775812011,0.3804165591697186,2,0.02886003137990978,0.46875,807.5641339088979,0.0,51.524247034864345,0.9349691156641259,860.0233500594264,s0827,96,0.18662381999999994,0.15242721399400655,0.034196606005993356,0.0014248585835830564,0.0462195999659187,18.32381633062348,0.034196606005993606
7.06768909198124,796.3587243125298,0.3856017334394496,0.454225924675287,0.46068913563460734,-4.344368949899534,1.0,1.0163660152828096,84.4023712061678,79.42618069772298,79.42618069772298,1,0,80.0,0,0.0,0.1495072437422713,0.4253286033172775,0,0.028631703475571462,0.5625,807.5641339088979,0.0,57.09171087390831,0.7624869430855834,865.4183317258919,s0828,96,0.18662381999999994,0.15242721399400655,0.034196606005993356,0.0014248585835830564,0.0462195999659187,18.32381633062348,0.034196606005993606
7.103156844605422,797.7263103834239,0.38836631400463273,0.41558014426261153,0.493021790248938,-4.6866540643956744,1.0,1.019635918439676,84.6562582311991,98.89095697579421,98.89095697579421,1,7,80.0,0,0.0,0.1891112224983643,0.40934785810995405,5,0.03154472145228708,0.5729166666666666,807.5641339088979,0.0,55.38674312126859,0.964467234741658,863.9153442649082,s0829,96,0.18662381999999994,0.15242721399400655,0.034196606005993356,0.0014248585835830564,0.0462195999659187,18.32381633062348,0.034196606005993606
7.244769751917823,813.5096927889438,0.37557350990023475,0.36684451829308273,0.5797586747382709,-5.015879344160596,1.0,1.0187468923086467,90.21285734012223,94.17107305761746,94.17107305761746,2,10,80.0,0,0.0,0.18946479707440184,0.4414735477655642,2,0.03194618336774384,0.4895833333333333,807.5641339088979,0.0,60.62018415661464,0.9662704650794497,869.150588530592,s0830,96,0.18662381999999994,0.15242721399400655,0.034196606005993356,0.0014248585835830564,0.0462195999659187,18.32381633062348,0.034196606005993606
7.085509821883538,796.7579137910805,0.37975675595815755,0.41889125860702625,0.5130042946098772,-4.388703743347826,1.0,1.0171441643871557,82.97605007128949,81.86998068446854,81.86998068446854,4,2,80.0,0,0.0,0.15645193083268175,0.5013806024515255,1,0.03607880862167535,0.5104166666666666,807.5641339088979,0.0,67.70836880762145,0.7979048472466765,876.070407563766,s0831,96,0.18662381999999994,0.15242721399400655,0.034196606005993356,0.0014248585835830564,0.0462195999659187,18.32381633062348,0.034196606005993606
7.182862942037133,807.4372239191284,0.38216677446583935,0.38784501342969396,0.4944154683142726,-4.826997283406218,1.0,1.017986721938854,79.80188189120798,88.1178650146257,88.1178650146257,0,4,80.0,0,0.0,0.1635263130992382,0.3958227622997942,3,0.02925644512943654,0.5,807.5641339088979,0.0,53.59834465081386,0.833984196806115,861.9964627565179,s0832,96,0.18662381999999994,0.15242721399400655,0.034196606005993356,0.0014248585835830564,0.0462195999659187,18.32381633062348,0.034196606005993606
7.1942781763847305,808.2479480756783,0.3878752751386837,0.33234994654001615,0.43548780208958837,-5.932786968693033,1.0,1.017769596939596,86.26914356841883,86.62744228871294,86.62744228871294,3,2,80.0,0,0.0,0.14453625960317967,0.3736269964206862,0,0.026984978020214694,0.5208333333333334,807.5641339088979,0.0,50.93930001679911,0.7371349239762157,859.2405688496732,s0833,96,0.18662381999999994,0.15242721399400655,0.034196606005993356,0.0014248585835830564,0.0462195999659187,18.32381633062348,0.034196606005993606
7.313825366775671,821.8547686181867,0.3857705104130009,0.29344893340110934,0.49216894691733604,-5.2499304776714055,1.0,1.0178619342228883,84.75842567309367,91.33936354452608,91.33936354452608,3,1,80.0,0,0.0,0.17284432347088083,0.40855617219992285,1,0.03014589824367331,0.3645833333333333,807.5641339088979,0.0,55.70977641090675,0.8815060497014926,864.1554163695062,s0834,96,0.18662381999999994,0.15242721399400655,0.034196606005993356,0.0014248585835830564,0.0462195999659187,18.32381633062348,0.034196606005993606
7.181781340853501,808.0420213944615,0.409985488787809,0.34684995223166853,0.4108084196780042,-4.421094122310474,1.0,1.0174654956740088,79.77402982766853,86.27832687013608,86.27832687013608,0,4,80.0,0,0.0,0.1493375848248695,0.3639680250700479,0,0.02646081147413835,0.5,807.5641339088979,0.0,50.95721043026997,0.7616216826068349,859.2829660217747,s0835,96,0.18662381999999994,0.15242721399400655,0.034196606005993356,0.0014248585835830564,0.0462195999659187,18.32381633062348,0.034196606005993606
7.208165647351711,808.8648919573021,0.37938527874833067,0.4124254367486077,0.48200404226706794,-4.0033406711101795,1.0,1.018669164510464,75.94496017902121,92.75470138399443,92.75470138399443,0,2,80.0,0,0.0,0.1861484907226484,0.35838016953357543,2,0.02634710625616963,0.5208333333333334,807.5641339088979,0.0,48.09572436686259,0.9493573026855071,856.609215578446,s0836,96,0.18662381999999994,0.15242721399400655,0.034196606005993356,0.0014248585835830564,0.0462195999659187,18.32381633062348,0.034196606005993606
7.158759346113717,804.3361616179822,0.3955439284887924,0.3573859355105681,0.4427241405868728,-4.5483114898756,1.0,1.0190092503247412,78.73660306098841,93.85889324815689,93.85889324815689,0,6,80.0,0,0.0,0.15795468546108155,0.38357801377324546,0,0.027108062874042393,0.53125,807.5641339088979,0.0,52.0882740514985,0.8055688958515156,860.4579768562479,s0837,96,0.18662381999999994,0.15242721399400655,0.034196606005993356,0.0014248585835830564,0.0462195999659187,18.32381633062348,0.034196606005993606
7.162385176936984,805.3013286501796,0.37653321830403763,0.41243347992235846,0.4622068463520857,-4.897488220184603,1.0,1.0188344528054047,81.18623842670269,93.31790190946025,93.31790190946025,3,3,80.0,0,0.0,0.14576317272459172,0.3979359103756539,1,0.02832264018089051,0.5625,807.5641339088979,0.0,54.98414169757594,0.7433921808954175,863.2916677873693,s0838,96,0.18662381999999994,0.15242721399400655,0.034196606005993356,0.0014248585835830564,0.0462195999659187,18.32381633062348,0.034196606005993606
7.126750224487485,800.8983231289295,0.40377977467783094,0.4305029351098642,0.5203597146993031,-5.556776756202651,1.0,1.0171796965932631,82.86494289174834,82.43578973574766,82.43578973574766,4,2,80.0,0,0.0,0.15914383972959634,0.4541418411308542,3,0.031189358245707167,0.53125,807.5641339088979,0.0,61.355147462646244,0.8116335826209409,869.7309149541652,s0839,96,0.18662381999999994,0.15242721399400655,0.034196606005993356,0.0014248585835830564,0.0462195999659187,18.32381633062348,0.034196606005993606
7.2148669769705736,809.6155249960271,0.3801974841935337,0.3857397018150813,0.4778015276507035,-4.597154178658618,1.0,1.0206916702388256,81.25420745137433,102.06874887998174,102.06874887998174,1,5,80.0,0,0.0,0.19580010406273368,0.3915591737345189,1,0.030948422698714614,0.4791666666666667,807.5641339088979,0.0,52.740489879199245,0.9985805307199412,861.303204318817,s0840,96,0.18662381999999994,0.15242721399400655,0.034196606005993356,0.0014248585835830564,0.0462195999659187,18.32381633062348,0.034196606005993606
7.220011040507429,810.5137043452486,0.3878769582841881,0.3279412264318823,0.40438629310304,-4.363433869405724,1.0,1.019423346759161,83.48186440743618,97.83804870729944,97.83804870729944,1,4,80.0,0,0.0,0.16300815404361074,0.3807088041852619,2,0.030050135353171956,0.53125,807.5641339088979,0.0,51.88690974378301,0.831341585622415,860.2823852383034,s0841,96,0.18662381999999994,0.15242721399400655,0.034196606005993356,0.0014248585835830564,0.0462195999659187,18.32381633062348,0.034196606005993606
7.110969214771277,799.3541115481846,0.37903442797481035,0.3913702299731675,0.5002428955307746,-4.918249949735994,1.0,1.018748149499311,86.55823879921577,92.774142366293,92.774142366293,4,3,80.0,0,0.0,0.18588799389848507,0.40459903783198026,1,0.029770184404744,0.5208333333333334,807.5641339088979,0.0,54.169672497538826,0.9480287688822737,862.6818351753191,s0842,96,0.18662381999999994,0.15242721399400655,0.034196606005993356,0.0014248585835830564,0.0462195999659187,18.32381633062348,0.034196606005993606
7.005855258406061,789.7211581709998,0.37883318312999925,0.3667886063533967,0.456322930252805,-3.9626303990973852,1.0,1.0169623997616544,87.93480524565072,81.6463647881415,81.6463647881415,2,3,80.0,0,0.0,0.14527534953609317,0.428395824608094,0,0.030181571977245095,0.6041666666666666,807.5641339088979,0.0,58.347952577970254,0.7409042826340753,866.6529907695023,s0843,96,0.18662381999999994,0.15242721399400655,0.034196606005993356,0.0014248585835830564,0.0462195999659187,18.32381633062348,0.034196606005993606
7.267390688276869,814.7232403579087,0.38467448244407615,0.36809207519352005,0.4622654844539459,-5.1343891545890985,1.0,1.018352789414579,93.97449003190745,90.34130626040975,90.34130626040975,1,4,80.0,0,0.0,0.16054306617059222,0.3573814870524689,2,0.027917304038587398,0.5104166666666666,807.5641339088979,0.0,48.326728282186096,0.8187696374700202,856.709631828554,s0844,96,0.18662381999999994,0.15242721399400655,0.034196606005993356,0.0014248585835830564,0.0462195999659187,18.32381633062348,0.034196606005993606
7.177712551180493,807.4335109087631,0.39544356464177366,0.38288276144585065,0.46891200030819236,-4.54929203291092,1.0,1.0182382252519824,79.4767260553021,90.39879923747358,90.39879923747358,0,3,80.0,0,0.0,0.15332515787145914,0.4372127505602499,2,0.030178517932856756,0.5104166666666666,807.5641339088979,0.0,60.022390486702655,0.7819583051444423,868.3684827007451,s0845,96,0.18662381999999994,0.15242721399400655,0.034196606005993356,0.0014248585835830564,0.0462195999659187,18.32381633062348,0.034196606005993606
7.224393912205841,810.9088527260913,0.37285110942609123,0.37342420860227044,0.4895813820435937,-4.6265383316506545,1.0,1.017739673716649,94.0763398555537,86.17655391041306,86.17655391041306,1,3,80.0,0,0.0,0.17063412748954462,0.4134097528771075,2,0.031466254766342766,0.3854166666666667,807.5641339088979,0.0,57.100207655966855,0.8702340501966775,865.5345756150615,s0846,96,0.18662381999999994,0.15242721399400655,0.034196606005993356,0.0014248585835830564,0.0462195999659187,18.32381633062348,0.034196606005993606
7.200544531640794,810.2494211611727,0.4147539717035703,0.30870929256948954,0.4321632553284329,-4.207536672881832,1.0,1.0189836390729796,81.04610119914477,95.63411060742263,95.63411060742263,2,3,80.0,0,0.0,0.17867632263608135,0.37762970968852694,1,0.028225937897707276,0.4375,807.5641339088979,0.0,51.177864245362805,0.9112492454440146,859.6532473997047,s0847,96,0.18662381999999994,0.15242721399400655,0.034196606005993356,0.0014248585835830564,0.0462195999659187,18.32381633062348,0.034196606005993606
7.080411751832914,796.6998397315989,0.3957987738128585,0.4411922404714059,0.49929381953223384,-4.73403664692686,1.0,1.017973399448704,83.44022046256399,89.39178667232065,89.39178667232065,1,3,80.0,0,0.0,0.17309148894465454,0.43377747611349443,2,0.029914317616301426,0.5833333333333334,807.5641339088979,0.0,58.84575091901885,0.8827665936177383,867.2926514215345,s0848,96,0.18662381999999994,0.15242721399400655,0.034196606005993356,0.0014248585835830564,0.0462195999659187,18.32381633062348,0.034196606005993606
7.2578025942182745,813.5318430006816,0.3870372105249218,0.3731120126379009,0.5020068827604334,-4.707833666883611,1.0,1.017743357565515,83.81468543490635,90.6582227765443,90.6582227765443,1,4,80.0,0,0.0,0.18112076622955134,0.4282538991159722,4,0.03280116036402659,0.4479166666666667,807.5641339088979,0.0,59.59676359784134,0.9237159077707122,868.0846134145099,s0849,96,0.18662381999999994,0.15242721399400655,0.034196606005993356,0.0014248585835830564,0.0462195999659187,18.32381633062348,0.034196606005993606
7.172024186022041,807.5347782596887,0.39813141326296914,0.38354597008629177,0.4565603662377958,-4.042488926558011,1.0,1.017449718589224,89.70389209334036,84.77850732007018,84.77850732007018,2,4,80.0,0,0.0,0.16602693865675913,0.39547520467235114,1,0.02780782006096202,0.5,807.5641339088979,0.0,53.78407608750922,0.8467373871494717,862.1949473835566,s0850,96,0.18662381999999994,0.15242721399400655,0.034196606005993356,0.0014248585835830564,0.0462195999659187,18.32381633062348,0.034196606005993606
7.224452974511227,811.6570845353998,0.4000761639295795,0.35029682956023067,0.47423976216833486,-4.4884934940413785,1.0,1.018311727657424,80.90091875793294,89.58495786046343,89.58495786046343,1,4,80.0,0,0.0,0.16891216344574367,0.4141050401096421,2,0.029288687879791615,0.3958333333333333,807.5641339088979,0.0,56.70930496495716,0.8614520335732924,865.1348909074284,s0851,96,0.18662381999999994,0.15242721399400655,0.034196606005993356,0.0014248585835830564,0.0462195999659187,18.32381633062348,0.034196606005993606
7.126039069395635,801.0070492594084,0.37201719999175936,0.4015409537704637,0.4615239854248945,-4.397591679798375,1.0,1.0176651109131314,80.91784367847083,86.29453097752204,86.29453097752204,1,4,80.0,0,0.0,0.1784152260586799,0.45794203264058,1,0.03614749247665125,0.5104166666666666,807.5641339088979,0.0,62.776386646319466,0.9099176528992673,871.2504382081166,s0852,96,0.18662381999999994,0.15242721399400655,0.034196606005993356,0.0014248585835830564,0.0462195999659187,18.32381633062348,0.034196606005993606
7.197138005604421,808.8922095946368,0.3710379512053433,0.34719752533129405,0.4472328804759732,-4.244978643217183,1.0,1.0172623471949245,80.51189038054832,83.9801887388905,83.9801887388905,1,5,80.0,0,0.0,0.15209859356368627,0.37296484399531626,0,0.027100199140124546,0.5520833333333334,807.5641339088979,0.0,50.99165238949055,0.7757028271747993,859.3314891255633,s0853,96,0.18662381999999994,0.15242721399400655,0.034196606005993356,0.0014248585835830564,0.0462195999659187,18.32381633062348,0.034196606005993606
7.248243544300762,814.8113854206861,0.4012088816617703,0.37770888886419973,0.47253121476614696,-4.651741376690229,1.0,1.0175117770226298,79.0481054097606,84.88956170591419,84.88956170591419,0,4,80.0,0,0.0,0.17900502895978535,0.40466941711582116,0,0.033766665569491275,0.4479166666666667,807.5641339088979,0.0,56.06814866721091,0.9129256476949053,864.5452082238038,s0854,96,0.18662381999999994,0.15242721399400655,0.034196606005993356,0.0014248585835830564,0.0462195999659187,18.32381633062348,0.034196606005993606
7.23305724505233,812.6243537440855,0.39459813291360213,0.3293284028911263,0.36173573182046614,-4.116285633889011,1.0,1.0168299715075235,76.01675290908977,80.2661728756158,80.2661728756158,0,2,80.0,0,0.0,0.15910888033662424,0.2699162737816181,0,0.020676280159899404,0.4479166666666667,807.5641339088979,0.0,37.205869430320064,0.8114552897167838,845.5814586289348,s0855,96,0.18662381999999994,0.15242721399400655,0.034196606005993356,0.0014248585835830564,0.0462195999659187,18.32381633062348,0.034196606005993606
7.222470115911394,811.0490352569905,0.4453019796264953,0.4111292331301608,0.5061263313034385,-5.055726730123012,1.0,1.016723622142601,76.44520408889254,83.38174788274173,83.38174788274173,0,2,80.0,0,0.0,0.20705043974924253,0.3745330629520372,3,0.030149288703160367,0.4895833333333333,807.5641339088979,0.0,50.4116993623504,1.055957242721137,859.0317905139694,s0856,96,0.18662381999999994,0.15242721399400655,0.034196606005993356,0.0014248585835830564,0.0462195999659187,18.32381633062348,0.034196606005993606
7.141062474417682,804.1232455362153,0.41739535602584193,0.33954613614491913,0.5497465455021668,-3.6721556927362276,1.0,1.0187594494628254,101.13803557519768,92.30235927377075,92.30235927377075,3,3,80.0,0,0.0,0.18465589134139768,0.44826811020146057,2,0.03333147588379121,0.46875,807.5641339088979,0.0,59.72057140464918,0.9417450458411281,868.2264503593882,s0857,96,0.18662381999999994,0.15242721399400655,0.034196606005993356,0.0014248585835830564,0.0462195999659187,18.32381633062348,0.034196606005993606
7.247007586257555,813.9463248994203,0.3776315364452928,0.40379456385055945,0.5058388894443229,-4.197546426018354,1.0,1.0183936993499791,83.41808299295825,93.45722327188895,93.45722327188895,1,4,80.0,0,0.0,0.17641892213516053,0.3718530714138836,4,0.026724792361036056,0.5,807.5641339088979,0.0,51.11949821734271,0.8997365028893183,859.58336862913,s0858,96,0.18662381999999994,0.15242721399400655,0.034196606005993356,0.0014248585835830564,0.0462195999659187,18.32381633062348,0.034196606005993606
7.151533266689327,804.7041270043061,0.4132103178739884,0.40453769011006424,0.5479120561851929,-4.03622658914502,1.0,1.0170312567784001,80.93944996746858,82.20804566999648,82.20804566999648,2,1,80.0,0,0.0,0.15850305863200692,0.47970691864416726,2,0.03244913833751304,0.46875,807.5641339088979,0.0,65.69101850476456,0.8083655990232348,874.0635180126857,s0859,96,0.18662381999999994,0.15242721399400655,0.034196606005993356,0.0014248585835830564,0.0462195999659187,18.32381633062348,0.034196606005993606
7.1891407068815365,807.5305244231486,0.3764280915929872,0.31670517237937373,0.4140639443553856,-4.877218815102558,1.0,1.0179759646806426,84.94684990154947,91.76596098313392,91.76596098313392,2,5,80.0,0,0.0,0.19153533133184988,0.3238364308087207,2,0.028497530793018363,0.4895833333333333,807.5641339088979,0.0,44.57100545593797,0.9768301897924341,853.1119695546283,s0860,96,0.18662381999999994,0.15242721399400655,0.034196606005993356,0.0014248585835830564,0.0462195999659187,18.32381633062348,0.034196606005993606
7.207623667873319,809.7867915109821,0.38762249977094065,0.3308724865730134,0.41738644861294494,-5.733171795824106,1.0,1.0189454757351746,85.57274095803882,93.27883177983615,93.27883177983615,2,5,80.0,0,0.0,0.1691176785066867,0.332455092838819,2,0.025574811597427673,0.4791666666666667,807.5641339088979,0.0,44.724796352626974,0.8625001603841023,853.151430421909,s0861,96,0.18662381999999994,0.15242721399400655,0.034196606005993356,0.0014248585835830564,0.0462195999659187,18.32381633062348,0.034196606005993606
7.213704214157993,809.6272454705997,0.3710379539216894,0.37774240591316866,0.49067981133023464,-3.768519166978283,1.0,1.0190524408610657,87.90961313209348,94.2042078336327,94.2042078336327,3,5,80.0,0,0.0,0.1788582729600395,0.4034070387876636,2,0.030386293442474833,0.46875,807.5641339088979,0.0,54.5732842554515,0.9121771920962012,863.0495953564457,s0862,96,0.18662381999999994,0.15242721399400655,0.034196606005993356,0.0014248585835830564,0.0462195999659187,18.32381633062348,0.034196606005993606
7.019618274282825,789.3888042193109,0.3741218729428034,0.48173010691514817,0.46323245714131644,-4.179066621962071,1.0,1.0190265258746307,83.53246205558526,94.78872235684605,94.78872235684605,2,4,80.0,0,0.0,0.15996738113368786,0.46158450454000044,3,0.03444951793440813,0.5625,807.5641339088979,0.0,63.34465542484427,0.8158336437818079,871.7246229775241,s0863,96,0.18662381999999994,0.15242721399400655,0.034196606005993356,0.0014248585835830564,0.0462195999659187,18.32381633062348,0.034196606005993606
7.090795758029621,796.2740915632446,0.38909697995096393,0.4304626877587674,0.48099230778472013,-6.365377874760441,1.0,1.020241508943466,101.48577153449025,98.76603077718124,98.76603077718124,1,9,80.0,0,0.0,0.18972421359461233,0.40723368731062026,1,0.031402025975258756,0.53125,807.5641339088979,0.0,55.62069965303167,0.9675934893325228,864.1524270512622,s0864,96,0.18662381999999994,0.15242721399400655,0.034196606005993356,0.0014248585835830564,0.0462195999659187,18.32381633062348,0.034196606005993606
7.270637137397497,816.2029892511507,0.3824302110770591,0.37403714898623114,0.4839900362080489,-4.018200731055895,1.0,1.0175265268715397,80.85135540468048,85.0044568715107,85.0044568715107,2,3,80.0,0,0.0,0.1415927201564171,0.4136332373659162,1,0.031448875138926136,0.4583333333333333,807.5641339088979,0.0,56.57142289806612,0.7221228727977278,864.8576796797618,s0865,96,0.18662381999999994,0.15242721399400655,0.034196606005993356,0.0014248585835830564,0.0462195999659187,18.32381633062348,0.034196606005993606
7.188701909451662,808.3240394903851,0.41400495313186164,0.3626796892429998,0.548719646108349,-5.397845355158428,1.0,1.0177606055255881,84.7182509721401,87.54737390320176,87.54737390320176,5,4,80.0,0,0.0,0.20240484659969674,0.5004191966528482,2,0.03699793363182399,0.4895833333333333,807.5641339088979,0.0,68.56957834958024,1.0322647176584527,877.1659769761367,s0866,96,0.18662381999999994,0.15242721399400655,0.034196606005993356,0.0014248585835830564,0.0462195999659187,18.32381633062348,0.034196606005993606
7.10497968080228,799.2805642773926,0.38120360428054384,0.4078359005784205,0.46069197378791105,-4.6681331097970515,1.0,1.0178275029407102,85.61811559403745,86.83161810661815,86.83161810661815,2,6,80.0,0,0.0,0.19595380105968876,0.38340780266399144,2,0.02928495860462058,0.5104166666666666,807.5641339088979,0.0,52.14528027186607,0.9993643854044124,860.7087785661685,s0867,96,0.18662381999999994,0.15242721399400655,0.034196606005993356,0.0014248585835830564,0.0462195999659187,18.32381633062348,0.034196606005993606
7.103446567166695,799.6115702237804,0.39892052363982283,0.3827514547147693,0.48101894819577035,-4.381689660382514,1.0,1.0189346292935633,83.22836853283582,93.49304044493016,93.49304044493016,1,2,80.0,0,0.0,0.1382926435579822,0.40779695314415887,1,0.029234857157272996,0.5104166666666666,807.5641339088979,0.0,54.766723417071375,0.7052924821457094,863.036149808115,s0868,96,0.18662381999999994,0.15242721399400655,0.034196606005993356,0.0014248585835830564,0.0462195999659187,18.32381633062348,0.034196606005993606
7.346974536766929,823.9119745963515,0.37103796081284435,0.304846965922843,0.5615088667169013,-4.854331516196674,1.0,1.0227157088157297,118.69296206436483,111.268409947805,111.268409947805,2,4,80.0,0,0.0,0.16351566036885895,0.48596740100466473,0,0.038467398752229216,0.3854166666666667,807.5641339088979,0.0,66.09063820774499,0.8339298678811803,874.488701984524,s0869,96,0.18662381999999994,0.15242721399400655,0.034196606005993356,0.0014248585835830564,0.0462195999659187,18.32381633062348,0.034196606005993606
7.126381040546121,800.9259402605753,0.3787783955070743,0.3763980730372014,0.4010240537981167,-4.862943253404457,1.0,1.0187286409658032,78.30390813224028,92.32430014773331,92.32430014773331,0,5,80.0,0,0.0,0.1377923469167768,0.40327378205438236,0,0.026726421289895164,0.5729166666666666,807.5641339088979,0.0,54.19709056603691,0.7027409692755612,862.4639654442103,s0870,96,0.18662381999999994,0.15242721399400655,0.034196606005993356,0.0014248585835830564,0.0462195999659187,18.32381633062348,0.034196606005993606
7.1858768675153915,806.8014280012895,0.41482888795359146,0.36613412592590455,0.5613575169761293,-4.007049595149353,1.0,1.0182109780093587,104.936223098229,88.62966410839394,88.62966410839394,2,5,80.0,0,0.0,0.1904921535896475,0.45599082128825286,3,0.0348456180615751,0.5,807.5641339088979,0.0,61.78195940459712,0.9715099833072024,870.3176032968023,s0871,96,0.18662381999999994,0.15242721399400655,0.034196606005993356,0.0014248585835830564,0.0462195999659187,18.32381633062348,0.034196606005993606
7.178707176107084,806.7302360703936,0.4462881633683042,0.42123541278727106,0.5075885502517004,-4.3104561957379675,1.0,1.0170839215547955,80.15217566613725,82.40058332520486,82.40058332520486,1,4,80.0,0,0.0,0.17912816740497775,0.41936813873496515,3,0.031643428360041914,0.4895833333333333,807.5641339088979,0.0,57.81121222579213,0.9135536537653867,866.2888997884554,s0872,96,0.18662381999999994,0.15242721399400655,0.034196606005993356,0.0014248585835830564,0.0462195999659187,18.32381633062348,0.034196606005993606
7.147298419469093,804.1261463045497,0.39740875557040045,0.41681933984000863,0.482126028384689,-4.91770794974558,1.0,1.0177766606406518,84.31451349817713,86.77429140928876,86.77429140928876,3,1,80.0,0,0.0,0.16228748135681742,0.3805764528893326,1,0.027279641456700678,0.4895833333333333,807.5641339088979,0.0,50.690194240049834,0.8276661549197687,859.0819943038675,s0873,96,0.18662381999999994,0.15242721399400655,0.034196606005993356,0.0014248585835830564,0.0462195999659187,18.32381633062348,0.034196606005993606
7.095624216213345,798.9468928392834,0.3994100116965462,0.3866035577993601,0.4795669404451617,-3.925371126183902,1.0,1.0166960085691856,81.31714055223782,84.95078211070343,84.95078211070343,1,2,80.0,0,0.0,0.16017650901011563,0.41596887740838767,3,0.027661786473057566,0.5,807.5641339088979,0.0,55.353115559135205,0.8169001959515894,863.7341496639847,s0874,96,0.18662381999999994,0.15242721399400655,0.034196606005993356,0.0014248585835830564,0.0462195999659187,18.32381633062348,0.034196606005993606
7.1512257341677,805.2830373011209,0.39813803467736325,0.33946583555360166,0.48806186970995646,-5.092901367056103,1.0,1.0183204853971806,79.65577310293634,89.70183351038615,89.70183351038615,0,3,80.0,0,0.0,0.14845000586734514,0.43952685562371496,0,0.030661985342306092,0.5416666666666666,807.5641339088979,0.0,60.083687763926584,0.7570950299234598,868.404916702748,s0875,96,0.18662381999999994,0.15242721399400655,0.034196606005993356,0.0014248585835830564,0.0462195999659187,18.32381633062348,0.034196606005993606
7.2603923484716235,814.1463182914842,0.39226558873881084,0.38224096772061295,0.4498827959193285,-5.7861455552155405,1.0,1.0176492836731406,80.16271819026656,86.00974017982045,86.00974017982045,1,2,80.0,0,0.0,0.15154726007988173,0.3645506820701865,1,0.025778399122673993,0.4583333333333333,807.5641339088979,0.0,48.438918319589334,0.7728910264073973,856.7759432548946,s0876,96,0.18662381999999994,0.15242721399400655,0.034196606005993356,0.0014248585835830564,0.0462195999659187,18.32381633062348,0.034196606005993606
7.130648548475214,800.8784168353338,0.3918594277560582,0.3963021332112963,0.4425396384209191,-5.132754742898281,1.0,1.017353363910094,81.71958837470862,88.81938513715917,88.81938513715917,2,2,80.0,0,0.0,0.17710697674550224,0.3936884705074726,3,0.029081802729549362,0.5,807.5641339088979,0.0,53.59539123642852,0.9032455814020616,862.0627707267286,s0877,96,0.18662381999999994,0.15242721399400655,0.034196606005993356,0.0014248585835830564,0.0462195999659187,18.32381633062348,0.034196606005993606
7.122278847159087,801.0803163308864,0.3891227526915323,0.3423768161478385,0.4939873067979077,-4.916682456498548,1.0,1.0182285130842894,82.9470711359826,92.60946037089222,92.60946037089222,2,3,80.0,0,0.0,0.17609931927922814,0.4024851627216275,4,0.02912150632468205,0.5520833333333334,807.5641339088979,0.0,55.18933449223518,0.8981065283240639,863.6515749294572,s0878,96,0.18662381999999994,0.15242721399400655,0.034196606005993356,0.0014248585835830564,0.0462195999659187,18.32381633062348,0.034196606005993606
7.234409262239836,811.4868498942948,0.3941216100445416,0.3777823190194074,0.4618645094178909,-5.312736216762918,1.0,1.017819100554441,81.14165978691923,85.61366188528984,85.61366188528984,1,2,80.0,0,0.0,0.15207783765997998,0.45958973767723954,0,0.03286547675620171,0.5416666666666666,807.5641339088979,0.0,62.623393572409036,0.7755969720658975,870.9631244533728,s0879,96,0.18662381999999994,0.15242721399400655,0.034196606005993356,0.0014248585835830564,0.0462195999659187,18.32381633062348,0.034196606005993606
7.180614217381792,806.6247104711417,0.417412734449423,0.38823765795642196,0.5344110130600566,-5.0632247611152446,1.0,1.0197750269387247,80.79113401776043,97.5248520390243,97.5248520390243,2,4,80.0,0,0.0,0.2220630475558292,0.39636169625940226,4,0.03003517362136399,0.4583333333333333,807.5641339088979,0.0,54.37935800950773,1.1325215425347293,863.0760134609404,s0880,96,0.18662381999999994,0.15242721399400655,0.034196606005993356,0.0014248585835830564,0.0462195999659187,18.32381633062348,0.034196606005993606
7.139778169836824,802.0683151200051,0.43133977041950766,0.3980446759182901,0.44320804432269756,-4.989774669495983,1.0,1.0169302136063427,83.49309148273265,82.97221428254119,82.97221428254119,4,2,80.0,0,0.0,0.1414432023150541,0.38067492048531987,1,0.02904875916869817,0.53125,807.5641339088979,0.0,51.50074394565183,0.7213603318067755,859.7862381863565,s0881,96,0.18662381999999994,0.15242721399400655,0.034196606005993356,0.0014248585835830564,0.0462195999659187,18.32381633062348,0.034196606005993606
7.125386805452061,800.5890941191288,0.3710379552019452,0.37279095899065595,0.4526549134930996,-4.599136537508563,1.0,1.0180602353769952,79.37926154140314,89.2689773823698,89.2689773823698,0,6,80.0,0,0.0,0.1839638672850605,0.3570807523266976,1,0.026320199256191574,0.6145833333333334,807.5641339088979,0.0,48.284166085325936,0.9382157231538087,856.7865157173777,s0882,96,0.18662381999999994,0.15242721399400655,0.034196606005993356,0.0014248585835830564,0.0462195999659187,18.32381633062348,0.034196606005993606
7.148078076213574,802.74043216923,0.38913963444851307,0.37509097262584323,0.5379005531275306,-4.514417439087654,1.0,1.0168632179229087,85.20999405165935,83.22455320055337,83.22455320055337,3,2,80.0,0,0.0,0.16139297518504697,0.5018446699155201,1,0.035017745663148823,0.4895833333333333,807.5641339088979,0.0,69.2537470461874,0.8231041734437394,877.6409851285291,s0883,96,0.18662381999999994,0.15242721399400655,0.034196606005993356,0.0014248585835830564,0.0462195999659187,18.32381633062348,0.034196606005993606
7.2348971024158395,812.9266535507929,0.383400216517078,0.35087822268361624,0.5060963290948844,-4.0998371977323975,1.0,1.0172790801845988,83.48789426912612,88.54183842799532,88.54183842799532,1,3,80.0,0,0.0,0.1556225345120507,0.4756640974828186,4,0.03312315268046459,0.4479166666666667,807.5641339088979,0.0,66.2861147798961,0.7936749260114586,874.6439236148055,s0884,96,0.18662381999999994,0.15242721399400655,0.034196606005993356,0.0014248585835830564,0.0462195999659187,18.32381633062348,0.034196606005993606
7.099478356331455,797.590327759322,0.39711426915080517,0.4793866944753289,0.429749456886765,-4.668088809987736,1.0,1.01750791001832,83.33073716953604,88.54802555506406,88.54802555506406,1,2,80.0,0,0.0,0.1704585243810325,0.3858285979779843,1,0.028499927389383558,0.5729166666666666,807.5641339088979,0.0,52.25023482764116,0.8693384743432659,860.6837072108824,s0885,96,0.18662381999999994,0.15242721399400655,0.034196606005993356,0.0014248585835830564,0.0462195999659187,18.32381633062348,0.034196606005993606
7.168901325146102,806.3857579098975,0.37523587199926717,0.40016226176799563,0.45180631614085875,-4.002363673404546,1.0,1.0174637909044697,79.73873957428064,84.62614865713512,84.62614865713512,0,2,80.0,0,0.0,0.1868393683585274,0.35889382242648654,2,0.02789408737040142,0.5208333333333334,807.5641339088979,0.0,48.11245851448612,0.9528807786284897,856.6294732020125,s0886,96,0.18662381999999994,0.15242721399400655,0.034196606005993356,0.0014248585835830564,0.0462195999659187,18.32381633062348,0.034196606005993606
7.242139792081735,813.0493040205201,0.38057596283268313,0.379990920878909,0.5451174723630754,-4.566067709240088,1.0,1.018721330433797,86.796689525413,92.39738027728531,92.39738027728531,1,6,80.0,0,0.0,0.2091154576271555,0.38456702346645033,3,0.029900644264850076,0.4270833333333333,807.5641339088979,0.0,52.269006633132676,1.0664888338984932,860.8996293759291,s0887,96,0.18662381999999994,0.15242721399400655,0.034196606005993356,0.0014248585835830564,0.0462195999659187,18.32381633062348,0.034196606005993606
7.24017823332054,813.9889985886306,0.37439051164046294,0.34774824033312807,0.4405962405446614,-3.502068815126181,1.0,1.0167449132727135,75.91527934641277,83.56096656209674,83.56096656209674,0,2,80.0,0,0.0,0.15251586607585566,0.34937510226571755,0,0.024594598209833823,0.4375,807.5641339088979,0.0,47.76089793677178,0.7778309169868644,856.1028627626566,s0888,96,0.18662381999999994,0.15242721399400655,0.034196606005993356,0.0014248585835830564,0.0462195999659187,18.32381633062348,0.034196606005993606
7.309999407542859,821.0499389907975,0.4133803188251295,0.26291459112359583,0.44736525112575676,-4.954672937507311,1.0,1.0192531034071917,83.10151617511907,95.13328744017947,95.13328744017947,1,6,80.0,0,0.0,0.17276566717413933,0.3823222276436558,2,0.02942766719750899,0.4375,807.5641339088979,0.0,52.97822906832769,0.8811049025881106,861.4234678798138,s0889,96,0.18662381999999994,0.15242721399400655,0.034196606005993356,0.0014248585835830564,0.0462195999659187,18.32381633062348,0.034196606005993606
7.249446706674531,814.1964187307788,0.41052141388166746,0.41802106953071916,0.5437198095511109,-4.561347517102841,1.0,1.0184677703207363,81.15431549683615,93.48815731646688,93.48815731646688,1,2,80.0,0,0.0,0.17991147055312115,0.4695200697436166,3,0.03279394704911072,0.4583333333333333,807.5641339088979,0.0,63.91697289969649,0.9175484998209178,872.3986553084153,s0890,96,0.18662381999999994,0.15242721399400655,0.034196606005993356,0.0014248585835830564,0.0462195999659187,18.32381633062348,0.034196606005993606
6.997916811503659,786.8840739003504,0.3847212908716856,0.4820648771780974,0.4144294259960463,-5.182786051416233,1.0,1.0209364832506505,86.24808075816794,103.28231272877078,103.28231272877078,1,6,80.0,0,0.0,0.1775636726276496,0.3436024160927781,2,0.028047237753832773,0.6041666666666666,807.5641339088979,0.0,46.996610273260686,0.9055747304010131,855.4663189125596,s0891,96,0.18662381999999994,0.15242721399400655,0.034196606005993356,0.0014248585835830564,0.0462195999659187,18.32381633062348,0.034196606005993606
7.057537096997654,794.7580649180404,0.37103795272717505,0.38562487529939876,0.47081208556592175,-4.526756649186717,1.0,1.0174693656040004,79.81689915017543,85.29828142305233,85.29828142305233,0,5,80.0,0,0.0,0.19477819096684945,0.4068613294986764,4,0.03238599782552402,0.59375,807.5641339088979,0.0,56.155661466897584,0.9933687739309321,864.7131641497264,s0892,96,0.18662381999999994,0.15242721399400655,0.034196606005993356,0.0014248585835830564,0.0462195999659187,18.32381633062348,0.034196606005993606
7.344991438658969,825.2493034416264,0.3814760969043368,0.3061498067308368,0.48620726726084523,-4.916624784792821,1.0,1.0182076581670205,80.3658158937935,89.06803513272902,89.06803513272902,1,4,80.0,0,0.0,0.17236470734799741,0.3990968200145264,1,0.028908507947076934,0.4270833333333333,807.5641339088979,0.0,55.174300806994026,0.8790600074747866,863.6174947233667,s0893,96,0.18662381999999994,0.15242721399400655,0.034196606005993356,0.0014248585835830564,0.0462195999659187,18.32381633062348,0.034196606005993606
7.132306649765261,801.1119365645318,0.3848378884189447,0.41127126721268636,0.5469192181998618,-4.645472012059997,1.0,1.0183108530795288,80.24686331736392,89.49009523039703,89.49009523039703,1,5,80.0,0,0.0,0.18857900750154968,0.4858961830386208,2,0.036771224288635815,0.5520833333333334,807.5641339088979,0.0,64.7123079170452,0.9617529382579032,873.238194764201,s0894,96,0.18662381999999994,0.15242721399400655,0.034196606005993356,0.0014248585835830564,0.0462195999659187,18.32381633062348,0.034196606005993606
7.035694007347557,791.6234895226464,0.38884091260308845,0.4495934853750936,0.5218605871340332,-4.405648843521977,1.0,1.0183381626983266,78.67863081791431,91.6771605626743,91.6771605626743,0,6,80.0,0,0.0,0.19318508731317946,0.44609515969623736,3,0.03102158894516596,0.6875,807.5641339088979,0.0,60.987941932080524,0.9852439452972155,869.5373197862757,s0895,96,0.18662381999999994,0.15242721399400655,0.034196606005993356,0.0014248585835830564,0.0462195999659187,18.32381633062348,0.034196606005993606
7.212614910095727,810.4586907709302,0.3780594234540271,0.3634246174694983,0.42039912252071926,-4.910310243624856,1.0,1.019369376823732,85.6487887668687,97.56970115309217,97.56970115309217,3,3,80.0,0,0.0,0.1474876504252941,0.41304068780602166,1,0.03078320609241817,0.5208333333333334,807.5641339088979,0.0,56.11484833081034,0.752187017169,864.4311692568773,s0896,96,0.18662381999999994,0.15242721399400655,0.034196606005993356,0.0014248585835830564,0.0462195999659187,18.32381633062348,0.034196606005993606
7.114877981920793,800.4612193065793,0.3711183389344279,0.3795462294640328,0.4651224189725578,-4.768712605266694,1.0,1.0202977686629706,88.3650778054621,100.11613743251912,100.11613743251912,1,5,80.0,0,0.0,0.1630133001346733,0.4075259926476285,1,0.03008737514933603,0.5104166666666666,807.5641339088979,0.0,55.6382116602323,0.8313678306868342,864.0337133998171,s0897,96,0.18662381999999994,0.15242721399400655,0.034196606005993356,0.0014248585835830564,0.0462195999659187,18.32381633062348,0.034196606005993606
7.199907081369548,810.3042950201668,0.4278712033953502,0.3662039184924757,0.4808134502265696,-4.768939102287365,1.0,1.016946008083451,81.01542861128821,82.12774972582993,82.12774972582993,1,3,80.0,0,0.0,0.17479218541210995,0.36181141507306014,0,0.02589427768078374,0.5729166666666666,807.5641339088979,0.0,49.07724980300543,0.8914401456017604,857.5328238575052,s0898,96,0.18662381999999994,0.15242721399400655,0.034196606005993356,0.0014248585835830564,0.0462195999659187,18.32381633062348,0.034196606005993606
7.149452439835446,802.8439454994168,0.4153057943843438,0.425247878808289,0.4734137994242459,-4.6899769872367605,1.0,1.019362192673617,83.84413443484281,95.73968186038732,95.73968186038732,1,2,80.0,0,0.0,0.18912975519040554,0.47150538966807404,3,0.032149823317223776,0.5208333333333334,807.5641339088979,0.0,65.2142095526465,0.9645617514710685,873.7429052130154,s0899,96,0.18662381999999994,0.15242721399400655,0.034196606005993356,0.0014248585835830564,0.0462195999659187,18.32381633062348,0.034196606005993606
7.210443817411617,809.2608269069409,0.39817811088484645,0.3715190302908846,0.4479499060127978,-5.400375109508583,1.0,1.0171120697909772,89.1631945700079,83.02140379837589,83.02140379837589,1,3,80.0,0,0.0,0.1512482637659934,0.397654345692193,3,0.028892676324772815,0.46875,807.5641339088979,0.0,55.207107670808654,0.7713661452065665,863.5426077249132,s0900,96,0.18662381999999994,0.15242721399400655,0.034196606005993356,0.0014248585835830564,0.0462195999659187,18.32381633062348,0.034196606005993606
7.092695575263447,797.1248595122738,0.3949064288614321,0.4150872032707564,0.40259446960303896,-5.217596242502631,1.0,1.0187610054536498,96.36211060989432,91.83118533036587,91.83118533036587,1,3,80.0,0,0.0,0.11602315295526835,0.3585109731674815,0,0.026797846993514715,0.5729166666666666,807.5641339088979,0.0,48.516874821419066,0.5917180800718685,856.6727268103888,s0901,96,0.18662381999999994,0.15242721399400655,0.034196606005993356,0.0014248585835830564,0.0462195999659187,18.32381633062348,0.034196606005993606
7.291744503746637,819.6189006142636,0.4001318742275367,0.3257404028662214,0.5015476459600434,-4.848850986783901,1.0,1.019357511516548,80.32738767840286,96.84864034339135,96.84864034339135,1,7,80.0,0,0.0,0.1818910902193981,0.4238848581980653,5,0.03279973383094664,0.4791666666666667,807.5641339088979,0.0,58.70438813707576,0.9276445601189305,867.1961666060926,s0902,96,0.18662381999999994,0.15242721399400655,0.034196606005993356,0.0014248585835830564,0.0462195999659187,18.32381633062348,0.034196606005993606
7.238435482974713,812.5707346883007,0.4024709514749608,0.35804248907084674,0.4125419403826258,-4.889245341170028,1.0,1.0177899675152078,80.22806215679236,86.87100827054711,86.87100827054711,1,2,80.0,0,0.0,0.159333297827162,0.30318524660909185,0,0.02218701797197512,0.46875,807.5641339088979,0.0,41.137309629138066,0.8125998189185258,849.5140433569545,s0903,96,0.18662381999999994,0.15242721399400655,0.034196606005993356,0.0014248585835830564,0.0462195999659187,18.32381633062348,0.034196606005993606
7.201607701250513,808.6036444233466,0.37464137087733484,0.3917607696050935,0.47164203159278584,-5.207647507166253,1.0,1.0193296320512304,81.85227734965622,95.88425556559484,95.88425556559484,1,6,80.0,0,0.0,0.18353400659825644,0.37035498548120266,0,0.02849983657384478,0.5208333333333334,807.5641339088979,0.0,50.442118843750144,0.9360234336511079,858.9422761862992,s0904,96,0.18662381999999994,0.15242721399400655,0.034196606005993356,0.0014248585835830564,0.0462195999659187,18.32381633062348,0.034196606005993606
7.090689761513543,797.7514678428722,0.3710379520757631,0.4232499589050469,0.4538268629813439,-5.515229322645465,1.0,1.0179842100746357,82.49966350461776,87.42075475046967,87.42075475046967,1,3,80.0,0,0.0,0.15549642144688144,0.39705174514243013,0,0.02657706089253034,0.5416666666666666,807.5641339088979,0.0,53.17917776035484,0.7930317493790958,861.5363434186319,s0905,96,0.18662381999999994,0.15242721399400655,0.034196606005993356,0.0014248585835830564,0.0462195999659187,18.32381633062348,0.034196606005993606
7.171068533511841,805.8502164402607,0.3894415069146852,0.3652141567191205,0.4180497206040846,-4.062104422762175,1.0,1.019221020898755,78.40527704568316,95.24794825498863,95.24794825498863,0,3,80.0,0,0.0,0.15815569863625611,0.4007149759088523,1,0.028252556266420287,0.5729166666666666,807.5641339088979,0.0,54.211562610780135,0.8065940630449063,862.582290582723,s0906,96,0.18662381999999994,0.15242721399400655,0.034196606005993356,0.0014248585835830564,0.0462195999659187,18.32381633062348,0.034196606005993606
7.13740173996312,802.9755264151589,0.3888452936544838,0.4149428175809897,0.5454259440942497,-4.463647835254062,1.0,1.018295560214592,81.89461831068432,91.03438100494282,91.03438100494282,2,6,80.0,0,0.0,0.18453124806698357,0.45068227278591244,3,0.03239507674362732,0.5,807.5641339088979,0.0,61.00535886007526,0.9411093651416153,869.5106021341148,s0907,96,0.18662381999999994,0.15242721399400655,0.034196606005993356,0.0014248585835830564,0.0462195999659187,18.32381633062348,0.034196606005993606
7.261458825464645,814.8820975603553,0.39936959038660147,0.31507590014869225,0.45447931498748667,-5.723661378789347,1.0,1.0205287156107454,85.97798536490686,102.65440155442462,102.65440155442462,1,6,80.0,0,0.0,0.16482001237835295,0.39979421866760206,1,0.030377735375962757,0.4166666666666667,807.5641339088979,0.0,55.732215493458654,0.8405820631296005,864.1369314654861,s0908,96,0.18662381999999994,0.15242721399400655,0.034196606005993356,0.0014248585835830564,0.0462195999659187,18.32381633062348,0.034196606005993606
7.088103005834609,798.8008985749157,0.42065262955209337,0.3849403488136186,0.5378623677417846,-5.3617767987550335,1.0,1.0189140121309448,83.10831935043977,93.85445414106061,93.85445414106061,2,6,80.0,0,0.0,0.16304054736280357,0.4484388672781424,0,0.029189606172127628,0.5729166666666666,807.5641339088979,0.0,59.46066692544113,0.8315067915502982,867.8563076258894,s0909,96,0.18662381999999994,0.15242721399400655,0.034196606005993356,0.0014248585835830564,0.0462195999659187,18.32381633062348,0.034196606005993606
7.252479537259265,813.2440246651794,0.3809742741286607,0.34688877875015633,0.4939510036059446,-4.5258997640502505,1.0,1.0176726153728886,81.04814278883251,87.55775909007879,87.55775909007879,1,2,80.0,0,0.0,0.12215705644961317,0.43025252158886484,1,0.02766580570941825,0.46875,807.5641339088979,0.0,57.92770937444575,0.6230009878930273,866.1148442712367,s0910,96,0.18662381999999994,0.15242721399400655,0.034196606005993356,0.0014248585835830564,0.0462195999659187,18.32381633062348,0.034196606005993606
7.263994366392101,815.5758569308448,0.38629958859045305,0.34838833498014843,0.4414363962428185,-6.060868284868888,1.0,1.0181476611671143,85.60040130626969,88.18621736199806,88.18621736199806,1,5,80.0,0,0.0,0.14306851562594852,0.4078486681514186,0,0.031848982043912226,0.4583333333333333,807.5641339088979,0.0,55.862457467664974,0.7296494296923369,864.1562408062553,s0911,96,0.18662381999999994,0.15242721399400655,0.034196606005993356,0.0014248585835830564,0.0462195999659187,18.32381633062348,0.034196606005993606
7.22068606890119,811.3564186343799,0.3885154660033714,0.30125602719511746,0.4717439243755348,-5.282638258859319,1.0,1.0193436543566456,83.00968934931832,97.44219404222915,97.44219404222915,1,2,80.0,0,0.0,0.15740610669085475,0.39062650869986437,2,0.02654205470481199,0.5,807.5641339088979,0.0,52.12807984169246,0.8027711441233593,860.4949848947138,s0912,96,0.18662381999999994,0.15242721399400655,0.034196606005993356,0.0014248585835830564,0.0462195999659187,18.32381633062348,0.034196606005993606
7.229344998948518,813.3677482561833,0.3908590099930011,0.350158235409074,0.49445820931674606,-4.106407815631427,1.0,1.0187026911062649,80.4032798915646,92.48801274704664,92.48801274704664,1,2,80.0,0,0.0,0.15217557049370636,0.49467128584946624,1,0.03461505621332015,0.5625,807.5641339088979,0.0,67.31918593579483,0.7760954095179022,875.6594152542107,s0913,96,0.18662381999999994,0.15242721399400655,0.034196606005993356,0.0014248585835830564,0.0462195999659187,18.32381633062348,0.034196606005993606
7.242290416047723,812.8184668742379,0.37435496519796524,0.36869077647706017,0.448457082669692,-4.391008488564496,1.0,1.0181982996978693,79.23759132543397,90.82166494936887,90.82166494936887,0,4,80.0,0,0.0,0.15831002350320605,0.4600367224173152,1,0.03311953730643995,0.4895833333333333,807.5641339088979,0.0,62.383113608263066,0.8073811198663507,870.7546286370274,s0914,96,0.18662381999999994,0.15242721399400655,0.034196606005993356,0.0014248585835830564,0.0462195999659187,18.32381633062348,0.034196606005993606
7.183394220109571,807.9063712470652,0.40332933788396064,0.4073243964114424,0.4814143991590213,-4.948296502916787,1.0,1.017775624213595,85.52700610918589,90.06628533972933,90.06628533972933,2,5,80.0,0,0.0,0.23534786957119744,0.3617201827400044,2,0.029044182956895814,0.5416666666666666,807.5641339088979,0.0,48.80296730356464,1.2002741348131072,857.5673753472756,s0915,96,0.18662381999999994,0.15242721399400655,0.034196606005993356,0.0014248585835830564,0.0462195999659187,18.32381633062348,0.034196606005993606
7.152136462482047,802.491119040583,0.37329792601154493,0.4197339143390272,0.43518955506546475,-4.4235658003371015,1.0,1.017238961348154,77.23103357734196,82.43908378438167,82.43908378438167,0,4,80.0,0,0.0,0.1831816808883527,0.35171051967389577,2,0.02880852225011554,0.5208333333333334,807.5641339088979,0.0,48.783395386168756,0.9342265725305988,857.2817558675973,s0916,96,0.18662381999999994,0.15242721399400655,0.034196606005993356,0.0014248585835830564,0.0462195999659187,18.32381633062348,0.034196606005993606
7.082768496495314,796.3233797782627,0.3816480560852651,0.4545460075485246,0.49790215889958883,-5.162057912203697,1.0,1.0186784885732634,90.12703056626087,93.77255955905628,93.77255955905628,1,2,80.0,0,0.0,0.1920515330942625,0.4665640352152215,1,0.03557529631703751,0.5729166666666666,807.5641339088979,0.0,62.55550812069281,0.9794628187807387,871.0991048483714,s0917,96,0.18662381999999994,0.15242721399400655,0.034196606005993356,0.0014248585835830564,0.0462195999659187,18.32381633062348,0.034196606005993606
7.099649800039948,798.2147492296031,0.37103795802563744,0.4461645967981859,0.4820341246663736,-4.640692622434595,1.0,1.0171068818155418,83.83696914250447,84.03918843156701,84.03918843156701,2,2,80.0,0,0.0,0.18829853082780731,0.44060065876515975,1,0.03393105812717412,0.5625,807.5641339088979,0.0,60.37595788298675,0.9603225072218176,868.9004142991065,s0918,96,0.18662381999999994,0.15242721399400655,0.034196606005993356,0.0014248585835830564,0.0462195999659187,18.32381633062348,0.034196606005993606
7.141826442214067,803.4235793170778,0.398351266878065,0.42400902541621854,0.5677950505499069,-4.776075673553984,1.0,1.0179140324297324,82.69960332121796,87.69499656898427,87.69499656898427,1,6,80.0,0,0.0,0.21716499552694854,0.44926046073792486,5,0.03869634562458859,0.5520833333333334,807.5641339088979,0.0,62.12103810759351,1.1075414771874375,870.7927134936789,s0919,96,0.18662381999999994,0.15242721399400655,0.034196606005993356,0.0014248585835830564,0.0462195999659187,18.32381633062348,0.034196606005993606
7.204425847285578,809.9827777461651,0.41119999663328316,0.34694089588034427,0.5583734133263815,-5.249765287849265,1.0,1.018240179530761,86.19256240006025,89.98486400045466,89.98486400045466,4,7,80.0,0,0.0,0.21560776552054428,0.4370943442822155,4,0.03376485411404182,0.5,807.5641339088979,0.0,59.38820603941569,1.099599604154776,868.0519395524684,s0920,96,0.18662381999999994,0.15242721399400655,0.034196606005993356,0.0014248585835830564,0.0462195999659187,18.32381633062348,0.034196606005993606
7.188398362604822,806.9612625970303,0.41174387116390365,0.33719802135847293,0.475501049983526,-4.926304431439758,1.0,1.0178518072891827,83.69698094105361,90.67358480397074,90.67358480397074,5,1,80.0,0,0.0,0.13974097812708813,0.40804487065404427,1,0.03097443934526582,0.5208333333333334,807.5641339088979,0.0,54.63065743250976,0.7126789884481494,862.9074703298559,s0921,96,0.18662381999999994,0.15242721399400655,0.034196606005993356,0.0014248585835830564,0.0462195999659187,18.32381633062348,0.034196606005993606
7.150806552174663,803.7657992711352,0.3878696666995717,0.328046846081644,0.47890514261797823,-4.349562192451256,1.0,1.020562194603884,86.16660063273847,102.82035990286657,102.82035990286657,2,4,80.0,0,0.0,0.18034546997429218,0.38171560131455495,1,0.0280054121005331,0.4895833333333333,807.5641339088979,0.0,52.02529268165996,0.9197618968688899,860.5091884874267,s0922,96,0.18662381999999994,0.15242721399400655,0.034196606005993356,0.0014248585835830564,0.0462195999659187,18.32381633062348,0.034196606005993606
7.098864012619088,799.8683103086519,0.39071789304176696,0.37012590996344424,0.5042241032361827,-4.947831205345788,1.0,1.0173238557510866,85.1021915835404,83.5972635783735,83.5972635783735,3,1,80.0,0,0.0,0.1669695772994149,0.4325721061852862,1,0.029864125958084194,0.53125,807.5641339088979,0.0,57.093231166030364,0.8515448442270163,865.5089099191553,s0923,96,0.18662381999999994,0.15242721399400655,0.034196606005993356,0.0014248585835830564,0.0462195999659187,18.32381633062348,0.034196606005993606
7.115784570958208,801.8535731125684,0.3910542478611977,0.37209865567701833,0.5017478786214848,-4.9325005663392005,1.0,1.0179608020024478,82.99172270118409,91.15791716976686,91.15791716976686,2,3,80.0,0,0.0,0.15808486312642306,0.5022470138289467,2,0.03436855746266793,0.5520833333333334,807.5641339088979,0.0,68.3096107002191,0.8062328019447573,876.6799774110617,s0924,96,0.18662381999999994,0.15242721399400655,0.034196606005993356,0.0014248585835830564,0.0462195999659187,18.32381633062348,0.034196606005993606
7.170671099244255,806.1401039783402,0.371037954228199,0.36406426217471344,0.41866763159957,-5.734017962427994,1.0,1.0178166768218753,87.51335842226138,89.58410221443313,89.58410221443313,2,6,80.0,0,0.0,0.14475759153987278,0.42935679548651495,0,0.03188032646978493,0.5520833333333334,807.5641339088979,0.0,58.218555200161575,0.7382637168533512,866.5209528259128,s0925,96,0.18662381999999994,0.15242721399400655,0.034196606005993356,0.0014248585835830564,0.0462195999659187,18.32381633062348,0.034196606005993606
7.209235253434246,809.8250468063104,0.40534422973675993,0.3888833609453894,0.5048400062683568,-0.9952294830834267,1.0,1.01646616538815,95.2194229899922,82.13257056084942,82.13257056084942,1,1,80.0,0,0.0,0.17634563462156533,0.42573357645690657,4,0.03369294397212312,0.5104166666666666,807.5641339088979,0.0,58.546339438729376,0.8993627365699831,867.0098360841972,s0926,96,0.18662381999999994,0.15242721399400655,0.034196606005993356,0.0014248585835830564,0.0462195999659187,18.32381633062348,0.034196606005993606
7.13848376670818,802.1871636535985,0.3842172433843083,0.37303390017186966,0.43274357912093997,-5.938908963861436,1.0,1.0216406160758782,87.2821652645475,107.74704419116159,107.74704419116159,2,4,80.0,0,0.0,0.17560561045181303,0.36106141727616137,2,0.02709388913288575,0.5416666666666666,807.5641339088979,0.0,49.61103019817897,0.8955886133042467,858.070752720381,s0927,96,0.18662381999999994,0.15242721399400655,0.034196606005993356,0.0014248585835830564,0.0462195999659187,18.32381633062348,0.034196606005993606
7.120459855995975,801.2150185706548,0.40416459216507455,0.3951291282949728,0.43062062781708466,-5.150651049564202,1.0,1.0179584639633352,85.12862484733729,91.81875171114034,91.81875171114034,1,3,80.0,0,0.0,0.15594218553036368,0.3601810533811402,2,0.027855866942509976,0.5833333333333334,807.5641339088979,0.0,48.80679891492384,0.7953051462048544,857.1662379700267,s0928,96,0.18662381999999994,0.15242721399400655,0.034196606005993356,0.0014248585835830564,0.0462195999659187,18.32381633062348,0.034196606005993606
7.162643147529595,806.1374248734132,0.3991836728589217,0.3325169825661354,0.4787474142761223,-5.595684123403434,1.0,1.0199252207877147,80.90159966046805,98.96287460781598,98.96287460781598,1,4,80.0,0,0.0,0.17773150988680014,0.41417523882831164,3,0.030546141052148604,0.5208333333333334,807.5641339088979,0.0,56.51115206013745,0.9064307004226805,864.981716669458,s0929,96,0.18662381999999994,0.15242721399400655,0.034196606005993356,0.0014248585835830564,0.0462195999659187,18.32381633062348,0.034196606005993606
7.108797698395889,799.1223935464724,0.37103795377929316,0.3951461306077364,0.4635717376418249,-4.521551277098656,1.0,1.018981318781282,86.72863645079998,96.37001245875926,96.37001245875926,1,4,80.0,0,0.0,0.20507585546324364,0.3672293605552142,3,0.03210875135455249,0.5520833333333334,807.5641339088979,0.0,50.9635038960295,1.0458868628625428,859.5735246677899,s0930,96,0.18662381999999994,0.15242721399400655,0.034196606005993356,0.0014248585835830564,0.0462195999659187,18.32381633062348,0.034196606005993606
7.2324543609931276,811.8399527953645,0.38292461148133394,0.377693211232034,0.45096286641851646,-4.699999781087089,1.0,1.0175306224278202,77.5729238834461,86.68062142484095,86.68062142484095,0,4,80.0,0,0.0,0.1680634987247944,0.364998842327625,2,0.02712754488125702,0.4270833333333333,807.5641339088979,0.0,50.204535244557,0.8571238434964512,858.6257929969513,s0931,96,0.18662381999999994,0.15242721399400655,0.034196606005993356,0.0014248585835830564,0.0462195999659187,18.32381633062348,0.034196606005993606
7.216105676260242,808.5499628655473,0.3791381279729809,0.402548841292657,0.48540000752817447,-4.825048423989159,1.0,1.017470309332362,78.79059076379617,87.03265355349085,87.03265355349085,0,8,80.0,0,0.0,0.18040871707410586,0.394111804552045,2,0.03068745565510117,0.46875,807.5641339088979,0.0,54.30040354969091,0.9200844570779396,862.7846219156668,s0932,96,0.18662381999999994,0.15242721399400655,0.034196606005993356,0.0014248585835830564,0.0462195999659187,18.32381633062348,0.034196606005993606
7.267961068567893,815.2110298259504,0.4038419880126127,0.38377735765985577,0.5221940357786006,-2.9915486973107517,1.0,1.0173607479444555,80.18649750305174,87.63850848557816,87.63850848557816,1,3,80.0,0,0.0,0.17062372928845934,0.4716418545299744,2,0.032497622811998805,0.4583333333333333,807.5641339088979,0.0,64.32015080764495,0.8701810193711425,872.754465735914,s0933,96,0.18662381999999994,0.15242721399400655,0.034196606005993356,0.0014248585835830564,0.0462195999659187,18.32381633062348,0.034196606005993606
7.233467238815557,812.2451217762737,0.394083315219205,0.36875378429409034,0.4837835136005421,-3.8529155904896815,1.0,1.019260162734548,83.37713905598785,96.36607407017539,96.36607407017539,1,4,80.0,0,0.0,0.1908369174160838,0.42695334738975976,3,0.033415185530373336,0.4270833333333333,807.5641339088979,0.0,58.776588472150685,0.9732682788220268,867.3139906598707,s0934,96,0.18662381999999994,0.15242721399400655,0.034196606005993356,0.0014248585835830564,0.0462195999659187,18.32381633062348,0.034196606005993606
7.205369074674386,807.4830778634488,0.3861327658364638,0.4317255918455586,0.6287291928278939,-4.879965914635588,1.0,1.019210013498874,86.06105273437107,96.56703669852466,96.56703669852466,4,10,80.0,0,0.0,0.23601969742047066,0.511541796592003,6,0.03725881948261552,0.4583333333333333,807.5641339088979,0.0,70.01971579603536,1.2037004568444005,878.7875501617777,s0935,96,0.18662381999999994,0.15242721399400655,0.034196606005993356,0.0014248585835830564,0.0462195999659187,18.32381633062348,0.034196606005993606
7.1073027458653595,800.5190414407091,0.3927263543421366,0.44424918219426573,0.4822385901323491,-4.159328857389935,1.0,1.0179560608511893,95.93466761447617,89.85847608142114,89.85847608142114,2,6,80.0,0,0.0,0.1762607269096259,0.38827670070949494,2,0.03169667902562912,0.4583333333333333,807.5641339088979,0.0,52.59615913086732,0.8989297072390923,861.0592227470044,s0936,96,0.18662381999999994,0.15242721399400655,0.034196606005993356,0.0014248585835830564,0.0462195999659187,18.32381633062348,0.034196606005993606
7.233651877209185,812.0378824222623,0.40316898026505177,0.3617863130506853,0.46403461423359305,-4.333420803944212,1.0,1.0168181083510246,79.08985136462691,83.2084692036752,83.2084692036752,0,2,80.0,0,0.0,0.18115655055856963,0.3762011398613794,0,0.027243865988812985,0.4895833333333333,807.5641339088979,0.0,51.46339961418521,0.9238984078487051,859.9514319309318,s0937,96,0.18662381999999994,0.15242721399400655,0.034196606005993356,0.0014248585835830564,0.0462195999659187,18.32381633062348,0.034196606005993606
7.121130478008429,800.3718060686617,0.3824876313748125,0.3933640205275487,0.4738308234914711,-5.523046540584203,1.0,1.0193758694387531,86.60321481949977,96.03032449191656,96.03032449191656,3,9,80.0,0,0.0,0.169055889080447,0.43406981254369903,3,0.03205189408824921,0.5416666666666666,807.5641339088979,0.0,59.791857435035496,0.8621850343102793,868.2181763782437,s0938,96,0.18662381999999994,0.15242721399400655,0.034196606005993356,0.0014248585835830564,0.0462195999659187,18.32381633062348,0.034196606005993606
7.125087784734744,800.7292179541905,0.40001772317073697,0.3854794742929952,0.4753442083753203,-5.091012847764386,1.0,1.0184287354671735,80.09401389157652,89.47838851276502,89.47838851276502,1,4,80.0,0,0.0,0.18494609255918765,0.35636963252692655,1,0.02550476762894721,0.5208333333333334,807.5641339088979,0.0,47.66239299360563,0.9432250720518571,856.1697519745554,s0939,96,0.18662381999999994,0.15242721399400655,0.034196606005993356,0.0014248585835830564,0.0462195999659187,18.32381633062348,0.034196606005993606
7.115628352829791,799.6949972327131,0.38621312469221347,0.3837854281903592,0.5225628922805376,-4.882737954477949,1.0,1.017213138683123,79.68038872880129,86.2181755014635,86.2181755014635,0,5,80.0,0,0.0,0.1667852868980325,0.4649774762805505,0,0.03156425301875224,0.5104166666666666,807.5641339088979,0.0,62.36748129962192,0.850604963179966,870.7822201716998,s0940,96,0.18662381999999994,0.15242721399400655,0.034196606005993356,0.0014248585835830564,0.0462195999659187,18.32381633062348,0.034196606005993606
7.158579329474572,806.0569008501825,0.3903313036956994,0.3250675745407013,0.4680803110354815,-4.685204717980837,1.0,1.018360695072098,83.4775819600117,90.11663198804283,90.11663198804283,3,6,80.0,0,0.0,0.17671686203557616,0.4133090901779351,0,0.028264116640939706,0.5208333333333334,807.5641339088979,0.0,55.40195859890178,0.9012559963814389,863.8673485041811,s0941,96,0.18662381999999994,0.15242721399400655,0.034196606005993356,0.0014248585835830564,0.0462195999659187,18.32381633062348,0.034196606005993606
7.250859462438745,814.0036431176283,0.41708165761208105,0.4246419346637915,0.4164121945843378,-5.1499643004072,1.0,1.0171397113021434,81.35003485777436,81.97307859458168,81.97307859458168,1,1,80.0,0,0.0,0.14946511936225526,0.3395799397056112,2,0.02512017367153861,0.3541666666666667,807.5641339088979,0.0,47.09572580946294,0.7622721087475022,855.4221318271084,s0942,96,0.18662381999999994,0.15242721399400655,0.034196606005993356,0.0014248585835830564,0.0462195999659187,18.32381633062348,0.034196606005993606
7.261872713175682,815.8001611745266,0.398127126760138,0.30438779023729456,0.4597655538849861,-4.273896925897101,1.0,1.0190818536797437,83.46048787791193,94.35001043116739,94.35001043116739,3,3,80.0,0,0.0,0.14609815015301955,0.391490822120106,1,0.027034890018731033,0.3645833333333333,807.5641339088979,0.0,53.04697868064231,0.7451005657803996,861.3562131553206,s0943,96,0.18662381999999994,0.15242721399400655,0.034196606005993356,0.0014248585835830564,0.0462195999659187,18.32381633062348,0.034196606005993606
7.039354266652529,791.1023733616349,0.3937310438001021,0.5063220508454818,0.47904140150937646,-6.148476001515746,1.0,1.0186167513341013,96.19930948979409,91.18414020629245,91.18414020629245,3,6,80.0,0,0.0,0.14897636214363835,0.4762246445436064,1,0.03731098608434433,0.4895833333333333,807.5641339088979,0.0,65.85346023434464,0.7597794469325557,874.1773735901752,s0944,96,0.18662381999999994,0.15242721399400655,0.034196606005993356,0.0014248585835830564,0.0462195999659187,18.32381633062348,0.034196606005993606
7.223466488315504,811.1758236966665,0.41579027229136534,0.3338771290119113,0.4554372165731373,-3.968260322980265,1.0,1.0173545616421305,76.81809406603064,83.36039121811424,83.36039121811424,0,2,80.0,0,0.0,0.1540301927897649,0.38104111786522,1,0.027180934112812433,0.5208333333333334,807.5641339088979,0.0,52.066857474029156,0.7855539832278009,860.4165453661549,s0945,96,0.18662381999999994,0.15242721399400655,0.034196606005993356,0.0014248585835830564,0.0462195999659187,18.32381633062348,0.034196606005993606
7.148278800990468,802.6325969714798,0.3750362383520864,0.38758920281755876,0.4290634808760908,-6.353106884880698,1.0,1.0183366528094855,79.77636501963859,90.21626993759108,90.21626993759108,0,4,80.0,0,0.0,0.1589397954103691,0.35686909709784354,1,0.02982571831495984,0.5208333333333334,807.5641339088979,0.0,48.90385169432292,0.8105929565928818,857.2785785598138,s0946,96,0.18662381999999994,0.15242721399400655,0.034196606005993356,0.0014248585835830564,0.0462195999659187,18.32381633062348,0.034196606005993606
7.24342321429526,813.4953156887302,0.40001459585152643,0.3819710057436606,0.43067553931883595,-5.874422702655558,1.0,1.0182429035862008,86.10734402069984,89.50385885290642,89.50385885290642,1,5,80.0,0,0.0,0.15581324284583706,0.4402668064073694,0,0.03400237254255098,0.4270833333333333,807.5641339088979,0.0,60.83321830576103,0.7946475385137687,869.1919997531728,s0947,96,0.18662381999999994,0.15242721399400655,0.034196606005993356,0.0014248585835830564,0.0462195999659187,18.32381633062348,0.034196606005993606
7.159256832036265,804.0886710250696,0.39884931125217965,0.35452577640995386,0.4840109339823051,-5.8386623726536415,1.0,1.0184300775555573,87.78562004719784,94.15645920019922,94.15645920019922,2,2,80.0,0,0.0,0.14832057112756528,0.3720083285843325,1,0.025426280623663044,0.5520833333333334,807.5641339088979,0.0,49.33001625097676,0.7564349127505832,857.6505850726253,s0948,96,0.18662381999999994,0.15242721399400655,0.034196606005993356,0.0014248585835830564,0.0462195999659187,18.32381633062348,0.034196606005993606
7.1550236646307095,804.6507290940162,0.39572488568002,0.32499277947555505,0.4221973607949372,-4.62952990978141,1.0,1.017636213596971,81.60990829151581,87.08614770648325,87.08614770648325,1,4,80.0,0,0.0,0.12340126260603142,0.3621152080883437,0,0.025271835014444053,0.53125,807.5641339088979,0.0,48.99293283428186,0.6293464392907601,857.1864131824706,s0949,96,0.18662381999999994,0.15242721399400655,0.034196606005993356,0.0014248585835830564,0.0462195999659187,18.32381633062348,0.034196606005993606
7.26552950381884,815.5006580762849,0.39414978807092305,0.3418128340011271,0.4946426095841669,-4.552691502160439,1.0,1.017600488816231,78.80120469305469,85.87295568697365,85.87295568697365,0,3,80.0,0,0.0,0.16758453293939493,0.4189604274904608,3,0.029507917368693282,0.5,807.5641339088979,0.0,56.67975381410838,0.8546811179909138,865.0985688409972,s0950,96,0.18662381999999994,0.15242721399400655,0.034196606005993356,0.0014248585835830564,0.0462195999659187,18.32381633062348,0.034196606005993606
7.263309181931989,816.6074938458644,0.3980846003474764,0.3239151167559473,0.452948861902558,-4.689193125164842,1.0,1.0176145834411585,79.99446217439404,85.50756083873453,85.50756083873453,0,2,80.0,0,0.0,0.18727911374748035,0.3539232326074193,0,0.02686965554075744,0.5104166666666666,807.5641339088979,0.0,48.82734376254972,0.9551234801121496,857.3466011515599,s0951,96,0.18662381999999994,0.15242721399400655,0.034196606005993356,0.0014248585835830564,0.0462195999659187,18.32381633062348,0.034196606005993606
7.195925076540048,808.703213002653,0.4112149173160551,0.3607751540400828,0.5247285463531812,-5.1020694137501374,1.0,1.0179609311808002,90.93510638422948,87.57167182169943,87.57167182169943,2,6,80.0,0,0.0,0.1768876692411222,0.4145216643548796,1,0.030993847974782694,0.4583333333333333,807.5641339088979,0.0,56.0183712406399,0.9021271131297232,864.4846322626676,s0952,96,0.18662381999999994,0.15242721399400655,0.034196606005993356,0.0014248585835830564,0.0462195999659187,18.32381633062348,0.034196606005993606
7.2541225233649484,815.3704731673438,0.4129099779446126,0.40372669460672195,0.5451519308757582,-4.57471460676517,1.0,1.0191423399924058,87.03725764756834,94.12137252768474,94.12137252768474,2,6,80.0,0,0.0,0.1673164573901774,0.4724856402266087,1,0.035002116148523436,0.46875,807.5641339088979,0.0,65.04842804254237,0.8533139326899042,873.4658758841302,s0953,96,0.18662381999999994,0.15242721399400655,0.034196606005993356,0.0014248585835830564,0.0462195999659187,18.32381633062348,0.034196606005993606
7.174226895360865,806.4385026771325,0.43503044951116326,0.37830173700677633,0.46252553441947686,-5.353342686669517,1.0,1.017920010177277,85.80731179889523,90.70279427824886,90.70279427824886,1,4,80.0,0,0.0,0.17003033511671878,0.40730905231119763,1,0.029755351911576175,0.5,807.5641339088979,0.0,55.701719386117055,0.867154709095266,864.1330080041103,s0954,96,0.18662381999999994,0.15242721399400655,0.034196606005993356,0.0014248585835830564,0.0462195999659187,18.32381633062348,0.034196606005993606
7.079497541720328,795.3782611916306,0.3811195685484823,0.44340310195120775,0.5125182403209975,-5.303884419848129,1.0,1.020843712716405,107.17623223456482,101.86172724992969,101.86172724992969,2,8,80.0,0,0.0,0.18726680782882255,0.4150829285489579,3,0.03462903864985261,0.5520833333333334,807.5641339088979,0.0,57.07074624251197,0.9550607199269946,865.5899408713369,s0955,96,0.18662381999999994,0.15242721399400655,0.034196606005993356,0.0014248585835830564,0.0462195999659187,18.32381633062348,0.034196606005993606
7.151786798177896,804.3769813250594,0.3994823972900266,0.3924022448060808,0.4490276434948494,-5.189492952949505,1.0,1.0169362297574294,81.12489944395074,83.24888038808974,83.24888038808974,1,4,80.0,0,0.0,0.17663401649285146,0.32865070382256967,3,0.026413007882162505,0.4895833333333333,807.5641339088979,0.0,44.181164751770424,0.9008334841135421,852.6461321447819,s0956,96,0.18662381999999994,0.15242721399400655,0.034196606005993356,0.0014248585835830564,0.0462195999659187,18.32381633062348,0.034196606005993606
7.228096350965527,810.8484780308576,0.39305242480112357,0.3461856101705051,0.479086592774965,-5.372368574902485,1.0,1.0181096642275995,84.38919050359908,92.21064385759485,92.21064385759485,3,3,80.0,0,0.0,0.16069805300244347,0.4076804773863125,1,0.029317093329032137,0.46875,807.5641339088979,0.0,55.93230748541774,0.819560070312462,864.3160014646281,s0957,96,0.18662381999999994,0.15242721399400655,0.034196606005993356,0.0014248585835830564,0.0462195999659187,18.32381633062348,0.034196606005993606
7.108821511117186,798.739878945214,0.39811463662313323,0.43300956245660993,0.5385623701013014,-5.063736962237443,1.0,1.0199759156290409,88.38723739740803,98.78197455215604,98.78197455215604,2,6,80.0,0,0.0,0.18601811915861324,0.505857112515571,3,0.03952662701043938,0.4895833333333333,807.5641339088979,0.0,69.00081396199235,0.9486924077089274,877.5136402785992,s0958,96,0.18662381999999994,0.15242721399400655,0.034196606005993356,0.0014248585835830564,0.0462195999659187,18.32381633062348,0.034196606005993606
7.207931989798854,810.1265805073924,0.3829412808937866,0.3867419151211956,0.4921878527702136,-4.807398118636781,1.0,1.0178593707162187,77.08601757477722,89.66714497589531,89.66714497589531,0,5,80.0,0,0.0,0.17729941757671996,0.3366325784645804,2,0.025177615405281847,0.5,807.5641339088979,0.0,46.17546684058073,0.9042270296412718,854.6438277791199,s0959,96,0.18662381999999994,0.15242721399400655,0.034196606005993356,0.0014248585835830564,0.0462195999659187,18.32381633062348,0.034196606005993606
7.090154984994633,798.2562707530237,0.4052273499196377,0.41870042179648026,0.4570099442276196,-4.97217273977894,1.0,1.0167345301498976,81.10339965164897,79.5672149635388,79.5672149635388,1,0,80.0,0,0.0,0.16704040590497443,0.4176464541304244,2,0.02746968296803116,0.5833333333333334,807.5641339088979,0.0,57.06863340961996,0.8519060701153697,865.4846733886332,s0960,96,0.18662381999999994,0.15242721399400655,0.034196606005993356,0.0014248585835830564,0.0462195999659187,18.32381633062348,0.034196606005993606
7.099873064939053,798.8337681793475,0.40740258843703014,0.40734988321334054,0.43992678138079977,-5.940389881228046,1.0,1.018774297340434,80.17635177654485,92.13000152515033,92.13000152515033,1,3,80.0,0,0.0,0.15134885303615264,0.38361646846149533,1,0.026631843468703138,0.53125,807.5641339088979,0.0,52.55540950251367,0.7718791504843778,860.8914225618959,s0961,96,0.18662381999999994,0.15242721399400655,0.034196606005993356,0.0014248585835830564,0.0462195999659187,18.32381633062348,0.034196606005993606
7.043073926562219,793.9487377201644,0.37280136370086003,0.4410771849759835,0.459418318483989,-4.363133487934203,1.0,1.0168320956129004,84.48613519600198,83.617395377067,83.617395377067,2,4,80.0,0,0.0,0.17779300854536897,0.4575351204952541,1,0.03290853800531565,0.6145833333333334,807.5641339088979,0.0,61.65759297958174,0.9067443435813818,870.1284712320611,s0962,96,0.18662381999999994,0.15242721399400655,0.034196606005993356,0.0014248585835830564,0.0462195999659187,18.32381633062348,0.034196606005993606
7.133050315214646,802.1938746217209,0.377685171749382,0.3544198875238289,0.46027477150762675,-4.05736182555616,1.0,1.019156695653383,84.17360750547812,96.09806964943085,96.09806964943085,1,3,80.0,0,0.0,0.20488288939139393,0.3807463840917875,3,0.029760808760705755,0.5625,807.5641339088979,0.0,51.49070759936828,1.0449027358961092,860.0997442441624,s0963,96,0.18662381999999994,0.15242721399400655,0.034196606005993356,0.0014248585835830564,0.0462195999659187,18.32381633062348,0.034196606005993606
7.193753513097377,807.8495574452771,0.38678960744896185,0.3953956373737324,0.452806387517382,-5.861885765335862,1.0,1.0186369203171455,85.54399830043441,93.01216022989504,93.01216022989504,1,4,80.0,0,0.0,0.17739614036089832,0.40249856686231233,3,0.029669031000108842,0.4375,807.5641339088979,0.0,55.669124704163046,0.9047203158405811,864.1379789289016,s0964,96,0.18662381999999994,0.15242721399400655,0.034196606005993356,0.0014248585835830564,0.0462195999659187,18.32381633062348,0.034196606005993606
7.1885298588762705,808.5999073964426,0.3916881264812779,0.35378494758706036,0.46593836103219843,-4.455905126823347,1.0,1.0189563536547095,75.8486147771912,93.02711511056452,93.02711511056452,0,4,80.0,0,0.0,0.17334286747700464,0.411230880190877,0,0.029994112058260334,0.5416666666666666,807.5641339088979,0.0,55.56501803001318,0.8840486241327239,864.0132005630438,s0965,96,0.18662381999999994,0.15242721399400655,0.034196606005993356,0.0014248585835830564,0.0462195999659187,18.32381633062348,0.034196606005993606
7.201813774855398,809.2282470232494,0.3926910198045481,0.3838851952870369,0.4370656496569644,-5.743570540299057,1.0,1.0183195675667998,77.042079981037,89.38944964079556,89.38944964079556,0,4,80.0,0,0.0,0.17627034509221268,0.38385672176037594,2,0.030699762518242264,0.4375,807.5641339088979,0.0,52.89442833947598,0.8989787599702839,861.3575410083442,s0966,96,0.18662381999999994,0.15242721399400655,0.034196606005993356,0.0014248585835830564,0.0462195999659187,18.32381633062348,0.034196606005993606
7.13328465527546,801.8799695256737,0.41221539948458735,0.3995833273021127,0.481343161983646,-4.513423219232016,1.0,1.0177690949320528,88.54509900346262,86.27272920378762,86.27272920378762,2,4,80.0,0,0.0,0.15087637989440572,0.4038981846583234,1,0.02666503421278895,0.5625,807.5641339088979,0.0,54.92827850034261,0.7694695374614693,863.2618819467019,s0967,96,0.18662381999999994,0.15242721399400655,0.034196606005993356,0.0014248585835830564,0.0462195999659187,18.32381633062348,0.034196606005993606
7.06389680927639,795.2922921218432,0.3856765436041284,0.416362856608668,0.46216920242817416,-5.084882677001906,1.0,1.0182821315836605,84.49124754647843,88.57606675557965,88.57606675557965,2,5,80.0,0,0.0,0.16308112899776564,0.37736600702402956,2,0.02645229982122891,0.5833333333333334,807.5641339088979,0.0,50.3948802158473,0.831713757888605,858.7907278826337,s0968,96,0.18662381999999994,0.15242721399400655,0.034196606005993356,0.0014248585835830564,0.0462195999659187,18.32381633062348,0.034196606005993606
7.2134088752819565,808.7053397968365,0.3897266027035996,0.40872470919637366,0.5295576718077958,-5.06640795802578,1.0,1.018255981383554,88.00589785188497,90.1939602905697,90.1939602905697,2,7,80.0,0,0.0,0.1866182887664573,0.4615088725213652,3,0.03545061983671794,0.4583333333333333,807.5641339088979,0.0,63.31567809507533,0.9517532727089326,871.8315652766822,s0969,96,0.18662381999999994,0.15242721399400655,0.034196606005993356,0.0014248585835830564,0.0462195999659187,18.32381633062348,0.034196606005993606
7.101734628312146,798.7235421200071,0.3894651679264118,0.3919223897282982,0.42835042403719875,-4.814302766888006,1.0,1.018850925509048,81.27213297124626,92.72923271355562,92.72923271355562,1,2,80.0,0,0.0,0.13430655781101533,0.4488311568170583,1,0.03200003664414782,0.6666666666666666,807.5641339088979,0.0,61.55275959451115,0.684963444836178,869.8018569482452,s0970,96,0.18662381999999994,0.15242721399400655,0.034196606005993356,0.0014248585835830564,0.0462195999659187,18.32381633062348,0.034196606005993606
7.2487017201169035,814.2312790715899,0.4158370100045531,0.3380214178530807,0.5099097961680439,-4.758402941572457,1.0,1.0182815188696595,94.00110479998945,89.97362848058464,89.97362848058464,1,5,80.0,0,0.0,0.16718632654862675,0.45000226071711336,1,0.032695734208550174,0.4375,807.5641339088979,0.0,59.84243202706445,0.8526502653979966,868.2592162013603,s0971,96,0.18662381999999994,0.15242721399400655,0.034196606005993356,0.0014248585835830564,0.0462195999659187,18.32381633062348,0.034196606005993606
7.1887564350188295,807.5990254068497,0.37635417503315527,0.3834470497560769,0.49034652510670895,-4.56502134492639,1.0,1.0197241330975084,80.17851392015754,97.74193212711629,97.74193212711629,1,3,80.0,0,0.0,0.21565960868845246,0.35411878425668164,1,0.02796045517899585,0.5208333333333334,807.5641339088979,0.0,47.1966457789547,1.099864004311106,855.8606436921638,s0972,96,0.18662381999999994,0.15242721399400655,0.034196606005993356,0.0014248585835830564,0.0462195999659187,18.32381633062348,0.034196606005993606
7.147948333058823,803.7779824084515,0.38952188706351143,0.3540223827580793,0.44462896489813486,-4.3248148622820075,1.0,1.0186382407570223,84.40365451180986,92.00388738656186,92.00388738656186,2,4,80.0,0,0.0,0.15403468514214455,0.3860087537311394,0,0.027344180207498816,0.5416666666666666,807.5641339088979,0.0,51.388756804057664,0.7855768942249374,859.7384676071806,s0973,96,0.18662381999999994,0.15242721399400655,0.034196606005993356,0.0014248585835830564,0.0462195999659187,18.32381633062348,0.034196606005993606
7.201568665444744,809.508715271515,0.39229661719209635,0.3897283024875609,0.5742742497679996,-7.007314211211696,1.0,1.0227882919184317,93.74798654951024,113.43619612617746,113.43619612617746,3,6,80.0,0,0.0,0.1815032984848717,0.5367087622603435,3,0.037858682305223976,0.4583333333333333,807.5641339088979,0.0,75.51977969268424,0.9256668222728459,884.009580423855,s0974,96,0.18662381999999994,0.15242721399400655,0.034196606005993356,0.0014248585835830564,0.0462195999659187,18.32381633062348,0.034196606005993606
7.102220224536106,798.8197690042582,0.3906321419760326,0.35595802925814524,0.4978101923920383,-4.769839810417031,1.0,1.0182787522226422,92.7606688316651,89.95068966504621,89.95068966504621,3,5,80.0,0,0.0,0.16513038781051456,0.44960617211744214,1,0.03189456305167866,0.5520833333333334,807.5641339088979,0.0,60.67483881656115,0.8421649778336238,869.0811377032927,s0975,96,0.18662381999999994,0.15242721399400655,0.034196606005993356,0.0014248585835830564,0.0462195999659187,18.32381633062348,0.034196606005993606
7.256216351278946,817.5913364612669,0.48602115521675154,0.3012207733477842,0.5275960491285606,-5.577313142827148,1.0,1.0184132486739017,81.17040376704647,90.04226390436575,90.04226390436575,3,5,80.0,0,0.0,0.16717317995714337,0.4439123782678406,2,0.036325585434364684,0.53125,807.5641339088979,0.0,62.133870110918046,0.8525832177814315,870.5505872375974,s0976,96,0.18662381999999994,0.15242721399400655,0.034196606005993356,0.0014248585835830564,0.0462195999659187,18.32381633062348,0.034196606005993606
7.162931410738925,802.6324538734225,0.40691039796390527,0.4275919773187741,0.5128708993855746,-5.252807758443054,1.0,1.0174521784123516,80.52110531087318,85.11640635157279,85.11640635157279,2,6,80.0,0,0.0,0.16369364428154645,0.4251333705285989,3,0.030804311481616647,0.5416666666666666,807.5641339088979,0.0,57.507748093510834,0.8348375858358865,865.9067195882446,s0977,96,0.18662381999999994,0.15242721399400655,0.034196606005993356,0.0014248585835830564,0.0462195999659187,18.32381633062348,0.034196606005993606
7.170479346692291,804.8587039402455,0.4207310027836925,0.38179342104212755,0.4400393066759866,-3.663553215026676,1.0,1.0186244254486407,83.42875680148356,93.21467040896148,93.21467040896148,2,3,80.0,0,0.0,0.15516627031375912,0.4336861300179433,2,0.032544691481682764,0.46875,807.5641339088979,0.0,59.45176524226869,0.7913479786001718,867.8072471297668,s0978,96,0.18662381999999994,0.15242721399400655,0.034196606005993356,0.0014248585835830564,0.0462195999659187,18.32381633062348,0.034196606005993606
7.212592729565326,810.0637507157958,0.37103795241439425,0.3491291830694796,0.3847062620764879,-4.843154043424229,1.0,1.0179142391489078,81.33698860464496,88.2188231203174,88.2188231203174,1,4,80.0,0,0.0,0.16697916571996707,0.2947556189954968,2,0.0243498426728548,0.53125,807.5641339088979,0.0,38.940249603383144,0.8515937451718317,847.3559772574529,s0979,96,0.18662381999999994,0.15242721399400655,0.034196606005993356,0.0014248585835830564,0.0462195999659187,18.32381633062348,0.034196606005993606
7.235763960665336,813.7039050873497,0.43031317009423753,0.34414377663019213,0.5144902284598445,-4.854737450142476,1.0,1.018205779774887,79.83195608293299,89.45416023769056,89.45416023769056,0,6,80.0,0,0.0,0.1747134887678235,0.4702851502921653,1,0.03319741868075446,0.4375,807.5641339088979,0.0,65.34234223519785,0.8910387927158998,873.7975149368117,s0980,96,0.18662381999999994,0.15242721399400655,0.034196606005993356,0.0014248585835830564,0.0462195999659187,18.32381633062348,0.034196606005993606
7.195936895500678,808.9608304030046,0.41232062928014873,0.3304084135803972,0.5101393458576878,-4.5507640547758825,1.0,1.0196031014621674,82.30523186033795,97.14196466985896,97.14196466985896,1,4,80.0,0,0.0,0.17339161294377137,0.4645524454606965,3,0.034043058636783995,0.5208333333333334,807.5641339088979,0.0,62.94560881249179,0.8842972260132341,871.3940399474029,s0981,96,0.18662381999999994,0.15242721399400655,0.034196606005993356,0.0014248585835830564,0.0462195999659187,18.32381633062348,0.034196606005993606
7.235470874510257,811.5923250796207,0.4044905138063919,0.343151179142978,0.5059371781528659,-5.028130779688859,1.0,1.0203567411245462,106.53843531038368,99.71391497975611,99.71391497975611,2,7,80.0,0,0.0,0.17814588239538126,0.4204506645737821,0,0.03308167394450655,0.4791666666666667,807.5641339088979,0.0,56.53602636571115,0.9085440002164443,865.0087042748255,s0982,96,0.18662381999999994,0.15242721399400655,0.034196606005993356,0.0014248585835830564,0.0462195999659187,18.32381633062348,0.034196606005993606
7.185721479839584,807.741570126414,0.38610805166046364,0.3736237876699682,0.4661090388821954,-4.500203150651795,1.0,1.0175543858981695,82.83491272115093,86.80327165044582,86.80327165044582,2,3,80.0,0,0.0,0.15816288910849183,0.36817987319793616,0,0.02753709930397865,0.5,807.5641339088979,0.0,49.906956282218516,0.8066307344533086,858.2777209255697,s0983,96,0.18662381999999994,0.15242721399400655,0.034196606005993356,0.0014248585835830564,0.0462195999659187,18.32381633062348,0.034196606005993606
7.169176846427149,806.3787664755647,0.40893344437410695,0.3718253697476627,0.5330495169126154,-4.078951777604374,1.0,1.0182557292833139,85.70795219134213,93.15641279233246,93.15641279233246,4,1,80.0,0,0.0,0.17017207672460405,0.42938915555529444,4,0.02899304618083367,0.5,807.5641339088979,0.0,57.438858517192635,0.8678775912954805,865.8708700173861,s0984,96,0.18662381999999994,0.15242721399400655,0.034196606005993356,0.0014248585835830564,0.0462195999659187,18.32381633062348,0.034196606005993606
7.220998097663794,809.6329180821617,0.40629571548396043,0.3990431798813873,0.4772280793712565,-4.755037391941836,1.0,1.0165725259966827,81.97133270989335,82.60568211813897,82.60568211813897,1,2,80.0,0,0.0,0.15603543066053513,0.452448932709706,0,0.032889473359189986,0.40625,807.5641339088979,0.0,60.65339776768072,0.795780696368729,869.0133123729474,s0985,96,0.18662381999999994,0.15242721399400655,0.034196606005993356,0.0014248585835830564,0.0462195999659187,18.32381633062348,0.034196606005993606
7.213773185629055,809.6729015421922,0.3870543806838801,0.4174036020454356,0.49161838674044855,-3.8589328889433037,1.0,1.0176497654570198,80.1385590217382,85.85604353355669,85.85604353355669,1,3,80.0,0,0.0,0.19060710090527044,0.3794343535472098,1,0.02993589380404781,0.5,807.5641339088979,0.0,51.7410092923722,0.972096214616879,860.2772394158869,s0986,96,0.18662381999999994,0.15242721399400655,0.034196606005993356,0.0014248585835830564,0.0462195999659187,18.32381633062348,0.034196606005993606
7.175222744144911,806.2045208013244,0.3969012851364534,0.41950309039661227,0.5455401273509581,-5.253336847055814,1.0,1.0178042652577135,81.60673633959892,86.4434016787164,86.4434016787164,2,2,80.0,0,0.0,0.1649782323478021,0.46420122903967953,1,0.03117690947875379,0.5208333333333334,807.5641339088979,0.0,63.33680548121682,0.8413889849737907,871.7423283750886,s0987,96,0.18662381999999994,0.15242721399400655,0.034196606005993356,0.0014248585835830564,0.0462195999659187,18.32381633062348,0.034196606005993606
7.165612458583171,804.7925528730204,0.4048508137576442,0.42671988903741265,0.458701399787126,-3.8651665416790357,1.0,1.017993200941235,84.73082723660403,89.30134726721306,89.30134726721306,2,2,80.0,0,0.0,0.15078353331378355,0.3807482533683656,2,0.02664217565604452,0.4895833333333333,807.5641339088979,0.0,51.8356694340842,0.7689960199002963,860.1687993628825,s0988,96,0.18662381999999994,0.15242721399400655,0.034196606005993356,0.0014248585835830564,0.0462195999659187,18.32381633062348,0.034196606005993606
7.1652731935358975,805.1809372430607,0.38040702066284643,0.3915706435365469,0.3607706642652879,-4.287085498379156,1.0,1.0185598564997975,79.34454825312089,93.11734989078083,93.11734989078083,0,2,80.0,0,0.0,0.13076697882206872,0.33160476760492696,2,0.025322740139464086,0.5625,807.5641339088979,0.0,44.71615967814383,0.6669115919925509,852.9472051790343,s0989,96,0.18662381999999994,0.15242721399400655,0.034196606005993356,0.0014248585835830564,0.0462195999659187,18.32381633062348,0.034196606005993606
7.217218675055658,811.6436968618867,0.4174871798498072,0.3220690103519343,0.44604465337819965,-5.852701664889047,1.0,1.018116219169425,89.06283812844181,88.10496275738696,88.10496275738696,1,7,80.0,0,0.0,0.1824609694298616,0.3478086955548481,2,0.027226668838300296,0.4166666666666667,807.5641339088979,0.0,47.974380829843874,0.9305509440922942,856.4690656828341,s0990,96,0.18662381999999994,0.15242721399400655,0.034196606005993356,0.0014248585835830564,0.0462195999659187,18.32381633062348,0.034196606005993606
7.142642173857234,804.0076635936086,0.41811146964387075,0.47054216650555547,0.5036858474444378,-5.580465903756519,1.0,1.0169652337351298,90.35104619874485,82.8111205908827,82.8111205908827,2,3,80.0,0,0.0,0.17678564835811597,0.39460624613341017,3,0.029661896432145486,0.5,807.5641339088979,0.0,53.211930005366874,0.9016068066263908,861.6776707208912,s0991,96,0.18662381999999994,0.15242721399400655,0.034196606005993356,0.0014248585835830564,0.0462195999659187,18.32381633062348,0.034196606005993606
7.205050172194099,808.791056270925,0.37275652963132333,0.3219449663054339,0.4354303960371138,-4.641579221553671,1.0,1.019077508717228,83.10172450580143,93.69033679455802,93.69033679455802,1,5,80.0,0,0.0,0.16161924281772405,0.4121934530145186,2,0.03064614501457091,0.46875,807.5641339088979,0.0,56.1281792897312,0.8242581383703926,864.5165713369995,s0992,96,0.18662381999999994,0.15242721399400655,0.034196606005993356,0.0014248585835830564,0.0462195999659187,18.32381633062348,0.034196606005993606
7.093943187796771,797.9153139083323,0.38438494822540753,0.4151076150169909,0.44199997617739983,-5.062463597838135,1.0,1.0179252404901165,86.27784044024698,87.27459652025574,87.27459652025574,1,3,80.0,0,0.0,0.1671461999102341,0.4178513380810227,2,0.03175831244360451,0.5416666666666666,807.5641339088979,0.0,57.10241594446413,0.8524456195421939,865.5189954729043,s0993,96,0.18662381999999994,0.15242721399400655,0.034196606005993356,0.0014248585835830564,0.0462195999659187,18.32381633062348,0.034196606005993606
7.116828706475501,800.2194299645853,0.3899274983955354,0.3828979641651675,0.44504866651480934,-5.286210254305391,1.0,1.0179123058209671,79.53061983157512,89.73315746518793,89.73315746518793,0,4,80.0,0,0.0,0.16345584693794027,0.44775032764672396,3,0.03364294118103491,0.6458333333333334,807.5641339088979,0.0,61.260940789580225,0.833624819383495,869.6586995178617,s0994,96,0.18662381999999994,0.15242721399400655,0.034196606005993356,0.0014248585835830564,0.0462195999659187,18.32381633062348,0.034196606005993606
7.339066480805116,822.5706496361664,0.5638894550222908,0.30662775264747116,0.5654159258588356,-4.7064239139438255,1.0,1.0183791566805986,79.10745281460368,91.89875307471324,91.89875307471324,0,6,80.0,0,0.0,0.20397323008255552,0.43909008221009804,4,0.03799686720536665,0.46875,807.5641339088979,0.0,58.36433151773081,1.040263473421033,866.9687289000498,s0995,96,0.18662381999999994,0.15242721399400655,0.034196606005993356,0.0014248585835830564,0.0462195999659187,18.32381633062348,0.034196606005993606
7.188747571513507,807.1270216035582,0.41119335354272796,0.3721971927228725,0.44044242219864616,-5.3107833648840055,1.0,1.0186160124083112,81.1858074710604,92.26934526917006,92.26934526917006,1,4,80.0,0,0.0,0.16553741880832182,0.37870183036148886,1,0.02672675644242412,0.5833333333333334,807.5641339088979,0.0,51.39020367174608,0.8442408359224411,859.7985784165664,s0996,96,0.18662381999999994,0.15242721399400655,0.034196606005993356,0.0014248585835830564,0.0462195999659187,18.32381633062348,0.034196606005993606
7.173464562627892,805.6959010573079,0.3986645892113217,0.41688427307617315,0.4576559931597422,-5.06345326828794,1.0,1.0170800331755645,82.91735441537313,85.31857151477782,85.31857151477782,2,2,80.0,0,0.0,0.17999765334030335,0.3879551502517454,2,0.028833088526873718,0.4583333333333333,807.5641339088979,0.0,53.05488123790204,0.917988032035547,861.5370031788354,s0997,96,0.18662381999999994,0.15242721399400655,0.034196606005993356,0.0014248585835830564,0.0462195999659187,18.32381633062348,0.034196606005993606
7.1927085846748975,806.9686730928514,0.4060511626708991,0.4224469510148118,0.45535580854575286,-5.263352300825429,1.0,1.0178625420080902,77.00507172578503,88.7310676007103,88.7310676007103,0,4,80.0,0,0.0,0.16806288861703722,0.4469849072941807,2,0.03479727317720759,0.4791666666666667,807.5641339088979,0.0,60.02600285816816,0.857120731946889,868.447257499013,s0998,96,0.18662381999999994,0.15242721399400655,0.034196606005993356,0.0014248585835830564,0.0462195999659187,18.32381633062348,0.034196606005993606
7.1361995930612725,804.0027548532075,0.3964069258799953,0.36541096922198857,0.4843801962096077,-4.151183477284085,1.0,1.0177645735021925,85.6186816026201,86.6848650622228,86.6848650622228,3,4,80.0,0,0.0,0.16101464474628485,0.38675085170194057,1,0.02762880997079555,0.5,807.5641339088979,0.0,52.05117970814149,0.8211746882060533,860.4364883052455,s0999,96,0.18662381999999994,0.15242721399400655,0.034196606005993356,0.0014248585835830564,0.0462195999659187,18.32381633062348,0.034196606005993606
7.100784898272882,799.5006647254868,0.3897074885104233,0.45817036619149465,0.4705000027173296,-4.316686823921475,1.0,1.0177387069422918,87.13180466289849,86.44827950880641,86.44827950880641,2,5,80.0,0,0.0,0.1414981394709451,0.3984914543149599,0,0.02869905086970038,0.46875,807.5641339088979,0.0,52.65885124589165,0.7216405113018203,860.9446256660915,s1000,96,0.18662381999999994,0.15242721399400655,0.034196606005993356,0.0014248585835830564,0.0462195999659187,18.32381633062348,0.034196606005993606
